lon,lat,distance_km,elevation_m
85.5122222222223,28.293055555555608,0.0,3737.0
85.5122222222264,28.293506822225744,0.050004399355607465,3735.5
85.5119624035129,28.293870929883536,0.10000879871121493,3734.0
85.51183249406813,28.29427861729346,0.15001319806682242,3730.0
85.51166666666914,28.29467425572764,0.20001759742242986,3722.0
85.51138888889076,28.295032340371566,0.2500219967780373,3706.0
85.51123476313762,28.295431905518708,0.30002639613364485,3689.0
85.51089685111562,28.29576981965989,0.3500307954892523,3689.0
85.51055893694672,28.296107732867565,0.4000351948448597,3689.0
85.51019214367255,28.29638888894916,0.4500395942004672,3692.0
85.50978943499814,28.296599454081747,0.5000439935560747,3692.0
85.5097222222381,28.297028173913777,0.5500483929116822,3692.0
85.50952961391975,28.29741483146778,0.6000527922672897,3692.0
85.50919169778531,28.29775274683829,0.6500571916228971,3690.0
85.50876011013136,28.297906559689675,0.7000615909785046,3686.0
85.50842219729614,28.298244478674555,0.750065990334112,3674.0
85.5080842823137,28.298582396725752,0.8000703896897194,3673.0
85.50774636518405,28.29892031384323,0.850074789045327,3671.0
85.50740844590712,28.299258230026943,0.9000791884009344,3668.0
85.50707052448287,28.299596145276876,0.9500835877565419,3656.0
85.50694444446198,28.30000511916395,1.0000879871121493,3648.0
85.50681070063351,28.30041152435507,1.0500923864677567,3642.0
85.50647278388587,28.300749445941307,1.1000967858233643,3642.0
85.50613486499078,28.301087366593684,1.1501011851789718,3633.0
85.50579694394817,28.301425286312163,1.2001055845345794,3631.0
85.50545902075798,28.301763205096726,1.2501099838901866,3628.0
85.50527777778103,28.302153677478405,1.3001143832457942,3617.0
85.5049866988972,28.30250000001301,1.3501187826014016,3611.0
85.50455958584095,28.30266263846296,1.4001231819570092,3595.0
85.50422166472997,28.303000561616383,1.4501275813126164,3577.0
85.50388374147126,28.30333848383577,1.500131980668224,3573.0
85.5036111111205,28.303698305707755,1.5501363800238315,3567.0
85.50361111111333,28.304149570321623,1.6001407793794389,3552.0
85.50326189789688,28.30444444449848,1.6501451787350465,3539.0
85.50285438770932,28.30464561702345,1.700149578090654,3534.0
85.50251646603684,28.304983544187596,1.7501539774462616,3512.0
85.5021785422164,28.305321470417557,1.8001583768018687,3499.0
85.50184061624795,28.305659395713317,1.8501627761574764,3499.0
85.50150268813145,28.30599732007482,1.9001671755130838,3488.0
85.50116475786687,28.306335243502055,1.9501715748686914,3484.0
85.5010348428453,28.30674293513997,2.0001759742242986,3484.0
85.50062749510245,28.30694444449884,2.0501803735799062,3481.0
85.50027777777879,28.307238877559975,2.1001847729355134,3480.0
85.50013539232772,28.30764238837963,2.150189172291121,3480.0
85.49979746649151,28.307980318977616,2.2001935716467287,3480.0
85.499459538507,28.30831824864121,2.250197971002336,3474.0
85.49912160837415,28.30865617737037,2.3002023703579435,3472.0
85.49878367609293,28.308994105165063,2.3502067697135507,3472.0
85.49861111112806,28.309387493735752,2.4002111690691588,3463.0
85.49852384341796,28.309809490139966,2.450215568424766,3459.0
85.49833333333702,28.310196861963423,2.500219967780373,3457.0
85.49805599588703,28.310555115225643,2.550224367135981,3453.0
85.49762438068304,28.310708957509835,2.6002287664915884,3452.0
85.49728645304853,28.311046893608264,2.6502331658471956,3450.0
85.49694852326537,28.3113848287721,2.7002375652028032,3450.0
85.49661059133352,28.3117227630013,2.750241964558411,3448.0
85.49627265725296,28.312060696295827,2.8002463639140185,3448.0
85.4959347210236,28.312398628655647,2.8502507632696257,3436.0
85.49559678264544,28.312736560080733,2.900255162625233,3433.0
85.49524920576884,28.313055555639863,2.950259561980841,3427.0
85.49473928595982,28.313055556137453,3.000263961336448,3426.0
85.49422936624372,28.313055555605022,3.0502683606920553,3423.0
85.49371944662053,28.313055555622867,3.100272760047663,3421.0
85.4933449735593,28.31332169514568,3.1502771594032706,3420.0
85.4930070380413,28.313659630495422,3.2002815587588778,3415.0
85.49261379183186,28.313888889124257,3.2502859581144854,3398.0
85.49214378708372,28.31396732423872,3.300290357470093,3393.0
85.49194444444845,28.314351737213837,3.3502947568257007,3386.0
85.49167593397503,28.31471295595461,3.400299156181308,3382.0
85.49131209478776,28.315000000056557,3.450303555536915,3345.0
85.49090636925746,28.315204742823607,3.500307954892523,3324.0
85.49056843107242,28.315542680133074,3.5503123542481303,3305.0
85.49013680273019,28.315696531392376,3.6003167536037375,3301.0
85.48979886429476,28.316034469534326,3.650321152959345,3290.0
85.48966894645508,28.31644216501745,3.7003255523149527,3272.0
85.48933100750938,28.316780104470155,3.75032995167056,3263.0
85.48890471242277,28.316944444726467,3.8003343510261676,3251.0
85.4884677439364,28.31708781241744,3.8503387503817748,3225.0
85.48812980379527,28.317425752242972,3.900343149737383,3219.0
85.48805555566159,28.31785211579555,3.95034754909299,3217.0
85.48805555571445,28.318303376999523,4.000351948448597,3199.0
85.48805555567398,28.318754638174685,4.050356347804205,3183.0
85.48808493623817,28.31919604744198,4.1003607471598125,3175.0
85.48833333333774,28.31956401648507,4.15036514651542,3169.0
85.4885527985541,28.319941687605272,4.200369545871027,3161.0
85.48853950410883,28.320349384979608,4.2503739452266345,3158.0
85.4883333333599,28.32073151450454,4.300378344582242,3128.0
85.48833333336302,28.32118277556966,4.35038274393785,3117.0
85.48814974510695,28.321572478726665,4.400387143293457,3116.0
85.48781179939887,28.321910425019936,4.450391542649065,3109.0
85.48750000000202,28.32225713808559,4.500395942004672,3102.0
85.48734393117462,28.322656069082075,4.550400341360279,3091.0
85.4872140103967,28.323063767472636,4.600404740715887,3091.0
85.486876063668,28.323401716387835,4.650409140071495,3090.0
85.48653811478924,28.323739664367547,4.700413539427101,3077.0
85.48610646633146,28.32389353368581,4.75041793878271,3067.0
85.48583333333715,28.32425321484494,4.8004223381383175,3063.0
85.48563859599155,28.324639182004827,4.850426737493924,3050.0
85.48550867444472,28.32504688125712,4.900431136849532,3049.0
85.48527777778224,28.325420725176926,4.9504355362051395,3032.0
85.48504080293213,28.325792532310626,5.000439935560746,3031.0
85.48470285157705,28.326130483763578,5.050444334916354,3025.0
85.48452398999987,28.32646843492498,5.100448734271962,3023.0
85.48486194216854,28.326806387344615,5.150453133627569,3021.0
85.4848001051631,28.327144340241926,5.200457532983177,3019.0
85.48446215147342,28.32748229309978,5.250461932338784,3007.0
85.48476468999758,28.32782024763866,5.300466331694391,3003.0
85.48510264452781,28.328158201546465,5.350470731049999,2994.0
85.48511495567575,28.32849615568833,5.4004751304056064,2981.0
85.48500000001758,28.32890887483635,5.450479529761213,2973.0
85.48514489130343,28.329311558214542,5.500483929116822,2960.0
85.48527777783043,28.32971826635949,5.550488328472429,2955.0
85.48527777784207,28.33016952635575,5.600492727828037,2945.0
85.48532663024994,28.33060440834198,5.650497127183644,2943.0
85.48566458800583,28.33094236661222,5.700501526539251,2933.0
85.48583333333603,28.33133705402662,5.750505925894859,2928.0
85.48553419576882,28.33168802861284,5.800510325250466,2925.0
85.48519623599957,28.332025987912168,5.850514724606074,2913.0
85.48478612552208,28.33222222227246,5.900519123961682,2905.0
85.48442660851124,28.33251783697185,5.950523523317289,2901.0
85.4840489288585,28.332777777846974,6.000527922672896,2889.0
85.48365697913741,28.333009687673126,6.050532322028504,2888.0
85.48317031675492,28.333055555740994,6.100536721384111,2886.0
85.48279364147427,28.332793641527143,6.150541120739718,2883.0
85.48229170581979,28.332777778396775,6.200545520095326,2886.0
85.48183659774581,28.3328856247242,6.2505499194509335,2881.0
85.48141309485806,28.333055556352797,6.300554318806541,2878.0
85.48090308208478,28.33305555652849,6.350558718162149,2865.0
85.48044788378853,28.33294788402095,6.4005631175177555,2855.0
85.48002447138902,28.3327777801225,6.450567516873363,2854.0
85.47951446019809,28.332777783415803,6.500571916228971,2848.0
85.47900444910096,28.332777784801692,6.5505763155845775,2845.0
85.4784944380977,28.332777784280182,6.600580714940186,2837.0
85.47798442718835,28.332777781851256,6.650585114295794,2828.0
85.47748304698406,28.332794730853657,6.700589513651401,2826.0
85.47710581817526,28.333055556335726,6.750593913007008,2824.0
85.47659580619474,28.33305555858275,6.800598312362616,2823.0
85.47608579430822,28.33305555892234,6.850602711718223,2822.0
85.47557578251575,28.333055557354495,6.90060711107383,2800.0
85.47513729119419,28.333196042399866,6.950611510429438,2794.0
85.47469717186341,28.33333333392242,7.000615909785046,2792.0
85.47418715900014,28.333333333394453,7.050620309140653,2785.0
85.47381856011917,28.3336111113796,7.100624708496261,2785.0
85.47330854609109,28.333611112240636,7.150629107851868,2784.0
85.47279853215723,28.333611111194195,7.200633507207475,2784.0
85.47242993282738,28.33388888937045,7.250637906563083,2775.0
85.47191991772883,28.33388889179084,7.30064230591869,2757.0
85.47140990272457,28.33388889230372,7.350646705274298,2743.0
85.47089988781465,28.33388889090911,7.4006511046299055,2741.0
85.47044576639632,28.333998678297494,7.450655503985513,2741.0
85.47002127291421,28.334166667209274,7.50065990334112,2740.0
85.4695112569342,28.33416666685454,7.5506643026967275,2727.0
85.46914265692267,28.33444444454014,7.600668702052335,2726.0
85.4686326397783,28.334444445574434,7.650673101407943,2726.0
85.46812262272844,28.33444444470118,7.7006775007635495,2721.0
85.46776203688157,28.334737964158336,7.750681900119158,2719.0
85.46738542093068,28.335000000068653,7.800686299474766,2703.0
85.46699240334682,28.33522981902442,7.850690698830372,2692.0
85.46650679871901,28.335277778412756,7.90069509818598,2687.0
85.46603534934209,28.335353540038337,7.950699497541588,2684.0
85.46569738739186,28.33569150229034,8.000703896897194,2683.0
85.4652595718736,28.335833334519457,8.050708296252802,2677.0
85.46474954881371,28.335833335056,8.10071269560841,2677.0
85.46423952584861,28.335833333684896,8.150717094964017,2674.0
85.46387698367258,28.336099205934897,8.200721494319625,2674.0
85.46350231949837,28.335833333511527,8.25072589367523,2672.0
85.46301363772807,28.33587525129454,8.30073029303084,2661.0
85.46262369338193,28.336111111181054,8.350734692386448,2660.0
85.46224400165752,28.33636710952911,8.400739091742054,2657.0
85.46174506470163,28.336388889026125,8.450743491097663,2657.0
85.4613764605141,28.33666666681799,8.500747890453269,2656.0
85.46086643419467,28.33666667205169,8.550752289808877,2647.0
85.4603564079702,28.336666675377685,8.600756689164484,2644.0
85.45984638184069,28.336666676795957,8.650761088520092,2643.0
85.45933635580624,28.336666676306507,8.7007654878757,2641.0
85.45882632986688,28.33666667390935,8.750769887231307,2630.0
85.45831630402267,28.336666669604465,8.800774286586915,2620.0
85.45789037474187,28.336501486088984,8.85077868594252,2620.0
85.4574376754843,28.336388889850497,8.90078308529813,2619.0
85.45692765122647,28.33638888970253,8.950787484653736,2614.0
85.45650164310369,28.336223865562026,9.000791884009343,2611.0
85.4561636814523,28.33633631870784,9.050796283364953,2611.0
85.45582184311571,28.3361111111575,9.100800682720559,2602.0
85.45531182048691,28.33611111223867,9.150805082076168,2590.0
85.45480179795344,28.336111111412166,9.200809481431774,2580.0
85.45443319629902,28.335833333344308,9.250813880787382,2573.0
85.45400531907408,28.335671985979044,9.30081828014299,2563.0
85.45357364801848,28.335518092577136,9.350822679498597,2562.0
85.45318597563525,28.33527777799833,9.400827078854203,2560.0
85.45271030732339,28.335345248424073,9.450831478209812,2559.0
85.45230735733303,28.335555555615763,9.50083587756542,2554.0
85.45193875754347,28.3352777778124,9.550840276921026,2552.0
85.45142873962286,28.33527777995423,9.600844676276635,2548.0
85.45091872179779,28.335277780188445,9.650849075632241,2542.0
85.45040870406834,28.335277778515053,9.700853474987849,2531.0
85.45002657545699,28.33502657554172,9.750857874343456,2523.0
85.44953008898625,28.335000000626298,9.800862273699064,2517.0
85.44906952720018,28.335097139703933,9.850866673054671,2515.0
85.44873156736055,28.33512045648979,9.900871072410279,2510.0
85.44828287639332,28.335000000273688,9.950875471765887,2504.0
85.44786822929672,28.335187326488096,10.000879871121493,2494.0
85.44740426148293,28.335277779168447,10.050884270477102,2487.0
85.44689424441307,28.335277779415,10.100888669832708,2461.0
85.44638580000371,28.33527468890332,10.150893069188315,2461.0
85.44601562969594,28.335000000063918,10.200897468543925,2461.0
85.44561617254273,28.335217161784744,10.25090186789953,2461.0
85.4452782125819,28.335555120754908,10.300906267255138,2461.0
85.4447684159446,28.335555555641903,10.350910666610746,2461.0
85.44439981766985,28.335277778088653,10.400915065966354,2455.0
85.44388980116506,28.335277780604326,10.45091946532196,2444.0
85.44337978475629,28.33527778121239,10.500923864677569,2428.0
85.44286976844357,28.335277779912843,10.550928264033177,2427.0
85.44240706562657,28.33518484362224,10.600932663388782,2422.0
85.44199115558725,28.335000000981086,10.650937062744392,2422.0
85.44148114086342,28.33500000176045,10.700941462099998,2406.0
85.44097112623578,28.335000000632228,10.750945861455605,2391.0
85.4405866826742,28.335246650763043,10.800950260811213,2388.0
85.44009251384061,28.335277777840616,10.85095466016682,2383.0
85.43972334527827,28.33500112306003,10.900959059522426,2380.0
85.43921390273897,28.335000000088137,10.950963458878036,2373.0
85.43884530692091,28.334722222481624,11.000967858233643,2371.0
85.438335294118,28.334722224481688,11.05097225758925,2364.0
85.43782528141145,28.33472222457419,11.100976656944859,2362.0
85.43731526880131,28.33472222275913,11.150981056300465,2361.0
85.43694592180299,28.334445921808136,11.200985455656074,2361.0
85.43643666281447,28.334444444533386,11.25098985501168,2357.0
85.43606806893207,28.33416666674765,11.300994254367287,2353.0
85.43555805930859,28.33416666667184,11.350998653722897,2351.0
85.4352192578799,28.33383036992615,11.401003053078503,2350.0
85.43482087452698,28.333611111176015,11.45100745243411,2339.0
85.43444963646107,28.333338529208824,11.501011851789718,2335.0
85.43411168025904,28.333000575174353,11.551016251145326,2334.0
85.43377372618497,28.332662620371057,11.601020650500931,2329.0
85.43343577423882,28.33232466479897,11.65102504985654,2326.0
85.43300411436132,28.332170781175613,11.701029449212148,2324.0
85.43277777778242,28.33179540864597,11.751033848567754,2317.0
85.43253624301917,28.331425132019145,11.801038247923364,2314.0
85.43204469786946,28.33138888905638,11.85104264727897,2311.0
85.43167292598142,28.331117370447448,11.901047046634577,2308.0
85.43124126772325,28.330963490709003,11.951051445990185,2302.0
85.43090331656464,28.3306255392177,12.001055845345793,2294.0
85.4304289518223,28.330555555779767,12.0510602447014,2292.0
85.43004000345562,28.330317782191436,12.101064644057008,2291.0
85.42969178658417,28.330000000120513,12.151069043412615,2284.0
85.42918179807458,28.3300000011307,12.201073442768221,2284.0
85.4286718096619,28.330000000233696,12.25107784212383,2284.0
85.42830322788922,28.33027777792776,12.301082241479437,2284.0
85.42779323831677,28.33027777945859,12.351086640835044,2284.0
85.42728324884135,28.330277779082206,12.401091040190652,2284.0
85.42683100692763,28.330391215546875,12.45109543954626,2280.0
85.42649305630904,28.330381945427177,12.501099838901867,2278.0
85.42603609542583,28.33027777804005,12.551104238257475,2272.0
85.42562974588641,28.33007419052222,12.601108637613082,2264.0
85.42515752596923,28.330000000635177,12.651113036968688,2263.0
85.4246727319569,28.329950509877804,12.701117436324298,2257.0
85.4242789582874,28.32972222245897,12.751121835679903,2254.0
85.4238094245896,28.329801686734736,12.801126235035511,2249.0
85.42340039152246,28.330000000051736,12.85113063439112,2248.0
85.4230318113638,28.3297222222686,12.901135033746726,2248.0
85.42252182544941,28.329722222265012,12.951139433102334,2240.0
85.42201183963235,28.329722222274288,13.001143832457942,2237.0
85.42165115565766,28.329428934410483,13.05114823181355,2236.0
85.42127468226329,28.329166666735254,13.101152631169155,2233.0
85.42088155616094,28.328937111856888,13.151157030524764,2230.0
85.42044990481335,28.328783238377174,13.201161429880372,2229.0
85.4202777777808,28.32838969734275,13.25116582923598,2218.0
85.41997290215528,28.32805555563568,13.301170228591587,2217.0
85.4194629247858,28.328055556138935,13.351174627947193,2214.0
85.41902504151734,28.32791393065065,13.401179027302803,2214.0
85.41858437386185,28.327777778058167,13.451183426658408,2213.0
85.41816174363541,28.327606190123156,13.501187826014016,2213.0
85.41782379748611,28.327268245815567,13.551192225369624,2204.0
85.41748585346404,28.32693030074021,13.601196624725231,2204.0
85.41714791103546,28.326740978058034,13.651201024080839,2203.0
85.41674151211475,28.32694444553351,13.701205423436447,2203.0
85.41623154067051,28.32694444693731,13.751209822792054,2201.0
85.41572156932399,28.326944446434165,13.80121422214766,2203.0
85.41523392221349,28.326900589010165,13.85121862150327,2203.0
85.41484302758751,28.32666666673617,13.901223020858875,2204.0
85.41467236313193,28.326339029942684,13.951227420214483,2205.0
85.41444444444905,28.325964197943055,14.001231819570092,2212.0
85.41420450583162,28.32559339736939,14.051236218925698,2215.0
85.41386656325699,28.325255456050783,14.101240618281306,2215.0
85.41352862280935,28.324917513964685,14.151245017636914,2215.0
85.41333333333742,28.324531743147926,14.201249416992521,2214.0
85.41306077114143,28.32417188227064,14.251253816348127,2208.0
85.41305555556744,28.32372238262095,14.301258215703736,2207.0
85.41280094745468,28.323356503084987,14.351262615059344,2205.0
85.41277777779155,28.322913023372678,14.40126701441495,2191.0
85.41301443147358,28.3225411251031,14.45127141377056,2176.0
85.4133142981293,28.322203187080497,14.501275813126165,2173.0
85.413055555567,28.32183869568338,14.551280212481773,2170.0
85.41305447584675,28.321387809184003,14.60128461183738,2164.0
85.41283901580086,28.321049873267544,14.651289011192988,2161.0
85.4130555555709,28.320671232433543,14.701293410548596,2161.0
85.41309883683357,28.32023449663709,14.751297809904203,2161.0
85.4133333333565,28.31986187785664,14.801302209259811,2161.0
85.41333333336799,28.319410629149715,14.851306608615417,2154.0
85.41348856692422,28.3190114333332,14.901311007971026,2154.0
85.41339572251248,28.31867350046041,14.951315407326632,2154.0
85.41333333335002,28.31824317210294,15.00131980668224,2154.0
85.41353076261808,28.31785812648549,15.051324206037847,2161.0
85.41361111112859,28.317433820543886,15.101328605393455,2166.0
85.4137905803727,28.317042753199377,15.151333004749064,2171.0
85.4136492672879,28.31670482295934,15.20133740410467,2172.0
85.41361111120622,28.316266368999276,15.251341803460278,2172.0
85.41361111122109,28.315815120016484,15.301346202815886,2171.0
85.41361111113805,28.31536387100499,15.351350602171493,2159.0
85.41388456612181,28.31500432278312,15.401355001527099,2158.0
85.4136111111247,28.314647674173976,15.451359400882708,2152.0
85.41361111114996,28.31419642508823,15.501363800238316,2151.0
85.41371873325359,28.313781266994113,15.551368199593922,2142.0
85.41388888892176,28.31338707938054,15.601372598949531,2139.0
85.4138888889146,28.31293583016744,15.651376998305137,2139.0
85.41366932154135,28.312558215227135,15.701381397660745,2139.0
85.41333139470014,28.31222029338236,15.751385797016352,2140.0
85.41299346998453,28.311882370770462,15.80139019637196,2151.0
85.41265554739448,28.311544447391483,15.851394595727568,2151.0
85.41231762692995,28.311206523245453,15.901398995083175,2151.0
85.4119797085909,28.310868598332412,15.951403394438783,2143.0
85.41166666667125,28.310675005089237,16.00140779379439,2140.0
85.4119151372081,28.31030708511276,16.051412193149996,2133.0
85.41204504232897,28.309899402356606,16.101416592505604,2133.0
85.41222222223983,28.309507574199614,16.15142099186121,2121.0
85.41213959240828,28.309084037056895,16.20142539121682,2120.0
85.41194444444854,28.308698235757994,16.251429790572427,2103.0
85.41167176826586,28.30833843686847,16.301434189928035,2097.0
85.41133385034927,28.308000518738254,16.351438589283642,2090.0
85.41093732161129,28.307777777844137,16.40144298863925,2090.0
85.41056433330932,28.30750877778362,16.451447387994858,2097.0
85.4101327330718,28.307354956048012,16.50145178735046,2092.0
85.40979481674508,28.307017039411313,16.551456186706073,2092.0
85.40936321840702,28.30686321860925,16.60146058606168,2092.0
85.40916666667086,28.306477890867736,16.651464985417284,2091.0
85.40889539909598,28.30611762324862,16.701469384772896,2089.0
85.40855748455174,28.305779708502772,16.751473784128503,2081.0
85.40833333333804,28.305403638358673,16.801478183484107,2079.0
85.40808966930777,28.305034113857456,16.851482582839715,2077.0
85.40765807532055,28.30488029820338,16.901486982195326,2074.0
85.40732016255876,28.304542385348466,16.95149138155093,2068.0
85.40688856958955,28.304388571318356,17.001495780906538,2064.0
85.40655065262514,28.304050663125075,17.05150018026215,2063.0
85.40621273778541,28.30371275416526,17.101504579617753,2060.0
85.40587482507033,28.303374844438956,17.15150897897336,2060.0
85.40553691447985,28.30303693394619,17.20151337832897,2060.0
85.40519900601394,28.302699022686987,17.251517777684576,2059.0
85.40486109967257,28.302361110661394,17.301522177040184,2043.0
85.40452319545567,28.302023197869445,17.35152657639579,2033.0
85.40409161060936,28.301869388579615,17.4015309757514,2033.0
85.40368491456239,28.301666666721886,17.451535375107007,2033.0
85.40331641012892,28.30138888895673,17.501539774462614,2036.0
85.40280656323878,28.30138889001674,17.55154417381822,2037.0
85.40229671644722,28.30138888917183,17.60154857317383,2037.0
85.4019282129852,28.30111111112675,17.651552972529437,2036.0
85.40150210228519,28.300946548122678,17.70155737188504,2020.0
85.40116419521776,28.30060864176649,17.751561771240652,2016.0
85.40083333333398,28.300268372249306,17.80156617059626,2015.0
85.40069639121319,28.299863058605368,17.851570569951864,2015.0
85.4003584862583,28.29952515340998,17.90157496930747,2012.0
85.39992690671998,28.299371351353777,17.951579368663083,2012.0
85.39952121801961,28.299166666927785,18.001583768018687,2001.0
85.39906374869582,28.29906374892349,18.051588167374295,1995.0
85.39864288586075,28.29888888891763,18.101592566729906,1995.0
85.39833333333611,28.298558940607908,18.151596966085513,1995.0
85.39816436912079,28.29816436994757,18.201601365441118,2025.0
85.39782646695787,28.29782646727018,18.251605764796725,2040.0
85.39804412068736,28.297488565170397,18.301610164152336,2051.0
85.39766981008428,28.29722222228944,18.35161456350794,2061.0
85.39727464460583,28.29699686776965,18.401618962863548,2073.0
85.39694444444869,28.296656383666612,18.45162336221916,2073.0
85.39694444457967,28.29620513628445,18.501627761574763,2073.0
85.39694444461172,28.295753888873616,18.55163216093037,2057.0
85.39694444454484,28.295302641434134,18.60163656028598,1992.0
85.39705572211953,28.294888722575458,18.651640959641586,1933.0
85.39705082411739,28.294550824950452,18.701645358997194,1933.0
85.39671292702943,28.29421292732749,18.7516497583528,1933.0
85.3969305858095,28.293875030300217,18.801654157708406,1958.0
85.39666666667767,28.293512317280314,18.851658557064017,1970.0
85.39666666666744,28.293061069746166,18.901662956419624,2008.0
85.39638888889766,28.292703007038075,18.95166735577523,2030.0
85.39638888889269,28.292251759500253,19.00167175513084,2087.0
85.39607311047097,28.291906446981702,19.051676154486447,2087.0
85.39573521646955,28.291568553585808,19.10168055384205,2087.0
85.3953973245914,28.291230659424354,19.15168495319766,2067.0
85.3949657659123,28.2911453453115,19.20168935255327,2031.0
85.39457987230841,28.291388888959506,19.251693751908874,1980.0
85.39419631094458,28.291140758969803,19.301698151264482,1977.0
85.39385841723727,28.29080286763366,19.351702550620093,1965.0
85.39352052565314,28.290464975532064,19.401706949975697,1961.0
85.39318263619217,28.290127082665048,19.451711349331305,1939.0
85.39305274456346,28.289719411239773,19.501715748686912,1939.0
85.39268284263714,28.289444444508128,19.55172014804252,1937.0
85.39228329811444,28.28922774424912,19.601724547398128,1933.0
85.39194540843889,28.288889854838683,19.651728946753735,1933.0
85.39157743095681,28.288611111172784,19.701733346109343,1913.0
85.39117596731398,28.288824032872885,19.75173774546495,1910.0
85.3908380782061,28.28861585600025,19.801742144820558,1908.0
85.3908333333454,28.28816620100927,19.851746544176162,1903.0
85.39057829536968,28.28780051766517,19.901750943531773,1902.0
85.39014674418443,28.287646744427665,19.95175534288738,1902.0
85.38971519382822,28.287492971654757,20.001759742242985,1903.0
85.38937730650656,28.287155085203107,20.051764141598596,1913.0
85.38903942077147,28.287071690598733,20.101768540954204,1926.0
85.3887015336455,28.287034867851293,20.151772940309808,1932.0
85.38836364794243,28.286696981477235,20.201777339665416,1932.0
85.38786929585457,28.2866666668223,20.251781739021027,1932.0
85.38750055015734,28.286389441969828,20.30178613837663,1922.0
85.38716266458785,28.286051557335096,20.35179053773224,1890.0
85.386824781141,28.285713671935408,20.40179493708785,1890.0
85.3863954484912,28.285555555838023,20.451799336443454,1890.0
85.38596169124706,28.28540613593403,20.50180373579906,1918.0
85.3855301466275,28.285252368930923,20.55180813515467,1921.0
85.38519226352568,28.2850855144745,20.601812534510277,1921.0
85.38485437991854,28.285132157939632,20.651816933865884,1921.0
85.38472222222258,28.28472525197685,20.701821333221492,1917.0
85.3843866072292,28.28438660934135,20.7518257325771,1916.0
85.38404872573426,28.284048727095467,20.801830131932707,1892.0
85.3838888888913,28.283651108508018,20.851834531288315,1871.0
85.38358095347274,28.28330318206659,20.90183893064392,1864.0
85.38324307076299,28.282965303589123,20.95184332999953,1859.0
85.38290519017549,28.28262742434699,21.001847729355138,1855.0
85.38256731171025,28.282289544340237,21.051852128710742,1852.0
85.38222943536722,28.281951663568883,21.101856528066353,1847.0
85.38186465952751,28.281666666724433,21.15186092742196,1836.0
85.38146002468194,28.28146002486774,21.201865326777565,1835.0
85.38133013779253,28.281052360177387,21.251869726133172,1835.0
85.38093180537024,28.280833333398082,21.301874125488784,1835.0
85.38056072739124,28.2805607274091,21.351878524844388,1835.0
85.38022285066853,28.28077840637879,21.401882924199995,1833.0
85.38000000001522,28.28040193474696,21.451887323555603,1830.0
85.37996307791508,28.27996307802753,21.50189172291121,1828.0
85.3795758525886,28.27972222229267,21.551896122266818,1828.0
85.37919367187133,28.2794714497348,21.601900521622426,1828.0
85.37876214167123,28.279317697468716,21.651904920978033,1827.0
85.37833061232494,28.279169387685197,21.70190932033364,1825.0
85.37796078507473,28.279444444508073,21.75191371968925,1824.0
85.37756120786068,28.27966101454071,21.801918119044853,1818.0
85.37722333300877,28.27944555523489,21.851922518400464,1814.0
85.37688545865892,28.279107681044284,21.90192691775607,1806.0
85.3767857484886,28.278769807322576,21.951931317111676,1806.0
85.37694444444672,28.278371811773948,22.001935716467287,1799.0
85.37666666668062,28.2780137743088,22.051940115822894,1799.0
85.37666666677544,28.27756252924863,22.1019445151785,1795.0
85.37666666677006,28.277111284159847,22.151948914534106,1789.0
85.37667162912335,28.27666170422838,22.201953313889717,1787.0
85.37694444445448,28.276302004041266,22.251957713245325,1784.0
85.37694444444676,28.275850758824205,22.30196211260093,1774.0
85.37726926705653,28.275508511734216,22.35196651195654,1773.0
85.37750000000467,28.275134691555042,22.401970911312148,1773.0
85.37773701860924,28.274762981521363,22.451975310667752,1771.0
85.37750000000507,28.274418626646245,22.50197971002336,1771.0
85.37750000004174,28.273967381213126,22.55198410937897,1770.0
85.37757111217907,28.273539999130726,22.601988508734575,1770.0
85.37777777778221,28.27315810512206,22.651992908090183,1770.0
85.37751669452348,28.272794473272874,22.701997307445794,1772.0
85.37722222222544,28.272442046010863,22.752001706801398,1772.0
85.3773954965508,28.27204894813842,22.802006106157005,1773.0
85.37752537824707,28.271641288506085,22.852010505512613,1773.0
85.37777777780578,28.27127474422062,22.90201490486822,1772.0
85.37777777785365,28.27082349853981,22.95201930422383,1772.0
85.37777777780141,28.270372252830374,23.002023703579436,1768.0
85.37751064967041,28.27001065439437,23.052028102935044,1768.0
85.37717278630822,28.269672794424228,23.10203250229065,1768.0
85.37683492506687,28.269334933690114,23.15203690164626,1765.0
85.3764970659463,28.268997072192082,23.202041301001863,1765.0
85.37615920894648,28.268659209930153,23.252045700357474,1757.0
85.3761111111802,28.268224105786256,23.30205009971308,1753.0
85.37611111116752,28.26777286020195,23.352054499068686,1752.0
85.37597754969902,28.26736643883124,23.402058898424297,1752.0
85.37583333333461,28.266963593343608,23.452063297779905,1752.0
85.37550981318044,28.26662092474664,23.50206769713551,1748.0
85.37517195562499,28.2662830689156,23.552072096491116,1747.0
85.37483410019001,28.265945212320798,23.602076495846728,1744.0
85.3744026026065,28.265791492207264,23.65208089520233,1744.0
85.37406474497585,28.265453638705413,23.70208529455794,1744.0
85.37372688946557,28.26511578443988,23.75208969391355,1744.0
85.37338903607562,28.264777929410712,23.802094093269154,1747.0
85.37305555555605,28.26443860670929,23.852098492624762,1747.0
85.37292130730397,28.264032418658445,23.90210289198037,1747.0
85.3727777778323,28.263629345645786,23.952107291335977,1737.0
85.37277777784796,28.26317810035104,24.002111690691585,1730.0
85.37273965141614,28.262739651531582,24.052116090047193,1727.0
85.37250000000469,28.262368841355944,24.1021204894028,1726.0
85.37227192387242,28.261994147038145,24.152124888758408,1722.0
85.3719288012607,28.261666666681663,24.202129288114016,1722.0
85.3715025849076,28.26150258859702,24.25213368746962,1722.0
85.37116473274564,28.261164741890205,24.30213808682523,1723.0
85.37082688270358,28.26082689442,24.35214248618084,1725.0
85.37048903478139,28.26048904618642,24.402146885536443,1725.0
85.37015118897898,28.260151197189515,24.45215128489205,1723.0
85.36981334529634,28.259813347429304,24.50215568424766,1715.0
85.36938186347906,28.259659641646397,24.552160083603265,1714.0
85.36904401693744,28.259321795499645,24.602164482958873,1711.0
85.3686132604603,28.25916666666894,24.652168882314484,1711.0
85.36824487081624,28.258888888950224,24.70217328167009,1709.0
85.36784320976685,28.259101234865447,24.752177681025696,1709.0
85.36750536305988,28.25889425387842,24.802182080381304,1708.0
85.36716751814423,28.258556408752245,24.85218647973691,1705.0
85.36682967466663,28.258448103364056,24.90219087909252,1703.0
85.36649182903531,28.25843627493357,24.952195278448126,1701.0
85.36615398440865,28.25809843092893,25.002199677803734,1699.0
85.36583333333648,28.25775481571422,25.05220407715934,1699.0
85.36583333334302,28.25730357126125,25.10220847651495,1699.0
85.36555639547889,28.256945285341903,25.152212875870553,1698.0
85.36527777778181,28.256587563264493,25.202217275226165,1698.0
85.36546687417207,28.25619979272126,25.252221674581772,1695.0
85.36555555559686,28.255778315843802,25.302226073937376,1695.0
85.36555555556517,28.255327071314273,25.352230473292988,1698.0
85.36525462044219,28.25497684363181,25.402234872648595,1700.0
85.36508321855258,28.254639003888464,25.4522392720042,1700.0
85.3651344980233,28.25430116493318,25.502243671359807,1700.0
85.36500000001918,28.253895068731087,25.552248070715418,1700.0
85.36487475552117,28.25348586687353,25.602252470071022,1700.0
85.36490752626568,28.2531480295214,25.65225686942663,1703.0
85.3650000000029,28.252727827096294,25.70226126878224,1704.0
85.36500000000308,28.252276582470905,25.752265668137845,1704.0
85.36527777777953,28.251918585751977,25.802270067493453,1704.0
85.36542700779202,28.251517436911602,25.85227446684906,1691.0
85.36555555559394,28.251109345042003,25.902278866204668,1688.0
85.36555555557416,28.250658100216707,25.952283265560276,1684.0
85.36529449363056,28.250294494601096,26.002287664915883,1680.0
85.36500000000322,28.24994211207403,26.05229206427149,1679.0
85.36482679124161,28.24954901490709,26.1022964636271,1673.0
85.36448895890933,28.249211183210555,26.152300862982706,1672.0
85.36416666666805,28.24886813453382,26.20230526233831,1672.0
85.36402126000347,28.24846570469093,26.25230966169392,1671.0
85.36388888888911,28.248058898648203,26.30231406104953,1669.0
85.36361111111503,28.247700908346797,26.352318460405137,1668.0
85.36342369402115,28.247312583123755,26.402322859760744,1660.0
85.36333333335179,28.246891674231804,26.452327259116352,1660.0
85.3631639589479,28.246497292512956,26.50233165847196,1659.0
85.36273250797332,28.24634361969322,26.552336057827564,1659.0
85.36239467899827,28.246005793629113,26.602340457183175,1659.0
85.36205685214145,28.245667966802507,26.652344856538782,1656.0
85.3617190274028,28.245330139213433,26.702349255894386,1656.0
85.3612875795297,28.24517646899932,26.752353655249998,1656.0
85.36094975392659,28.244838643460625,26.802358054605605,1661.0
85.36051830749639,28.244684974537297,26.85236245396121,1669.0
85.36018048169272,28.24434715052844,26.902366853316817,1678.0
85.35984265800708,28.24400932575726,26.952371252672428,1679.0
85.35971279288103,28.24360168193419,27.002375652028032,1686.0
85.35937496719569,28.243263860648874,27.05238005138364,1686.0
85.35903714362826,28.242926038601297,27.102384450739248,1686.0
85.3586993221787,28.242588215791493,27.152388850094855,1686.0
85.35836150284696,28.24225039221949,27.202393249450463,1682.0
85.35823163851124,28.24184274984836,27.25239764880607,1668.0
85.3580555555588,28.24145062555927,27.302402048161678,1643.0
85.35831950965274,28.24109728747663,27.352406447517286,1641.0
85.35812942118052,28.24075946791176,27.402410846872893,1640.0
85.3583333333501,28.24037668842959,27.452415246228497,1638.0
85.35838914869888,28.239944184801768,27.50241964558411,1636.0
85.35861111111593,28.239567466734112,27.552424044939716,1635.0
85.35885682984171,28.23919872582034,27.60242844429532,1636.0
85.35858313032504,28.238860909066435,27.65243284365093,1635.0
85.35833333337054,28.238493538033925,27.70243724300654,1635.0
85.35833333344938,28.23804229367842,27.752441642362143,1635.0
85.35833333342693,28.237591049294352,27.80244604171775,1633.0
85.35839503356044,28.237160522406572,27.852450441073362,1628.0
85.35873284813817,28.236822708259208,27.902454840428966,1628.0
85.35888888894132,28.236423858540267,27.952459239784574,1628.0
85.35888888896088,28.23597261395594,28.002463639140185,1628.0
85.35891448154601,28.235529962985694,28.05246803849579,1634.0
85.35916666667138,28.235163398376038,28.102472437851397,1634.0
85.35938215522864,28.234784512427485,28.152476837207004,1634.0
85.35971996592166,28.234446700761893,28.202481236562612,1634.0
85.35972222223417,28.233996213546384,28.25248563591822,1634.0
85.35997968718753,28.23363142399423,28.302490035273827,1634.0
85.36000000001393,28.233186999967646,28.352494434629435,1638.0
85.36023940776192,28.232816147917777,28.402498833985042,1640.0
85.360277777821,28.232377787478086,28.45250323334065,1640.0
85.36029117953116,28.23193104278923,28.502507632696254,1640.0
85.36062898750002,28.231593235691165,28.552512032051865,1636.0
85.36069987251422,28.231255428312657,28.602516431407473,1627.0
85.36055555555684,28.230852645958436,28.652520830763077,1625.0
85.36083333334093,28.230494681700943,28.702525230118688,1625.0
85.36083333333899,28.230043436399207,28.752529629474296,1624.0
85.36111111111589,28.22968547333082,28.8025340288299,1621.0
85.36111111111934,28.229234227929023,28.852538428185508,1619.0
85.36083333333603,28.228876266092623,28.90254282754112,1616.0
85.36083333337604,28.22842502068844,28.952547226896723,1612.0
85.3608945541875,28.227994334880492,29.00255162625233,1606.0
85.36111111113816,28.227615815047077,29.05255602560794,1604.0
85.36111111114468,28.227164569514265,29.102560424963546,1600.0
85.36111111111383,28.226713323952904,29.152564824319153,1600.0
85.36120986252224,28.226666666731404,29.20256922367476,1600.0
85.36111111111525,28.226302884528895,29.25257362303037,1600.0
85.3609168716773,28.225916871881868,29.302578022385976,1600.0
85.36108759429403,28.225579072453346,29.352582421741584,1602.0
85.36100477122564,28.22517143812219,29.40258682109719,1602.0
85.3609996941607,28.22483364004662,29.4525912204528,1602.0
85.36133749179974,28.2244958418834,29.502595619808407,1601.0
85.36138888890537,28.224061857534526,29.55260001916401,1600.0
85.36118057371013,28.22368057462228,29.602604418519622,1599.0
85.36084277783881,28.223342777903863,29.65260881787523,1595.0
85.36083333334619,28.22289470409382,29.702613217230834,1595.0
85.36058306480041,28.222527513714198,29.752617616586445,1594.0
85.36024526812213,28.222189720563893,29.802622015942053,1590.0
85.35990747355955,28.221851926651862,29.852626415297657,1587.0
85.35956968111262,28.22151413197814,29.902630814653264,1587.0
85.3592318907813,28.221176336542754,29.952635214008875,1583.0
85.35880049988636,28.221022722938823,30.00263961336448,1583.0
85.35846270670288,28.22068493111289,30.052644012720087,1575.0
85.35812491563493,28.22034713852537,30.102648412075695,1575.0
85.35799506174924,28.21993950720682,30.152652811431302,1575.0
85.35765726868429,28.219601718102645,30.20265721078691,1579.0
85.35731947773475,28.219263928236938,30.252661610142518,1582.0
85.35698168890058,28.218926137609756,30.30266600949813,1600.0
85.35666666667271,28.21858070021456,30.352670408853733,1614.0
85.3566666667088,28.21812945489251,30.40267480820934,1615.0
85.35659213279772,28.217703244360795,30.452679207564948,1615.0
85.35625434501024,28.21736545686583,30.502683606920556,1615.0
85.35611111111231,28.216962321646868,30.552688006276163,1615.0
85.35576301329476,28.216666666720105,30.60269240563177,1613.0
85.35535532644987,28.216466437756612,30.65269680498738,1613.0
85.3552254749508,28.216058808615706,30.702701204342986,1613.0
85.35488768947066,28.21572102361745,30.752705603698594,1613.0
85.35446234281584,28.215555555572582,30.802710003054198,1610.0
85.35472222222646,28.215366216301963,30.85271440240981,1597.0
85.35478587150945,28.21493635089679,30.902718801765417,1583.0
85.35487634479253,28.214598567254985,30.95272320112102,1577.0
85.35472222222427,28.214199091959696,31.002727600476632,1574.0
85.35500000000611,28.21384115341054,31.05273199983224,1574.0
85.35500000000711,28.213389908082668,31.102736399187844,1574.0
85.35526012319878,28.213037901096165,31.15274079854345,1577.0
85.35492234165058,28.21270012032469,31.202745197899063,1577.0
85.35472222223932,28.212316097290092,31.252749597254667,1577.0
85.35466264313708,28.211884865523114,31.302753996610274,1559.0
85.35444444457085,28.211506916712576,31.352758395965886,1559.0
85.35444444485918,28.211055671335135,31.40276279532149,1558.0
85.35444444504597,28.210604425929144,31.452767194677097,1554.0
85.35444444513121,28.210153180494622,31.502771594032705,1553.0
85.35444444511491,28.209701935031557,31.552775993388313,1553.0
85.35444444499707,28.20925068953995,31.60278039274392,1553.0
85.35444444477767,28.208799444019796,31.652784792099528,1553.0
85.35444444445673,28.208348198471114,31.702789191455135,1553.0
85.35472222224382,28.20799026860315,31.752793590810743,1557.0
85.35472222233462,28.207539022954233,31.80279799016635,1557.0
85.35472222232389,28.207087777276776,31.852802389521955,1557.0
85.35469966504677,28.206644109563793,31.902806788877566,1549.0
85.35444444444903,28.206278604177754,31.952811188233174,1545.0
85.35465684239799,28.205898713345015,32.00281558758878,1543.0
85.35444983024985,28.205560942332788,32.052819986944385,1542.0
85.35416666667552,28.205204825754965,32.10282438629999,1542.0
85.35416666667085,28.204753580027987,32.1528287856556,1540.0
85.35388888889506,28.20439565560741,32.20283318501121,1540.0
85.35388888889581,28.20394440987834,32.252837584366816,1538.0
85.35359267863028,28.2035926795981,32.30284198372242,1538.0
85.35333333334513,28.20322856406383,32.35284638307803,1538.0
85.35333298944784,28.202777433893512,32.40285078243364,1533.0
85.3530555555651,28.20241939696529,32.452855181789246,1531.0
85.3530555555587,28.201968151258498,32.502859581144854,1531.0
85.35277777779274,28.201610231145544,32.55286398050046,1531.0
85.35277777785434,28.201158985436702,32.60286837985607,1531.0
85.3527777778143,28.200707739699318,32.65287277921168,1531.0
85.35280180249849,28.20027777780019,32.702877178567284,1531.0
85.35279995259026,28.200277777798618,32.75288157792289,1531.0
85.3525000000075,28.199939505165055,32.8028859772785,1530.0
85.35250000000562,28.199488259399683,32.85289037663411,1528.0
85.35222222222957,28.199130343083407,32.902894775989715,1527.0
85.35222222226444,28.198679097316003,32.95289917534532,1527.0
85.35214326739221,28.198254380081995,33.00290357470092,1523.0
85.35180550396707,28.197916621638196,33.05290797405654,1520.0
85.351467742655,28.197578862433797,33.102912373412146,1517.0
85.35112998345598,28.197241102468833,33.152916772767746,1517.0
85.35079222636993,28.19690334174333,33.20292117212336,1511.0
85.35055555556043,28.19653161644579,33.25292557147897,1506.0
85.35032462927963,28.196157962749236,33.30292997083457,1505.0
85.35027777784795,28.1957224593791,33.352934370190184,1503.0
85.3502777778347,28.195271213740355,33.40293876954579,1503.0
85.35014302398542,28.194865246921825,33.45294316890139,1505.0
85.34980526833817,28.194527491054608,33.50294756825701,1505.0
85.34967542865287,28.19411987323342,33.552951967612614,1504.0
85.34944444444925,28.19374624186284,33.602956366968215,1506.0
85.34920783470822,28.193374501497527,33.65296076632383,1504.0
85.34916666671006,28.192937089124154,33.70296516567943,1503.0
85.3491560706372,28.19248940404316,33.75296956503504,1501.0
85.34881831775269,28.192151651994763,33.80297396439065,1500.0
85.34861111111573,28.191770033076747,33.85297836374625,1499.0
85.3483507276598,28.191406284182996,33.90298276310186,1494.0
85.34805555556267,28.19105422529635,33.952987162457475,1493.0
85.3480555555616,28.190602979756335,34.002991561813076,1492.0
85.3477533015555,28.19025330251947,34.05299596116868,1492.0
85.34750000000467,28.189887175467273,34.1030003605243,1492.0
85.34728571484398,28.18950793873621,34.1530047598799,1486.0
85.34694796656136,28.189170190738498,34.203009159235506,1486.0
85.34666666667053,28.18881347370452,34.253013558591114,1486.0
85.34648038340711,28.188424828066097,34.30301795794672,1491.0
85.34635054701407,28.188017213796186,34.35302235730233,1491.0
85.34611111111599,28.187646430655985,34.40302675665794,1491.0
85.34588296520481,28.18727185423604,34.453031156013544,1486.0
85.34611111111208,28.18693063604246,34.50303555536915,1484.0
85.34597094021223,28.186526496010522,34.55303995472476,1479.0
85.34583333333417,28.186121494321984,34.60304435408037,1481.0
85.34547685167773,28.185833333390708,34.653048753435975,1478.0
85.34507205405075,28.185627610512228,34.70305315279158,1478.0
85.3447343119468,28.18528986758501,34.75305755214719,1476.0
85.344604477041,28.184882255467652,34.8030619515028,1473.0
85.34426673559113,28.18454451394265,34.853066350858406,1473.0
85.34416666670784,28.184126898527968,34.90307075021401,1473.0
85.3441666666792,28.183675653240723,34.953075149569614,1480.0
85.34387131494034,28.183333333350102,35.00307954892523,1485.0
85.34344593331016,28.18349851138515,35.053083948280836,1514.0
85.34310819292985,28.183385971643826,35.10308834763644,1514.0
85.34277777778128,28.183045770684764,35.15309274699205,1514.0
85.34277777788532,28.182594525576235,35.20309714634766,1500.0
85.34277777788708,28.1821432804392,35.25310154570326,1488.0
85.34277777778658,28.181692035273656,35.303105945058874,1476.0
85.34254097192644,28.181347917093383,35.35311034441448,1474.0
85.34287870845658,28.181010180673,35.40311474377008,1473.0
85.34289466629639,28.180672444873174,35.4531191431257,1466.0
85.34255693098916,28.180334709124143,35.503123542481305,1466.0
85.34257290083288,28.179927099368605,35.553127941836905,1466.0
85.34277777786903,28.179544711981197,35.60313234119252,1469.0
85.34277777802949,28.179093466651505,35.65313674054812,1469.0
85.34277777808767,28.17864222129332,35.70314113990373,1469.0
85.34277777804358,28.178190975906634,35.75314553925934,1467.0
85.34277777789724,28.17773973049144,35.80314993861494,1466.0
85.34293608475564,28.17734169327711,35.85315433797055,1466.0
85.34283729533715,28.17700396216724,35.903158737326166,1455.0
85.3427777778469,28.17657272108501,35.953163136681766,1454.0
85.34277777783744,28.1761214755676,36.003167536037374,1454.0
85.34265570499375,28.175711260788376,36.05317193539299,1446.0
85.34250000007002,28.175312350371662,36.10317633474859,1439.0
85.34250000012116,28.174861104824085,36.1531807341042,1439.0
85.34250000007002,28.174409859248012,36.20318513345981,1439.0
85.34265571376707,28.17401095315592,36.25318953281541,1445.0
85.34277777783744,28.17360073640641,36.30319393217103,1451.0
85.3427777778469,28.173149490701295,36.35319833152663,1451.0
85.34283730247525,28.17271825325542,36.403202730882235,1451.0
85.34293608356612,28.172380528666032,36.45320713023785,1445.0
85.34259835929974,28.172042804309964,36.50321152959345,1444.0
85.34253146831801,28.171635198453163,36.55321592894906,1444.0
85.34277777779118,28.17126674716624,36.60322032830467,1444.0
85.34276443187305,28.17081998747291,36.65322472766027,1450.0
85.3425000000113,28.17045762904897,36.70322912701588,1450.0
85.34250000000091,28.170006383194796,36.753233526371496,1450.0
85.34277777779708,28.169648512153397,36.803237925727096,1450.0
85.34277777785516,28.169197266198683,36.853242325082704,1446.0
85.34277777781095,28.168746020215476,36.90324672443832,1443.0
85.34254102644145,28.168374359896973,36.95325112379392,1443.0
85.34250000004353,28.167936905242644,37.00325552314953,1443.0
85.34251073284737,28.167489267231524,37.053259922505134,1441.0
85.34284845102195,28.16715154995053,37.10326432186074,1440.0
85.34305555557226,28.166769924881322,37.15326872121635,1439.0
85.34300300947436,28.16633634314006,37.20327312057196,1437.0
85.34266529307426,28.165998627218872,37.253277519927565,1436.0
85.34250000001884,28.165602947681084,37.30328191928317,1430.0
85.3424056434296,28.165183422084294,37.35328631863878,1429.0
85.34206792820997,28.16484570816816,37.40329071799439,1429.0
85.34173021509986,28.164507993492865,37.453295117349995,1426.0
85.34126052209322,28.16437625573389,37.5032995167056,1426.0
85.34077960600499,28.16424250097173,37.55330391606121,1426.0
85.34036079168013,28.163985863483394,37.60330831541681,1425.0
85.33994452776425,28.163726217846925,37.653312714772426,1426.0
85.33954969583098,28.16344128495875,37.70331711412803,1427.0
85.33915486601136,28.163156351009295,37.753321513483634,1428.0
85.33877052371302,28.162860568505444,37.80332591283925,1429.0
85.33839221149144,28.16255854891306,37.853330312194856,1429.0
85.33804354873833,28.16223653528321,37.90333471155046,1428.0
85.33781595362866,28.161832878749358,37.95333911090607,1429.0
85.33773642716363,28.16139152251779,38.00334351026168,1429.0
85.33772156618731,28.160940469183945,38.05334790961728,1431.0
85.3376883024349,28.160493615880068,38.103352308972894,1453.0
85.33745548719332,28.160092306051617,38.1533567083285,1453.0
85.33709383185258,28.159786645688207,38.2033611076841,1453.0
85.33668884312912,28.15951315573406,38.25336550703972,1438.0
85.33626108740228,28.159271053632303,38.30336990639532,1432.0
85.33581222024571,28.15905805656724,38.353374305750926,1409.0
85.33536153840785,28.158848348263344,38.40337870510654,1409.0
85.3348963298578,28.15866495312785,38.45338310446214,1406.0
85.3344311229634,28.158481556474438,38.50338750381775,1406.0
85.33400070761144,28.158253476122013,38.55339190317336,1406.0
85.33364216162556,28.157933092235055,38.603396302528964,1406.0
85.33326420033774,28.157631176278624,38.65340070188457,1406.0
85.33287831723503,28.157336796151235,38.703405101240186,1406.0
85.33249243626034,28.157042415014242,38.75340950059579,1406.0
85.33206563565447,28.15680308038581,38.803413899951394,1403.0
85.33161646361123,28.156592898030464,38.85341829930701,1395.0
85.33120732299174,28.15632432182555,38.90342269866261,1395.0
85.33079818444587,28.156055744475164,38.95342709801822,1395.0
85.33038904797361,28.155787165979362,39.003431497373825,1398.0
85.32999128164164,28.155507619770027,39.05343589672943,1400.0
85.3296547354259,28.155169016723157,39.10344029608504,1400.0
85.32931819131636,28.154830412923612,39.15344469544065,1398.0
85.32898164931298,28.154491808371432,39.203449094796255,1390.0
85.3286204476508,28.15417411229824,39.25345349415186,1387.0
85.32825370079901,28.153861118578636,39.30345789350747,1387.0
85.32788695608572,28.153548123954334,39.35346229286308,1386.0
85.32758812361895,28.153189026281368,39.403466692218686,1387.0
85.32734270355623,28.152793669269215,39.45347109157429,1387.0
85.32706540385765,28.15241853199039,39.5034754909299,1392.0
85.32672239750794,28.152085068429162,39.55347989028551,1392.0
85.32636207245092,28.151771500399985,39.603484289641116,1392.0
85.32591114183572,28.15156201145159,39.653488688996724,1372.0
85.3254597023864,28.15135341303246,39.703493088352324,1372.0
85.3250026864052,28.151154556747496,39.75349748770794,1372.0
85.32454567217704,28.150955699004104,39.80350188706355,1376.0
85.32408865970187,28.150756839802312,39.85350628641915,1376.0
85.32363189643104,28.150557553875256,39.90351068577476,1380.0
85.3231841183866,28.15034282770943,39.95351508513037,1386.0
85.32273634218652,28.1501281001496,40.00351948448597,1377.0
85.32228856783077,28.14991337119582,40.053523883841585,1377.0
85.32189337213364,28.14963238547447,40.10352828319719,1377.0
85.32151399636798,28.149331465681257,40.15353268255279,1370.0
85.3211346227363,28.149030544915544,40.20353708190841,1367.0
85.3207301065008,28.148756658630248,40.25354148126401,1367.0
85.32032445749893,28.14848399140955,40.303545880619616,1367.0
85.31991881058137,28.14821132306525,40.35355027997523,1367.0
85.31951024657991,28.147942100299186,40.40355467933083,1367.0
85.31905711569902,28.147741549544097,40.45355907868644,1367.0
85.31859833270214,28.1475503143216,40.503563478042054,1367.0
85.31818504835306,28.14728985327356,40.553567877397654,1362.0
85.31782107313558,28.1469743518147,40.60357227675326,1362.0
85.31744531848805,28.14667014965669,40.65357667610888,1354.0
85.31705863662295,28.146376720738562,40.70358107546448,1354.0
85.31666392753102,28.146091729292106,40.753585474820085,1354.0
85.31620297913386,28.14590350102811,40.8035898741757,1352.0
85.31572645699963,28.145746189177174,40.8535942735313,1352.0
85.31524174588964,28.14560822382274,40.90359867288691,1351.0
85.31476686802762,28.145446716497815,40.953603072242515,1350.0
85.3142976495088,28.145271661300953,41.00360747159812,1350.0
85.31387272592166,28.145031006028923,41.05361187095373,1350.0
85.31351303504995,28.144719075167522,41.10361627030934,1350.0
85.31324629958071,28.14433473055848,41.153620669664946,1350.0
85.31316269110644,28.14389570665027,41.20362506902055,1352.0
85.31311269882961,28.143446645440367,41.25362946837616,1375.0
85.31307275308882,28.14299681214645,41.30363386773177,1417.0
85.31300288892893,28.1425542592368,41.353638267087376,1476.0
85.31278637948103,28.142145861508016,41.403642666442984,1476.0
85.31249133851067,28.1417950842611,41.45364706579859,1476.0
85.31207529926195,28.141538143538583,41.5036514651542,1427.0
85.31157559264203,28.14145199893493,41.55365586450981,1408.0
85.31110939590545,28.141597468767998,41.603660263865414,1360.0
85.31064696955275,28.141782813055013,41.653664663221015,1348.0
85.31014381463669,28.141851403971177,41.70366906257663,1348.0
85.30964372985333,28.14179006129119,41.75367346193224,1349.0
85.30924075660555,28.14151654083623,41.80367786128784,1346.0
85.30884057642974,28.141237630652018,41.85368226064345,1346.0
85.30843331861901,28.140966913700723,41.90368665999906,1340.0
85.30802524448278,28.140697142861214,41.95369105935466,1340.0
85.30761717242234,28.14042737088435,42.003695458710276,1340.0
85.30723635023028,28.14012989255268,42.05369985806588,1345.0
85.30687920806493,28.13980833789946,42.103704257421484,1347.0
85.30652206803224,28.139486782393103,42.1537086567771,1347.0
85.30617944379061,28.139153100340035,42.203713056132706,1347.0
85.30583844303308,28.138818062907546,42.25371745548831,1347.0
85.3055338996571,28.13845867522681,42.30372185484392,1355.0
85.30526459965472,28.138075748275728,42.35372625419952,1353.0
85.30503746907372,28.137673044021135,42.40373065355513,1353.0
85.3048318292528,28.137260260907258,42.453735052910744,1353.0
85.30462619093883,28.13684747752939,42.503739452266345,1347.0
85.30444699534095,28.13642541549679,42.55374385162195,1341.0
85.3042781913101,28.13599970726101,42.60374825097757,1340.0
85.30410938853296,28.135573998849942,42.65375265033317,1340.0
85.30394058700948,28.135148290263587,42.703757049688775,1335.0
85.30373760331756,28.134735505028882,42.75376144904439,1335.0
85.30350786288852,28.13433283585206,42.80376584839999,1333.0
85.3032753596865,28.133931510147022,42.8537702477556,1333.0
85.30301587010307,28.13354330313713,42.903774647111206,1331.0
85.3027141631908,28.133189926082313,42.95377904646681,1331.0
85.30229599117375,28.132932632297887,43.00378344582242,1324.0
85.30185556196189,28.132708350559415,43.05378784517803,1323.0
85.30140189893913,28.132503697559876,43.103792244533636,1322.0
85.30109237530307,28.13215263502987,43.153796643889244,1322.0
85.30091054285062,28.13174120670789,43.20380104324485,1321.0
85.30081490624407,28.13129825898077,43.25380544260046,1322.0
85.3008194411723,28.130847036081786,43.30380984195607,1322.0
85.30081460196561,28.13039606494948,43.353814241311674,1340.0
85.30077925856469,28.12994591317212,43.40381864066728,1359.0
85.30069168243892,28.12950460008997,43.45382304002289,1361.0
85.30046929904908,28.129111466595013,43.5038274393785,1364.0
85.30010830740142,28.128793341619456,43.553831838734105,1383.0
85.29974731788772,28.128475215771513,43.603836238089706,1384.0
85.29938633050794,28.12815708905124,43.65384063744532,1364.0
85.29904874591259,28.127827106596424,43.70384503680093,1364.0
85.29867420948717,28.127540593341138,43.75384943615653,1315.0
85.29836097871863,28.12718491351655,43.80385383551214,1301.0
85.29804003660679,28.126835211151697,43.85385823486775,1275.0
85.29767148817186,28.126523978133505,43.90386263422335,1266.0
85.29730294187264,28.126212744203375,43.953867033578966,1261.0
85.2969343977091,28.12590150936135,44.003871432934574,1260.0
85.29650125125282,28.125677915792863,44.053875832290174,1259.0
85.29600116152027,28.125596383801703,44.10388023164579,1259.0
85.29555013871438,28.12538724773783,44.1538846310014,1259.0
85.29509911772044,28.12517811025964,44.203889030357,1258.0
85.29470149150853,28.124898389784097,44.25389342971261,1258.0
85.29431206306307,28.124607834185984,44.30389782906821,1253.0
85.2940479653718,28.12422602733966,44.35390222842382,1253.0
85.29380218863943,28.123830882095753,44.403906627779435,1253.0
85.29353015516006,28.123454184989704,44.453911027135035,1258.0
85.29315239554643,28.123151768920323,44.50391542649065,1253.0
85.2927446968221,28.122890763080033,44.55391982584626,1253.0
85.29227701242553,28.122712723468926,44.60392422520186,1253.0
85.29183453361972,28.12249810957417,44.65392862455747,1247.0
85.2914571079678,28.122198626311558,44.70393302391308,1245.0
85.29117298152596,28.121824240496945,44.75393742326868,1245.0
85.29088069614443,28.121454878280886,44.803941822624296,1245.0
85.29058428082865,28.121088059250834,44.8539462219799,1245.0
85.2901400903442,28.120872873831498,44.903950621335504,1248.0
85.28972176337479,28.120619910225603,44.95395502069112,1252.0
85.28932664113326,28.120335478996058,45.00395942004672,1254.0
85.28895071043343,28.120035495578197,45.05396381940233,1259.0
85.28866658960857,28.11966111025946,45.10396821875794,1259.0
85.2884057595015,28.119273955541647,45.15397261811354,1256.0
85.28813296168497,28.118897328863394,45.20397701746915,1256.0
85.2877468701527,28.11860331780575,45.253981416824764,1254.0
85.28731675867232,28.118371395837556,45.303985816180365,1251.0
85.28686143856174,28.118170738892694,45.35399021553597,1242.0
85.28641498297175,28.11795409064149,45.40399461489159,1241.0
85.28596852923474,28.11773744100808,45.45399901424719,1238.0
85.28553719233877,28.11749885042999,45.504003413602796,1238.0
85.28511595557262,28.117245601041848,45.5540078129584,1237.0
85.28469655938373,28.11699012864687,45.60401221231401,1237.0
85.28429765890877,28.11670988971749,45.65401661166962,1224.0
85.28389876053359,28.116429649707335,45.704021011025226,1224.0
85.2834998642582,28.116149408616437,45.754025410380834,1224.0
85.28316320089503,28.115811985675585,45.80402980973644,1222.0
85.28291824553231,28.115423849954084,45.85403420909205,1222.0
85.28273743214672,28.11500204945868,45.90403860844766,1221.0
85.28255662009788,28.114580248762316,45.954043007803264,1221.0
85.28225075950876,28.11423043954869,46.00404740715887,1214.0
85.28200491192966,28.113835803504717,46.05405180651448,1214.0
85.28176164244618,28.113439453943474,46.10405620587009,1214.0
85.2814862546908,28.113067140655506,46.154060605225695,1214.0
85.28108644894625,28.112787934843745,46.2040650045813,1218.0
85.28068664529884,28.112508727946157,46.2540694039369,1224.0
85.28028684374857,28.11222951996278,46.30407380329252,1224.0
85.27988704429542,28.11195031089366,46.354078202648125,1213.0
85.27948724693933,28.111671100738842,46.404082602003726,1217.0
85.27908745168033,28.111391889498368,46.45408700135934,1210.0
85.27863826510965,28.111189475286256,46.50409140071495,1206.0
85.27816366858049,28.111026570125,46.55409580007055,1205.0
85.27772438142358,28.1108265732163,46.60410019942616,1202.0
85.27746356120512,28.11043910140467,46.65410459878177,1198.0
85.27720274281212,28.110051629158715,46.70410899813737,1192.0
85.27694192624458,28.109664156478456,46.754113397492986,1192.0
85.27662890212066,28.109316825860834,46.804117796848594,1188.0
85.27623392019488,28.109032387695546,46.854122196204194,1188.0
85.27588722772752,28.108702058116428,46.90412659555981,1188.0
85.27554898514019,28.108365706024102,46.95413099491541,1188.0
85.27525963040253,28.107994506594704,47.00413539427102,1188.0
85.27494928428976,28.107644800389135,47.05413979362663,1191.0
85.27449361174922,28.10744388571295,47.10414419298223,1208.0
85.27402351700718,28.107272087316865,47.15414859233784,1208.0
85.27354837456659,28.10711048026886,47.204152991693455,1208.0
85.27307323363034,28.10694887163321,47.254157391049056,1205.0
85.272670743368,28.106687350923664,47.30416179040466,1198.0
85.27237492571379,28.106322349844703,47.35416618976028,1197.0
85.27209739482174,28.10594412233569,47.40417058911588,1195.0
85.27181190945774,28.105570595225785,47.454174988471486,1191.0
85.27152510941812,28.105197845489048,47.5041793878271,1191.0
85.27123831132359,28.104825095220924,47.5541837871827,1190.0
85.27104723210695,28.10440891881391,47.60418818653831,1182.0
85.27074478962649,28.10407894398694,47.65419258589392,1178.0
85.27030857135794,28.10384656956867,47.704196985249524,1171.0
85.26987235502064,28.1036141938382,47.75420138460513,1168.0
85.26948300005122,28.103328000261083,47.80420578396074,1167.0
85.269119090773,28.103012584585628,47.85421018331635,1166.0
85.26875518362723,28.102697168024886,47.904214582671955,1161.0
85.26828831354862,28.102540059014558,47.95421898202756,1161.0
85.26778556251733,28.102470259984038,48.00422338138317,1158.0
85.26729163576016,28.102371436010394,48.05422778073878,1158.0
85.26690729551748,28.10207773516013,48.104232180094385,1158.0
85.26656063475876,28.101747744473293,48.15423657944999,1158.0
85.26622510446872,28.101408493459616,48.2042409788056,1155.0
85.26588049990316,28.101079440500026,48.25424537816121,1162.0
85.26551989093107,28.100761065962608,48.304249777516816,1164.0
85.26516333881405,28.10043913251075,48.354254176872416,1164.0
85.26480997224087,28.10011486324304,48.40425857622803,1170.0
85.26458114021257,28.099711826718643,48.45426297558364,1170.0
85.26435270019094,28.09930862553539,48.50426737493924,1170.0
85.26414518932442,28.098896614118512,48.554271774294854,1158.0
85.2639376799727,28.09848460243461,48.60427617365046,1129.0
85.26358805221604,28.09815718992184,48.65428057300606,1129.0
85.26320573447532,28.097861619009855,48.70428497236168,1129.0
85.26279928969453,28.097590154900516,48.754289371717284,1129.0
85.26236747218795,28.097351444721035,48.804293771072885,1129.0
85.26194168337223,28.097106844956024,48.8542981704285,1127.0
85.26171463466831,28.096718051766256,48.9043025697841,1127.0
85.26161596129936,28.09627600242305,48.95430696913971,1116.0
85.26135448963583,28.095895975366616,49.00431136849532,1112.0
85.26089105474345,28.0957108237612,49.05431576785092,1110.0
85.26042319659066,28.095534515570655,49.10432016720653,1110.0
85.25993565710922,28.09540532257077,49.154324566562146,1108.0
85.25944811888604,28.095276127887004,49.204328965917746,1110.0
85.25896058192113,28.095146931519377,49.254333365273354,1108.0
85.25845687494876,28.095085857651508,49.30433776462897,1106.0
85.25795197921857,28.09502979253691,49.35434216398457,1101.0
85.25744748415583,28.094971613109895,49.40434656334018,1100.0
85.25694963330979,28.094878350098995,49.45435096269579,1098.0
85.25645516674845,28.094775622741693,49.50435536205139,1097.0
85.25598767483724,28.09459745401817,49.554359761407,1096.0
85.25552246071462,28.094415123158083,49.60436416076261,1095.0
85.25507530418602,28.094199786583726,49.654368560118215,1094.0
85.25462814950224,28.093984448624575,49.70437295947382,1093.0
85.25418099666328,28.093769109280647,49.75437735882943,1092.0
85.25372572535457,28.093568073238938,49.80438175818504,1091.0
85.25326433654378,28.093377815327532,49.854386157540645,1090.0
85.25280294943077,28.093187555931447,49.90439055689625,1091.0
85.2523415640156,28.09299729505073,49.95439495625186,1090.0
85.25187597120087,28.092816782251912,50.00439935560747,1090.0
85.25138927593383,28.092685151004012,50.054403754963076,1085.0
85.25090258194466,28.09255351807939,50.10440815431868,1079.0
85.25041434996892,28.092426742656244,50.15441255367429,1079.0
85.2499215584184,28.092314362999517,50.2044169530299,1074.0
85.2494287679897,28.092201981615975,50.254421352385506,1074.0
85.24893170976513,28.092120805339697,50.30442575174111,1074.0
85.2484229138021,28.092125436280526,50.35443015109672,1074.0
85.24791411790343,28.092130065331233,50.40443455045233,1072.0
85.24740563402798,28.09211482996275,50.45443894980793,1074.0
85.2468971811156,28.092097637889186,50.504443349163544,1072.0
85.24639271784633,28.09215546129519,50.55444774851915,1070.0
85.24588834621346,28.092215014338326,50.60445214787475,1068.0
85.24538521267735,28.092282282741497,50.65445654723037,1068.0
85.24488213324311,28.092349889648027,50.704460946585975,1068.0
85.24437905328145,28.092417494679474,50.754465345941576,1074.0
85.24387060635287,28.09242596254759,50.80446974529719,1074.0
85.24336199957057,28.09242684351326,50.8544741446528,1074.0
85.24285573599505,28.092381642507288,50.9044785440084,1065.0
85.24241546077168,28.09217270277081,50.95448294336401,1063.0
85.24199157521043,28.091923098361256,51.004487342719614,1063.0
85.24154523046549,28.091709742164934,51.05449174207522,1063.0
85.24108037701866,28.0915262579638,51.104496141430836,1057.0
85.24060412461841,28.091383441870917,51.15450054078644,1057.0
85.24009650224066,28.091352533856547,51.204504940142044,1055.0
85.2395888802615,28.091321623975762,51.25450933949766,1055.0
85.23908187968307,28.091283960168514,51.30451373885326,1055.0
85.23857531929661,28.09124151362093,51.35451813820887,1055.0
85.23806875941575,28.091199065219563,51.40452253756448,1048.0
85.23756220004053,28.091156614964426,51.45452693692008,1046.0
85.23706092043918,28.091092771206522,51.50453133627569,1046.0
85.23658067660074,28.090943692860165,51.5545357356313,1047.0
85.23610043417527,28.09079461288873,51.604540134986905,1046.0
85.23562019316282,28.090645531292257,51.65454453434251,1046.0
85.23513166385614,28.090520558397237,51.70454893369812,1039.0
85.23463933074927,28.090406650444837,51.75455333305373,1039.0
85.23414699877763,28.090292740769925,51.804557732409336,1038.0
85.23365466794125,28.090178829372533,51.85456213176494,1037.0
85.23318086178632,28.090020498903613,51.90456653112055,1037.0
85.23272343199322,28.089822902109354,51.95457093047616,1037.0
85.23227901345155,28.089607991419395,52.004575329831766,1035.0
85.23189729278808,28.08930964678764,52.054579729187374,1033.0
85.23151557425048,28.089011301176807,52.10458412854298,1030.0
85.23113869022458,28.088708177453334,52.15458852789859,1029.0
85.23076296602842,28.08840390831743,52.2045929272542,1020.0
85.23038724396235,28.08809963823553,52.2545973266098,1018.0
85.23000098397965,28.08780708348936,52.30460172596541,1015.0
85.22958301424723,28.0875497783982,52.35460612532102,1015.0
85.22916504654748,28.087292472114523,52.40461052467662,1010.0
85.2288018107454,28.086982529216787,52.454614924032235,1009.0
85.22847882830642,28.08663387459212,52.50461932338784,1009.0
85.22822213075924,28.08625030965197,52.55462372274344,1009.0
85.22803150276582,28.085831947892007,52.60462812209906,1003.0
85.22780095537217,28.08543113745426,52.654632521454666,1000.0
85.2275409307025,28.085043287345293,52.70463692081027,999.0
85.22727522030644,28.084659400552866,52.75464132016588,999.0
85.22691179633593,28.084343612709002,52.80464571952149,999.0
85.2265278289308,28.084049892310055,52.854650118877096,999.0
85.22610942836684,28.083793158244365,52.904654518232704,1002.0
85.22565097293666,28.083608421500603,52.954658917588304,1003.0
85.22516668092787,28.083470124657765,53.00466331694392,1007.0
85.22468717204839,28.08332057378093,53.05466771629953,1008.0
85.22422043201583,28.08314097766291,53.10467211565513,1008.0
85.22375369361242,28.08296138002276,53.15467651501074,1003.0
85.22328879689638,28.082778078736304,53.20468091436635,1001.0
85.22282445288913,28.082593667249228,53.25468531372195,997.0
85.22236011054262,28.082409254257648,53.304689713077565,996.0
85.22189576985689,28.08222483976161,53.35469411243317,993.0
85.2214380993919,28.082028440963835,53.40469851178877,986.0
85.2209906302876,28.08181371303608,53.45470291114439,983.0
85.22054316302487,28.081598983723318,53.504707310499995,982.0
85.2200956976037,28.08138425302559,53.554711709855596,978.0
85.21966905310406,28.081142757713362,53.60471610921121,975.0
85.21928385607511,28.08084798255655,53.65472050856681,974.0
85.21891721035293,28.08053666033982,53.70472490792242,973.0
85.21858264891424,28.080196719672397,53.75472930727803,972.0
85.21824808956923,28.079856778269356,53.804733706633634,972.0
85.21791013569681,28.079519513596225,53.85473810598924,968.0
85.21756877058758,28.079184938807675,53.904742505344856,967.0
85.2172274075848,28.078850363250975,53.95474690470046,962.0
85.21688604668839,28.07851578692613,54.004751304056064,961.0
85.21652725232566,28.078197236858752,54.05475570341168,956.0
85.21613806798982,28.077906622687443,54.10476010276728,954.0
85.21574888576943,28.077616007496207,54.15476450212289,949.0
85.21535970566447,28.077325391285093,54.204768901478495,945.0
85.21497052767491,28.077034774054138,54.2547733008341,945.0
85.21457939869538,28.07674638763718,54.30477770018971,945.0
85.21416543219884,28.076484099165025,54.35478209954532,945.0
85.21375146775075,28.07622180952628,54.404786498900926,939.0
85.21333750535112,28.07595951872099,54.45479089825653,939.0
85.2129235449999,28.075697226749213,54.50479529761214,934.0
85.21247957240601,28.07547921358963,54.55479969696775,934.0
85.21202423945887,28.075277961579115,54.604804096323356,929.0
85.21156890827673,28.075076708129437,54.654808495678964,925.0
85.2111098291425,28.074883147386966,54.70481289503457,924.0
85.21063258719953,28.074726857133907,54.75481729439018,924.0
85.21015534672301,28.074570565280492,54.80482169374579,924.0
85.20968764079853,28.074394866228147,54.854826093101394,923.0
85.20928682474093,28.07413601476425,54.904830492456995,921.0
85.20898894203111,28.073770231514743,54.95483489181261,921.0
85.20869106130614,28.0734044476928,55.00483929116822,919.0
85.20857567355598,28.072971504289093,55.05484369052382,914.0
85.20849410488547,28.07252611519696,55.10484808987943,912.0
85.20841253678344,28.07208072605986,55.15485248923504,905.0
85.20831049152241,28.071638959699516,55.20485688859064,905.0
85.20819317374709,28.071199895345085,55.254861287946255,905.0
85.20799075946876,28.070789970173593,55.30486568730186,904.0
85.2077450330725,28.070394875441288,55.35487008665746,905.0
85.20749930841646,28.069999780330132,55.40487448601308,906.0
85.20719318889338,28.06964451997469,55.454878885368686,905.0
85.20683736851699,28.069322040879946,55.504883284724286,905.0
85.20648155026461,28.068999560945926,55.5548876840799,906.0
85.2061257341362,28.068677080172666,55.6048920834355,910.0
85.20573539729071,28.068387749723147,55.65489648279111,910.0
85.2054817120901,28.068006874611275,55.704900882146724,910.0
85.20537127225114,28.06757246752618,55.754905281502324,902.0
85.20536092013482,28.067124397917436,55.80490968085793,891.0
85.20545120468223,28.066680334732617,55.85491408021355,882.0
85.20567652454366,28.066282499535248,55.90491847956915,882.0
85.20594596645059,28.06589976907287,55.954922878924755,881.0
85.20620859982779,28.065513459599675,56.00492727828037,881.0
85.20645773195355,28.06512005261877,56.05493167763597,882.0
85.20673323241951,28.064742110461854,56.10493607699158,884.0
85.20704372314114,28.06438468954177,56.15494047634719,887.0
85.20725489577633,28.063976847970878,56.20494487570279,916.0
85.20744503210672,28.063558327298516,56.2549492750584,930.0
85.20762777504915,28.063137519873866,56.30495367441401,930.0
85.20777222816615,28.062704869019232,56.354958073769616,930.0
85.20791668003254,28.062272217933145,56.404962473125224,928.0
85.20806113064836,28.061839566615607,56.45496687248083,921.0
85.20814467065097,28.061394739828565,56.50497127183644,873.0
85.20816722637952,28.060947624173718,56.55497567119205,866.0
85.20811527687313,28.06049875574184,56.604980070547654,866.0
85.20818517056858,28.060064070184946,56.65498446990326,866.0
85.20839902287344,28.05965532173287,56.70498886925887,866.0
85.20863028389063,28.05925342584194,56.75499326861448,870.0
85.20863979593912,28.058806751302534,56.804997667970085,870.0
85.20862742003675,28.05835565682736,56.85500206732569,870.0
85.20860986669435,28.057904734786003,56.9050064666813,867.0
85.20858407436438,28.057454087161098,56.95501086603691,856.0
85.20855828213973,28.05700343951314,57.00501526539251,842.0
85.20853249002039,28.05655279184213,57.05501966474812,842.0
85.20851215216015,28.056101925400462,57.10502406410373,838.0
85.20849200023534,28.05565105148056,57.15502846345933,838.0
85.2084718483686,28.0552001775373,57.205032862814946,838.0
85.20833944977228,28.054782690183412,57.25503726217055,837.0
85.20806509605461,28.054403681154973,57.305041661526154,837.0
85.20782645133441,28.054005472379085,57.35504606088177,835.0
85.2075563770836,28.053623108753143,57.405050460237376,835.0
85.207286304697,28.053240744663693,57.45505485959298,835.0
85.20701623417453,28.05285838011077,57.50505925894859,833.0
85.20667345440981,28.05252645118603,57.55506365830419,828.0
85.20632031564095,28.052201708445722,57.6050680576598,828.0
85.20596717899177,28.05187696488017,57.655072457015414,828.0
85.20559516913836,28.051571254423862,57.705076856371015,826.0
85.20518711117765,28.051301896061887,57.75508125572662,825.0
85.20477905528406,28.051032536570585,57.80508565508224,819.0
85.20437100145762,28.05076317595001,57.85509005443784,818.0
85.2039629496983,28.0504938142002,57.905094453793446,816.0
85.20355490000607,28.05022445132118,57.95509885314906,816.0
85.20319373569652,28.04990807410811,58.00510325250466,818.0
85.20284264728974,28.049581594353302,58.05510765186027,816.0
85.20261008015021,28.04919245485868,58.10511205121588,815.0
85.20245350085551,28.04876314240147,58.155116450571484,812.0
85.20236479079178,28.048319642251883,58.20512084992709,810.0
85.20228884809627,28.04787347320634,58.2551252492827,809.0
85.20218572654754,28.047433088938877,58.30512964863831,809.0
85.20202524165242,28.04700491389119,58.355134047993914,808.0
85.20182253323782,28.046597665307505,58.40513844734952,808.0
85.20149572785299,28.0462519197128,58.45514284670513,807.0
85.20116892454068,28.045906173420324,58.50514724606074,803.0
85.20082551486088,28.045573582347266,58.555151645416345,803.0
85.20047519258166,28.04524646777586,58.60515604477195,803.0
85.20012487241826,28.04491935239385,58.65516044412756,801.0
85.19975243306376,28.044612185381922,58.70516484348317,800.0
85.19937806799743,28.044306755979225,58.755169242838775,800.0
85.19900370505708,28.04400132564073,58.80517364219438,797.0
85.19861005752345,28.0437174013982,58.85517804154999,793.0
85.19819048099939,28.043462392288593,58.9051824409056,792.0
85.19777090649615,28.043207381979343,58.9551868402612,791.0
85.19736561155469,28.042934947865625,59.00519123961681,791.0
85.19696281429435,28.042659467311065,59.05519563897242,788.0
85.19656001911635,28.042383985659395,59.10520003832802,788.0
85.19615722602066,28.042108502910637,59.155204437683636,787.0
85.19575443500729,28.04183301906487,59.205208837039244,788.0
85.19535164607618,28.0415575341221,59.255213236394845,788.0
85.19494885922734,28.04128204808239,59.30521763575046,785.0
85.1946575199778,28.040914484468907,59.35522203510607,785.0
85.19437647355755,28.040538417959635,59.40522643446167,782.0
85.19409542905021,28.040162350946403,59.45523083381728,782.0
85.19398789819228,28.039728360860853,59.50523523317289,778.0
85.19391984331669,28.039281192821186,59.55523963252849,774.0
85.1938517888969,28.03883402474632,59.605244031884105,774.0
85.19383768505244,28.038383021607277,59.655248431239706,774.0
85.1938246309492,28.037931943823406,59.70525283059531,773.0
85.1938115768436,28.037480866015212,59.75525722995093,768.0
85.19379852273568,28.037029788182704,59.80526162930653,768.0
85.19380267068287,28.036578786510102,59.855266028662136,765.0
85.19382079896555,28.03612784671972,59.90527042801775,765.0
85.19383892698579,28.03567690689176,59.95527482737335,765.0
85.19387681373422,28.035227345433803,60.00527922672896,765.0
85.1939383323594,28.03477943252854,60.055283626084574,765.0
85.19399985036648,28.034331519544203,60.105288025440174,765.0
85.19406631858077,28.03388438511603,60.15529242479578,761.0
85.1941820490253,28.03344499835312,60.20529682415139,757.0
85.19426126383556,28.033000061886497,60.255301223507,757.0
85.19431693147591,28.03255154670022,60.305305622862605,756.0
85.19437259854554,28.03210303144202,60.35531002221821,756.0
85.19419267341537,28.03168360833308,60.40531442157382,754.0
85.1940011069019,28.031265622718127,60.455318820929435,754.0
85.19380954179007,28.030847636880708,60.505323220285035,754.0
85.19364411612267,28.030421040278576,60.55532761964064,753.0
85.19348187400371,28.02999339517044,60.60533201899626,753.0
85.1933196330796,28.029565749905103,60.65533641835186,750.0
85.19315739335032,28.029138104482573,60.705340817707466,747.0
85.19299101240982,28.028711843166562,60.75534521706308,746.0
85.19279504624448,28.028295468559467,60.80534961641868,742.0
85.19259908151022,28.027879093719072,60.85535401577429,746.0
85.19240311820704,28.027462718645385,60.905358415129896,745.0
85.1921703359006,28.027065982145913,60.955362814485504,745.0
85.1918479092738,28.02671705943569,61.00536721384111,745.0
85.19152548470629,28.026368136048585,61.05537161319672,745.0
85.19112071386394,28.026120495905364,61.10537601255233,744.0
85.19064258800461,28.025971825646668,61.155380411907935,739.0
85.1901358834302,28.02593395729858,61.20538481126354,737.0
85.18962917932086,28.02589608709699,61.25538921061915,737.0
85.18912380551183,28.025851066761597,61.30539360997476,737.0
85.18863027006314,28.025742414102115,61.355398009330365,735.0
85.1881367357052,28.025633759713415,61.40540240868597,734.0
85.18765840148836,28.02548070791599,61.45540680804158,731.0
85.18719110824777,28.025312892211076,61.50541120739719,729.0
85.18684947953548,28.024978672564067,61.555415606752796,729.0
85.18655199296444,28.02461352410936,61.605420006108396,729.0
85.18626485830711,28.02424112309481,61.65542440546401,729.0
85.18601553478777,28.023852514004275,61.70542880481962,728.0
85.1858652793803,28.023421438030272,61.75543320417522,728.0
85.18571502507845,28.022990361922236,61.805437603530834,728.0
85.18568370330381,28.02254281124608,61.85544200288644,721.0
85.18567875903776,28.022091606714376,61.90544640224204,721.0
85.18569974020662,28.02164290738886,61.95545080159766,719.0
85.18581400405657,28.021203222104468,62.005455200953264,719.0
85.18596309678905,28.02077536153675,62.055459600308865,716.0
85.18620871650982,28.020380272354075,62.10546399966448,716.0
85.18653071002379,28.020035651550312,62.15546839902009,716.0
85.1868700402371,28.01970253356103,62.20547279837569,713.0
85.1871138769225,28.019306576480343,62.2554771977313,713.0
85.18717747580885,28.018867600833605,62.3054815970869,710.0
85.18719036051212,28.01841651934571,62.35548599644251,707.0
85.1871268406459,28.017970322347892,62.405490395798125,707.0
85.18704123347705,28.01752553737583,62.455494795153726,706.0
85.18679731306015,28.017137797617117,62.50549919450933,705.0
85.18650928753742,28.016765950428933,62.55550359386495,705.0
85.18622206286673,28.016393617549113,62.60550799322055,704.0
85.18593580954312,28.016020695441657,62.655512392576156,702.0
85.18564955815238,28.015647772810798,62.70551679193177,700.0
85.18539877924863,28.015257620844352,62.75552119128737,699.0
85.18519911187273,28.014842643357717,62.80552559064298,698.0
85.18499944595138,28.014427665628787,62.85552998999859,698.0
85.18487503380084,28.013992004448227,62.905534389354195,697.0
85.18472664370634,28.01356076139064,62.9555387887098,695.0
85.18457114678341,28.013131155548187,63.00554318806541,693.0
85.18441565100447,28.01270154956207,63.05554758742102,692.0
85.18426196613309,28.012271434078077,63.105551986776625,690.0
85.18411007148305,28.011840814917694,63.15555638613223,688.0
85.18395817795019,28.01141019562042,63.20556078548784,688.0
85.18382960671393,28.010976574209582,63.25556518484345,688.0
85.18383670727772,28.010525402899223,63.305569584199056,687.0
85.18382549077681,28.010074286467674,63.35557398355466,685.0
85.1838142742575,28.009623170011466,63.40557838291027,685.0
85.1837777747126,28.00917325864421,63.45558278226588,682.0
85.18373448659504,28.008723670839863,63.505587181621486,682.0
85.18369119872678,28.008274083010818,63.55559158097709,680.0
85.18366376624148,28.007823755391154,63.6055959803327,678.0
85.18365370067814,28.007372617446045,63.65560037968831,678.0
85.18364363508675,28.00692147947601,63.70560477904391,677.0
85.1837454483103,28.006483606162654,63.755609178399524,677.0
85.18388858551248,28.006050632266923,63.80561357775513,676.0
85.18405487427711,28.005624936434344,63.85561797711073,670.0
85.1842507025473,28.00520852674631,63.90562237646635,670.0
85.18442797162581,28.004786362627993,63.955626775821955,670.0
85.18456689845762,28.004352310079973,64.00563117517756,670.0
85.18457315391744,28.003922552990087,64.05563557453317,670.0
85.18439896489264,28.003498638269633,64.10563997388877,670.0
85.18422477714675,28.003074723367504,64.15564437324439,669.0
85.18409552136065,28.002640201996662,64.20564877259999,669.0
85.18400942077534,28.002195493557096,64.25565317195559,668.0
85.18402204054905,28.001750143560724,64.3056575713112,666.0
85.18412916218057,28.001311394092877,64.35566197066682,664.0
85.18432198849173,28.00089388483764,64.40566637002242,664.0
85.18451028264543,28.000474768965926,64.45567076937803,663.0
85.18469459889276,28.000054242984376,64.50567516873363,663.0
85.18484922271666,27.999624711632727,64.55567956808923,662.0
85.18500827959328,27.999196630662613,64.60568396744485,660.0
85.1851993410474,27.998778483741898,64.65568836680046,660.0
85.1854132231055,27.998373005905314,64.70569276615606,660.0
85.1857531965551,27.998037526503396,64.75569716551168,660.0
85.18604890439546,27.997676224697553,64.80570156486728,658.0
85.18619198614435,27.997253716881072,64.85570596422289,654.0
85.18617668264676,27.996802693845176,64.90571036357849,653.0
85.18592998400229,27.996411641281703,64.9557147629341,653.0
85.18557063644498,27.996098098589282,65.00571916228971,651.0
85.18518991968162,27.995799441172935,65.05572356164532,651.0
85.18483250991662,27.995478564719043,65.10572796100092,651.0
85.18447510226908,27.995157687420672,65.15573236035654,651.0
85.18411769673894,27.994836809277864,65.20573675971214,648.0
85.18375229665745,27.994523321281935,65.25574115906774,648.0
85.18337664911381,27.99421930563804,65.30574555842335,646.0
85.18300100369024,27.99391528905352,65.35574995777897,646.0
85.18264337615378,27.993597772242296,65.40575435713457,644.0
85.18236877283482,27.993218045868247,65.45575875649018,642.0
85.18227798707316,27.992784169671005,65.50576315584578,641.0
85.18233390810104,27.992336964287013,65.5557675552014,641.0
85.18242888899968,27.99189578277617,65.605771954557,640.0
85.18261879071542,27.991477224551172,65.6557763539126,639.0
85.18280089364116,27.99105602285147,65.70578075326821,638.0
85.18294729464328,27.990626897941304,65.75578515262383,638.0
85.18297478354135,27.990176330867293,65.80578955197943,636.0
85.18273257673259,27.98979089964287,65.85579395133503,636.0
85.18235840050357,27.989497798686823,65.90579835069065,636.0
85.18192645303417,27.98926146408412,65.95580275004625,635.0
85.18146571857953,27.98907083721954,66.00580714940185,635.0
85.18100444705071,27.988881275692105,66.05581154875748,634.0
85.18055842001081,27.988669599004034,66.10581594811308,633.0
85.18028124814458,27.98829395169196,66.15582034746868,632.0
85.18018905656508,27.987855006656666,66.20582474682429,632.0
85.18020683231495,27.987406723898584,66.25582914617989,632.0
85.1802613844021,27.98695810294139,66.30583354553549,630.0
85.18031593592758,27.986509481913476,66.35583794489112,630.0
85.18040939981252,27.986066205093614,66.40584234424672,628.0
85.1805101194995,27.985623924770664,66.45584674360232,627.0
85.18060776937227,27.985181337514938,66.50585114295794,626.0
85.18062038315837,27.984730249269536,66.55585554231354,625.0
85.18060406968993,27.984280247733167,66.60585994166914,623.0
85.180548568839,27.983831718381854,66.65586434102477,622.0
85.18049269327734,27.983383226220486,66.70586874038037,622.0
85.18043525886158,27.982934888755892,66.75587313973597,622.0
85.18038119283841,27.982486428077724,66.80587753909158,622.0
85.18039688740284,27.98203541590344,66.85588193844718,621.0
85.18041258172451,27.981584403693116,66.90588633780278,621.0
85.18056087981844,27.981152955252995,66.95589073715841,620.0
85.18073060234028,27.980728450603813,67.00589513651401,619.0
85.18093876734451,27.980316800396082,67.05589953586961,618.0
85.1811469306921,27.979905149775238,67.10590393522523,618.0
85.18131435021876,27.97947916914397,67.15590833458083,618.0
85.18148024149188,27.979052651207333,67.20591273393643,618.0
85.1816319356276,27.978622034495075,67.25591713329204,617.0
85.18178038177581,27.978190480173758,67.30592153264766,617.0
85.18185258166129,27.977745499067158,67.35592593200326,617.0
85.1819281283072,27.97730010253893,67.40593033135886,617.0
85.18203692318934,27.976859332885716,67.45593473071447,617.0
85.18213631423758,27.976416842384303,67.50593913007008,617.0
85.18223272515036,27.97597380655763,67.55594352942569,616.0
85.18236209195386,27.975538417931244,67.6059479287813,613.0
85.18252219414889,27.975110161233452,67.6559523281369,612.0
85.18268229498844,27.974681904264344,67.7059567274925,609.0
85.18290655493777,27.974277692016486,67.75596112684812,609.0
85.18314053929984,27.97387712429748,67.80596552620372,608.0
85.18344337717194,27.973515012283755,67.85596992555934,608.0
85.18383927982424,27.973245453209664,67.90597432491495,608.0
85.18422383237395,27.97297102706959,67.95597872427055,608.0
85.18447769912888,27.97258011995519,68.00598312362615,609.0
85.18455577428432,27.972145915662665,68.05598752298177,609.0
85.18448941295051,27.971710186960998,68.10599192233737,609.0
85.18429889521671,27.971291860551922,68.15599632169298,609.0
85.18403367114776,27.970920895120273,68.2060007210486,609.0
85.18364985514556,27.970625111863967,68.2560051204042,604.0
85.18319236443284,27.970440888806657,68.3060095197598,603.0
85.1827012139874,27.97033598208048,68.35601391911541,602.0
85.18219699307939,27.970279379932972,68.40601831847101,601.0
85.18169335384486,27.970219233896806,68.45602271782663,601.0
85.18119189486417,27.9701457994462,68.50602711718223,600.0
85.1807226353325,27.969978859052393,68.55603151653784,600.0
85.18024980739392,27.969815299343782,68.60603591589344,601.0
85.17976716517813,27.96967392257251,68.65604031524904,601.0
85.17939564921308,27.969370562034726,68.70604471460466,601.0
85.17897480307859,27.96912753934835,68.75604911396027,601.0
85.17859497898122,27.968844947999102,68.80605351331587,599.0
85.17828472022217,27.968487583715667,68.85605791267149,599.0
85.17798807929199,27.96812277316476,68.90606231202709,596.0
85.17779716676486,27.96770459209307,68.95606671138269,594.0
85.17767437565797,27.967267404343875,69.0060711107383,593.0
85.17756539707844,27.966826712871992,69.05607551009392,592.0
85.17746758782945,27.966383920540647,69.10607990944952,591.0
85.17727863046933,27.965967866758064,69.15608430880513,591.0
85.17701075542244,27.96558587871388,69.20608870816073,591.0
85.17669785128854,27.96523117185267,69.25609310751634,590.0
85.17632662172934,27.96493372923153,69.30609750687195,589.0
85.1758731718773,27.9647299829315,69.35610190622756,588.0
85.17541422237193,27.96453753166902,69.40610630558317,588.0
85.17493643733319,27.96438375841089,69.45611070493878,588.0
85.17445865373644,27.96422998355342,69.50611510429438,588.0
85.17398087158173,27.96407620709664,69.55611950364998,588.0
85.17351591506208,27.963894370674996,69.6061239030056,588.0
85.17305255590558,27.96370904144988,69.65612830236121,588.0
85.17258919840813,27.9635237107336,69.70613270171681,587.0
85.17211771263959,27.963357426068455,69.75613710107243,585.0
85.17163239771666,27.963223543299723,69.80614150042803,583.0
85.17117790714062,27.963038031215365,69.85614589978363,583.0
85.17078620020864,27.962751045715795,69.90615029913923,581.0
85.17042331188324,27.962435153913965,69.95615469849486,581.0
85.17007960338636,27.962103131615905,70.00615909785046,582.0
85.16975585547604,27.961755735778073,70.05616349720606,581.0
85.16945079458462,27.96139485181241,70.10616789656167,581.0
85.16917204340454,27.961017633626465,70.15617229591727,578.0
85.16889607040494,27.96063874916615,70.20617669527287,578.0
85.16862624894489,27.960256378525955,70.2561810946285,578.0
85.168426981845,27.95984195119242,70.3061854939841,578.0
85.16824741658242,27.959420159634952,70.3561898933397,578.0
85.16809395218972,27.95899000028307,70.40619429269532,580.0
85.16793208438753,27.95856233485995,70.45619869205092,580.0
85.16776343070734,27.95813668336113,70.50620309140652,580.0
85.16751305257668,27.95774438936258,70.55620749076215,580.0
85.16723128721756,27.957370525024896,70.60621189011775,574.0
85.16691118582068,27.957020071769506,70.65621628947335,574.0
85.16656075552724,27.956694128521733,70.70622068882896,574.0
85.16615795923332,27.956419737757624,70.75622508818456,575.0
85.16572333480241,27.95619150978927,70.80622948754016,577.0
85.1652577452213,27.95601071179494,70.8562338868958,577.0
85.16477019694976,27.955895468594427,70.9062382862514,577.0
85.16426901602411,27.955820922926335,70.956242685607,572.0
85.16377942246021,27.955708130451423,71.00624708496261,572.0
85.16331730591918,27.95552486038434,71.05625148431821,571.0
85.16288501873147,27.95528766498924,71.10625588367381,571.0
85.16254288069644,27.954960633566092,71.15626028302943,567.0
85.16231600037128,27.954569745589183,71.20626468238504,567.0
85.16220959853908,27.954128522588473,71.25626908174064,566.0
85.16222147248966,27.953682561927025,71.30627348109624,566.0
85.16228270323238,27.953234624149093,71.35627788045186,566.0
85.16234393335918,27.95278668629216,71.40628227980746,564.0
85.16245073486597,27.95234602730939,71.45628667916307,566.0
85.16256912755247,27.951907219716748,71.50629107851869,568.0
85.16265352830263,27.951465269941522,71.55629547787429,566.0
85.16263945309612,27.95101421731875,71.60629987722989,566.0
85.16262878073346,27.95056310844077,71.6563042765855,566.0
85.16262394798932,27.950111903037836,71.7063086759411,564.0
85.1627249940347,27.949671372465236,71.75631307529672,562.0
85.16284361378322,27.94923261363411,71.80631747465233,562.0
85.16291172089748,27.94878578831976,71.85632187400793,562.0
85.16299618882756,27.948342134366733,71.90632627336353,562.0
85.16314011989768,27.94790938886079,71.95633067271915,563.0
85.1631009614561,27.947461201275637,72.00633507207475,568.0
85.1629583012452,27.947028124303497,72.05633947143036,568.0
85.16273136505154,27.946627286368198,72.10634387078598,568.0
85.1624645511103,27.946245458463245,72.15634827014158,568.0
85.16207802531078,27.945952566942736,72.20635266949718,560.0
85.16169150161626,27.9456596744238,72.2563570688528,560.0
85.16133566539563,27.9453390044419,72.3063614682084,560.0
85.16103587189225,27.944976442008418,72.35636586756401,560.0
85.16078213314599,27.94458617656838,72.40637026691962,561.0
85.16056055471361,27.9441804863659,72.45637466627522,561.0
85.16039793711542,27.943753496700815,72.50637906563082,560.0
85.16017994396773,27.943345909222245,72.55638346498642,560.0
85.1599619523862,27.94293832145349,72.60638786434205,559.0
85.15979577866565,27.9425195230516,72.65639226369765,559.0
85.15977824852492,27.94206856594148,72.70639666305325,558.0
85.15964521810285,27.941634699118598,72.75640106240887,558.0
85.15949715864417,27.941203056135706,72.80640546176447,557.0
85.15934910026921,27.94077141302403,72.85640986112007,557.0
85.1591693557614,27.940353130391212,72.9064142604757,554.0
85.15888631985025,27.93997839988659,72.9564186598313,554.0
85.15860328585089,27.939603668873712,73.0064230591869,552.0
85.1583024018413,27.93924064595345,73.05642745854252,551.0
85.15798237390766,27.938890179719255,73.10643185789812,552.0
85.15768504610989,27.938524542018314,73.15643625725372,554.0
85.15739783485424,27.938152563931794,73.20644065660935,551.0
85.15715798190563,27.937754783216967,73.25644505596495,549.0
85.15691813065234,27.93735700214629,73.30644945532055,549.0
85.15671551311155,27.936944515163347,73.35645385467616,548.0
85.15654354893078,27.93651992132061,73.40645825403176,547.0
85.1563715860079,27.936095327302468,73.45646265338736,547.0
85.15620641403373,27.935668677570675,73.50646705274299,546.0
85.15605056550778,27.935239205424132,73.55647145209859,546.0
85.15589471812288,27.934809733134674,73.60647585145419,546.0
85.15577766303548,27.9343714151269,73.6564802508098,545.0
85.1556812742803,27.9339283846622,73.70648465016541,545.0
85.1555997241258,27.933483168468054,73.75648904952101,545.0
85.15546432939982,27.9330527551063,73.80649344887664,551.0
85.15525950301468,27.932639825174746,73.85649784823224,561.0
85.15501056185632,27.93225137291396,73.90650224758784,561.0
85.15467442294634,27.931916004965476,73.95650664694344,555.0
85.15421295833539,27.931759027355636,74.00651104629905,551.0
85.15371046468461,27.931825570684005,74.05651544565465,545.0
85.15325356432774,27.93200526817288,74.10651984501027,543.0
85.15288463106936,27.932303843917385,74.15652424436588,541.0
85.1525750020505,27.93266158815847,74.20652864372148,540.0
85.15226537096135,27.933019331587378,74.25653304307708,540.0
85.15193471613497,27.933361833475615,74.3065374424327,539.0
85.15156381989615,27.933661756967126,74.3565418417883,539.0
85.15109649065415,27.93375219869486,74.40654624114391,537.0
85.15060605263152,27.933657185290105,74.45655064049953,536.0
85.15026554186493,27.933333703156993,74.50655503985513,536.0
85.15012522692298,27.93290603763164,74.55655943921073,536.0
85.15012044857093,27.932454833167224,74.60656383856634,538.0
85.15011567100774,27.9320036286693,74.65656823792195,538.0
85.15008167996488,27.931554369777498,74.70657263727756,538.0
85.14998924233555,27.93111384290893,74.75657703663317,538.0
85.14974721390783,27.93071711171756,74.80658143598878,534.0
85.14953030473806,27.930309266298398,74.85658583534438,531.0
85.14931951170921,27.929898715047248,74.90659023469999,531.0
85.14908659310134,27.929497880446945,74.95659463405559,531.0
85.1488472655352,27.92909986067425,75.0065990334112,531.0
85.1488287332485,27.928651999985597,75.05660343276682,532.0
85.14907099505605,27.92830432970416,75.10660783212242,534.0
85.14949747804202,27.92805919198497,75.15661223147802,534.0
85.1498893273553,27.927779088151727,75.20661663083362,535.0
85.15022336898897,27.927439121020033,75.25662103018924,539.0
85.150505275368,27.927065295981667,75.30662542954485,539.0
85.150766396844,27.926678396554,75.35662982890045,540.0
85.15097505173243,27.92626698687292,75.40663422825607,541.0
85.15113856024846,27.92584138747796,75.45663862761167,543.0
85.15126745505566,27.9254049532048,75.50664302696727,543.0
85.15127538299939,27.924953783035832,75.55664742632288,543.0
85.15131620498921,27.924504581428266,75.6066518256785,543.0
85.15141358764079,27.924062742368804,75.6566562250341,543.0
85.15151564337866,27.92362591144254,75.70666062438971,542.0
85.15138665459698,27.92318947386545,75.75666502374531,540.0
85.15126116587234,27.922752235847906,75.80666942310091,540.0
85.15097225614592,27.922410452461126,75.85667382245653,529.0
85.15057581918207,27.922128332687397,75.90667822181214,527.0
85.15009789823887,27.922039811159674,75.95668262116774,527.0
85.1496219906572,27.92193198996475,76.00668702052336,529.0
85.14919021626882,27.921694693941273,76.05669141987896,529.0
85.14874223963918,27.921481923016678,76.10669581923456,530.0
85.14829115605768,27.921275089931882,76.15670021859017,530.0
85.14781927689869,27.921107987908524,76.20670461794579,529.0
85.14734739927486,27.92094088433342,76.25670901730139,528.0
85.14685266396832,27.920842415479886,76.306713416657,528.0
85.14635346312578,27.92075948218641,76.3567178160126,527.0
85.14585011377108,27.92069859755295,76.4067222153682,526.0
85.14534592689621,27.920643772636506,76.45672661472382,526.0
85.14484120809561,27.920593016194623,76.50673101407943,525.0
85.14434034664937,27.920517668939226,76.55673541343504,525.0
85.14383948600629,27.92044231989398,76.60673981279064,523.0
85.14336041690741,27.920298755851334,76.65674421214625,523.0
85.14296166140403,27.92002471323462,76.70674861150185,523.0
85.14258520745987,27.919722180521532,76.75675301085745,524.0
85.14222908075003,27.9194004084815,76.80675741021308,526.0
85.14201719457051,27.91899223268476,76.85676180956868,526.0
85.1418148073835,27.918578367345177,76.90676620892428,524.0
85.1415121200783,27.91821599938191,76.9567706082799,523.0
85.1412094063127,27.9178536454379,77.0067750076355,523.0
85.14085340533138,27.91753504452382,77.0567794069911,522.0
85.14046943679506,27.917240230495672,77.10678380634673,520.0
85.13998417879746,27.917106795730255,77.15678820570233,520.0
85.13949738885576,27.91697821962623,77.20679260505793,520.0
85.13900473155418,27.91686824498153,77.25679700441354,520.0
85.13851207523538,27.91675826903049,77.30680140376914,521.0
85.1380198382685,27.916646924730273,77.35680580312474,521.0
85.13753226826947,27.91652032425087,77.40681020248037,521.0
85.13704469950387,27.916393722097293,77.45681460183597,516.0
85.13655955461486,27.916260321455056,77.50681900119157,516.0
85.13607880560673,27.916114590111082,77.55682340054719,515.0
85.13560593666935,27.915951452541304,77.60682779990279,516.0
85.13514543986017,27.91576098603798,77.65683219925839,516.0
85.13472466625834,27.915511928568193,77.70683659861402,516.0
85.13435890470633,27.91520020697235,77.75684099796962,515.0
85.13413439662592,27.9148351707948,77.80684539732522,515.0
85.13418676788926,27.914386384671932,77.85684979668082,515.0
85.13440751336256,27.914002510008768,77.90685419603643,517.0
85.13480304403508,27.91373432123672,77.95685859539203,514.0
85.13525912399116,27.91353566292616,78.00686299474765,517.0
85.13567178375237,27.91327698107077,78.05686739410326,517.0
85.13606470956765,27.91299102041451,78.10687179345886,516.0
85.1364004496694,27.912656210965007,78.15687619281447,516.0
85.1367067507961,27.912296254975363,78.20688059217008,517.0
85.1370130498616,27.91193629818816,78.25688499152568,516.0
85.13731934686597,27.91157634060342,78.3068893908813,516.0
85.13761248544907,27.91120787438837,78.35689379023691,516.0
85.13790398831314,27.910838350975272,78.40689818959251,513.0
85.13819548915501,27.910468826830236,78.45690258894811,511.0
85.13847977723735,27.91009619578526,78.50690698830373,511.0
85.1386258934579,27.909664044698143,78.55691138765933,510.0
85.13877200842023,27.90923189337407,78.60691578701494,510.0
85.13891812212438,27.908799741813038,78.65692018637056,510.0
85.13899981858937,27.90835471911465,78.70692458572616,510.0
85.13907607461131,27.907908609412004,78.75692898508176,508.0
85.13915232989743,27.907462499609473,78.80693338443737,507.0
85.13930642141516,27.90703525678559,78.85693778379297,506.0
85.13949578510635,27.906616563691593,78.90694218314859,506.0
85.13968514725535,27.906197870242504,78.9569465825042,505.0
85.13988380940252,27.90578373692929,79.0069509818598,504.0
85.14018163929693,27.905418225297744,79.0569553812154,504.0
85.14047946715193,27.905052712906798,79.10695978057102,505.0
85.14068611357033,27.904650886990808,79.15696417992662,506.0
85.14079512593024,27.904210177889983,79.20696857928223,506.0
85.14080904786377,27.903760004229063,79.25697297863783,506.0
85.14081251934148,27.903308790400224,79.30697737799345,505.0
85.14080965957845,27.902857583495674,79.35698177734905,503.0
85.14071020424274,27.902421350138148,79.40698617670465,501.0
85.14047437520279,27.90202483130365,79.45699057606026,501.0
85.14014455532937,27.90168707022438,79.50699497541588,501.0
85.13976597234915,27.901386267665632,79.55699937477148,500.0
85.13929640370417,27.901217989072236,79.6070037741271,500.0
85.13882999218963,27.901039710487876,79.6570081734827,501.0
85.13836647213182,27.90085524520598,79.7070125728383,498.0
85.13790295372385,27.900670778435344,79.75701697219391,498.0
85.1374991840688,27.90039839265987,79.80702137154952,499.0
85.13712043773359,27.90010276846486,79.85702577090512,498.0
85.13691520472078,27.899701452702068,79.90703017026074,497.0
85.13684636956589,27.899254392244856,79.95703456961634,496.0
85.13680660324931,27.898805453169054,80.00703896897194,496.0
85.13680188979266,27.898354248730058,80.05704336832756,496.0
85.13677334792915,27.897905939142465,80.10704776768317,497.0
85.13664154283435,27.897470174885562,80.15705216703877,497.0
85.136500623878,27.897037232063965,80.20705656639439,497.0
85.13629910094596,27.896623049698643,80.25706096574999,497.0
85.13609822408408,27.89620867921687,80.30706536510559,496.0
85.1359844446346,27.895768924382022,80.35706976446122,496.0
85.13588022828615,27.895327557009264,80.40707416381682,496.0
85.1358224790031,27.89488028732347,80.45707856317242,496.0
85.13583016390885,27.894429115066394,80.50708296252802,495.0
85.13590114270222,27.89398318335521,80.55708736188363,495.0
85.13601110461506,27.89354412063833,80.60709176123923,494.0
85.13618510979026,27.89312020752116,80.65709616059483,493.0
85.13637340753827,27.892701358011905,80.70710055995046,492.0
85.13657543976979,27.89228737437974,80.75710495930606,492.0
85.13675450007703,27.891865252984886,80.80710935866166,492.0
85.13692848880129,27.89144133515101,80.85711375801728,492.0
85.13710408553263,27.891017942037898,80.90711815737288,492.0
85.13728017290985,27.890594709141663,80.95712255672848,491.0
85.13730673635023,27.890145648245365,81.00712695608411,490.0
85.13730231795707,27.889696017908417,81.05713135543971,489.0
85.13720234962976,27.889254391466018,81.10713575479531,489.0
85.13693415468754,27.888871220750275,81.15714015415092,489.0
85.13664146087464,27.888508040011917,81.20714455350652,489.0
85.13623457993937,27.888238026702375,81.25714895286214,490.0
85.1358277010573,27.887968012278943,81.30715335221775,490.0
85.13542056445195,27.887698306380397,81.35715775157335,490.0
85.13501312075684,27.88742896784469,81.40716215092895,490.0
85.13460567911304,27.88715962819179,81.45716655028457,490.0
85.13419823952053,27.88689028742174,81.50717094964017,490.0
85.1337908019793,27.88662094553458,81.55717534899578,490.0
85.1333809707143,27.886354501946713,81.6071797483514,490.0
85.13296972120686,27.886089776078677,81.657184147707,488.0
85.13255847373739,27.88582504907053,81.7071885470626,487.0
85.13214722830591,27.885560320922323,81.75719294641821,487.0
85.1317158984037,27.885323138471442,81.80719734577382,487.0
85.13127591346834,27.88509782693472,81.85720174512943,486.0
85.1308359304138,27.8848725140744,81.90720614448503,487.0
85.13039242579492,27.884652746119265,81.95721054384065,487.0
85.13000182281147,27.88436602572373,82.00721494319625,487.0
85.1296184598332,27.88407010475905,82.05721934255185,487.0
85.12924020145485,27.88376927266494,82.10722374190746,487.0
85.12887771636082,27.88345326300122,82.15722814126308,486.0
85.12851523337531,27.883137252472565,82.20723254061868,486.0
85.12814855747331,27.88282508743882,82.25723693997429,486.0
85.12778171748455,27.882513073901002,82.30724133932989,486.0
85.12743082216736,27.882186906322577,82.35724573868549,486.0
85.12711182842523,27.881837799197392,82.4072501380411,486.0
85.12682614456831,27.88146475457159,82.45725453739672,486.0
85.12653395893176,27.881095729870633,82.50725893675232,484.0
85.1262632084662,27.88071530862292,82.55726333610794,484.0
85.12603184618601,27.88031364036594,82.60726773546354,488.0
85.12586365798548,27.879889234666713,82.65727213481914,491.0
85.12572675407277,27.879455276678684,82.70727653417475,491.0
85.12564009825947,27.879010672571823,82.75728093353037,491.0
85.12557585608465,27.878564264413203,82.80728533288597,485.0
85.12557119561654,27.87811306055817,82.85728973224158,484.0
85.12562089974045,27.877666093705784,82.90729413159718,483.0
85.12571387892086,27.877222499538558,82.95729853095278,481.0
85.12588147751951,27.876796869102677,83.0073029303084,478.0
85.1260096323316,27.876365225400072,83.05730732966401,478.0
85.12601627196739,27.875914040891033,83.10731172901961,478.0
85.12596491812135,27.875466296017706,83.15731612837521,480.0
85.1258259042008,27.87503394640411,83.20732052773083,480.0
85.12548496238227,27.87470925183727,83.25732492708643,482.0
85.12511178336926,27.874403258320896,83.30732932644203,482.0
85.12463960445444,27.874248512438694,83.35733372579766,481.0
85.12415579235883,27.874111539406098,83.40733812515326,480.0
85.12367174320705,27.873975242119357,83.45734252450886,480.0
85.12318630892379,27.87384288307325,83.50734692386447,478.0
85.1227008759174,27.873710522372292,83.55735132322008,478.0
85.12221711383276,27.873573750810507,83.60735572257568,476.0
85.12174038767314,27.873418400774586,83.6573601219313,476.0
85.12128030769401,27.873235503021903,83.7073645212869,476.0
85.12087123887403,27.872968186268334,83.7573689206425,474.0
85.120462354361,27.872700657802483,83.80737331999812,473.0
85.12006663228753,27.87241792272809,83.85737771935372,473.0
85.11967091229538,27.872135186606968,83.90738211870932,473.0
85.11926282030089,27.87186828119748,83.95738651806495,473.0
85.11882651740707,27.871637470929564,84.00739091742055,473.0
85.11839021641941,27.871406659363583,84.05739531677615,473.0
85.11794202192822,27.8711973774246,84.10739971613177,473.0
85.11746970386444,27.871031761146632,84.15740411548737,474.0
85.1169973873232,27.870866143316498,84.20740851484297,474.0
85.11655657926144,27.870647851115596,84.2574129141986,473.0
85.11613789253703,27.87039257874899,84.3074173135542,473.0
85.11572798527969,27.87012632629288,84.3574217129098,473.0
85.11531894211438,27.86985899445172,84.40742611226541,473.0
85.11491280249271,27.869588356935576,84.45743051162101,473.0
85.11452155459426,27.86930076036523,84.50743491097661,473.0
85.11413030878546,27.869013162774305,84.55743931033223,473.0
85.1138062474877,27.868667267297464,84.60744370968784,473.0
85.1134920407026,27.868312821765457,84.65744810904344,473.0
85.11320752238652,27.867939153633284,84.70745250839904,472.0
85.11294019295293,27.867557395897308,84.75745690775466,472.0
85.11276152537604,27.867135034290094,84.80746130711026,472.0
85.11259023587975,27.86671043307035,84.85746570646587,473.0
85.11244079365493,27.866279199714413,84.90747010582149,473.0
85.11235037275367,27.865837639091016,84.95747450517709,473.0
85.11229074165583,27.865389961483732,85.00747890453269,471.0
85.11219760954076,27.864946396418503,85.0574833038883,469.0
85.11206252592538,27.864513570551768,85.1074877032439,469.0
85.11187566164996,27.86409402526689,85.15749210259952,469.0
85.11167302725165,27.863680298462732,85.20749650195513,470.0
85.11145912194134,27.863271118733397,85.25750090131073,470.0
85.11119356531013,27.862887334217202,85.30750530066634,470.0
85.11087737351342,27.86253502122612,85.35750970002195,470.0
85.11058426452038,27.862167209271377,85.40751409937755,471.0
85.11030207039632,27.861792106641037,85.45751849873317,478.0
85.10996624120173,27.861465183609287,85.50752289808878,478.0
85.10954119445758,27.861218402144726,85.55752729744438,478.0
85.10911368981687,27.860975008928513,85.60753169679998,473.0
85.10871603187437,27.860694698451205,85.6575360961556,471.0
85.10830607021153,27.860429438690105,85.7075404955112,470.0
85.10788941621644,27.860173581494116,85.75754489486681,470.0
85.10753441880408,27.859851002410903,85.80754929422241,470.0
85.10726287712052,27.859470620720256,85.85755369357803,470.0
85.1069459828991,27.85911843527797,85.90755809293363,468.0
85.10655192443824,27.858837173551233,85.95756249228923,467.0
85.10611985368345,27.858601738573064,86.00756689164484,467.0
85.10564781665238,27.85844416248148,86.05757129100046,467.0
85.10514865210607,27.858361796423257,86.10757569035606,467.0
85.10465011005054,27.858276517468827,86.15758008971167,467.0
85.10415169988548,27.858190623274446,86.20758448906727,467.0
85.1036469447227,27.858170333162015,86.25758888842287,467.0
85.10313935327997,27.85817936526783,86.30759328777849,466.0
85.10263176187,27.85818839550029,86.3575976871341,465.0
85.10212443658644,27.858205276887713,86.4076020864897,462.0
85.10162742791408,27.85828817503917,86.45760648584532,462.0
85.10113427881743,27.85839540508473,86.50761088520092,462.0
85.10064259308402,27.85850748238755,86.55761528455652,462.0
85.10015529985102,27.8586341076953,86.60761968391213,463.0
85.09966800558335,27.85876073122202,86.65762408326775,463.0
85.09918071028105,27.85888735296769,86.70762848262335,463.0
85.09869713963805,27.859024499770918,86.75763288197896,462.0
85.09821603199063,27.859168607196118,86.80763728133456,461.0
85.09773492316305,27.859312712876083,86.85764168069016,460.0
85.09725381315529,27.85945681681077,86.90764608004578,460.0
85.09676947834281,27.859591778564454,86.9576504794014,460.0
85.09628189442003,27.859717528866973,87.007654878757,461.0
85.09579430947014,27.859843277386652,87.05765927811261,461.0
85.09530672349318,27.85996902412343,87.10766367746821,461.0
85.09481483404022,27.860077390984447,87.15766807682381,462.0
85.09431289182491,27.86014515453172,87.20767247617941,462.0
85.09381094909708,27.860212916219417,87.25767687553504,462.0
85.09330900585671,27.860280676047534,87.30768127489064,461.0
85.09280692596293,27.860347437975168,87.35768567424624,458.0
85.09230132712953,27.860388455413876,87.40769007360186,458.0
85.09179572803093,27.86042947097875,87.45769447295746,458.0
85.09129016331131,27.860469146471345,87.50769887231306,458.0
85.09078722160336,27.860407509513845,87.55770327166869,458.0
85.0902842805783,27.860345870748958,87.60770767102429,457.0
85.08981369335135,27.860196290575683,87.65771207037989,457.0
85.08943791177391,27.859914573142387,87.7077164697355,457.0
85.08919760803991,27.859519433554837,87.7577208690911,460.0
85.08902061200342,27.859096525534245,87.8077252684467,460.0
85.08886267600931,27.858668003465386,87.85772966780233,460.0
85.08873589346696,27.85823283096726,87.90773406715793,457.0
85.08873021255587,27.85778172938119,87.95773846651353,457.0
85.088640274336,27.857337649518232,88.00774286586915,456.0
85.0883910436379,27.856974558977964,88.05774726522475,456.0
85.08797090145269,27.856731690873694,88.10775166458035,456.0
85.08750018350149,27.856562668832378,88.15775606393598,456.0
85.08701314591194,27.856436928583374,88.20776046329158,456.0
85.08652289405092,27.856319713968134,88.25776486264718,455.0
85.08603179007879,27.856205380960553,88.3077692620028,455.0
85.08554009437768,27.856093049581062,88.3577736613584,455.0
85.08504254411248,27.856034770769913,88.407778060714,454.0
85.08453576752633,27.856061661353188,88.45778246006961,454.0
85.0840288583836,27.85608623917144,88.50778685942522,453.0
85.08352163030098,27.85610525086827,88.55779125878082,452.0
85.08301475401421,27.856113637323986,88.60779565813642,453.0
85.08250966256783,27.856068141949557,88.65780005749204,454.0
85.08200457165944,27.856022644745195,88.70780445684764,454.0
85.08149948128907,27.8559771457109,88.75780885620325,454.0
85.08099327817156,27.855965927385252,88.80781325555887,454.0
85.08048609657217,27.855985865101612,88.85781765491447,454.0
85.07997893517529,27.8560062082919,88.90782205427007,453.0
85.07947444799062,27.855979522617634,88.95782645362569,453.0
85.07898895814019,27.855864076633924,89.0078308529813,452.0
85.07852883262959,27.85567341288754,89.0578352523369,452.0
85.07816298512024,27.855375540025676,89.10783965169252,452.0
85.07784669090438,27.855022707689997,89.15784405104812,452.0
85.07755053875644,27.854656223055127,89.20784845040372,452.0
85.07724054275226,27.85430017011803,89.25785284975933,452.0
85.07688224940924,27.853980508061493,89.30785724911495,451.0
85.07652395816925,27.85366084516519,89.35786164847055,451.0
85.07610010980272,27.853413573515557,89.40786604782616,450.0
85.07566502269273,27.8531847414988,89.45787044718176,450.0
85.0751784928084,27.853055909045576,89.50787484653736,450.0
85.07467802408411,27.85302766739329,89.55787924589298,449.0
85.07417086303163,27.853047717159793,89.60788364524859,448.0
85.07366337009663,27.853056679208063,89.65788804460419,448.0
85.0731568635209,27.853076124765444,89.7078924439598,447.0
85.07265293764956,27.85313076912605,89.75789684331541,448.0
85.07215361015021,27.853207637681198,89.80790124267101,447.0
85.07166078153698,27.85331591741186,89.85790564202661,447.0
85.07119399871317,27.853491423067098,89.90791004138224,450.0
85.07073065150027,27.853675798306718,89.95791444073784,450.0
85.07026652552341,27.85385860933525,90.00791884009344,450.0
85.06980126360014,27.85403913805397,90.05792323944905,450.0
85.0693360002152,27.854219665120272,90.10792763880465,449.0
85.06893659516517,27.854492286184083,90.15793203816025,446.0
85.06855517985831,27.854790064950286,90.20793643751588,446.0
85.06817376248077,27.855087842543977,90.25794083687148,446.0
85.06775987232065,27.855347171214675,90.30794523622708,446.0
85.06733165466693,27.855589535903878,90.3579496355827,446.0
85.06690466510248,27.85583360349106,90.4079540349383,446.0
85.06647823386994,27.856078445918595,90.4579584342939,446.0
85.06605180076872,27.856323286922063,90.50796283364953,446.0
85.06563536106712,27.856580035185665,90.55796723300513,444.0
85.06524978860894,27.856873560763002,90.60797163236073,444.0
85.06486421409024,27.857167085145186,90.65797603171634,444.0
85.06452061713973,27.857496578735812,90.70798043107195,446.0
85.0642046745458,27.857849768928855,90.75798483042755,446.0
85.06388872987519,27.858202958277236,90.80798922978317,446.0
85.06355266542344,27.85854032617063,90.85799362913878,446.0
85.06319670463958,27.85886204906228,90.90799802849438,444.0
85.06279436189615,27.85913593104114,90.95800242784999,444.0
85.06238372401779,27.859401257483274,91.00800682720559,444.0
85.06195917657784,27.85964829358395,91.05801122656119,444.0
85.06152706111558,27.859884880447563,91.1080156259168,446.0
85.06105913506956,27.8600423354628,91.15802002527242,447.0
85.06055392353808,27.860086884092794,91.20802442462802,447.0
85.06006794071727,27.859993723626317,91.25802882398362,451.0
85.05960348268495,27.859812737609126,91.30803322333924,448.0
85.05914533115718,27.859618333684217,91.35803762269484,450.0
85.05873674540692,27.859350800174454,91.40804202205045,449.0
85.05835845488558,27.859054585428147,91.45804642140607,450.0
85.05803835727791,27.858704362124016,91.50805082076167,449.0
85.05771826170505,27.858354138163985,91.55805522011727,449.0
85.05739816816696,27.858003913548075,91.60805961947288,446.0
85.0570601955528,27.85766782552986,91.65806401882848,445.0
85.05670610667099,27.857344480304924,91.7080684181841,439.0
85.05635201988906,27.857021134262624,91.75807281753971,439.0
85.05599793520695,27.856697787402993,91.80807721689531,439.0
85.05564100642844,27.856377252855175,91.85808161625091,439.0
85.05524176893253,27.856098536595788,91.90808601560653,439.0
85.05484253350892,27.855819819273062,91.95809041496213,441.0
85.05444330015759,27.855541100887052,92.00809481431774,441.0
85.05407260407011,27.855234038025298,92.05809921367336,442.0
85.05371674355752,27.85491224051099,92.10810361302896,441.0
85.05336088514616,27.854590442170565,92.15810801238456,441.0
85.05295521973461,27.85432135826478,92.20811241174017,440.0
85.05253710106517,27.854065455206793,92.25811681109577,438.0
85.05210431440563,27.853832630777944,92.30812121045139,438.0
85.05164190783331,27.85364640776494,92.358125609807,438.0
85.05117950292178,27.853460183276415,92.4081300091626,438.0
85.05070621373903,27.85329819202975,92.4581344085182,438.0
85.05022665263189,27.85315016524167,92.5081388078738,438.0
85.0497470929229,27.853002136848552,92.55814320722942,438.0
85.04924196028695,27.85304657120436,92.60814760658504,437.0
85.0487367967658,27.85309123389742,92.65815200594064,438.0
85.04823390040018,27.85314876624038,92.70815640529625,438.0
85.04773755334084,27.85324347814569,92.75816080465185,437.0
85.04724120552798,27.853338188218657,92.80816520400745,436.0
85.04677719807347,27.853515746084483,92.85816960336307,436.0
85.04632151052311,27.85371461964362,92.90817400271868,435.0
85.04594383018394,27.85400837540838,92.95817840207428,435.0
85.04559220810116,27.854333827790025,93.0081828014299,435.0
85.04531726916416,27.85470849547237,93.0581872007855,434.0
85.0450726818784,27.85510313358534,93.1081916001411,433.0
85.04475881910854,27.85545777562608,93.15819599949671,433.0
85.0444391984704,27.855806999970703,93.20820039885233,432.0
85.0440228948709,27.85606523538393,93.25820479820793,432.0
85.04356964546578,27.85625724126002,93.30820919756354,431.0
85.04308636170394,27.856395406122257,93.35821359691914,431.0
85.04258478120072,27.856443924950874,93.40821799627474,431.0
85.04207768718575,27.856465427971216,93.45822239563036,433.0
85.04157963510394,27.85638086046644,93.50822679498597,434.0
85.04110945634427,27.85622248539024,93.55823119434157,434.0
85.04067717564737,27.85599015235411,93.60823559369719,433.0
85.04028891253625,27.85569953766457,93.65823999305279,433.0
85.0399267987008,27.85538330160536,93.70824439240839,431.0
85.03955627513912,27.85507494558611,93.758248791764,431.0
85.03918189865927,27.854770200359162,93.80825319111962,431.0
85.0387891083774,27.854484354025523,93.85825759047522,431.0
85.03839232708773,27.854204115579673,93.90826198983082,431.0
85.03793290218408,27.854012155104297,93.95826638918643,431.0
85.03747288071916,27.85382203359496,94.00827078854203,431.0
85.03696906321547,27.85376664356748,94.05827518789764,431.0
85.03646524634179,27.85371125172441,94.10827958725326,432.0
85.03596035789562,27.853711276223724,94.15828398660886,432.0
85.03545469659998,27.853751241098795,94.20828838596447,433.0
85.0349490350525,27.85379120409972,94.25829278532008,433.0
85.0344431175438,27.853828412724518,94.30829718467568,433.0
85.0339369294988,27.853862709661065,94.35830158403128,432.0
85.03343023802519,27.853888272545735,94.40830598338691,431.0
85.0329227564823,27.85390012498621,94.45831038274251,430.0
85.03241546316494,27.853898057266964,94.50831478209811,430.0
85.03193388045766,27.853820749315755,94.55831918145373,430.0
85.0315570970045,27.853518363143944,94.60832358080933,430.0
85.03121747020398,27.85318709341146,94.65832798016493,431.0
85.0309304607896,27.85281492168692,94.70833237952056,431.0
85.03064552663567,27.852441585640502,94.75833677887616,431.0
85.03039077947,27.852051305647993,94.80834117823176,431.0
85.03013603406991,27.85166102525772,94.85834557758737,431.0
85.02999190243555,27.851228593128386,94.90834997694297,430.0
85.02985008143797,27.85079536455089,94.95835437629857,429.0
85.029726081947,27.85035782767866,95.0083587756542,429.0
85.02960208334528,27.849920290719982,95.0583631750098,428.0
85.02940073507399,27.849513598150335,95.1083675743654,426.0
85.02911549875255,27.849140357217262,95.158371973721,426.0
85.02883026434122,27.848767115775527,95.20837637307662,426.0
85.02851219665361,27.84841842222873,95.25838077243222,426.0
85.02814735220535,27.84810470092076,95.30838517178783,431.0
85.02778250986286,27.847790978741916,95.35838957114345,439.0
85.02740451608605,27.847491758006292,95.40839397049905,439.0
85.02698219215584,27.847241414239097,95.45839836985465,439.0
85.0265598702137,27.84699106926957,95.50840276921026,439.0
85.02613755025965,27.846740723097735,95.55840716856586,432.0
85.02565623374589,27.846604692723606,95.60841156792148,428.0
85.02516727809642,27.84648346486835,95.6584159672771,427.0
85.02467363730442,27.84637888400023,95.7084203666327,427.0
85.02417806660688,27.84628116123437,95.7584247659883,427.0
85.02367676624381,27.846314823232483,95.80842916534391,427.0
85.02317417157299,27.846378150253855,95.85843356469951,427.0
85.02268055796148,27.846318424094793,95.90843796405512,427.0
85.02219138235893,27.846197905841045,95.95844236341074,427.0
85.02178201573514,27.845937129720223,96.00844676276634,427.0
85.02139462077687,27.8456457124567,96.05845116212194,427.0
85.02101110942135,27.845350115960322,96.10845556147756,427.0
85.02067175233748,27.84502214516018,96.15845996083316,424.0
85.02041819704534,27.844631263409838,96.20846436018877,423.0
85.02016464351162,27.844240381266353,96.25846875954439,423.0
85.01996053119584,27.843829757405175,96.30847315889999,423.0
85.019816557575,27.84339781437101,96.35847755825559,422.0
85.019718231644,27.84295515733529,96.4084819576112,424.0
85.01965791041077,27.8425095162206,96.4584863569668,424.0
85.01967216138755,27.842058965008135,96.50849075632242,423.0
85.01979832886586,27.84162192205234,96.55849515567802,422.0
85.01994918481967,27.84119308464957,96.60849955503363,422.0
85.02017653410624,27.840789670431043,96.65850395438923,420.0
85.02039588729757,27.840382865529474,96.70850835374483,420.0
85.0206055776082,27.839971963117577,96.75851275310046,419.0
85.02081571076617,27.839561239792943,96.80851715245606,418.0
85.02102591999612,27.839150547436358,96.85852155181166,419.0
85.02123767454951,27.838740517609452,96.90852595116728,418.0
85.02146820770639,27.83833853554477,96.95853035052288,418.0
85.02169873909064,27.837936552984853,97.00853474987848,419.0
85.02191478944476,27.83753080917914,97.05853914923411,423.0
85.02196399687598,27.837081730672253,97.10854354858971,425.0
85.02210690626175,27.836651899329972,97.15854794794531,425.0
85.02227017081664,27.83622493551004,97.20855234730092,425.0
85.02241548420534,27.83579261780619,97.25855674665652,423.0
85.02259727645773,27.835371354577852,97.30856114601212,422.0
85.02277926555618,27.834950151117432,97.35856554536775,422.0
85.0228732402904,27.834510334176116,97.40856994472335,422.0
85.02292411377927,27.834061402129024,97.45857434407895,423.0
85.02293583267195,27.833610866739612,97.50857874343457,425.0
85.0228663022131,27.833170802736014,97.55858314279017,427.0
85.0226826292083,27.83275017841734,97.60858754214577,427.0
85.02236521146408,27.83239917137604,97.6585919415014,427.0
85.02204308713625,27.832050499511233,97.708596340857,425.0
85.02173364018037,27.8316928556617,97.7586007402126,423.0
85.02142489125869,27.83133475291325,97.8086051395682,423.0
85.02113026678745,27.830967350887857,97.85860953892382,422.0
85.02083564426262,27.830599948317307,97.90861393827942,422.0
85.0205283456257,27.830241188801704,97.95861833763503,422.0
85.02020561028442,27.82989295440616,98.00862273699065,420.0
85.01988287698188,27.829544719345503,98.05862713634625,419.0
85.01954437172391,27.82920890980946,98.10863153570185,419.0
85.01919433372008,27.82888218623139,98.15863593505746,418.0
85.01884800422697,27.82855242751729,98.20864033441306,418.0
85.01851052093475,27.82821542761212,98.25864473376868,419.0
85.0181972600402,27.82786191420685,98.30864913312429,419.0
85.01791868730953,27.827484752107335,98.35865353247989,419.0
85.01770945085525,27.827079027945757,98.40865793183549,419.0
85.01763299310345,27.826637386406983,98.4586623311911,421.0
85.01766983168807,27.826193345036327,98.50866673054671,421.0
85.01786516717905,27.82577689915746,98.55867112990232,424.0
85.01788614206784,27.82533066096763,98.60867552925794,424.0
85.01785777619479,27.82488016255258,98.65867992861354,421.0
85.01778421846305,27.824434825293796,98.70868432796914,419.0
85.01768359089029,27.823992579580036,98.75868872732475,419.0
85.01753417805618,27.823565248249167,98.80869312668035,419.0
85.01730759882462,27.82316150776461,98.85869752603597,419.0
85.01714401148685,27.822736272666734,98.90870192539158,419.0
85.01700856757907,27.822301434360007,98.95870632474718,419.0
85.01687700965437,27.821865662573334,99.00871072410278,419.0
85.01674767093563,27.821429357750002,99.0587151234584,417.0
85.0166255533769,27.8209914413027,99.108719522814,417.0
85.01650776726318,27.820552558202372,99.15872392216961,418.0
85.01638998198838,27.820113675024377,99.20872832152521,418.0
85.01626185685073,27.819677094991,99.25873272088083,418.0
85.01613300411613,27.81924067713096,99.30873712023643,418.0
85.01598896382548,27.81880848198544,99.35874151959203,417.0
85.01581521382494,27.81838454711297,99.40874591894764,417.0
85.01564193071408,27.817960494091395,99.45875031830326,417.0
85.01553823360038,27.817518810421124,99.50875471765886,420.0
85.01543453721443,27.817077126689902,99.55875911701447,420.0
85.01525627225053,27.816661310679525,99.60876351637008,420.0
85.0149961398589,27.81627389434124,99.65876791572568,419.0
85.01474022345008,27.8158842976383,99.70877231508129,419.0
85.0144726238544,27.81550110929976,99.7587767144369,419.0
85.01419745121396,27.815121997835092,99.8087811137925,419.0
85.01391950012443,27.814744546655202,99.85878551314812,419.0
85.0136287811439,27.814374722707303,99.90878991250372,420.0
85.01333806409266,27.814004898230554,99.95879431185932,419.0
85.01301131035832,27.813659708641232,100.00879871121494,419.0
85.01269318061311,27.81330942494008,100.05880311057055,418.0
85.01245886965344,27.81290919862626,100.10880750992615,417.0
85.01223420100557,27.81250599670897,100.15881190928177,415.0
85.01213924737408,27.81206276268719,100.20881630863737,415.0
85.01209455661892,27.811615703220983,100.25882070799297,415.0
85.0121153431647,27.81116600422465,100.30882510734858,415.0
85.01224163630067,27.81072899795585,100.3588295067042,415.0
85.01236792831736,27.810291991492896,100.4088339060598,415.0
85.01262626192393,27.80991076679128,100.4588383054154,417.0
85.01299511518499,27.80960599544676,100.50884270477101,417.0
85.01339416412429,27.809327272391403,100.55884710412661,417.0
85.01372792337692,27.808991231279975,100.60885150348221,419.0
85.01392336426494,27.808589068605425,100.65885590283784,419.0
85.01400918268455,27.808144364109978,100.70886030219344,418.0
85.0139210488288,27.807711392271326,100.75886470154904,418.0
85.01366918529865,27.80733511189294,100.80886910090466,418.0
85.01329429465073,27.807034183311128,100.85887350026026,418.0
85.01281810444823,27.80687830509276,100.90887789961586,416.0
85.01233104316957,27.80676958622995,100.95888229897149,415.0
85.01182428748604,27.806746295526253,101.00888669832709,415.0
85.01131967472702,27.80670224500025,101.05889109768269,415.0
85.01081661761616,27.80664312687204,101.1088954970383,417.0
85.01033157131668,27.806536565704867,101.1588998963939,419.0
85.00989113857948,27.806312488516106,101.2089042957495,419.0
85.00945070771348,27.80608841000897,101.25890869510513,419.0
85.009010540874,27.80586392635724,101.30891309446073,418.0
85.0085720474061,27.805636866613412,101.35891749381634,416.0
85.00813355582385,27.80540980556428,101.40892189317195,415.0
85.00769506612717,27.805182743209905,101.45892629252755,415.0
85.00725320094334,27.80496134833123,101.50893069188315,416.0
85.00679563850186,27.804766302263694,101.55893509123878,416.0
85.00634621234708,27.804558452904164,101.60893949059438,416.0
85.00592221509515,27.80431058624781,101.65894388994998,416.0
85.00549821981824,27.804062718380862,101.7089482893056,417.0
85.00507422651633,27.803814849303375,101.7589526886612,416.0
85.00465023518939,27.80356697901539,101.8089570880168,416.0
85.00422637200275,27.80331893705736,101.85896148737241,415.0
85.00380265688993,27.80307069650006,101.90896588672803,412.0
85.0033789437535,27.802822454734123,101.95897028608363,411.0
85.00295004369428,27.802581965943133,102.00897468543923,411.0
85.00250256776854,27.802369238043248,102.05897908479484,412.0
85.00205509365585,27.802156508777475,102.10898348415044,413.0
85.00155611987967,27.80207493871919,102.15898788350606,414.0
85.00105635056951,27.802039122588468,102.20899228286167,414.0
85.00055509972995,27.802109197671168,102.25899668221727,414.0
85.00007530439315,27.802245505242126,102.30900108157287,414.0
84.99960894279084,27.80242328468041,102.35900548092849,414.0
84.99914257975414,27.802601062458976,102.40900988028409,417.0
84.99867715077158,27.80278052500474,102.4590142796397,417.0
84.99823468425022,27.803001383786324,102.50901867899532,416.0
84.99779058758918,27.803219197397663,102.55902307835092,416.0
84.99731873751834,27.803385138613667,102.60902747770652,409.0
84.99684719279823,27.803551763429912,102.65903187706213,409.0
84.996376141134,27.80371949128638,102.70903627641773,409.0
84.99588238067639,27.80379253285829,102.75904067577335,409.0
84.99537535876489,27.803810276672976,102.80904507512896,410.0
84.99486942914093,27.803802755399897,102.85904947448456,410.0
84.99436543626945,27.80375044857604,102.90905387384016,410.0
84.9938665104717,27.803674697487615,102.95905827319578,410.0
84.99337661611335,27.80355716094515,103.00906267255138,411.0
84.99288535437047,27.803445461474677,103.059067071907,412.0
84.99238344639318,27.80337918519494,103.1090714712626,414.0
84.99188043191812,27.80334180590615,103.15907587061821,416.0
84.99137461567156,27.803377554792664,103.20908026997381,416.0
84.99091800864682,27.803558212264676,103.25908466932941,416.0
84.9905443651284,27.803846262687266,103.30908906868503,414.0
84.99025368506781,27.804216087757315,103.35909346804064,409.0
84.9899171199307,27.804552753010498,103.40909786739624,404.0
84.98956942544649,27.804881375769867,103.45910226675186,404.0
84.98925934465528,27.805236795169147,103.50910666610746,404.0
84.98890785309028,27.8055347173117,103.55911106546306,407.0
84.98841784806388,27.805639790593855,103.60911546481867,407.0
84.98791443402513,27.805696383522584,103.65911986417429,408.0
84.98743013009928,27.805578471934393,103.70912426352989,408.0
84.98694813758459,27.805437453940836,103.7591286628855,408.0
84.9864638005534,27.805302916169676,103.8091330622411,406.0
84.98597946481877,27.80516837675905,103.8591374615967,404.0
84.9854951303807,27.805033835708972,103.90914186095232,404.0
84.98512019737437,27.804730450637944,103.95914626030793,403.0
84.98474638005472,27.80442534599288,104.00915065966353,401.0
84.98436883341803,27.80412390485716,104.05915505901915,402.0
84.98399040041156,27.803823335301015,104.10915945837475,402.0
84.98361196950384,27.80352276480476,104.15916385773035,403.0
84.98323354069488,27.80322219336844,104.20916825708596,403.0
84.98285511398464,27.802921620992088,104.25917265644158,403.0
84.98241886518178,27.802707044068036,104.30917705579718,404.0
84.981941998697,27.802552874838764,104.3591814551528,404.0
84.98145735071428,27.802424055970093,104.4091858545084,404.0
84.98095853694453,27.802341382088336,104.459190253864,409.0
84.9804597240468,27.802258706442654,104.5091946532196,409.0
84.97995614793649,27.80221490387959,104.55919905257522,409.0
84.97944901790967,27.8022001025769,104.60920345193082,406.0
84.97899618956045,27.802012909756236,104.65920785128642,406.0
84.9785541995252,27.801791312858672,104.70921225064204,406.0
84.97811221134953,27.801569714633803,104.75921664999764,404.0
84.97765219213417,27.801410210218428,104.80922104935324,404.0
84.97714480934161,27.801413800104026,104.85922544870887,405.0
84.97663742664047,27.8014173881225,104.90922984806447,404.0
84.97613004403077,27.80142097427385,104.95923424742007,404.0
84.97562266151259,27.80142455855808,105.00923864677569,405.0
84.97513012447294,27.801530316553297,105.05924304613129,405.0
84.97463837836064,27.801641522385996,105.10924744548689,407.0
84.97414663135591,27.801752726411763,105.15925184484252,407.0
84.97365488345876,27.80186392863058,105.20925624419812,401.0
84.9731787068494,27.802010729294565,105.25926064355372,401.0
84.97273170254161,27.802224223674294,105.30926504290933,401.0
84.97230288170536,27.802457291980005,105.35926944226493,401.0
84.97200951161493,27.802816001059497,105.40927384162055,402.0
84.97200171807042,27.803267142954596,105.45927824097616,402.0
84.9721220388008,27.803693170155583,105.50928264033176,405.0
84.97233614630532,27.80410197362863,105.55928703968736,405.0
84.9725112060223,27.804524824542842,105.60929143904298,405.0
84.9724268158982,27.804942561092254,105.65929583839858,405.0
84.97200554395856,27.80519406517235,105.70930023775419,409.0
84.97158427012418,27.805445567854843,105.75930463710979,407.0
84.9711492288902,27.805677696260407,105.80930903646541,407.0
84.97071289961856,27.805908012980634,105.85931343582101,407.0
84.97027656856478,27.806138328216285,105.90931783517661,407.0
84.96994171230573,27.80647608491769,105.95932223453222,406.0
84.96962521295025,27.806826545549658,106.00932663388784,400.0
84.96940700942442,27.80723389190354,106.05933103324344,400.0
84.96933648823365,27.80767366997895,106.10933543259905,400.0
84.96931314783073,27.80812436069335,106.15933983195465,399.0
84.96928053321633,27.808574621948775,106.20934423131025,399.0
84.96924791820848,27.809024883154688,106.25934863066587,397.0
84.96922651691135,27.809475425692014,106.30935303002148,397.0
84.96923052362024,27.80992660573014,106.35935742937708,397.0
84.96923240908562,27.810377778704876,106.4093618287327,397.0
84.9692246158816,27.810828919539663,106.4593662280883,397.0
84.96916797201402,27.811276177094324,106.5093706274439,402.0
84.96892932574262,27.81165504151172,106.55937502679951,402.0
84.96849701625918,27.811851388451785,106.60937942615513,402.0
84.96805356895126,27.811757468579078,106.65938382551073,395.0
84.96768156175773,27.81145085136014,106.70938822486634,395.0
84.96729219572619,27.811162437971237,106.75939262422195,394.0
84.96688910997253,27.810888355753214,106.80939702357755,394.0
84.96640321158564,27.810759898304582,106.85940142293316,394.0
84.96590303378801,27.810801300492884,106.90940582228878,394.0
84.96554744783067,27.81105772402869,106.95941022164438,397.0
84.96529573127164,27.811449492273347,107.00941462099999,398.0
84.96515644173381,27.81188046794861,107.05941902035559,398.0
84.96504149404281,27.812319932683977,107.10942341971119,398.0
84.96493193332384,27.812760479261687,107.15942781906679,398.0
84.96482329670593,27.813201211456583,107.20943221842242,399.0
84.9646652064941,27.813626919078047,107.25943661777802,396.0
84.96444779378554,27.81403460375521,107.30944101713362,393.0
84.96423037937215,27.81444228798076,107.35944541648924,396.0
84.96401296325395,27.81484997175468,107.40944981584484,397.0
84.96368062356441,27.815187618577124,107.45945421520044,397.0
84.96333139593892,27.815514973725506,107.50945861455607,398.0
84.96298391460112,27.81584377031118,107.55946301391167,398.0
84.96264284534446,27.816177857704453,107.60946741326727,398.0
84.96230177398603,27.816511944128138,107.65947181262288,398.0
84.96188081653956,27.816755237134018,107.70947621197848,396.0
84.96143400816244,27.816969149661894,107.75948061133408,396.0
84.96098719810173,27.817183060643103,107.80948501068971,398.0
84.96053931961012,27.817395172365458,107.85948941004531,395.0
84.96008849660876,27.817602323147458,107.90949380940091,395.0
84.9596376719675,27.817809472359112,107.95949820875653,398.0
84.95916702456478,27.817971814499817,108.00950260811213,398.0
84.95867827444182,27.818093236407332,108.05950700746773,398.0
84.9581828856724,27.818172819819253,108.10951140682336,398.0
84.95767665377444,27.81816979679035,108.15951580617896,398.0
84.95719782253934,27.81802036515454,108.20952020553456,395.0
84.9567286117938,27.817854100317522,108.25952460489017,395.0
84.95631054168675,27.8175983505589,108.30952900424577,394.0
84.95589247358568,27.817342599629157,108.35953340360138,392.0
84.95549790141071,27.81706043616974,108.40953780295699,392.0
84.9551216736451,27.816757651679413,108.4595422023126,392.0
84.9547437379654,27.816456603488586,108.5095466016682,392.0
84.95435632997953,27.816165179498377,108.5595510010238,391.0
84.953968924085,27.815873754519416,108.60955540037942,392.0
84.9535542945961,27.8156143292737,108.65955979973502,391.0
84.95310855383323,27.815418454981486,108.70956419909064,390.0
84.95260735935686,27.81534778554752,108.75956859844625,391.0
84.9521449940544,27.81545442633055,108.80957299780185,392.0
84.95171023273708,27.815687124813092,108.85957739715745,391.0
84.95132957977685,27.815978062813652,108.90958179651307,390.0
84.95099048364575,27.816313731113322,108.95958619586867,390.0
84.95053867285729,27.8165142718604,109.00959059522428,390.0
84.95007675074213,27.816687308991487,109.0595949945799,390.0
84.94958158655129,27.816588578068778,109.1095993939355,390.0
84.94914721465207,27.816386831626165,109.1596037932911,390.0
84.94877445896496,27.81608067549063,109.20960819264671,390.0
84.94840413874323,27.815772313263842,109.25961259200231,391.0
84.94805275727535,27.815446789244547,109.30961699135793,391.0
84.94772399156676,27.81510485418962,109.35962139071354,391.0
84.9474357063399,27.814733544169382,109.40962579006914,391.0
84.94714742303105,27.814362233633343,109.45963018942474,391.0
84.94687742160279,27.813980233962546,109.50963458878036,391.0
84.94660819549779,27.81359778157376,109.55963898813596,391.0
84.94624136530223,27.813288444144504,109.60964338749157,390.0
84.9458140199774,27.81304726793257,109.65964778684719,390.0
84.94537742359937,27.81281732008594,109.70965218620279,385.0
84.94495827736036,27.812567219704807,109.75965658555839,385.0
84.94459661090006,27.812250736339916,109.80966098491399,385.0
84.94423494654056,27.81193425212614,109.8596653842696,387.0
84.94394371359377,27.811570924957774,109.90966978362522,388.0
84.94370442033788,27.811173054717724,109.95967418298082,389.0
84.94348105429162,27.810769765507334,110.00967858233643,399.0
84.94336058529684,27.810331476697982,110.05968298169203,399.0
84.94324011715754,27.809893187809454,110.10968738104764,399.0
84.94309924500965,27.809460127451523,110.15969178040325,398.0
84.94293891973236,27.809032051977496,110.20969617975886,395.0
84.94277859561174,27.808603976360015,110.25970057911447,395.0
84.94261827264774,27.808175900599085,110.30970497847008,398.0
84.94240535683272,27.807772010910018,110.35970937782568,396.0
84.94210513189338,27.807408272105814,110.40971377718128,396.0
84.94180490891792,27.80704453273815,110.4597181765369,396.0
84.94150468790626,27.806680792807086,110.50972257589251,392.0
84.94120446885837,27.806317052312636,110.55972697524811,386.0
84.94089829238176,27.805957376260967,110.60973137460373,383.0
84.94058097109468,27.805605303033058,110.65973577395933,382.0
84.94026362380616,27.805253250782247,110.70974017331493,382.0
84.93991648561138,27.804924177354597,110.75974457267054,382.0
84.93948243115504,27.804703808801246,110.80974897202616,383.0
84.93899894503808,27.804615382913497,110.85975337138176,385.0
84.93849217903508,27.804638005247558,110.90975777073737,385.0
84.93800487353417,27.804753991805665,110.95976217009297,388.0
84.93752247176131,27.804893855670112,111.00976656944857,388.0
84.93703614411493,27.805022546802693,111.05977096880417,387.0
84.9365508526344,27.804983326423724,111.1097753681598,387.0
84.93606630853938,27.804849570299357,111.1597797675154,387.0
84.9356331951672,27.80461452419325,111.209784166871,383.0
84.9352000837193,27.80437947682101,111.25978856622662,382.0
84.93477706931341,27.804130588318614,111.30979296558222,382.0
84.93435910517486,27.80387477771656,111.35979736493782,382.0
84.93398826532004,27.803567328034926,111.40980176429345,382.0
84.93362067606418,27.803256317667426,111.45980616364905,381.0
84.9332530889101,27.802945306420906,111.50981056300465,381.0
84.93288550385779,27.802634294295398,111.55981496236026,381.0
84.93253501069944,27.802308739371302,111.60981936171586,388.0
84.93220177236508,27.801968503111194,111.65982376107146,392.0
84.93186853609123,27.8016282661431,111.7098281604271,392.0
84.9314531717304,27.801372346808634,111.7598325597827,392.0
84.93102691498133,27.80112761089975,111.8098369591383,392.0
84.93060066019669,27.80088287376964,111.85984135849391,390.0
84.93017440737653,27.800638135418335,111.90984575784951,389.0
84.9297349146004,27.80041365021122,111.95985015720511,385.0
84.929284841958,27.800205349040898,112.00985455656074,385.0
84.92883477110702,27.79999704648996,112.05985895591634,380.0
84.92838470204748,27.799788742558462,112.10986335527194,376.0
84.92793463477942,27.799580437246426,112.15986775462756,374.0
84.92755576630249,27.79928163814434,112.20987215398316,374.0
84.92718145171156,27.79897705271742,112.25987655333876,374.0
84.92680713922128,27.798672466376004,112.30988095269439,377.0
84.92640683594392,27.798397803641215,112.35988535204999,377.0
84.92598086645864,27.798152690493026,112.40988975140559,377.0
84.92555489893915,27.797907576125795,112.45989415076119,379.0
84.92511857946153,27.79768440552212,112.5098985501168,378.0
84.92462346135122,27.797585859206443,112.5599029494724,377.0
84.92412834425085,27.797487311161806,112.60990734882802,377.0
84.92363650423279,27.7975263134679,112.65991174818363,376.0
84.9231465237997,27.79764341683566,112.70991614753923,376.0
84.92265654242605,27.7977605184049,112.75992054689483,376.0
84.92216656011183,27.797877618175615,112.80992494625045,376.0
84.92170638758031,27.798052536956657,112.85992934560605,376.0
84.92128684319881,27.798306259647823,112.90993374496166,376.0
84.92086729691374,27.79855998094885,112.95993814431728,376.0
84.92044774872508,27.79881370085968,113.00994254367288,377.0
84.92002819863283,27.799067419380282,113.05994694302848,380.0
84.91960654804896,27.799318349351857,113.1099513423841,380.0
84.91918292740704,27.79956666396047,113.15995574173971,380.0
84.91875930488793,27.7998149771555,113.20996014109531,377.0
84.91833303302715,27.80005929820862,113.25996454045092,377.0
84.9178837363488,27.800268913317982,113.30996893980652,377.0
84.91743443801742,27.800478526864662,113.35997333916212,380.0
84.91698513803301,27.800688138848624,113.40997773851774,381.0
84.91653268273885,27.80089198404636,113.45998213787335,381.0
84.9160698750119,27.80107690510315,113.50998653722895,382.0
84.91560706580181,27.801261824517756,113.55999093658457,383.0
84.91526305579764,27.80159077840688,113.60999533594017,383.0
84.91496957738744,27.801955262493085,113.65999973529577,383.0
84.9147275626434,27.802351569865564,113.71000413465138,384.0
84.91466943737048,27.802799781955216,113.760008534007,385.0
84.91461131149475,27.8032479939672,113.8100129333626,385.0
84.91453432680127,27.803693943202,113.8600173327182,385.0
84.91434528323427,27.804105252762522,113.91002173207382,385.0
84.91408041593915,27.804486312314896,113.96002613142942,381.0
84.91366903354388,27.80475041918809,114.01003053078502,379.0
84.91324535188774,27.804982121912303,114.06003493014065,379.0
84.91273811876283,27.804993671207036,114.11003932949625,378.0
84.91224078218221,27.804966630006962,114.16004372885185,378.0
84.91178932968697,27.804760679641696,114.21004812820746,377.0
84.91134068205926,27.804550034043636,114.26005252756306,377.0
84.91089595676034,27.804332822099887,114.31005692691866,376.0
84.91045046218098,27.80411720845414,114.36006132627429,377.0
84.90996688833037,27.803980589654124,114.41006572562989,376.0
84.90947633375006,27.8038934869285,114.46007012498549,376.0
84.9089697987614,27.803919720554273,114.5100745243411,376.0
84.90846965079412,27.80397313674779,114.56007892369671,376.0
84.90799367519925,27.804129435204086,114.61008332305231,375.0
84.90763086160332,27.804435704416026,114.66008772240794,373.0
84.90742019852749,27.804820329536064,114.71009212176354,372.0
84.90737478895066,27.80526962608219,114.76009652111914,372.0
84.90739006551769,27.80572060212202,114.81010092047475,371.0
84.90739502276217,27.80617165258044,114.86010531983035,371.0
84.90738797662907,27.806622789598407,114.91010971918595,371.0
84.90724998058276,27.80705281404997,114.96011411854158,373.0
84.90707844685926,27.80747743127575,115.01011851789718,378.0
84.90668060241747,27.807750917834394,115.06012291725278,378.0
84.90620259171267,27.80786462543294,115.11012731660838,378.0
84.90570099999492,27.80788641839857,115.160131715964,378.0
84.90520560982218,27.807788793682178,115.2101361153196,378.0
84.9047103161591,27.80769086465785,115.26014051467521,378.0
84.9042301444181,27.80754502930799,115.31014491403083,384.0
84.90374997406316,27.807399192354595,115.36014931338643,384.0
84.90329540071112,27.807201393543316,115.41015371274203,381.0
84.90284926854655,27.806986460958555,115.46015811209764,381.0
84.90240906605277,27.80676243585914,115.51016251145325,377.0
84.90197764106057,27.80652495088933,115.56016691080886,377.0
84.90153834054817,27.80630324744138,115.61017131016447,374.0
84.90105084910556,27.806178097890957,115.66017570952008,376.0
84.90056335889093,27.806052946677493,115.71018010887568,376.0
84.9000630233281,27.80606421433172,115.76018450823129,376.0
84.89955891555151,27.806115536285816,115.81018890758689,377.0
84.89906817944025,27.806225596638996,115.8601933069425,380.0
84.89858131007087,27.806352645101946,115.91019770629812,380.0
84.8980987371265,27.806491394008003,115.96020210565372,377.0
84.89762137038703,27.806644321206257,116.01020650500932,370.0
84.89714400240914,27.80679724667628,116.06021090436494,370.0
84.89670355459064,27.807014484390074,116.11021530372054,370.0
84.89628425334666,27.80726855931538,116.16021970307615,371.0
84.89586495019708,27.80752263285035,116.21022410243177,374.0
84.8954053561127,27.807692072547663,116.26022850178737,374.0
84.89490833448599,27.807782891094075,116.31023290114297,374.0
84.89441131215108,27.807873707803466,116.36023730049858,374.0
84.89391428910803,27.80796452267582,116.41024169985418,374.0
84.89341924004414,27.80806344363697,116.4602460992098,374.0
84.89292449308998,27.80816360643961,116.5102504985654,373.0
84.89242974534447,27.80826376741681,116.56025489792101,369.0
84.89193499680766,27.808363926568564,116.61025929727661,368.0
84.8914729122501,27.808548180193164,116.66026369663221,368.0
84.89101410464163,27.808740869319777,116.71026809598783,368.0
84.89054715426974,27.8089117684917,116.76027249534344,368.0
84.8900498917516,27.809001557166095,116.81027689469904,371.0
84.88955210987258,27.809089015838413,116.86028129405466,373.0
84.88905390222811,27.80917456450217,116.91028569341026,373.0
84.88855551652632,27.809258991796376,116.96029009276586,375.0
84.88805012006827,27.809299176134523,117.01029449212147,373.0
84.88754472336606,27.8093393586006,117.06029889147709,372.0
84.8870396684935,27.80934210495576,117.11030329083269,366.0
84.88653507288319,27.809294627508518,117.1603076901883,369.0
84.88606707208803,27.809149197250967,117.2103120895439,369.0
84.88563082495376,27.808918775553007,117.2603164888995,369.0
84.88517474944169,27.808724434550317,117.31032088825512,374.0
84.88470224608416,27.808559986099052,117.36032528761073,374.0
84.8842089565389,27.808473074484137,117.41032968696634,374.0
84.88370587895433,27.808463474186908,117.46033408632195,373.0
84.88322879020143,27.8085894789417,117.51033848567755,373.0
84.8828539781995,27.80889359716608,117.56034288503315,373.0
84.88249836235032,27.80921508697434,117.61034728438877,381.0
84.8820836772126,27.809457827124007,117.66035168374438,383.0
84.88161539411001,27.809631564298396,117.71035608309998,384.0
84.88111544444885,27.80961532470951,117.76036048245558,385.0
84.88063673412994,27.80951475363072,117.8103648818112,384.0
84.8802440622871,27.80922911633967,117.8603692811668,384.0
84.87984222897073,27.808953657629658,117.9103736805224,379.0
84.87942480218477,27.808697152489948,117.96037807987803,374.0
84.87900737740816,27.808440646187286,118.01038247923363,374.0
84.87851401850654,27.80833573421402,118.06038687858923,369.0
84.87802036162373,27.808231417524585,118.11039127794484,369.0
84.87752670580198,27.80812709911979,118.16039567730044,369.0
84.87702369403675,27.808082083936664,118.21040007665604,371.0
84.87651665377966,27.80809917731866,118.26040447601167,372.0
84.87600961349429,27.808116268828478,118.31040887536727,372.0
84.87550411052196,27.80808098684689,118.36041327472287,371.0
84.87499876367012,27.808040400943565,118.41041767407849,372.0
84.87449341732327,27.807999813210007,118.46042207343409,369.0
84.87398807148149,27.807959223646222,118.51042647278969,369.0
84.87351593242855,27.807823682865145,118.56043087214532,369.0
84.87307381781511,27.807602293759295,118.61043527150092,371.0
84.87263170506418,27.80738090332995,118.66043967085652,371.0
84.87218959417577,27.807159511577126,118.71044407021213,372.0
84.87175055675345,27.806933380979462,118.76044846956773,372.0
84.8714701816974,27.806623926037666,118.81045286892333,373.0
84.87152368377926,27.80618232810116,118.86045726827896,373.0
84.8717116275302,27.805763248408436,118.91046166763456,373.0
84.87190215435635,27.805345277479137,118.96046606699016,372.0
84.8721541809719,27.8049536979259,119.01047046634578,372.0
84.87241684989108,27.80456811288994,119.06047486570138,368.0
84.87269580573349,27.80419187003488,119.11047926505698,368.0
84.87282034220134,27.80377671998751,119.1604836644126,368.0
84.87245891898293,27.803460066157758,119.21048806376821,372.0
84.87209749786432,27.80314341148454,119.26049246312381,372.0
84.87165787437002,27.80291877505869,119.31049686247941,372.0
84.87121663657565,27.802696038983832,119.36050126183503,366.0
84.87077655904027,27.802471608692894,119.41050566119063,364.0
84.87035130293025,27.802225519571937,119.46051006054624,363.0
84.86992604879161,27.80197942923911,119.51051445990186,363.0
84.86946816880133,27.801807223269215,119.56051885925746,362.0
84.86896823384554,27.80173025159158,119.61052325861306,362.0
84.86846829971884,27.801653278141252,119.66052765796867,361.0
84.86796511999655,27.80159604557695,119.71053205732427,361.0
84.86746133254847,27.80154251088232,119.76053645667989,362.0
84.8669579806102,27.801486012544245,119.8105408560355,362.0
84.8664556249851,27.80142273156924,119.8605452553911,361.0
84.86595480416845,27.80144642227309,119.9105496547467,359.0
84.8654549279651,27.80152368371203,119.96055405410232,359.0
84.86495505117782,27.801600943299874,120.01055845345792,359.0
84.86450710004733,27.801803054716686,120.06056285281353,359.0
84.86408634642667,27.802049343273996,120.11056725216915,360.0
84.86376863434245,27.80240110815802,120.16057165152475,361.0
84.86345092018126,27.80275287217943,120.21057605088035,363.0
84.86313320394306,27.80310463533821,120.26058045023596,368.0
84.8629342065693,27.803518285856498,120.31058484959156,368.0
84.86274421438597,27.8039366311389,120.36058924894718,363.0
84.8625635251745,27.804358220437177,120.41059364830278,361.0
84.86238307843618,27.804779894465828,120.4605980476584,359.0
84.8622026302045,27.8052015681566,120.510602447014,359.0
84.86201269711196,27.805618013012968,120.5606068463696,359.0
84.86166816538366,27.805949222806415,120.61061124572521,361.0
84.86132363155312,27.806280431607856,120.66061564508082,367.0
84.86094372644936,27.806578155622205,120.71062004443642,369.0
84.86055041232244,27.806863186107883,120.76062444379204,369.0
84.86012301933204,27.80709460995225,120.81062884314764,369.0
84.8596455458119,27.807247254127752,120.86063324250324,369.0
84.85915843691481,27.807364450274115,120.91063764185887,368.0
84.85865526409852,27.807422544074715,120.96064204121447,364.0
84.85815126198321,27.807448247506258,121.01064644057007,364.0
84.85764563799596,27.807410567979467,121.06065083992569,364.0
84.85714066572284,27.807367142702667,121.11065523928129,365.0
84.85663675845169,27.807314327306496,121.16065963863689,365.0
84.85613471431962,27.80733999723157,121.21066403799252,365.0
84.85563376152349,27.80741166795706,121.26066843734812,362.0
84.8551466397935,27.807534506427803,121.31067283670372,362.0
84.8546637757324,27.807673098135858,121.36067723605933,362.0
84.85418091055176,27.807811688082637,121.41068163541493,361.0
84.8536980442516,27.8079502762681,121.46068603477053,362.0
84.8532072871136,27.80806308703209,121.51069043412616,363.0
84.85271203498843,27.80816121361014,121.56069483348176,362.0
84.85221678209219,27.80825933835915,121.61069923283736,362.0
84.85172152842493,27.80835746127909,121.66070363219298,362.0
84.85123092830774,27.808472504837937,121.71070803154858,362.0
84.85074064274605,27.80858869363455,121.76071243090418,362.0
84.85023410706916,27.808604254970152,121.81071683025979,363.0
84.84972686259881,27.808615425067625,121.86072122961541,363.0
84.84924841091357,27.80846773593,121.91072562897101,363.0
84.8489700391546,27.80810981165756,121.96073002832661,363.0
84.84880788501968,27.80769173321852,122.01073442768222,361.0
84.84876470075339,27.80724220323196,122.06073882703782,361.0
84.84874462884572,27.806791725977835,122.11074322639344,361.0
84.84874112444253,27.806340569681122,122.16074762574905,361.0
84.84869387518545,27.80589268605352,122.21075202510465,361.0
84.84861255393933,27.805447351463368,122.26075642446025,364.0
84.8484654645256,27.80502025896784,122.31076082381587,367.0
84.84824762673229,27.804612789948877,122.36076522317147,367.0
84.84801045494011,27.80421754794959,122.41076962252708,372.0
84.84764910987433,27.803900830480785,122.4607740218827,372.0
84.84723904437895,27.803651762394445,122.5107784212383,372.0
84.84676437726954,27.803492393265408,122.5607828205939,363.0
84.84628971164649,27.803333022578165,122.61078721994951,362.0
84.8458505144391,27.80311046474144,122.66079161930512,361.0
84.84542195714434,27.80286895363867,122.71079601866073,360.0
84.84499340180353,27.80262744130393,122.76080041801634,360.0
84.84453826368245,27.802430990725,122.81080481737195,360.0
84.8440712197936,27.80225472260534,122.86080921672755,360.0
84.84360240662919,27.802082746855152,122.91081361608316,360.0
84.84311794362195,27.801948719396197,122.96081801543876,360.0
84.84263348191445,27.801814690301065,123.01082241479438,360.0
84.84213721097083,27.801738972321708,123.06082681414998,360.0
84.8416306055121,27.801714280531115,123.11083121350559,356.0
84.841124000415,27.80168958689348,123.16083561286119,356.0
84.84062287015168,27.801736850449892,123.21084001221679,356.0
84.84012462144301,27.80182199496691,123.2608444115724,356.0
84.8396722911391,27.802012912621304,123.31084881092802,357.0
84.83923894406264,27.80224756055553,123.36085321028362,359.0
84.83893144164706,27.802599710238134,123.41085760963924,360.0
84.83864674347332,27.802973153387395,123.46086200899484,361.0
84.83840497168441,27.8033691091452,123.51086640835044,361.0
84.8381751947047,27.803771355869543,123.56087080770605,360.0
84.83797242929742,27.80418194721732,123.61087520706167,356.0
84.83787361605327,27.804624469757528,123.66087960641727,356.0
84.83777745934411,27.805067458167013,123.71088400577288,356.0
84.83776780312778,27.8055127326014,123.76088840512848,355.0
84.83784996884238,27.805957584882858,123.81089280448408,356.0
84.83790308370668,27.806403881895182,123.8608972038397,357.0
84.83780182605359,27.80684099018083,123.91090160319531,362.0
84.83758755044357,27.80724307325997,123.96090600255091,366.0
84.83728236766534,27.80760350492337,124.01091040190653,366.0
84.8369478954939,27.807942063294846,124.06091480126213,373.0
84.8366117467678,27.80827994846451,124.11091920061773,373.0
84.83628991771222,27.808627655990446,124.16092359997334,378.0
84.83602271019431,27.809011189796873,124.21092799932896,373.0
84.83578609438813,27.809409792537867,124.26093239868456,364.0
84.8355969840328,27.80982801075364,124.31093679804017,361.0
84.83541912300153,27.81025054848256,124.36094119739577,361.0
84.83532398002089,27.810690508931405,124.41094559675138,359.0
84.83526976401711,27.811139089785232,124.46094999610698,359.0
84.83521281922278,27.811587371109006,124.5109543954626,357.0
84.83514271860001,27.812034208397307,124.5609587948182,355.0
84.83508557806695,27.812482438633285,124.6109631941738,353.0
84.83503391203696,27.812931257263855,124.66096759352942,352.0
84.83489682168477,27.813361077494072,124.71097199288502,351.0
84.83468517409237,27.81376950123046,124.76097639224062,351.0
84.83440646205364,27.814146512974688,124.81098079159625,350.0
84.83412635945542,27.814522655587524,124.86098519095185,349.0
84.8338214690923,27.814883295098003,124.91098959030745,348.0
84.83351657667544,27.815243933802993,124.96099398966307,349.0
84.83321168220574,27.815604571703066,125.01099838901867,349.0
84.83290678568507,27.815965208799486,125.06100278837427,349.0
84.83260188711056,27.81632584509032,125.1110071877299,351.0
84.83227997045252,27.81667387853007,125.1610115870855,351.0
84.83193614747178,27.817005688789944,125.2110159864411,352.0
84.83159232238759,27.817337498059473,125.26102038579671,352.0
84.83121774079329,27.817639426567982,125.31102478515231,348.0
84.83081559193064,27.817914572542307,125.36102918450791,348.0
84.83040647188848,27.81817958514735,125.41103358386354,347.0
84.82994776702851,27.81837251045944,125.46103798321914,347.0
84.82947219088068,27.81852061725324,125.51104238257474,347.0
84.82897527729328,27.818612038818625,125.56104678193036,347.0
84.82847836299553,27.818703458545453,125.61105118128596,346.0
84.82798362338345,27.8188034524694,125.66105558064156,346.0
84.82749067649308,27.81891051521842,125.71105997999717,346.0
84.82699204692643,27.818969929859378,125.76106437935279,348.0
84.82648480844254,27.818957151229124,125.81106877870839,347.0
84.82598302794813,27.818908670599864,125.86107317806399,348.0
84.82549035557943,27.818800615598015,125.9110775774196,350.0
84.82500097749947,27.81868503199567,125.9610819767752,350.0
84.82455568477452,27.81846868918607,126.01108637613082,350.0
84.8241414125036,27.818219370903588,126.06109077548643,350.0
84.82382318436547,27.81786795472614,126.11109517484203,350.0
84.8235538505916,27.817490445028724,126.16109957419764,344.0
84.82335468471109,27.81707548860846,126.21110397355325,344.0
84.82313391575936,27.81666944154072,126.26110837290885,344.0
84.822906260956,27.816266234520857,126.31111277226447,348.0
84.82267860775598,27.81586302719919,126.36111717162008,350.0
84.82252706708776,27.815434041847944,126.41112157097568,350.0
84.8223953119663,27.814998355630678,126.46112597033128,350.0
84.8222820812304,27.814559032982427,126.5111303696869,350.0
84.82219526304931,27.814114525362555,126.5611347690425,349.0
84.82210844544949,27.81367001770177,126.61113916839811,349.0
84.8220216284309,27.813225510000077,126.66114356775373,349.0
84.82197347176825,27.81277683841728,126.71114796710933,349.0
84.82193841196722,27.812326756240942,126.76115236646493,349.0
84.82190335232247,27.811876674044957,126.81115676582054,349.0
84.82203626487949,27.811443974941657,126.86116116517614,347.0
84.8221866430229,27.81101308320117,126.91116556453176,347.0
84.82238839522022,27.810601431427642,126.96116996388737,344.0
84.82263004706257,27.810204722351354,127.01117436324297,344.0
84.82285168707573,27.80980169373579,127.06117876259857,344.0
84.82294558654709,27.809358325792775,127.11118316195417,344.0
84.82286233638351,27.80892834184816,127.16118756130979,345.0
84.82268565507518,27.808505416815667,127.2111919606654,347.0
84.822242537798,27.8082867233525,127.261196360021,352.0
84.82179812662743,27.80806902177514,127.31120075937662,352.0
84.82130340969653,27.807972046761815,127.36120515873222,352.0
84.82080676164684,27.807879706655044,127.41120955808782,346.0
84.82030819018694,27.807828383821622,127.46121395744343,344.0
84.81980461937475,27.80788362514793,127.51121835679905,344.0
84.81930322152621,27.807948314443856,127.56122275615465,344.0
84.81881568952817,27.808073294723364,127.61122715551026,343.0
84.81832815652683,27.80819827321427,127.66123155486586,343.0
84.81795768032597,27.808488347680147,127.71123595422146,343.0
84.81762065347486,27.808825600688056,127.76124035357708,342.0
84.8173301014504,27.809190286939295,127.8112447529327,336.0
84.81711140149207,27.809597386189512,127.8612491522883,336.0
84.81689269981659,27.810004484977643,127.91125355164391,340.0
84.8167565583731,27.810437570631557,127.96125795099951,337.0
84.81663849613102,27.81087634707186,128.0112623503551,339.0
84.81652576371268,27.811316197232333,128.06126674971074,339.0
84.81641960891427,27.811757372484493,128.11127114906634,339.0
84.81631345313413,27.81219854757982,128.16127554842194,337.0
84.81611608406291,27.81260934524917,128.21127994777754,338.0
84.81583877049887,27.812984302429644,128.26128434713317,338.0
84.81550343299101,27.81332289418061,128.31128874648877,338.0
84.81507860466746,27.813537220996366,128.36129314584437,338.0
84.81459241601453,27.813666343019584,128.41129754519997,338.0
84.81410378111856,27.813787891356004,128.46130194455557,337.0
84.81361460863862,27.813907776188472,128.51130634391117,335.0
84.81313435484671,27.81404994327219,128.5613107432668,335.0
84.81266998476163,27.814231794328528,128.6113151426224,335.0
84.81220561321888,27.814413643728674,128.661319541978,335.0
84.81173911920892,27.81459112903645,128.71132394133363,335.0
84.81127199217356,27.81476731360543,128.76132834068923,336.0
84.81091395194773,27.815083386150388,128.81133274004483,341.0
84.81056456867493,27.81541056158967,128.86133713940046,341.0
84.81024805170401,27.81575990686015,128.91134153875606,343.0
84.80998778975928,27.81614719976591,128.96134593811166,344.0
84.80971665224054,27.816528549454787,129.01135033746726,343.0
84.80943193824535,27.81690147674198,129.06135473682286,343.0
84.80912293333445,27.817259334238784,129.11135913617846,337.0
84.80873130554923,27.817539155180135,129.1613635355341,337.0
84.80824847970626,27.817601148965817,129.2113679348897,337.0
84.80775976202182,27.817497026274534,129.2613723342453,339.0
84.80727937936412,27.817351698221213,129.31137673360092,344.0
84.80679125205941,27.817228534726286,129.36138113295652,344.0
84.806328863092,27.81706013785449,129.41138553231212,344.0
84.80592687046315,27.816784824686433,129.46138993166775,339.0
84.80552369757793,27.81651088142569,129.51139433102335,337.0
84.80512267780307,27.816234474990306,129.56139873037895,335.0
84.8047276357439,27.81595162231601,129.61140312973455,335.0
84.80435996315171,27.815640694547913,129.66140752909016,335.0
84.80397629433361,27.815345728236032,129.71141192844578,334.0
84.80358670617711,27.815056669052513,129.76141632780138,334.0
84.8031296910995,27.814863563943586,129.81142072715699,334.0
84.80266113500429,27.81470120561741,129.8614251265126,334.0
84.80215378015559,27.814694215638077,129.9114295258682,334.0
84.8016478554283,27.81467551637969,129.96143392522382,335.0
84.80115293017485,27.814576548470885,130.01143832457942,334.0
84.80065594338042,27.814502472701296,130.06144272393502,335.0
84.80014853984659,27.814505413935382,130.11144712329065,336.0
84.79964114249019,27.814503193912394,130.16145152264625,337.0
84.79913374725194,27.814499310854078,130.21145592200185,340.0
84.79863172073009,27.8144549814396,130.26146032135745,340.0
84.79813724988206,27.814353734727565,130.31146472071308,337.0
84.79764385602377,27.81424862707138,130.36146912006868,337.0
84.79715345013743,27.814132804439527,130.41147351942428,333.0
84.79666184818426,27.814021346347285,130.46147791877988,330.0
84.7961665166894,27.81392349188856,130.51148231813548,329.0
84.79568258684306,27.813792423881093,130.5614867174911,329.0
84.79521022048017,27.813627672138885,130.6114911168467,329.0
84.79477147484023,27.813401381125757,130.6614955162023,329.0
84.79433309092376,27.81317435353718,130.71149991555794,329.0
84.7938700448058,27.812989872673576,130.76150431491354,330.0
84.79340700034501,27.812805390341403,130.81150871426914,331.0
84.79291330265157,27.812712265358822,130.86151311362474,331.0
84.79241175291796,27.812647015690303,130.91151751298037,331.0
84.79190435998485,27.812649923852586,130.96152191233597,331.0
84.79139721936542,27.812663649265726,131.01152631169157,331.0
84.79091307830123,27.81277331309755,131.06153071104717,330.0
84.79049094444426,27.81301373160943,131.1115351104028,329.0
84.79009938593218,27.81330060060542,131.16153950975837,329.0
84.7897612756706,27.81363699790772,131.211543909114,329.0
84.78951798516053,27.814031988099373,131.26154830846963,328.0
84.78914156516676,27.8143345176,131.3115527078252,331.0
84.78868162198887,27.814492431256376,131.36155710718083,332.0
84.78818400822873,27.81457978959938,131.41156150653643,332.0
84.78768269374562,27.814649517677797,131.46156590589203,334.0
84.78717756319472,27.814623687702714,131.51157030524766,334.0
84.78667938445714,27.814553080814942,131.56157470460326,338.0
84.78619696379295,27.814413242759443,131.61157910395886,334.0
84.78570499030381,27.814304372685285,131.66158350331446,327.0
84.78520984128396,27.81420579773263,131.71158790267006,326.0
84.78472352643172,27.814077672991598,131.76159230202566,326.0
84.78423449737784,27.813958410071937,131.8115967013813,324.0
84.7837402461891,27.813856342796846,131.8616011007369,324.0
84.78323632101196,27.813848590906385,131.9116055000925,324.0
84.78273024027338,27.813857102015263,131.96160989944812,324.0
84.78222920066762,27.813785857683037,132.0116142988037,326.0
84.7817281618465,27.813714611568166,132.06161869815932,326.0
84.78129502594595,27.813506880566848,132.11162309751495,326.0
84.78089869198932,27.813225180317534,132.16162749687052,332.0
84.78050236011042,27.812943479037585,132.21163189622615,326.0
84.78007375187278,27.81273902435768,132.26163629558175,324.0
84.77956670015752,27.81272229852798,132.31164069493735,324.0
84.77909009567344,27.812640967125006,132.36164509429295,320.0
84.77872110668845,27.812331293902805,132.41164949364858,320.0
84.7784061476982,27.81197913721403,132.46165389300418,320.0
84.77810560636166,27.811615644766835,132.51165829235978,323.0
84.77781200004905,27.811247758630493,132.5616626917154,324.0
84.77752366963134,27.810876530126272,132.61166709107098,325.0
84.77723426277248,27.810506155012842,132.6616714904266,325.0
84.77685281513325,27.810208663434448,132.71167588978224,325.0
84.77647136959278,27.80991117091039,132.76168028913781,326.0
84.7761364252268,27.809573195147312,132.81168468849344,326.0
84.77580997065208,27.809227829229144,132.86168908784904,326.0
84.77542843753159,27.80894316597826,132.91169348720464,328.0
84.77497978395743,27.808732475875487,132.96169788656024,330.0
84.77451018066007,27.808602159977045,133.01170228591587,336.0
84.77400303503012,27.808615866839503,133.06170668527147,336.0
84.77349588940976,27.80862957183019,133.11171108462707,336.0
84.77298874379906,27.80864327494912,133.1617154839827,332.0
84.77253035206942,27.808798701268532,133.21171988333828,329.0
84.77210136509365,27.809039608537493,133.2617242826939,328.0
84.77167237628191,27.80928051435435,133.31172868204953,326.0
84.77124338563421,27.809521418719083,133.3617330814051,326.0
84.77087016949287,27.80982668579928,133.41173748076073,324.0
84.77049882536913,27.810134114390085,133.46174188011634,323.0
84.77012747916174,27.81044154184667,133.51174627947194,322.0
84.76978521101356,27.81077439511633,133.56175067882754,319.0
84.76944573362343,27.811109689412607,133.61175507818317,316.0
84.76912415978546,27.811456103284176,133.66175947753877,316.0
84.76888695023847,27.81185491322148,133.71176387689437,316.0
84.76866865183682,27.812258069058178,133.76176827625,319.0
84.76865881556658,27.8127091320076,133.81177267560557,322.0
84.76874585941647,27.813134717118093,133.8617770749612,328.0
84.76903006677193,27.813508451708092,133.91178147431683,328.0
84.76926105767666,27.81390863076075,133.9617858736724,328.0
84.76947014450417,27.814319694745567,134.01179027302803,328.0
84.76944669984285,27.81476707952757,134.06179467238363,333.0
84.76940770510122,27.815216893066804,134.11179907173923,333.0
84.76930139173699,27.815641867802547,134.16180347109483,333.0
84.76897072079632,27.81598406005957,134.21180787045046,333.0
84.7685182917285,27.81617392981037,134.26181226980606,327.0
84.76804609193863,27.816339065692162,134.31181666916166,324.0
84.76766969903272,27.816628109486484,134.36182106851726,321.0
84.76732717792815,27.816960961492022,134.41182546787286,321.0
84.7669846547201,27.81729381251018,134.4618298672285,321.0
84.7666142559867,27.817599205788156,134.5118342665841,316.0
84.76620686467582,27.817868160222147,134.5618386659397,316.0
84.7657994713949,27.818137113325868,134.61184306529532,318.0
84.76535669939935,27.818356803918597,134.6618474646509,318.0
84.76488072808161,27.818473853261832,134.71185186400652,318.0
84.76437359763123,27.818489175426038,134.76185626336212,320.0
84.76386622066269,27.818493591666407,134.81186066271772,320.0
84.76336592190079,27.818451676925765,134.86186506207335,320.0
84.7628792858818,27.818323873559496,134.91186946142895,320.0
84.76241673745672,27.81815235805203,134.96187386078455,319.0
84.76200491027606,27.817888798481878,135.01187826014015,319.0
84.76158385775808,27.817638370145087,135.06188265949578,319.0
84.76113900031376,27.817421576001383,135.11188705885138,319.0
84.76070796901867,27.81718352927556,135.16189145820698,319.0
84.76027902163739,27.816943447128924,135.2118958575626,319.0
84.75997193722418,27.816584300538967,135.26190025691818,318.0
84.75966023342599,27.816228362426276,135.3119046562738,318.0
84.75933654648881,27.815882208123043,135.3619090556294,317.0
84.75892654712052,27.81561641700891,135.411913454985,317.0
84.75848120333185,27.81540262358408,135.46191785434064,315.0
84.75802967624756,27.81519737085369,135.51192225369624,317.0
84.75759626352014,27.814962781424228,135.56192665305184,317.0
84.75719246257589,27.814695118220893,135.61193105240744,318.0
84.75683815044968,27.8143721801762,135.66193545176307,319.0
84.75661982816416,27.813976155378903,135.71193985111867,319.0
84.75653614855584,27.813533855638735,135.76194425047427,318.0
84.75649172362934,27.81308444341776,135.8119486498299,316.0
84.75647650863719,27.812634451046243,135.86195304918547,316.0
84.756498319594,27.812183723267953,135.9119574485411,316.0
84.75652013023264,27.811732995448484,135.9619618478967,315.0
84.75650880650427,27.81128238429415,136.0119662472523,314.0
84.75648298096205,27.81083182419608,136.06197064660793,314.0
84.75645715549551,27.810381264078547,136.11197504596353,314.0
84.75638999715235,27.809934806371448,136.16197944531913,318.0
84.75630345294513,27.809490272787386,136.21198384467473,319.0
84.75616517997734,27.809058923005246,136.26198824403036,319.0
84.75597374611102,27.808641122051213,136.31199264338596,319.0
84.75572827192192,27.808247214447878,136.36199704274156,319.0
84.75546916110592,27.807859336420233,136.4120014420972,326.0
84.75513966298728,27.807521038130044,136.46200584145276,326.0
84.75477432589938,27.80720798448837,136.5120102408084,326.0
84.75440899541583,27.806894925837323,136.56201464016402,326.0
84.75404385560542,27.806581692431493,136.6120190395196,323.0
84.75367871789703,27.806268458169253,136.66202343887522,323.0
84.75330734626839,27.805961398727337,136.71202783823082,323.0
84.75291793464,27.80567220584737,136.76203223758642,323.0
84.75252852510106,27.80538301197837,136.81203663694203,320.0
84.75211923705936,27.805128528063484,136.86204103629765,318.0
84.7516271873506,27.80501854486279,136.91204543565325,317.0
84.75113303086347,27.805066491920623,136.96204983500886,317.0
84.75063818480392,27.805166061919177,137.01205423436446,316.0
84.75014774398218,27.805280362839834,137.06205863372006,317.0
84.7496626560672,27.805412557887607,137.11206303307569,317.0
84.74917756709148,27.80554475115828,137.16206743243126,318.0
84.74869247705507,27.805676942651843,137.2120718317869,316.0
84.74819210489603,27.80570738931602,137.26207623114252,316.0
84.7476850029382,27.805693025913175,137.3120806304981,316.0
84.74717790125256,27.805678660654248,137.36208502985372,316.0
84.74669013791528,27.805623242218243,137.41208942920932,314.0
84.74632290860393,27.805311952824514,137.46209382856492,314.0
84.74592907190892,27.805033595822547,137.51209822792055,315.0
84.74548011507122,27.804823459487288,137.56210262727615,314.0
84.74503116004193,27.80461332178712,137.61210702663175,314.0
84.74456206356875,27.80446062909221,137.66211142598735,315.0
84.74405835722108,27.804406641201393,137.71211582534298,313.0
84.74355465150714,27.804352651500597,137.76212022469855,312.0
84.74305040497131,27.804306366526696,137.81212462405418,311.0
84.74254305960625,27.80430419048258,137.8621290234098,311.0
84.74203571440066,27.804302012574,137.91213342276538,309.0
84.74152838341065,27.80430116746599,137.962137822121,309.0
84.74102117336514,27.80431179564987,138.0121422214766,309.0
84.74051396335999,27.804322421963228,138.0621466208322,311.0
84.74000695677506,27.804316312442918,138.11215102018784,313.0
84.73950012373837,27.804295943180577,138.16215541954344,313.0
84.73904731711949,27.804113015778864,138.21215981889904,313.0
84.73861788123773,27.803875359928348,138.26216421825464,315.0
84.73825686974513,27.80355837997185,138.31216861761027,312.0
84.73794173582533,27.803209383137617,138.36217301696587,312.0
84.73768127156212,27.80282223366961,138.41217741632147,312.0
84.73744633381506,27.802423499288146,138.4621818156771,312.0
84.73724655899983,27.802008806475857,138.51218621503267,311.0
84.73714037428323,27.801574047998685,138.5621906143883,310.0
84.73712261280758,27.801124946818625,138.6121950137439,309.0
84.73722278412309,27.80068268735164,138.6621994130995,308.0
84.73732295449781,27.800240427737787,138.71220381245513,308.0
84.7373155221515,27.79979387838989,138.76220821181073,307.0
84.73715801474766,27.799383847214653,138.81221261116633,307.0
84.73683486144078,27.799036069270645,138.86221701052193,304.0
84.73649710753647,27.798701901090457,138.91222140987756,304.0
84.73609127282622,27.798431188777254,138.96222580923316,307.0
84.73568544016875,27.798160475379877,139.01223020858876,307.0
84.73527960956409,27.797889760898375,139.0622346079444,309.0
84.73487378101218,27.797619045332773,139.11223900729996,313.0
84.734467954513,27.797348328683125,139.1622434066556,321.0
84.7340708441996,27.79706782550847,139.2122478060112,322.0
84.73368152010774,27.796778580206908,139.2622522053668,322.0
84.73329219810462,27.79648933391808,139.31225660472242,327.0
84.73290287819027,27.79620008664204,139.36226100407802,322.0
84.73247104757381,27.795967583762415,139.41226540343362,322.0
84.73202092928162,27.795759492118542,139.46226980278922,335.0
84.73152392990637,27.795688140753025,139.51227420214485,335.0
84.731019827288,27.79563750737344,139.56227860150045,310.0
84.73054286746267,27.795727493693338,139.61228300085605,314.0
84.73003749427866,27.795766857656265,139.66228740021165,310.0
84.72963115884805,27.795977324978974,139.71229179956725,309.0
84.7293014640569,27.79632020403671,139.76229619892288,310.0
84.72903239850618,27.796693772457818,139.81230059827845,308.0
84.72886921005791,27.797120933934778,139.86230499763408,306.0
84.72870602022091,27.79754809511852,139.9123093969897,306.0
84.7285614227647,27.79798047810299,139.96231379634528,306.0
84.72841911486258,27.798413504223593,140.0123181957009,306.0
84.72827680571288,27.798846530105326,140.06232259505651,306.0
84.72802787310938,27.79923486133608,140.11232699441211,305.0
84.72774268903267,27.79960793861685,140.16233139376774,305.0
84.72732215985235,27.79986029506012,140.21233579312334,305.0
84.72683901750207,27.799986822445863,140.26234019247894,305.0
84.72634617643067,27.800093858700578,140.31234459183455,305.0
84.72585976431202,27.80022190667125,140.36234899119017,306.0
84.72540084723168,27.80039884681049,140.41235339054575,306.0
84.72499669080129,27.800671541330203,140.46235778990138,307.0
84.72456558213662,27.80089424646775,140.512362189257,307.0
84.72407340308024,27.801003677242896,140.56236658861258,311.0
84.72357504532386,27.80106954502238,140.6123709879682,311.0
84.72306772327218,27.80107220311191,140.6623753873238,311.0
84.72256057678133,27.80108125934028,140.7123797866794,309.0
84.72207026967648,27.80114239468788,140.76238418603504,305.0
84.721661644648,27.80140977333306,140.81238858539064,303.0
84.72123469794808,27.80165336767394,140.86239298474624,303.0
84.72081320535655,27.801902673285305,140.91239738410184,303.0
84.7204610686922,27.802227440653866,140.96240178345747,308.0
84.7201089299262,27.802552206984668,141.01240618281304,308.0
84.71975414213445,27.802874673840808,141.06241058216867,309.0
84.71939230470879,27.803190309030406,141.1124149815243,309.0
84.71898982922532,27.803464971823015,141.16241938087987,302.0
84.71853800657749,27.80359729018553,141.2124237802355,302.0
84.7180343602887,27.803564369888523,141.2624281795911,307.0
84.71762259542373,27.803301537964444,141.3124325789467,305.0
84.7172530701542,27.80299242205727,141.36243697830233,305.0
84.71694452711667,27.80263620006702,141.41244137765793,305.0
84.71662943530565,27.80228637132779,141.46244577701353,305.0
84.71623543703464,27.80200216159919,141.51245017636913,305.0
84.71584465828576,27.801714483946366,141.56245457572476,307.0
84.71544331888587,27.801439434900054,141.61245897508033,307.0
84.71502378112358,27.80118577443217,141.66246337443596,307.0
84.71460424536397,27.80093211279657,141.7124677737916,306.0
84.71413527741664,27.800761237323886,141.76247217314716,306.0
84.71366114447447,27.800601766953076,141.8124765725028,305.0
84.71317205850013,27.80048188671141,141.8624809718584,302.0
84.71267696558299,27.800408284884703,141.912485371214,302.0
84.71217002849282,27.80042591865801,141.96248977056962,302.0
84.71166714383763,27.80048527006646,142.01249416992522,307.0
84.7111692019191,27.800563734071286,142.06249856928082,307.0
84.71068881622234,27.800708788377555,142.11250296863642,307.0
84.71020842936024,27.80085384093198,142.16250736799205,304.0
84.7097687617717,27.801071226841273,142.21251176734762,299.0
84.7093503035236,27.801326290372153,142.26251616670325,299.0
84.708982284537,27.801636594058408,142.31252056605885,299.0
84.70861563455087,27.801948398199233,142.36252496541445,299.0
84.70830311126576,27.80230115733152,142.41252936477008,299.0
84.70811021209343,27.802704983805732,142.46253376412565,300.0
84.70804602825122,27.803152492493282,142.51253816348128,299.0
84.70801938639082,27.80360100118654,142.5625425628369,298.0
84.70805333008951,27.80405112377374,142.61254696219248,298.0
84.70808578372056,27.804501324058688,142.6625513615481,299.0
84.70811124609129,27.804951888933363,142.7125557609037,299.0
84.70811585961015,27.80540083614958,142.7625601602593,299.0
84.70800302249663,27.80584067046839,142.8125645596149,299.0
84.70789018434574,27.80628050461461,142.86256895897054,300.0
84.70763723671996,27.80667111953663,142.91257335832614,299.0
84.70723534525924,27.80693408980488,142.96257775768174,299.0
84.7067544375271,27.80707232050349,143.01258215703737,300.0
84.70626698212438,27.807197426620057,143.06258655639294,302.0
84.70576855272708,27.807276808348238,143.11259095574857,306.0
84.7052661257716,27.807339533231065,143.1625953551042,306.0
84.70476186424695,27.807379835608828,143.21259975445977,306.0
84.70425451762183,27.807382424110887,143.2626041538154,306.0
84.70374720980178,27.80737968916737,143.312608553171,305.0
84.70323994348135,27.80737127057245,143.3626129525266,302.0
84.7027430446191,27.807440734738996,143.4126173518822,300.0
84.70225200500579,27.80755422034478,143.46262175123783,298.0
84.70176096449445,27.807667704139593,143.51262615059343,297.0
84.70126680760383,27.807769662007008,143.56263054994903,297.0
84.70077140899791,27.807867027829758,143.61263494930466,298.0
84.70027600963613,27.80796439181903,143.66263934866024,299.0
84.69978014156011,27.8080595498522,143.71264374801586,302.0
84.69927891756036,27.808129482122784,143.7626481473715,302.0
84.69877769305296,27.808199412532897,143.81265254672707,302.0
84.69827646803795,27.808269341082525,143.8626569460827,299.0
84.69777605013051,27.808343173515514,143.9126613454383,299.0
84.69727963650398,27.808436369072034,143.9626657447939,299.0
84.69678322384829,27.808529569904938,144.0126701441495,299.0
84.69628681047409,27.808622768899223,144.06267454350512,297.0
84.6957903963815,27.808715966054866,144.11267894286073,297.0
84.6952944404763,27.80881060891579,144.16268334221633,296.0
84.69481636902552,27.808961666666622,144.21268774157195,293.0
84.69433829636074,27.80911272267778,144.26269214092753,292.0
84.69386004128846,27.809263286027715,144.31269654028316,291.0
84.69337427151537,27.809393490509287,144.36270093963878,291.0
84.69288850070095,27.80952369320803,144.41270533899436,293.0
84.69238339819259,27.80956164246208,144.46270973835,293.0
84.69187748703106,27.80959573162906,144.5127141377056,293.0
84.6913739880305,27.809646929227334,144.5627185370612,295.0
84.69087426865472,27.80972493646534,144.6127229364168,295.0
84.69038448640819,27.80983387793121,144.66272733577242,295.0
84.68991381839398,27.810002323651943,144.71273173512802,295.0
84.68944314902859,27.81017076767516,144.76273613448362,295.0
84.6889608110922,27.810309701796463,144.81274053383925,295.0
84.68846405431461,27.810374782239933,144.86274493319482,293.0
84.68795673076588,27.810374795776077,144.91274933255045,293.0
84.68744957759466,27.81036178672403,144.96275373190608,293.0
84.68694264766239,27.81034326773421,145.01275813126165,296.0
84.68643575073307,27.810324045425205,145.06276253061728,302.0
84.6859283951344,27.810326569226838,145.11276692997285,302.0
84.68542214321421,27.81033703652689,145.16277132932848,302.0
84.68492934131974,27.810444341863285,145.2127757286841,302.0
84.68443653858215,27.810551645378876,145.26278012803968,302.0
84.68405033867857,27.81084029743871,145.3127845273953,302.0
84.68366993435316,27.811138810984698,145.3627889267509,302.0
84.68328952796288,27.811437323343675,145.4127933261065,294.0
84.68290911950771,27.811735834515623,145.4627977254621,293.0
84.68250631223947,27.812009371266686,145.51280212481774,293.0
84.6820943315879,27.81227268019544,145.56280652417334,291.0
84.6816823489923,27.81253598776396,145.61281092352894,291.0
84.68127036445266,27.81279929397219,145.66281532288457,291.0
84.68086624968119,27.813070665902003,145.71281972224014,291.0
84.68051495594983,27.813396170755688,145.76282412159577,292.0
84.68015673505242,27.813712983372753,145.8128285209514,293.0
84.67969485720168,27.81389970368604,145.86283292030697,293.0
84.67923297786314,27.814086422352087,145.9128373196626,293.0
84.6787940380978,27.814301766296072,145.9628417190182,294.0
84.67844473208302,27.81462896045786,146.0128461183738,293.0
84.67809542396434,27.81495615359361,146.0628505177294,294.0
84.67773626306834,27.815273210992164,146.11285491708503,296.0
84.67732152889347,27.81553309352635,146.16285931644063,294.0
84.67688092917412,27.815743678258745,146.21286371579623,296.0
84.67639046964997,27.815859230195283,146.26286811515186,296.0
84.67590000921075,27.815974780322808,146.31287251450743,295.0
84.67540765720142,27.816083744439602,146.36287691386306,291.0
84.67491492334311,27.81619137991403,146.4128813132187,291.0
84.67442811298288,27.816317235485855,146.46288571257426,288.0
84.67394678356486,27.816459950701972,146.5128901119299,287.0
84.67346545300144,27.81660266415896,146.5628945112855,287.0
84.67297225409972,27.816706332033437,146.6128989106411,288.0
84.67247559172289,27.816798605517224,146.6629033099967,288.0
84.67197959840531,27.81689323895117,146.71290770935232,294.0
84.67149310367564,27.81702136834442,146.76291210870792,295.0
84.67100660792293,27.81714949594982,146.81291650806352,297.0
84.67052011114718,27.817277621767335,146.86292090741915,297.0
84.67004490157346,27.817433688930777,146.91292530677472,297.0
84.66957789268301,27.81761005784609,146.96292970613035,297.0
84.6691559145994,27.817848572972967,147.01293410548598,287.0
84.66878223549543,27.818153745711978,147.06293850484155,287.0
84.66840167201386,27.818451960626557,147.11294290419718,287.0
84.66801162119928,27.818740309417397,147.16294730355278,287.0
84.66759659783432,27.818999839046107,147.21295170290838,288.0
84.66732926464083,27.819373975581488,147.26295610226398,288.0
84.66722091287939,27.819809439829786,147.3129605016196,288.0
84.66723623316996,27.82025840254707,147.36296490097521,288.0
84.66728413270522,27.820706798401407,147.41296930033081,296.0
84.6674789039146,27.821123361583428,147.46297369968644,296.0
84.66767367651119,27.82153992455798,147.51297809904202,296.0
84.66771309453702,27.82198711518474,147.56298249839764,295.0
84.6676438975422,27.82243059020974,147.61298689775327,292.0
84.66753242386211,27.822870691456867,147.66299129710885,292.0
84.66737258323361,27.823292313888484,147.71299569646447,287.0
84.6670901668097,27.823667105218174,147.76300009582005,284.0
84.66681574793462,27.824046500593866,147.81300449517568,284.0
84.666546674282,27.82442897328633,147.86300889453128,287.0
84.66627759867784,27.82481144531925,147.91301329388688,287.0
84.66599597263009,27.825186706534488,147.9630176932425,287.0
84.66571424689279,27.825561910903676,148.0130220925981,287.0
84.66532156468465,27.825840310446832,148.0630264919537,283.0
84.66490942412169,27.826102570636206,148.1130308913093,283.0
84.66455246131316,27.82642319388886,148.16303529066494,283.0
84.66419345478573,27.82674199073429,148.21303969002054,283.0
84.66383079651145,27.827057523465616,148.26304408937614,282.0
84.6634679309194,27.8273728683732,148.31304848873177,282.0
84.6631046906305,27.827687873157863,148.36305288808734,284.0
84.66271913043855,27.827979830449866,148.41305728744297,286.0
84.66231473939973,27.828252342948904,148.46306168679857,288.0
84.66190088181824,27.82851300669416,148.51306608615417,288.0
84.66147823538792,27.828762669825533,148.5630704855098,286.0
84.66111806888544,27.829071039976974,148.6130748848654,282.0
84.66108705422342,27.82951968033199,148.663079284221,281.0
84.66112848105746,27.829969294109137,148.7130836835766,281.0
84.6611673894407,27.830419086204774,148.76308808293223,281.0
84.66117358568158,27.830869975208877,148.81309248228783,286.0
84.66120216092312,27.831319560006296,148.86309688164343,302.0
84.661262521071,27.831767477393807,148.91310128099906,307.0
84.66148570046222,27.832169294748596,148.96310568035463,307.0
84.66172785220019,27.832565740469793,149.01311007971026,307.0
84.66196845144337,27.832962860054856,149.06311447906586,307.0
84.66217097227155,27.8333764984488,149.11311887842146,306.0
84.66237349453932,27.833790136616308,149.1631232777771,286.0
84.6626255407455,27.8341798930329,149.2131276771327,286.0
84.66290515793374,27.834556354175472,149.2631320764883,286.0
84.66314776027103,27.834945077282086,149.3131364758439,286.0
84.66321346727587,27.835392400159197,149.36314087519952,289.0
84.66327917468102,27.83583972301131,149.41314527455512,290.0
84.6633841853699,27.836281077161313,149.46314967391072,290.0
84.6634892598757,27.83672242167506,149.51315407326635,290.0
84.6635943351012,27.83716376613474,149.56315847262192,290.0
84.66363619464002,27.837612847850043,149.61316287197755,290.0
84.66366920336455,27.83806301285197,149.66316727133315,288.0
84.66370221221901,27.838513177835694,149.71317167068875,288.0
84.66376332993342,27.838960899913587,149.76317607004438,287.0
84.66382903139038,27.839408223633896,149.81318046939998,286.0
84.66387828628825,27.83985710347268,149.86318486875558,286.0
84.66391998218344,27.8403066985157,149.91318926811118,280.0
84.66391319281036,27.840757615206073,149.9631936674668,276.0
84.66388269157635,27.841206657472735,150.0131980668224,276.0
84.6637384633789,27.841635688277133,150.063202466178,276.0
84.66351382294735,27.842040207829918,150.11320686553364,274.0
84.66325930479421,27.84243026716607,150.1632112648892,274.0
84.66299895968609,27.84281750661201,150.21321566424484,277.0
84.66276971629182,27.843219098432648,150.26322006360044,276.0
84.66256322783806,27.843631191009184,150.31322446295604,276.0
84.66235673772508,27.84404328315854,150.36322886231167,277.0
84.66215262634945,27.844456304809732,150.41323326166724,279.0
84.66195072053051,27.844870188311525,150.46323766102287,279.0
84.66174881307819,27.845284071401192,150.51324206037847,279.0
84.66159124994353,27.845710701620053,150.56324645973407,275.0
84.6614822741966,27.84615129871729,150.6132508590897,275.0
84.66137329743682,27.8465918956488,150.6632552584453,275.0
84.66125378750503,27.84702991272852,150.7132596578009,275.0
84.66109347763124,27.847457936569175,150.7632640571565,275.0
84.66093316638157,27.847885960122145,150.81326845651213,279.0
84.66076388274023,27.848311006048505,150.8632728558677,279.0
84.660569355945,27.84872767431976,150.91327725522333,279.0
84.66037482755894,27.849144342202568,150.96328165457896,278.0
84.66017438380324,27.849558746833136,151.01328605393454,277.0
84.65996757229416,27.849970715100664,151.06329045329016,277.0
84.65971326234856,27.85035652725474,151.11329485264577,278.0
84.65939032888676,27.85070455082942,151.16329925200137,281.0
84.65902914819524,27.851019600958395,151.213303651357,281.0
84.6586476274137,27.851317117388078,151.2633080507126,281.0
84.65822122271656,27.851534835170135,151.3133124500682,281.0
84.6577245096857,27.851627548970026,151.3633168494238,276.0
84.65723638446467,27.851746051460207,151.41332124877943,276.0
84.65676291725855,27.85190857220485,151.463325648135,273.0
84.65628944874572,27.85207109123283,151.51333004749063,272.0
84.65581597892623,27.85223360854411,151.56333444684626,273.0
84.65531399207919,27.85229613048336,151.61333884620183,274.0
84.65481059013592,27.852353689808513,151.66334324555746,271.0
84.65430718780024,27.852411247261625,151.71334764491306,271.0
84.65380116745837,27.85242644703555,151.76335204426866,274.0
84.65329370102086,27.852418243749383,151.8133564436243,274.0
84.65278623480448,27.85241003859903,151.8633608429799,276.0
84.6522787688093,27.852401831584462,151.9133652423355,283.0
84.65177188820432,27.852421074647083,151.9633696416911,283.0
84.65126513642528,27.852446362392932,152.01337404104672,283.0
84.65075905998701,27.85247775233521,152.0633784404023,282.0
84.65025647504274,27.852540696702036,152.11338283975792,282.0
84.64975388965655,27.852603639199636,152.16338723911355,280.0
84.64925974749515,27.85270027535691,152.21339163846912,280.0
84.64877461392167,27.852832863227245,152.26339603782475,282.0
84.64828947928633,27.85296544931481,152.31340043718035,280.0
84.64781091535941,27.853115713947844,152.36340483653595,280.0
84.64733239316348,27.853266092357806,152.41340923589158,277.0
84.64697268748142,27.853570591749037,152.46341363524718,277.0
84.64683563056182,27.854000696793612,152.51341803460278,277.0
84.64671765057477,27.854439455377243,152.56342243395838,298.0
84.64680774567952,27.854875306162846,152.613426833314,298.0
84.6469411884072,27.855310551131318,152.66343123266958,298.0
84.64719560548345,27.85569423787565,152.7134356320252,295.0
84.6474939080828,27.856059221170433,152.76344003138084,280.0
84.64783133806222,27.856393870932905,152.8134444307364,278.0
84.64819768602145,27.856706102106227,152.86344883009204,274.0
84.64856403608874,27.857018332421326,152.91345322944764,274.0
84.64893038826412,27.85733056187817,152.96345762880324,278.0
84.6492544793626,27.857673424450912,153.01346202815887,282.0
84.64952492946547,27.858055168903068,153.06346642751444,284.0
84.64979538140301,27.85843691292119,153.11347082687007,284.0
84.64978344862395,27.858874621436833,153.16347522622567,284.0
84.64961244523371,27.859282972986676,153.21347962558127,268.0
84.64930498226585,27.85964190850314,153.26348402493687,268.0
84.6488567456267,27.859850609694853,153.3134884242925,268.0
84.64840390582332,27.860054398463465,153.3634928236481,268.0
84.64794154483599,27.860240490374082,153.4134972230037,267.0
84.6474787531699,27.860425782828166,153.46350162235933,268.0
84.64700567361415,27.860582818091167,153.5135060217149,268.0
84.64650846551561,27.86067357602483,153.56351042107053,270.0
84.64600723248046,27.860739364567195,153.61351482042616,271.0
84.64550135073286,27.860776311358837,153.66351921978173,271.0
84.64499615330277,27.86079978350108,153.71352361913736,273.0
84.64449607690683,27.86072246852636,153.76352801849296,273.0
84.64401727300186,27.860593927935362,153.81353241784856,272.0
84.64357938643242,27.860366396809162,153.8635368172042,267.0
84.64309344908082,27.860236060966102,153.9135412165598,267.0
84.64260652923517,27.860108832414618,153.9635456159154,265.0
84.6421153855185,27.859994954274185,154.013550015271,265.0
84.64162424295665,27.85988107444427,154.06355441462662,265.0
84.64112663059512,27.859808986483134,154.1135588139822,266.0
84.64061913431554,27.859800736623136,154.16356321333782,269.0
84.64011163825833,27.85979248489841,154.21356761269345,269.0
84.63960414242354,27.859784231308964,154.26357201204902,267.0
84.63909737963814,27.85979959216809,154.31357641140465,267.0
84.63859116734021,27.85983269394608,154.36358081076025,266.0
84.63808495487838,27.85986579384496,154.41358521011585,266.0
84.63757874225273,27.859898891864756,154.46358960947148,266.0
84.6370725294633,27.85993198800544,154.51359400882708,266.0
84.63657850296664,27.860008770317265,154.56359840818268,269.0
84.63611351603821,27.86018966036077,154.61360280753829,272.0
84.63564852766278,27.860370548735325,154.66360720689391,273.0
84.6351835378404,27.86055143544091,154.7136116062495,273.0
84.63471854657107,27.860732320477478,154.76361600560512,275.0
84.63439325561579,27.86107763004176,154.81362040496074,275.0
84.63418058095041,27.86147627961024,154.86362480431632,273.0
84.63405924470882,27.861913910219233,154.91362920367195,261.0
84.63397601401047,27.86235891571045,154.96363360302755,261.0
84.63389278249323,27.862803921083163,155.01363800238315,261.0
84.63381324017985,27.863249113623596,155.06364240173878,262.0
84.63383892513737,27.86369964690081,155.11364680109438,267.0
84.6338646101624,27.864150180159406,155.16365120044998,268.0
84.63388780109183,27.864600740045862,155.21365559980558,271.0
84.63387430999079,27.865051691797007,155.2636599991612,271.0
84.63386081863217,27.86550264351298,155.31366439851678,272.0
84.63385103335233,27.86595363046224,155.3636687978724,272.0
84.63385365663981,27.866404735460335,155.41367319722804,267.0
84.63385627980313,27.866855840432745,155.4636775965836,266.0
84.63396981045821,27.867288535551634,155.51368199593924,265.0
84.63415059774731,27.867710066600193,155.56368639529484,261.0
84.63420635613423,27.86815235237471,155.61369079465044,258.0
84.63414903370624,27.868598988763637,155.66369519400607,258.0
84.63406188654191,27.869043402138974,155.71369959336164,261.0
84.63367271142549,27.869309044621538,155.76370399271727,269.0
84.6331818520216,27.869408309261996,155.81370839207287,269.0
84.63268498040819,27.869499922705984,155.86371279142847,269.0
84.63219048547222,27.869601857080106,155.91371719078407,264.0
84.6316959897406,27.869703789620395,155.9637215901397,257.0
84.63120244174448,27.86980881130814,156.0137259894953,257.0
84.63071817181827,27.86994407013953,156.0637303888509,257.0
84.63023389883074,27.870079321602095,156.11373478820653,261.0
84.62974962475879,27.870214571285224,156.1637391875621,261.0
84.62933073869739,27.87046535605689,156.21374358691773,261.0
84.62891981756488,27.870730216158645,156.26374798627336,260.0
84.62860187015077,27.87107494191231,156.31375238562893,260.0
84.62830507817834,27.871440681751846,156.36375678498456,258.0
84.62799710232474,27.871799285717934,156.41376118434016,258.0
84.62769242374155,27.872159761892622,156.46376558369576,260.0
84.62745572304071,27.87255882962778,156.51376998305136,262.0
84.62721902052014,27.872957896827753,156.563774382407,260.0
84.6270823492834,27.873388969577007,156.6137787817626,260.0
84.62709133884375,27.873827012181515,156.6637831811182,260.0
84.62733240850616,27.874216155759864,156.71378758047382,260.0
84.62745483004215,27.874644722288284,156.7637919798294,260.0
84.62751487925378,27.875091932021807,156.81379637918502,259.0
84.62751747598192,27.87554303497474,156.86380077854065,259.0
84.62751483193182,27.875993979321162,156.91380517789622,259.0
84.62747770783886,27.87644388027703,156.96380957725185,259.0
84.62744058329395,27.876893781177106,157.01381397660745,261.0
84.62730576661805,27.877326874300135,157.06381837596305,261.0
84.62715123643632,27.87775657570391,157.11382277531865,263.0
84.62690477114512,27.87815032137718,157.16382717467428,262.0
84.62665255383159,27.878541817572493,157.21383157402988,262.0
84.62627426474307,27.87884145925587,157.26383597338548,258.0
84.62585059536822,27.879085745020436,157.3138403727411,254.0
84.6254057292809,27.879303077931432,157.36384477209668,254.0
84.62495839433011,27.879516255117743,157.4138491714523,254.0
84.62450542770374,27.879719950956783,157.46385357080794,253.0
84.62405245946691,27.879923645195397,157.5138579701635,259.0
84.62359948961964,27.88012733783355,157.56386236951914,263.0
84.62314269434107,27.880324151512532,157.61386676887474,263.0
84.62268540139803,27.880520071295006,157.66387116823034,257.0
84.62219610565408,27.880631345409174,157.71387556758594,257.0
84.6216984444187,27.880720492816184,157.76387996694157,256.0
84.6211985257272,27.880790044627016,157.81388436629717,256.0
84.62069085884308,27.880792324933694,157.86388876565277,256.0
84.62018426940246,27.880765870131825,157.9138931650084,257.0
84.61968044901646,27.880723802586083,157.96389756436398,257.0
84.61920976361327,27.88055477095348,158.0139019637196,258.0
84.6187570672853,27.88036090299697,158.06390636307523,257.0
84.61838895856431,27.88005024897672,158.1139107624308,257.0
84.61811519986371,27.879679181008743,158.16391516178643,257.0
84.61787819707165,27.8792815177819,158.21391956114203,257.0
84.61759673802682,27.87890609038045,158.26392396049764,255.0
84.61730279639173,27.878540441527143,158.31392835985324,255.0
84.61691895417673,27.878245212129695,158.36393275920884,255.0
84.61651474138242,27.877981639007924,158.41393715856447,257.0
84.61603373306916,27.877837400125074,158.46394155792007,257.0
84.61555272614899,27.877693159638476,158.51394595727567,257.0
84.61507395551797,27.87754543247616,158.56395035663127,255.0
84.61468911056964,27.87725124011497,158.6139547559869,255.0
84.61442330846421,27.87687906896814,158.6639591553425,255.0
84.61422090323109,27.87646537026462,158.7139635546981,248.0
84.61412634498154,27.876029556646063,158.76396795405373,250.0
84.61410428035767,27.875578877568017,158.8139723534093,253.0
84.61408978525799,27.875128100039028,158.86397675276493,252.0
84.6140970001456,27.87467704017026,158.91398115212053,250.0
84.61410421482626,27.87422598027045,158.96398555147613,250.0
84.61403245671364,27.873779884781715,159.01398995083176,252.0
84.61384568681085,27.87337944832713,159.06399435018736,252.0
84.61350938992712,27.873041533094124,159.11399874954296,253.0
84.61309587165401,27.872780173958155,159.16400314889856,253.0
84.61268123488684,27.872519924545866,159.2140075482542,253.0
84.61221922386976,27.8723459143609,159.2640119476098,253.0
84.61173327766406,27.87221547507693,159.3140163469654,256.0
84.61124733274663,27.872085034148565,159.36402074632102,256.0
84.61076138911753,27.871954591575843,159.4140251456766,256.0
84.61027544677678,27.871824147358783,159.46402954503222,256.0
84.60977696640197,27.871743613151466,159.51403394438782,252.0
84.60927473565522,27.871678008409653,159.56403834374342,252.0
84.60877250565558,27.87161240187356,159.61404274309905,252.0
84.60827027640309,27.87154679354319,159.66404714245465,254.0
84.60776956325016,27.871566005254373,159.71405154181025,254.0
84.6072699312411,27.871645749769183,159.76405594116585,254.0
84.60677029863777,27.87172549242499,159.81406034052148,252.0
84.60628452983356,27.871852590203844,159.86406473987708,252.0
84.60580451383542,27.871999339959874,159.91406913923268,251.0
84.60532449665834,27.87214608795929,159.9640735385883,251.0
84.60496828939438,27.87244921500163,160.01407793794388,251.0
84.60472819710591,27.87284010345707,160.0640823372995,251.0
84.60455192014875,27.873263125961113,160.1140867366551,250.0
84.60434762678456,27.8736760862075,160.1640911360107,250.0
84.60414333176897,27.874089046031525,160.21409553536634,250.0
84.60393903510192,27.874502005433172,160.26409993472194,250.0
84.60369655337048,27.874897900507843,160.31410433407754,250.0
84.60342536571673,27.875271624715328,160.36410873343314,250.0
84.60297700756138,27.875483177043577,160.41411313278877,250.0
84.60252737739665,27.875692367843843,160.46411753214437,253.0
84.6020606440334,27.875869786864463,160.51412193149997,250.0
84.60159390924929,27.876047204204003,160.5641263308556,250.0
84.60110954717538,27.87618108665106,160.61413073021117,250.0
84.60062085105292,27.87630031710307,160.6641351295668,249.0
84.60011502360317,27.876338471449227,160.71413952892243,247.0
84.59960919594432,27.876376623915036,160.764143928278,247.0
84.59910214804367,27.876368694358895,160.81414832763363,247.0
84.59859486110405,27.876351724575983,160.86415272698923,247.0
84.59808978776024,27.876309263811986,160.91415712634483,248.0
84.59758557640512,27.876256880954625,160.96416152570043,249.0
84.59707853274936,27.87625900429174,161.01416592505603,249.0
84.59657103477672,27.876269868874484,161.06417032441166,249.0
84.59607650738043,27.876348048106884,161.11417472376726,250.0
84.59559384987789,27.876487834182882,161.16417912312286,250.0
84.59511221821629,27.876629538656317,161.21418352247846,247.0
84.59468544792358,27.87687382173715,161.2641879218341,247.0
84.5942586757747,27.877118103367447,161.31419232118967,247.0
84.59383190176963,27.877362383547162,161.3641967205453,247.0
84.59348403682928,27.877665050535565,161.41420111990092,247.0
84.5932909606693,27.87808225030221,161.4642055192565,248.0
84.59309788292214,27.878499449682327,161.51420991861212,251.0
84.59282226167583,27.878862486684962,161.56421431796772,251.0
84.59243035447338,27.879149219926706,161.61421871732333,252.0
84.59202484556437,27.879417103786256,161.66422311667895,252.0
84.5915680430948,27.879613899540015,161.71422751603455,255.0
84.59111123906354,27.879810693669597,161.76423191539016,251.0
84.59061464918669,27.87988017096027,161.81423631474576,247.0
84.59013370959102,27.879846142522773,161.86424071410138,243.0
84.5897329306886,27.87956925963093,161.91424511345696,242.0
84.58931614050312,27.879312396377408,161.9642495128126,242.0
84.58888924184545,27.87906833336036,162.01425391216821,243.0
84.58845170638422,27.878839571827996,162.0642583115238,244.0
84.5880141737308,27.87861080766323,162.11426271087942,245.0
84.58753501993611,27.87846583228194,162.16426711023502,245.0
84.58706045423806,27.878311505387142,162.21427150959062,245.0
84.58662188376024,27.878084319749544,162.26427590894625,245.0
84.58619647379902,27.87784150748541,162.31428030830185,245.0
84.58582748294945,27.87753170109017,162.36428470765745,248.0
84.58555287533291,27.877155590906032,162.41428910701305,251.0
84.58529833523853,27.876765332457502,162.46429350636868,252.0
84.58499169301574,27.876405831846892,162.51429790572428,254.0
84.5845774063889,27.876170773323395,162.56430230507988,254.0
84.5841075905245,27.875999908923976,162.6143067044355,255.0
84.58363966147114,27.87582551790795,162.66431110379108,254.0
84.58319387538293,27.875609724578954,162.7143155031467,257.0
84.58274809114485,27.87539392991201,162.7643199025023,257.0
84.58230230875691,27.87517813390716,162.8143243018579,257.0
84.5818580296187,27.87496010431821,162.86432870121354,253.0
84.58143302891318,27.874713413598254,162.91433310056914,253.0
84.58100803019587,27.874466721680022,162.96433749992474,253.0
84.58058851139151,27.874213233152204,163.01434189928034,257.0
84.58018892246719,27.873935022875123,163.06434629863597,258.0
84.57978933562312,27.873656811557158,163.11435069799157,259.0
84.57940919551791,27.87335917370674,163.16435509734717,259.0
84.5790516823446,27.873038932452776,163.2143594967028,258.0
84.57869417127561,27.87271869038985,163.26436389605837,255.0
84.57833666231093,27.872398447517998,163.314368295414,254.0
84.57798074308774,27.872076810788773,163.3643726947696,254.0
84.57762494135241,27.87175507201599,163.4143770941252,249.0
84.57730791971619,27.871404457360352,163.46438149348083,248.0
84.57703677309942,27.871027109959332,163.51438589283643,245.0
84.57690169951653,27.870592277384926,163.56439029219203,245.0
84.5767666268854,27.870157444721197,163.61439469154763,247.0
84.57675216647061,27.8697078326345,163.66439909090323,248.0
84.57678165797908,27.869258507279085,163.71440349025886,247.0
84.57684705198515,27.868811170202438,163.76440788961446,247.0
84.57692466384574,27.868366497780663,163.81441228897006,246.0
84.57709972978118,27.867943079182275,163.86441668832566,242.0
84.57727479423984,27.867519660251723,163.9144210876813,242.0
84.57743612757027,27.86709205362394,163.96442548703686,246.0
84.57759052365834,27.86666233135949,164.0144298863925,249.0
84.57760138090701,27.86621304557465,164.06443428574812,249.0
84.57759898795015,27.865761954097028,164.1144386851037,252.0
84.57759659301085,27.865310862601515,164.16444308445932,252.0
84.57750977294802,27.864871903013086,164.21444748381492,252.0
84.57731357607791,27.864462449736642,164.26445188317052,248.0
84.57698189815052,27.864120981415997,164.31445628252615,252.0
84.57665022228336,27.863779512412698,164.36446068188175,249.0
84.57631854847641,27.863438042726784,164.41446508123735,258.0
84.57587625642229,27.863218573531054,164.46446948059295,249.0
84.57543030046845,27.86300314589858,164.51447387994858,249.0
84.57498434636199,27.86278771692775,164.56447827930415,247.0
84.5746087634026,27.862486634355044,164.61448267865978,247.0
84.57424206987645,27.862174733387814,164.6644870780154,244.0
84.57387537845923,27.861862831564444,164.71449147737098,243.0
84.57350646700658,27.86155309442905,164.7644958767266,243.0
84.57312330547063,27.861257245558676,164.8145002760822,243.0
84.57274014603924,27.860961395742713,164.86450467543781,242.0
84.57233933095539,27.860691096732573,164.91450907479344,242.0
84.57186915841024,27.860521163103005,164.96451347414904,243.0
84.57139898744094,27.860351227957793,165.01451787350464,243.0
84.57092881804752,27.860181291296957,165.06452227286024,244.0
84.57045865022997,27.860011353120544,165.11452667221587,246.0
84.56999312869998,27.859831916160612,165.16453107157145,245.0
84.5695325751789,27.85964232282279,165.21453547092707,245.0
84.56907202335968,27.85945272804213,165.2645398702827,245.0
84.56861147324234,27.859263131818665,165.31454426963828,245.0
84.56813674286121,27.85910881164734,165.3645486689939,245.0
84.5676452841285,27.85899610468749,165.4145530683495,245.0
84.56715950889196,27.858865943338913,165.4645574677051,243.0
84.56667627365928,27.85872798306344,165.51456186706073,241.0
84.56619303977392,27.858590021168045,165.56456626641634,241.0
84.56569930435738,27.85849277246627,165.61457066577194,241.0
84.56519671175054,27.858429860610975,165.66457506512754,241.0
84.56469411986919,27.858366946958434,165.71457946448317,241.0
84.56419152871332,27.85830403150866,165.76458386383874,248.0
84.56368893828304,27.858241114261656,165.81458826319437,249.0
84.56318559166375,27.85818320729125,165.86459266255,252.0
84.56268212257311,27.858126113970897,165.91459706190557,253.0
84.56217865415627,27.858069018843693,165.9646014612612,257.0
84.56167202904297,27.85805774046584,166.0146058606168,257.0
84.56116448450014,27.858059805426283,166.0646102599724,256.0
84.56065694008848,27.858061868515605,166.11461465932803,256.0
84.56014944670295,27.858066906266426,166.16461905868363,256.0
84.55964206642696,27.858078552979876,166.21462345803923,254.0
84.55916262167916,27.85802652710244,166.26462785739483,245.0
84.55879804745224,27.857712689349857,166.31463225675043,240.0
84.55855076564953,27.85733259703735,166.36463665610603,236.0
84.55832423541993,27.85693425427183,166.41464105546166,236.0
84.55802840033834,27.85656771486239,166.46464545481726,236.0
84.55778365982748,27.85617568162093,166.51464985417286,235.0
84.55758561933897,27.855760347297938,166.5646542535285,236.0
84.55738758025728,27.85534501276372,166.61465865288406,238.0
84.55721174210925,27.854922030571867,166.6646630522397,238.0
84.55704311705212,27.854496563832765,166.71466745159532,248.0
84.55692382069529,27.854062418755777,166.7646718509509,248.0
84.55689736491004,27.853611940245695,166.81467625030652,248.0
84.55687090919393,27.853161461717725,166.86468064966212,234.0
84.55686660213138,27.852710982043522,166.91468504901772,233.0
84.55689299945776,27.852260500767443,166.96468944837332,233.0
84.5569193964158,27.851810019445658,167.01469384772895,233.0
84.55699812899475,27.85136450489224,167.06469824708455,234.0
84.55707933932914,27.850919225444887,167.11470264644015,240.0
84.55718030629762,27.850479721793555,167.16470704579578,249.0
84.55741232818501,27.850078530937015,167.21471144515135,250.0
84.55764434827448,27.849677339559683,167.26471584450698,250.0
84.55787636656608,27.84927614766159,167.3147202438626,250.0
84.55810109908344,27.84887222735803,167.36472464321818,240.0
84.55826205516014,27.848444422659277,167.4147290425738,240.0
84.55842300985152,27.84801661766788,167.4647334419294,240.0
84.55852565519646,27.847580497198383,167.514737841285,251.0
84.55852334565674,27.8471294092807,167.5647422406406,251.0
84.55852103598556,27.84667832133739,167.61474663999624,255.0
84.5584569622707,27.846233935319844,167.66475103935184,255.0
84.5583594147078,27.845791674440285,167.71475543870744,262.0
84.55828217969975,27.845345836461753,167.76475983806307,269.0
84.55819907585827,27.844900977060274,167.81476423741864,269.0
84.55808928765714,27.8444605668684,167.86476863677427,269.0
84.55797950020765,27.844020156620047,167.9147730361299,268.0
84.55786712204488,27.843580275935324,167.96477743548547,268.0
84.55774949121968,27.84314146884169,168.0147818348411,258.0
84.55763186120814,27.842702661682672,168.0647862341967,257.0
84.55751261083682,27.842264203163488,168.1147906335523,257.0
84.55739153393884,27.841826137630683,168.1647950329079,257.0
84.55727045788151,27.841388072028266,168.21479943226353,260.0
84.5571455425856,27.84095086083006,168.26480383161913,279.0
84.55702016155624,27.84051375338366,168.31480823097473,286.0
84.55689478140114,27.840076645862176,168.36481263033036,286.0
84.55676940212025,27.839639538265605,168.41481702968593,286.0
84.55665712497542,27.839200942420764,168.46482142904156,279.0
84.55665482308657,27.838749854467988,168.5148258283972,242.0
84.5566525210661,27.838298766489608,168.56483022775276,234.0
84.55657506074012,27.837854752556797,168.6148346271084,234.0
84.55647104367338,27.83741323821831,168.664839026464,234.0
84.55625379078371,27.837013348371624,168.7148434258196,233.0
84.55597664698773,27.83663547401168,168.7648478251752,236.0
84.55568387545095,27.83626705468353,168.81485222453082,238.0
84.55539012871162,27.835899225979887,168.86485662388642,241.0
84.55499896193035,27.835616767250404,168.91486102324203,241.0
84.55458943797471,27.83535039557505,168.96486542259763,249.0
84.55417538955462,27.835090055589415,169.01486982195323,249.0
84.55374140603651,27.8348562858957,169.06487422130886,250.0
84.55330742445103,27.834622514947274,169.11487862066446,250.0
84.55287344479817,27.834388742744167,169.16488302002006,247.0
84.55243946707792,27.83415496928643,169.21488741937569,247.0
84.55201236531126,27.833911451872165,169.26489181873126,247.0
84.5515867042819,27.833665894618917,169.3148962180869,240.0
84.55116104523316,27.833420336165858,169.36490061744252,229.0
84.55074187137396,27.833166375240005,169.4149050167981,228.0
84.55033093494679,27.83290174132205,169.46490941615372,224.0
84.54991574255222,27.832643668509206,169.51491381550932,224.0
84.54945231109593,27.83245994061224,169.56491821486492,227.0
84.54898888130386,27.83227621125272,169.61492261422052,227.0
84.54852545317601,27.83209248043071,169.66492701357615,227.0
84.54802453669416,27.83203064007778,169.71493141293175,227.0
84.54752042300174,27.83197919522989,169.76493581228735,230.0
84.5470163099328,27.831927748568518,169.81494021164298,230.0
84.54651133677548,27.831883636683582,169.86494461099855,229.0
84.5460061314813,27.83184150635002,169.91494901035418,229.0
84.54550092672663,27.831799374189668,169.9649534097098,229.0
84.5449998012137,27.831864804041423,170.01495780906538,229.0
84.54449893513814,27.831937086835424,170.064962208421,231.0
84.5440094043388,27.83204140179227,170.1149666077766,235.0
84.54355219409621,27.832237053556504,170.1649710071322,236.0
84.54309856657216,27.832438263806473,170.2149754064878,236.0
84.54267753085564,27.83269003345308,170.26497980584344,235.0
84.54225649325005,27.832941801680516,170.31498420519904,233.0
84.54183545375535,27.833193568488745,170.36498860455464,233.0
84.54136417331237,27.833358179947147,170.41499300391027,232.0
84.54088837872786,27.83351496084509,170.46499740326584,232.0
84.54039174758901,27.83360418176794,170.51500180262147,232.0
84.53989253506684,27.833685032792445,170.5650062019771,231.0
84.5393912846625,27.83365283056332,170.61501060133267,230.0
84.5388894151487,27.8335862380593,170.6650150006883,228.0
84.53840443047766,27.833454752418906,170.7150194000439,227.0
84.5379144147795,27.833339055255244,170.7650237993995,227.0
84.53741966218831,27.83323886403049,170.8150281987551,228.0
84.5369186260375,27.833179875585888,170.86503259811073,228.0
84.53641172588274,27.833159335534226,170.91503699746633,230.0
84.53590482607046,27.833138793630688,170.96504139682193,230.0
84.53539764469626,27.833125517400862,171.01504579617756,230.0
84.5348903647444,27.83311633483276,171.06505019553313,230.0
84.53438321067291,27.833131091262967,171.11505459488876,229.0
84.53387605661577,27.83314584581831,171.1650589942444,229.0
84.53336890257302,27.83316059849882,171.21506339359996,229.0
84.53286174854469,27.83317534930448,171.2650677929556,231.0
84.53235437249592,27.83317944153386,171.3150721923112,230.0
84.5318469521119,27.83318139804522,171.3650765916668,231.0
84.53135773439315,27.833287939584245,171.4150809910224,236.0
84.53087337415937,27.83342239456941,171.46508539037802,236.0
84.53037961218054,27.83352577899416,171.51508978973362,230.0
84.52988473450657,27.83362547685915,171.56509418908922,236.0
84.52938041321613,27.83365158673782,171.61509858844482,230.0
84.52887299147751,27.83365353342707,171.66510298780042,230.0
84.52836634392217,27.83367449945038,171.71510738715605,230.0
84.52786009059346,27.833705153359897,171.76511178651165,230.0
84.52735367324972,27.833709020598807,171.81511618586725,229.0
84.5268470749305,27.833683265895584,171.86512058522288,226.0
84.52634047700238,27.83365750934581,171.91512498457845,226.0
84.52583369054491,27.83363520221671,171.96512938393408,226.0
84.52532667343561,27.833617113076603,172.01513378328968,226.0
84.52482010795421,27.833592414554463,172.06513818264528,232.0
84.5243143539654,27.83355583962276,172.1151425820009,232.0
84.5238152295803,27.833478609109882,172.16514698135651,232.0
84.5233642487022,27.833304885487653,172.21515138071211,226.0
84.52298298564345,27.833007224768775,172.26515578006772,224.0
84.52260172468813,27.832709563118343,172.31516017942334,224.0
84.52221562923192,27.832416906192506,172.36516457877894,224.0
84.5218271024638,27.83212676676427,172.41516897813455,232.0
84.5214385777917,27.831836626363696,172.46517337749017,233.0
84.52110472692274,27.831498018229205,172.51517777684575,235.0
84.52079802235387,27.831142476965734,172.56518217620138,236.0
84.52063192963749,27.830716244156132,172.61518657555698,236.0
84.5204728682525,27.830288313363884,172.66519097491258,238.0
84.52037353108287,27.829845958783444,172.7151953742682,238.0
84.52029033285149,27.82940215535006,172.7651997736238,238.0
84.52028818200722,27.82895107589956,172.8152041729794,227.0
84.52028603102787,27.828499996423464,172.865208572335,218.0
84.52028387991339,27.828048916921777,172.91521297169064,216.0
84.52028173020945,27.827597837388677,172.96521737104624,214.0
84.52027958043006,27.82714675782976,173.01522177040184,214.0
84.52028713403165,27.826695761573863,173.06522616975747,216.0
84.52029967792046,27.826244834468294,173.11523056911304,239.0
84.5203480404765,27.825795804552108,173.16523496846867,239.0
84.5203887000815,27.825346204147706,173.21523936782427,239.0
84.520424570951,27.824896249079362,173.26524376717987,234.0
84.52046044137288,27.824446293955933,173.3152481665355,229.0
84.52048960023609,27.82399614027441,173.3652525658911,228.0
84.52048744863176,27.823545060453696,173.4152569652467,227.0
84.5204852968923,27.823093980607382,173.4652613646023,226.0
84.52048314501778,27.822642900735495,173.51526576395793,225.0
84.52048099300814,27.82219182083801,173.56527016331353,225.0
84.52047884404429,27.82174074090296,173.61527456266913,226.0
84.52046080707865,27.821292116813616,173.66527896202476,232.0
84.52029159203498,27.82086686006573,173.71528336138033,240.0
84.52012237819297,27.82044160317193,173.76528776073596,243.0
84.51992760968747,27.820025094830573,173.81529216009156,245.0
84.51973234239657,27.81960875751265,173.86529655944716,251.0
84.51953299236365,27.819193978767444,173.9153009588028,251.0
84.51932800756974,27.818781350949703,173.9653053581584,251.0
84.51912302422483,27.818368722905408,174.015309757514,229.0
84.51890947455608,27.817959593413857,174.0653141568696,224.0
84.51869098339078,27.817552482221974,174.11531855622522,224.0
84.51847249376132,27.817145370767886,174.16532295558082,224.0
84.51815800461544,27.816792780681475,174.21532735493642,225.0
84.51783441417903,27.816445359985423,174.26533175429202,225.0
84.51743036118923,27.81619274144285,174.31533615364762,225.0
84.51696583710957,27.816011370249978,174.36534055300325,225.0
84.51647332973661,27.815917327406453,174.41534495235882,224.0
84.51597104876325,27.815853784968734,174.46534935171445,222.0
84.51546876852258,27.815790240738895,174.51535375107008,222.0
84.51496668193776,27.81572553813675,174.56535815042565,222.0
84.51446527980025,27.81565673502693,174.61536254978128,222.0
84.51396387844181,27.8155879301344,174.66536694913688,222.0
84.51346095289783,27.815537294755966,174.71537134849248,226.0
84.51295362000346,27.815539179465944,174.7653757478481,226.0
84.51244628724493,27.81554106230822,174.8153801472037,228.0
84.51195082621689,27.815620034684667,174.8653845465593,228.0
84.51146159602725,27.815739471775633,174.9153889459149,226.0
84.5109723648975,27.8158589070593,174.96539334527054,227.0
84.51048442758356,27.815981913580806,175.0153977446261,227.0
84.51000879412553,27.81613887547347,175.06540214398174,227.0
84.5095331594141,27.81629583563319,175.11540654333737,230.0
84.50906112749999,27.816459901543173,175.16541094269294,230.0
84.50861389628284,27.816672877744615,175.21541534204857,230.0
84.50816666340317,27.816885852375837,175.26541974140417,228.0
84.50773474709017,27.81712130772958,175.31542414075977,227.0
84.50731533579312,27.817375117732713,175.3654285401154,218.0
84.50692133521272,27.817654653691086,175.415432939471,217.0
84.50658409898178,27.81799165799637,175.4654373388266,217.0
84.50623155780157,27.818315493566008,175.5154417381822,216.0
84.50586374792725,27.818626191471406,175.56544613753783,216.0
84.50547741447586,27.81891504016405,175.6154505368934,216.0
84.50504016674272,27.819143830844904,175.66545493624903,216.0
84.50455524606852,27.819275442406813,175.71545933560466,218.0
84.50406916781994,27.81940469457377,175.76546373496024,222.0
84.50358308854712,27.819533944949786,175.81546813431586,222.0
84.50310438878107,27.81968278013605,175.86547253367146,222.0
84.5026288346224,27.81983996469607,175.91547693302707,225.0
84.50214538688726,27.819967782206646,175.9654813323827,225.0
84.50164127838273,27.82001872688877,176.0154857317383,225.0
84.5011371695571,27.820069669696686,176.0654901310939,226.0
84.50063306041038,27.82012061063038,176.1154945304495,223.0
84.50013501171037,27.820205531051126,176.16549892980512,222.0
84.4996379070592,27.820295746375354,176.2155033291607,222.0
84.49914079999337,27.82038595230121,176.26550772851633,226.0
84.49864369161664,27.820476153636108,176.31551212787195,230.0
84.49814943607024,27.82057756670112,176.36551652722753,230.0
84.49765706771285,27.820686397311444,176.41552092658316,230.0
84.49715795564528,27.820747074762888,176.46552532593876,226.0
84.4966506031762,27.820748901264402,176.51552972529436,220.0
84.49614660618562,27.82069943145584,176.56553412465,218.0
84.49568150287439,27.82055748261861,176.6155385240056,218.0
84.49527908061393,27.820284321006884,176.6655429233612,218.0
84.49492644821245,27.81996001093381,176.7155473227168,218.0
84.49450681241657,27.81972022961074,176.76555172207242,223.0
84.49404470416792,27.81953402952305,176.815556121428,223.0
84.49357540161202,27.819379369649525,176.86556052078362,218.0
84.4930682144323,27.81939076828338,176.91556492013922,216.0
84.4925610273009,27.819402165044583,176.96556931949482,216.0
84.49209223412684,27.81957273816044,177.01557371885045,216.0
84.49162438884386,27.81974724515907,177.06557811820602,224.0
84.49115753581356,27.819923809893833,177.11558251756165,224.0
84.49069288804704,27.820104946534105,177.16558691691728,224.0
84.49022823884084,27.82028608150298,177.21559131627285,224.0
84.48975352387669,27.820444102790997,177.26559571562848,217.0
84.48927281969392,27.820588371272457,177.31560011498408,217.0
84.48879211436162,27.82073263799175,177.36560451433968,217.0
84.4883046327529,27.820856854369715,177.41560891369528,216.0
84.48781409547482,27.820972029557154,177.4656133130509,216.0
84.48732107697784,27.821077312871267,177.5156177124065,211.0
84.48682197061322,27.821158322287058,177.5656221117621,211.0
84.48632286365157,27.82123932984648,177.61562651111774,211.0
84.48581871050521,27.821255624957463,177.6656309104733,220.0
84.48531180543318,27.821236622113958,177.71563530982894,221.0
84.48480490069248,27.8212176174183,177.76563970918457,221.0
84.48429771734561,27.821211592573697,177.81564410854014,221.0
84.48379036642822,27.821213372700992,177.86564850789577,220.0
84.48328301564945,27.821215150960196,177.91565290725137,219.0
84.48278740375697,27.821303629321882,177.96565730660697,219.0
84.48229407114209,27.821408945962084,178.0156617059626,217.0
84.48180073771204,27.82151426077289,178.0656661053182,217.0
84.4813057674753,27.82161297534451,178.1156705046738,217.0
84.48080835210767,27.8217018290502,178.1656749040294,216.0
84.48031093607221,27.821790680906872,178.21567930338503,216.0
84.4798269445341,27.8219130908048,178.2656837027406,216.0
84.47937813177975,27.822123441292085,178.31568810209623,217.0
84.47892931738059,27.82233379019848,178.36569250145186,219.0
84.47847857073603,27.82254061594622,178.41569690080743,220.0
84.47801570020273,27.82272532788956,178.46570130016306,223.0
84.47755282820364,27.82291003817106,178.51570569951866,223.0
84.4770825324288,27.82307775357911,178.56571009887426,223.0
84.47660075230823,27.823219176913344,178.6157144982299,223.0
84.47611713678639,27.82335476653473,178.6657188975855,224.0
84.47562272442933,27.82345602955791,178.7157232969411,223.0
84.47512831129337,27.823557290746084,178.7657276962967,222.0
84.47462736387246,27.823623040017267,178.81573209565232,222.0
84.47412242836735,27.82366711381996,178.8657364950079,222.0
84.4736180145517,27.823714861020097,178.91574089436352,222.0
84.47311660331984,27.82378375175757,178.96574529371915,221.0
84.47261519160254,27.82385264062892,179.01574969307472,221.0
84.47211377939983,27.823921527634116,179.06575409243035,221.0
84.47160997767594,27.823973852740465,179.11575849178595,221.0
84.47110524092862,27.824019696781907,179.16576289114155,221.0
84.47060050390934,27.82406553894706,179.21576729049718,220.0
84.47009934611336,27.82413526469314,179.26577168985278,220.0
84.46959871564236,27.824208510735467,179.31577608920838,223.0
84.46909733452,27.824277051904637,179.36578048856398,231.0
84.46859353550678,27.82433043451599,179.4157848879196,216.0
84.46808973615165,27.82438381525323,179.4657892872752,216.0
84.46758350333722,27.82441101825316,179.51579368663081,220.0
84.4670766820699,27.824431889441374,179.56579808598642,220.0
84.46656952620975,27.82444088316631,179.61580248534202,220.0
84.46606978093453,27.82439518751526,179.66580688469764,220.0
84.46570644292245,27.82415034731071,179.71581128405322,220.0
84.46566292730992,27.823703699416402,179.76581568340885,221.0
84.46567921185698,27.823253669305387,179.81582008276447,220.0
84.46572034262624,27.82280408490957,179.86582448212005,219.0
84.46584816434556,27.822378522193546,179.91582888147568,220.0
84.4661016227505,27.82198777270464,179.96583328083128,220.0
84.46633117649009,27.821591077250037,180.01583768018688,218.0
84.46634258361168,27.82114012192563,180.06584207954248,215.0
84.46633209674262,27.82068998864206,180.1158464788981,215.0
84.4662779641963,27.82024149416413,180.1658508782537,214.0
84.46608736391212,27.819823838813615,180.2158552776093,214.0
84.46574849348157,27.819514236790372,180.26585967696494,214.0
84.46532164476791,27.819272196302677,180.3158640763205,218.0
84.46481535185634,27.819243231918,180.36586847567614,218.0
84.46430905936896,27.819214265691844,180.41587287503177,218.0
84.46381384044447,27.819309618860554,180.46587727438734,218.0
84.46331898631804,27.81940907422423,180.51588167374297,218.0
84.46281918319572,27.819465986634338,180.56588607309857,215.0
84.4623119097513,27.819458673716824,180.61589047245417,215.0
84.4618046365314,27.81945135893742,180.66589487180977,214.0
84.46129736353603,27.81944404229611,180.7158992711654,214.0
84.46079009076526,27.819436723792894,180.765903670521,214.0
84.46028783894316,27.819490038759707,180.8159080698766,220.0
84.45978724066013,27.81956332688885,180.86591246923223,220.0
84.4592866418522,27.819636613155005,180.9159168685878,220.0
84.45878604251946,27.819709897558166,180.96592126794343,221.0
84.4582879721526,27.81979527223128,181.01592566729906,222.0
84.45779121103381,27.819886907035077,181.06593006665463,221.0
84.45729444922345,27.819978539992448,181.11593446601026,225.0
84.45679768672161,27.82007017110336,181.16593886536586,229.0
84.45630092352829,27.820161800367806,181.21594326472146,225.0
84.45580425408676,27.82025383081351,181.26594766407706,217.0
84.45530766472179,27.82034620410528,181.3159520634327,217.0
84.45481107465874,27.82043857555134,181.3659564627883,212.0
84.45431767559565,27.820539182300703,181.4159608621439,209.0
84.45386245933253,27.820738333257506,181.46596526149952,209.0
84.45340724054991,27.82093748087617,181.5159696608551,208.0
84.45295665886104,27.821144789199202,181.56597406021072,211.0
84.45250627726237,27.821352450874066,181.61597845956635,209.0
84.45205473256337,27.82155772818748,181.66598285892192,210.0
84.45157633816366,27.82170792440997,181.71598725827755,210.0
84.45109794256753,27.821858118881725,181.76599165763315,211.0
84.450619545775,27.822008311602694,181.81599605698875,213.0
84.45013451796099,27.822140547899448,181.86600045634435,220.0
84.44964907904429,27.822271671895784,181.91600485569998,220.0
84.44916973943914,27.82241858866746,181.96600925505558,220.0
84.44869609879086,27.822580262188513,182.01601365441118,219.0
84.44822273781729,27.822742543262454,182.0660180537668,214.0
84.44775775655508,27.82292299724782,182.11602245312238,212.0
84.44728788812415,27.823090074956617,182.166026852478,212.0
84.44679237627041,27.82318695536901,182.2160312518336,212.0
84.44629327378503,27.823225589322114,182.2660356511892,212.0
84.44578882189272,27.823177426177445,182.31604005054484,211.0
84.4453474035521,27.82297896380672,182.36604444990041,209.0
84.44495817932042,27.822691494954647,182.41604884925604,209.0
84.4445920163348,27.822379330317524,182.46605324861164,207.0
84.44423186320698,27.822061633906767,182.51605764796724,205.0
84.44384689365909,27.821768140571542,182.56606204732287,205.0
84.44345785782218,27.82147861390724,182.61606644667847,209.0
84.44315256203362,27.82111970240201,182.66607084603407,209.0
84.44285507006938,27.820754323438326,182.71607524538967,209.0
84.44256746830672,27.82038280952667,182.7660796447453,210.0
84.44228510651944,27.820008122654304,182.8160840441009,210.0
84.44206483190895,27.81960179338103,182.8660884434565,209.0
84.44184455884277,27.819195463844007,182.91609284281213,209.0
84.44163708405613,27.818783908492755,182.9660972421677,209.0
84.44143393649424,27.818370586484843,183.01610164152333,208.0
84.4412203542448,27.817961462204707,183.06610604087894,206.0
84.44100529247261,27.81755293342334,183.11611044023454,204.0
84.44071661017878,27.817184288825743,183.16611483959016,204.0
84.44038147091764,27.81684601533613,183.21611923894577,203.0
84.44003932763472,27.816512971367423,183.26612363830137,203.0
84.43961165149186,27.816279774378756,183.31612803765697,203.0
84.43915962282824,27.81607500570295,183.3661324370126,203.0
84.43868178309145,27.815924084757082,183.4161368363682,204.0
84.43820259498233,27.815775978115177,183.4661412357238,206.0
84.43771587074175,27.815658657517826,183.51614563507943,206.0
84.43721080094642,27.81561627225838,183.566150034435,206.0
84.43670573169913,27.815573885174874,183.61615443379063,207.0
84.43622742872634,27.815427310848147,183.66615883314623,207.0
84.43575175169057,27.81527051914365,183.71616323250183,210.0
84.4352760761432,27.815113725886558,183.76616763185746,210.0
84.43481924481539,27.814919145834736,183.81617203121306,209.0
84.43436918342772,27.814710992211914,183.86617643056866,209.0
84.43394214448564,27.81446930534123,183.91618082992426,209.0
84.43352820482937,27.81420853977354,183.9661852292799,207.0
84.43313851477008,27.813925143849875,184.0161896286355,207.0
84.43282554162028,27.813570152331383,184.0661940279911,207.0
84.43260027969639,27.81317132282902,184.11619842734672,207.0
84.43242187116348,27.812749076288778,184.1662028267023,207.0
84.43233380177473,27.812305819194826,184.21620722605792,207.0
84.43231539710602,27.81185505562159,184.26621162541352,207.0
84.4322969924316,27.811404292029646,184.31621602476912,212.0
84.43227858775144,27.810953528418985,184.36622042412475,212.0
84.43217982209521,27.810515195492346,184.41622482348035,212.0
84.43202593898442,27.810085388492926,184.46622922283595,211.0
84.43187205695774,27.809655581379122,184.51623362219155,211.0
84.431731691148,27.80922290100073,184.56623802154718,203.0
84.43165029009432,27.808777685538683,184.61624242090278,203.0
84.43156888955521,27.80833247004738,184.66624682025838,203.0
84.43148748953064,27.807887254526815,184.716251219614,220.0
84.4314060900206,27.807442038977022,184.76625561896958,220.0
84.43132868931421,27.806996337817807,184.8162600183252,220.0
84.43127283875249,27.80654801948341,184.86626441768084,216.0
84.43121698849546,27.806099701131057,184.9162688170364,215.0
84.43116113854313,27.805651382760736,184.96627321639204,215.0
84.43111286951827,27.8052025352077,185.0162776157476,214.0
84.43108936061357,27.804751959268547,185.06628201510324,213.0
84.43106585174542,27.80430138331201,185.11628641445884,213.0
84.43104234291378,27.803850807338076,185.16629081381444,207.0
84.43104016034457,27.803399758335313,185.21629521317007,207.0
84.43103837772252,27.802948700433213,185.26629961252567,207.0
84.43104103706587,27.802497688499425,185.31630401188127,199.0
84.43105463038559,27.80204678974711,185.36630841123687,199.0
84.43106822343474,27.801595890959437,185.4163128105925,199.0
84.43108056270697,27.80114496842693,185.46631720994807,199.0
84.4310885434826,27.8006939634272,185.5163216093037,199.0
84.4310965240339,27.800242958396087,185.56632600865933,196.0
84.43109660943874,27.799791910431445,185.6163304080149,196.0
84.43102492635421,27.799348290770318,185.66633480737053,199.0
84.43095526344953,27.79890206678981,185.71633920672613,222.0
84.43089836933855,27.798453852271862,185.76634360608173,223.0
84.4308414755407,27.798005637735706,185.81634800543736,223.0
84.43078458205598,27.797557423181328,185.86635240479296,222.0
84.43072261730615,27.797110025519313,185.91635680414856,223.0
84.43059910508222,27.796672541742335,185.96636120350416,220.0
84.43047559370935,27.796235057896414,186.0163656028598,220.0
84.43035208318746,27.79579757398156,186.06637000221536,220.0
84.43022857351654,27.795360089997743,186.116374401571,220.0
84.43016241400922,27.79491354277775,186.16637880092662,220.0
84.43010886572411,27.794465002581255,186.2163832002822,220.0
84.43005531772438,27.794016462367388,186.26638759963782,220.0
84.43001359017744,27.79356749361605,186.31639199899342,214.0
84.43002590530136,27.793116565610738,186.36639639834902,204.0
84.43003822016522,27.79266563757102,186.41640079770465,204.0
84.43005053476895,27.7922147094969,186.46640519706025,204.0
84.43005939063681,27.791763719251758,186.51640959641585,214.0
84.43006756554286,27.791312716744525,186.56641399577146,214.0
84.4300993548752,27.79086310358971,186.61641839512708,214.0
84.43015806032223,27.790415074023933,186.66642279448268,211.0
84.4302277569863,27.789969042160067,186.71642719383829,199.0
84.43037141937104,27.789536453677243,186.76643159319391,199.0
84.43051508048367,27.7891038649439,186.8164359925495,199.0
84.43065874032423,27.788671275960066,186.86644039190512,199.0
84.4308023988928,27.78823868672573,186.91644479126072,199.0
84.43098617916006,27.787820637527552,186.96644919061632,206.0
84.43122339589294,27.7874219534769,187.01645358997195,211.0
84.43146061080347,27.787023268881242,187.06645798932755,211.0
84.43169782389165,27.786624583740593,187.11646238868315,206.0
84.43193503515757,27.786225898054965,187.16646678803875,206.0
84.4321712161061,27.785826729194753,187.21647118739438,205.0
84.43240736126475,27.785427543851604,187.26647558674998,205.0
84.43264350460626,27.785028357967512,187.31647998610558,206.0
84.43289782301983,27.784638553153098,187.3664843854612,206.0
84.43317037017154,27.78425815705697,187.41648878481678,204.0
84.43344291535657,27.783877760276066,187.4664931841724,204.0
84.43371545857497,27.783497362810426,187.516497583528,204.0
84.43408452598823,27.783193275060636,187.5665019828836,204.0
84.43447733295218,27.78290795540186,187.61650638223924,204.0
84.43487013789414,27.782622634476432,187.6665107815948,204.0
84.43524056901883,27.782315378001503,187.71651518095044,204.0
84.43559802122574,27.781995397358116,187.76651958030604,204.0
84.43595547133589,27.781675415634815,187.81652397966164,203.0
84.43629209711597,27.781338486688032,187.86652837901727,203.0
84.43661880892871,27.78099349002479,187.91653277837287,203.0
84.43694551864945,27.780648492433993,187.96653717772847,209.0
84.43722499114209,27.780272603745384,188.01654157708407,211.0
84.4374978319662,27.77989237876232,188.0665459764397,212.0
84.43778284400707,27.779519464949853,188.11655037579527,212.0
84.43807747697595,27.779152330427834,188.1665547751509,212.0
84.43841786781279,27.77881954746341,188.21655917450653,211.0
84.43877530190137,27.778499559537824,188.2665635738621,212.0
84.43922936863966,27.77833887984156,188.31656797321773,211.0
84.43972631492886,27.778248889903637,188.36657237257333,209.0
84.4402258937246,27.778172210945538,188.41657677192893,211.0
84.44072753383847,27.778105954287238,188.46658117128456,212.0
84.44122917349446,27.778039695764136,188.51658557064016,211.0
84.44173205612893,27.778006462108856,188.56658996999576,209.0
84.44223755554908,27.77804272616523,188.61659436935136,207.0
84.44274305546072,27.778078988392323,188.666598768707,206.0
84.44324855586383,27.778115248790108,188.71660316806256,202.0
84.44375050639339,27.778174400032974,188.7666075674182,202.0
84.44424816705056,27.778261215768907,188.81661196677382,202.0
84.44474582864517,27.778348029762178,188.8666163661294,203.0
84.44524472849805,27.778420455178388,188.91662076548502,203.0
84.44575144669271,27.778401976343492,188.96662516484062,203.0
84.44625816487279,27.778383495636533,189.01662956419622,203.0
84.44676488303826,27.778365013057517,189.06663396355185,200.0
84.44727160118907,27.77834652860644,189.11663836290745,200.0
84.44777838811038,27.77833078357211,189.16664276226305,200.0
84.4482855291152,27.778329144873044,189.21664716161865,200.0
84.44878739004687,27.77827354625807,189.26665156097428,210.0
84.44928722369488,27.778197233795805,189.31665596032985,210.0
84.44978705679239,27.77812091947581,189.36666035968548,211.0
84.45028688933935,27.7780446032981,189.4166647590411,212.0
84.4507843755852,27.777958151918053,189.46666915839668,212.0
84.45127744987094,27.777852642735848,189.5166735577523,213.0
84.45177052334363,27.77774713172694,189.5666779571079,212.0
84.45226359600318,27.777641618891344,189.6166823564635,209.0
84.45273165361591,27.777473074312393,189.66668675581914,209.0
84.45318993571482,27.777279901519133,189.71669115517474,206.0
84.45364821569669,27.777086725974886,189.76669555453034,205.0
84.45409502383713,27.77687539961683,189.81669995388594,206.0
84.45451877088385,27.776627585570218,189.86670435324157,206.0
84.4549425160692,27.77637977008637,189.91670875259715,206.0
84.45536625939316,27.776131953165297,189.96671315195277,207.0
84.45579000085574,27.77588413480706,190.0167175513084,210.0
84.45621720190779,27.775642526454757,190.06672195066398,210.0
84.45669552600464,27.775492657577377,190.1167263500196,207.0
84.45717384891061,27.775342786951903,190.1667307493752,205.0
84.45765217062566,27.77519291457836,190.2167351487308,196.0
84.45813049114979,27.775043040456772,190.26673954808643,195.0
84.45857212335571,27.77482700863257,190.316743947442,195.0
84.45899694054438,27.774580656841735,190.36674834679764,196.0
84.45942175587938,27.774334303607894,190.41675274615324,197.0
84.45982839516518,27.774065004635762,190.46675714550884,197.0
84.46023218264877,27.773792106512968,190.51676154486444,197.0
84.46063596815605,27.77351920706496,190.56676594422007,196.0
84.46102505053041,27.77323050298511,190.61677034357567,196.0
84.461402025507,27.77292878479928,190.66677474293127,196.0
84.4617789984169,27.772627065433507,190.7167791422869,197.0
84.4621011537411,27.772282418431537,190.76678354164247,199.0
84.46238987941805,27.771911593167612,190.8167879409981,199.0
84.46268593676048,27.771545773316078,190.86679234035373,199.0
84.46301396187442,27.771201776057573,190.9167967397093,199.0
84.46334198420928,27.770857777348493,190.96680113906493,200.0
84.46367748601439,27.77051988690541,191.01680553842053,200.0
84.46403482298737,27.770199827018253,191.06680993777613,200.0
84.46439215786482,27.769879766053563,191.11681433713173,201.0
84.46474609693298,27.769556737629053,191.16681873648736,204.0
84.46509961834323,27.769233344912063,191.21682313584296,204.0
84.46545313765553,27.768909951137047,191.26682753519856,204.0
84.46578093852915,27.768566194049736,191.3168319345542,204.0
84.46610110932022,27.768216396183487,191.36683633390976,204.0
84.46642127802883,27.767866597422568,191.4168407332654,204.0
84.46674112284167,27.76751656496185,191.46684513262102,204.0
84.46706086871045,27.767166461536526,191.5168495319766,204.0
84.46738061249746,27.766816357218605,191.56685393133222,204.0
84.46767510971672,27.76645031932606,191.61685833068782,200.0
84.46794099653036,27.76606622493122,191.66686273004342,200.0
84.4680882208816,27.765636596027175,191.71686712939902,200.0
84.46821986132932,27.765200987305132,191.76687152875465,200.0
84.46843451124143,27.764794678442062,191.81687592811025,200.0
84.46869413703263,27.764407750125173,191.86688032746585,200.0
84.46897350360325,27.76403130504021,191.91688472682148,200.0
84.4692512355423,27.763653980379196,191.96688912617705,200.0
84.46949653074262,27.76325919517972,192.01689352553268,200.0
84.46974182408702,27.762864409406543,192.0668979248883,195.0
84.4699871155756,27.76246962305967,192.11690232424388,195.0
84.47021196648517,27.762065445767945,192.1669067235995,195.0
84.47043187586159,27.761658998449768,192.2169111229551,197.0
84.47065178350447,27.761252550651303,192.2669155223107,197.0
84.470860858755,27.760842159055017,192.3169199216663,198.0
84.47102440365549,27.76041519057009,192.36692432102194,198.0
84.47118794849983,27.7599882221908,192.41692872037754,198.0
84.47133425330377,27.759556894220495,192.46693311973314,199.0
84.47144764894827,27.759117243909387,192.51693751908877,201.0
84.4715610464661,27.758677594016724,192.56694191844434,201.0
84.47163229816937,27.758232713105418,192.61694631779997,202.0
84.47165850561812,27.757782241468583,192.6669507171556,204.0
84.4716847126957,27.757331769785974,192.71695511651117,204.0
84.47169634538194,27.75688081915868,192.7669595158668,202.0
84.47170756768946,27.756429855020905,192.8169639152224,198.0
84.47171878974859,27.75597889084954,192.866968314578,197.0
84.4717247893756,27.75552788413044,192.9169727139336,197.0
84.47172284664556,27.755076812725548,192.9669771132892,198.0
84.47172090377565,27.754625741295133,193.01698151264483,196.0
84.47168969826005,27.75417553494296,193.06698591200043,196.0
84.47165797515869,27.753725343879065,193.11699031135603,197.0
84.47155172790863,27.753287581883363,193.16699471071163,197.0
84.47139800399985,27.752857738052676,193.21699911006726,197.0
84.47122064172464,27.752439849084414,193.26700350942286,197.0
84.47088411740727,27.752102452166934,193.31700790877846,197.0
84.47045674803329,27.751898962592968,193.3670123081341,197.0
84.46996082801346,27.75181778643257,193.41701670748967,197.0
84.46945380370977,27.751819504220396,193.4670211068453,193.0
84.46895252152513,27.751850678363603,193.51702550620092,193.0
84.4684744505427,27.752000935104896,193.5670299055565,193.0
84.4679963783673,27.752151190100943,193.61703430491212,195.0
84.46751933192706,27.752303812030373,193.66703870426772,197.0
84.46705166641136,27.75247807296954,193.71704310362333,197.0
84.46658399951394,27.752652332221917,193.76704750297893,195.0
84.4661163312348,27.75282658978746,193.81705190233455,191.0
84.46564866157401,27.75300084566614,193.86705630169016,191.0
84.46522662498755,27.75325047367797,193.91706070104576,191.0
84.46480573405297,27.75350199561661,193.96706510040138,194.0
84.46438484124019,27.753753516135376,194.01706949975696,196.0
84.46396560106523,27.75400718030843,194.0670738991126,196.0
84.46355038208007,27.754266059005644,194.11707829846821,196.0
84.46313516118116,27.75452493631477,194.1670826978238,194.0
84.46275773995947,27.75482408089651,194.21708709717942,194.0
84.46239738662548,27.755141408338144,194.26709149653502,191.0
84.46203703120034,27.75545873468703,194.31709589589062,191.0
84.461676673684,27.755776059943123,194.36710029524622,191.0
84.46131890877382,27.75609569619694,194.41710469460185,191.0
84.4609616112607,27.756415749727662,194.46710909395745,192.0
84.46060431165354,27.75673580218119,194.51711349331305,193.0
84.46024700995231,27.75705585355747,194.56711789266868,193.0
84.45992740981495,27.75740521526517,194.61712229202425,192.0
84.45961875678339,27.757763088161,194.66712669137988,192.0
84.45929971996694,27.758112770474714,194.7171310907355,192.0
84.45893723327784,27.758428177499916,194.76713549009108,192.0
84.4585747444995,27.758743583421133,194.8171398894467,192.0
84.45812862028333,27.75895493521835,194.8671442888023,192.0
84.45767588622601,27.75915806375247,194.9171486881579,192.0
84.45719653286518,27.75929558989165,194.9671530875135,192.0
84.45670233040138,27.75939652008751,195.01715748686914,194.0
84.45620812716568,27.759497448452237,195.06716188622474,194.0
84.45570541997915,27.75954288684327,195.11716628558034,196.0
84.45519888101757,27.759563319794403,195.16717068493597,196.0
84.45469210544147,27.759575162998456,195.21717508429154,197.0
84.4541850496384,27.759576828760434,195.26717948364717,198.0
84.45367884217883,27.75955907575861,195.3171838830028,198.0
84.45317346108565,27.75952241295933,195.36718828235837,198.0
84.45266797083785,27.759487077445787,195.417192681714,198.0
84.45216198809887,27.759457715371852,195.4671970810696,190.0
84.45165532759952,27.759440758360512,195.5172014804252,190.0
84.45118045104418,27.759320725213414,195.5672058797808,190.0
84.45073387489863,27.75910708444056,195.6172102791364,192.0
84.45027987349869,27.758906461159665,195.66721467849203,192.0
84.44982684158364,27.75870462372096,195.71721907784763,198.0
84.44939349673348,27.758470414994836,195.76722347720323,198.0
84.44898316126876,27.758207795514878,195.81722787655883,196.0
84.44859621970818,27.757916290840615,195.86723227591446,196.0
84.44820928023807,27.757624785208964,195.91723667527006,196.0
84.44790924295631,27.757261283404993,195.96724107462566,196.0
84.44760988213056,27.756897222248153,196.0172454739813,198.0
84.44731702833259,27.756529845971656,196.06724987333686,198.0
84.44711549461789,27.75611593911422,196.1172542726925,198.0
84.44691396232221,27.75570203204249,196.1672586720481,194.0
84.44677506234326,27.755268454154194,196.2172630714037,193.0
84.4466398103076,27.754833730456056,196.26726747075932,192.0
84.44648513869855,27.75440508040481,196.31727187011492,192.0
84.44628480848783,27.753990713060713,196.36727626947052,191.0
84.44608447968795,27.753576345505326,196.41728066882612,191.0
84.44580985839734,27.753197760485012,196.46728506818175,191.0
84.44552935571234,27.752822008607733,196.51728946753735,190.0
84.44520264891052,27.752479271976263,196.56729386689295,190.0
84.44484189640183,27.75216341149964,196.61729826624858,190.0
84.44443763811786,27.75189116683438,196.66730266560415,190.0
84.44403338189065,27.751618921110964,196.71730706495978,190.0
84.44367487146344,27.751300284239317,196.76731146431538,190.0
84.44331882078643,27.750979154182627,196.81731586367098,194.0
84.44296277219948,27.750658023334765,196.8673202630266,196.0
84.44267033403109,27.750290404264767,196.9173246623822,196.0
84.4423853662614,27.749917326432765,196.96732906173781,196.0
84.44212086634637,27.749533731670926,197.01733346109341,196.0
84.4419000265177,27.749127702654487,197.06733786044904,196.0
84.44167918823179,27.74872167337348,197.11734225980464,194.0
84.44142568283833,27.74833129012601,197.16734665916024,194.0
84.44116631712319,27.747943714079053,197.21735105851587,194.0
84.44090695317206,27.747556137648857,197.26735545787145,194.0
84.4406146659971,27.747188939422127,197.31735985722707,194.0
84.44033667174939,27.74681574927294,197.36736425658268,189.0
84.44012735453886,27.746404920082988,197.41736865593828,189.0
84.43991803879754,27.74599409065946,197.4673730552939,189.0
84.43966416168028,27.745606650524653,197.5173774546495,190.0
84.43936123175624,27.74524495703658,197.5673818540051,190.0
84.43905830379147,27.74488326300167,197.6173862533607,190.0
84.43870868542659,27.74455762564795,197.66739065271634,188.0
84.43834880653868,27.744239912595408,197.71739505207194,187.0
84.43798893292924,27.74392219587632,197.76739945142754,187.0
84.43762906197679,27.74360447784113,197.81740385078317,187.0
84.43726919311713,27.743286758995744,197.86740825013874,190.0
84.4369061749505,27.742971904949677,197.91741264949437,190.0
84.43654131945638,27.742658722683842,197.96741704884997,190.0
84.4361594656935,27.742364314165126,198.01742144820557,188.0
84.43573788328321,27.742113781707406,198.0674258475612,188.0
84.43531630286544,27.741863248084712,198.1174302469168,188.0
84.43487035620849,27.74165256175063,198.1674346462724,188.0
84.43440494205218,27.741473711282794,198.217439045628,191.0
84.4339395295269,27.74129485934505,198.2674434449836,192.0
84.43344487860514,27.741212737107425,198.31744784433923,191.0
84.43294142169417,27.741159747373985,198.36745224369483,191.0
84.43243778306022,27.741195432103158,198.41745664305043,192.0
84.43193411195577,27.741246784011135,198.46746104240603,194.0
84.43144306142636,27.74133999832581,198.51746544176166,194.0
84.43097811690254,27.741519809597868,198.56746984111723,194.0
84.43051317095757,27.74169961919758,198.61747424047286,194.0
84.43004849059109,27.741879949834328,198.6674786398285,194.0
84.42959048227088,27.742073343673876,198.71748303918406,194.0
84.4291324724307,27.742266735880545,198.7674874385397,194.0
84.42867446107051,27.74246012645431,198.8174918378953,192.0
84.42819081243246,27.742570318186218,198.8674962372509,192.0
84.42768598685116,27.742611783026955,198.91750063660652,192.0
84.42718022557264,27.74263144193833,198.96750503596212,191.0
84.42667331633956,27.74262433998719,199.01750943531772,189.0
84.42616643239364,27.74261662375531,199.06751383467332,189.0
84.42566028523665,27.742590909353897,199.11751823402895,191.0
84.42515413847546,27.742565193113652,199.16752263338452,191.0
84.42464799211012,27.742539475034583,199.21752703274015,192.0
84.42415518184129,27.742434830045543,199.26753143209578,196.0
84.4236629093748,27.742327006968566,199.31753583145135,196.0
84.42318608502407,27.74218017899292,199.36754023080698,196.0
84.42272658422428,27.741989611998168,199.41754463016258,192.0
84.42227087583977,27.741792027151707,199.46754902951818,191.0
84.4221329618267,27.741449421683793,199.5175534288738,190.0
84.42222086474862,27.74100519201984,199.5675578282294,190.0
84.42230876680688,27.740560962226017,199.617562227585,187.0
84.42239666800151,27.74011673230232,199.6675666269406,187.0
84.42254338670278,27.739685329331866,199.71757102629624,187.0
84.4226963286248,27.73925528353654,199.7675754256518,187.0
84.42283451003266,27.738821545502827,199.81757982500744,187.0
84.42295583906709,27.738383591974973,199.86758422436307,187.0
84.42307716698899,27.737945638249936,199.91758862371864,187.0
84.42326026323809,27.73752511056358,199.96759302307427,187.0
84.42344472287748,27.73710496758167,200.01759742242987,187.0
84.42362918098273,27.73668482423468,200.06760182178547,187.0
84.42385054435366,27.736281207887735,200.1176062211411,187.0
84.42411988554245,27.735899076894107,200.1676106204967,187.0
84.4243892247799,27.735516945229133,200.2176150198523,187.0
84.42463880169244,27.735125489251732,200.2676194192079,187.0
84.424843202404,27.73471271786442,200.31762381856353,187.0
84.42504566684319,27.734299408127388,200.3676282179191,187.0
84.42514177018008,27.733856524806235,200.41763261727473,187.0
84.42523787259131,27.733413641340153,200.46763701663036,187.0
84.42533397407692,27.73297075772915,200.51764141598593,187.0
84.42543007463694,27.732527873973215,200.56764581534156,186.0
84.4255261742714,27.73208499007236,200.61765021469716,186.0
84.42564694988197,27.73164766726375,200.66765461405276,186.0
84.42579935808901,27.731217473278722,200.7176590134084,186.0
84.42595176496722,27.73078727902053,200.767663412764,186.0
84.42609685885641,27.73035571215002,200.8176678121196,186.0
84.42615270512421,27.729907394235177,200.8676722114752,186.0
84.42620855077939,27.72945907624072,200.9176766108308,186.0
84.426264395822,27.72901075816666,200.9676810101864,185.0
84.42632159066946,27.72856257523173,201.01768540954203,185.0
84.42637911255207,27.728114425024074,201.06768980889763,185.0
84.4264366338088,27.727666274734535,201.11769420825323,185.0
84.4264993305247,27.72721868879734,201.16769860760886,185.0
84.42656511976425,27.726771440071783,201.21770300696443,185.0
84.42663090831259,27.726324191252566,201.26770740632006,185.0
84.42673999624616,27.72588556127962,201.31771180567569,185.0
84.42689461834459,27.72545599494756,201.36771620503126,185.0
84.42704923909976,27.72502642833647,201.4177206043869,184.0
84.42720321950553,27.724596697537386,201.4677250037425,184.0
84.42732926979623,27.72415980257018,201.5177294030981,184.0
84.42745531894131,27.723722907395192,201.5677338024537,184.0
84.42758136694084,27.72328601201242,201.61773820180932,184.0
84.42771747595609,27.722851605297393,201.66774260116492,184.0
84.42786286609497,27.722419494333465,201.71774700052052,184.0
84.4280082549531,27.72198738311475,201.76775139987615,184.0
84.42813773167282,27.721551804676196,201.81775579923172,183.0
84.4282331374893,27.72110880225681,201.86776019858735,183.0
84.42833658895525,27.720667331729498,201.91776459794298,183.0
84.42846219651605,27.720230683901,201.96776899729855,183.0
84.42862724963493,27.719804203830943,202.01777339665418,183.0
84.42879230134247,27.719377723453245,202.06777779600978,183.0
84.42895735163874,27.718951242767915,202.11778219536538,183.0
84.42912240052377,27.718524761774948,202.167786594721,183.0
84.42922720290328,27.718084234353753,202.2177909940766,183.0
84.42931833699986,27.71764052024429,202.2677953934322,183.0
84.42940947020925,27.717196805999254,202.3177997927878,182.0
84.42950060253148,27.71675309161866,202.36780419214344,182.0
84.42959173396657,27.716309377102483,202.417808591499,182.0
84.42977151989,27.71588765737903,202.46781299085464,182.0
84.42995147589178,27.715465979873535,202.51781739021027,182.0
84.43013143038856,27.715044302016995,202.56782178956584,182.0
84.43030832395829,27.71462161690255,202.61782618892147,182.0
84.43047996068533,27.714197201822888,202.66783058827707,182.0
84.43065159595938,27.713772786416808,202.71783498763267,182.0
84.43082322978046,27.713348370684347,202.7678393869883,182.0
84.43098038814128,27.7129197030868,202.8178437863439,182.0
84.431126351195,27.71248774713976,202.8678481856995,181.0
84.43127231296474,27.712055790936564,202.9178525850551,181.0
84.43140816745114,27.711621591840522,202.96785698441073,181.0
84.43150717017342,27.71117921496454,203.0178613837663,181.0
84.43160617194933,27.710736837938228,203.06786578312193,181.0
84.4317051727789,27.710294460761578,203.11787018247756,181.0
84.43172559947735,27.70984600208337,203.16787458183313,181.0
84.43171388993893,27.709395056122702,203.21787898118876,181.0
84.43165615046856,27.708950643248684,203.26788338054436,181.0
84.43150968204387,27.708518823864544,203.31788777989996,181.0
84.43136325975213,27.70808699229078,203.3678921792556,181.0
84.43121749066063,27.707654985848922,203.4178965786112,181.0
84.43107895436593,27.707221115042557,203.4679009779668,181.0
84.4309427369004,27.70678664662883,203.5179053773224,181.0
84.43080652038029,27.706352178129368,203.567909776678,181.0
84.43064724450396,27.705926326839244,203.6179141760336,181.0
84.43039415068644,27.705535534209474,203.66791857538922,181.0
84.43010298092696,27.705171632090273,203.71792297474482,181.0
84.42973292308653,27.704863442305857,203.76792737410042,181.0
84.42935814057655,27.70456056063761,203.81793177345605,181.0
84.4289364627818,27.704310351804356,203.86793617281162,181.0
84.42851478697487,27.704060141807034,203.91794057216725,181.0
84.42809311315577,27.70380993064568,203.96794497152288,181.0
84.42767008371128,27.703561544888444,204.01794937087845,181.0
84.42724641109781,27.70331402595629,204.06795377023408,181.0
84.42682274046254,27.703066505847367,204.11795816958968,181.0
84.42639907180542,27.702818984561723,204.16796256894528,180.0
84.42597367001956,27.70257383293742,204.21796696830089,180.0
84.42554805710292,27.70232897130246,204.26797136765651,180.0
84.42512244615456,27.702084108478296,204.31797576701211,180.0
84.4246968371745,27.701839244464956,204.36798016636772,179.0
84.42427123016273,27.701594379262502,204.41798456572334,179.0
84.42384839400113,27.7013457435807,204.46798896507892,179.0
84.42342568522199,27.70109693602048,204.51799336443455,179.0
84.42300297842557,27.70084812728995,204.56799776379017,179.0
84.42258027361181,27.70059931738916,204.61800216314575,179.0
84.42215757078074,27.700350506318138,204.66800656250138,179.0
84.42173419259376,27.700102614955625,204.71801096185698,179.0
84.42130891782324,27.699857303605707,204.76801536121258,179.0
84.4208836450226,27.69961199106906,204.81801976056818,179.0
84.4204583741918,27.699366677345733,204.8680241599238,180.0
84.42002953836453,27.69912712773004,204.9180285592794,180.0
84.41956926663177,27.698938389640997,204.968032958635,182.0
84.41910899658855,27.698749650122757,205.01803735799064,182.0
84.41864872823491,27.698560909175345,205.0680417573462,182.0
84.41818846157085,27.6983721667988,205.11804615670184,182.0
84.41771784279499,27.698205624360146,205.16805055605747,182.0
84.41724271010565,27.69804876269833,205.21805495541304,181.0
84.41676757889783,27.697891899493026,205.26805935476867,181.0
84.41629244917156,27.69773503474426,205.31806375412427,181.0
84.41581732092688,27.697578168452075,205.36806815347987,182.0
84.41533741714957,27.69743379827385,205.41807255283547,182.0
84.41485339400472,27.697300207148846,205.4680769521911,182.0
84.4143693721719,27.697166614407397,205.5180813515467,182.0
84.41388535165112,27.697033020049556,205.5680857509023,185.0
84.4134053694401,27.696889112318406,205.61809015025793,185.0
84.41293289407507,27.696726031915567,205.6680945496135,185.0
84.41246042023461,27.696562949990515,205.71809894896913,186.0
84.41198794791876,27.6963998665433,205.76810334832476,185.0
84.4115473992226,27.69618151033173,205.81810774768033,185.0
84.41112345394478,27.69593440832323,205.86811214703596,186.0
84.4106995106433,27.695687305137213,205.91811654639156,188.0
84.41027293861616,27.69544381958721,205.96812094574716,188.0
84.40984599388776,27.695200848230826,206.01812534510276,189.0
84.40940258158005,27.69498618345903,206.0681297444584,189.0
84.40893327898385,27.69481602031524,206.118134143814,190.0
84.40846397795983,27.694645855674253,206.1681385431696,191.0
84.40799467850799,27.694475689536123,206.2181429425252,190.0
84.40752538062836,27.694305521900862,206.2681473418808,189.0
84.40705608432096,27.694135352768523,206.31815174123642,186.0
84.40658678958579,27.693965182139127,206.36815614059202,186.0
84.40611749642291,27.693795010012728,206.41816053994762,183.0
84.40564820483229,27.69362483638934,206.46816493930325,182.0
84.40519335948602,27.69342744422843,206.51816933865882,181.0
84.40474764165921,27.693212855751796,206.56817373801445,180.0
84.40430192566596,27.692998265951722,206.61817813737005,180.0
84.40385621150631,27.692783674828235,206.66818253672565,180.0
84.40340002590807,27.692588288931095,206.71818693608128,180.0
84.40293487964279,27.69240933731439,206.76819133543688,180.0
84.40246973500668,27.692230384232733,206.81819573479248,180.0
84.40199728207142,27.692067615822804,206.86820013414808,180.0
84.40152241242653,27.691910200452426,206.9182045335037,180.0
84.40104754426733,27.691752783541407,206.9682089328593,179.0
84.40057267759384,27.69159536508977,207.0182133322149,179.0
84.4001016297672,27.69143041849058,207.06821773157054,179.0
84.39965491965408,27.6912174876447,207.1182221309261,179.0
84.39920821136606,27.691004555468698,207.16822653028174,179.0
84.39879434695871,27.690749479684136,207.21823092963734,179.0
84.39841383575057,27.69045160730627,207.26823532899294,179.0
84.39803332663176,27.690153734011535,207.31823972834857,179.0
84.39765281960221,27.689855859799962,207.36824412770417,179.0
84.39727842743399,27.689552456144348,207.41824852705977,179.0
84.39693778952628,27.68921852545971,207.46825292641537,179.0
84.39659715367925,27.688884594063804,207.518257325771,179.0
84.39625651989287,27.68855066195667,207.5682617251266,180.0
84.39590947120072,27.68822219179983,207.6182661244822,180.0
84.39554991538397,27.687904369754502,207.66827052383783,181.0
84.39519036165395,27.687586546904267,207.7182749231934,181.0
84.39483081001059,27.687268723249122,207.76827932254903,182.0
84.3944712604539,27.686950898789124,207.81828372190463,182.0
84.39407624926791,27.686669847743477,207.86828812126024,182.0
84.39366888272855,27.686401609707783,207.91829252061586,182.0
84.39326151823036,27.68613337059968,207.96829691997146,182.0
84.39284135848374,27.68588146986403,208.01830131932707,182.0
84.39241775135663,27.68563397207737,208.06830571868267,182.0
84.39199414620677,27.68538647311663,208.1183101180383,182.0
84.391574222601,27.685134185218622,208.1683145173939,184.0
84.39116159670125,27.684872403207848,208.2183189167495,184.0
84.39075368362205,27.684605525146775,208.26832331610512,184.0
84.3903857596519,27.684295398271903,208.3183277154607,184.0
84.39001783777267,27.683985270548863,208.36833211481633,185.0
84.38964991798434,27.683675141977712,208.41833651417193,185.0
84.38924655428745,27.683403372607664,208.46834091352753,186.0
84.38883376021549,27.683141810011445,208.51834531288316,187.0
84.38842096816643,27.6828802463098,208.56834971223876,187.0
84.3879768521966,27.68266526497554,208.61835411159436,187.0
84.3875228930698,27.682464922291558,208.66835851094996,187.0
84.38705934805914,27.682283346663223,208.7183629103056,187.0
84.38659136569443,27.682110459142052,208.7683673096612,187.0
84.38612338491981,27.681937570135165,208.8183717090168,187.0
84.3856554057353,27.681764679642598,208.8683761083724,186.0
84.38515705660225,27.68168594574171,208.918380507728,185.0
84.38465733496594,27.681611467761247,208.96838490708362,184.0
84.3841576141612,27.681536988021332,209.0183893064392,181.0
84.38365760313867,27.68146429042365,209.06839370579482,179.0
84.383154730039,27.68140913783919,209.11839810515045,177.0
84.3826518576019,27.68135398346089,209.16840250450602,177.0
84.38214898582747,27.681298827288757,209.21840690386165,177.0
84.38164604849202,27.681244938152318,209.26841130321725,177.0
84.38113959890225,27.68125834770768,209.31841570257285,177.0
84.38063314934979,27.681271755400054,209.36842010192848,178.0
84.38012669983468,27.681285161229436,209.41842450128408,177.0
84.37962838903317,27.68135042234013,209.46842890063968,177.0
84.3791372060944,27.681461102271474,209.51843329999528,176.0
84.37864602230586,27.681571780388477,209.5684376993509,176.0
84.37815483766758,27.681682456691103,209.61844209870648,176.0
84.37767393540713,27.681824045680887,209.6684464980621,176.0
84.37719425264666,27.681969302490213,209.71845089741774,176.0
84.376714568743,27.682114557545397,209.7684552967733,179.0
84.3762348836962,27.682259810846425,209.81845969612894,179.0
84.37575995341375,27.682416230881948,209.86846409548454,179.0
84.37529264754404,27.682590556983797,209.91846849484014,178.0
84.37482534030136,27.682764881400093,209.96847289419577,178.0
84.37435803168573,27.682939204130808,210.01847729355137,178.0
84.37389072169718,27.683113525175916,210.06848169290697,178.0
84.37345822397157,27.68334750775047,210.11848609226257,178.0
84.37302929969945,27.683587616057096,210.1684904916182,178.0
84.37260037361821,27.683827722896073,210.21849489097377,176.0
84.37220019342826,27.684099818015277,210.2684992903294,175.0
84.3718428894427,27.684419625773646,210.31850368968503,175.0
84.37148558337101,27.68473943245144,210.3685080890406,174.0
84.3711282752132,27.685059238048613,210.41851248839623,174.0
84.37072784694274,27.685335528401836,210.46851688775183,174.0
84.37032680659586,27.685611201740066,210.51852128710743,174.0
84.3699257642724,27.68588687376586,210.56852568646306,174.0
84.36956220743944,27.686199414344813,210.61853008581866,174.0
84.36918788571745,27.68650060266501,210.66853448517426,174.0
84.36877803930285,27.68676581878969,210.71853888452986,174.0
84.36836819095453,27.687031033553286,210.7685432838855,174.0
84.36795834067246,27.687296246955732,210.8185476832411,174.0
84.36754848845663,27.687561458997006,210.8685520825967,174.0
84.36713863430704,27.687826669677072,210.91855648195232,174.0
84.36677228581594,27.688129206252903,210.9685608813079,174.0
84.36648966038906,27.688503573629795,211.01856528066352,174.0
84.36620703296968,27.68887794027714,211.06856968001912,174.0
84.36592440355777,27.689252306194895,211.11857407937472,174.0
84.36564177215324,27.689626671383035,211.16857847873035,174.0
84.36535913875609,27.690001035841547,211.21858287808595,173.0
84.36507650336624,27.690375399570392,211.26858727744155,173.0
84.36479386598364,27.690749762569546,211.31859167679715,173.0
84.36451122660829,27.69112412483897,211.36859607615278,173.0
84.36422858524008,27.691498486378663,211.41860047550838,179.0
84.36394594187901,27.691872847188577,211.46860487486398,179.0
84.36366235283127,27.692246632762412,211.51860927421959,179.0
84.36337290863717,27.692616854286438,211.5686136735752,177.0
84.36308346243042,27.692987075051178,211.61861807293081,176.0
84.36279401421092,27.693357295056614,211.6686224722864,176.0
84.36250456397866,27.6937275143027,211.71862687164202,175.0
84.36221511173359,27.694097732789423,211.76863127099764,173.0
84.36192565747564,27.694467950516746,211.81863567035322,173.0
84.3615978482487,27.694811010222967,211.86864006970885,172.0
84.36125766998407,27.69514531207201,211.91864446906445,172.0
84.36091748962716,27.695479612925546,211.96864886842005,172.0
84.36057730717789,27.695813912783535,212.01865326777568,172.0
84.36023712263626,27.696148211645955,212.06865766713128,172.0
84.35989693600222,27.696482509512748,212.11866206648688,172.0
84.35955674727575,27.6968168063839,212.16866646584248,172.0
84.35921655645677,27.697151102259365,212.2186708651981,172.0
84.35887636354528,27.697485397139108,212.26867526455368,172.0
84.35853616854122,27.697819691023103,212.3186796639093,172.0
84.35815780494819,27.698119056159815,212.36868406326494,172.0
84.35777293436765,27.698412467139793,212.4186884626205,172.0
84.35738806175014,27.698705876893953,212.46869286197614,174.0
84.35700318709567,27.69899928542226,212.51869726133174,176.0
84.3566183104042,27.69929269272467,212.56870166068734,177.0
84.35623343167572,27.699586098801145,212.61870606004297,177.0
84.35584855091018,27.69987950365164,212.66871045939857,177.0
84.35546366810756,27.70017290727613,212.71871485875417,171.0
84.35507878326787,27.700466309674564,212.76871925810977,171.0
84.35465826981347,27.700713448833355,212.8187236574654,171.0
84.35421199153792,27.700927132472795,212.86872805682097,178.0
84.35376571161082,27.70114081454451,212.9187324561766,178.0
84.35331943003216,27.70135449504844,212.96873685553223,178.0
84.35287314680191,27.701568173984572,213.0187412548878,175.0
84.35242686192014,27.701781851352848,213.06874565424343,174.0
84.3519805753868,27.701995527153237,213.11875005359903,173.0
84.35153428720193,27.702209201385692,213.16875445295463,173.0
84.35108799736552,27.70242287405019,213.21875885231026,173.0
84.35059956849182,27.702542299170737,213.26876325166586,172.0
84.35011035612732,27.702659972154702,213.31876765102146,171.0
84.3496211428526,27.702777643332336,213.36877205037706,171.0
84.34913192866773,27.70289531270361,213.4187764497327,171.0
84.34864271357273,27.703012980268504,213.46878084908826,171.0
84.34815349756764,27.703130646026985,213.5187852484439,171.0
84.34765975076499,27.703144477156673,213.56878964779952,171.0
84.3471617562798,27.703060931527357,213.6187940471551,171.0
84.34666376270683,27.702977384156124,213.66879844651072,171.0
84.34616577004611,27.702893835042985,213.71880284586632,171.0
84.3456677782977,27.70281028418796,213.76880724522192,171.0
84.34516978746163,27.702726731591063,213.81881164457755,171.0
84.34467646204463,27.702627348845343,213.86881604393315,171.0
84.34419650634435,27.702482600170303,213.91882044328875,171.0
84.34371655204292,27.702337849914773,213.96882484264435,171.0
84.34323659914033,27.702193098078777,214.01882924199998,171.0
84.34275664763662,27.702048344662355,214.06883364135555,171.0
84.34227668833454,27.701903614140182,214.11883804071118,171.0
84.34179547205737,27.70176223062291,214.16884244006678,171.0
84.34131425715445,27.701620845514782,214.21884683942238,171.0
84.34083304362576,27.701479458815825,214.268851238778,171.0
84.34035183147137,27.701338070526063,214.31885563813358,171.0
84.33987062069126,27.70119668064555,214.3688600374892,171.0
84.33940288151747,27.701030916464884,214.41886443684484,173.0
84.3389833491699,27.700777929883564,214.46886883620041,173.0
84.33856381882141,27.700524942156445,214.51887323555604,173.0
84.33814429047203,27.700271953283583,214.56887763491164,172.0
84.3377247641217,27.700018963265006,214.61888203426724,172.0
84.33730523977046,27.699765972100746,214.66888643362284,172.0
84.33688571741824,27.699512979790867,214.71889083297847,171.0
84.33645601183426,27.69927597798409,214.76889523233407,171.0
84.3359966686401,27.699085511188763,214.81889963168967,170.0
84.33553732714925,27.69889504297446,214.8689040310453,170.0
84.33507798736171,27.69870457334125,214.91890843040088,170.0
84.33461864927753,27.69851410228914,214.9689128297565,170.0
84.33415931289666,27.698323629818173,215.01891722911213,169.0
84.33369997821916,27.6981331559284,215.0689216284677,169.0
84.33324051204687,27.697942936268156,215.11892602782333,169.0
84.33278043323126,27.697753894296866,215.16893042717894,169.0
84.33232035611047,27.6975648509013,215.21893482653454,169.0
84.33186028068451,27.697375806081517,215.26893922589014,169.0
84.33140020695339,27.69718675983754,215.31894362524577,169.0
84.33094013491711,27.696997712169406,215.36894802460137,169.0
84.33048006457571,27.69680866307716,215.41895242395697,169.0
84.3300145177439,27.696630563626698,215.4689568233126,169.0
84.3295488461554,27.696452715354212,215.51896122266817,168.0
84.32908317619255,27.696274865615393,215.5689656220238,168.0
84.32861750785534,27.696097014410288,215.61897002137943,168.0
84.3281518411438,27.695919161738907,215.668974420735,171.0
84.3277402144267,27.695662886201664,215.71897882009063,171.0
84.32735103373416,27.69537403850036,215.76898321944623,171.0
84.3269618551237,27.69508518983713,215.81898761880183,171.0
84.32657267859531,27.694796340212005,215.86899201815743,171.0
84.32618350414894,27.694507489625007,215.91899641751306,169.0
84.32582413597866,27.694192567742025,215.96900081686866,169.0
84.32550646778651,27.693841171105674,216.01900521622426,169.0
84.32518880159704,27.693489773866954,216.0690096155799,168.0
84.32487113741023,27.69313837602592,216.11901401493546,168.0
84.32459246306716,27.69276854586657,216.1690184142911,168.0
84.32444327091481,27.692337502661918,216.21902281364672,168.0
84.32429407980007,27.69190645935504,216.2690272130023,168.0
84.32414488972293,27.69147541594593,216.31903161235792,168.0
84.32399570068334,27.691044372434607,216.36903601171352,168.0
84.32384651268126,27.690613328821087,216.41904041106912,168.0
84.32369732571665,27.690182285105365,216.46904481042472,168.0
84.3235481397895,27.68975124128746,216.51904920978035,168.0
84.3233778079562,27.689328964400403,216.56905360913595,168.0
84.32310316094764,27.6889499344979,216.61905800849155,168.0
84.32282851577116,27.68857090416527,216.66906240784718,168.0
84.3225538724267,27.688191873402555,216.71906680720275,168.0
84.3222792309142,27.687812842209766,216.76907120655838,168.0
84.32200459123368,27.68743381058694,216.81907560591398,168.0
84.32172510337978,27.68705789481352,216.86908000526958,168.0
84.32140746756684,27.68670649100411,216.9190844046252,168.0
84.32108983375575,27.686355086592844,216.96908880398078,168.0
84.32077220194648,27.68600368157976,217.0190932033364,168.0
84.32045457213897,27.68565227596489,217.069097602692,168.0
84.32013694433319,27.685300869748275,217.1191020020476,168.0
84.31980145465648,27.684965042643835,217.16910640140324,168.0
84.31941329497971,27.684675151872163,217.21911080075884,168.0
84.31902513738522,27.684385260145085,217.26911520011444,170.0
84.318636981873,27.684095367462668,217.31911959947004,172.0
84.31824882844302,27.683805473824926,217.36912399882567,172.0
84.31786067709521,27.683515579231916,217.41912839818127,172.0
84.31742136547764,27.683295279399893,217.46913279753687,172.0
84.3169675723271,27.683094679788606,217.5191371968925,172.0
84.31651378093775,27.682894078800448,217.56914159624807,172.0
84.3160599913096,27.682693476435457,217.6191459956037,172.0
84.31560620344266,27.68249287269367,217.66915039495933,172.0
84.31515241733693,27.68229226757512,217.7191547943149,172.0
84.31468461966544,27.68212672893545,217.76915919367053,172.0
84.31419046879121,27.682027139861976,217.81916359302613,172.0
84.31369631896447,27.681927549085096,217.86916799238173,172.0
84.31320217018526,27.681827956604838,217.91917239173733,172.0
84.3127080224536,27.68172836242122,217.96917679109296,173.0
84.31221387576954,27.681628766534274,218.01918119044856,173.0
84.31171973013312,27.68152916894401,218.06918558980416,172.0
84.31122842312843,27.681419058979657,218.1191899891598,172.0
84.31073740531855,27.68130788034876,218.16919438851536,171.0
84.31024638865048,27.681196700043525,218.219198787871,170.0
84.30975537312428,27.681085518063973,218.26920318722662,169.0
84.30926435873995,27.680974334410124,218.3192075865822,169.0
84.30877334549757,27.680863149082015,218.36921198593782,169.0
84.30828233339713,27.680751962079665,218.41921638529342,170.0
84.30779132243869,27.680640773403084,218.46922078464902,170.0
84.30730031262227,27.680529583052312,218.51922518400463,171.0
84.30682631756206,27.680377538481906,218.56922958336025,171.0
84.30637255844734,27.680176906375756,218.61923398271585,170.0
84.30591880109415,27.67997627289353,218.66923838207146,168.0
84.30546504550249,27.679775638035256,218.71924278142708,168.0
84.30501129167236,27.679575001800966,218.76924718078266,168.0
84.30455753960379,27.679374364190725,218.81925158013829,170.0
84.30411103575504,27.679161280287918,218.86925597949391,170.0
84.30366532422795,27.67894683749227,218.9192603788495,170.0
84.30321961453592,27.678732393378198,218.96926477820512,170.0
84.3027739066789,27.678517947945718,219.01926917756072,170.0
84.3023282006569,27.678303501194875,219.06927357691632,166.0
84.30188249646996,27.678089053125724,219.11927797627192,166.0
84.30143679411805,27.67787460373829,219.16928237562755,166.0
84.30099109360117,27.67766015303261,219.21928677498315,166.0
84.30054041472012,27.677454440092625,219.26929117433875,166.0
84.30008279917031,27.677260901081826,219.31929557369438,166.0
84.29962518534153,27.677067360667067,219.36929997304995,167.0
84.2991675732338,27.676873818848374,219.41930437240558,167.0
84.29870996284713,27.676680275625795,219.46930877176118,167.0
84.29825235418151,27.67648673099937,219.51931317111678,167.0
84.29779474723699,27.676293184969126,219.5693175704724,167.0
84.29730073751817,27.67622963167384,219.61932196982798,165.0
84.2967946308333,27.676209274634505,219.6693263691836,165.0
84.2962885245024,27.676188915756622,219.7193307685392,165.0
84.2957824185255,27.67616855504019,219.7693351678948,165.0
84.29527631290267,27.6761481924852,219.81933956725044,165.0
84.29477020763396,27.67612782809169,219.86934396660604,165.0
84.2942641027194,27.676107461859637,219.91934836596164,165.0
84.29375799815904,27.67608709378906,219.96935276531724,165.0
84.29325300501543,27.676053468041584,220.01935716467287,165.0
84.29274911025215,27.67600674231578,220.06936156402847,165.0
84.29224521608178,27.67596001478457,220.11936596338407,165.0
84.29174132250435,27.67591328544799,220.1693703627397,165.0
84.29123742951991,27.675866554306058,220.21937476209527,165.0
84.2907335371285,27.67581982135877,220.2693791614509,165.0
84.29022964533017,27.675773086606142,220.3193835608065,166.0
84.28972575412496,27.67572635004819,220.3693879601621,169.0
84.28923139156669,27.67562927945387,220.41939235951773,169.0
84.2887381282145,27.67552640611983,220.46939675887333,169.0
84.28824486593786,27.67542353109146,220.51940115822893,168.0
84.28775160473677,27.675320654368793,220.56940555758453,168.0
84.28725834461129,27.67521777595184,220.61940995694016,168.0
84.28676508556144,27.67511489584063,220.66941435629576,168.0
84.28627182758729,27.675012014035193,220.71941875565136,168.0
84.28577857068882,27.67490913053554,220.769423155007,167.0
84.28528531486612,27.674806245341713,220.81942755436256,167.0
84.28479206011919,27.674703358453716,220.8694319537182,167.0
84.28434042212305,27.674510121865783,220.9194363530738,167.0
84.28390804288196,27.674275076944365,220.9694407524294,167.0
84.28347566557139,27.67404003079691,221.01944515178502,167.0
84.28304329019127,27.673804983423448,221.06944955114062,166.0
84.28261091674166,27.673569934824034,221.11945395049622,164.0
84.28217854522251,27.673334884998702,221.16945834985182,164.0
84.28174617563384,27.673099833947497,221.21946274920745,164.0
84.28131380797564,27.67286478167045,221.26946714856305,164.0
84.28088144224787,27.67262972816762,221.31947154791865,164.0
84.28045209543204,27.67239033383292,221.36947594727428,164.0
84.28002295034352,27.672150650932902,221.41948034662985,164.0
84.27959380720424,27.67191096682858,221.46948474598548,164.0
84.27916466601422,27.671671281519988,221.51948914534108,164.0
84.27873552677343,27.671431595007167,221.56949354469668,164.0
84.27830638948188,27.671191907290158,221.6194979440523,164.0
84.27787725413954,27.670952218369003,221.6695023434079,164.0
84.27744812074644,27.670712528243747,221.7195067427635,164.0
84.27701898930253,27.670472836914428,221.76951114211911,164.0
84.27658985980783,27.670233144381076,221.81951554147474,164.0
84.27613313896724,27.670038858919092,221.86951994083034,164.0
84.27567299515802,27.669850207786194,221.91952434018594,164.0
84.2752128530413,27.669661555231784,221.96952873954157,164.0
84.27475271261711,27.669472901255897,222.01953313889715,164.0
84.27429257388548,27.669284245858567,222.06953753825277,164.0
84.27383243684638,27.669095589039827,222.11954193760835,164.0
84.27332680993901,27.669099093013703,222.16954633696398,164.0
84.27282029340995,27.669106353499878,222.2195507363196,164.0
84.27231377698189,27.669113612126587,222.26955513567518,164.0
84.27180726065487,27.669120868893856,222.3195595350308,164.0
84.27130074442894,27.669128123801666,222.3695639343864,164.0
84.27079422830414,27.669135376850022,222.419568333742,164.0
84.27028771228053,27.669142628038923,222.46957273309764,164.0
84.26978119635818,27.669149877368362,222.51957713245324,164.0
84.2692746805371,27.669157124838353,222.56958153180884,164.0
84.26876894826607,27.669141007901423,222.61958593116444,164.0
84.26826382062785,27.669106870780404,222.66959033052007,164.0
84.26775869347064,27.66907273183738,222.71959472987564,164.0
84.2672535667945,27.669038591072376,222.76959912923127,164.0
84.26674844059944,27.66900444848539,222.8196035285869,164.0
84.26624331488557,27.66897030407645,222.86960792794247,164.0
84.26573818965288,27.668936157845547,222.9196123272981,164.0
84.26523306490145,27.66890200979269,222.9696167266537,164.0
84.26473249322765,27.668848433056013,223.0196211260093,164.0
84.26425417548175,27.66869989699303,223.06962552536493,164.0
84.26377585916376,27.668551359366752,223.11962992472053,164.0
84.26329754427373,27.668402820177217,223.16963432407613,164.0
84.26281923081164,27.668254279424445,223.21963872343173,164.0
84.26234413013228,27.66810045382015,223.26964312278736,164.0
84.26194284759963,27.66782518495086,223.31964752214293,164.0
84.26154156712462,27.6675499150532,223.36965192149856,164.0
84.26114028870727,27.667274644127218,223.4196563208542,164.0
84.26073901234753,27.666999372172945,223.46966072020976,164.0
84.2603377380454,27.666724099190425,223.5196651195654,163.0
84.25997123093269,27.666413086027855,223.569669518921,163.0
84.25960792544984,27.666098782854096,223.6196739182766,163.0
84.25924462205428,27.665784478864015,223.66967831763222,164.0
84.25888132074599,27.66547017405764,223.71968271698782,166.0
84.25851802124551,27.665155868691055,223.76968711634342,169.0
84.25815472380049,27.664841562537326,223.81969151569902,169.0
84.25779142844264,27.664527255567414,223.86969591505465,170.0
84.2574291703894,27.664212010571774,223.91970031441022,170.0
84.2570701575436,27.663893828689883,223.96970471376585,172.0
84.25671114678161,27.663575646014003,224.01970911312148,172.0
84.25635213810344,27.663257462544177,224.06971351247705,174.0
84.25599313150902,27.662939278280454,224.11971791183268,175.0
84.2556341269983,27.662621093222864,224.16972231118828,174.0
84.25527512457128,27.662302907371437,224.21972671054388,174.0
84.25489187058031,27.66201093863149,224.2697311098995,174.0
84.25447235440753,27.661758170029664,224.3197355092551,174.0
84.2540528402312,27.661505400287563,224.3697399086107,174.0
84.25363332805131,27.661252629405222,224.4197443079663,173.0
84.25321381786786,27.660999857382688,224.46974870732194,172.0
84.25279430968084,27.66074708422001,224.5197531066775,171.0
84.25237480349023,27.660494309917215,224.56975750603314,171.0
84.25195529929599,27.660241534474352,224.61976190538877,169.0
84.25153263853149,27.65999301786961,224.66976630474434,168.0
84.2511067551994,27.65974884905259,224.71977070409997,168.0
84.2506808738334,27.659504679054454,224.76977510345554,168.0
84.25025499443345,27.659260507875246,224.81977950281117,168.0
84.24982911699955,27.659016335515023,224.8697839021668,167.0
84.24938892572908,27.65880404781792,224.91978830152237,166.0
84.24889137457835,27.658719520285768,224.969792700878,166.0
84.24839382435209,27.65863499101916,225.0197971002336,166.0
84.24789627505035,27.658550460018102,225.0698014995892,165.0
84.24739872667315,27.658465927282627,225.1198058989448,165.0
84.24690117922056,27.658381392812743,225.16981029830043,165.0
84.24640363269259,27.658296856608466,225.21981469765603,165.0
84.24590608708928,27.658212318669836,225.26981909701163,165.0
84.24540316062587,27.65818546697534,225.31982349636726,167.0
84.2448967698481,27.658195750419274,225.36982789572284,167.0
84.24439037914509,27.658206032003005,225.41983229507846,168.0
84.24388398851688,27.65821631172654,225.4698366944341,167.0
84.24337759796354,27.658226589589876,225.51984109378967,167.0
84.24287120748511,27.658236865592993,225.5698454931453,168.0
84.24236527225354,27.65825523567999,225.6198498925009,169.0
84.24186026129647,27.65829004492616,225.6698542918565,167.0
84.24135525018694,27.65832485230565,225.7198586912121,167.0
84.240850238925,27.658359657818465,225.76986309056772,161.0
84.2403452275107,27.658394461464603,225.81986748992333,159.0
84.2398402159441,27.658429263244027,225.86987188927893,158.0
84.23933520422521,27.65846406315676,225.91987628863455,158.0
84.23882987810008,27.65849453262521,225.96988068799013,158.0
84.23832403779768,27.658517918971523,226.01988508734576,158.0
84.23781819744895,27.65854130345276,226.06988948670138,162.0
84.23732089043884,27.65862082618904,226.11989388605696,162.0
84.23682626778725,27.658718011379673,226.1698982854126,162.0
84.2363316444138,27.658815194737063,226.2199026847682,162.0
84.23583702031853,27.658912376261195,226.2699070841238,162.0
84.23536802735332,27.659069117051803,226.31991148347942,162.0
84.23492712334186,27.659291130277893,226.36991588283502,162.0
84.23448621763359,27.65951314196261,226.41992028219062,163.0
84.23404531022845,27.659735152105927,226.46992468154622,163.0
84.2336044011265,27.659957160707783,226.51992908090185,163.0
84.23317736230335,27.660198827528898,226.56993348025742,162.0
84.23276138470086,27.660456171816286,226.61993787961305,162.0
84.23234540520602,27.66071351470218,226.66994227896868,162.0
84.23192942381883,27.660970856186566,226.71994667832425,162.0
84.23151133045053,27.661225440842138,226.76995107767988,162.0
84.23109033951033,27.66147624276732,226.81995547703548,162.0
84.23066934671002,27.66172704326295,226.86995987639108,162.0
84.23024835204957,27.661977842328987,226.9199642757467,162.0
84.22982735552898,27.662228639965388,226.9699686751023,162.0
84.22940635714825,27.66247943617212,227.0199730744579,161.0
84.22898535690736,27.662730230949144,227.0699774738135,161.0
84.22854235616843,27.662939946695,227.11998187316914,160.0
84.2280584757216,27.663073329376054,227.1699862725247,160.0
84.22757459423882,27.663206710276437,227.21999067188034,160.0
84.22709071172015,27.663340089396126,227.26999507123597,160.0
84.22660682816561,27.663473466735095,227.31999947059154,159.0
84.22612267097327,27.66360428072398,227.37000386994717,155.0
84.22561926284068,27.66355419870317,227.42000826930277,155.0
84.22511585533468,27.663504114883853,227.47001266865837,155.0
84.22461244845532,27.663454029266035,227.520017068014,160.0
84.22410904220266,27.66340394184973,227.57002146736957,160.0
84.22360563657672,27.663353852634966,227.6200258667252,160.0
84.22312358310016,27.663255239298017,227.6700302660808,160.0
84.22271594410675,27.662987517642172,227.7200346654364,160.0
84.22230830715402,27.66271979492174,227.770039064792,158.0
84.22190067224193,27.662452071136773,227.82004346414763,155.0
84.22149303937046,27.66218434628732,227.87004786350323,155.0
84.22125121806037,27.661797493106196,227.92005226285883,155.0
84.22104346083272,27.661386167076866,227.97005666221446,155.0
84.22083570504962,27.66097484082816,228.02006106157003,155.0
84.22062795071102,27.660563514360078,228.07006546092566,155.0
84.22042019781686,27.66015218767266,228.1200698602813,155.0
84.2202462745942,27.659730497423414,228.17007425963686,155.0
84.22012581182928,27.659292429659764,228.2200786589925,155.0
84.22000534987451,27.658854361837314,228.2700830583481,155.0
84.21988488872987,27.658416293956076,228.3200874577037,155.0
84.21976442839532,27.657978226016063,228.3700918570593,157.0
84.21964396887083,27.657540158017262,228.42009625641492,157.0
84.21952351015636,27.65710208995969,228.47010065577052,157.0
84.21940305225189,27.65666402184336,228.52010505512612,157.0
84.2192825951574,27.656225953668258,228.57010945448175,157.0
84.21916213887283,27.65578788543442,228.62011385383732,157.0
84.2188870813657,27.655410060005504,228.67011825319295,157.0
84.21860744146788,27.655034020447786,228.72012265254858,157.0
84.21832780342005,27.654657980447524,228.77012705190415,155.0
84.21804816722216,27.65428194000475,228.82013145125978,155.0
84.21776853287416,27.653905899119493,228.87013585061538,155.0
84.217488900376,27.653529857791774,228.92014024997098,154.0
84.21720926972762,27.653153816021625,228.97014464932658,154.0
84.216929640929,27.65277777380907,229.0201490486822,154.0
84.21665001398007,27.65240173115414,229.07015344803781,154.0
84.21637038888079,27.65202568805686,229.12015784739341,154.0
84.2160907656311,27.651649644517253,229.17016224674904,154.0
84.21581114423098,27.651273600535358,229.22016664610462,154.0
84.21553152468036,27.65089755611119,229.27017104546024,154.0
84.2152519069792,27.65052151124478,229.32017544481587,154.0
84.21503396394654,27.650116237991025,229.37017984417145,154.0
84.21483986364103,27.64969966565843,229.42018424352707,154.0
84.21464576468786,27.64928309313979,229.47018864288268,154.0
84.21445166708705,27.648866520435107,229.52019304223828,154.0
84.21425757083848,27.648449947544403,229.57019744159388,154.0
84.21406347594218,27.6480333744677,229.6202018409495,154.0
84.21386938239806,27.647616801204993,229.6702062403051,154.0
84.2136752902061,27.647200227756322,229.7202106396607,154.0
84.21348119936624,27.64678365412168,229.77021503901634,154.0
84.21317534391069,27.646428623075515,229.8202194383719,154.0
84.21284356951101,27.64608786449935,229.87022383772754,154.0
84.21251179714713,27.645747105264554,229.92022823708317,154.0
84.21218002681901,27.645406345371203,229.97023263643874,158.0
84.21184825852663,27.645065584819303,230.02023703579437,158.0
84.21151649226991,27.644724823608893,230.07024143514997,159.0
84.21118472804885,27.644384061740013,230.12024583450557,160.0
84.2108472689837,27.644048033044548,230.17025023386117,160.0
84.21048847176823,27.643729736298017,230.22025463321677,160.0
84.21012967663432,27.64341143876166,230.2702590325724,154.0
84.20977088358192,27.643093140435496,230.320263431928,154.0
84.20941209261102,27.64277484131958,230.3702678312836,154.0
84.20903762537885,27.64247420536229,230.4202722306392,154.0
84.20860701175127,27.642236827741126,230.47027662999483,156.0
84.20817640006283,27.641999448910298,230.52028102935043,156.0
84.20774579031354,27.64176206886985,230.57028542870603,157.0
84.20731518250334,27.641524687619818,230.62028982806166,157.0
84.20688457663228,27.64128730516026,230.67029422741723,158.0
84.20643313255769,27.641086777933154,230.72029862677286,160.0
84.20596258215276,27.640920042329995,230.77030302612846,160.0
84.20549203330242,27.640753305229047,230.82030742548406,160.0
84.20502148600667,27.640586566630347,230.8703118248397,161.0
84.20455094026555,27.64041982653392,230.9203162241953,160.0
84.20408039607905,27.640253084939822,230.9703206235509,158.0
84.20360985344719,27.64008634184807,231.0203250229065,154.0
84.20313931237003,27.639919597258693,231.07032942226212,154.0
84.20266877284755,27.639752851171735,231.12033382161772,154.0
84.20218540606612,27.639637257009472,231.17033822097332,154.0
84.20167991862422,27.63960986783525,231.22034262032895,154.0
84.20117443160582,27.639582476833574,231.27034701968452,154.0
84.20066894501095,27.639555084004485,231.32035141904015,154.0
84.20016345883964,27.639527689347968,231.37035581839575,153.0
84.19965797309197,27.639500292864053,231.42036021775135,153.0
84.19915276661209,27.639470350972772,231.47036461710698,153.0
84.19865087645094,27.639410161554903,231.52036901646258,153.0
84.1981489870067,27.63934997035747,231.57037341581818,153.0
84.19764709827939,27.6392897773805,231.62037781517378,153.0
84.19714521026907,27.63922958262399,231.6703822145294,153.0
84.19664332297577,27.639169386087982,231.720386613885,153.0
84.19615043152096,27.6390792397289,231.7703910132406,153.0
84.19568182358549,27.638908247294992,231.82039541259624,153.0
84.19521321723295,27.638737253379002,231.8703998119518,153.0
84.19474461246335,27.63856625798095,231.92040421130744,152.0
84.19427600927672,27.638395261100893,231.97040861066304,152.0
84.19379780467942,27.638249689623972,232.02041301001864,152.0
84.1933084175703,27.638133729103714,232.07041740937427,152.0
84.19281903164514,27.638017766928126,232.12042180872987,153.0
84.19232964690397,27.63790180309725,232.17042620808547,153.0
84.19184026334685,27.63778583761109,232.22043060744107,152.0
84.1913508809738,27.637669870469693,232.2704350067967,152.0
84.19086149978484,27.637553901673076,232.3204394061523,153.0
84.19037211978004,27.637437931221264,232.3704438055079,155.0
84.18987487572095,27.637494814296574,232.42044820486353,156.0
84.18937656438607,27.637575141007616,232.4704526042191,156.0
84.1888782524843,27.637655465869877,232.52045700357473,156.0
84.18837994001571,27.63773578888334,232.57046140293033,156.0
84.1878816269803,27.63781611004799,232.62046580228593,156.0
84.18747368442816,27.638056156426032,232.67047020164156,156.0
84.18710468660622,27.63836503798745,232.72047460099716,155.0
84.18673568671868,27.638673918398958,232.77047900035276,155.0
84.18644037394759,27.639038244799373,232.82048339970837,155.0
84.1861600180019,27.639413826140192,232.87048779906397,150.0
84.18587966007075,27.639789406752836,232.9204921984196,150.0
84.18559930015411,27.64016498663728,232.9704965977752,150.0
84.18531893825191,27.640540565793483,233.0205009971308,150.0
84.1849272547934,27.64080414050759,233.0705053964864,150.0
84.1844745968096,27.641006366156944,233.12050979584203,150.0
84.18402193726179,27.641208590196833,233.1705141951976,150.0
84.18354641378455,27.6413148461697,233.22051859455323,150.0
84.1830405457589,27.64129372767144,233.27052299390886,149.0
84.18253467810081,27.641272607338735,233.32052739326443,149.0
84.18202881081031,27.64125148517156,233.37053179262006,149.0
84.18152294388747,27.641230361169946,233.42053619197566,149.0
84.18101707733231,27.6412092353339,233.47054059133126,149.0
84.18051121114493,27.641188107663417,233.5205449906869,149.0
84.18000534532533,27.641166978158516,233.5705493900425,149.0
84.17951587280014,27.641089716353886,233.6205537893981,149.0
84.17906255001598,27.640888678314955,233.6705581887537,149.0
84.17860922899708,27.640687638909796,233.72056258810932,149.0
84.17815590974341,27.640486598138438,233.7705669874649,149.0
84.17773662556372,27.640239495909956,233.82057138682052,149.0
84.17734993656686,27.639948281593753,233.87057578617615,149.0
84.17696324965051,27.639657066339343,233.92058018553172,149.0
84.17657656481464,27.639365850146756,233.97058458488735,151.0
84.1761898820592,27.639074633016033,234.02058898424295,153.0
84.17580320138423,27.63878341494721,234.07059338359855,154.0
84.17561378304407,27.638374543468743,234.12059778295418,153.0
84.17545862667137,27.637945237547168,234.17060218230978,153.0
84.17530347137065,27.6375159315188,234.22060658166538,152.0
84.17514831714192,27.637086625383645,234.27061098102098,152.0
84.1750177585687,27.63665104571026,234.3206153803766,152.0
84.17489419608957,27.636213681669858,234.37061977973218,152.0
84.17477063444143,27.635776317568364,234.4206241790878,152.0
84.17464707362424,27.635338953405768,234.47062857844344,152.0
84.1744769866323,27.634915841899044,234.520632977799,152.0
84.17427231672447,27.634503324469634,234.57063737715464,152.0
84.17406764823721,27.634090806830784,234.62064177651024,152.0
84.17386298117047,27.63367828898252,234.67064617586584,151.0
84.1736583155242,27.633265770924865,234.72065057522147,151.0
84.17345365129835,27.63285325265783,234.77065497457707,151.0
84.1732489884929,27.632440734181426,234.82065937393267,151.0
84.17304432710776,27.63202821549568,234.87066377328827,151.0
84.17283966714294,27.631615696600598,234.9206681726439,152.0
84.17263500859835,27.6312031774962,234.9706725719995,153.0
84.17243035147398,27.6307906581825,235.0206769713551,154.0
84.17230389309553,27.630361762060588,235.07068137071073,154.0
84.17228069522392,27.6299112404599,235.1206857700663,154.0
84.17225749736905,27.629460718843866,235.17069016942193,154.0
84.1722342995309,27.629010197212455,235.22069456877753,154.0
84.17221110170946,27.628559675565686,235.27069896813313,153.0
84.17218790390476,27.62810915390356,235.32070336748876,153.0
84.17216470611675,27.627658632226076,235.37070776684436,153.0
84.17214150834545,27.62720811053322,235.42071216619996,153.0
84.17211831059085,27.626757588825022,235.47071656555556,152.0
84.17209633844406,27.62630702248008,235.52072096491116,152.0
84.17207817526297,27.625856317441478,235.5707253642668,151.0
84.17206001205703,27.625405612385926,235.6207297636224,151.0
84.17204184882625,27.62495490731342,235.670734162978,151.0
84.17202368557062,27.62450420222396,235.7207385623336,151.0
84.17200552229015,27.62405349711755,235.77074296168922,151.0
84.171963067843,27.623605186673714,235.8207473610448,151.0
84.17187013682916,27.623161852343078,235.87075176040042,151.0
84.17177720640277,27.62271851798125,235.92075615975605,152.0
84.17168427656384,27.622275183588215,235.97076055911162,151.0
84.17159134731232,27.621831849163986,236.02076495846725,151.0
84.17149841864818,27.621388514708585,236.07076935782285,151.0
84.17136809762104,27.62095322744995,236.12077375717845,151.0
84.17122353009601,27.620521006258517,236.17077815653408,151.0
84.17107896356251,27.620088784977533,236.22078255588968,149.0
84.17093439802046,27.619656563607016,236.27078695524528,149.0
84.17078983346985,27.61922434214697,236.32079135460089,149.0
84.17064526991066,27.6187921205974,236.37079575395651,153.0
84.17041371803586,27.61839122786978,236.4208001533121,154.0
84.17018040583763,27.617990969406403,236.47080455266772,155.0
84.1699470952388,27.6175907106568,236.52080895202334,156.0
84.16971378623934,27.617190451620985,236.57081335137892,156.0
84.1694804788392,27.61679019229899,236.62081775073455,156.0
84.16924717303836,27.61638993269082,236.67082215009015,156.0
84.16897274801818,27.616016799314874,236.72082654944575,156.0
84.16861096725619,27.61570129327847,236.77083094880138,154.0
84.16824918857533,27.615385786439855,236.82083534815698,146.0
84.16788741197558,27.61507027879908,236.87083974751258,146.0
84.1675256374569,27.614754770356175,236.92084414686818,146.0
84.16716386501926,27.614439261111194,236.9708485462238,147.0
84.16680209466263,27.614123751064167,237.02085294557938,147.0
84.16644032638695,27.613808240215125,237.070857344935,149.0
84.1660785601922,27.613492728564115,237.12086174429064,151.0
84.16571679607837,27.613177216111172,237.1708661436462,151.0
84.1653550340454,27.61286170285633,237.22087054300184,151.0
84.16499327409326,27.612546188799637,237.27087494235744,151.0
84.16463151622192,27.612230673941127,237.32087934171304,151.0
84.16426976043135,27.61191515828083,237.37088374106867,151.0
84.1639080067215,27.6115996418188,237.42088814042427,153.0
84.16354625509236,27.61128412455507,237.47089253977987,156.0
84.16318641444693,27.610966899755034,237.52089693913547,156.0
84.1628308900801,27.610645816881554,237.5709013384911,156.0
84.16247536778805,27.61032473323829,237.62090573784667,156.0
84.16211984757071,27.610003648825273,237.6709101372023,155.0
84.16176432942807,27.609682563642544,237.72091453655793,144.0
84.16140881336011,27.609361477690125,237.7709189359135,144.0
84.16105329936676,27.609040390968094,237.82092333526913,144.0
84.160697787448,27.608719303476448,237.87092773462473,144.0
84.1603422776038,27.60839821521524,237.92093213398033,144.0
84.1599867698341,27.608077126184515,237.97093653333596,144.0
84.1596312641389,27.60775603638429,238.02094093269156,144.0
84.15927576051814,27.607434945814617,238.07094533204716,144.0
84.15892025897179,27.607113854475536,238.12094973140276,144.0
84.15856475949982,27.606792762367085,238.17095413075836,144.0
84.15820926210218,27.606471669489295,238.22095853011396,144.0
84.15785376677886,27.606150575842207,238.2709629294696,144.0
84.1574982735298,27.605829481425847,238.3209673288252,144.0
84.15713572400959,27.605515613067507,238.3709717281808,144.0
84.15672959326567,27.605246367385607,238.42097612753642,144.0
84.15632346456142,27.604977120653434,238.470980526892,144.0
84.1559173378968,27.604707872871035,238.52098492624762,144.0
84.15551121327178,27.604438624038448,238.57098932560325,144.0
84.15510509068638,27.604169374155713,238.62099372495882,144.0
84.15469897014057,27.603900123222864,238.67099812431445,144.0
84.15429285163431,27.60363087123995,238.72100252367005,144.0
84.15388673516762,27.60336161820702,238.77100692302565,144.0
84.15348062074044,27.6030923641241,238.82101132238125,144.0
84.15307450835277,27.60282310899124,238.87101572173688,144.0
84.15266839800461,27.602553852808477,238.92102012109248,144.0
84.15226228969591,27.602284595575856,238.97102452044808,144.0
84.15185618342667,27.60201533729342,239.0210289198037,144.0
84.15145007919689,27.60174607796121,239.07103331915928,144.0
84.15104397700652,27.601476817579254,239.1210377185149,144.0
84.15063787685555,27.601207556147617,239.17104211787054,144.0
84.15023177874399,27.60093829366632,239.2210465172261,144.0
84.14982082370335,27.60067756613961,239.27105091658174,144.0
84.14933703594136,27.600544789228607,239.32105531593734,144.0
84.14885324949302,27.600412010714095,239.37105971529294,144.0
84.14836946435835,27.600279230596072,239.42106411464854,144.0
84.14788568053744,27.600146448874593,239.47106851400417,150.0
84.14740189803025,27.600013665549657,239.52107291335977,150.0
84.14691811683684,27.599880880621324,239.57107731271537,150.0
84.14643433695724,27.599748094089605,239.621081712071,150.0
84.14595055839149,27.59961530595454,239.67108611142658,146.0
84.14546641723989,27.59948362334382,239.7210905107822,146.0
84.14497865549812,27.5993629582303,239.77109491013783,145.0
84.14449089497765,27.59924229147855,239.8210993094934,145.0
84.1440031356785,27.599121623088614,239.87110370884903,144.0
84.14351537760072,27.599000953060496,239.92110810820463,144.0
84.14302762074432,27.598880281394244,239.97111250756024,144.0
84.14253986510934,27.598759608089875,240.02111690691584,144.0
84.1420521106958,27.598638933147424,240.07112130627146,154.0
84.14156435750375,27.59851825656691,240.12112570562707,154.0
84.14107660553324,27.59839757834836,240.17113010498267,154.0
84.14063163480006,27.598183002397136,240.2211345043383,151.0
84.14018746334308,27.59796667487874,240.27113890369387,149.0
84.13974329372881,27.597750346062682,240.3211433030495,147.0
84.13929912595727,27.59753401594901,240.37114770240512,143.0
84.13885496002844,27.597317684537753,240.4211521017607,143.0
84.13841079594233,27.597101351828954,240.47115650111633,143.0
84.13796663369895,27.596885017822657,240.52116090047193,143.0
84.13760395871958,27.59657703696039,240.57116529982753,143.0
84.13726592551592,27.596241343343213,240.62116969918313,143.0
84.13692789435684,27.59590564904344,240.67117409853876,152.0
84.13658986524229,27.59556995406109,240.72117849789436,152.0
84.13625183817223,27.595234258396214,240.77118289724996,154.0
84.13601429124583,27.59484645919362,240.82118729660556,154.0
84.13585362850088,27.594418792189323,240.87119169596116,154.0
84.1356929668644,27.593991125070378,240.9211960953168,151.0
84.13553230633633,27.59356345783681,240.9712004946724,150.0
84.13537984162733,27.59313459698412,241.021204894028,148.0
84.13537928720471,27.59268361141564,241.07120929338362,148.0
84.13537873261006,27.592232625821865,241.1212136927392,147.0
84.13537817784335,27.59178164020282,241.17121809209482,146.0
84.13538711791107,27.59133074603396,241.22122249145042,146.0
84.13539861802191,27.590879876498416,241.27122689080602,145.0
84.13541011786205,27.59042900692916,241.32123129016165,145.0
84.1354216174315,27.589978137326188,241.37123568951725,145.0
84.1354331167303,27.589527267689515,241.42124008887285,145.0
84.13544461575842,27.58907639801913,241.47124448822845,145.0
84.13545611451585,27.58862552831504,241.52124888758408,145.0
84.13546761300263,27.58817465857724,241.57125328693968,145.0
84.13548978830141,27.587724466833443,241.62125768629528,144.0
84.13555017313662,27.587276701478235,241.6712620856509,144.0
84.13561055730872,27.58682893603419,241.72126648500648,144.0
84.13567094081777,27.58638117050131,241.7712708843621,144.0
84.13573132366378,27.58593340487959,241.82127528371774,148.0
84.13579170584673,27.58548563916904,241.8712796830733,148.0
84.13585208736669,27.58503787336966,241.92128408242894,148.0
84.13587691168425,27.584588863580912,241.97128848178454,148.0
84.13585611761015,27.58413825786082,242.02129288114014,148.0
84.13583532353042,27.583687652124947,242.07129728049574,148.0
84.13581452944501,27.58323704637329,242.12130167985137,146.0
84.13579373535394,27.58278644060587,242.17130607920697,140.0
84.13579223277029,27.582336107993115,242.22131047856257,140.0
84.13582908520735,27.58188631845318,242.2713148779182,140.0
84.13586593716843,27.58143652885511,242.32131927727377,140.0
84.13590278865358,27.580986739198913,242.3713236766294,140.0
84.13593963966278,27.58053694948459,242.42132807598503,140.0
84.13597649019607,27.58008715971214,242.4713324753406,139.0
84.13601334025346,27.579637369881564,242.52133687469623,139.0
84.13605018983493,27.579187579992862,242.57134127405183,139.0
84.13608703894052,27.578737790046038,242.62134567340743,139.0
84.13612388757024,27.5782880000411,242.67135007276303,139.0
84.13616073572406,27.577838209978026,242.72135447211866,145.0
84.13617855190616,27.577388284624483,242.77135887147426,145.0
84.13614975901348,27.5769380280517,242.82136327082986,147.0
84.13612096618098,27.57648777146528,242.8713676701855,147.0
84.13609217340864,27.576037514865227,242.92137206954106,147.0
84.13606338069644,27.575587258251524,242.9713764688967,147.0
84.1360345880444,27.575137001624185,243.02138086825232,138.0
84.13600579545249,27.574686744983207,243.0713852676079,138.0
84.13597700292071,27.574236488328598,243.12138966696352,138.0
84.13594821044904,27.573786231660353,243.17139406631912,138.0
84.13591941803752,27.57333597497847,243.22139846567472,141.0
84.1358906256861,27.572885718282944,243.27140286503032,141.0
84.13572620624561,27.572475930722604,243.32140726438595,141.0
84.13544493500005,27.572101010108657,243.37141166374155,141.0
84.13516366560279,27.57172608905177,243.42141606309715,141.0
84.1348823980538,27.57135116755195,243.47142046245276,141.0
84.13460113235304,27.570976245609238,243.52142486180836,142.0
84.13431986850046,27.570601323223656,243.57142926116398,143.0
84.13403860649599,27.57022640039525,243.62143366051959,143.0
84.13375734633959,27.569851477124015,243.6714380598752,144.0
84.13342216733508,27.569513888001918,243.72144245923081,146.0
84.13308400049215,27.569178368388005,243.7714468585864,149.0
84.13274583569135,27.568842848091688,243.82145125794202,149.0
84.13240767293264,27.568507327113,243.87145565729762,149.0
84.13206951221599,27.56817180545198,243.92146005665322,150.0
84.13173135354133,27.567836283108658,243.97146445600885,149.0
84.13139319690865,27.567500760083075,244.02146885536445,149.0
84.1310550423179,27.567165236375256,244.07147325472005,149.0
84.130630256361,27.56692110253539,244.12147765407565,148.0
84.13020254512573,27.566680055485307,244.17148205343128,144.0
84.12977483583887,27.566439007250956,244.22148645278688,144.0
84.12934712850046,27.566197957832358,244.27149085214248,144.0
84.12891942311046,27.565956907229562,244.3214952514981,142.0
84.12849171966886,27.565715855442605,244.37149965085368,144.0
84.12801880075085,27.565556575040343,244.4215040502093,144.0
84.12754374070575,27.5654011678851,244.4715084495649,143.0
84.12706868213654,27.565245759201247,244.5215128489205,143.0
84.12659362504327,27.565090348988825,244.57151724827614,143.0
84.12611856942596,27.56493493724786,244.62152164763174,141.0
84.12566432202814,27.56473652506333,244.67152604698734,141.0
84.12521142760305,27.564535319104134,244.72153044634294,141.0
84.1247585349396,27.56433411178668,244.77153484569857,136.0
84.12430772132298,27.56412973141414,244.82153924505417,136.0
84.12388841251145,27.563877249658276,244.87154364440977,136.0
84.12346910568876,27.563624766772982,244.9215480437654,149.0
84.12304980085491,27.563372282758323,244.97155244312097,150.0
84.1226304980099,27.563119797614306,245.0215568424766,150.0
84.12223048618691,27.562845471670308,245.0715612418322,151.0
84.1218566064208,27.562541559547757,245.1215656411878,152.0
84.12148272873448,27.562237646562938,245.17157004054343,152.0
84.12110885312788,27.56193373271591,245.22157443989903,151.0
84.120734979601,27.561629818006704,245.27157883925463,151.0
84.12036110815377,27.56132590243536,245.32158323861023,151.0
84.1200727914833,27.560965301746396,245.37158763796586,151.0
84.1198539363729,27.560558678933113,245.42159203732146,148.0
84.11963508276736,27.560152055877065,245.47159643667706,146.0
84.11941498241603,27.559745970952427,245.5216008360327,143.0
84.1191929729092,27.55934070985848,245.57160523538826,139.0
84.11897096492685,27.558935448513257,245.6216096347439,139.0
84.11874895846891,27.558530186916794,245.6716140340995,139.0
84.11852695353535,27.558124925069095,245.7216184334551,140.0
84.1183049501261,27.55771966297019,245.77162283281072,141.0
84.11808294824112,27.557314400620093,245.82162723216632,143.0
84.11786094788039,27.556909138018824,245.87163163152192,143.0
84.11763894904384,27.5565038751664,245.92163603087752,143.0
84.1174169517314,27.556098612062844,245.97164043023315,142.0
84.11719495594308,27.555693348708164,246.02164482958875,140.0
84.1169729616788,27.555288085102386,246.07164922894435,140.0
84.1167509689385,27.554882821245535,246.12165362829995,139.0
84.11652897772215,27.55447755713762,246.17165802765555,138.0
84.11614182839324,27.554197017114813,246.22166242701118,137.0
84.11572974711954,27.553935305528775,246.27166682636675,136.0
84.11531880518604,27.553672178169272,246.32167122572238,136.0
84.11490826869472,27.553408547928218,246.371675625078,136.0
84.11449773422446,27.553144916613586,246.42168002443358,136.0
84.1140872017752,27.55288128422541,246.4716844237892,136.0
84.11367667134694,27.55261765076375,246.5216888231448,136.0
84.11326180979755,27.55235975693012,246.57169322250041,136.0
84.11283311991524,27.552120184833157,246.62169762185604,138.0
84.11240443197474,27.551880611546753,246.67170202121164,138.0
84.11197574597605,27.551641037070954,246.72170642056724,138.0
84.11154706191918,27.551401461405792,246.77171081992284,138.0
84.11111098351047,27.551177389144268,246.82171521927847,138.0
84.11061998683908,27.55106844178639,246.87171961863405,139.0
84.11012899129602,27.550959492763322,246.92172401798967,139.0
84.10963799688133,27.550850542075064,246.9717284173453,139.0
84.109147003595,27.550741589721657,247.02173281670088,139.0
84.10865452037217,27.550740872797817,247.0717372160565,135.0
84.10816067450513,27.55083904889717,247.1217416154121,134.0
84.10766682791942,27.550937223169417,247.1717460147677,134.0
84.10717298061508,27.551035395614534,247.22175041412333,134.0
84.10667913259213,27.551133566232505,247.27175481347894,134.0
84.10618528385062,27.551231735023304,247.32175921283454,134.0
84.10569143439061,27.551329901986904,247.37176361219014,134.0
84.10521237536392,27.55147152335524,247.42176801154577,136.0
84.1047405712999,27.551634461434475,247.47177241090134,136.0
84.10426876597231,27.551797397798232,247.52177681025697,136.0
84.10379695938119,27.55196033244648,247.5717812096126,136.0
84.10332515152655,27.552123265379194,247.62178560896817,136.0
84.10285334240842,27.552286196596334,247.6717900083238,136.0
84.10238153202683,27.552449126097876,247.7217944076794,136.0
84.10190972038178,27.552612053883788,247.771798807035,136.0
84.10143790747331,27.552774979954034,247.82180320639063,136.0
84.10096609330145,27.55293790430858,247.87180760574623,135.0
84.10047024568713,27.552997513001447,247.92181200510183,134.0
84.09996464679402,27.553015199995784,247.97181640445743,135.0
84.09945904791681,27.553032885134396,248.02182080381306,136.0
84.09895344905554,27.553050568417305,248.07182520316863,137.0
84.09844785021026,27.55306824984449,248.12182960252426,137.0
84.09794225138103,27.553085929415957,248.1718340018799,137.0
84.09743803672734,27.553116685974498,248.22183840123546,132.0
84.09693764674496,27.553183582332956,248.2718428005911,132.0
84.09643725632601,27.553250476838645,248.3218471999467,132.0
84.0959368654705,27.553317369491534,248.3718515993023,132.0
84.09543647417851,27.55338426029162,248.42185599865792,132.0
84.09493608245006,27.553451149238885,248.47186039801352,133.0
84.0944356902852,27.553518036333326,248.52186479736912,133.0
84.09393529768396,27.55358492157492,248.57186919672472,133.0
84.09343490464641,27.553651804963646,248.62187359608035,135.0
84.09294584198913,27.553766016909254,248.67187799543592,136.0
84.09245839818247,27.55388699292524,248.72188239479155,136.0
84.09197095345873,27.55400796714358,248.77188679414715,135.0
84.0914835078179,27.554128939564244,248.82189119350275,135.0
84.09099606126007,27.554249910187217,248.87189559285838,134.0
84.09050861378523,27.554370879012456,248.92189999221395,134.0
84.09002116539345,27.55449184603996,248.97190439156958,134.0
84.08958996559763,27.554725492638035,249.0219087909252,134.0
84.08916279229595,27.554967207341463,249.07191319028078,135.0
84.088735617196,27.55520892057703,249.1219175896364,135.0
84.0883084402978,27.5554506323447,249.171921988992,135.0
84.08788126160132,27.555692342644424,249.2219263883476,134.0
84.08745408110659,27.55593405147617,249.2719307877032,133.0
84.08701527265383,27.55615852860557,249.32193518705884,132.0
84.08657545711101,27.556381514178003,249.37193958641444,132.0
84.08613563987932,27.556604498211733,249.42194398577004,132.0
84.08569582095876,27.556827480706698,249.47194838512567,132.0
84.08525600034937,27.557050461662875,249.52195278448124,132.0
84.08481617805113,27.55727344108022,249.57195718383687,132.0
84.08433833499198,27.557402794830335,249.6219615831925,132.0
84.08384026592452,27.55748234093485,249.67196598254807,136.0
84.08334219630625,27.557561885194016,249.7219703819037,136.0
84.08284412613723,27.55764142760781,249.7719747812593,136.0
84.0823460554175,27.55772096817621,249.8219791806149,136.0
84.0818479841471,27.557800506899206,249.8719835799705,136.0
84.08134991232609,27.557880043776784,249.92198797932613,136.0
84.0808539346158,27.557969035343834,249.97199237868173,136.0
84.0803593144789,27.55806415695504,250.02199677803733,136.0
84.07986469365167,27.55815927673469,250.07200117739296,136.0
84.07937007213414,27.558254394682777,250.12200557674853,136.0
84.07887544992636,27.55834951079926,250.17200997610416,136.0
84.07838082702834,27.55844462508414,250.2220143754598,136.0
84.07788620344016,27.558539737537394,250.27201877481536,136.0
84.07739157916183,27.558634848158995,250.322023174171,136.0
84.0768969541934,27.558729956948927,250.3720275735266,136.0
84.07640232853491,27.55882506390716,250.4220319728822,136.0
84.07590238422141,27.55883671508206,250.47203637223782,136.0
84.0753988568918,27.558792131624504,250.52204077159342,136.0
84.07489533014659,27.5587475463699,250.57204517094902,136.0
84.07439180398585,27.55870295931824,250.62204957030463,136.0
84.0738882784096,27.558658370469537,250.67205396966025,136.0
84.0733847534179,27.55861377982381,250.72205836901583,136.0
84.0729330145635,27.55846918336895,250.77206276837146,138.0
84.07256824838032,27.55815663441281,250.82206716772708,138.0
84.07220348427437,27.557844084645648,250.87207156708266,138.0
84.07183872224566,27.55753153406749,250.92207596643829,135.0
84.07147396229412,27.557218982678368,250.9720803657939,134.0
84.07116854503431,27.556861882275022,251.0220847651495,133.0
84.07088493659963,27.55648841046305,251.07208916450512,133.0
84.07060133002099,27.556114938203,251.12209356386072,133.0
84.07031772529835,27.55574146549492,251.17209796321632,133.0
84.07003412243168,27.555367992338812,251.22210236257192,134.0
84.06975377867698,27.554992633478353,251.27210676192755,134.0
84.06948632385982,27.554609815307288,251.32211116128312,134.0
84.06921887082181,27.554226996746564,251.37211556063875,134.0
84.06895141956292,27.55384417779623,251.42211995999435,134.0
84.0686839700831,27.5534613584563,251.47212435934995,133.0
84.06841652238231,27.553078538726798,251.52212875870558,130.0
84.06807034504867,27.552752620401648,251.57213315806115,130.0
84.0677053517831,27.55244030168159,251.62213755741678,130.0
84.06734036059434,27.55212798214972,251.6721419567724,130.0
84.06697537148233,27.551815661806074,251.72214635612798,130.0
84.0665659372283,27.55157874760724,251.7721507554836,130.0
84.06607029832546,27.55148808482457,251.8221551548392,130.0
84.06557466040458,27.551397420333053,251.8721595541948,130.0
84.06507902346571,27.551306754132728,251.9221639535504,130.0
84.064583613379,27.551224305660973,251.97216835290604,130.0
84.06409355192623,27.551336491542134,252.02217275226164,130.0
84.06360348963403,27.55144867561233,252.07217715161724,130.0
84.06311342650245,27.55156085787154,252.12218155097287,130.0
84.0626233625315,27.55167303831973,252.17218595032844,130.0
84.06213904764519,27.551795007297134,252.22219034968407,130.0
84.06175635915358,27.552090015547332,252.2721947490397,132.0
84.06137366863857,27.552385022570924,252.32219914839527,133.0
84.06099097610017,27.552680028367856,252.3722035477509,133.0
84.06060828153832,27.552975032938097,252.4222079471065,133.0
84.06022558495303,27.553270036281607,252.4722123464621,133.0
84.05984288634427,27.55356503839834,252.5222167458177,133.0
84.059460185712,27.553860039288267,252.57222114517333,135.0
84.05907748305619,27.554155038951343,252.62222554452893,133.0
84.05869477837682,27.554450037387525,252.67222994388453,133.0
84.0582781401052,27.55469571041037,252.72223434324016,132.0
84.05780957399801,27.55486589987538,252.77223874259573,132.0
84.05734100657268,27.55503608764055,252.82224314195136,132.0
84.05687243782926,27.555206273705856,252.872247541307,132.0
84.05640386776771,27.555376458071258,252.92225194066256,133.0
84.0559352963881,27.555546640736733,252.9722563400182,134.0
84.05546672369043,27.55571682170223,253.0222607393738,134.0
84.05499814967473,27.55588700096774,253.0722651387294,134.0
84.054529574341,27.556057178533216,253.122269538085,133.0
84.0540609976893,27.55622735439862,253.17227393744062,132.0
84.05359241971962,27.556397528563924,253.22227833679622,132.0
84.05312384043197,27.556567701029103,253.27228273615182,132.0
84.05262143562442,27.55658417267668,253.32228713550745,131.0
84.05211544809214,27.556584361886134,253.37229153486302,131.0
84.05160946073984,27.556584549249145,253.42229593421865,133.0
84.05110405090929,27.55657536946523,253.47230033357428,133.0
84.05060113254294,27.556525780049085,253.52230473292985,133.0
84.05009821480685,27.556476188844073,253.57230913228548,133.0
84.04962649301832,27.556315432270104,253.62231353164108,133.0
84.04915659630804,27.55614817605546,253.67231793099668,133.0
84.04868670115664,27.555980918356703,253.72232233035228,133.0
84.04821680756415,27.55581365917387,253.7723267297079,133.0
84.04774691553055,27.55564639850699,253.8223311290635,133.0
84.04736159958127,27.555373308092168,253.87233552841911,133.0
84.04703065255076,27.55503218735624,253.92233992777474,133.0
84.0466997075437,27.55469106597652,253.97234432713032,133.0
84.04636951533423,27.554349475279768,254.02234872648594,133.0
84.0461229292351,27.553955693864538,254.07235312584154,133.0
84.04587634480329,27.55356191212963,254.12235752519715,132.0
84.04562976203874,27.553168130075058,254.17236192455277,132.0
84.04538318094144,27.552774347700858,254.22236632390835,132.0
84.04513660151133,27.552380565007045,254.27237072326398,132.0
84.04489002374834,27.55198678199364,254.32237512261958,131.0
84.04464344765243,27.55159299866067,254.37237952197518,131.0
84.04439687322358,27.551199215008147,254.4223839213308,131.0
84.04419497085654,27.550789655957068,254.4723883206864,131.0
84.04407203298983,27.550352211315243,254.522392720042,131.0
84.04394909593866,27.549914766617135,254.5723971193976,131.0
84.04382615970297,27.54947732186276,254.62240151875324,131.0
84.04366948721793,27.549051715811096,254.67240591810884,131.0
84.0434248397822,27.548656981526424,254.72241031746444,130.0
84.04318019400235,27.548262246928285,254.77241471682007,130.0
84.04293554987831,27.54786751201671,254.82241911617564,129.0
84.04269090741005,27.547472776791718,254.87242351553127,129.0
84.04244626659754,27.54707804125333,254.92242791488687,129.0
84.0422016274407,27.546683305401572,254.97243231424247,129.0
84.04195698993951,27.546288569236467,255.0224367135981,130.0
84.04171208263138,27.54589396772243,255.0724411129537,130.0
84.0414638107661,27.5455010394913,255.1224455123093,130.0
84.04121554057681,27.54510811093555,255.1724499116649,127.0
84.04096727206344,27.5447151820552,255.22245431102053,127.0
84.04071900522591,27.544322252850264,255.27245871037613,127.0
84.0404707400642,27.54392932332076,255.32246310973173,127.0
84.04022247657826,27.54353639346673,255.37246750908736,127.0
84.03996955759006,27.543145917179274,255.42247190844293,128.0
84.03970303944618,27.542762606909758,255.47247630779856,128.0
84.03943652307498,27.542379296255508,255.52248070715416,130.0
84.03914953408116,27.542011000008813,255.57248510650976,130.0
84.03877892849495,27.54170402433609,255.6224895058654,130.0
84.03840832498655,27.541397047823757,255.672493905221,130.0
84.03803772355593,27.54109007047185,255.7224983045766,130.0
84.03766712420305,27.540783092280407,255.7725027039322,129.0
84.0372965269279,27.540476113249476,255.82250710328782,126.0
84.03692593173042,27.540169133379088,255.87251150264342,126.0
84.0365553386106,27.53986215266928,255.92251590199902,126.0
84.03609706690301,27.539675648810746,255.97252030135465,126.0
84.03563153409002,27.539499122901663,256.0225247007102,126.0
84.03516600289485,27.539322595543798,256.0725291000658,126.0
84.03470047331754,27.539146066737164,256.1225334994215,126.0
84.03423494535808,27.538969536481805,256.1725378987771,126.0
84.03376941901651,27.538793004777762,256.2225422981327,126.0
84.03330389429283,27.53861647162506,256.2725466974883,126.0
84.03281318384555,27.538530229362106,256.3225510968439,126.0
84.03230912172701,27.53849185140799,256.3725554961995,128.0
84.03180506013976,27.538453471649813,256.4225598955551,129.0
84.03130099908384,27.538415090087597,256.4725642949107,129.0
84.03079693855929,27.538376706721333,256.52256869426634,130.0
84.03029287856617,27.538338321551052,256.57257309362194,130.0
84.0297888191045,27.53829993457675,256.62257749297754,131.0
84.02928476017435,27.53826154579845,256.67258189233314,132.0
84.02878070177576,27.53822315521614,256.72258629168874,132.0
84.02829036663874,27.53811340078955,256.77259069104434,132.0
84.02780074130699,27.537999959514224,256.82259509039994,132.0
84.02731111714303,27.537886516588717,256.87259948975554,133.0
84.02682149414689,27.53777307201305,256.92260388911114,131.0
84.02633187231864,27.537659625787253,256.9726082884668,130.0
84.02584225165825,27.537546177911352,257.02261268782235,126.0
84.0253526321658,27.53743272838536,257.072617087178,126.0
84.02486301384131,27.537319277209328,257.1226214865336,126.0
84.02437339668482,27.537205824383264,257.1726258858892,126.0
84.02387391732253,27.53715824740706,257.2226302852448,126.0
84.02336806015683,27.537153268754647,257.2726346846004,126.0
84.02286220322027,27.537148288261275,257.322639083956,126.0
84.0223563465129,27.537143305926964,257.37264348331166,126.0
84.02185049003475,27.537138321751698,257.42264788266726,126.0
84.02134463378589,27.53713333573549,257.47265228202286,126.0
84.02083877776634,27.53712834787834,257.52265668137846,126.0
84.02033292197619,27.537123358180242,257.57266108073406,126.0
84.01982706641546,27.537118366641213,257.62266548008967,126.0
84.01932121108419,27.537113373261253,257.67266987944527,126.0
84.01881535598245,27.537108378040354,257.7226742788009,127.0
84.018358662879,27.537251527227248,257.77267867815647,129.0
84.01793726225534,27.53750103104418,257.8226830775121,129.0
84.01751585979535,27.537750533422255,257.8726874768677,130.0
84.01709445549899,27.538000034361446,257.9226918762233,129.0
84.01667304936626,27.538249533861705,257.9726962755789,129.0
84.01625164139715,27.538499031923,258.0227006749345,129.0
84.01583023159165,27.53874852854528,258.0727050742901,125.0
84.01540881994974,27.538998023728514,258.1227094736457,125.0
84.01498740647146,27.53924751747267,258.1727138730014,125.0
84.01456599115676,27.539497009777694,258.22271827235693,125.0
84.01414457400564,27.539746500643552,258.2727226717126,125.0
84.01372315501808,27.539995990070203,258.3227270710682,125.0
84.01330173419412,27.540245478057606,258.3727314704238,125.0
84.0128803115337,27.540494964605728,258.4227358697794,125.0
84.01245888703684,27.540744449714513,258.472740269135,125.0
84.01203746070354,27.540993933383945,258.5227446684906,125.0
84.01161603253377,27.541243415613966,258.57274906784625,125.0
84.01119460252751,27.541492896404538,258.62275346720185,125.0
84.0107731706848,27.54174237575564,258.67275786655745,125.0
84.0103517370056,27.54199185366721,258.72276226591305,125.0
84.00993030148992,27.542241330139206,258.77276666526865,125.0
84.00950921713029,27.542491278116543,258.82277106462425,125.0
84.00908823922943,27.542741369755962,258.87277546397985,125.0
84.00866725948887,27.542991459958262,258.9227798633355,125.0
84.0082287262506,27.54321512505051,258.97278426269105,125.0
84.0077802863302,27.543423876732717,259.0227886620467,125.0
84.00733184481628,27.543632626824756,259.0727930614023,125.0
84.00688340170886,27.543841375326576,259.1227974607579,125.0
84.00643495700791,27.544050122238136,259.1728018601135,125.0
84.00598651071347,27.54425886755942,259.2228062594691,125.0
84.00553806282552,27.54446761129037,259.2728106588247,125.0
84.00508961334411,27.544676353430955,259.3228150581803,125.0
84.0046411622692,27.544885093981133,259.3728194575359,125.0
84.0041785778669,27.54505581472205,259.42282385689157,125.0
84.00367901212309,27.54512704616868,259.47282825624717,125.0
84.00317944590888,27.545198275763966,259.52283265560277,125.0
84.00267987922436,27.545269503507882,259.57283705495837,125.0
84.00218031206954,27.545340729400422,259.62284145431397,125.0
84.00168074444446,27.545411953441565,259.67284585366957,125.0
84.00118115618905,27.545483023692377,259.7228502530252,125.0
84.00067673096163,27.545517640043897,259.77285465238083,125.0
84.0001723056,27.545552254535473,259.8228590517364,125.0
83.99966788010421,27.545586867167106,259.87286345109203,125.0
83.99916345447427,27.545621477938795,259.92286785044763,125.0
83.99865902871025,27.545656086850514,259.97287224980323,125.0
83.9981546028122,27.545690693902273,260.02287664915883,125.0
83.99766112484201,27.545634697183907,260.07288104851443,125.0
83.99717653607668,27.545505143256445,260.12288544787003,125.0
83.99669194860533,27.545375587724585,260.17288984722563,125.0
83.99620736242805,27.54524603058835,260.2228942465813,125.0
83.99572277754486,27.545116471847766,260.27289864593683,125.0
83.99523819395576,27.544986911502875,260.3229030452925,125.0
83.99473583037798,27.54496533467312,260.3729074446481,125.0
83.99422991715223,27.54496531459449,260.4229118440037,125.0
83.99372400411194,27.54496529267048,260.4729162433593,125.0
83.99321809125715,27.544965268901095,260.5229206427149,125.0
83.99271217858792,27.544965243286335,260.5729250420705,125.0
83.99220626610429,27.544965215826185,260.62292944142615,125.0
83.99170035380632,27.544965186520667,260.67293384078175,125.0
83.99119444169405,27.544965155369763,260.72293824013735,128.0
83.99068852976757,27.544965121933323,260.77294263949295,131.0
83.99018261802692,27.544965086256788,260.82294703884855,131.0
83.98967670647212,27.54496504873489,260.87295143820415,131.0
83.98917079510325,27.544965009367615,260.92295583755975,131.0
83.98866488392031,27.544964968154986,260.9729602369154,131.0
83.98815897292337,27.544964925096984,261.02296463627096,130.0
83.98765306211247,27.544964880193614,261.0729690356266,129.0
83.98714715148766,27.544964833444883,261.1229734349822,129.0
83.986641241049,27.544964784850784,261.1729778343378,128.0
83.9861560005887,27.545071170029725,261.2229822336934,128.0
83.9856795442821,27.545222790943342,261.272986633049,127.0
83.98520308680811,27.54537441011243,261.3229910324046,127.0
83.98472662816674,27.54552602753697,261.3729954317602,127.0
83.984250168358,27.54567764321693,261.4229998311159,127.0
83.98377370738196,27.54582925715228,261.4730042304714,127.0
83.98329724523859,27.545980869342984,261.5230086298271,127.0
83.98282078192797,27.54613247978903,261.5730130291827,127.0
83.98234431745009,27.54628408849036,261.6230174285383,127.0
83.98186785180498,27.54643569544696,261.6730218278939,127.0
83.98139138499268,27.546587300658803,261.7230262272495,127.0
83.98091491701321,27.546738904125842,261.7730306266051,126.0
83.98043844786659,27.54689050584807,261.82303502596073,126.0
83.97996197755285,27.547042105825437,261.87303942531634,126.0
83.97948550607201,27.54719370405793,261.92304382467194,126.0
83.97901637675335,27.54736031460818,261.97304822402754,126.0
83.9785674776826,27.54756828890624,262.02305262338314,126.0
83.97811857702415,27.547776261610057,262.07305702273874,125.0
83.97766967477801,27.547984232719596,262.12306142209434,126.0
83.97722077094423,27.548192202234826,262.17306582145,126.0
83.97677186552276,27.548400170155702,262.2230702208056,125.0
83.97632295851363,27.54860813648219,262.27307462016114,123.0
83.97587404991688,27.548816101214253,262.32307901951674,123.0
83.97542513973248,27.54902406435185,262.3730834188724,123.0
83.97497622796043,27.549232025894945,262.423087818228,123.0
83.97452731460075,27.549439985843506,262.4730922175836,123.0
83.97407839965348,27.549647944197496,262.52309661693926,123.0
83.97362948311857,27.549855900956867,262.5731010162948,122.0
83.97318056499608,27.550063856121586,262.6231054156504,122.0
83.97273164528599,27.550271809691623,262.673109815006,122.0
83.9722526238252,27.55040348806357,262.72311421436166,122.0
83.97175649378785,27.550491813648538,262.77311861371726,122.0
83.97126036312727,27.550580137393606,262.82312301307286,122.0
83.97075452624618,27.55058087509414,262.87312741242846,122.0
83.97024859606493,27.550580767340893,262.92313181178406,122.0
83.96974266607144,27.550580657741875,262.97313621113966,123.0
83.96923673626571,27.55058054629711,263.0231406104953,123.0
83.96873080664783,27.550580433006587,263.0731450098509,124.0
83.96824330632319,27.55047286999715,263.1231494092065,124.0
83.96776044645304,27.550338257068894,263.17315380856206,125.0
83.96727758791651,27.550203642551995,263.2231582079177,125.0
83.96679473071366,27.550069026446465,263.2731626072733,125.0
83.96631187484451,27.549934408752357,263.3231670066289,125.0
83.96582902030907,27.549799789469677,263.3731714059846,125.0
83.96534616710738,27.54966516859848,263.4231758053401,125.0
83.96486331523948,27.549530546138772,263.4731802046957,125.0
83.96438643022066,27.549384793760932,263.5231846040513,123.0
83.96396555943757,27.549134551825112,263.573189003407,123.0
83.96354469063833,27.548884308758236,263.6231934027626,123.0
83.9631238238229,27.54863406456034,263.6731978021182,124.0
83.96270295899131,27.54838381923148,263.7232022014738,124.0
83.96228209614353,27.54813357277168,263.7732066008294,125.0
83.96186123527953,27.547883325180987,263.823211000185,126.0
83.96144037639931,27.54763307645946,263.8732153995406,124.0
83.96101951950288,27.547382826607116,263.92321979889624,124.0
83.96059866459021,27.547132575623998,263.97322419825184,125.0
83.9601778116613,27.546882323510168,264.0232285976074,124.0
83.95975696071615,27.54663207026565,264.07323299696304,122.0
83.95935852389286,27.546354514882946,264.12323739631864,122.0
83.95896358170732,27.546072704082416,264.17324179567424,122.0
83.95856864158306,27.545790892310396,264.2232461950299,122.0
83.95817370352007,27.545509079566923,264.2732505943855,122.0
83.95777876751835,27.545227265852024,264.32325499374105,122.0
83.95738383357784,27.544945451165766,264.37325939309665,122.0
83.95698890169854,27.544663635508176,264.4232637924523,122.0
83.95659397188041,27.544381818879295,264.4732681918079,123.0
83.95619904412344,27.54410000127916,264.5232725911635,123.0
83.95580411842762,27.543818182707813,264.57327699051916,123.0
83.9553476670393,27.543627278643058,264.6232813898747,123.0
83.95488380170863,27.543447330721477,264.6732857892303,123.0
83.95441993802085,27.543267381366913,264.7232901885859,122.0
83.95395607597601,27.5430874305794,264.77329458794156,122.0
83.9534922155741,27.542907478358963,264.82329898729716,122.0
83.95302835681514,27.54272752470564,264.87330338665276,123.0
83.95256449969914,27.542547569619483,264.92330778600837,122.0
83.95210064422612,27.542367613100513,264.97331218536397,122.0
83.9516367903961,27.54218765514878,265.02331658471957,121.0
83.95117293820908,27.542007695764305,265.07332098407517,121.0
83.95070908766509,27.541827734947137,265.1233253834308,121.0
83.95024523876414,27.5416477726973,265.1733297827864,121.0
83.94978139150624,27.541467809014843,265.22333418214197,122.0
83.94928478569051,27.541392644060693,265.2733385814976,122.0
83.94878337096982,27.541332863595382,265.3233429808532,122.0
83.94828195697458,27.54127308136101,265.3733473802088,122.0
83.94778054370482,27.541213297357583,265.4233517795645,122.0
83.94727913116061,27.5411535115851,265.4733561789201,124.0
83.94677771934198,27.541093724043602,265.52336057827563,124.0
83.94627630824897,27.541033934733086,265.57336497763123,124.0
83.94577482793011,27.540975076897446,265.6233693769869,120.0
83.94526895114633,27.54097487784144,265.6733737763425,119.0
83.94476307455267,27.540974676940504,265.7233781756981,119.0
83.94425719814916,27.54097447419463,265.77338257505374,119.0
83.94375132193586,27.540974269603822,265.8233869744093,119.0
83.94324544591282,27.540974063168083,265.8733913737649,119.0
83.9427395700801,27.5409738548874,265.9233957731205,119.0
83.94228847345839,27.5411532889185,265.97340017247615,119.0
83.94185232174814,27.541381737193177,266.02340457183175,119.0
83.94141616832134,27.541610183943103,266.0734089711873,119.0
83.94098001317796,27.541838629168236,266.12341337054295,119.0
83.94054385631806,27.54206707286854,266.17341776989855,119.0
83.94010769774157,27.542295515043975,266.22342216925415,119.0
83.93967153744855,27.542523955694502,266.2734265686098,119.0
83.93923537543895,27.542752394820074,266.3234309679654,119.0
83.93879921171282,27.542980832420664,266.37343536732095,119.0
83.93836304627013,27.543209268496234,266.42343976667655,119.0
83.93792124269517,27.543428728373136,266.4734441660322,119.0
83.93747475310852,27.543640727908397,266.5234485653878,119.0
83.93702826190913,27.54385272586106,266.5734529647434,119.0
83.93658176909703,27.544064722231113,266.62345736409907,119.0
83.93613527467221,27.544276717018494,266.6734617634546,119.0
83.93568877863468,27.54448871022317,266.7234661628102,119.0
83.93524228098445,27.54470070184511,266.7734705621658,119.0
83.93479578172155,27.544912691884274,266.82347496152147,119.0
83.93434928084595,27.545124680340617,266.87347936087707,119.0
83.93386000229324,27.545183806774155,266.92348376023267,119.0
83.93335411065398,27.545183564685082,266.97348815958827,119.0
83.93284821920594,27.54518332075078,267.0234925589439,119.0
83.93234232794919,27.545183074971245,267.0734969582995,119.0
83.93183643688377,27.54518282734648,267.1235013576551,120.0
83.93133054600973,27.545182577876485,267.17350575701073,121.0
83.93082845316883,27.54514391118636,267.22351015636633,122.0
83.93033030988607,27.54506529993024,267.2735145557219,122.0
83.92983216749184,27.544986686941932,267.32351895507753,123.0
83.92933402598617,27.544908072221464,267.37352335443313,123.0
83.9288358853691,27.544829455768856,267.42352775378873,123.0
83.92833774564065,27.544750837584118,267.4735321531444,123.0
83.92783960680087,27.544672217667273,267.5235365525,121.0
83.92734146884983,27.544593596018345,267.57354095185553,120.0
83.92684333178755,27.544514972637348,267.62354535121113,119.0
83.92634275519107,27.54445142766528,267.6735497505668,119.0
83.92583999750391,27.544401362890593,267.7235541499224,118.0
83.92533724045843,27.54435129633027,267.773558549278,118.0
83.9248344840547,27.5443012279843,267.82356294863365,118.0
83.92433172829271,27.54425115785271,267.8735673479892,118.0
83.92382897317256,27.544201085935523,267.9235717473448,118.0
83.92332621869427,27.54415101223274,267.9735761467004,119.0
83.92282346485787,27.544100936744375,268.02358054605605,119.0
83.92232071166345,27.54405085947045,268.07358494541165,119.0
83.92183617422825,27.5439670538505,268.12358934476725,118.0
83.92147868902288,27.54364800362784,268.17359374412285,118.0
83.92112120588747,27.543328952640305,268.22359814347845,118.0
83.920763724822,27.543009900887927,268.27360254283406,118.0
83.92040624582643,27.542690848370746,268.32360694218966,118.0
83.92004876890071,27.54237179508881,268.3736113415453,118.0
83.91973662471037,27.542026759925342,268.4236157409009,119.0
83.91955930999721,27.541604448213345,268.47362014025646,120.0
83.91938199649991,27.54118213636382,268.5236245396121,119.0
83.91920468421841,27.540759824376792,268.5736289389677,118.0
83.91902737315272,27.540337512252275,268.6236333383233,119.0
83.91899498978488,27.53989186152742,268.673637737679,119.0
83.91899532029286,27.539440942626698,268.7236421370345,119.0
83.91899565060824,27.53899002370074,268.7736465363901,121.0
83.91899598073104,27.538539104749567,268.8236509357457,124.0
83.91899631066123,27.53808818577317,268.8736553351014,125.0
83.91899664039886,27.53763726677154,268.923659734457,125.0
83.91899696994389,27.537186347744694,268.9736641338126,124.0
83.91899729936955,27.536735428692666,269.0236685331682,124.0
83.91899763112228,27.53628450961688,269.0736729325238,121.0
83.91899796268244,27.53583359051587,269.1236773318794,119.0
83.91899829405,27.535382671389634,269.173681731235,118.0
83.91899862522493,27.53493175223818,269.22368613059064,118.0
83.91899895620728,27.534480833061497,269.27369052994624,118.0
83.91899928699704,27.5340299138596,269.3236949293018,118.0
83.9189996175942,27.533578994632478,269.37369932865744,118.0
83.91899994799877,27.533128075380134,269.42370372801304,118.0
83.91903331553766,27.532678511257252,269.47370812736864,118.0
83.91907943844893,27.532229470302116,269.52371252672424,118.0
83.91912556079774,27.53178042927611,269.5737169260799,118.0
83.91917168258408,27.531331388179243,269.62372132543544,118.0
83.919217803808,27.530882347011506,269.67372572479104,118.0
83.91926392446949,27.530433305772913,269.7237301241467,118.0
83.91931004456856,27.529984264463454,269.7737345235023,118.0
83.91935616410524,27.529535223083144,269.8237389228579,118.0
83.91940228307955,27.52908618163196,269.87374332221356,118.0
83.91944840149148,27.52863714010992,269.9237477215691,118.0
83.91949451934106,27.528188098517028,269.9737521209247,118.0
83.91961083071905,27.5277650247042,270.0237565202803,131.0
83.91993489357736,27.52741880715397,270.07376091963596,131.0
83.92025895436662,27.527072588665572,270.12376531899156,131.0
83.92058301308685,27.52672636923904,270.17376971834716,131.0
83.92090706973816,27.52638014887441,270.22377411770276,118.0
83.92123112432053,27.526033927571703,270.27377851705836,118.0
83.92155517683402,27.52568770533097,270.32378291641396,118.0
83.92187922727868,27.525341482152232,270.37378731576956,118.0
83.92216503004974,27.524980708351052,270.4237917151252,118.0
83.92222120260463,27.52453257689922,270.4737961144808,118.0
83.92227737451798,27.524084445362625,270.52380051383636,118.0
83.9223335457898,27.523636313741264,270.573804913192,118.0
83.92238971642011,27.523188182035142,270.6238093125476,118.0
83.92242123010263,27.522738818951748,270.6738137119032,118.0
83.92242154733006,27.52228789794637,270.7238181112588,131.0
83.92242186436522,27.521836976915775,270.7738225106145,136.0
83.9224221812081,27.521386055859956,270.82382690997,165.0
83.92242249785872,27.520935134778938,270.8738313093256,166.0
83.92242281431706,27.5204842136727,270.9238357086813,167.0
83.92242313058316,27.520033292541253,270.9738401080369,167.0
83.92242344665698,27.519582371384583,271.0238445073925,167.0
83.92245276701236,27.519137247612484,271.07384890674814,166.0
83.92266840576868,27.51872936505833,271.1238533061037,163.0
83.92288404280951,27.518321482018205,271.1738577054593,151.0
83.92309967813492,27.517913598492118,271.2238621048149,149.0
83.92331531174496,27.517505714480098,271.27386650417054,148.0
83.92353094363966,27.517097829982163,271.32387090352614,143.0
83.92374657381907,27.516689944998316,271.3738753028817,134.0
83.92396220228324,27.516282059528585,271.42387970223734,133.0
83.92417782903223,27.515874173572985,271.47388410159294,118.0
83.92439345406608,27.51546628713154,271.52388850094854,118.0
83.92468719000426,27.515118494782687,271.57389290030414,118.0
83.92510816872874,27.51486859468521,271.6238972996598,118.0
83.92552914561915,27.514618693147185,271.67390169901535,118.0
83.9259501206755,27.51436879016864,271.72390609837095,118.0
83.92637109389779,27.514118885749628,271.7739104977266,118.0
83.92679206528602,27.51386897989018,271.8239148970822,118.0
83.92721303484022,27.513619072590338,271.8739192964378,118.0
83.92763400256038,27.513369163850136,271.9239236957934,118.0
83.92805496844653,27.51311925366963,271.973928095149,119.0
83.9284776992039,27.512874555434383,272.0239324945046,119.0
83.92898344078831,27.512874815271886,272.0739368938602,119.0
83.92948918256438,27.512875073266702,272.12394129321586,118.0
83.92999492453205,27.512875329418826,272.17394569257146,118.0
83.93050066669129,27.512875583728242,272.22395009192707,118.0
83.93100640904201,27.512875836194954,272.27395449128267,118.0
83.9315121515842,27.512876086818967,272.32395889063827,118.0
83.9320178943178,27.51287633560028,272.37396328999387,118.0
83.93252363724275,27.51287658253888,272.42396768934947,118.0
83.93302822580084,27.51289019353093,272.4739720887051,118.0
83.93352804688756,27.512959000450444,272.5239764880607,118.0
83.93402786877787,27.51302780562022,272.57398088741627,118.0
83.93452769147174,27.513096609040208,272.6239852867719,118.0
83.93502751496911,27.513165410710435,272.6739896861275,118.0
83.93552733926994,27.513234210630852,272.7239940854831,118.0
83.93602716437421,27.513303008801458,272.7739984848387,118.0
83.93652699028185,27.513371805222235,272.8240028841944,118.0
83.93702681699281,27.513440599893148,272.87400728354993,118.0
83.93752664450709,27.513509392814207,272.92401168290553,118.0
83.9380264728246,27.513578183985377,272.9740160822612,119.0
83.93852630194534,27.513646973406644,273.0240204816168,119.0
83.93902613186924,27.513715761078,273.0740248809724,119.0
83.93952596259628,27.51378454699941,273.12402928032805,119.0
83.93998638471238,27.513946632954678,273.1740336796836,119.0
83.94041293752565,27.51418890717498,273.2240380790392,118.0
83.94083949229197,27.514431180229447,273.2740424783948,118.0
83.94126604901136,27.51467345211804,273.32404687775045,118.0
83.94169260768382,27.514915722840716,273.37405127710605,118.0
83.94211916830936,27.515157992397437,273.42405567646165,118.0
83.94254573088799,27.515400260788155,273.47406007581725,125.0
83.94297229541972,27.515642528012837,273.52406447517285,128.0
83.94339886190457,27.515884794071436,273.57406887452845,128.0
83.94382543034251,27.51612705896391,273.62407327388405,125.0
83.94425200073357,27.516369322690224,273.6740776732397,118.0
83.94467857307778,27.51661158525033,273.7240820725953,118.0
83.94510514737512,27.516853846644192,273.77408647195085,118.0
83.94553172362559,27.51709610687177,273.8240908713065,118.0
83.94582162825954,27.51746559183142,273.8740952706621,118.0
83.946111487857,27.517835119997244,273.9240996700177,118.0
83.94640134933184,27.51820464769843,273.9741040693733,118.0
83.94669121268409,27.518574174934948,274.0241084687289,118.0
83.94698107791382,27.518943701706792,274.0741128680845,118.0
83.94727094502107,27.519313228013907,274.1241172674401,118.0
83.9475608140059,27.519682753856284,274.17412166679577,118.0
83.94785068486834,27.520052279233877,274.22412606615137,118.0
83.94814055760845,27.52042180414668,274.27413046550697,118.0
83.94843043222626,27.520791328594637,274.3241348648625,118.0
83.94872030872182,27.521160852577733,274.3741392642182,118.0
83.94901018709518,27.521530376095942,274.4241436635738,118.0
83.94925774496919,27.5219188680629,274.4741480629294,118.0
83.9494174951216,27.522346715881095,274.52415246228503,118.0
83.94957724636292,27.52277456359328,274.57415686164063,118.0
83.9497369986932,27.52320241119942,274.6241612609962,118.0
83.94989675211245,27.523630258699523,274.67416566035183,118.0
83.95005650662074,27.52405810609357,274.72417005970743,118.0
83.95021626221808,27.524485953381554,274.77417445906303,118.0
83.95037601890452,27.524913800563464,274.82417885841863,118.0
83.9505357766801,27.52534164763928,274.8741832577743,118.0
83.95069553554487,27.525769494609015,274.92418765712983,118.0
83.95085529549885,27.526197341472635,274.97419205648544,118.0
83.95101505654209,27.52662518823014,275.0241964558411,118.0
83.95117481867462,27.52705303488153,275.0742008551967,118.0
83.95140031747083,27.52740762937755,275.1242052545523,118.0
83.95190360470063,27.527452671747717,275.1742096539079,118.0
83.95240689252569,27.5274977123253,275.2242140532635,118.0
83.952910180946,27.52754275111027,275.2742184526191,118.0
83.95341346996149,27.527587788102636,275.3242228519747,118.0
83.95391675957211,27.527632823302362,275.37422725133035,118.0
83.95441758731688,27.527572057621956,275.42423165068595,118.0
83.9549183486094,27.527508451501383,275.47423605004155,118.0
83.95541910950443,27.527444843526247,275.5242404493971,118.0
83.95590857895554,27.52734580157365,275.57424484875276,118.0
83.9563720593925,27.52716520574874,275.62424924810836,118.0
83.95683553843874,27.52698460824882,275.67425364746396,118.0
83.95729901609423,27.526804009073935,275.7242580468196,118.0
83.95776249235897,27.526623408224115,275.7742624461752,118.0
83.95822596723293,27.526442805699386,275.82426684553076,118.0
83.9586894407161,27.526262201499808,275.8742712448864,118.0
83.95915291280846,27.52608159562539,275.924275644242,118.0
83.95961638351001,27.52590098807617,275.9742800435976,118.0
83.96006648766159,27.525699766941973,276.0242844429532,118.0
83.96047334609308,27.52543185290461,276.0742888423089,118.0
83.96088020260282,27.525163937505756,276.1242932416644,118.0
83.96128705719079,27.524896020745445,276.17429764102,118.0
83.96169390985702,27.52462810262372,276.2243020403757,118.0
83.96210076060152,27.52436018314062,276.2743064397313,118.0
83.96250760942429,27.524092262296186,276.3243108390869,118.0
83.96291445632538,27.523824340090457,276.3743152384425,118.0
83.96332130130477,27.523556416523473,276.4243196377981,118.0
83.9637281443625,27.523288491595277,276.4743240371537,118.0
83.96413498549857,27.523020565305906,276.5243284365093,118.0
83.96454182471301,27.5227526376554,276.57433283586494,118.0
83.9649486620058,27.522484708643795,276.62433723522054,118.0
83.96535549737699,27.52221677827114,276.6743416345761,118.0
83.96576233082656,27.521948846537466,276.72434603393174,118.0
83.96612543614901,27.52164253779654,276.77435043328734,118.0
83.96641953496756,27.52127566731047,276.82435483264294,118.0
83.96671363176915,27.52090879602677,276.87435923199854,118.0
83.96700772655386,27.520541923945466,276.9243636313542,118.0
83.96730181932168,27.52017505106657,276.97436803070974,118.0
83.96759591007269,27.519808177390132,277.02437243006534,118.0
83.96788999880692,27.519441302916174,277.074376829421,118.0
83.96818408552441,27.519074427644725,277.1243812287766,118.0
83.96847817022525,27.518707551575815,277.1743856281322,118.0
83.96871578156205,27.518314342191502,277.2243900274878,118.0
83.96888601407323,27.517889714433583,277.2743944268434,118.0
83.96905624512941,27.517465086338987,277.324398826199,118.0
83.96922647473062,27.517040457907726,277.3744032255546,118.0
83.9693967028769,27.51661582913982,277.42440762491026,118.0
83.9695669295683,27.516191200035266,277.47441202426586,118.0
83.96973715480489,27.515766570594085,277.52441642362146,118.0
83.96990737858664,27.515341940816292,277.574420822977,118.0
83.96995203084825,27.5148978903428,277.62442522233266,118.0
83.96995215374943,27.514446953056094,277.67442962168826,118.0
83.96995227646285,27.51399601574417,277.72443402104386,118.0
83.96995239898851,27.513545078407045,277.7744384203995,118.0
83.9699525213264,27.5130941410447,277.8244428197551,118.0
83.96995264347655,27.51264320365716,277.87444721911066,118.0
83.96995276543892,27.512192266244398,277.9244516184663,118.0
83.96985533345477,27.511759975697018,277.9744560178219,118.0
83.9696479054113,27.511348710352873,278.0244604171775,118.0
83.96944047879008,27.510937444802433,278.0744648165331,118.0
83.96923305359101,27.510526179045726,278.1244692158888,118.0
83.9690256298141,27.510114913082752,278.1744736152443,118.0
83.96881820745926,27.509703646913543,278.2244780145999,118.0
83.96861078652648,27.509292380538106,278.2744824139556,118.0
83.9684033670157,27.508881113956463,278.3244868133112,118.0
83.96819594892686,27.508469847168627,278.3744912126668,118.0
83.96798853225995,27.508058580174616,278.4244956120224,118.0
83.9677811170149,27.50764731297445,278.474500011378,118.0
83.9675596885382,27.50724511191784,278.5245044107336,118.0
83.96718557030951,27.50694168939923,278.5745088100892,118.0
83.96681145415555,27.50663826602693,278.62451320944484,118.0
83.96643734007624,27.506334841800985,278.67451760880044,118.0
83.9660632280716,27.506031416721413,278.72452200815604,118.0
83.96568911814158,27.50572799078827,278.7745264075116,118.0
83.96531501028616,27.50542456400159,278.82453080686724,118.0
83.96494090450528,27.50512113636141,278.87453520622284,118.0
83.96456680079896,27.504817707867776,278.92453960557845,118.0
83.96419269916713,27.504514278520723,278.9745440049341,118.0
83.96381859960977,27.504210848320298,279.0245484042897,118.0
83.96344450212685,27.503907417266525,279.07455280364525,118.0
83.96307040671834,27.50360398535946,279.1245572030009,118.0
83.96269631338421,27.503300552599132,279.1745616023565,118.0
83.96232222212446,27.502997118985586,279.2245660017121,118.0
83.961948132939,27.502693684518864,279.2745704010677,118.0
83.96152707420225,27.50244974661266,279.3245748004233,118.0
83.96108055147,27.502238064247244,279.3745791997789,118.0
83.96063403055504,27.502026380578616,279.4245835991345,118.0
83.96018751145732,27.50181469560683,279.47458799849016,118.0
83.9597409941769,27.501603009331912,279.52459239784577,118.0
83.95929447871374,27.501391321753907,279.57459679720137,118.0
83.95884796506789,27.50117963287286,279.6246011965569,118.0
83.9584014532393,27.5009679426888,279.67460559591257,118.0
83.95795494322802,27.500756251201768,279.72460999526817,118.0
83.95750843503401,27.500544558411814,279.77461439462377,118.0
83.95706192865731,27.50033286431897,279.8246187939794,118.0
83.95661542409792,27.500121168923265,279.874623193335,118.0
83.95616892135581,27.499909472224765,279.92462759269057,118.0
83.95572242043102,27.49969777422349,279.97463199204617,118.0
83.95527592132353,27.49948607491948,280.0246363914018,118.0
83.95482942403338,27.499274374312776,280.0746407907574,118.0
83.95438292856053,27.499062672403422,280.12464519011303,118.0
83.953936434905,27.49885096919146,280.1746495894687,118.0
83.9534899430668,27.498639264676925,280.22465398882423,118.0
83.95302549103813,27.498461696298907,280.27465838817983,118.0
83.9525575297015,27.498290799080365,280.3246627875355,118.0
83.95208956994746,27.4981199003985,280.3746671868911,118.0
83.95162161177602,27.49794900025333,280.4246715862467,118.0
83.95115365518721,27.497778098644904,280.4746759856023,118.0
83.95068570018104,27.497607195573245,280.5246803849579,118.0
83.95021774675753,27.497436291038394,280.5746847843135,118.0
83.94974979491671,27.49726538504039,280.6246891836691,118.0
83.94928184465857,27.497094477579264,280.67469358302475,118.0
83.94881389598315,27.496923568655053,280.72469798238035,118.0
83.94834594889046,27.496752658267784,280.77470238173595,118.0
83.94787800338052,27.49658174641751,280.8247067810915,118.0
83.94741005945335,27.496410833104246,280.87471118044715,118.0
83.94694211710896,27.496239918328047,280.92471557980275,118.0
83.94647417634738,27.49606900208893,280.97471997915835,118.0
83.9460062371686,27.495898084386948,281.024724378514,118.0
83.94553829957266,27.495727165222124,281.0747287778696,118.0
83.94507036355958,27.49555624459449,281.12473317722515,118.0
83.94460242912936,27.49538532250409,281.17473757658075,118.0
83.94413449628205,27.49521439895096,281.2247419759364,118.0
83.94366656501762,27.49504347393513,281.274746375292,118.0
83.94319863533612,27.49487254745664,281.3247507746476,118.0
83.94273070723757,27.49470161951552,281.37475517400327,118.0
83.94226278072196,27.494530690111805,281.4247595733588,118.0
83.94180889505643,27.494339698784476,281.4747639727144,118.0
83.94143111792303,27.49403995886337,281.52476837207007,118.0
83.94105334286246,27.493740218070386,281.57477277142567,118.0
83.94067556987468,27.49344047640555,281.6247771707813,118.0
83.94029779895969,27.493140733868916,281.6747815701369,118.0
83.93992003011743,27.492840990460515,281.7247859694925,118.0
83.93954226334789,27.49254124618039,281.7747903688481,118.0
83.93943111782357,27.49211032125575,281.8247947682037,118.0
83.93934823273688,27.491665492080763,281.87479916755933,118.0
83.93926534813939,27.491220662886356,281.92480356691493,118.0
83.93918246403108,27.490775833672522,281.9748079662705,118.0
83.93909958041195,27.490331004439263,282.0248123656261,118.0
83.93901669728197,27.489886175186587,282.07481676498173,118.0
83.9389338146411,27.489441345914504,282.12482116433733,118.0
83.93885093248936,27.48899651662301,282.17482556369293,118.0
83.9387680508267,27.488551687312114,282.2248299630486,118.0
83.93875170373614,27.488106197412627,282.27483436240414,118.0
83.93882345928542,27.487659832717856,282.32483876175974,118.0
83.93889521407365,27.48721346791419,282.37484316111534,118.0
83.93896696810086,27.486767103001686,282.424847560471,118.0
83.93903872136711,27.486320737980293,282.4748519598266,118.0
83.93911047387238,27.485874372850045,282.5248563591822,118.0
83.93918222561672,27.48542800761093,282.5748607585378,118.0
83.93925397660013,27.484981642262966,282.6248651578934,117.0
83.93932572682266,27.48453527680615,282.674869557249,117.0
83.93939747628428,27.484088911240466,282.72487395660465,117.0
83.93946922498506,27.48364254556593,282.77487835596025,117.0
83.93959143404385,27.483208477203046,282.82488275531585,117.0
83.93978417382597,27.4827915972494,282.8748871546714,117.0
83.9399769120197,27.482374716888337,282.92489155402706,117.0
83.9401696486251,27.481957836119875,282.97489595338266,117.0
83.9403623836422,27.481540954944023,283.02490035273826,117.0
83.94055511707106,27.48112407336081,283.0749047520939,117.0
83.9407478489117,27.480707191370236,283.1249091514495,117.0
83.94094057916418,27.48029030897232,283.17491355080506,117.0
83.94113330782855,27.479873426167078,283.22491795016066,117.0
83.94132603490485,27.479456542954512,283.2749223495163,117.0
83.94150691766924,27.479035481676558,283.3249267488719,116.0
83.94168606569694,27.478613808616984,283.3749311482275,116.0
83.94186521221619,27.478192135193066,283.4249355475832,116.0
83.942044357227,27.477770461404816,283.4749399469387,116.0
83.94222350072943,27.477348787252254,283.5249443462943,116.0
83.94240264272351,27.476927112735392,283.57494874565,116.0
83.94258178320928,27.476505437854232,283.6249531450056,116.0
83.94276092218679,27.47608376260881,283.6749575443612,116.0
83.94294005965611,27.475662086999108,283.7249619437168,116.0
83.94311919561723,27.47524041102516,283.7749663430724,116.0
83.94329833007023,27.474818734686973,283.824970742428,116.0
83.94347746301516,27.474397057984557,283.8749751417836,116.0
83.94365659445204,27.473975380917928,283.92497954113924,116.0
83.94383572438092,27.47355370348709,283.97498394049484,116.0
83.94401485280184,27.473132025692077,284.02498833985044,116.0
83.94419397971484,27.47271034753288,284.074992739206,116.0
83.94437310512,27.47228866900952,284.12499713856164,116.0
83.94455222901729,27.471866990122006,284.17500153791724,116.0
83.94473135140683,27.471445310870358,284.22500593727284,116.0
83.94491047228861,27.471023631254575,284.2750103366285,116.0
83.94502982515331,27.470592178714288,284.3250147359841,116.0
83.9450300499764,27.470141247236754,284.37501913533964,116.0
83.94503027460937,27.46969031573402,284.42502353469524,116.0
83.94503049905221,27.46923938420612,284.4750279340509,116.0
83.94503072330491,27.46878845265303,284.5250323334065,116.0
83.94503094736751,27.468337521074755,284.5750367327621,116.0
83.94503117123999,27.467886589471302,284.6250411321177,116.0
83.94503139492234,27.467435657842667,284.6750455314733,116.0
83.94503161841457,27.466984726188844,284.7250499308289,115.0
83.9450318417167,27.466533794509854,284.77505433018456,115.0
83.94494992682492,27.46609589652098,284.82505872954016,115.0
83.9447753719744,27.465672698731993,284.87506312889576,115.0
83.9446008183168,27.46524950081054,284.9250675282513,115.0
83.94442626585209,27.464826302756638,284.97507192760696,115.0
83.9442517145802,27.4644031045703,285.02507632696256,115.0
83.94407716450112,27.463979906251538,285.07508072631816,115.0
83.94390261561479,27.46355670780036,285.1250851256738,115.0
83.94372806792117,27.46313350921679,285.1750895250294,115.0
83.94355352142023,27.462710310500825,285.22509392438496,115.0
83.9433789761119,27.462287111652486,285.27509832374056,115.0
83.94320443199618,27.46186391267178,285.3251027230962,115.0
83.94295705036234,27.461470954506787,285.3751071224518,115.0
83.94270644922695,27.461079333375324,285.4251115218074,115.0
83.94245584977075,27.46068771191781,285.4751159211631,115.0
83.9422052519937,27.460296090134285,285.5251203205186,115.0
83.94195465589576,27.45990446802476,285.5751247198742,115.0
83.94170406147687,27.459512845589263,285.6251291192298,115.0
83.94145346873698,27.459121222827807,285.6751335185855,115.0
83.94120287767606,27.458729599740437,285.7251379179411,115.0
83.94095228829406,27.458337976327158,285.7751423172967,115.0
83.9407017005909,27.457946352588,285.8251467166523,115.0
83.94045111456659,27.45755472852298,285.8751511160079,115.0
83.94020053022103,27.45716310413213,285.9251555153635,115.0
83.9399040510687,27.45680344585768,285.97515991471914,115.0
83.93953893434517,27.456491593662427,286.02516431407474,115.0
83.93917381968878,27.456179740664147,286.07516871343034,115.0
83.93880870709955,27.45586788686288,286.1251731127859,115.0
83.93844359657743,27.45555603225865,286.17517751214154,115.0
83.93807848812237,27.455244176851515,286.22518191149715,115.0
83.93771338173435,27.4549323206415,286.27518631085275,115.0
83.93734827741335,27.45462046362865,286.3251907102084,115.0
83.93698317515931,27.454308605812997,286.375195109564,115.0
83.93661807497223,27.453996747194594,286.42519950891955,115.0
83.93625297685205,27.453684887773463,286.47520390827515,115.0
83.93588788079873,27.453373027549652,286.5252083076308,115.0
83.93552278681229,27.453061166523202,286.5752127069864,115.0
83.93515769489262,27.45274930469414,286.625217106342,115.0
83.93479260503976,27.45243744206252,286.67522150569766,115.0
83.93442751725362,27.452125578628365,286.7252259050532,115.0
83.9340624315342,27.451813714391726,286.7752303044088,115.0
83.93364882797005,27.451555802618277,286.8252347037644,115.0
83.93322840826917,27.451305471364627,286.87523910312007,115.0
83.93280799054357,27.451055138987403,286.92524350247567,115.0
83.93238757479318,27.450804805486634,286.97524790183127,115.0
83.93196716101802,27.45055447086236,287.02525230118687,115.0
83.93154674921807,27.450304135114635,287.07525670054247,115.0
83.9311263393933,27.45005379824349,287.12526109989807,115.0
83.93070593154376,27.44980346024897,287.1752654992537,115.0
83.93028552566936,27.449553121131103,287.2252698986093,115.0
83.92986512177013,27.449302780889944,287.2752742979649,115.0
83.92944471984607,27.44905243952554,287.32527869732047,115.0
83.92902431989715,27.44880209703792,287.3752830966761,115.0
83.92860392192337,27.44855175342713,287.42528749603173,115.0
83.92818352592471,27.448301408693208,287.47529189538733,115.0
83.92776313190116,27.44805106283619,287.525296294743,115.0
83.9273427398527,27.447800715856133,287.57530069409853,115.0
83.92692234977935,27.44755036775307,287.62530509345413,115.0
83.92650196168108,27.44730001852704,287.67530949280973,115.0
83.92607597786039,27.44705843808239,287.7253138921654,115.0
83.9256201349747,27.446863639392273,287.775318291521,115.0
83.92516429381286,27.44666883933446,287.8253226908766,115.0
83.92470845437491,27.446474037908974,287.8753270902322,115.0
83.92425261666082,27.446279235115856,287.9253314895878,115.0
83.92379678067066,27.44608443095515,287.9753358889434,115.0
83.92334094640437,27.44588962542688,288.025340288299,115.0
83.92288511386202,27.44569481853111,288.07534468765465,115.0
83.92242928304357,27.44550001026785,288.12534908701025,115.0
83.92197345394906,27.44530520063715,288.1753534863658,115.0
83.9215176265785,27.44511038963906,288.22535788572145,115.0
83.92106180093191,27.444915577273598,288.27536228507705,115.0
83.92060597700925,27.44472076354081,288.32536668443265,115.0
83.92015015481057,27.444525948440734,288.3753710837883,115.0
83.91969433433587,27.444331131973406,288.4253754831439,115.0
83.91923851558515,27.444136314138863,288.47537988249945,115.0
83.91878269855845,27.44394149493716,288.52538428185505,115.0
83.91832688325574,27.44374667436831,288.5753886812107,115.0
83.91787106967705,27.443551852432368,288.6253930805663,115.0
83.91741525782238,27.443357029129356,288.6753974799219,115.0
83.91695944769177,27.443162204459334,288.72540187927757,115.0
83.91650363928518,27.44296737842233,288.7754062786331,115.0
83.91604783260267,27.442772551018376,288.8254106779887,115.0
83.91559202764421,27.44257772224751,288.8754150773443,115.0
83.9151362244098,27.44238289210978,288.9254194767,115.0
83.91468042289952,27.442188060605215,288.9754238760556,115.0
83.9142246231133,27.44199322773386,289.0254282754112,115.0
83.91376882505119,27.44179839349575,289.0754326747668,115.0
83.9133130287132,27.441603557890915,289.1254370741224,115.0
83.91285723409933,27.441408720919405,289.175441473478,115.0
83.91240144120958,27.44121388258126,289.2254458728336,115.0
83.91194565004399,27.441019042876505,289.27545027218923,115.0
83.91148986060253,27.44082420180518,289.32545467154483,115.0
83.91103407288523,27.44062935936734,289.3754590709004,115.0
83.9105782868921,27.44043451556301,289.42546347025603,115.0
83.91012250262317,27.440239670392213,289.47546786961163,115.0
83.90966672007839,27.440044823855015,289.52547226896723,115.0
83.90921093925783,27.43984997595144,289.5754766683229,115.0
83.90875516016148,27.43965512668152,289.6254810676785,115.0
83.90829938278934,27.439460276045313,289.67548546703404,115.0
83.90783040513237,27.43929622664532,289.72548986638964,115.0
83.90734520326559,27.439170032884405,289.7754942657453,115.0
83.90686000266602,27.43904383751968,289.8254986651009,114.0
83.90637480333369,27.43891764055116,289.8755030644565,103.0
83.90588960526863,27.438791441978882,289.92550746381215,103.0
83.90540440847086,27.438665241802877,289.9755118631677,103.0
83.90491921294043,27.438539040023166,290.0255162625233,103.0
83.90443401867732,27.43841283663978,290.0755206618789,103.0
83.90394882568162,27.438286631652755,290.12552506123455,103.0
83.90346363395334,27.43816042506211,290.17552946059016,104.0
83.9029784434925,27.438034216867873,290.2255338599457,104.0
83.90249325429913,27.43790800707008,290.27553825930136,106.0
83.90200806637328,27.43778179566875,290.32554265865696,107.0
83.90152287971497,27.437655582663925,290.37554705801256,108.0
83.90103769432422,27.437529368055618,290.4255514573682,108.0
83.90055251020108,27.437403151843874,290.4755558567238,108.0
83.90006732734555,27.437276934028695,290.52556025607936,108.0
83.89958214575769,27.437150714610137,290.57556465543496,108.0
83.89909696543752,27.43702449358821,290.6255690547906,107.0
83.89861178638508,27.436898270962956,290.6755734541462,107.0
83.89812660860038,27.436772046734397,290.7255778535018,107.0
83.89764143208345,27.436645820902562,290.7755822528575,107.0
83.89715625683435,27.43651959346748,290.825586652213,107.0
83.89667108285309,27.43639336442918,290.8755910515686,107.0
83.89618591013969,27.436267133787684,290.9255954509242,107.0
83.8957007386942,27.436140901543023,290.9755998502799,107.0
83.89521556851663,27.436014667695233,291.0256042496355,105.0
83.89473039960706,27.435888432244333,291.0756086489911,105.0
83.89424523196544,27.435762195190353,291.1256130483467,104.0
83.89376006559186,27.43563595653333,291.1756174477023,104.0
83.89327490048635,27.435509716273277,291.2256218470579,105.0
83.89278973664891,27.43538347441024,291.2756262464135,105.0
83.89230457407957,27.435257230944227,291.32563064576914,106.0
83.89181941277839,27.435130985875293,291.37563504512474,106.0
83.8913342527454,27.435004739203443,291.4256394444803,106.0
83.89084909398059,27.434878490928714,291.47564384383594,106.0
83.89036393648402,27.434752241051143,291.52564824319154,106.0
83.88987878025573,27.434625989570737,291.57565264254714,106.0
83.88939362529572,27.434499736487542,291.6256570419028,106.0
83.88890847160405,27.43437348180158,291.6756614412584,106.0
83.88842331918073,27.434247225512884,291.72566584061394,105.0
83.8879381680258,27.43412096762147,291.77567023996954,105.0
83.8874530181393,27.433994708127383,291.8256746393252,105.0
83.88696786952124,27.433868447030644,291.8756790386808,105.0
83.88648272217165,27.43374218433128,291.9256834380364,105.0
83.88599757609057,27.43361592002932,291.97568783739206,105.0
83.88551243127803,27.433489654124795,292.0256922367476,105.0
83.88501679668973,27.43340207865722,292.0756966361032,105.0
83.88452061726254,27.433316514421204,292.1257010354588,101.0
83.88402443878057,27.43323094847758,292.17570543481446,101.0
83.88352826124384,27.43314538082638,292.22570983417006,101.0
83.88303208465241,27.433059811467626,292.27571423352566,101.0
83.88253590900631,27.432974240401332,292.32571863288126,101.0
83.88203973430556,27.432888667627527,292.37572303223686,101.0
83.88154356055024,27.43280309314622,292.42572743159246,101.0
83.88104738774035,27.432717516957442,292.47573183094806,101.0
83.88055121587597,27.432631939061213,292.5257362303037,101.0
83.88005504495709,27.432546359457547,292.5757406296593,101.0
83.87955887498379,27.432460778146456,292.62574502901487,101.0
83.87906270595607,27.43237519512798,292.6757494283705,101.0
83.87856653787401,27.43228961040214,292.7257538277261,101.0
83.87807037073765,27.43220402396894,292.7757582270817,101.0
83.87757420454697,27.432118435828407,292.8257626264374,102.0
83.87707803930209,27.43203284598057,292.8757670257929,103.0
83.87658187500298,27.431947254425427,292.9257714251485,103.0
83.87608571164974,27.431861661163023,292.9757758245041,103.0
83.87558954924235,27.431776066193372,293.0257802238598,103.0
83.8750933877809,27.43169046951649,293.0757846232154,103.0
83.8745972272654,27.431604871132404,293.125789022571,103.0
83.8741010676959,27.43151927104113,293.1757934219266,103.0
83.87360490907243,27.431433669242683,293.2257978212822,103.0
83.87310875139504,27.43134806573709,293.2758022206378,103.0
83.87261259466375,27.43126246052438,293.3258066199934,103.0
83.87211643887863,27.431176853604562,293.37581101934904,103.0
83.87164772030987,27.43102621873437,293.42581541870464,103.0
83.8712114776451,27.43079861578379,293.4758198180602,103.0
83.87077523686861,27.430571011608276,293.52582421741585,105.0
83.87033899798037,27.430343406207854,293.57582861677145,105.0
83.86990276098035,27.430115799582573,293.62583301612705,105.0
83.8694665258686,27.429888191732477,293.67583741548265,105.0
83.86903029264508,27.429660582657583,293.7258418148383,104.0
83.86859406130978,27.42943297235795,293.77584621419385,103.0
83.86815783186273,27.429205360833627,293.82585061354945,103.0
83.86772160430391,27.428977748084638,293.8758550129051,104.0
83.86728537863333,27.428750134111027,293.9258594122607,103.0
83.86684915485097,27.428522518912835,293.9758638116163,102.0
83.86641293295682,27.42829490249012,294.02586821097196,103.0
83.8659767129509,27.428067284842896,294.0758726103275,102.0
83.86554059739937,27.427839511662295,294.1258770096831,102.0
83.8651075644314,27.42760710243458,294.1758814090387,102.0
83.86467453337183,27.42737469200416,294.22588580839437,103.0
83.86424150422064,27.427142280371072,294.27589020774997,103.0
83.86380847697787,27.426909867535368,294.32589460710557,103.0
83.86337545164348,27.426677453497074,294.37589900646117,104.0
83.86294242821745,27.42644503825624,294.42590340581677,104.0
83.8628407686084,27.42600675891339,294.47590780517237,104.0
83.86274676504549,27.4255637234794,294.52591220452797,103.0
83.86265276205482,27.425120688021007,294.5759166038836,101.0
83.86255875963636,27.42467765253824,294.6259210032392,101.0
83.86246475779008,27.424234617031097,294.67592540259477,101.0
83.86237075651594,27.423791581499557,294.72592980195043,101.0
83.86227675581395,27.423348545943668,294.77593420130603,101.0
83.86218275568407,27.4229055103634,294.82593860066163,101.0
83.86208875612627,27.422462474758767,294.87594300001723,101.0
83.86199475714052,27.42201943912977,294.9259473993729,101.0
83.86190075872682,27.42157640347642,294.97595179872843,101.0
83.86195564149205,27.421130902029066,295.02595619808403,100.0
83.86203115118411,27.420685058834923,295.0759605974397,100.0
83.86210666008348,27.420239215524564,295.1259649967953,100.0
83.86218216819024,27.419793372098002,295.1759693961509,100.0
83.86225767550437,27.419347528555242,295.22597379550655,100.0
83.86233318202588,27.41890168489628,295.2759781948621,101.0
83.86240868775484,27.41845584112112,295.3259825942177,101.0
83.86248419269124,27.41800999722976,295.3759869935733,101.0
83.8625596968351,27.417564153222212,295.42599139292895,101.0
83.86263520018646,27.417118309098477,295.47599579228455,101.0
83.86278413953782,27.416696871438926,295.5260001916401,102.0
83.86305383016465,27.416315565249683,295.57600459099575,102.0
83.8633235188517,27.415934258364114,295.62600899035135,102.0
83.86359320559906,27.415552950782246,295.67601338970695,103.0
83.86386289040675,27.41517164250411,295.72601778906255,103.0
83.86413257327482,27.414790333529726,295.7760221884182,103.0
83.86440225420333,27.41440902385911,295.82602658777375,103.0
83.86467193319231,27.414027713492313,295.87603098712935,103.0
83.86494161024183,27.413646402429332,295.926035386485,104.0
83.8652112853519,27.413265090670212,295.9760397858406,105.0
83.86548095852261,27.41288377821497,296.0260441851962,104.0
83.86575062975398,27.412502465063625,296.0760485845518,103.0
83.86602029904607,27.41212115121622,296.1260529839074,103.0
83.86628996639891,27.411739836672766,296.176057383263,99.0
83.86655963181258,27.411358521433293,296.2260617826186,99.0
83.86682929528708,27.410977205497822,296.2760661819743,99.0
83.8670989568225,27.410595888866386,296.3260705813299,102.0
83.86731886983219,27.410190655362825,296.3760749806855,103.0
83.86752731461358,27.409779908724087,296.4260793800411,103.0
83.86773575772233,27.409369161622994,296.4760837793967,103.0
83.8679441991585,27.408958414059562,296.5260881787523,102.0
83.8681526389221,27.408547666033797,296.5760925781079,101.0
83.86836107701319,27.40813691754573,296.62609697746353,101.0
83.86856951343184,27.407726168595374,296.67610137681913,101.0
83.86877794817806,27.40731541918273,296.7261057761747,103.0
83.86898638125191,27.40690466930784,296.77611017553033,104.0
83.86919481265346,27.406493918970707,296.82611457488593,105.0
83.86940324238273,27.406083168171335,296.87611897424154,105.0
83.86961167043975,27.405672416909766,296.92612337359714,105.0
83.86982009682461,27.405261665186,296.9761277729528,105.0
83.87002852153732,27.404850913000065,297.02613217230834,104.0
83.87023694457794,27.404440160351964,297.07613657166394,104.0
83.87044536594652,27.404029407241715,297.1261409710196,104.0
83.87065378564311,27.40361865366935,297.1761453703752,104.0
83.87085754881167,27.403206179675173,297.2261497697308,103.0
83.87103543203669,27.40278414327171,297.27615416908645,103.0
83.87121331376213,27.402362106505702,297.326158568442,103.0
83.871391193988,27.401940069377165,297.3761629677976,103.0
83.87156907271435,27.401518031886113,297.4261673671532,103.0
83.87174694994125,27.401095994032552,297.47617176650886,103.0
83.8719248256687,27.400673955816497,297.52617616586446,103.0
83.87210269989679,27.40025191723796,297.57618056522006,103.0
83.87228057262551,27.39982987829696,297.62618496457566,104.0
83.8724087056943,27.399399742023178,297.67618936393126,104.0
83.87240922506989,27.398948831234012,297.72619376328686,104.0
83.8724097442485,27.398497920419693,297.77619816264246,104.0
83.87241026323012,27.39804700958024,297.8262025619981,102.0
83.87241078201477,27.397596098715645,297.8762069613537,102.0
83.87241130060245,27.3971451878259,297.92621136070926,101.0
83.87241181899317,27.396694276911028,297.9762157600649,102.0
83.8724123371869,27.396243365971007,298.0262201594205,103.0
83.87241285518368,27.395792455005846,298.0762245587761,103.0
83.87241337298349,27.39534154401555,298.1262289581317,104.0
83.87241389058634,27.394890633000117,298.1762333574873,105.0
83.87241440799222,27.39443972195954,298.2262377568429,105.0
83.87241492520114,27.393988810893823,298.2762421561985,104.0
83.87241544221311,27.39353789980298,298.3262465555542,104.0
83.87241595902812,27.39308698868699,298.3762509549098,104.0
83.872394886752,27.392637913699843,298.4262553542654,104.0
83.87229897535693,27.392195203842462,298.4762597536209,104.0
83.87220306454878,27.391752493959263,298.5262641529766,105.0
83.87210715432754,27.391309784050215,298.5762685523322,105.0
83.87201124469316,27.39086707411536,298.6262729516878,105.0
83.87191533564564,27.390424364154672,298.67627735104344,105.0
83.87181942718496,27.389981654168164,298.72628175039904,105.0
83.87172351931108,27.389538944155845,298.7762861497546,104.0
83.87162761202397,27.389096234117723,298.82629054911024,104.0
83.87153170532362,27.38865352405379,298.87629494846584,104.0
83.87143579920999,27.38821081396405,298.92629934782144,104.0
83.87133989368309,27.387768103848522,298.97630374717704,104.0
83.87124398874285,27.387325393707204,299.0263081465327,104.0
83.87114808438926,27.38688268354009,299.07631254588824,104.0
83.87105218062231,27.38643997334719,299.12631694524384,104.0
83.87095627744198,27.38599726312852,299.1763213445995,103.0
83.87086037484822,27.385554552884066,299.2263257439551,104.0
83.87076447284102,27.385111842613828,299.2763301433107,104.0
83.87066857142035,27.384669132317843,299.3263345426663,105.0
83.87056229024938,27.384228778278533,299.3763389420219,105.0
83.87040963349142,27.383798951384055,299.4263433413775,105.0
83.87025697775879,27.383369124398868,299.4763477407331,104.0
83.87010432305145,27.382939297322995,299.52635214008876,103.0
83.86995166936936,27.382509470156428,299.57635653944436,102.0
83.86979901671249,27.38207964289919,299.62636093879996,102.0
83.86964636508081,27.38164981555128,299.6763653381555,102.0
83.86949371447426,27.381219988112726,299.72636973751116,102.0
83.86934106489284,27.380790160583516,299.77637413686676,102.0
83.86918841633646,27.38036033296367,299.82637853622236,103.0
83.86903576880513,27.3799305052532,299.876382935578,103.0
83.86888312229878,27.37950067745211,299.9263873349336,103.0
83.8687016994986,27.379083914717533,299.97639173428917,104.0
83.86840250069818,27.37872062369935,300.0263961336448,104.0
83.86810330379943,27.37835733218658,300.0764005330004,104.0
83.8678041088023,27.377994040179274,300.126404932356,104.0
83.86750491570677,27.377630747677454,300.1764093317116,104.0
83.86720572451277,27.377267454681153,300.2264137310673,104.0
83.86690653522027,27.3769041611904,300.2764181304228,104.0
83.86660734782922,27.376540867205225,300.3264225297784,105.0
83.86630816233956,27.376177572725656,300.3764269291341,105.0
83.86600897875127,27.375814277751726,300.4264313284897,105.0
83.8657097970643,27.37545098228346,300.4764357278453,104.0
83.86541061727858,27.375087686320903,300.5264401272009,104.0
83.86511143939408,27.37472438986406,300.5764445265565,103.0
83.86472452076089,27.3744357770713,300.6264489259121,102.0
83.86433229185437,27.37415168504546,300.6764533252677,102.0
83.8639400649958,27.373867592073793,300.72645772462334,102.0
83.86354784018515,27.373583498156357,300.77646212397894,102.0
83.86315561742241,27.373299403293167,300.8264665233345,102.0
83.86276339670755,27.373015307484273,300.87647092269015,102.0
83.86237117804055,27.372731210729718,300.92647532204575,102.0
83.86197896142137,27.372447113029548,300.97647972140135,100.0
83.86158674685001,27.372163014383798,301.02648412075695,99.0
83.86119453432644,27.37187891479251,301.0764885201126,99.0
83.86080232385063,27.371594814255715,301.12649291946815,99.0
83.86041011542255,27.371310712773475,301.17649731882375,99.0
83.8600179090422,27.3710266103458,301.2265017181794,98.0
83.85962570470954,27.370742506972764,301.276506117535,98.0
83.85934603333534,27.370369276023542,301.3265105168906,99.0
83.85907681655256,27.369987765841035,301.3765149162462,99.0
83.85880760153685,27.369606255276256,301.4265193156018,97.0
83.85853838828817,27.36922474432924,301.4765237149574,97.0
83.85826917680647,27.368843233,301.526528114313,95.0
83.85799996709173,27.368461721288572,301.57653251366867,95.0
83.85773075914385,27.368080209194982,301.62653691302427,95.0
83.85746155296282,27.367698696719252,301.67654131237987,95.0
83.85719234854858,27.367317183861402,301.7265457117354,95.0
83.85692314590108,27.36693567062146,301.77655011109107,95.0
83.8566539450203,27.366554156999463,301.82655451044667,95.0
83.85638790570663,27.366170923600873,301.87655890980227,96.0
83.85613147758855,27.365782460886916,301.9265633091579,97.0
83.85587505117117,27.36539399783382,301.9765677085135,98.0
83.85561862645443,27.365005534441607,302.0265721078691,98.0
83.85536220343829,27.364617070710302,302.07657650722473,98.0
83.8551057821227,27.364228606639937,302.12658090658033,98.0
83.85484936250761,27.36384014223052,302.17658530593593,98.0
83.854592944593,27.36345167748208,302.22658970529153,98.0
83.85433652837877,27.363063212394646,302.2765941046472,98.0
83.8540801138649,27.36267474696824,302.32659850400273,97.0
83.85382370105134,27.362286281202888,302.37660290335833,97.0
83.85356728993806,27.361897815098608,302.426607302714,98.0
83.85331088052497,27.361509348655417,302.4766117020696,98.0
83.85305447281206,27.361120881873358,302.5266161014252,99.0
83.85292122838743,27.360686288695785,302.5766205007808,99.0
83.85279051567541,27.360250747612213,302.6266249001364,99.0
83.85265980382079,27.359815206469523,302.676629299492,99.0
83.85252909282356,27.359379665267728,302.7266336988476,99.0
83.85239838268369,27.35894412400681,302.77663809820325,99.0
83.85226767340112,27.358508582686802,302.82664249755885,98.0
83.85213696497584,27.358073041307698,302.87664689691445,98.0
83.85200625740781,27.35763749986952,302.92665129627,98.0
83.85187555069699,27.357201958372244,302.97665569562565,98.0
83.85174484484335,27.356766416815912,303.02666009498125,98.0
83.85161413984687,27.356330875200502,303.07666449433685,98.0
83.85148343570751,27.355895333526057,303.1266688936925,98.0
83.85135273242524,27.355459791792544,303.1766732930481,98.5
83.85122203,27.355024249999992,303.22667769240365,99.0
