{
"type": "FeatureCollection",
"name": "Settlement_exposed_survey_department_name",
"crs": { "type": "name", "properties": { "name": "urn:ogc:def:crs:OGC:1.3:CRS84" } },
"features": [
{ "type": "Feature", "properties": { "id": null, "Name": "Devghat", "description": null, "timestamp": null, "begin": null, "end": null, "altitudeMode": null, "tessellate": 1, "extrude": 0, "visibility": -1, "drawOrder": null, "icon": null, "NUMPOINTS_exposed": 165.0, "SETTL_NAME": null }, "geometry": { "type": "Polygon", "coordinates": [ [ [ 84.465299487661042, 27.75560684548131, 0.0 ], [ 84.465316162289653, 27.755557099589929, 0.0 ], [ 84.465374125697096, 27.755481359664849, 0.0 ], [ 84.465403842227047, 27.755431398730419, 0.0 ], [ 84.465419485901961, 27.755394288376792, 0.0 ], [ 84.465461438852941, 27.755356160406421, 0.0 ], [ 84.466071977643566, 27.754455629659631, 0.0 ], [ 84.466165824389563, 27.7543711207028, 0.0 ], [ 84.466218725431688, 27.754334490927992, 0.0 ], [ 84.466364525464869, 27.75421413425612, 0.0 ], [ 84.466520810625937, 27.754128085618088, 0.0 ], [ 84.466599712440683, 27.75405688617516, 0.0 ], [ 84.466626346028434, 27.754021913373631, 0.0 ], [ 84.467443589223521, 27.753641974633322, 0.0 ], [ 84.467619893577407, 27.753601566564139, 0.0 ], [ 84.467896254147959, 27.753546089352579, 0.0 ], [ 84.468059240351678, 27.75351737214249, 0.0 ], [ 84.468121928674961, 27.753514791039041, 0.0 ], [ 84.468764337252793, 27.75360970379749, 0.0 ], [ 84.469079167298332, 27.753607808630431, 0.0 ], [ 84.469305625627428, 27.753598478901271, 0.0 ], [ 84.469418849040622, 27.753593814188541, 0.0 ], [ 84.469507422670034, 27.753601245716769, 0.0 ], [ 84.469533634383325, 27.753622348154561, 0.0 ], [ 84.470117454468493, 27.754277005986179, 0.0 ], [ 84.470198185746256, 27.754331417310691, 0.0 ], [ 84.470320163739146, 27.754419158328609, 0.0 ], [ 84.470365254138812, 27.754510556983391, 0.0 ], [ 84.470380606833473, 27.754545020577289, 0.0 ], [ 84.470389568808258, 27.754673931225081, 0.0 ], [ 84.470395305437322, 27.754756447686152, 0.0 ], [ 84.470398595320958, 27.754803769740811, 0.0 ], [ 84.470682874590338, 27.75598210501877, 0.0 ], [ 84.470713605131166, 27.75603158160051, 0.0 ], [ 84.470772373189234, 27.756092773854721, 0.0 ], [ 84.470791783617727, 27.756168614545281, 0.0 ], [ 84.470796734176403, 27.756232520921639, 0.0 ], [ 84.470776543767613, 27.756323485960181, 0.0 ], [ 84.470768876881991, 27.756401398364591, 0.0 ], [ 84.470123498189977, 27.758506170664571, 0.0 ], [ 84.470117206145545, 27.758651154976011, 0.0 ], [ 84.470092398758908, 27.758724949913049, 0.0 ], [ 84.470095608719589, 27.758783208745331, 0.0 ], [ 84.470054623284852, 27.75882883614587, 0.0 ], [ 84.469063285854375, 27.7596167135966, 0.0 ], [ 84.467869247763446, 27.759621421721071, 0.0 ], [ 84.465936075475469, 27.760085713557661, 0.0 ], [ 84.465299487661042, 27.75560684548131, 0.0 ] ] ] } },
{ "type": "Feature", "properties": { "id": null, "Name": "Thimura resort area", "description": null, "timestamp": null, "begin": null, "end": null, "altitudeMode": null, "tessellate": 1, "extrude": 0, "visibility": -1, "drawOrder": null, "icon": null, "NUMPOINTS_exposed": 447.0, "SETTL_NAME": null }, "geometry": { "type": "Polygon", "coordinates": [ [ [ 84.465117369550782, 27.751849958937221, 0.0 ], [ 84.465077831740189, 27.75185162306715, 0.0 ], [ 84.464335523621088, 27.752064371497511, 0.0 ], [ 84.464207356552436, 27.752110275054591, 0.0 ], [ 84.464093535986919, 27.752135345318042, 0.0 ], [ 84.46380597951368, 27.75218805836305, 0.0 ], [ 84.463602690609676, 27.752257643665391, 0.0 ], [ 84.462489403053638, 27.752570654888441, 0.0 ], [ 84.462343353370599, 27.75263860612796, 0.0 ], [ 84.462105857925422, 27.752751934831739, 0.0 ], [ 84.461816070614645, 27.752909482217561, 0.0 ], [ 84.460608088260997, 27.7534861078109, 0.0 ], [ 84.460551127807904, 27.753509757243499, 0.0 ], [ 84.460416709042605, 27.753557973554429, 0.0 ], [ 84.460257069178283, 27.753692737449121, 0.0 ], [ 84.460133674791891, 27.75380510370373, 0.0 ], [ 84.45968195336819, 27.754169984166889, 0.0 ], [ 84.459661369502498, 27.754170855286151, 0.0 ], [ 84.459565851255846, 27.754218432650219, 0.0 ], [ 84.459470177332022, 27.754266087370759, 0.0 ], [ 84.459347567465883, 27.75440251549832, 0.0 ], [ 84.459138532053714, 27.75465362761642, 0.0 ], [ 84.459017783928715, 27.754814035422399, 0.0 ], [ 84.458941606329958, 27.754995823916381, 0.0 ], [ 84.458551432696368, 27.755623698821111, 0.0 ], [ 84.45847364303286, 27.75567282705757, 0.0 ], [ 84.458242761889039, 27.755843618285692, 0.0 ], [ 84.457934921660652, 27.75608830371317, 0.0 ], [ 84.45760009319163, 27.756312639243621, 0.0 ], [ 84.457166881143777, 27.75663734933983, 0.0 ], [ 84.457040747782798, 27.75666641900224, 0.0 ], [ 84.456997748345501, 27.756668250370321, 0.0 ], [ 84.456917264619733, 27.756719134269328, 0.0 ], [ 84.456831191025302, 27.75672280068602, 0.0 ], [ 84.456621273523638, 27.756779279600231, 0.0 ], [ 84.45649463212024, 27.75680847362419, 0.0 ], [ 84.455514235094356, 27.756969552334731, 0.0 ], [ 84.455410523699896, 27.757021836351701, 0.0 ], [ 84.455072648604258, 27.75713221140721, 0.0 ], [ 84.454688381472437, 27.757220791772021, 0.0 ], [ 84.454538376129875, 27.757251295455369, 0.0 ], [ 84.453194422006902, 27.7573327526806, 0.0 ], [ 84.453106409625022, 27.757312377200211, 0.0 ], [ 84.451969500046744, 27.757072858603841, 0.0 ], [ 84.451881800173993, 27.757028874996681, 0.0 ], [ 84.451794864752472, 27.75700874923151, 0.0 ], [ 84.451642759922706, 27.75696762859868, 0.0 ], [ 84.451426297202872, 27.756929328478339, 0.0 ], [ 84.451318197550833, 27.756910201783739, 0.0 ], [ 84.451210185680722, 27.756891090635001, 0.0 ], [ 84.450476733398744, 27.756312620537368, 0.0 ], [ 84.450285234993302, 27.75608972839089, 0.0 ], [ 84.450179435877232, 27.75600234186463, 0.0 ], [ 84.449239067254439, 27.755407412921961, 0.0 ], [ 84.449157214235797, 27.755321362600061, 0.0 ], [ 84.449076629263018, 27.75519103831364, 0.0 ], [ 84.448707797051526, 27.754288318400299, 0.0 ], [ 84.448691818128424, 27.754138909626811, 0.0 ], [ 84.448675277895717, 27.754011626407621, 0.0 ], [ 84.448618116638471, 27.753886665799989, 0.0 ], [ 84.448480627935055, 27.752590551526929, 0.0 ], [ 84.449891890329269, 27.749998710031399, 0.0 ], [ 84.451297896035953, 27.749416133157769, 0.0 ], [ 84.451409206927565, 27.749375768628141, 0.0 ], [ 84.451576322069229, 27.74933312719444, 0.0 ], [ 84.451928435593388, 27.74924725680517, 0.0 ], [ 84.452114707154081, 27.74923948273813, 0.0 ], [ 84.453691591673035, 27.749085010433259, 0.0 ], [ 84.453783271262324, 27.74906349167501, 0.0 ], [ 84.455647850855343, 27.74887981795942, 0.0 ], [ 84.455759038537124, 27.748875179473242, 0.0 ], [ 84.456018465380822, 27.748864356713579, 0.0 ], [ 84.457315377373916, 27.748810250349251, 0.0 ], [ 84.457370951033141, 27.748807931782231, 0.0 ], [ 84.457484676371934, 27.748820796574481, 0.0 ], [ 84.457622280664779, 27.74886795908613, 0.0 ], [ 84.457701804715526, 27.748899973211191, 0.0 ], [ 84.457837170431318, 27.74892970707371, 0.0 ], [ 84.459498014179488, 27.749506017278271, 0.0 ], [ 84.459580043698821, 27.749538954755501, 0.0 ], [ 84.459883451012516, 27.74963568591005, 0.0 ], [ 84.460214360095975, 27.749768481993431, 0.0 ], [ 84.460418436802442, 27.74983358391313, 0.0 ], [ 84.460562398514654, 27.749882931592051, 0.0 ], [ 84.461252861529232, 27.75015141165246, 0.0 ], [ 84.465117369550782, 27.751849958937221, 0.0 ] ] ] } },
{ "type": "Feature", "properties": { "id": null, "Name": "Chitwan milk ltd area", "description": null, "timestamp": null, "begin": null, "end": null, "altitudeMode": null, "tessellate": 1, "extrude": 0, "visibility": -1, "drawOrder": null, "icon": null, "NUMPOINTS_exposed": 99.0, "SETTL_NAME": null }, "geometry": { "type": "Polygon", "coordinates": [ [ [ 84.44354808730678, 27.746299307304199, 0.0 ], [ 84.448859901359981, 27.750231868061721, 0.0 ], [ 84.448915208698125, 27.750280607974702, 0.0 ], [ 84.448939271864703, 27.750347876788521, 0.0 ], [ 84.449045673575114, 27.75116202833237, 0.0 ], [ 84.448471113641659, 27.752277184020041, 0.0 ], [ 84.447317032826149, 27.751956639462581, 0.0 ], [ 84.447229685278771, 27.75194202393325, 0.0 ], [ 84.445731855549241, 27.751037584046831, 0.0 ], [ 84.444413706266943, 27.750504724211851, 0.0 ], [ 84.443314252522754, 27.74977913411043, 0.0 ], [ 84.44317018513992, 27.749653712639489, 0.0 ], [ 84.443044093300571, 27.749495785823349, 0.0 ], [ 84.44302872368624, 27.749463934910889, 0.0 ], [ 84.442657149630264, 27.748982088119501, 0.0 ], [ 84.442507399309505, 27.74872046314999, 0.0 ], [ 84.442432265708092, 27.748614285229209, 0.0 ], [ 84.442372706427903, 27.74852352455439, 0.0 ], [ 84.442343703276464, 27.748462799279881, 0.0 ], [ 84.442329233769129, 27.748432504169241, 0.0 ], [ 84.442145957231133, 27.747667407860462, 0.0 ], [ 84.442163673462289, 27.74762210434675, 0.0 ], [ 84.442402630039112, 27.747113812885999, 0.0 ], [ 84.442455350257021, 27.7469529984525, 0.0 ], [ 84.44248767081173, 27.746908609362841, 0.0 ], [ 84.442769737748137, 27.746248295507829, 0.0 ], [ 84.442801644921957, 27.746191564388511, 0.0 ], [ 84.44354808730678, 27.746299307304199, 0.0 ] ] ] } },
{ "type": "Feature", "properties": { "id": null, "Name": "Sheww kalika secondary school area", "description": null, "timestamp": null, "begin": null, "end": null, "altitudeMode": null, "tessellate": 1, "extrude": 0, "visibility": -1, "drawOrder": null, "icon": null, "NUMPOINTS_exposed": 424.0, "SETTL_NAME": null }, "geometry": { "type": "Polygon", "coordinates": [ [ [ 84.447630332675175, 27.758675963733591, 0.0 ], [ 84.447957029928872, 27.758872513070351, 0.0 ], [ 84.448183800838223, 27.759003825531209, 0.0 ], [ 84.448287674803254, 27.759093644471552, 0.0 ], [ 84.448387518403379, 27.759136632960161, 0.0 ], [ 84.450899998029513, 27.760425446031149, 0.0 ], [ 84.454209228277477, 27.760139618250669, 0.0 ], [ 84.454302265515651, 27.76011132771481, 0.0 ], [ 84.454375076735403, 27.76010826536692, 0.0 ], [ 84.457400111546946, 27.76017644225881, 0.0 ], [ 84.457618990906056, 27.760167232956771, 0.0 ], [ 84.457740587487208, 27.760162116813881, 0.0 ], [ 84.457954195165598, 27.760128649831749, 0.0 ], [ 84.459506013803633, 27.760358119833771, 0.0 ], [ 84.459578016066928, 27.760453849248631, 0.0 ], [ 84.459649100000675, 27.76064914504752, 0.0 ], [ 84.458313961501347, 27.762019922336862, 0.0 ], [ 84.458108297467476, 27.762234862788858, 0.0 ], [ 84.458074658346789, 27.762313911369979, 0.0 ], [ 84.455329376402815, 27.763773915296799, 0.0 ], [ 84.45522756866535, 27.763778230120401, 0.0 ], [ 84.453326242970164, 27.763912472764328, 0.0 ], [ 84.448019645757455, 27.76376319893717, 0.0 ], [ 84.446593567889508, 27.762955083338749, 0.0 ], [ 84.44508491573157, 27.76186455677523, 0.0 ], [ 84.444982604636834, 27.7617931229669, 0.0 ], [ 84.444854729194432, 27.76169774647861, 0.0 ], [ 84.443464813288159, 27.760469702840581, 0.0 ], [ 84.443389653562676, 27.760375663887832, 0.0 ], [ 84.443339467487419, 27.760305037438641, 0.0 ], [ 84.442701601121897, 27.759802653508949, 0.0 ], [ 84.442507043153341, 27.759643986060549, 0.0 ], [ 84.442144394900055, 27.759327734267892, 0.0 ], [ 84.442024038396113, 27.759191615585792, 0.0 ], [ 84.441951550721768, 27.759007259580589, 0.0 ], [ 84.441947585741161, 27.758175673490811, 0.0 ], [ 84.441992084726309, 27.757697160517392, 0.0 ], [ 84.442014311143311, 27.757493839007171, 0.0 ], [ 84.442059812986727, 27.757312973562229, 0.0 ], [ 84.442285045852245, 27.75653084035838, 0.0 ], [ 84.442352483553904, 27.756375451925191, 0.0 ], [ 84.442509369587071, 27.756065698359869, 0.0 ], [ 84.44264341731909, 27.75584510015857, 0.0 ], [ 84.442780208647974, 27.755839407538421, 0.0 ], [ 84.443503799575126, 27.754753412973152, 0.0 ], [ 84.443547556918247, 27.754710011624059, 0.0 ], [ 84.444371809840035, 27.75341076447566, 0.0 ], [ 84.447630332675175, 27.758675963733591, 0.0 ] ] ] } },
{ "type": "Feature", "properties": { "id": null, "Name": "Gaighat area", "description": null, "timestamp": null, "begin": null, "end": null, "altitudeMode": null, "tessellate": 1, "extrude": 0, "visibility": -1, "drawOrder": null, "icon": null, "NUMPOINTS_exposed": 18.0, "SETTL_NAME": null }, "geometry": { "type": "Polygon", "coordinates": [ [ [ 84.437448469551242, 27.815140193848549, 0.0 ], [ 84.436419204345583, 27.814202539346219, 0.0 ], [ 84.434904089310237, 27.813981523779599, 0.0 ], [ 84.434812494984058, 27.81358143702732, 0.0 ], [ 84.434616749552575, 27.813115409831891, 0.0 ], [ 84.434894336741749, 27.812401687856688, 0.0 ], [ 84.435432145599663, 27.81200428975486, 0.0 ], [ 84.435441456610022, 27.812003894054278, 0.0 ], [ 84.435478449081572, 27.811993941188081, 0.0 ], [ 84.43553402424088, 27.811983204530051, 0.0 ], [ 84.436293852878933, 27.812051771371461, 0.0 ], [ 84.436304793663666, 27.81207664930627, 0.0 ], [ 84.436334471988744, 27.812100782064519, 0.0 ], [ 84.436960347010611, 27.812487615582711, 0.0 ], [ 84.437001533919073, 27.812520937422772, 0.0 ], [ 84.437086708078766, 27.812614273276051, 0.0 ], [ 84.437212655844434, 27.812724459287551, 0.0 ], [ 84.43759397447991, 27.812942466448479, 0.0 ], [ 84.437614371339095, 27.81295069149532, 0.0 ], [ 84.437810492953531, 27.813042796878911, 0.0 ], [ 84.437842993388003, 27.813068949944949, 0.0 ], [ 84.438022202313817, 27.81324641374265, 0.0 ], [ 84.438046564047625, 27.813282716071949, 0.0 ], [ 84.438070995403535, 27.81331912241264, 0.0 ], [ 84.438325761876342, 27.813737077938772, 0.0 ], [ 84.438328385749145, 27.813756354535201, 0.0 ], [ 84.438333645040714, 27.81379499250745, 0.0 ], [ 84.438374994190639, 27.813949815507019, 0.0 ], [ 84.438743502344238, 27.814735001039448, 0.0 ], [ 84.438739195810555, 27.81477702809978, 0.0 ], [ 84.438724465384013, 27.81481963413119, 0.0 ], [ 84.438684529810487, 27.814979892635581, 0.0 ], [ 84.437448469551242, 27.815140193848549, 0.0 ] ] ] } },
{ "type": "Feature", "properties": { "id": null, "Name": "Duighare ", "description": null, "timestamp": null, "begin": null, "end": null, "altitudeMode": null, "tessellate": 1, "extrude": 0, "visibility": -1, "drawOrder": null, "icon": null, "NUMPOINTS_exposed": 10.0, "SETTL_NAME": null }, "geometry": { "type": "Polygon", "coordinates": [ [ [ 84.432160754125292, 27.807898977222369, 0.0 ], [ 84.431656275565132, 27.806745106577509, 0.0 ], [ 84.431493128152155, 27.805663240595941, 0.0 ], [ 84.431529075757055, 27.805016596719231, 0.0 ], [ 84.431529284934626, 27.804997417936619, 0.0 ], [ 84.431529771103413, 27.804952842484941, 0.0 ], [ 84.431597033523303, 27.804251406225131, 0.0 ], [ 84.43161046706588, 27.80422182412984, 0.0 ], [ 84.43162385035194, 27.804192352364758, 0.0 ], [ 84.431794862547491, 27.804076243868639, 0.0 ], [ 84.431901674955412, 27.80422685678765, 0.0 ], [ 84.431908596326238, 27.804249813225219, 0.0 ], [ 84.431915694880985, 27.804284518150869, 0.0 ], [ 84.431936231135808, 27.804324685980699, 0.0 ], [ 84.431971631716749, 27.804447606818549, 0.0 ], [ 84.43202161781555, 27.804596209916031, 0.0 ], [ 84.432157131546063, 27.804831409668981, 0.0 ], [ 84.43215765666983, 27.804850226285058, 0.0 ], [ 84.432158534603658, 27.804881685055481, 0.0 ], [ 84.432167050373124, 27.804938324703169, 0.0 ], [ 84.432198601576005, 27.80506509728356, 0.0 ], [ 84.432274902213351, 27.805251232623721, 0.0 ], [ 84.432328294829389, 27.80535532570617, 0.0 ], [ 84.432579998695232, 27.80611450861138, 0.0 ], [ 84.432581466611069, 27.80614378644108, 0.0 ], [ 84.432585528956238, 27.80622481053296, 0.0 ], [ 84.432582485248645, 27.806314388425101, 0.0 ], [ 84.432589225896322, 27.806449988422859, 0.0 ], [ 84.43262016377976, 27.807394078377801, 0.0 ], [ 84.432614227986207, 27.807436623544199, 0.0 ], [ 84.432608265294562, 27.807479361496512, 0.0 ], [ 84.432596662912047, 27.80757399969788, 0.0 ], [ 84.432586149243022, 27.807695634807231, 0.0 ], [ 84.432588570272614, 27.807747938189369, 0.0 ], [ 84.432618637185072, 27.808040111115542, 0.0 ], [ 84.432622048716709, 27.808112475205061, 0.0 ], [ 84.43262548588244, 27.80818538296522, 0.0 ], [ 84.432630690333838, 27.808295777537229, 0.0 ], [ 84.432635072652886, 27.808388733270132, 0.0 ], [ 84.432219215157417, 27.808576972286041, 0.0 ], [ 84.432160754125292, 27.807898977222369, 0.0 ] ] ] } },
{ "type": "Feature", "properties": { "id": null, "Name": "Satra Kilo", "description": null, "timestamp": null, "begin": null, "end": null, "altitudeMode": null, "tessellate": 1, "extrude": 0, "visibility": -1, "drawOrder": null, "icon": null, "NUMPOINTS_exposed": 1.0, "SETTL_NAME": null }, "geometry": { "type": "Polygon", "coordinates": [ [ [ 84.429908630559041, 27.808067449693201, 0.0 ], [ 84.42949344566297, 27.806793471501379, 0.0 ], [ 84.429384264132082, 27.806117312341371, 0.0 ], [ 84.429908531101248, 27.80595359553762, 0.0 ], [ 84.429953950730521, 27.805988588149059, 0.0 ], [ 84.430014804135681, 27.80603048639377, 0.0 ], [ 84.430535658948997, 27.806410058143069, 0.0 ], [ 84.430536553120277, 27.806456553307299, 0.0 ], [ 84.430553771767478, 27.806533840587061, 0.0 ], [ 84.43060498006578, 27.806713384714051, 0.0 ], [ 84.430646952749612, 27.80680768523132, 0.0 ], [ 84.430881456613207, 27.80735952769454, 0.0 ], [ 84.430881750380351, 27.80736800729537, 0.0 ], [ 84.431003585673267, 27.807965484913559, 0.0 ], [ 84.431005350218442, 27.808010416959672, 0.0 ], [ 84.430982117705327, 27.808065690227028, 0.0 ], [ 84.43096758371405, 27.808129966494349, 0.0 ], [ 84.430935960048231, 27.808195361886071, 0.0 ], [ 84.430778499237718, 27.808651428836679, 0.0 ], [ 84.430761146584615, 27.80865219227142, 0.0 ], [ 84.429908630559041, 27.808067449693201, 0.0 ] ] ] } },
{ "type": "Feature", "properties": { "id": null, "Name": "bhorle.panchkanyadanda", "description": null, "timestamp": null, "begin": null, "end": null, "altitudeMode": null, "tessellate": 1, "extrude": 0, "visibility": -1, "drawOrder": null, "icon": null, "NUMPOINTS_exposed": 122.0, "SETTL_NAME": null }, "geometry": { "type": "Polygon", "coordinates": [ [ [ 84.444504814225752, 27.821679538134021, 0.0 ], [ 84.44486219254064, 27.820910744016562, 0.0 ], [ 84.445094238802426, 27.820105445726991, 0.0 ], [ 84.445663211454615, 27.819189266967879, 0.0 ], [ 84.446457191388973, 27.818707419044198, 0.0 ], [ 84.44803667608808, 27.818561107566548, 0.0 ], [ 84.448782588795666, 27.818696914940109, 0.0 ], [ 84.448821317286985, 27.81869526638102, 0.0 ], [ 84.449312280833112, 27.81902452191142, 0.0 ], [ 84.449359707857667, 27.819484302249041, 0.0 ], [ 84.449604730167792, 27.819892686922181, 0.0 ], [ 84.449699980350772, 27.81992727910918, 0.0 ], [ 84.450199024573493, 27.820090958454781, 0.0 ], [ 84.450678048447443, 27.819798465976351, 0.0 ], [ 84.450709858618296, 27.819739479811389, 0.0 ], [ 84.450731506004502, 27.81968115513158, 0.0 ], [ 84.450983126535192, 27.819358676805081, 0.0 ], [ 84.451000007631635, 27.819339277034931, 0.0 ], [ 84.4510664515808, 27.819317782261059, 0.0 ], [ 84.451096201732739, 27.819316510248822, 0.0 ], [ 84.451165617094958, 27.81931354228314, 0.0 ], [ 84.451615170281599, 27.819312971603971, 0.0 ], [ 84.451654851713016, 27.81931127472647, 0.0 ], [ 84.451724292259968, 27.8193083052658, 0.0 ], [ 84.451795473983964, 27.819314595335111, 0.0 ], [ 84.452338251674931, 27.819422675676019, 0.0 ], [ 84.452393912062433, 27.819448582069199, 0.0 ], [ 84.452495559668819, 27.819500971775511, 0.0 ], [ 84.452666455600536, 27.819732460775651, 0.0 ], [ 84.452680879649463, 27.81979940934157, 0.0 ], [ 84.452876081491539, 27.820272805202279, 0.0 ], [ 84.452880412163154, 27.820292617277541, 0.0 ], [ 84.452834353882423, 27.820415152900701, 0.0 ], [ 84.452795689725491, 27.820477459069821, 0.0 ], [ 84.452641574387982, 27.820739428922831, 0.0 ], [ 84.452585359199617, 27.820772784485548, 0.0 ], [ 84.452537381266495, 27.820795510097739, 0.0 ], [ 84.452499781378989, 27.820817816375062, 0.0 ], [ 84.452372132444864, 27.820864778196601, 0.0 ], [ 84.452191759421254, 27.820914131740501, 0.0 ], [ 84.450695555217038, 27.821294249011451, 0.0 ], [ 84.450633477673875, 27.821307563657129, 0.0 ], [ 84.450487984815283, 27.821335138926131, 0.0 ], [ 84.450323778465773, 27.821384896102469, 0.0 ], [ 84.450116573255855, 27.82143663573612, 0.0 ], [ 84.449867383809803, 27.82150105772541, 0.0 ], [ 84.449565040480849, 27.821578761769601, 0.0 ], [ 84.447882110087647, 27.821749123952941, 0.0 ], [ 84.447828513172666, 27.821751446843042, 0.0 ], [ 84.447732034989571, 27.821755628210891, 0.0 ], [ 84.447699874511954, 27.8217570220482, 0.0 ], [ 84.447614542209237, 27.821771588384781, 0.0 ], [ 84.447487006911345, 27.821809766636211, 0.0 ], [ 84.447412212953921, 27.82182390791122, 0.0 ], [ 84.446553925734193, 27.822058645904288, 0.0 ], [ 84.444504814225752, 27.821679538134021, 0.0 ] ] ] } },
{ "type": "Feature", "properties": { "id": null, "Name": "dumrebesi.ghumaune", "description": null, "timestamp": null, "begin": null, "end": null, "altitudeMode": null, "tessellate": 1, "extrude": 0, "visibility": -1, "drawOrder": null, "icon": null, "NUMPOINTS_exposed": 2.0, "SETTL_NAME": null }, "geometry": { "type": "Polygon", "coordinates": [ [ [ 84.477744267100135, 27.822155203784622, 0.0 ], [ 84.477500670859627, 27.82222679604866, 0.0 ], [ 84.477479230256705, 27.8222441473408, 0.0 ], [ 84.47746525074632, 27.822257105592652, 0.0 ], [ 84.477116787401414, 27.822346856153551, 0.0 ], [ 84.477101321319722, 27.82235589867555, 0.0 ], [ 84.477075561431164, 27.822378010499961, 0.0 ], [ 84.477037550805449, 27.82240496361073, 0.0 ], [ 84.476877721644343, 27.8224842565856, 0.0 ], [ 84.476865413768493, 27.822489077817341, 0.0 ], [ 84.476849539864602, 27.822498354782049, 0.0 ], [ 84.47678256247454, 27.822518468193909, 0.0 ], [ 84.476031540637806, 27.822673073267701, 0.0 ], [ 84.474794160733239, 27.822827068919711, 0.0 ], [ 84.473866216417591, 27.82296598444195, 0.0 ], [ 84.473831192561008, 27.82296749737047, 0.0 ], [ 84.473802005136051, 27.82296875818221, 0.0 ], [ 84.473743627951762, 27.82297127990666, 0.0 ], [ 84.473702762123295, 27.822973045191599, 0.0 ], [ 84.473474828101715, 27.822988752429321, 0.0 ], [ 84.473110140163357, 27.822951924768589, 0.0 ], [ 84.47319400948939, 27.822713707988271, 0.0 ], [ 84.473911224292749, 27.822396540534189, 0.0 ], [ 84.473916823353932, 27.822396300116981, 0.0 ], [ 84.476011989272223, 27.822252702657511, 0.0 ], [ 84.47709299027477, 27.821863042908141, 0.0 ], [ 84.477477535051904, 27.821866892541781, 0.0 ], [ 84.477515499323161, 27.821865268629232, 0.0 ], [ 84.477537192828748, 27.821864340693409, 0.0 ], [ 84.477575155086043, 27.82186271686227, 0.0 ], [ 84.477744267100135, 27.822155203784622, 0.0 ] ] ] } },
{ "type": "Feature", "properties": { "id": null, "Name": "Ghumne motor bridge area", "description": null, "timestamp": null, "begin": null, "end": null, "altitudeMode": null, "tessellate": 1, "extrude": 0, "visibility": -1, "drawOrder": null, "icon": null, "NUMPOINTS_exposed": 1.0, "SETTL_NAME": null }, "geometry": { "type": "Polygon", "coordinates": [ [ [ 84.466975660052867, 27.822215490496411, 0.0 ], [ 84.466922240757953, 27.82238477516746, 0.0 ], [ 84.46692213766157, 27.822402479754441, 0.0 ], [ 84.466921992759495, 27.822427363373219, 0.0 ], [ 84.466921909658964, 27.82244163387335, 0.0 ], [ 84.466841443582965, 27.822945597022521, 0.0 ], [ 84.46683235446821, 27.822981255968561, 0.0 ], [ 84.466827707270781, 27.823005090050899, 0.0 ], [ 84.466827435203058, 27.82302487319788, 0.0 ], [ 84.466826736524595, 27.823401271943951, 0.0 ], [ 84.467218617221704, 27.823495345173029, 0.0 ], [ 84.467241403143191, 27.823502981065051, 0.0 ], [ 84.467397563407957, 27.82356563050984, 0.0 ], [ 84.467606116967275, 27.823543615562951, 0.0 ], [ 84.468087301941807, 27.823471010117551, 0.0 ], [ 84.468315230479348, 27.823478498962359, 0.0 ], [ 84.468661572870914, 27.823480951657199, 0.0 ], [ 84.468717192580797, 27.823487239218309, 0.0 ], [ 84.468749566811027, 27.823490191607231, 0.0 ], [ 84.468777426282116, 27.82349334076234, 0.0 ], [ 84.468801422686823, 27.82350100983944, 0.0 ], [ 84.468893662579532, 27.82365134034546, 0.0 ], [ 84.46888655457424, 27.823665055378001, 0.0 ], [ 84.468616065833757, 27.823789611887911, 0.0 ], [ 84.468603321735984, 27.823799284972679, 0.0 ], [ 84.468174115855746, 27.824050413650909, 0.0 ], [ 84.467686759212555, 27.8240904734918, 0.0 ], [ 84.467258091904597, 27.82406161140328, 0.0 ], [ 84.46699751398269, 27.82394202682892, 0.0 ], [ 84.466423628010574, 27.823704166260431, 0.0 ], [ 84.466221638591563, 27.823568315810292, 0.0 ], [ 84.466204335710827, 27.823556088989239, 0.0 ], [ 84.466191597209018, 27.823543694195049, 0.0 ], [ 84.466166975185914, 27.823442216134239, 0.0 ], [ 84.466164536913809, 27.823412744605388, 0.0 ], [ 84.466167448492612, 27.82337062327116, 0.0 ], [ 84.46616918554551, 27.823345493541609, 0.0 ], [ 84.466188525577465, 27.823192479711881, 0.0 ], [ 84.466200058266566, 27.82315152883012, 0.0 ], [ 84.4662272329915, 27.823070292331298, 0.0 ], [ 84.46623391999006, 27.823034332744641, 0.0 ], [ 84.466239540616883, 27.823014369546431, 0.0 ], [ 84.466319549637561, 27.82282882992337, 0.0 ], [ 84.466333208499151, 27.82281301628748, 0.0 ], [ 84.466347261198777, 27.822789646706511, 0.0 ], [ 84.46635659795524, 27.82277411959555, 0.0 ], [ 84.466365701046399, 27.822762411936079, 0.0 ], [ 84.466531108933651, 27.822443886474179, 0.0 ], [ 84.466539922910016, 27.82242928112829, 0.0 ], [ 84.466641703673517, 27.82232638812307, 0.0 ], [ 84.466658310534442, 27.822315229803682, 0.0 ], [ 84.466687270443913, 27.822296623976321, 0.0 ], [ 84.466716049187596, 27.822281543494189, 0.0 ], [ 84.46673251868576, 27.822270472526, 0.0 ], [ 84.466975660052867, 27.822215490496411, 0.0 ] ] ] } },
{ "type": "Feature", "properties": { "id": null, "Name": "Sarangghat area", "description": null, "timestamp": null, "begin": null, "end": null, "altitudeMode": null, "tessellate": 1, "extrude": 0, "visibility": -1, "drawOrder": null, "icon": null, "NUMPOINTS_exposed": 17.0, "SETTL_NAME": null }, "geometry": { "type": "Polygon", "coordinates": [ [ [ 84.467163092200892, 27.828725635156541, 0.0 ], [ 84.466918708405331, 27.82787567737282, 0.0 ], [ 84.466918667171313, 27.827866966044581, 0.0 ], [ 84.46691850256218, 27.827832190078361, 0.0 ], [ 84.466686644180015, 27.826690891950459, 0.0 ], [ 84.46668688615209, 27.82665200359801, 0.0 ], [ 84.46656257443685, 27.826010824383431, 0.0 ], [ 84.467670734543674, 27.825761444452699, 0.0 ], [ 84.467985179190435, 27.82576223129378, 0.0 ], [ 84.468022535055013, 27.82576062868376, 0.0 ], [ 84.468083217799276, 27.82577232067921, 0.0 ], [ 84.468129498254768, 27.825791816517569, 0.0 ], [ 84.468191359724358, 27.82581787586226, 0.0 ], [ 84.468292530393654, 27.825863981812301, 0.0 ], [ 84.468538554660554, 27.826006300976179, 0.0 ], [ 84.468556240984881, 27.826034927928781, 0.0 ], [ 84.468573979073483, 27.82606363856031, 0.0 ], [ 84.468608291878994, 27.826106534919209, 0.0 ], [ 84.468680126080741, 27.826222730290901, 0.0 ], [ 84.468733135371295, 27.826295719705271, 0.0 ], [ 84.468968480566758, 27.826553470738151, 0.0 ], [ 84.468971724351178, 27.826584396952999, 0.0 ], [ 84.468986877826765, 27.826653984840199, 0.0 ], [ 84.469024833887403, 27.826715183847099, 0.0 ], [ 84.469072602727849, 27.826792204649081, 0.0 ], [ 84.469101438288064, 27.826838698090022, 0.0 ], [ 84.469151839866981, 27.827078535148459, 0.0 ], [ 84.469156355396649, 27.827119221758391, 0.0 ], [ 84.469146783903085, 27.827251530446379, 0.0 ], [ 84.469145989056983, 27.827318129592459, 0.0 ], [ 84.469140190019104, 27.827718003906082, 0.0 ], [ 84.469142039493718, 27.82773526018174, 0.0 ], [ 84.469135733892884, 27.827831383568022, 0.0 ], [ 84.469116462458231, 27.827964294482729, 0.0 ], [ 84.46907277179281, 27.82810884715694, 0.0 ], [ 84.469011284790383, 27.828338159508061, 0.0 ], [ 84.468977845592093, 27.828431577735739, 0.0 ], [ 84.468946764825304, 27.828553615894489, 0.0 ], [ 84.468848925418527, 27.82889896151914, 0.0 ], [ 84.467825853275968, 27.829137988085531, 0.0 ], [ 84.467799618932176, 27.829139143804792, 0.0 ], [ 84.467755893944457, 27.82914107005741, 0.0 ], [ 84.467686299266774, 27.829153923929141, 0.0 ], [ 84.467163092200892, 27.828725635156541, 0.0 ] ] ] } },
{ "type": "Feature", "properties": { "id": null, "Name": "Gamaune tanahun", "description": null, "timestamp": null, "begin": null, "end": null, "altitudeMode": null, "tessellate": 1, "extrude": 0, "visibility": -1, "drawOrder": null, "icon": null, "NUMPOINTS_exposed": 13.0, "SETTL_NAME": null }, "geometry": { "type": "Polygon", "coordinates": [ [ [ 84.463786373693537, 27.82539702143189, 0.0 ], [ 84.46365962203221, 27.824841393133241, 0.0 ], [ 84.463884387013564, 27.824083835139529, 0.0 ], [ 84.463884614129384, 27.824079212085149, 0.0 ], [ 84.464210805841461, 27.823982861443859, 0.0 ], [ 84.46423596815923, 27.823981790555191, 0.0 ], [ 84.464281095440981, 27.823988978166419, 0.0 ], [ 84.464371295839044, 27.824026288054899, 0.0 ], [ 84.464446833918245, 27.82407373089417, 0.0 ], [ 84.464512799919376, 27.82413598621719, 0.0 ], [ 84.464616203558677, 27.824301997423881, 0.0 ], [ 84.464621497941209, 27.824316179379931, 0.0 ], [ 84.464626849153944, 27.82433521184786, 0.0 ], [ 84.464632310716269, 27.824363978107659, 0.0 ], [ 84.464674844295928, 27.82444013130095, 0.0 ], [ 84.464768748868863, 27.824696127174619, 0.0 ], [ 84.46476925407039, 27.82472165528063, 0.0 ], [ 84.464759753663969, 27.824783785792089, 0.0 ], [ 84.464750449253458, 27.824862149264678, 0.0 ], [ 84.464752074747935, 27.824951545082978, 0.0 ], [ 84.464761703246779, 27.825177352761209, 0.0 ], [ 84.464762212723144, 27.8252047667543, 0.0 ], [ 84.464751839768311, 27.825243809359542, 0.0 ], [ 84.464730377330241, 27.825289110446931, 0.0 ], [ 84.464703354136532, 27.825346148725711, 0.0 ], [ 84.464626025470992, 27.82545120538445, 0.0 ], [ 84.464609187502873, 27.825457628494611, 0.0 ], [ 84.463786373693537, 27.82539702143189, 0.0 ] ] ] } },
{ "type": "Feature", "properties": { "id": null, "Name": "Opposite of hugdi bazar", "description": null, "timestamp": null, "begin": null, "end": null, "altitudeMode": null, "tessellate": 1, "extrude": 0, "visibility": -1, "drawOrder": null, "icon": null, "NUMPOINTS_exposed": 19.0, "SETTL_NAME": "Kautikhet" }, "geometry": { "type": "Polygon", "coordinates": [ [ [ 84.687369846479911, 27.811574549629601, 0.0 ], [ 84.688969665144128, 27.809866069022242, 0.0 ], [ 84.691311741161655, 27.809808266457619, 0.0 ], [ 84.69135948270673, 27.809820274112049, 0.0 ], [ 84.693243528799528, 27.810445178125679, 0.0 ], [ 84.693320710655357, 27.81053120099136, 0.0 ], [ 84.693361866537103, 27.81058929955018, 0.0 ], [ 84.693371582994573, 27.81064914106015, 0.0 ], [ 84.693191988624918, 27.81144465838349, 0.0 ], [ 84.693131026717907, 27.811685430628689, 0.0 ], [ 84.693110535646085, 27.811766361750859, 0.0 ], [ 84.693108650296068, 27.81186280378801, 0.0 ], [ 84.691812222047488, 27.81408678093263, 0.0 ], [ 84.689197360737069, 27.814288051832492, 0.0 ], [ 84.687369846479911, 27.811574549629601, 0.0 ] ] ] } },
{ "type": "Feature", "properties": { "id": null, "Name": "Jawang khola bridge zone", "description": null, "timestamp": null, "begin": null, "end": null, "altitudeMode": null, "tessellate": 1, "extrude": 0, "visibility": -1, "drawOrder": null, "icon": null, "NUMPOINTS_exposed": 19.0, "SETTL_NAME": null }, "geometry": { "type": "Polygon", "coordinates": [ [ [ 84.669047851526187, 27.81734193765406, 0.0 ], [ 84.669036210701762, 27.8173177682276, 0.0 ], [ 84.668840960739772, 27.816971026231979, 0.0 ], [ 84.668836322839724, 27.816941774748539, 0.0 ], [ 84.668830503244124, 27.816936179014331, 0.0 ], [ 84.66882559362115, 27.81691293366444, 0.0 ], [ 84.668623174566164, 27.81638495921899, 0.0 ], [ 84.668625354742233, 27.816352108698251, 0.0 ], [ 84.668622739350624, 27.81630338661942, 0.0 ], [ 84.668623463522323, 27.816292537973471, 0.0 ], [ 84.668596372654136, 27.81626152476532, 0.0 ], [ 84.668241697267206, 27.81559100165131, 0.0 ], [ 84.668242646118244, 27.81558116249882, 0.0 ], [ 84.66820964635194, 27.815248249863139, 0.0 ], [ 84.668226468278434, 27.815242759322349, 0.0 ], [ 84.668467004304688, 27.81522164910881, 0.0 ], [ 84.66864475355159, 27.815396987618531, 0.0 ], [ 84.668664860370086, 27.815424746540732, 0.0 ], [ 84.668740838145752, 27.815532294590241, 0.0 ], [ 84.66914791313971, 27.816186129782359, 0.0 ], [ 84.669152716385881, 27.81621802925666, 0.0 ], [ 84.669168587331129, 27.816271114738509, 0.0 ], [ 84.66918424897159, 27.816335494900201, 0.0 ], [ 84.669324028182928, 27.816702953676891, 0.0 ], [ 84.66932345595724, 27.816731660362141, 0.0 ], [ 84.66938969746613, 27.817141300207879, 0.0 ], [ 84.669047851526187, 27.81734193765406, 0.0 ] ] ] } },
{ "type": "Feature", "properties": { "id": null, "Name": "Uttargaya Rural Municipality area", "description": null, "timestamp": null, "begin": null, "end": null, "altitudeMode": null, "tessellate": 1, "extrude": 0, "visibility": -1, "drawOrder": null, "icon": null, "NUMPOINTS_exposed": 131.0, "SETTL_NAME": null }, "geometry": { "type": "Polygon", "coordinates": [ [ [ 85.184063413531533, 27.994226151029849, 0.0 ], [ 85.183787230045212, 27.994198084092702, 0.0 ], [ 85.182245849024753, 27.99310561648447, 0.0 ], [ 85.182195111681821, 27.992398292269709, 0.0 ], [ 85.182459830859756, 27.99151402748425, 0.0 ], [ 85.183190168463113, 27.990927472919701, 0.0 ], [ 85.183848540011866, 27.99090291079812, 0.0 ], [ 85.184236142415529, 27.991901823667309, 0.0 ], [ 85.185071771661143, 27.994012617601811, 0.0 ], [ 85.184532076029797, 27.99450282940419, 0.0 ], [ 85.184063413531533, 27.994226151029849, 0.0 ] ] ] } },
{ "type": "Feature", "properties": { "id": null, "Name": "Utargaya banuwa dada", "description": null, "timestamp": null, "begin": null, "end": null, "altitudeMode": null, "tessellate": 1, "extrude": 0, "visibility": -1, "drawOrder": null, "icon": null, "NUMPOINTS_exposed": 206.0, "SETTL_NAME": "Banuwa" }, "geometry": { "type": "Polygon", "coordinates": [ [ [ 85.18719616430225, 27.993388356800569, 0.0 ], [ 85.187401373055579, 27.991533411032361, 0.0 ], [ 85.185100367141501, 27.989856943446451, 0.0 ], [ 85.183447060225475, 27.98735774248177, 0.0 ], [ 85.18923401279288, 27.985471496663742, 0.0 ], [ 85.189899654077109, 27.988464603459839, 0.0 ], [ 85.190390215992778, 27.988746981504981, 0.0 ], [ 85.190369792551024, 27.98890576336256, 0.0 ], [ 85.190039841542244, 27.9900165031884, 0.0 ], [ 85.18994014600483, 27.99015145086959, 0.0 ], [ 85.188349518487627, 27.992629507401261, 0.0 ], [ 85.188135618636068, 27.993722064201531, 0.0 ], [ 85.18719616430225, 27.993388356800569, 0.0 ] ] ] } },
{ "type": "Feature", "properties": { "id": null, "Name": "Nessing village", "description": null, "timestamp": null, "begin": null, "end": null, "altitudeMode": null, "tessellate": 1, "extrude": 0, "visibility": -1, "drawOrder": null, "icon": null, "NUMPOINTS_exposed": 35.0, "SETTL_NAME": null }, "geometry": { "type": "Polygon", "coordinates": [ [ [ 85.241211154017009, 28.081516386721709, 0.0 ], [ 85.240370294747279, 28.07672199161069, 0.0 ], [ 85.240980435347964, 28.073577319668029, 0.0 ], [ 85.24191238565426, 28.073018571717881, 0.0 ], [ 85.242125464728332, 28.072945311516261, 0.0 ], [ 85.244936542690638, 28.072514908392581, 0.0 ], [ 85.245071010745193, 28.072515297567271, 0.0 ], [ 85.249364889243765, 28.073413414916018, 0.0 ], [ 85.249505261884963, 28.07352688107224, 0.0 ], [ 85.251959322884687, 28.075053952625929, 0.0 ], [ 85.2519613997124, 28.075541043783939, 0.0 ], [ 85.25237535810578, 28.077992710770911, 0.0 ], [ 85.258033895203837, 28.080664226584862, 0.0 ], [ 85.2564446157578, 28.085708322183851, 0.0 ], [ 85.252339631370234, 28.0873358562174, 0.0 ], [ 85.241211154017009, 28.081516386721709, 0.0 ] ] ] } },
{ "type": "Feature", "properties": { "id": null, "Name": "Haku suspension bridge area", "description": null, "timestamp": null, "begin": null, "end": null, "altitudeMode": null, "tessellate": 1, "extrude": 0, "visibility": -1, "drawOrder": null, "icon": null, "NUMPOINTS_exposed": 3.0, "SETTL_NAME": null }, "geometry": { "type": "Polygon", "coordinates": [ [ [ 85.229745705179766, 28.090696882311761, 0.0 ], [ 85.230766788796018, 28.087573443529362, 0.0 ], [ 85.232183669136717, 28.088988077556909, 0.0 ], [ 85.233301382377121, 28.088360640805011, 0.0 ], [ 85.23341538091573, 28.088360961854441, 0.0 ], [ 85.235321460207658, 28.089112684697081, 0.0 ], [ 85.238087725826915, 28.090607907088849, 0.0 ], [ 85.237199171280594, 28.092193363425739, 0.0 ], [ 85.237133984966448, 28.092278267356921, 0.0 ], [ 85.234917969120374, 28.093358388860288, 0.0 ], [ 85.231453057050672, 28.092402746442389, 0.0 ], [ 85.229745705179766, 28.090696882311761, 0.0 ] ] ] } },
{ "type": "Feature", "properties": { "id": null, "Name": "Untitled Rasuwagadhi", "description": null, "timestamp": null, "begin": null, "end": null, "altitudeMode": null, "tessellate": 1, "extrude": 0, "visibility": -1, "drawOrder": null, "icon": null, "NUMPOINTS_exposed": 131.0, "SETTL_NAME": null }, "geometry": { "type": "Polygon", "coordinates": [ [ [ 85.376152749530434, 28.28224384292832, 0.0 ], [ 85.376482163238094, 28.278455539006639, 0.0 ], [ 85.376431175125589, 28.275574143119591, 0.0 ], [ 85.376402121673664, 28.272243394315471, 0.0 ], [ 85.375696873680653, 28.270440964804141, 0.0 ], [ 85.375909417312329, 28.269438133214859, 0.0 ], [ 85.376782729704132, 28.26924043928938, 0.0 ], [ 85.379180169553365, 28.269705365154099, 0.0 ], [ 85.379231013468072, 28.27131736237574, 0.0 ], [ 85.379209356810236, 28.27259468012824, 0.0 ], [ 85.379175542638933, 28.272768746393989, 0.0 ], [ 85.378736395195773, 28.275035186725891, 0.0 ], [ 85.378658798233985, 28.275420225097069, 0.0 ], [ 85.378513131945667, 28.276664054130869, 0.0 ], [ 85.378512773894741, 28.276883393054138, 0.0 ], [ 85.378200491866721, 28.279339921195561, 0.0 ], [ 85.379748198299339, 28.280576045442949, 0.0 ], [ 85.379903573777426, 28.280955309405041, 0.0 ], [ 85.376152749530434, 28.28224384292832, 0.0 ] ] ] } },
{ "type": "Feature", "properties": { "id": null, "Name": "Piding", "description": null, "timestamp": null, "begin": null, "end": null, "altitudeMode": null, "tessellate": 1, "extrude": 0, "visibility": -1, "drawOrder": null, "icon": null, "NUMPOINTS_exposed": 54.0, "SETTL_NAME": null }, "geometry": { "type": "Polygon", "coordinates": [ [ [ 85.375855577054153, 28.266237445140799, 0.0 ], [ 85.373947302157859, 28.265306097829139, 0.0 ], [ 85.373103916353728, 28.264482590429111, 0.0 ], [ 85.373182257013227, 28.263997026520919, 0.0 ], [ 85.373470232671266, 28.263021138707181, 0.0 ], [ 85.373961744840656, 28.26227175121695, 0.0 ], [ 85.374006931360213, 28.262255622054589, 0.0 ], [ 85.374932008029603, 28.262126250725611, 0.0 ], [ 85.374941860718749, 28.262164037092411, 0.0 ], [ 85.375591284933492, 28.263953514594959, 0.0 ], [ 85.375601996792156, 28.264055176913121, 0.0 ], [ 85.376251337292985, 28.26588822464252, 0.0 ], [ 85.375855577054153, 28.266237445140799, 0.0 ] ] ] } },
{ "type": "Feature", "properties": { "id": null, "Name": "Timure", "description": null, "timestamp": null, "begin": null, "end": null, "altitudeMode": null, "tessellate": 1, "extrude": 0, "visibility": -1, "drawOrder": null, "icon": null, "NUMPOINTS_exposed": 247.0, "SETTL_NAME": "Timure(sedang)" }, "geometry": { "type": "Polygon", "coordinates": [ [ [ 85.36582332673342, 28.258685320490731, 0.0 ], [ 85.364387101637703, 28.255866309102551, 0.0 ], [ 85.363735950644298, 28.25309548595736, 0.0 ], [ 85.36389626565807, 28.252100742968551, 0.0 ], [ 85.364344388510759, 28.251503578413669, 0.0 ], [ 85.36517900517299, 28.2508850621075, 0.0 ], [ 85.366144575207144, 28.250696390173282, 0.0 ], [ 85.36619859911309, 28.25072845658428, 0.0 ], [ 85.367546837921054, 28.250899390944479, 0.0 ], [ 85.367719052237078, 28.252286976632949, 0.0 ], [ 85.367737654345888, 28.252363867674681, 0.0 ], [ 85.367769336942629, 28.252435556364329, 0.0 ], [ 85.368054934063466, 28.25397811354274, 0.0 ], [ 85.368026270112694, 28.254901529948, 0.0 ], [ 85.368245637797671, 28.255796223077638, 0.0 ], [ 85.368249734746712, 28.25601279939891, 0.0 ], [ 85.368351076954113, 28.2566092179589, 0.0 ], [ 85.368281396482047, 28.257811159420829, 0.0 ], [ 85.368173033554839, 28.25953511687818, 0.0 ], [ 85.36817021866645, 28.25962697605695, 0.0 ], [ 85.368075305593067, 28.260044489699379, 0.0 ], [ 85.367989689324872, 28.260070399235801, 0.0 ], [ 85.3670458970021, 28.259876125338689, 0.0 ], [ 85.36582332673342, 28.258685320490731, 0.0 ] ] ] } },
{ "type": "Feature", "properties": { "id": null, "Name": "Power house rasuwagadhi", "description": null, "timestamp": null, "begin": null, "end": null, "altitudeMode": null, "tessellate": 1, "extrude": 0, "visibility": -1, "drawOrder": null, "icon": null, "NUMPOINTS_exposed": 52.0, "SETTL_NAME": null }, "geometry": { "type": "Polygon", "coordinates": [ [ [ 85.357488531306814, 28.243477551218142, 0.0 ], [ 85.357413905731633, 28.243358999786391, 0.0 ], [ 85.356316871526943, 28.240602889698891, 0.0 ], [ 85.356982126949859, 28.239134810996791, 0.0 ], [ 85.357363872147118, 28.237799756869741, 0.0 ], [ 85.357581962042772, 28.237309867972591, 0.0 ], [ 85.358492529282529, 28.23772114692731, 0.0 ], [ 85.359502379239416, 28.238013143159911, 0.0 ], [ 85.359496269118196, 28.238077842917491, 0.0 ], [ 85.359609478345277, 28.23952984070473, 0.0 ], [ 85.359464309372299, 28.240216508755669, 0.0 ], [ 85.359436556467912, 28.2403401125766, 0.0 ], [ 85.359335649208873, 28.240862571318349, 0.0 ], [ 85.359143770937706, 28.242030198886479, 0.0 ], [ 85.359129137756057, 28.24219136938591, 0.0 ], [ 85.35913837689688, 28.24398924727376, 0.0 ], [ 85.358877294802383, 28.244431214908051, 0.0 ], [ 85.357488531306814, 28.243477551218142, 0.0 ] ] ] } },
{ "type": "Feature", "properties": { "id": null, "Name": "Power house rasuwagadhi", "description": null, "timestamp": null, "begin": null, "end": null, "altitudeMode": null, "tessellate": 1, "extrude": 0, "visibility": -1, "drawOrder": null, "icon": null, "NUMPOINTS_exposed": 0.0, "SETTL_NAME": null }, "geometry": { "type": "Polygon", "coordinates": [ [ [ 85.360442238694887, 28.228834858266978, 0.0 ], [ 85.360696759732704, 28.225461725499969, 0.0 ], [ 85.360925181295229, 28.224497331307081, 0.0 ], [ 85.361862392860445, 28.22478518143005, 0.0 ], [ 85.361990402581455, 28.22519145434277, 0.0 ], [ 85.362005973416288, 28.225460871441491, 0.0 ], [ 85.362016739728901, 28.225544344665089, 0.0 ], [ 85.362138138111959, 28.225912706920081, 0.0 ], [ 85.36202082772742, 28.22658496081565, 0.0 ], [ 85.361931680364279, 28.227632750278381, 0.0 ], [ 85.361677181748135, 28.228808819161031, 0.0 ], [ 85.360442238694887, 28.228834858266978, 0.0 ] ] ] } },
{ "type": "Feature", "properties": { "id": null, "Name": "Village near rasuwagadhi", "description": null, "timestamp": null, "begin": null, "end": null, "altitudeMode": null, "tessellate": 1, "extrude": 0, "visibility": -1, "drawOrder": null, "icon": null, "NUMPOINTS_exposed": 111.0, "SETTL_NAME": "Lingling" }, "geometry": { "type": "Polygon", "coordinates": [ [ [ 85.35497513271693, 28.21617821534285, 0.0 ], [ 85.355051458325903, 28.213972415461431, 0.0 ], [ 85.355928415583023, 28.21057074366384, 0.0 ], [ 85.356987744183371, 28.20936935487007, 0.0 ], [ 85.358964166801925, 28.209258770634129, 0.0 ], [ 85.360688195553621, 28.209012342901971, 0.0 ], [ 85.361504501992826, 28.20937655529098, 0.0 ], [ 85.362374658037226, 28.210913310701169, 0.0 ], [ 85.362394719795347, 28.210987207573989, 0.0 ], [ 85.362587791913356, 28.212213000939801, 0.0 ], [ 85.36233778947242, 28.21333300281097, 0.0 ], [ 85.362316792724386, 28.213384747001651, 0.0 ], [ 85.362301169447107, 28.213430248090528, 0.0 ], [ 85.362204282987079, 28.213580094807948, 0.0 ], [ 85.360516621019144, 28.214542519836112, 0.0 ], [ 85.35497513271693, 28.21617821534285, 0.0 ] ] ] } },
{ "type": "Feature", "properties": { "id": null, "Name": "Syaburbensi", "description": null, "timestamp": null, "begin": null, "end": null, "altitudeMode": null, "tessellate": 1, "extrude": 0, "visibility": -1, "drawOrder": null, "icon": null, "NUMPOINTS_exposed": 7.0, "SETTL_NAME": null }, "geometry": { "type": "Polygon", "coordinates": [ [ [ 85.336062489082508, 28.182889071578408, 0.0 ], [ 85.337740499656661, 28.179222692546809, 0.0 ], [ 85.339013468826039, 28.17810305745606, 0.0 ], [ 85.341632200815468, 28.17953449729902, 0.0 ], [ 85.342923309705156, 28.179181308803841, 0.0 ], [ 85.343501047479634, 28.180573734879751, 0.0 ], [ 85.343592191025024, 28.182084782807241, 0.0 ], [ 85.341693182208232, 28.183300103539839, 0.0 ], [ 85.341569802874574, 28.183381793610881, 0.0 ], [ 85.341485125463734, 28.183403002320041, 0.0 ], [ 85.340282746725094, 28.18361896742314, 0.0 ], [ 85.340070888872219, 28.183692060441661, 0.0 ], [ 85.337814670275606, 28.183802318114719, 0.0 ], [ 85.336062489082508, 28.182889071578408, 0.0 ] ] ] } },
{ "type": "Feature", "properties": { "id": null, "Name": "Village above syaburbensi", "description": null, "timestamp": null, "begin": null, "end": null, "altitudeMode": null, "tessellate": 1, "extrude": 0, "visibility": -1, "drawOrder": null, "icon": null, "NUMPOINTS_exposed": 78.0, "SETTL_NAME": "Mendo" }, "geometry": { "type": "Polygon", "coordinates": [ [ [ 85.334022285500751, 28.196223270250059, 0.0 ], [ 85.335969374066778, 28.191552574975251, 0.0 ], [ 85.338295052448203, 28.186850764391931, 0.0 ], [ 85.340441344251587, 28.187151156485768, 0.0 ], [ 85.341908319122027, 28.186284471420269, 0.0 ], [ 85.343108335966505, 28.18782256430163, 0.0 ], [ 85.343201242613418, 28.18793407078865, 0.0 ], [ 85.343704082636819, 28.189060784000581, 0.0 ], [ 85.343880752909129, 28.18947717985948, 0.0 ], [ 85.344468196632434, 28.191712157945108, 0.0 ], [ 85.344558486014691, 28.191821099056959, 0.0 ], [ 85.344582073527476, 28.192064496846669, 0.0 ], [ 85.344813404777682, 28.19441302832282, 0.0 ], [ 85.344864888604562, 28.194643370145471, 0.0 ], [ 85.344869115592104, 28.195023359245479, 0.0 ], [ 85.345068879168252, 28.19684674116283, 0.0 ], [ 85.34509640172358, 28.196959931489271, 0.0 ], [ 85.34572101424844, 28.20097344059505, 0.0 ], [ 85.345330137927093, 28.2030112497532, 0.0 ], [ 85.334022285500751, 28.196223270250059, 0.0 ] ] ] } },
{ "type": "Feature", "properties": { "id": null, "Name": "Syapru Besi", "description": null, "timestamp": null, "begin": null, "end": null, "altitudeMode": null, "tessellate": 1, "extrude": 0, "visibility": -1, "drawOrder": null, "icon": null, "NUMPOINTS_exposed": 339.0, "SETTL_NAME": "Shyaphru" }, "geometry": { "type": "Polygon", "coordinates": [ [ [ 85.332872262907657, 28.16188340141381, 0.0 ], [ 85.33488335626015, 28.161064468637459, 0.0 ], [ 85.335526698967939, 28.159972617425449, 0.0 ], [ 85.336114376056003, 28.15980345787241, 0.0 ], [ 85.33696936762982, 28.16047002769832, 0.0 ], [ 85.337002841552305, 28.160486658378659, 0.0 ], [ 85.337062178063348, 28.160556857208061, 0.0 ], [ 85.338191842907889, 28.16175410465328, 0.0 ], [ 85.339325400359144, 28.16302252463985, 0.0 ], [ 85.339411316287766, 28.163385565934071, 0.0 ], [ 85.339490241450321, 28.16347640252825, 0.0 ], [ 85.339719156504401, 28.16374626700534, 0.0 ], [ 85.342386821930063, 28.16570810181101, 0.0 ], [ 85.342556485601563, 28.16723469184068, 0.0 ], [ 85.342003086908349, 28.168460435281979, 0.0 ], [ 85.341772931358094, 28.168814016842269, 0.0 ], [ 85.341225444783376, 28.16880904607013, 0.0 ], [ 85.34094048996532, 28.16863820162909, 0.0 ], [ 85.337286059481869, 28.166239642564609, 0.0 ], [ 85.337093712509059, 28.166211097758769, 0.0 ], [ 85.333582684177827, 28.165115164338559, 0.0 ], [ 85.333045116062266, 28.165061427387851, 0.0 ], [ 85.332947645364357, 28.165052850937581, 0.0 ], [ 85.3313909885794, 28.164618196978111, 0.0 ], [ 85.332872262907657, 28.16188340141381, 0.0 ] ] ] } },
{ "type": "Feature", "properties": { "id": null, "Name": "Brabal", "description": null, "timestamp": null, "begin": null, "end": null, "altitudeMode": null, "tessellate": 1, "extrude": 0, "visibility": -1, "drawOrder": null, "icon": null, "NUMPOINTS_exposed": 0.0, "SETTL_NAME": null }, "geometry": { "type": "Polygon", "coordinates": [ [ [ 85.335625430991257, 28.148184154272961, 0.0 ], [ 85.335883331149418, 28.146653435105069, 0.0 ], [ 85.335681826423837, 28.145399384692841, 0.0 ], [ 85.336665408610259, 28.143512441007001, 0.0 ], [ 85.336996546595898, 28.14218739635584, 0.0 ], [ 85.336746991493229, 28.141616983148751, 0.0 ], [ 85.337708432054768, 28.140686478023841, 0.0 ], [ 85.338563313648763, 28.141199195034488, 0.0 ], [ 85.338823714430845, 28.141465738677901, 0.0 ], [ 85.338863253907832, 28.141576741720911, 0.0 ], [ 85.339358471846708, 28.142097404760548, 0.0 ], [ 85.339917036519765, 28.14359359078162, 0.0 ], [ 85.339651130564647, 28.14700680993711, 0.0 ], [ 85.335625430991257, 28.148184154272961, 0.0 ] ] ] } },
{ "type": "Feature", "properties": { "id": null, "Name": "Thulo Bharkhu", "description": null, "timestamp": null, "begin": null, "end": null, "altitudeMode": null, "tessellate": 1, "extrude": 0, "visibility": -1, "drawOrder": null, "icon": null, "NUMPOINTS_exposed": 180.0, "SETTL_NAME": null }, "geometry": { "type": "Polygon", "coordinates": [ [ [ 85.305633613347922, 28.138545603391549, 0.0 ], [ 85.306989120581747, 28.130526739456212, 0.0 ], [ 85.309303867896006, 28.124311568548791, 0.0 ], [ 85.31535531586735, 28.122151337505169, 0.0 ], [ 85.316495692986905, 28.126174695465171, 0.0 ], [ 85.317246700256675, 28.130436248705632, 0.0 ], [ 85.316715962852612, 28.13316762599602, 0.0 ], [ 85.314893432733726, 28.13974674288017, 0.0 ], [ 85.305633613347922, 28.138545603391549, 0.0 ] ] ] } },
{ "type": "Feature", "properties": { "id": null, "Name": "Shree gre school area", "description": null, "timestamp": null, "begin": null, "end": null, "altitudeMode": null, "tessellate": 1, "extrude": 0, "visibility": -1, "drawOrder": null, "icon": null, "NUMPOINTS_exposed": 166.0, "SETTL_NAME": null }, "geometry": { "type": "Polygon", "coordinates": [ [ [ 85.292268346219032, 28.149529759653351, 0.0 ], [ 85.292820425816657, 28.143579935666381, 0.0 ], [ 85.295345676846239, 28.139216569746509, 0.0 ], [ 85.297305180505035, 28.14022018752404, 0.0 ], [ 85.298489695801365, 28.140343540189789, 0.0 ], [ 85.298936142540072, 28.14045516950716, 0.0 ], [ 85.301257982274947, 28.143537791940979, 0.0 ], [ 85.301832725205585, 28.146792973929699, 0.0 ], [ 85.301420687226823, 28.147238429558591, 0.0 ], [ 85.300997567477125, 28.14801752810305, 0.0 ], [ 85.300899237436482, 28.14847274913803, 0.0 ], [ 85.301137786041068, 28.14939094667514, 0.0 ], [ 85.301008279557493, 28.149471723376571, 0.0 ], [ 85.300427183813582, 28.149797491101491, 0.0 ], [ 85.292268346219032, 28.149529759653351, 0.0 ] ] ] } },
{ "type": "Feature", "properties": { "id": null, "Name": "Dhunche Bazar", "description": null, "timestamp": null, "begin": null, "end": null, "altitudeMode": null, "tessellate": 1, "extrude": 0, "visibility": -1, "drawOrder": null, "icon": null, "NUMPOINTS_exposed": 45.0, "SETTL_NAME": null }, "geometry": { "type": "Polygon", "coordinates": [ [ [ 85.287803730581587, 28.120747182593501, 0.0 ], [ 85.284884635905684, 28.103122826296879, 0.0 ], [ 85.302079701956487, 28.099073438097079, 0.0 ], [ 85.30643134523028, 28.096774002135898, 0.0 ], [ 85.309893487639314, 28.09810277503631, 0.0 ], [ 85.311784545155717, 28.101074394963351, 0.0 ], [ 85.311961079739788, 28.104688703207891, 0.0 ], [ 85.312071103145271, 28.107347575405718, 0.0 ], [ 85.311892776843393, 28.109351700935392, 0.0 ], [ 85.311457564190619, 28.111385299376529, 0.0 ], [ 85.311184588532569, 28.11214041559877, 0.0 ], [ 85.309205085651527, 28.11676267814606, 0.0 ], [ 85.287803730581587, 28.120747182593501, 0.0 ] ] ] } },
{ "type": "Feature", "properties": { "id": null, "Name": "Hakubensi", "description": null, "timestamp": null, "begin": null, "end": null, "altitudeMode": null, "tessellate": 1, "extrude": 0, "visibility": -1, "drawOrder": null, "icon": null, "NUMPOINTS_exposed": 134.0, "SETTL_NAME": "Hakubesi" }, "geometry": { "type": "Polygon", "coordinates": [ [ [ 85.274906849090797, 28.12248316193957, 0.0 ], [ 85.272461437172666, 28.120488745486341, 0.0 ], [ 85.274570738428238, 28.108228908123539, 0.0 ], [ 85.277515659901255, 28.110820768293419, 0.0 ], [ 85.2803303582387, 28.11434062142246, 0.0 ], [ 85.280969791583232, 28.115976739254659, 0.0 ], [ 85.280989032454343, 28.116207323731899, 0.0 ], [ 85.280954283179213, 28.117328982810619, 0.0 ], [ 85.280290925021291, 28.118727853916099, 0.0 ], [ 85.280077467311656, 28.11889788459241, 0.0 ], [ 85.274906849090797, 28.12248316193957, 0.0 ] ] ] } },
{ "type": "Feature", "properties": { "id": null, "Name": "Hakubensi", "description": null, "timestamp": null, "begin": null, "end": null, "altitudeMode": null, "tessellate": 1, "extrude": 0, "visibility": -1, "drawOrder": null, "icon": null, "NUMPOINTS_exposed": 134.0, "SETTL_NAME": "Pangling" }, "geometry": { "type": "Polygon", "coordinates": [ [ [ 85.274906849090797, 28.12248316193957, 0.0 ], [ 85.272461437172666, 28.120488745486341, 0.0 ], [ 85.274570738428238, 28.108228908123539, 0.0 ], [ 85.277515659901255, 28.110820768293419, 0.0 ], [ 85.2803303582387, 28.11434062142246, 0.0 ], [ 85.280969791583232, 28.115976739254659, 0.0 ], [ 85.280989032454343, 28.116207323731899, 0.0 ], [ 85.280954283179213, 28.117328982810619, 0.0 ], [ 85.280290925021291, 28.118727853916099, 0.0 ], [ 85.280077467311656, 28.11889788459241, 0.0 ], [ 85.274906849090797, 28.12248316193957, 0.0 ] ] ] } },
{ "type": "Feature", "properties": { "id": null, "Name": "Bhimali gaau", "description": null, "timestamp": null, "begin": null, "end": null, "altitudeMode": null, "tessellate": 1, "extrude": 0, "visibility": -1, "drawOrder": null, "icon": null, "NUMPOINTS_exposed": 18.0, "SETTL_NAME": null }, "geometry": { "type": "Polygon", "coordinates": [ [ [ 85.277902369183423, 28.11114056096411, 0.0 ], [ 85.276897467143826, 28.105890110570449, 0.0 ], [ 85.276770180209041, 28.106135793569109, 0.0 ], [ 85.275975427623592, 28.103752237617702, 0.0 ], [ 85.275607971970274, 28.101908603993081, 0.0 ], [ 85.27687403810009, 28.09908846262476, 0.0 ], [ 85.279607264640205, 28.098123981721411, 0.0 ], [ 85.280957416864965, 28.097561322618631, 0.0 ], [ 85.281474551293385, 28.097053694264481, 0.0 ], [ 85.281908634915425, 28.098117930883699, 0.0 ], [ 85.282358042431014, 28.09959323659421, 0.0 ], [ 85.282484474323908, 28.100446570520909, 0.0 ], [ 85.277902369183423, 28.11114056096411, 0.0 ] ] ] } },
{ "type": "Feature", "properties": { "id": null, "Name": "Himalayan Rainbow trade area", "description": null, "timestamp": null, "begin": null, "end": null, "altitudeMode": null, "tessellate": 1, "extrude": 0, "visibility": -1, "drawOrder": null, "icon": null, "NUMPOINTS_exposed": 0.0, "SETTL_NAME": null }, "geometry": { "type": "Polygon", "coordinates": [ [ [ 85.273875246826307, 28.09086978332429, 0.0 ], [ 85.275287219863813, 28.088742854236472, 0.0 ], [ 85.275778443417167, 28.088613119558911, 0.0 ], [ 85.276032048788437, 28.088508284821518, 0.0 ], [ 85.277513211286262, 28.08869786288729, 0.0 ], [ 85.277582143156508, 28.088711847759349, 0.0 ], [ 85.277966735371308, 28.08924793174468, 0.0 ], [ 85.2780278813905, 28.089417879145529, 0.0 ], [ 85.277771423479209, 28.090548959861369, 0.0 ], [ 85.275688769754552, 28.093675109181, 0.0 ], [ 85.273875246826307, 28.09086978332429, 0.0 ] ] ] } },
{ "type": "Feature", "properties": { "id": null, "Name": "Village above haku suspension bridge", "description": null, "timestamp": null, "begin": null, "end": null, "altitudeMode": null, "tessellate": 1, "extrude": 0, "visibility": -1, "drawOrder": null, "icon": null, "NUMPOINTS_exposed": 37.0, "SETTL_NAME": null }, "geometry": { "type": "Polygon", "coordinates": [ [ [ 85.223548285989992, 28.087001625022339, 0.0 ], [ 85.223705258124241, 28.087165880052339, 0.0 ], [ 85.223778003706173, 28.087238571139189, 0.0 ], [ 85.225415856327587, 28.089449500261821, 0.0 ], [ 85.225478280299455, 28.089590302146821, 0.0 ], [ 85.225531838268878, 28.089863757127119, 0.0 ], [ 85.225335955110438, 28.091511688156039, 0.0 ], [ 85.225301069904745, 28.091602366698979, 0.0 ], [ 85.2252900790495, 28.091909679723141, 0.0 ], [ 85.222480269086446, 28.09135446355193, 0.0 ], [ 85.222415637075031, 28.091324553757492, 0.0 ], [ 85.221567936472994, 28.09016101147818, 0.0 ], [ 85.221492531766202, 28.090013187432959, 0.0 ], [ 85.221318978662751, 28.089606359160921, 0.0 ], [ 85.221226200899494, 28.088020933170011, 0.0 ], [ 85.221293903134679, 28.08753951121183, 0.0 ], [ 85.221546294547665, 28.087079326260302, 0.0 ], [ 85.221575615624189, 28.08701810453034, 0.0 ], [ 85.221665106307441, 28.086906866133219, 0.0 ], [ 85.222302377114843, 28.08655167678949, 0.0 ], [ 85.222382254856498, 28.086532387358918, 0.0 ], [ 85.223548285989992, 28.087001625022339, 0.0 ] ] ] } },
{ "type": "Feature", "properties": { "id": null, "Name": "Maliung", "description": null, "timestamp": null, "begin": null, "end": null, "altitudeMode": null, "tessellate": 1, "extrude": 0, "visibility": -1, "drawOrder": null, "icon": null, "NUMPOINTS_exposed": 68.0, "SETTL_NAME": null }, "geometry": { "type": "Polygon", "coordinates": [ [ [ 85.201295466444989, 28.07942300108741, 0.0 ], [ 85.206089989840848, 28.074130523506511, 0.0 ], [ 85.204075756998805, 28.070316762557511, 0.0 ], [ 85.2044214728475, 28.060317441713, 0.0 ], [ 85.209025632440444, 28.06141563693911, 0.0 ], [ 85.209044292738071, 28.069232247984701, 0.0 ], [ 85.211364238136611, 28.070812683017969, 0.0 ], [ 85.211395062815129, 28.070955198069839, 0.0 ], [ 85.211928825098781, 28.073122967270429, 0.0 ], [ 85.211944160508651, 28.073413767429429, 0.0 ], [ 85.211903710565679, 28.074822736101758, 0.0 ], [ 85.211880278845342, 28.07494179993817, 0.0 ], [ 85.211256673574042, 28.076302703133571, 0.0 ], [ 85.211081678893464, 28.076452626388669, 0.0 ], [ 85.211011643615976, 28.076517247078321, 0.0 ], [ 85.209346364476389, 28.07785572716617, 0.0 ], [ 85.209269282597063, 28.077878696881459, 0.0 ], [ 85.201295466444989, 28.07942300108741, 0.0 ] ] ] } },
{ "type": "Feature", "properties": { "id": null, "Name": "Chipleti", "description": null, "timestamp": null, "begin": null, "end": null, "altitudeMode": null, "tessellate": 1, "extrude": 0, "visibility": -1, "drawOrder": null, "icon": null, "NUMPOINTS_exposed": 79.0, "SETTL_NAME": null }, "geometry": { "type": "Polygon", "coordinates": [ [ [ 85.207170632480782, 28.05813221219611, 0.0 ], [ 85.206657935370828, 28.055011318013769, 0.0 ], [ 85.206291450312818, 28.053632192793561, 0.0 ], [ 85.20643658993292, 28.052769293403092, 0.0 ], [ 85.207852904681815, 28.053063539963951, 0.0 ], [ 85.209134636643583, 28.054780485512811, 0.0 ], [ 85.209136400633582, 28.05501572362963, 0.0 ], [ 85.208838133681041, 28.05734353590168, 0.0 ], [ 85.208333590780882, 28.059520718078691, 0.0 ], [ 85.207170632480782, 28.05813221219611, 0.0 ] ] ] } },
{ "type": "Feature", "properties": { "id": null, "Name": "Gharang", "description": null, "timestamp": null, "begin": null, "end": null, "altitudeMode": null, "tessellate": 1, "extrude": 0, "visibility": -1, "drawOrder": null, "icon": null, "NUMPOINTS_exposed": 7.0, "SETTL_NAME": null }, "geometry": { "type": "Polygon", "coordinates": [ [ [ 85.222592858923932, 28.063490411629481, 0.0 ], [ 85.221725187630057, 28.052072422380451, 0.0 ], [ 85.22785857339673, 28.050358814499091, 0.0 ], [ 85.230595685967558, 28.051691586903491, 0.0 ], [ 85.230648103962537, 28.051890402503599, 0.0 ], [ 85.232285481461716, 28.056389958201351, 0.0 ], [ 85.232338684788715, 28.056845716621911, 0.0 ], [ 85.232195152913462, 28.060537616066959, 0.0 ], [ 85.232044766871567, 28.060961123511671, 0.0 ], [ 85.231165826724322, 28.063694793092669, 0.0 ], [ 85.230839277558616, 28.06410724180104, 0.0 ], [ 85.222592858923932, 28.063490411629481, 0.0 ] ] ] } },
{ "type": "Feature", "properties": { "id": null, "Name": "Ramche", "description": null, "timestamp": null, "begin": null, "end": null, "altitudeMode": null, "tessellate": 1, "extrude": 0, "visibility": -1, "drawOrder": null, "icon": null, "NUMPOINTS_exposed": 50.0, "SETTL_NAME": "Palep" }, "geometry": { "type": "Polygon", "coordinates": [ [ [ 85.214171359789333, 28.05164324156593, 0.0 ], [ 85.210871330672987, 28.051027056112879, 0.0 ], [ 85.210642470394419, 28.04595735303046, 0.0 ], [ 85.213663879218416, 28.041502209955659, 0.0 ], [ 85.216538975853396, 28.037914726107761, 0.0 ], [ 85.220618241364065, 28.036585114573111, 0.0 ], [ 85.221648873704851, 28.03948556293534, 0.0 ], [ 85.22165970338682, 28.03962460178106, 0.0 ], [ 85.222615859121291, 28.04255955985845, 0.0 ], [ 85.222430442394185, 28.0438224397721, 0.0 ], [ 85.221893785408852, 28.046560731555541, 0.0 ], [ 85.22177090651293, 28.046979703532632, 0.0 ], [ 85.221708985717839, 28.047190831070409, 0.0 ], [ 85.221298419522014, 28.049813997179371, 0.0 ], [ 85.220614208341829, 28.050403536073031, 0.0 ], [ 85.214171359789333, 28.05164324156593, 0.0 ] ] ] } },
{ "type": "Feature", "properties": { "id": null, "Name": "panchalinge school aarea", "description": null, "timestamp": null, "begin": null, "end": null, "altitudeMode": null, "tessellate": 1, "extrude": 0, "visibility": -1, "drawOrder": null, "icon": null, "NUMPOINTS_exposed": 48.0, "SETTL_NAME": null }, "geometry": { "type": "Polygon", "coordinates": [ [ [ 85.19452371633615, 28.061875623871881, 0.0 ], [ 85.194422397586521, 28.059931724984882, 0.0 ], [ 85.194845744276464, 28.05860542362845, 0.0 ], [ 85.195658808175196, 28.05777739967785, 0.0 ], [ 85.195702505646707, 28.05773088968639, 0.0 ], [ 85.196662107908637, 28.057321253670342, 0.0 ], [ 85.196710634373986, 28.05729144385964, 0.0 ], [ 85.196766678249404, 28.057276614292881, 0.0 ], [ 85.198021913764819, 28.0574511408796, 0.0 ], [ 85.198055310370975, 28.057489074922, 0.0 ], [ 85.198106032833763, 28.057557655361759, 0.0 ], [ 85.199473246810356, 28.058588106852529, 0.0 ], [ 85.199443188456954, 28.058721962580041, 0.0 ], [ 85.199356891231488, 28.05889981662704, 0.0 ], [ 85.198938422760776, 28.06047007311642, 0.0 ], [ 85.198913072728956, 28.060499032822172, 0.0 ], [ 85.197090429460388, 28.06198877612001, 0.0 ], [ 85.19452371633615, 28.061875623871881, 0.0 ] ] ] } },
{ "type": "Feature", "properties": { "id": null, "Name": "Bhatta Tole", "description": null, "timestamp": null, "begin": null, "end": null, "altitudeMode": null, "tessellate": 1, "extrude": 0, "visibility": -1, "drawOrder": null, "icon": null, "NUMPOINTS_exposed": 67.0, "SETTL_NAME": "Diyale" }, "geometry": { "type": "Polygon", "coordinates": [ [ [ 85.182953078582841, 28.05123303456752, 0.0 ], [ 85.183418115066729, 28.04731178765147, 0.0 ], [ 85.187434686477957, 28.04286943160416, 0.0 ], [ 85.190610483258993, 28.041187275212049, 0.0 ], [ 85.191935279521076, 28.043834541995, 0.0 ], [ 85.192562094720103, 28.046038365043231, 0.0 ], [ 85.192666600615468, 28.046386914026829, 0.0 ], [ 85.192802460545934, 28.048550884567781, 0.0 ], [ 85.192718839937726, 28.048823374929921, 0.0 ], [ 85.192157064484661, 28.050750196251741, 0.0 ], [ 85.182953078582841, 28.05123303456752, 0.0 ] ] ] } },
{ "type": "Feature", "properties": { "id": null, "Name": "Banglangmukhi khana store area", "description": null, "timestamp": null, "begin": null, "end": null, "altitudeMode": null, "tessellate": 1, "extrude": 0, "visibility": -1, "drawOrder": null, "icon": null, "NUMPOINTS_exposed": 110.0, "SETTL_NAME": null }, "geometry": { "type": "Polygon", "coordinates": [ [ [ 85.192202466220621, 28.02848636830484, 0.0 ], [ 85.192377284719299, 28.02916608681311, 0.0 ], [ 85.192406360889137, 28.03072071705807, 0.0 ], [ 85.191374957519869, 28.03233441089229, 0.0 ], [ 85.189570346034458, 28.032176082427309, 0.0 ], [ 85.188129446490251, 28.031357056955081, 0.0 ], [ 85.186871129581334, 28.030441992358998, 0.0 ], [ 85.186642054047184, 28.030139737822768, 0.0 ], [ 85.186660045688967, 28.029140708385359, 0.0 ], [ 85.183716648904934, 28.0241968189899, 0.0 ], [ 85.187166291259572, 28.022894895726779, 0.0 ], [ 85.188737839878144, 28.027278501311731, 0.0 ], [ 85.19069461085634, 28.02684040327895, 0.0 ], [ 85.192202466220621, 28.02848636830484, 0.0 ] ] ] } },
{ "type": "Feature", "properties": { "id": null, "Name": "Dandangaun", "description": null, "timestamp": null, "begin": null, "end": null, "altitudeMode": null, "tessellate": 1, "extrude": 0, "visibility": -1, "drawOrder": null, "icon": null, "NUMPOINTS_exposed": 155.0, "SETTL_NAME": "Simle" }, "geometry": { "type": "Polygon", "coordinates": [ [ [ 85.184637311469103, 28.040948986933259, 0.0 ], [ 85.183581398697029, 28.03812102395273, 0.0 ], [ 85.18050030175327, 28.035482295915099, 0.0 ], [ 85.180613318992016, 28.032967891480968, 0.0 ], [ 85.182435016768252, 28.03142245060873, 0.0 ], [ 85.183415749712651, 28.03063411148473, 0.0 ], [ 85.183639056598778, 28.03063446692417, 0.0 ], [ 85.183771616630281, 28.030706972069471, 0.0 ], [ 85.185724297670191, 28.03157799733064, 0.0 ], [ 85.186158671585773, 28.031824915390469, 0.0 ], [ 85.187809354538658, 28.03268166756315, 0.0 ], [ 85.187811224314387, 28.032820554415711, 0.0 ], [ 85.187097074280359, 28.038103377319171, 0.0 ], [ 85.18681991026979, 28.040272051930099, 0.0 ], [ 85.184637311469103, 28.040948986933259, 0.0 ] ] ] } },
{ "type": "Feature", "properties": { "id": null, "Name": "Dandangaun", "description": null, "timestamp": null, "begin": null, "end": null, "altitudeMode": null, "tessellate": 1, "extrude": 0, "visibility": -1, "drawOrder": null, "icon": null, "NUMPOINTS_exposed": 155.0, "SETTL_NAME": "Dandagaun" }, "geometry": { "type": "Polygon", "coordinates": [ [ [ 85.184637311469103, 28.040948986933259, 0.0 ], [ 85.183581398697029, 28.03812102395273, 0.0 ], [ 85.18050030175327, 28.035482295915099, 0.0 ], [ 85.180613318992016, 28.032967891480968, 0.0 ], [ 85.182435016768252, 28.03142245060873, 0.0 ], [ 85.183415749712651, 28.03063411148473, 0.0 ], [ 85.183639056598778, 28.03063446692417, 0.0 ], [ 85.183771616630281, 28.030706972069471, 0.0 ], [ 85.185724297670191, 28.03157799733064, 0.0 ], [ 85.186158671585773, 28.031824915390469, 0.0 ], [ 85.187809354538658, 28.03268166756315, 0.0 ], [ 85.187811224314387, 28.032820554415711, 0.0 ], [ 85.187097074280359, 28.038103377319171, 0.0 ], [ 85.18681991026979, 28.040272051930099, 0.0 ], [ 85.184637311469103, 28.040948986933259, 0.0 ] ] ] } },
{ "type": "Feature", "properties": { "id": null, "Name": "Paire gaun", "description": null, "timestamp": null, "begin": null, "end": null, "altitudeMode": null, "tessellate": 1, "extrude": 0, "visibility": -1, "drawOrder": null, "icon": null, "NUMPOINTS_exposed": 0.0, "SETTL_NAME": null }, "geometry": { "type": "Polygon", "coordinates": [ [ [ 85.177464281951501, 28.029051367224181, 0.0 ], [ 85.17792911640295, 28.026377346971518, 0.0 ], [ 85.179322148795549, 28.024859091963211, 0.0 ], [ 85.180504529777977, 28.025024275702549, 0.0 ], [ 85.180567761269756, 28.025125769503539, 0.0 ], [ 85.181276897409305, 28.026218742836441, 0.0 ], [ 85.181330254297549, 28.026232445299019, 0.0 ], [ 85.181519592697725, 28.026383275582781, 0.0 ], [ 85.182265771589243, 28.027274028059011, 0.0 ], [ 85.182187045686533, 28.027361123295769, 0.0 ], [ 85.181171526772175, 28.028866502238959, 0.0 ], [ 85.18107173115061, 28.028961981344821, 0.0 ], [ 85.179914313737058, 28.02977753327534, 0.0 ], [ 85.177464281951501, 28.029051367224181, 0.0 ] ] ] } },
{ "type": "Feature", "properties": { "id": null, "Name": "Ghale gadi", "description": null, "timestamp": null, "begin": null, "end": null, "altitudeMode": null, "tessellate": 1, "extrude": 0, "visibility": -1, "drawOrder": null, "icon": null, "NUMPOINTS_exposed": 437.0, "SETTL_NAME": null }, "geometry": { "type": "Polygon", "coordinates": [ [ [ 85.198525726141355, 28.02386730134408, 0.0 ], [ 85.197287567498762, 28.018940257099281, 0.0 ], [ 85.196447420286518, 28.01497823343891, 0.0 ], [ 85.197555883157534, 28.012170129243451, 0.0 ], [ 85.200129249581352, 28.01074188871301, 0.0 ], [ 85.200450764639186, 28.01069480329874, 0.0 ], [ 85.204432680718583, 28.011516665467742, 0.0 ], [ 85.205229408152263, 28.012654547286019, 0.0 ], [ 85.2054503443199, 28.013084555503681, 0.0 ], [ 85.206275900257069, 28.01464551775376, 0.0 ], [ 85.206265361232141, 28.01520791199173, 0.0 ], [ 85.20609435271939, 28.01795295341611, 0.0 ], [ 85.205829897171725, 28.01847953582249, 0.0 ], [ 85.204996191177784, 28.02196298538766, 0.0 ], [ 85.202889205658025, 28.023605565030941, 0.0 ], [ 85.198525726141355, 28.02386730134408, 0.0 ] ] ] } },
{ "type": "Feature", "properties": { "id": null, "Name": "Shanti Bazaar", "description": null, "timestamp": null, "begin": null, "end": null, "altitudeMode": null, "tessellate": 1, "extrude": 0, "visibility": -1, "drawOrder": null, "icon": null, "NUMPOINTS_exposed": 231.0, "SETTL_NAME": "Archale" }, "geometry": { "type": "Polygon", "coordinates": [ [ [ 85.181038566909052, 28.02149042864032, 0.0 ], [ 85.180020872610342, 28.01868937706752, 0.0 ], [ 85.176101528622183, 28.019657392261259, 0.0 ], [ 85.17536057985464, 28.016249795998149, 0.0 ], [ 85.176053187433183, 28.014108356124972, 0.0 ], [ 85.17795879527462, 28.01113290972518, 0.0 ], [ 85.179090896298533, 28.00869465687364, 0.0 ], [ 85.179075208220738, 28.00846982017606, 0.0 ], [ 85.182848026887527, 28.00669417086463, 0.0 ], [ 85.184335298739356, 28.00797565087095, 0.0 ], [ 85.184934852119596, 28.010460033587801, 0.0 ], [ 85.184935419969435, 28.010577992542231, 0.0 ], [ 85.187317093947343, 28.019458320610479, 0.0 ], [ 85.181038566909052, 28.02149042864032, 0.0 ] ] ] } },
{ "type": "Feature", "properties": { "id": null, "Name": "Ghale Gaun", "description": null, "timestamp": null, "begin": null, "end": null, "altitudeMode": null, "tessellate": 1, "extrude": 0, "visibility": -1, "drawOrder": null, "icon": null, "NUMPOINTS_exposed": 231.0, "SETTL_NAME": "Ghalegaun" }, "geometry": { "type": "Polygon", "coordinates": [ [ [ 85.176881240718828, 28.00761872123147, 0.0 ], [ 85.175305873425899, 28.003450913458089, 0.0 ], [ 85.175487789774436, 28.000245608123819, 0.0 ], [ 85.177562021843443, 27.99721703116014, 0.0 ], [ 85.17870496721639, 27.99580172182857, 0.0 ], [ 85.178795788111572, 27.995770022510399, 0.0 ], [ 85.18089930111627, 27.995804819172701, 0.0 ], [ 85.181584862725813, 27.996750971911599, 0.0 ], [ 85.181659734708788, 27.997445978301069, 0.0 ], [ 85.181628700499743, 27.997723400930148, 0.0 ], [ 85.181566455666783, 27.997880975698429, 0.0 ], [ 85.181043606016161, 27.999982500591951, 0.0 ], [ 85.181017707845569, 28.000098809794181, 0.0 ], [ 85.180950785456901, 28.000254770031759, 0.0 ], [ 85.180251604138917, 28.002492523192501, 0.0 ], [ 85.180071196511662, 28.00301515024724, 0.0 ], [ 85.179909304627202, 28.00379840031848, 0.0 ], [ 85.179836292433237, 28.00393515120016, 0.0 ], [ 85.179382578626033, 28.005105488826779, 0.0 ], [ 85.178962349596716, 28.0066878985157, 0.0 ], [ 85.176881240718828, 28.00761872123147, 0.0 ] ] ] } },
{ "type": "Feature", "properties": { "id": null, "Name": "Ghale Gaun", "description": null, "timestamp": null, "begin": null, "end": null, "altitudeMode": null, "tessellate": 1, "extrude": 0, "visibility": -1, "drawOrder": null, "icon": null, "NUMPOINTS_exposed": 231.0, "SETTL_NAME": "Ghalegaun" }, "geometry": { "type": "Polygon", "coordinates": [ [ [ 85.176881240718828, 28.00761872123147, 0.0 ], [ 85.175305873425899, 28.003450913458089, 0.0 ], [ 85.175487789774436, 28.000245608123819, 0.0 ], [ 85.177562021843443, 27.99721703116014, 0.0 ], [ 85.17870496721639, 27.99580172182857, 0.0 ], [ 85.178795788111572, 27.995770022510399, 0.0 ], [ 85.18089930111627, 27.995804819172701, 0.0 ], [ 85.181584862725813, 27.996750971911599, 0.0 ], [ 85.181659734708788, 27.997445978301069, 0.0 ], [ 85.181628700499743, 27.997723400930148, 0.0 ], [ 85.181566455666783, 27.997880975698429, 0.0 ], [ 85.181043606016161, 27.999982500591951, 0.0 ], [ 85.181017707845569, 28.000098809794181, 0.0 ], [ 85.180950785456901, 28.000254770031759, 0.0 ], [ 85.180251604138917, 28.002492523192501, 0.0 ], [ 85.180071196511662, 28.00301515024724, 0.0 ], [ 85.179909304627202, 28.00379840031848, 0.0 ], [ 85.179836292433237, 28.00393515120016, 0.0 ], [ 85.179382578626033, 28.005105488826779, 0.0 ], [ 85.178962349596716, 28.0066878985157, 0.0 ], [ 85.176881240718828, 28.00761872123147, 0.0 ] ] ] } },
{ "type": "Feature", "properties": { "id": null, "Name": "Trishuli Jal vidhyut company area", "description": null, "timestamp": null, "begin": null, "end": null, "altitudeMode": null, "tessellate": 1, "extrude": 0, "visibility": -1, "drawOrder": null, "icon": null, "NUMPOINTS_exposed": 50.0, "SETTL_NAME": null }, "geometry": { "type": "Polygon", "coordinates": [ [ [ 85.184487642106077, 27.998705936546269, 0.0 ], [ 85.183671727165262, 27.997191761204281, 0.0 ], [ 85.182287141322405, 27.99577935867806, 0.0 ], [ 85.182144933717979, 27.99570319341095, 0.0 ], [ 85.18120435195172, 27.99478734212104, 0.0 ], [ 85.18086681797547, 27.99369014547247, 0.0 ], [ 85.180878515837421, 27.993583111886711, 0.0 ], [ 85.181493294078749, 27.993188845058651, 0.0 ], [ 85.182178360313188, 27.99332056072285, 0.0 ], [ 85.184407495726333, 27.99496671548453, 0.0 ], [ 85.185361530790331, 27.996252665036689, 0.0 ], [ 85.185829686896838, 27.997236793293911, 0.0 ], [ 85.185592876247924, 27.998147365874111, 0.0 ], [ 85.184487642106077, 27.998705936546269, 0.0 ] ] ] } },
{ "type": "Feature", "properties": { "id": null, "Name": "Manakaman health post area", "description": null, "timestamp": null, "begin": null, "end": null, "altitudeMode": null, "tessellate": 1, "extrude": 0, "visibility": -1, "drawOrder": null, "icon": null, "NUMPOINTS_exposed": 0.0, "SETTL_NAME": "Manegaun" }, "geometry": { "type": "Polygon", "coordinates": [ [ [ 85.16687983330732, 27.99206123446373, 0.0 ], [ 85.166424908016623, 27.991046440152179, 0.0 ], [ 85.16709023398468, 27.988541977570971, 0.0 ], [ 85.168680831304258, 27.986510998201279, 0.0 ], [ 85.170123857368509, 27.984536807512949, 0.0 ], [ 85.1714626630217, 27.985898867928778, 0.0 ], [ 85.171582177869766, 27.9869612454372, 0.0 ], [ 85.171549067671407, 27.987181595395811, 0.0 ], [ 85.171586315650003, 27.98812065716384, 0.0 ], [ 85.171582047371572, 27.9883558127664, 0.0 ], [ 85.171614655405037, 27.98907991306249, 0.0 ], [ 85.171614738794474, 27.989187897909488, 0.0 ], [ 85.17181750185884, 27.990205216918781, 0.0 ], [ 85.171782341623683, 27.990352608127289, 0.0 ], [ 85.171260864070064, 27.991590685641949, 0.0 ], [ 85.16687983330732, 27.99206123446373, 0.0 ] ] ] } },
{ "type": "Feature", "properties": { "id": null, "Name": "Betrawati area", "description": null, "timestamp": null, "begin": null, "end": null, "altitudeMode": null, "tessellate": 1, "extrude": 0, "visibility": -1, "drawOrder": null, "icon": null, "NUMPOINTS_exposed": 424.0, "SETTL_NAME": "Kainchaltar" }, "geometry": { "type": "Polygon", "coordinates": [ [ [ 85.181021809132801, 27.988211321929398, 0.0 ], [ 85.180761174353208, 27.985889702724101, 0.0 ], [ 85.180802126094989, 27.982811590993482, 0.0 ], [ 85.180576874851269, 27.98086194293786, 0.0 ], [ 85.183390978809825, 27.97474213948934, 0.0 ], [ 85.18395749127275, 27.973971138660751, 0.0 ], [ 85.1848898970741, 27.974195870349671, 0.0 ], [ 85.185374178296499, 27.974459784128179, 0.0 ], [ 85.185453959902844, 27.974516665394962, 0.0 ], [ 85.186049858593151, 27.975247836869169, 0.0 ], [ 85.186208341413817, 27.97587969406165, 0.0 ], [ 85.186183368992445, 27.976140733371459, 0.0 ], [ 85.185668822159613, 27.9790601522066, 0.0 ], [ 85.186430837234425, 27.980635967720211, 0.0 ], [ 85.187157312827154, 27.98202829912773, 0.0 ], [ 85.186872349912761, 27.982532261774431, 0.0 ], [ 85.184546539778296, 27.986292002922731, 0.0 ], [ 85.181021809132801, 27.988211321929398, 0.0 ] ] ] } },
{ "type": "Feature", "properties": { "id": null, "Name": "Betrawati area", "description": null, "timestamp": null, "begin": null, "end": null, "altitudeMode": null, "tessellate": 1, "extrude": 0, "visibility": -1, "drawOrder": null, "icon": null, "NUMPOINTS_exposed": 424.0, "SETTL_NAME": "Boketar" }, "geometry": { "type": "Polygon", "coordinates": [ [ [ 85.181021809132801, 27.988211321929398, 0.0 ], [ 85.180761174353208, 27.985889702724101, 0.0 ], [ 85.180802126094989, 27.982811590993482, 0.0 ], [ 85.180576874851269, 27.98086194293786, 0.0 ], [ 85.183390978809825, 27.97474213948934, 0.0 ], [ 85.18395749127275, 27.973971138660751, 0.0 ], [ 85.1848898970741, 27.974195870349671, 0.0 ], [ 85.185374178296499, 27.974459784128179, 0.0 ], [ 85.185453959902844, 27.974516665394962, 0.0 ], [ 85.186049858593151, 27.975247836869169, 0.0 ], [ 85.186208341413817, 27.97587969406165, 0.0 ], [ 85.186183368992445, 27.976140733371459, 0.0 ], [ 85.185668822159613, 27.9790601522066, 0.0 ], [ 85.186430837234425, 27.980635967720211, 0.0 ], [ 85.187157312827154, 27.98202829912773, 0.0 ], [ 85.186872349912761, 27.982532261774431, 0.0 ], [ 85.184546539778296, 27.986292002922731, 0.0 ], [ 85.181021809132801, 27.988211321929398, 0.0 ] ] ] } },
{ "type": "Feature", "properties": { "id": null, "Name": "Pokhari Gaun", "description": null, "timestamp": null, "begin": null, "end": null, "altitudeMode": null, "tessellate": 1, "extrude": 0, "visibility": -1, "drawOrder": null, "icon": null, "NUMPOINTS_exposed": 142.0, "SETTL_NAME": "Chanpdanda" }, "geometry": { "type": "Polygon", "coordinates": [ [ [ 85.172432976207418, 27.992583962151599, 0.0 ], [ 85.173306166709096, 27.988809231191521, 0.0 ], [ 85.174568017690078, 27.986075625919579, 0.0 ], [ 85.175290620938625, 27.983840814606399, 0.0 ], [ 85.176923707828578, 27.98359733407111, 0.0 ], [ 85.179016156068499, 27.984397096823141, 0.0 ], [ 85.179863333013728, 27.985819754090301, 0.0 ], [ 85.179795452399176, 27.986058807336459, 0.0 ], [ 85.179057812364093, 27.98890855305573, 0.0 ], [ 85.178970257015379, 27.988996350214499, 0.0 ], [ 85.178615030624357, 27.989379717707191, 0.0 ], [ 85.177478976661789, 27.990993089824439, 0.0 ], [ 85.177245740942567, 27.991369953972249, 0.0 ], [ 85.176336284321224, 27.99322214807286, 0.0 ], [ 85.175534855913682, 27.993896188696599, 0.0 ], [ 85.175472632260352, 27.99393019785834, 0.0 ], [ 85.172958977650978, 27.9940614848149, 0.0 ], [ 85.172432976207418, 27.992583962151599, 0.0 ] ] ] } },
{ "type": "Feature", "properties": { "id": null, "Name": "Pokhari Gaun", "description": null, "timestamp": null, "begin": null, "end": null, "altitudeMode": null, "tessellate": 1, "extrude": 0, "visibility": -1, "drawOrder": null, "icon": null, "NUMPOINTS_exposed": 142.0, "SETTL_NAME": "Pokhari" }, "geometry": { "type": "Polygon", "coordinates": [ [ [ 85.172432976207418, 27.992583962151599, 0.0 ], [ 85.173306166709096, 27.988809231191521, 0.0 ], [ 85.174568017690078, 27.986075625919579, 0.0 ], [ 85.175290620938625, 27.983840814606399, 0.0 ], [ 85.176923707828578, 27.98359733407111, 0.0 ], [ 85.179016156068499, 27.984397096823141, 0.0 ], [ 85.179863333013728, 27.985819754090301, 0.0 ], [ 85.179795452399176, 27.986058807336459, 0.0 ], [ 85.179057812364093, 27.98890855305573, 0.0 ], [ 85.178970257015379, 27.988996350214499, 0.0 ], [ 85.178615030624357, 27.989379717707191, 0.0 ], [ 85.177478976661789, 27.990993089824439, 0.0 ], [ 85.177245740942567, 27.991369953972249, 0.0 ], [ 85.176336284321224, 27.99322214807286, 0.0 ], [ 85.175534855913682, 27.993896188696599, 0.0 ], [ 85.175472632260352, 27.99393019785834, 0.0 ], [ 85.172958977650978, 27.9940614848149, 0.0 ], [ 85.172432976207418, 27.992583962151599, 0.0 ] ] ] } },
{ "type": "Feature", "properties": { "id": null, "Name": "Sole bazar", "description": null, "timestamp": null, "begin": null, "end": null, "altitudeMode": null, "tessellate": 1, "extrude": 0, "visibility": -1, "drawOrder": null, "icon": null, "NUMPOINTS_exposed": 101.0, "SETTL_NAME": "Sole Bajar" }, "geometry": { "type": "Polygon", "coordinates": [ [ [ 85.178020732762235, 27.9828040231342, 0.0 ], [ 85.177183112313415, 27.982107478322948, 0.0 ], [ 85.179041243856076, 27.97833276281191, 0.0 ], [ 85.180188955805363, 27.976456980750161, 0.0 ], [ 85.181480353311329, 27.976076303794891, 0.0 ], [ 85.181757487993451, 27.976916073533818, 0.0 ], [ 85.181738378221922, 27.97697938246144, 0.0 ], [ 85.180679090675795, 27.979634769566211, 0.0 ], [ 85.17998330279039, 27.981856226588999, 0.0 ], [ 85.178020732762235, 27.9828040231342, 0.0 ] ] ] } },
{ "type": "Feature", "properties": { "id": null, "Name": "Raj hardware area", "description": null, "timestamp": null, "begin": null, "end": null, "altitudeMode": null, "tessellate": 1, "extrude": 0, "visibility": -1, "drawOrder": null, "icon": null, "NUMPOINTS_exposed": 146.0, "SETTL_NAME": "Karmetar" }, "geometry": { "type": "Polygon", "coordinates": [ [ [ 85.178161886965654, 27.97307340499378, 0.0 ], [ 85.175958446187622, 27.969604229261851, 0.0 ], [ 85.177276679133342, 27.9684269050076, 0.0 ], [ 85.18007327574071, 27.96951876035078, 0.0 ], [ 85.181349931959289, 27.971432488952871, 0.0 ], [ 85.182307535667121, 27.973508144710909, 0.0 ], [ 85.181637450676931, 27.97533850240265, 0.0 ], [ 85.178161886965654, 27.97307340499378, 0.0 ] ] ] } },
{ "type": "Feature", "properties": { "id": null, "Name": "Betrawati bazar", "description": null, "timestamp": null, "begin": null, "end": null, "altitudeMode": null, "tessellate": 1, "extrude": 0, "visibility": -1, "drawOrder": null, "icon": null, "NUMPOINTS_exposed": 205.0, "SETTL_NAME": "Agitar" }, "geometry": { "type": "Polygon", "coordinates": [ [ [ 85.185215470975436, 27.973996714485342, 0.0 ], [ 85.184836971688242, 27.972973641680571, 0.0 ], [ 85.184630950522376, 27.972051000580411, 0.0 ], [ 85.184388944855911, 27.971153990078239, 0.0 ], [ 85.18435787031683, 27.971113402023171, 0.0 ], [ 85.183773640544928, 27.97066605758716, 0.0 ], [ 85.182922060990549, 27.97016081212638, 0.0 ], [ 85.181245499756471, 27.96942181174332, 0.0 ], [ 85.179869767562721, 27.968739573443791, 0.0 ], [ 85.179184725312851, 27.968169817516099, 0.0 ], [ 85.178878691682598, 27.967800081247429, 0.0 ], [ 85.17944527988594, 27.967523844807388, 0.0 ], [ 85.180212364110076, 27.967618890096048, 0.0 ], [ 85.18106387485355, 27.968050606610699, 0.0 ], [ 85.182996835447454, 27.968769070032781, 0.0 ], [ 85.184910358934346, 27.96978099125408, 0.0 ], [ 85.18555584020973, 27.9708557126717, 0.0 ], [ 85.186053404306676, 27.971933966535349, 0.0 ], [ 85.186243900404847, 27.972523859813499, 0.0 ], [ 85.186609122519059, 27.97352157330938, 0.0 ], [ 85.186597699978847, 27.97431154381659, 0.0 ], [ 85.187221891797165, 27.973861064154448, 0.0 ], [ 85.187542817884463, 27.97321850095657, 0.0 ], [ 85.187766468298548, 27.973524212411689, 0.0 ], [ 85.187807182513339, 27.973951570614531, 0.0 ], [ 85.187793907516294, 27.974002757548789, 0.0 ], [ 85.187420937277551, 27.974740943177562, 0.0 ], [ 85.185824416023024, 27.97438877143534, 0.0 ], [ 85.185215470975436, 27.973996714485342, 0.0 ] ] ] } },
{ "type": "Feature", "properties": { "id": null, "Name": "Betrawati bazar", "description": null, "timestamp": null, "begin": null, "end": null, "altitudeMode": null, "tessellate": 1, "extrude": 0, "visibility": -1, "drawOrder": null, "icon": null, "NUMPOINTS_exposed": 205.0, "SETTL_NAME": "Satbise" }, "geometry": { "type": "Polygon", "coordinates": [ [ [ 85.185215470975436, 27.973996714485342, 0.0 ], [ 85.184836971688242, 27.972973641680571, 0.0 ], [ 85.184630950522376, 27.972051000580411, 0.0 ], [ 85.184388944855911, 27.971153990078239, 0.0 ], [ 85.18435787031683, 27.971113402023171, 0.0 ], [ 85.183773640544928, 27.97066605758716, 0.0 ], [ 85.182922060990549, 27.97016081212638, 0.0 ], [ 85.181245499756471, 27.96942181174332, 0.0 ], [ 85.179869767562721, 27.968739573443791, 0.0 ], [ 85.179184725312851, 27.968169817516099, 0.0 ], [ 85.178878691682598, 27.967800081247429, 0.0 ], [ 85.17944527988594, 27.967523844807388, 0.0 ], [ 85.180212364110076, 27.967618890096048, 0.0 ], [ 85.18106387485355, 27.968050606610699, 0.0 ], [ 85.182996835447454, 27.968769070032781, 0.0 ], [ 85.184910358934346, 27.96978099125408, 0.0 ], [ 85.18555584020973, 27.9708557126717, 0.0 ], [ 85.186053404306676, 27.971933966535349, 0.0 ], [ 85.186243900404847, 27.972523859813499, 0.0 ], [ 85.186609122519059, 27.97352157330938, 0.0 ], [ 85.186597699978847, 27.97431154381659, 0.0 ], [ 85.187221891797165, 27.973861064154448, 0.0 ], [ 85.187542817884463, 27.97321850095657, 0.0 ], [ 85.187766468298548, 27.973524212411689, 0.0 ], [ 85.187807182513339, 27.973951570614531, 0.0 ], [ 85.187793907516294, 27.974002757548789, 0.0 ], [ 85.187420937277551, 27.974740943177562, 0.0 ], [ 85.185824416023024, 27.97438877143534, 0.0 ], [ 85.185215470975436, 27.973996714485342, 0.0 ] ] ] } },
{ "type": "Feature", "properties": { "id": null, "Name": "Betrawati bazar", "description": null, "timestamp": null, "begin": null, "end": null, "altitudeMode": null, "tessellate": 1, "extrude": 0, "visibility": -1, "drawOrder": null, "icon": null, "NUMPOINTS_exposed": 205.0, "SETTL_NAME": "Betrawati" }, "geometry": { "type": "Polygon", "coordinates": [ [ [ 85.185215470975436, 27.973996714485342, 0.0 ], [ 85.184836971688242, 27.972973641680571, 0.0 ], [ 85.184630950522376, 27.972051000580411, 0.0 ], [ 85.184388944855911, 27.971153990078239, 0.0 ], [ 85.18435787031683, 27.971113402023171, 0.0 ], [ 85.183773640544928, 27.97066605758716, 0.0 ], [ 85.182922060990549, 27.97016081212638, 0.0 ], [ 85.181245499756471, 27.96942181174332, 0.0 ], [ 85.179869767562721, 27.968739573443791, 0.0 ], [ 85.179184725312851, 27.968169817516099, 0.0 ], [ 85.178878691682598, 27.967800081247429, 0.0 ], [ 85.17944527988594, 27.967523844807388, 0.0 ], [ 85.180212364110076, 27.967618890096048, 0.0 ], [ 85.18106387485355, 27.968050606610699, 0.0 ], [ 85.182996835447454, 27.968769070032781, 0.0 ], [ 85.184910358934346, 27.96978099125408, 0.0 ], [ 85.18555584020973, 27.9708557126717, 0.0 ], [ 85.186053404306676, 27.971933966535349, 0.0 ], [ 85.186243900404847, 27.972523859813499, 0.0 ], [ 85.186609122519059, 27.97352157330938, 0.0 ], [ 85.186597699978847, 27.97431154381659, 0.0 ], [ 85.187221891797165, 27.973861064154448, 0.0 ], [ 85.187542817884463, 27.97321850095657, 0.0 ], [ 85.187766468298548, 27.973524212411689, 0.0 ], [ 85.187807182513339, 27.973951570614531, 0.0 ], [ 85.187793907516294, 27.974002757548789, 0.0 ], [ 85.187420937277551, 27.974740943177562, 0.0 ], [ 85.185824416023024, 27.97438877143534, 0.0 ], [ 85.185215470975436, 27.973996714485342, 0.0 ] ] ] } },
{ "type": "Feature", "properties": { "id": null, "Name": "siyale", "description": null, "timestamp": null, "begin": null, "end": null, "altitudeMode": null, "tessellate": 1, "extrude": 0, "visibility": -1, "drawOrder": null, "icon": null, "NUMPOINTS_exposed": 72.0, "SETTL_NAME": "Syale" }, "geometry": { "type": "Polygon", "coordinates": [ [ [ 85.186708588068441, 27.970080955145839, 0.0 ], [ 85.18633942599962, 27.968469766808081, 0.0 ], [ 85.18698975322242, 27.96661437658847, 0.0 ], [ 85.188150978689578, 27.965769768400509, 0.0 ], [ 85.188221940739538, 27.96575169688256, 0.0 ], [ 85.188924251530423, 27.965761790465731, 0.0 ], [ 85.188982324206791, 27.965798277916591, 0.0 ], [ 85.189954429305459, 27.966273444420221, 0.0 ], [ 85.189979830949, 27.96634944719921, 0.0 ], [ 85.190232790737767, 27.966756268310359, 0.0 ], [ 85.190296482696681, 27.96696451821348, 0.0 ], [ 85.190704501745785, 27.96797203925809, 0.0 ], [ 85.190676247917523, 27.968222301161632, 0.0 ], [ 85.190507028069888, 27.968828357566931, 0.0 ], [ 85.190460258107791, 27.969013155836461, 0.0 ], [ 85.190110711348254, 27.969582196457011, 0.0 ], [ 85.190048758524341, 27.96964275725572, 0.0 ], [ 85.189273974775503, 27.970060807823391, 0.0 ], [ 85.186708588068441, 27.970080955145839, 0.0 ] ] ] } },
{ "type": "Feature", "properties": { "id": null, "Name": "Pionner sec school area", "description": null, "timestamp": null, "begin": null, "end": null, "altitudeMode": null, "tessellate": 1, "extrude": 0, "visibility": -1, "drawOrder": null, "icon": null, "NUMPOINTS_exposed": 247.0, "SETTL_NAME": "Akkare Bajar" }, "geometry": { "type": "Polygon", "coordinates": [ [ [ 85.171215911514011, 27.965914925159769, 0.0 ], [ 85.170358376638376, 27.966365767283261, 0.0 ], [ 85.169686703959883, 27.966797798395451, 0.0 ], [ 85.169385316141145, 27.967469311978611, 0.0 ], [ 85.168103808551791, 27.96746669019025, 0.0 ], [ 85.167750301567807, 27.965666445880871, 0.0 ], [ 85.167546888919858, 27.964662814894911, 0.0 ], [ 85.167548894003843, 27.96462277934755, 0.0 ], [ 85.167765145342074, 27.963877889674809, 0.0 ], [ 85.169156275532544, 27.96380542267481, 0.0 ], [ 85.170651613175892, 27.963976805378699, 0.0 ], [ 85.172437767078279, 27.96415124307665, 0.0 ], [ 85.174669779255638, 27.965011004036331, 0.0 ], [ 85.175498944609558, 27.965856451924921, 0.0 ], [ 85.177051936374284, 27.967016660818739, 0.0 ], [ 85.176935596012399, 27.967918490339201, 0.0 ], [ 85.175697288969431, 27.96884074515668, 0.0 ], [ 85.171215911514011, 27.965914925159769, 0.0 ] ] ] } },
{ "type": "Feature", "properties": { "id": null, "Name": "Pionner sec school area", "description": null, "timestamp": null, "begin": null, "end": null, "altitudeMode": null, "tessellate": 1, "extrude": 0, "visibility": -1, "drawOrder": null, "icon": null, "NUMPOINTS_exposed": 247.0, "SETTL_NAME": "Chhipitar" }, "geometry": { "type": "Polygon", "coordinates": [ [ [ 85.171215911514011, 27.965914925159769, 0.0 ], [ 85.170358376638376, 27.966365767283261, 0.0 ], [ 85.169686703959883, 27.966797798395451, 0.0 ], [ 85.169385316141145, 27.967469311978611, 0.0 ], [ 85.168103808551791, 27.96746669019025, 0.0 ], [ 85.167750301567807, 27.965666445880871, 0.0 ], [ 85.167546888919858, 27.964662814894911, 0.0 ], [ 85.167548894003843, 27.96462277934755, 0.0 ], [ 85.167765145342074, 27.963877889674809, 0.0 ], [ 85.169156275532544, 27.96380542267481, 0.0 ], [ 85.170651613175892, 27.963976805378699, 0.0 ], [ 85.172437767078279, 27.96415124307665, 0.0 ], [ 85.174669779255638, 27.965011004036331, 0.0 ], [ 85.175498944609558, 27.965856451924921, 0.0 ], [ 85.177051936374284, 27.967016660818739, 0.0 ], [ 85.176935596012399, 27.967918490339201, 0.0 ], [ 85.175697288969431, 27.96884074515668, 0.0 ], [ 85.171215911514011, 27.965914925159769, 0.0 ] ] ] } },
{ "type": "Feature", "properties": { "id": null, "Name": "Bhainse Aama New Bridge", "description": null, "timestamp": null, "begin": null, "end": null, "altitudeMode": null, "tessellate": 1, "extrude": 0, "visibility": -1, "drawOrder": null, "icon": null, "NUMPOINTS_exposed": 134.0, "SETTL_NAME": "Bhainse" }, "geometry": { "type": "Polygon", "coordinates": [ [ [ 85.175674251394227, 27.964710488429279, 0.0 ], [ 85.17306062510788, 27.963869095035971, 0.0 ], [ 85.1709263607803, 27.96210789278058, 0.0 ], [ 85.169113593029593, 27.960791914920609, 0.0 ], [ 85.168546428511277, 27.959589514528538, 0.0 ], [ 85.167719521861187, 27.957628668941279, 0.0 ], [ 85.168993589766885, 27.957497601556469, 0.0 ], [ 85.16972423117852, 27.958557551205221, 0.0 ], [ 85.169928189151449, 27.958668818749292, 0.0 ], [ 85.171389851785889, 27.960364355175869, 0.0 ], [ 85.171555714748635, 27.960479918356729, 0.0 ], [ 85.173935196033611, 27.961742086926112, 0.0 ], [ 85.173964730694649, 27.961805481070751, 0.0 ], [ 85.174559382730891, 27.962709514476519, 0.0 ], [ 85.175970788059459, 27.96380228950456, 0.0 ], [ 85.175674251394227, 27.964710488429279, 0.0 ] ] ] } },
{ "type": "Feature", "properties": { "id": null, "Name": "Chanaute Bazar", "description": null, "timestamp": null, "begin": null, "end": null, "altitudeMode": null, "tessellate": 1, "extrude": 0, "visibility": -1, "drawOrder": null, "icon": null, "NUMPOINTS_exposed": 151.0, "SETTL_NAME": "Chanaute" }, "geometry": { "type": "Polygon", "coordinates": [ [ [ 85.161702989054959, 27.960801731147619, 0.0 ], [ 85.163152364572312, 27.95881614136281, 0.0 ], [ 85.165019885914191, 27.95913078846857, 0.0 ], [ 85.16619943972988, 27.959377372335709, 0.0 ], [ 85.166462326733139, 27.95943586664589, 0.0 ], [ 85.166774118409961, 27.959523833230691, 0.0 ], [ 85.167521095349784, 27.960149509389971, 0.0 ], [ 85.167711780538397, 27.960347558275011, 0.0 ], [ 85.16812982383226, 27.961483511806978, 0.0 ], [ 85.168138473641946, 27.96156498441708, 0.0 ], [ 85.16746185640659, 27.963323584321369, 0.0 ], [ 85.166544557230068, 27.964999192782368, 0.0 ], [ 85.162808699109164, 27.96542331570069, 0.0 ], [ 85.161702989054959, 27.960801731147619, 0.0 ] ] ] } },
{ "type": "Feature", "properties": { "id": null, "Name": "Thulo dhunga area", "description": null, "timestamp": null, "begin": null, "end": null, "altitudeMode": null, "tessellate": 1, "extrude": 0, "visibility": -1, "drawOrder": null, "icon": null, "NUMPOINTS_exposed": 44.0, "SETTL_NAME": null }, "geometry": { "type": "Polygon", "coordinates": [ [ [ 85.164112722141169, 27.9564655940333, 0.0 ], [ 85.163758924078323, 27.95477796086378, 0.0 ], [ 85.163381499620925, 27.953502063222079, 0.0 ], [ 85.163340613706467, 27.953461161080291, 0.0 ], [ 85.163234570453568, 27.951945738180061, 0.0 ], [ 85.16323612123216, 27.951810612413009, 0.0 ], [ 85.16332169764479, 27.950966502675691, 0.0 ], [ 85.163334737359094, 27.95092035118579, 0.0 ], [ 85.163360607726446, 27.95083993630703, 0.0 ], [ 85.164519600184391, 27.95045702635505, 0.0 ], [ 85.165024094603453, 27.95112017384357, 0.0 ], [ 85.165076416887302, 27.952475954215121, 0.0 ], [ 85.165079486563144, 27.952539942511599, 0.0 ], [ 85.165107222707192, 27.952837735896988, 0.0 ], [ 85.165473354695507, 27.95504846909272, 0.0 ], [ 85.165498035129716, 27.95548835082376, 0.0 ], [ 85.165572244362394, 27.95601903218629, 0.0 ], [ 85.164112722141169, 27.9564655940333, 0.0 ] ] ] } },
{ "type": "Feature", "properties": { "id": null, "Name": "Angaputar gym area", "description": null, "timestamp": null, "begin": null, "end": null, "altitudeMode": null, "tessellate": 1, "extrude": 0, "visibility": -1, "drawOrder": null, "icon": null, "NUMPOINTS_exposed": 546.0, "SETTL_NAME": "Angutar" }, "geometry": { "type": "Polygon", "coordinates": [ [ [ 85.157693531804171, 27.957158916372631, 0.0 ], [ 85.153439269155214, 27.9507268846423, 0.0 ], [ 85.154412223663115, 27.94909063995274, 0.0 ], [ 85.155406582845828, 27.948999725834391, 0.0 ], [ 85.156276793152003, 27.950055832710369, 0.0 ], [ 85.157945260817939, 27.949911946232088, 0.0 ], [ 85.158303735663736, 27.947225097173789, 0.0 ], [ 85.159227496228141, 27.94700466603371, 0.0 ], [ 85.160396834369152, 27.94762217424412, 0.0 ], [ 85.161614245282109, 27.949408868617869, 0.0 ], [ 85.161577119351108, 27.951801212385561, 0.0 ], [ 85.161534127953743, 27.954176955153159, 0.0 ], [ 85.161044299796089, 27.9560653416893, 0.0 ], [ 85.159733953280792, 27.95823146749888, 0.0 ], [ 85.157693531804171, 27.957158916372631, 0.0 ] ] ] } },
{ "type": "Feature", "properties": { "id": null, "Name": "Pipal dada", "description": null, "timestamp": null, "begin": null, "end": null, "altitudeMode": null, "tessellate": 1, "extrude": 0, "visibility": -1, "drawOrder": null, "icon": null, "NUMPOINTS_exposed": 116.0, "SETTL_NAME": "Gairikharka" }, "geometry": { "type": "Polygon", "coordinates": [ [ [ 85.168483304678261, 27.955162708828919, 0.0 ], [ 85.167960003617054, 27.95506095156281, 0.0 ], [ 85.167036265666297, 27.954739862067552, 0.0 ], [ 85.166438849367267, 27.95437410860028, 0.0 ], [ 85.166361524512908, 27.954133050192201, 0.0 ], [ 85.166295171355898, 27.953896446012891, 0.0 ], [ 85.166288184663046, 27.953634298329892, 0.0 ], [ 85.166269503568614, 27.953039915435081, 0.0 ], [ 85.166803771922403, 27.951751523001189, 0.0 ], [ 85.167166401529002, 27.951431869891749, 0.0 ], [ 85.167510964229663, 27.95121015747312, 0.0 ], [ 85.16876646280123, 27.951050275735579, 0.0 ], [ 85.168824901125163, 27.95103430240481, 0.0 ], [ 85.169019978172585, 27.951034617102898, 0.0 ], [ 85.169248995037194, 27.951034986462659, 0.0 ], [ 85.16959043054932, 27.95114850370685, 0.0 ], [ 85.170073120289018, 27.95142009831677, 0.0 ], [ 85.17119199497543, 27.952692661280981, 0.0 ], [ 85.171297525850235, 27.95307799408091, 0.0 ], [ 85.171322132417956, 27.953416609514111, 0.0 ], [ 85.17121633028674, 27.953714081143289, 0.0 ], [ 85.171089010666975, 27.953885674315579, 0.0 ], [ 85.170833553497943, 27.954049037773881, 0.0 ], [ 85.170589088342538, 27.954172834101829, 0.0 ], [ 85.170345781080556, 27.954329400245442, 0.0 ], [ 85.169937351021204, 27.95453026175732, 0.0 ], [ 85.169506765905965, 27.954658370833091, 0.0 ], [ 85.168483304678261, 27.955162708828919, 0.0 ] ] ] } },
{ "type": "Feature", "properties": { "id": null, "Name": "Gerkhutar", "description": null, "timestamp": null, "begin": null, "end": null, "altitudeMode": null, "tessellate": 1, "extrude": 0, "visibility": -1, "drawOrder": null, "icon": null, "NUMPOINTS_exposed": 534.0, "SETTL_NAME": "Gerkhutar" }, "geometry": { "type": "Polygon", "coordinates": [ [ [ 85.165142856090341, 27.948338531299999, 0.0 ], [ 85.163361239823502, 27.945672852390022, 0.0 ], [ 85.162049313891913, 27.94275329947919, 0.0 ], [ 85.161216506583514, 27.941136801197729, 0.0 ], [ 85.158451615561788, 27.938043963974529, 0.0 ], [ 85.157615190437483, 27.936483331976142, 0.0 ], [ 85.157879754001158, 27.935066699842629, 0.0 ], [ 85.158551958458133, 27.93410228394524, 0.0 ], [ 85.16098205918118, 27.933897757233758, 0.0 ], [ 85.164040902207532, 27.933948293363549, 0.0 ], [ 85.165849963453596, 27.934509739334359, 0.0 ], [ 85.166472243021218, 27.93573166707732, 0.0 ], [ 85.1664328688871, 27.93850468905179, 0.0 ], [ 85.167218574289521, 27.941439613620489, 0.0 ], [ 85.167129274956849, 27.941613131585491, 0.0 ], [ 85.166124655148636, 27.946779274552419, 0.0 ], [ 85.165142856090341, 27.948338531299999, 0.0 ] ] ] } },
{ "type": "Feature", "properties": { "id": null, "Name": "Gerkhutar", "description": null, "timestamp": null, "begin": null, "end": null, "altitudeMode": null, "tessellate": 1, "extrude": 0, "visibility": -1, "drawOrder": null, "icon": null, "NUMPOINTS_exposed": 534.0, "SETTL_NAME": "Deurali" }, "geometry": { "type": "Polygon", "coordinates": [ [ [ 85.165142856090341, 27.948338531299999, 0.0 ], [ 85.163361239823502, 27.945672852390022, 0.0 ], [ 85.162049313891913, 27.94275329947919, 0.0 ], [ 85.161216506583514, 27.941136801197729, 0.0 ], [ 85.158451615561788, 27.938043963974529, 0.0 ], [ 85.157615190437483, 27.936483331976142, 0.0 ], [ 85.157879754001158, 27.935066699842629, 0.0 ], [ 85.158551958458133, 27.93410228394524, 0.0 ], [ 85.16098205918118, 27.933897757233758, 0.0 ], [ 85.164040902207532, 27.933948293363549, 0.0 ], [ 85.165849963453596, 27.934509739334359, 0.0 ], [ 85.166472243021218, 27.93573166707732, 0.0 ], [ 85.1664328688871, 27.93850468905179, 0.0 ], [ 85.167218574289521, 27.941439613620489, 0.0 ], [ 85.167129274956849, 27.941613131585491, 0.0 ], [ 85.166124655148636, 27.946779274552419, 0.0 ], [ 85.165142856090341, 27.948338531299999, 0.0 ] ] ] } },
{ "type": "Feature", "properties": { "id": null, "Name": "Sitanki Nuwakot", "description": null, "timestamp": null, "begin": null, "end": null, "altitudeMode": null, "tessellate": 1, "extrude": 0, "visibility": -1, "drawOrder": null, "icon": null, "NUMPOINTS_exposed": 316.0, "SETTL_NAME": "Distiltyank Bajar" }, "geometry": { "type": "Polygon", "coordinates": [ [ [ 85.151385081042136, 27.941896460876649, 0.0 ], [ 85.150392724329819, 27.939987206160669, 0.0 ], [ 85.148555529371379, 27.937490766712131, 0.0 ], [ 85.148470859912095, 27.93739596211363, 0.0 ], [ 85.147742620108531, 27.93499024233472, 0.0 ], [ 85.1477630480329, 27.934881590982251, 0.0 ], [ 85.149130090548368, 27.934474308394641, 0.0 ], [ 85.151569928370222, 27.93445648073423, 0.0 ], [ 85.153475358408798, 27.933992785026579, 0.0 ], [ 85.154536497378004, 27.934740044251001, 0.0 ], [ 85.156831017525334, 27.93757498341721, 0.0 ], [ 85.15920797749375, 27.94102131358331, 0.0 ], [ 85.159289652323764, 27.94118123313104, 0.0 ], [ 85.161010226364425, 27.945244743910369, 0.0 ], [ 85.162127226642923, 27.948275476016398, 0.0 ], [ 85.151385081042136, 27.941896460876649, 0.0 ] ] ] } },
{ "type": "Feature", "properties": { "id": null, "Name": "Trihuli Bazar", "description": null, "timestamp": null, "begin": null, "end": null, "altitudeMode": null, "tessellate": 1, "extrude": 0, "visibility": -1, "drawOrder": null, "icon": null, "NUMPOINTS_exposed": 497.0, "SETTL_NAME": null }, "geometry": { "type": "Polygon", "coordinates": [ [ [ 85.145360159800234, 27.92079378046893, 0.0 ], [ 85.146821658539736, 27.92084708615188, 0.0 ], [ 85.148357642386657, 27.921269711924548, 0.0 ], [ 85.149783033414323, 27.921909470990968, 0.0 ], [ 85.151047012030602, 27.922803714883251, 0.0 ], [ 85.151102945336063, 27.92385692129405, 0.0 ], [ 85.150757571835172, 27.925568923991701, 0.0 ], [ 85.149950682519858, 27.927664531078751, 0.0 ], [ 85.147252646946711, 27.929118348358699, 0.0 ], [ 85.145360159800234, 27.92079378046893, 0.0 ] ] ] } },
{ "type": "Feature", "properties": { "id": null, "Name": "Bidpur", "description": null, "timestamp": null, "begin": null, "end": null, "altitudeMode": null, "tessellate": 1, "extrude": 0, "visibility": -1, "drawOrder": null, "icon": null, "NUMPOINTS_exposed": 1166.0, "SETTL_NAME": "Bidur" }, "geometry": { "type": "Polygon", "coordinates": [ [ [ 85.14584239553362, 27.9189844876528, 0.0 ], [ 85.14474791364924, 27.919535995082601, 0.0 ], [ 85.142885575542948, 27.919580696691821, 0.0 ], [ 85.141123757732117, 27.91721632835614, 0.0 ], [ 85.139695038250267, 27.91543532144188, 0.0 ], [ 85.139512939708581, 27.915280550703368, 0.0 ], [ 85.138329628420422, 27.913613113034518, 0.0 ], [ 85.13826237782061, 27.913501755834449, 0.0 ], [ 85.137685647893392, 27.911687467770719, 0.0 ], [ 85.138963968320027, 27.90950730811074, 0.0 ], [ 85.141089118836732, 27.907920512845632, 0.0 ], [ 85.141160960932524, 27.90782347246321, 0.0 ], [ 85.143028101497364, 27.906896270842608, 0.0 ], [ 85.146781611840723, 27.90778503556912, 0.0 ], [ 85.14806052983063, 27.909028635128511, 0.0 ], [ 85.148177472151062, 27.909228690306421, 0.0 ], [ 85.14584239553362, 27.9189844876528, 0.0 ] ] ] } },
{ "type": "Feature", "properties": { "id": null, "Name": "Nuwakot Durbar square area", "description": null, "timestamp": null, "begin": null, "end": null, "altitudeMode": null, "tessellate": 1, "extrude": 0, "visibility": -1, "drawOrder": null, "icon": null, "NUMPOINTS_exposed": 953.0, "SETTL_NAME": null }, "geometry": { "type": "Polygon", "coordinates": [ [ [ 85.165953524200503, 27.9240103835476, 0.0 ], [ 85.161365159852195, 27.919765959098111, 0.0 ], [ 85.160534394149835, 27.915338984181911, 0.0 ], [ 85.160321431729386, 27.911993747583381, 0.0 ], [ 85.160215720715797, 27.911816467527661, 0.0 ], [ 85.159564590509902, 27.909648947352789, 0.0 ], [ 85.159867413573963, 27.90926777030305, 0.0 ], [ 85.164601557484076, 27.909899053255181, 0.0 ], [ 85.168211410013953, 27.910669272158149, 0.0 ], [ 85.16892387347356, 27.91101626898363, 0.0 ], [ 85.174066489010798, 27.913786603612589, 0.0 ], [ 85.175840123663619, 27.91749306514075, 0.0 ], [ 85.175934319398479, 27.91788782361656, 0.0 ], [ 85.177131569697849, 27.922101677398619, 0.0 ], [ 85.171904648631568, 27.923565239522858, 0.0 ], [ 85.165953524200503, 27.9240103835476, 0.0 ] ] ] } },
{ "type": "Feature", "properties": { "id": null, "Name": "Majhitar area", "description": null, "timestamp": null, "begin": null, "end": null, "altitudeMode": null, "tessellate": 1, "extrude": 0, "visibility": -1, "drawOrder": null, "icon": null, "NUMPOINTS_exposed": 3901.0, "SETTL_NAME": "Dhansar" }, "geometry": { "type": "Polygon", "coordinates": [ [ [ 85.144078305031854, 27.905164404840459, 0.0 ], [ 85.140996271895943, 27.90242736065256, 0.0 ], [ 85.140020121989465, 27.901090240391159, 0.0 ], [ 85.139169432907707, 27.894571828701999, 0.0 ], [ 85.137781515335107, 27.89096963425192, 0.0 ], [ 85.137807849106579, 27.890661037357621, 0.0 ], [ 85.133617649271983, 27.887347599767772, 0.0 ], [ 85.133443528836409, 27.887170755540041, 0.0 ], [ 85.131350292239716, 27.884850176936691, 0.0 ], [ 85.131433729165295, 27.88276210363582, 0.0 ], [ 85.133374441671975, 27.880241783681761, 0.0 ], [ 85.133455769623367, 27.88008034731908, 0.0 ], [ 85.135733089359007, 27.878430918379969, 0.0 ], [ 85.13812623403976, 27.879700672632421, 0.0 ], [ 85.142347627526789, 27.876472586014501, 0.0 ], [ 85.145750197815474, 27.87611112689023, 0.0 ], [ 85.149050980679831, 27.875964996779199, 0.0 ], [ 85.149375699743516, 27.87610759568004, 0.0 ], [ 85.152572788291351, 27.877110619618911, 0.0 ], [ 85.152815781298571, 27.877472193916979, 0.0 ], [ 85.1539589529675, 27.87944764646446, 0.0 ], [ 85.154119628112426, 27.880263963066039, 0.0 ], [ 85.154189275402942, 27.882068325049872, 0.0 ], [ 85.154182556540391, 27.882906095036851, 0.0 ], [ 85.152725669248767, 27.889293548520119, 0.0 ], [ 85.152170484229046, 27.890932264255571, 0.0 ], [ 85.150295980173226, 27.898629675381422, 0.0 ], [ 85.149538108944157, 27.902781378703779, 0.0 ], [ 85.149247057522118, 27.903149981302331, 0.0 ], [ 85.147659509562146, 27.905669446532489, 0.0 ], [ 85.144078305031854, 27.905164404840459, 0.0 ] ] ] } },
{ "type": "Feature", "properties": { "id": null, "Name": "Majhitar area", "description": null, "timestamp": null, "begin": null, "end": null, "altitudeMode": null, "tessellate": 1, "extrude": 0, "visibility": -1, "drawOrder": null, "icon": null, "NUMPOINTS_exposed": 3901.0, "SETTL_NAME": "Maharanidihi" }, "geometry": { "type": "Polygon", "coordinates": [ [ [ 85.144078305031854, 27.905164404840459, 0.0 ], [ 85.140996271895943, 27.90242736065256, 0.0 ], [ 85.140020121989465, 27.901090240391159, 0.0 ], [ 85.139169432907707, 27.894571828701999, 0.0 ], [ 85.137781515335107, 27.89096963425192, 0.0 ], [ 85.137807849106579, 27.890661037357621, 0.0 ], [ 85.133617649271983, 27.887347599767772, 0.0 ], [ 85.133443528836409, 27.887170755540041, 0.0 ], [ 85.131350292239716, 27.884850176936691, 0.0 ], [ 85.131433729165295, 27.88276210363582, 0.0 ], [ 85.133374441671975, 27.880241783681761, 0.0 ], [ 85.133455769623367, 27.88008034731908, 0.0 ], [ 85.135733089359007, 27.878430918379969, 0.0 ], [ 85.13812623403976, 27.879700672632421, 0.0 ], [ 85.142347627526789, 27.876472586014501, 0.0 ], [ 85.145750197815474, 27.87611112689023, 0.0 ], [ 85.149050980679831, 27.875964996779199, 0.0 ], [ 85.149375699743516, 27.87610759568004, 0.0 ], [ 85.152572788291351, 27.877110619618911, 0.0 ], [ 85.152815781298571, 27.877472193916979, 0.0 ], [ 85.1539589529675, 27.87944764646446, 0.0 ], [ 85.154119628112426, 27.880263963066039, 0.0 ], [ 85.154189275402942, 27.882068325049872, 0.0 ], [ 85.154182556540391, 27.882906095036851, 0.0 ], [ 85.152725669248767, 27.889293548520119, 0.0 ], [ 85.152170484229046, 27.890932264255571, 0.0 ], [ 85.150295980173226, 27.898629675381422, 0.0 ], [ 85.149538108944157, 27.902781378703779, 0.0 ], [ 85.149247057522118, 27.903149981302331, 0.0 ], [ 85.147659509562146, 27.905669446532489, 0.0 ], [ 85.144078305031854, 27.905164404840459, 0.0 ] ] ] } },
{ "type": "Feature", "properties": { "id": null, "Name": "Majhitar area", "description": null, "timestamp": null, "begin": null, "end": null, "altitudeMode": null, "tessellate": 1, "extrude": 0, "visibility": -1, "drawOrder": null, "icon": null, "NUMPOINTS_exposed": 3901.0, "SETTL_NAME": "Kajidihi" }, "geometry": { "type": "Polygon", "coordinates": [ [ [ 85.144078305031854, 27.905164404840459, 0.0 ], [ 85.140996271895943, 27.90242736065256, 0.0 ], [ 85.140020121989465, 27.901090240391159, 0.0 ], [ 85.139169432907707, 27.894571828701999, 0.0 ], [ 85.137781515335107, 27.89096963425192, 0.0 ], [ 85.137807849106579, 27.890661037357621, 0.0 ], [ 85.133617649271983, 27.887347599767772, 0.0 ], [ 85.133443528836409, 27.887170755540041, 0.0 ], [ 85.131350292239716, 27.884850176936691, 0.0 ], [ 85.131433729165295, 27.88276210363582, 0.0 ], [ 85.133374441671975, 27.880241783681761, 0.0 ], [ 85.133455769623367, 27.88008034731908, 0.0 ], [ 85.135733089359007, 27.878430918379969, 0.0 ], [ 85.13812623403976, 27.879700672632421, 0.0 ], [ 85.142347627526789, 27.876472586014501, 0.0 ], [ 85.145750197815474, 27.87611112689023, 0.0 ], [ 85.149050980679831, 27.875964996779199, 0.0 ], [ 85.149375699743516, 27.87610759568004, 0.0 ], [ 85.152572788291351, 27.877110619618911, 0.0 ], [ 85.152815781298571, 27.877472193916979, 0.0 ], [ 85.1539589529675, 27.87944764646446, 0.0 ], [ 85.154119628112426, 27.880263963066039, 0.0 ], [ 85.154189275402942, 27.882068325049872, 0.0 ], [ 85.154182556540391, 27.882906095036851, 0.0 ], [ 85.152725669248767, 27.889293548520119, 0.0 ], [ 85.152170484229046, 27.890932264255571, 0.0 ], [ 85.150295980173226, 27.898629675381422, 0.0 ], [ 85.149538108944157, 27.902781378703779, 0.0 ], [ 85.149247057522118, 27.903149981302331, 0.0 ], [ 85.147659509562146, 27.905669446532489, 0.0 ], [ 85.144078305031854, 27.905164404840459, 0.0 ] ] ] } },
{ "type": "Feature", "properties": { "id": null, "Name": "Majhitar area", "description": null, "timestamp": null, "begin": null, "end": null, "altitudeMode": null, "tessellate": 1, "extrude": 0, "visibility": -1, "drawOrder": null, "icon": null, "NUMPOINTS_exposed": 3901.0, "SETTL_NAME": "Inarpati" }, "geometry": { "type": "Polygon", "coordinates": [ [ [ 85.144078305031854, 27.905164404840459, 0.0 ], [ 85.140996271895943, 27.90242736065256, 0.0 ], [ 85.140020121989465, 27.901090240391159, 0.0 ], [ 85.139169432907707, 27.894571828701999, 0.0 ], [ 85.137781515335107, 27.89096963425192, 0.0 ], [ 85.137807849106579, 27.890661037357621, 0.0 ], [ 85.133617649271983, 27.887347599767772, 0.0 ], [ 85.133443528836409, 27.887170755540041, 0.0 ], [ 85.131350292239716, 27.884850176936691, 0.0 ], [ 85.131433729165295, 27.88276210363582, 0.0 ], [ 85.133374441671975, 27.880241783681761, 0.0 ], [ 85.133455769623367, 27.88008034731908, 0.0 ], [ 85.135733089359007, 27.878430918379969, 0.0 ], [ 85.13812623403976, 27.879700672632421, 0.0 ], [ 85.142347627526789, 27.876472586014501, 0.0 ], [ 85.145750197815474, 27.87611112689023, 0.0 ], [ 85.149050980679831, 27.875964996779199, 0.0 ], [ 85.149375699743516, 27.87610759568004, 0.0 ], [ 85.152572788291351, 27.877110619618911, 0.0 ], [ 85.152815781298571, 27.877472193916979, 0.0 ], [ 85.1539589529675, 27.87944764646446, 0.0 ], [ 85.154119628112426, 27.880263963066039, 0.0 ], [ 85.154189275402942, 27.882068325049872, 0.0 ], [ 85.154182556540391, 27.882906095036851, 0.0 ], [ 85.152725669248767, 27.889293548520119, 0.0 ], [ 85.152170484229046, 27.890932264255571, 0.0 ], [ 85.150295980173226, 27.898629675381422, 0.0 ], [ 85.149538108944157, 27.902781378703779, 0.0 ], [ 85.149247057522118, 27.903149981302331, 0.0 ], [ 85.147659509562146, 27.905669446532489, 0.0 ], [ 85.144078305031854, 27.905164404840459, 0.0 ] ] ] } },
{ "type": "Feature", "properties": { "id": null, "Name": "Majhitar area", "description": null, "timestamp": null, "begin": null, "end": null, "altitudeMode": null, "tessellate": 1, "extrude": 0, "visibility": -1, "drawOrder": null, "icon": null, "NUMPOINTS_exposed": 3901.0, "SETTL_NAME": "Dihigaun" }, "geometry": { "type": "Polygon", "coordinates": [ [ [ 85.144078305031854, 27.905164404840459, 0.0 ], [ 85.140996271895943, 27.90242736065256, 0.0 ], [ 85.140020121989465, 27.901090240391159, 0.0 ], [ 85.139169432907707, 27.894571828701999, 0.0 ], [ 85.137781515335107, 27.89096963425192, 0.0 ], [ 85.137807849106579, 27.890661037357621, 0.0 ], [ 85.133617649271983, 27.887347599767772, 0.0 ], [ 85.133443528836409, 27.887170755540041, 0.0 ], [ 85.131350292239716, 27.884850176936691, 0.0 ], [ 85.131433729165295, 27.88276210363582, 0.0 ], [ 85.133374441671975, 27.880241783681761, 0.0 ], [ 85.133455769623367, 27.88008034731908, 0.0 ], [ 85.135733089359007, 27.878430918379969, 0.0 ], [ 85.13812623403976, 27.879700672632421, 0.0 ], [ 85.142347627526789, 27.876472586014501, 0.0 ], [ 85.145750197815474, 27.87611112689023, 0.0 ], [ 85.149050980679831, 27.875964996779199, 0.0 ], [ 85.149375699743516, 27.87610759568004, 0.0 ], [ 85.152572788291351, 27.877110619618911, 0.0 ], [ 85.152815781298571, 27.877472193916979, 0.0 ], [ 85.1539589529675, 27.87944764646446, 0.0 ], [ 85.154119628112426, 27.880263963066039, 0.0 ], [ 85.154189275402942, 27.882068325049872, 0.0 ], [ 85.154182556540391, 27.882906095036851, 0.0 ], [ 85.152725669248767, 27.889293548520119, 0.0 ], [ 85.152170484229046, 27.890932264255571, 0.0 ], [ 85.150295980173226, 27.898629675381422, 0.0 ], [ 85.149538108944157, 27.902781378703779, 0.0 ], [ 85.149247057522118, 27.903149981302331, 0.0 ], [ 85.147659509562146, 27.905669446532489, 0.0 ], [ 85.144078305031854, 27.905164404840459, 0.0 ] ] ] } },
{ "type": "Feature", "properties": { "id": null, "Name": "Majhitar area", "description": null, "timestamp": null, "begin": null, "end": null, "altitudeMode": null, "tessellate": 1, "extrude": 0, "visibility": -1, "drawOrder": null, "icon": null, "NUMPOINTS_exposed": 3901.0, "SETTL_NAME": "Battar Bajar" }, "geometry": { "type": "Polygon", "coordinates": [ [ [ 85.144078305031854, 27.905164404840459, 0.0 ], [ 85.140996271895943, 27.90242736065256, 0.0 ], [ 85.140020121989465, 27.901090240391159, 0.0 ], [ 85.139169432907707, 27.894571828701999, 0.0 ], [ 85.137781515335107, 27.89096963425192, 0.0 ], [ 85.137807849106579, 27.890661037357621, 0.0 ], [ 85.133617649271983, 27.887347599767772, 0.0 ], [ 85.133443528836409, 27.887170755540041, 0.0 ], [ 85.131350292239716, 27.884850176936691, 0.0 ], [ 85.131433729165295, 27.88276210363582, 0.0 ], [ 85.133374441671975, 27.880241783681761, 0.0 ], [ 85.133455769623367, 27.88008034731908, 0.0 ], [ 85.135733089359007, 27.878430918379969, 0.0 ], [ 85.13812623403976, 27.879700672632421, 0.0 ], [ 85.142347627526789, 27.876472586014501, 0.0 ], [ 85.145750197815474, 27.87611112689023, 0.0 ], [ 85.149050980679831, 27.875964996779199, 0.0 ], [ 85.149375699743516, 27.87610759568004, 0.0 ], [ 85.152572788291351, 27.877110619618911, 0.0 ], [ 85.152815781298571, 27.877472193916979, 0.0 ], [ 85.1539589529675, 27.87944764646446, 0.0 ], [ 85.154119628112426, 27.880263963066039, 0.0 ], [ 85.154189275402942, 27.882068325049872, 0.0 ], [ 85.154182556540391, 27.882906095036851, 0.0 ], [ 85.152725669248767, 27.889293548520119, 0.0 ], [ 85.152170484229046, 27.890932264255571, 0.0 ], [ 85.150295980173226, 27.898629675381422, 0.0 ], [ 85.149538108944157, 27.902781378703779, 0.0 ], [ 85.149247057522118, 27.903149981302331, 0.0 ], [ 85.147659509562146, 27.905669446532489, 0.0 ], [ 85.144078305031854, 27.905164404840459, 0.0 ] ] ] } },
{ "type": "Feature", "properties": { "id": null, "Name": "Majhitar area", "description": null, "timestamp": null, "begin": null, "end": null, "altitudeMode": null, "tessellate": 1, "extrude": 0, "visibility": -1, "drawOrder": null, "icon": null, "NUMPOINTS_exposed": 3901.0, "SETTL_NAME": "Sukumbasitol" }, "geometry": { "type": "Polygon", "coordinates": [ [ [ 85.144078305031854, 27.905164404840459, 0.0 ], [ 85.140996271895943, 27.90242736065256, 0.0 ], [ 85.140020121989465, 27.901090240391159, 0.0 ], [ 85.139169432907707, 27.894571828701999, 0.0 ], [ 85.137781515335107, 27.89096963425192, 0.0 ], [ 85.137807849106579, 27.890661037357621, 0.0 ], [ 85.133617649271983, 27.887347599767772, 0.0 ], [ 85.133443528836409, 27.887170755540041, 0.0 ], [ 85.131350292239716, 27.884850176936691, 0.0 ], [ 85.131433729165295, 27.88276210363582, 0.0 ], [ 85.133374441671975, 27.880241783681761, 0.0 ], [ 85.133455769623367, 27.88008034731908, 0.0 ], [ 85.135733089359007, 27.878430918379969, 0.0 ], [ 85.13812623403976, 27.879700672632421, 0.0 ], [ 85.142347627526789, 27.876472586014501, 0.0 ], [ 85.145750197815474, 27.87611112689023, 0.0 ], [ 85.149050980679831, 27.875964996779199, 0.0 ], [ 85.149375699743516, 27.87610759568004, 0.0 ], [ 85.152572788291351, 27.877110619618911, 0.0 ], [ 85.152815781298571, 27.877472193916979, 0.0 ], [ 85.1539589529675, 27.87944764646446, 0.0 ], [ 85.154119628112426, 27.880263963066039, 0.0 ], [ 85.154189275402942, 27.882068325049872, 0.0 ], [ 85.154182556540391, 27.882906095036851, 0.0 ], [ 85.152725669248767, 27.889293548520119, 0.0 ], [ 85.152170484229046, 27.890932264255571, 0.0 ], [ 85.150295980173226, 27.898629675381422, 0.0 ], [ 85.149538108944157, 27.902781378703779, 0.0 ], [ 85.149247057522118, 27.903149981302331, 0.0 ], [ 85.147659509562146, 27.905669446532489, 0.0 ], [ 85.144078305031854, 27.905164404840459, 0.0 ] ] ] } },
{ "type": "Feature", "properties": { "id": null, "Name": "Majhitar area", "description": null, "timestamp": null, "begin": null, "end": null, "altitudeMode": null, "tessellate": 1, "extrude": 0, "visibility": -1, "drawOrder": null, "icon": null, "NUMPOINTS_exposed": 3901.0, "SETTL_NAME": "Damki" }, "geometry": { "type": "Polygon", "coordinates": [ [ [ 85.144078305031854, 27.905164404840459, 0.0 ], [ 85.140996271895943, 27.90242736065256, 0.0 ], [ 85.140020121989465, 27.901090240391159, 0.0 ], [ 85.139169432907707, 27.894571828701999, 0.0 ], [ 85.137781515335107, 27.89096963425192, 0.0 ], [ 85.137807849106579, 27.890661037357621, 0.0 ], [ 85.133617649271983, 27.887347599767772, 0.0 ], [ 85.133443528836409, 27.887170755540041, 0.0 ], [ 85.131350292239716, 27.884850176936691, 0.0 ], [ 85.131433729165295, 27.88276210363582, 0.0 ], [ 85.133374441671975, 27.880241783681761, 0.0 ], [ 85.133455769623367, 27.88008034731908, 0.0 ], [ 85.135733089359007, 27.878430918379969, 0.0 ], [ 85.13812623403976, 27.879700672632421, 0.0 ], [ 85.142347627526789, 27.876472586014501, 0.0 ], [ 85.145750197815474, 27.87611112689023, 0.0 ], [ 85.149050980679831, 27.875964996779199, 0.0 ], [ 85.149375699743516, 27.87610759568004, 0.0 ], [ 85.152572788291351, 27.877110619618911, 0.0 ], [ 85.152815781298571, 27.877472193916979, 0.0 ], [ 85.1539589529675, 27.87944764646446, 0.0 ], [ 85.154119628112426, 27.880263963066039, 0.0 ], [ 85.154189275402942, 27.882068325049872, 0.0 ], [ 85.154182556540391, 27.882906095036851, 0.0 ], [ 85.152725669248767, 27.889293548520119, 0.0 ], [ 85.152170484229046, 27.890932264255571, 0.0 ], [ 85.150295980173226, 27.898629675381422, 0.0 ], [ 85.149538108944157, 27.902781378703779, 0.0 ], [ 85.149247057522118, 27.903149981302331, 0.0 ], [ 85.147659509562146, 27.905669446532489, 0.0 ], [ 85.144078305031854, 27.905164404840459, 0.0 ] ] ] } },
{ "type": "Feature", "properties": { "id": null, "Name": "Chargahare", "description": null, "timestamp": null, "begin": null, "end": null, "altitudeMode": null, "tessellate": 1, "extrude": 0, "visibility": -1, "drawOrder": null, "icon": null, "NUMPOINTS_exposed": 0.0, "SETTL_NAME": null }, "geometry": { "type": "Polygon", "coordinates": [ [ [ 85.107965399054393, 27.89875068274009, 0.0 ], [ 85.109848578398399, 27.894081314103889, 0.0 ], [ 85.110018102820675, 27.8937757885253, 0.0 ], [ 85.116933394425146, 27.891805463338549, 0.0 ], [ 85.11756287863443, 27.89184650407622, 0.0 ], [ 85.11798433947574, 27.89184597266657, 0.0 ], [ 85.118447943096001, 27.89184538807892, 0.0 ], [ 85.120658504612067, 27.89428669510098, 0.0 ], [ 85.118612675024409, 27.90053706132559, 0.0 ], [ 85.109159793914088, 27.902771778052099, 0.0 ], [ 85.107965399054393, 27.89875068274009, 0.0 ] ] ] } },
{ "type": "Feature", "properties": { "id": null, "Name": "Pipaltar", "description": null, "timestamp": null, "begin": null, "end": null, "altitudeMode": null, "tessellate": 1, "extrude": 0, "visibility": -1, "drawOrder": null, "icon": null, "NUMPOINTS_exposed": 1478.0, "SETTL_NAME": "Lambagaincha" }, "geometry": { "type": "Polygon", "coordinates": [ [ [ 85.121099916724901, 27.870480030544059, 0.0 ], [ 85.112896148772364, 27.863103207477941, 0.0 ], [ 85.112134215135413, 27.86133661695925, 0.0 ], [ 85.112085805947999, 27.86117964639157, 0.0 ], [ 85.112108951747118, 27.86052654963704, 0.0 ], [ 85.113012785476357, 27.858774222792022, 0.0 ], [ 85.114595026810264, 27.858448664810648, 0.0 ], [ 85.115049160352783, 27.858360302230771, 0.0 ], [ 85.116953743825732, 27.858445937507319, 0.0 ], [ 85.11797707183888, 27.858474068753541, 0.0 ], [ 85.123026993109377, 27.859477990778888, 0.0 ], [ 85.123338409397263, 27.859507706768198, 0.0 ], [ 85.127787988979094, 27.861317932787859, 0.0 ], [ 85.128835592027613, 27.861664183859322, 0.0 ], [ 85.13350916519434, 27.864007155838749, 0.0 ], [ 85.133865625182082, 27.86424215306479, 0.0 ], [ 85.133987530957839, 27.864343301642378, 0.0 ], [ 85.140252097365732, 27.868296402497929, 0.0 ], [ 85.141014697918138, 27.86907915617239, 0.0 ], [ 85.142366404235261, 27.871393927193839, 0.0 ], [ 85.142437756830958, 27.871552488083431, 0.0 ], [ 85.142525294749433, 27.871791372706131, 0.0 ], [ 85.142151055698776, 27.873582701654129, 0.0 ], [ 85.139778134562675, 27.875231515245311, 0.0 ], [ 85.137092896629326, 27.877116864724631, 0.0 ], [ 85.121099916724901, 27.870480030544059, 0.0 ] ] ] } },
{ "type": "Feature", "properties": { "id": null, "Name": "Pipaltar", "description": null, "timestamp": null, "begin": null, "end": null, "altitudeMode": null, "tessellate": 1, "extrude": 0, "visibility": -1, "drawOrder": null, "icon": null, "NUMPOINTS_exposed": 1478.0, "SETTL_NAME": "Lambagaincha" }, "geometry": { "type": "Polygon", "coordinates": [ [ [ 85.121099916724901, 27.870480030544059, 0.0 ], [ 85.112896148772364, 27.863103207477941, 0.0 ], [ 85.112134215135413, 27.86133661695925, 0.0 ], [ 85.112085805947999, 27.86117964639157, 0.0 ], [ 85.112108951747118, 27.86052654963704, 0.0 ], [ 85.113012785476357, 27.858774222792022, 0.0 ], [ 85.114595026810264, 27.858448664810648, 0.0 ], [ 85.115049160352783, 27.858360302230771, 0.0 ], [ 85.116953743825732, 27.858445937507319, 0.0 ], [ 85.11797707183888, 27.858474068753541, 0.0 ], [ 85.123026993109377, 27.859477990778888, 0.0 ], [ 85.123338409397263, 27.859507706768198, 0.0 ], [ 85.127787988979094, 27.861317932787859, 0.0 ], [ 85.128835592027613, 27.861664183859322, 0.0 ], [ 85.13350916519434, 27.864007155838749, 0.0 ], [ 85.133865625182082, 27.86424215306479, 0.0 ], [ 85.133987530957839, 27.864343301642378, 0.0 ], [ 85.140252097365732, 27.868296402497929, 0.0 ], [ 85.141014697918138, 27.86907915617239, 0.0 ], [ 85.142366404235261, 27.871393927193839, 0.0 ], [ 85.142437756830958, 27.871552488083431, 0.0 ], [ 85.142525294749433, 27.871791372706131, 0.0 ], [ 85.142151055698776, 27.873582701654129, 0.0 ], [ 85.139778134562675, 27.875231515245311, 0.0 ], [ 85.137092896629326, 27.877116864724631, 0.0 ], [ 85.121099916724901, 27.870480030544059, 0.0 ] ] ] } },
{ "type": "Feature", "properties": { "id": null, "Name": "Bhuwanibesi", "description": null, "timestamp": null, "begin": null, "end": null, "altitudeMode": null, "tessellate": 1, "extrude": 0, "visibility": -1, "drawOrder": null, "icon": null, "NUMPOINTS_exposed": 199.0, "SETTL_NAME": "Buhanibesi" }, "geometry": { "type": "Polygon", "coordinates": [ [ [ 85.11313899730709, 27.872041533440679, 0.0 ], [ 85.114015666681198, 27.87119156682251, 0.0 ], [ 85.114430191290822, 27.87084859087869, 0.0 ], [ 85.115187688955544, 27.87062957527186, 0.0 ], [ 85.115676066992862, 27.870871235161299, 0.0 ], [ 85.11605105914505, 27.871041571454601, 0.0 ], [ 85.121025974238151, 27.873193065997292, 0.0 ], [ 85.121379244504766, 27.873324564765891, 0.0 ], [ 85.121785552843207, 27.873483155809001, 0.0 ], [ 85.124890305290236, 27.87497796815607, 0.0 ], [ 85.125086086778069, 27.875117682934171, 0.0 ], [ 85.125224216046803, 27.875201788098341, 0.0 ], [ 85.125494140523131, 27.876028254089299, 0.0 ], [ 85.125500735249361, 27.876435352605139, 0.0 ], [ 85.125273016494532, 27.87799513020175, 0.0 ], [ 85.122120022075833, 27.87884000222893, 0.0 ], [ 85.122015560259598, 27.878871697485849, 0.0 ], [ 85.120383274506523, 27.87890558068651, 0.0 ], [ 85.115620393294066, 27.876449115675101, 0.0 ], [ 85.11313899730709, 27.872041533440679, 0.0 ] ] ] } },
{ "type": "Feature", "properties": { "id": null, "Name": "Bhuwanibesi", "description": null, "timestamp": null, "begin": null, "end": null, "altitudeMode": null, "tessellate": 1, "extrude": 0, "visibility": -1, "drawOrder": null, "icon": null, "NUMPOINTS_exposed": 199.0, "SETTL_NAME": "Bhorletar" }, "geometry": { "type": "Polygon", "coordinates": [ [ [ 85.11313899730709, 27.872041533440679, 0.0 ], [ 85.114015666681198, 27.87119156682251, 0.0 ], [ 85.114430191290822, 27.87084859087869, 0.0 ], [ 85.115187688955544, 27.87062957527186, 0.0 ], [ 85.115676066992862, 27.870871235161299, 0.0 ], [ 85.11605105914505, 27.871041571454601, 0.0 ], [ 85.121025974238151, 27.873193065997292, 0.0 ], [ 85.121379244504766, 27.873324564765891, 0.0 ], [ 85.121785552843207, 27.873483155809001, 0.0 ], [ 85.124890305290236, 27.87497796815607, 0.0 ], [ 85.125086086778069, 27.875117682934171, 0.0 ], [ 85.125224216046803, 27.875201788098341, 0.0 ], [ 85.125494140523131, 27.876028254089299, 0.0 ], [ 85.125500735249361, 27.876435352605139, 0.0 ], [ 85.125273016494532, 27.87799513020175, 0.0 ], [ 85.122120022075833, 27.87884000222893, 0.0 ], [ 85.122015560259598, 27.878871697485849, 0.0 ], [ 85.120383274506523, 27.87890558068651, 0.0 ], [ 85.115620393294066, 27.876449115675101, 0.0 ], [ 85.11313899730709, 27.872041533440679, 0.0 ] ] ] } },
{ "type": "Feature", "properties": { "id": null, "Name": "Devighat", "description": null, "timestamp": null, "begin": null, "end": null, "altitudeMode": null, "tessellate": 1, "extrude": 0, "visibility": -1, "drawOrder": null, "icon": null, "NUMPOINTS_exposed": 250.0, "SETTL_NAME": "Devighat" }, "geometry": { "type": "Polygon", "coordinates": [ [ [ 85.10761862335103, 27.85971149066506, 0.0 ], [ 85.107738124132879, 27.859357704851199, 0.0 ], [ 85.10777116674798, 27.85931570689592, 0.0 ], [ 85.10838122011171, 27.858792174880008, 0.0 ], [ 85.10865053098199, 27.859398546858021, 0.0 ], [ 85.108773346462641, 27.85931437505241, 0.0 ], [ 85.109221308269198, 27.85883175694779, 0.0 ], [ 85.109384240047319, 27.858750258919251, 0.0 ], [ 85.110161304771225, 27.85817789323173, 0.0 ], [ 85.111340662092516, 27.858720666684832, 0.0 ], [ 85.111473566904635, 27.858828777319719, 0.0 ], [ 85.111844247055686, 27.859921488049508, 0.0 ], [ 85.111766186810598, 27.861320545293069, 0.0 ], [ 85.111256732266895, 27.862667432951461, 0.0 ], [ 85.10761862335103, 27.85971149066506, 0.0 ] ] ] } },
{ "type": "Feature", "properties": { "id": null, "Name": "Mango garden", "description": null, "timestamp": null, "begin": null, "end": null, "altitudeMode": null, "tessellate": 1, "extrude": 0, "visibility": -1, "drawOrder": null, "icon": null, "NUMPOINTS_exposed": 348.0, "SETTL_NAME": null }, "geometry": { "type": "Polygon", "coordinates": [ [ [ 85.098495703100951, 27.862300004537438, 0.0 ], [ 85.098578238729075, 27.8615204168118, 0.0 ], [ 85.098606010253803, 27.861406245955749, 0.0 ], [ 85.099942574916028, 27.860082855917948, 0.0 ], [ 85.100004560815165, 27.860064791908581, 0.0 ], [ 85.100162765270298, 27.8599672858352, 0.0 ], [ 85.101468190876915, 27.85893109236514, 0.0 ], [ 85.103815952220287, 27.859185074031888, 0.0 ], [ 85.103875675783115, 27.859182107537759, 0.0 ], [ 85.105379610021288, 27.859427223936539, 0.0 ], [ 85.105456159759257, 27.859438097500931, 0.0 ], [ 85.105578011944871, 27.859446732972909, 0.0 ], [ 85.10651738157344, 27.859846456628201, 0.0 ], [ 85.108024648451064, 27.861083542906609, 0.0 ], [ 85.109545083271414, 27.862860743641079, 0.0 ], [ 85.109235787607005, 27.86484436663013, 0.0 ], [ 85.107619303850882, 27.865122502018771, 0.0 ], [ 85.098495703100951, 27.862300004537438, 0.0 ] ] ] } },
{ "type": "Feature", "properties": { "id": null, "Name": "Kashitar park area", "description": null, "timestamp": null, "begin": null, "end": null, "altitudeMode": null, "tessellate": 1, "extrude": 0, "visibility": -1, "drawOrder": null, "icon": null, "NUMPOINTS_exposed": 180.0, "SETTL_NAME": "Kashitar" }, "geometry": { "type": "Polygon", "coordinates": [ [ [ 85.088242550927134, 27.857202908991621, 0.0 ], [ 85.088088999383061, 27.85547500999515, 0.0 ], [ 85.088908169911022, 27.854456209888149, 0.0 ], [ 85.089635007891005, 27.85547270803314, 0.0 ], [ 85.090047082572809, 27.85719190716565, 0.0 ], [ 85.093827433652976, 27.856715916794741, 0.0 ], [ 85.096950635193025, 27.856197779452771, 0.0 ], [ 85.09998390971019, 27.856644950111232, 0.0 ], [ 85.100378459789127, 27.857530210380961, 0.0 ], [ 85.099044732499465, 27.85894614906411, 0.0 ], [ 85.09764078404973, 27.859383434656781, 0.0 ], [ 85.094871108639197, 27.860268347798819, 0.0 ], [ 85.090187057393138, 27.85978277363138, 0.0 ], [ 85.088242550927134, 27.857202908991621, 0.0 ] ] ] } },
{ "type": "Feature", "properties": { "id": null, "Name": "Mairetar", "description": null, "timestamp": null, "begin": null, "end": null, "altitudeMode": null, "tessellate": 1, "extrude": 0, "visibility": -1, "drawOrder": null, "icon": null, "NUMPOINTS_exposed": 794.0, "SETTL_NAME": "Budhasinghat" }, "geometry": { "type": "Polygon", "coordinates": [ [ [ 85.087682017299358, 27.86282184231548, 0.0 ], [ 85.085350164010308, 27.863921279899881, 0.0 ], [ 85.084722030476257, 27.864309970827829, 0.0 ], [ 85.083419245737872, 27.865246404376979, 0.0 ], [ 85.082699652623475, 27.865282287944709, 0.0 ], [ 85.07549860293453, 27.864841835980599, 0.0 ], [ 85.074960136337964, 27.864725071296451, 0.0 ], [ 85.070175859281775, 27.86260146972764, 0.0 ], [ 85.070262284246425, 27.859038142408039, 0.0 ], [ 85.070533962841736, 27.856549444362489, 0.0 ], [ 85.070569779389899, 27.856320908111108, 0.0 ], [ 85.070583149403049, 27.856235596631219, 0.0 ], [ 85.071690428258194, 27.85447695766506, 0.0 ], [ 85.074507526585478, 27.854931307928549, 0.0 ], [ 85.075854377894046, 27.8556365750525, 0.0 ], [ 85.07610019567575, 27.85576412511729, 0.0 ], [ 85.07907571844423, 27.856352216374152, 0.0 ], [ 85.081474497997618, 27.857249440064631, 0.0 ], [ 85.084605263575469, 27.858262402122001, 0.0 ], [ 85.086760326385729, 27.858676916738482, 0.0 ], [ 85.087652651870314, 27.859224916633821, 0.0 ], [ 85.088050986311288, 27.860582906001241, 0.0 ], [ 85.087682017299358, 27.86282184231548, 0.0 ] ] ] } },
{ "type": "Feature", "properties": { "id": null, "Name": "Mairetar", "description": null, "timestamp": null, "begin": null, "end": null, "altitudeMode": null, "tessellate": 1, "extrude": 0, "visibility": -1, "drawOrder": null, "icon": null, "NUMPOINTS_exposed": 794.0, "SETTL_NAME": "Maiditar" }, "geometry": { "type": "Polygon", "coordinates": [ [ [ 85.087682017299358, 27.86282184231548, 0.0 ], [ 85.085350164010308, 27.863921279899881, 0.0 ], [ 85.084722030476257, 27.864309970827829, 0.0 ], [ 85.083419245737872, 27.865246404376979, 0.0 ], [ 85.082699652623475, 27.865282287944709, 0.0 ], [ 85.07549860293453, 27.864841835980599, 0.0 ], [ 85.074960136337964, 27.864725071296451, 0.0 ], [ 85.070175859281775, 27.86260146972764, 0.0 ], [ 85.070262284246425, 27.859038142408039, 0.0 ], [ 85.070533962841736, 27.856549444362489, 0.0 ], [ 85.070569779389899, 27.856320908111108, 0.0 ], [ 85.070583149403049, 27.856235596631219, 0.0 ], [ 85.071690428258194, 27.85447695766506, 0.0 ], [ 85.074507526585478, 27.854931307928549, 0.0 ], [ 85.075854377894046, 27.8556365750525, 0.0 ], [ 85.07610019567575, 27.85576412511729, 0.0 ], [ 85.07907571844423, 27.856352216374152, 0.0 ], [ 85.081474497997618, 27.857249440064631, 0.0 ], [ 85.084605263575469, 27.858262402122001, 0.0 ], [ 85.086760326385729, 27.858676916738482, 0.0 ], [ 85.087652651870314, 27.859224916633821, 0.0 ], [ 85.088050986311288, 27.860582906001241, 0.0 ], [ 85.087682017299358, 27.86282184231548, 0.0 ] ] ] } },
{ "type": "Feature", "properties": { "id": null, "Name": "Radhe radhe khana pasal area", "description": null, "timestamp": null, "begin": null, "end": null, "altitudeMode": null, "tessellate": 1, "extrude": 0, "visibility": -1, "drawOrder": null, "icon": null, "NUMPOINTS_exposed": 146.0, "SETTL_NAME": null }, "geometry": { "type": "Polygon", "coordinates": [ [ [ 85.084444881406426, 27.855863902200909, 0.0 ], [ 85.084335445139672, 27.855909712877949, 0.0 ], [ 85.08171176901493, 27.85638655867378, 0.0 ], [ 85.079234501752239, 27.855903060249499, 0.0 ], [ 85.079237440739021, 27.855823225505631, 0.0 ], [ 85.079221758011471, 27.855744608618998, 0.0 ], [ 85.077217500811031, 27.853253714755461, 0.0 ], [ 85.075484716835817, 27.851787842910781, 0.0 ], [ 85.078249400681869, 27.850870315714008, 0.0 ], [ 85.080314243957176, 27.850720718331701, 0.0 ], [ 85.082350095341909, 27.85241013983935, 0.0 ], [ 85.083732783727356, 27.852860893671171, 0.0 ], [ 85.084635268986489, 27.853838667960101, 0.0 ], [ 85.084444881406426, 27.855863902200909, 0.0 ] ] ] } },
{ "type": "Feature", "properties": { "id": null, "Name": "Bhudhasinga ghat area", "description": null, "timestamp": null, "begin": null, "end": null, "altitudeMode": null, "tessellate": 1, "extrude": 0, "visibility": -1, "drawOrder": null, "icon": null, "NUMPOINTS_exposed": 374.0, "SETTL_NAME": "Mahadevphant" }, "geometry": { "type": "Polygon", "coordinates": [ [ [ 85.05988255613876, 27.858253683096009, 0.0 ], [ 85.059777151864964, 27.858200022476431, 0.0 ], [ 85.058228285821698, 27.856393123669999, 0.0 ], [ 85.056703823269615, 27.855512483190839, 0.0 ], [ 85.055173212787167, 27.854423068319079, 0.0 ], [ 85.057443376430442, 27.85334361497528, 0.0 ], [ 85.059220523734254, 27.853254875766901, 0.0 ], [ 85.060480477127115, 27.853124160271321, 0.0 ], [ 85.063506828379531, 27.853428002127409, 0.0 ], [ 85.065806406682952, 27.852723089117141, 0.0 ], [ 85.068798200451042, 27.852461568976569, 0.0 ], [ 85.068936012467617, 27.852499486720859, 0.0 ], [ 85.071238846399964, 27.85311070396331, 0.0 ], [ 85.071106908297239, 27.853487189992759, 0.0 ], [ 85.070991432527975, 27.853492957464301, 0.0 ], [ 85.070600422095083, 27.853535758428048, 0.0 ], [ 85.070463352108376, 27.853565894550339, 0.0 ], [ 85.064809215973852, 27.85609680854153, 0.0 ], [ 85.064734441015275, 27.856201058626802, 0.0 ], [ 85.062395811976913, 27.857945198935891, 0.0 ], [ 85.062061366151511, 27.858523469422231, 0.0 ], [ 85.061900596220852, 27.85869377544163, 0.0 ], [ 85.061413372489341, 27.85920989772119, 0.0 ], [ 85.06057409786888, 27.859362183743372, 0.0 ], [ 85.059950324776523, 27.859338192478219, 0.0 ], [ 85.059145195711238, 27.859158612827962, 0.0 ], [ 85.05988255613876, 27.858253683096009, 0.0 ] ] ] } },
{ "type": "Feature", "properties": { "id": null, "Name": "Darshantar", "description": null, "timestamp": null, "begin": null, "end": null, "altitudeMode": null, "tessellate": 1, "extrude": 0, "visibility": -1, "drawOrder": null, "icon": null, "NUMPOINTS_exposed": 193.0, "SETTL_NAME": "Darshantar" }, "geometry": { "type": "Polygon", "coordinates": [ [ [ 85.056941749962292, 27.85864281247466, 0.0 ], [ 85.058117999710987, 27.85963221821839, 0.0 ], [ 85.058751156428414, 27.86039606880712, 0.0 ], [ 85.058023596199519, 27.861250592702799, 0.0 ], [ 85.057855149855953, 27.861282085631039, 0.0 ], [ 85.056607694453703, 27.861483290729851, 0.0 ], [ 85.055834002392686, 27.861107842311391, 0.0 ], [ 85.055345994258744, 27.860927365419659, 0.0 ], [ 85.053086834931236, 27.860545600032911, 0.0 ], [ 85.051805191406459, 27.8595586431918, 0.0 ], [ 85.049940034200645, 27.85941651276141, 0.0 ], [ 85.049780520434382, 27.8593818877087, 0.0 ], [ 85.04786437302063, 27.859139226736129, 0.0 ], [ 85.046834919837792, 27.858731773896899, 0.0 ], [ 85.045422643388378, 27.858473342434561, 0.0 ], [ 85.044773630908807, 27.857899111798321, 0.0 ], [ 85.04518770772124, 27.856992936177221, 0.0 ], [ 85.04598019072975, 27.856626230545171, 0.0 ], [ 85.04830258884887, 27.85664428110384, 0.0 ], [ 85.052634340589691, 27.85764616885006, 0.0 ], [ 85.056941749962292, 27.85864281247466, 0.0 ] ] ] } },
{ "type": "Feature", "properties": { "id": null, "Name": "Darshantar", "description": null, "timestamp": null, "begin": null, "end": null, "altitudeMode": null, "tessellate": 1, "extrude": 0, "visibility": -1, "drawOrder": null, "icon": null, "NUMPOINTS_exposed": 193.0, "SETTL_NAME": "Darshantar" }, "geometry": { "type": "Polygon", "coordinates": [ [ [ 85.056941749962292, 27.85864281247466, 0.0 ], [ 85.058117999710987, 27.85963221821839, 0.0 ], [ 85.058751156428414, 27.86039606880712, 0.0 ], [ 85.058023596199519, 27.861250592702799, 0.0 ], [ 85.057855149855953, 27.861282085631039, 0.0 ], [ 85.056607694453703, 27.861483290729851, 0.0 ], [ 85.055834002392686, 27.861107842311391, 0.0 ], [ 85.055345994258744, 27.860927365419659, 0.0 ], [ 85.053086834931236, 27.860545600032911, 0.0 ], [ 85.051805191406459, 27.8595586431918, 0.0 ], [ 85.049940034200645, 27.85941651276141, 0.0 ], [ 85.049780520434382, 27.8593818877087, 0.0 ], [ 85.04786437302063, 27.859139226736129, 0.0 ], [ 85.046834919837792, 27.858731773896899, 0.0 ], [ 85.045422643388378, 27.858473342434561, 0.0 ], [ 85.044773630908807, 27.857899111798321, 0.0 ], [ 85.04518770772124, 27.856992936177221, 0.0 ], [ 85.04598019072975, 27.856626230545171, 0.0 ], [ 85.04830258884887, 27.85664428110384, 0.0 ], [ 85.052634340589691, 27.85764616885006, 0.0 ], [ 85.056941749962292, 27.85864281247466, 0.0 ] ] ] } },
{ "type": "Feature", "properties": { "id": null, "Name": "35 kilo", "description": null, "timestamp": null, "begin": null, "end": null, "altitudeMode": null, "tessellate": 1, "extrude": 0, "visibility": -1, "drawOrder": null, "icon": null, "NUMPOINTS_exposed": 600.0, "SETTL_NAME": "Ratmatetar" }, "geometry": { "type": "Polygon", "coordinates": [ [ [ 85.045856752042141, 27.849394624356741, 0.0 ], [ 85.04801149682595, 27.85033508084226, 0.0 ], [ 85.048310608726993, 27.850471339968578, 0.0 ], [ 85.048160187421544, 27.8517407624641, 0.0 ], [ 85.044905556398319, 27.85240779706692, 0.0 ], [ 85.04527827140339, 27.855584878772241, 0.0 ], [ 85.043409076343792, 27.856007017170189, 0.0 ], [ 85.041472953735479, 27.855775264070431, 0.0 ], [ 85.041216405765539, 27.855788098662849, 0.0 ], [ 85.040424247763625, 27.85416964058351, 0.0 ], [ 85.038151950274653, 27.852784443157191, 0.0 ], [ 85.034383536507676, 27.853403029845332, 0.0 ], [ 85.031856194674361, 27.851949196102861, 0.0 ], [ 85.030927448399041, 27.850301258878101, 0.0 ], [ 85.030810771438126, 27.84989985309576, 0.0 ], [ 85.030801290619891, 27.848758744207242, 0.0 ], [ 85.030815434440484, 27.848484196414891, 0.0 ], [ 85.031519032954137, 27.84707226169045, 0.0 ], [ 85.031658664195021, 27.84691789839, 0.0 ], [ 85.045856752042141, 27.849394624356741, 0.0 ] ] ] } },
{ "type": "Feature", "properties": { "id": null, "Name": "35 kilo", "description": null, "timestamp": null, "begin": null, "end": null, "altitudeMode": null, "tessellate": 1, "extrude": 0, "visibility": -1, "drawOrder": null, "icon": null, "NUMPOINTS_exposed": 600.0, "SETTL_NAME": "Gairigaun" }, "geometry": { "type": "Polygon", "coordinates": [ [ [ 85.045856752042141, 27.849394624356741, 0.0 ], [ 85.04801149682595, 27.85033508084226, 0.0 ], [ 85.048310608726993, 27.850471339968578, 0.0 ], [ 85.048160187421544, 27.8517407624641, 0.0 ], [ 85.044905556398319, 27.85240779706692, 0.0 ], [ 85.04527827140339, 27.855584878772241, 0.0 ], [ 85.043409076343792, 27.856007017170189, 0.0 ], [ 85.041472953735479, 27.855775264070431, 0.0 ], [ 85.041216405765539, 27.855788098662849, 0.0 ], [ 85.040424247763625, 27.85416964058351, 0.0 ], [ 85.038151950274653, 27.852784443157191, 0.0 ], [ 85.034383536507676, 27.853403029845332, 0.0 ], [ 85.031856194674361, 27.851949196102861, 0.0 ], [ 85.030927448399041, 27.850301258878101, 0.0 ], [ 85.030810771438126, 27.84989985309576, 0.0 ], [ 85.030801290619891, 27.848758744207242, 0.0 ], [ 85.030815434440484, 27.848484196414891, 0.0 ], [ 85.031519032954137, 27.84707226169045, 0.0 ], [ 85.031658664195021, 27.84691789839, 0.0 ], [ 85.045856752042141, 27.849394624356741, 0.0 ] ] ] } },
{ "type": "Feature", "properties": { "id": null, "Name": "Tarkeshwor ward office 2 area", "description": null, "timestamp": null, "begin": null, "end": null, "altitudeMode": null, "tessellate": 1, "extrude": 0, "visibility": -1, "drawOrder": null, "icon": null, "NUMPOINTS_exposed": 113.0, "SETTL_NAME": "Birtaphat" }, "geometry": { "type": "Polygon", "coordinates": [ [ [ 85.025847140090065, 27.8533243766502, 0.0 ], [ 85.027422481171882, 27.8509511711523, 0.0 ], [ 85.026782893641041, 27.849497486720249, 0.0 ], [ 85.026641590438601, 27.849459289081601, 0.0 ], [ 85.026499559653132, 27.849398614109621, 0.0 ], [ 85.025755369727491, 27.848568235712289, 0.0 ], [ 85.025125244084848, 27.847906298163831, 0.0 ], [ 85.02576510571123, 27.847385699698581, 0.0 ], [ 85.025832270923146, 27.84738233525475, 0.0 ], [ 85.02673671966582, 27.84752722249943, 0.0 ], [ 85.026853174007215, 27.847606318380841, 0.0 ], [ 85.028481839992111, 27.848541437143471, 0.0 ], [ 85.028883569811839, 27.849528423071391, 0.0 ], [ 85.029195116896432, 27.851293380677049, 0.0 ], [ 85.028556731167129, 27.85278164360518, 0.0 ], [ 85.028297290499495, 27.852946580320531, 0.0 ], [ 85.026027152728929, 27.853546421172329, 0.0 ], [ 85.025847140090065, 27.8533243766502, 0.0 ] ] ] } },
{ "type": "Feature", "properties": { "id": null, "Name": "Tarkeshwor ward office 2 area", "description": null, "timestamp": null, "begin": null, "end": null, "altitudeMode": null, "tessellate": 1, "extrude": 0, "visibility": -1, "drawOrder": null, "icon": null, "NUMPOINTS_exposed": 113.0, "SETTL_NAME": "Tarukabesi" }, "geometry": { "type": "Polygon", "coordinates": [ [ [ 85.025847140090065, 27.8533243766502, 0.0 ], [ 85.027422481171882, 27.8509511711523, 0.0 ], [ 85.026782893641041, 27.849497486720249, 0.0 ], [ 85.026641590438601, 27.849459289081601, 0.0 ], [ 85.026499559653132, 27.849398614109621, 0.0 ], [ 85.025755369727491, 27.848568235712289, 0.0 ], [ 85.025125244084848, 27.847906298163831, 0.0 ], [ 85.02576510571123, 27.847385699698581, 0.0 ], [ 85.025832270923146, 27.84738233525475, 0.0 ], [ 85.02673671966582, 27.84752722249943, 0.0 ], [ 85.026853174007215, 27.847606318380841, 0.0 ], [ 85.028481839992111, 27.848541437143471, 0.0 ], [ 85.028883569811839, 27.849528423071391, 0.0 ], [ 85.029195116896432, 27.851293380677049, 0.0 ], [ 85.028556731167129, 27.85278164360518, 0.0 ], [ 85.028297290499495, 27.852946580320531, 0.0 ], [ 85.026027152728929, 27.853546421172329, 0.0 ], [ 85.025847140090065, 27.8533243766502, 0.0 ] ] ] } },
{ "type": "Feature", "properties": { "id": null, "Name": "Sanuk Pasu palan area", "description": null, "timestamp": null, "begin": null, "end": null, "altitudeMode": null, "tessellate": 1, "extrude": 0, "visibility": -1, "drawOrder": null, "icon": null, "NUMPOINTS_exposed": 99.0, "SETTL_NAME": "Tarukaghat" }, "geometry": { "type": "Polygon", "coordinates": [ [ [ 85.021133569957215, 27.851738473210801, 0.0 ], [ 85.019853352411843, 27.850508973151971, 0.0 ], [ 85.019334684857469, 27.849480786246222, 0.0 ], [ 85.01812955667242, 27.848232755154189, 0.0 ], [ 85.018110502464069, 27.848242593525331, 0.0 ], [ 85.016643270879001, 27.847785722015281, 0.0 ], [ 85.017202621711533, 27.847039128914641, 0.0 ], [ 85.018719296070188, 27.846584608023331, 0.0 ], [ 85.02053400280154, 27.846840182128719, 0.0 ], [ 85.021730598279191, 27.84722810556179, 0.0 ], [ 85.021809028236433, 27.847232474451211, 0.0 ], [ 85.022363787830599, 27.847515879232251, 0.0 ], [ 85.022685599360813, 27.847854156420659, 0.0 ], [ 85.022750686792989, 27.848443626258941, 0.0 ], [ 85.022557427885346, 27.849259987998849, 0.0 ], [ 85.021133569957215, 27.851738473210801, 0.0 ] ] ] } },
{ "type": "Feature", "properties": { "id": null, "Name": "Tarukaghat", "description": null, "timestamp": null, "begin": null, "end": null, "altitudeMode": null, "tessellate": 1, "extrude": 0, "visibility": -1, "drawOrder": null, "icon": null, "NUMPOINTS_exposed": 93.0, "SETTL_NAME": "Kalchedi" }, "geometry": { "type": "Polygon", "coordinates": [ [ [ 85.02478066989454, 27.846002717101911, 0.0 ], [ 85.02233702582906, 27.844600651555091, 0.0 ], [ 85.022290254801291, 27.844527059695022, 0.0 ], [ 85.021176282901877, 27.84305500604377, 0.0 ], [ 85.021166691847299, 27.843021662352069, 0.0 ], [ 85.021065327660537, 27.842155431240968, 0.0 ], [ 85.021682362657529, 27.84131838767831, 0.0 ], [ 85.021714272407934, 27.84127731616304, 0.0 ], [ 85.023195904279973, 27.840843791167039, 0.0 ], [ 85.023314778754809, 27.84101129262018, 0.0 ], [ 85.023326622976114, 27.84104957969264, 0.0 ], [ 85.024164349180623, 27.843029740327449, 0.0 ], [ 85.024206007230575, 27.843303936344409, 0.0 ], [ 85.027490569399021, 27.846353566179989, 0.0 ], [ 85.028395327022594, 27.846826520844068, 0.0 ], [ 85.029105635909332, 27.847421225138909, 0.0 ], [ 85.029142622721366, 27.847832751041139, 0.0 ], [ 85.028118700071531, 27.8475495897336, 0.0 ], [ 85.02478066989454, 27.846002717101911, 0.0 ] ] ] } },
{ "type": "Feature", "properties": { "id": null, "Name": "Prmaltar", "description": null, "timestamp": null, "begin": null, "end": null, "altitudeMode": null, "tessellate": 1, "extrude": 0, "visibility": -1, "drawOrder": null, "icon": null, "NUMPOINTS_exposed": 138.0, "SETTL_NAME": "Pimaltar" }, "geometry": { "type": "Polygon", "coordinates": [ [ [ 85.019120003772258, 27.83974584084137, 0.0 ], [ 85.018478104772868, 27.838481957170551, 0.0 ], [ 85.017808138159324, 27.83788669333638, 0.0 ], [ 85.017791755951336, 27.837814960665131, 0.0 ], [ 85.017627489535116, 27.83688442874853, 0.0 ], [ 85.017402513213185, 27.835652621093899, 0.0 ], [ 85.017404881394995, 27.835638167474649, 0.0 ], [ 85.017457906440669, 27.835542891709711, 0.0 ], [ 85.017715649654662, 27.83527156706764, 0.0 ], [ 85.018875932915918, 27.835206537495861, 0.0 ], [ 85.019002251224308, 27.83520020657037, 0.0 ], [ 85.019076555210773, 27.83519648252387, 0.0 ], [ 85.020536148525622, 27.83543830861078, 0.0 ], [ 85.020658034661309, 27.835482219123481, 0.0 ], [ 85.021422027268343, 27.836059215524951, 0.0 ], [ 85.02131716599952, 27.836781587466021, 0.0 ], [ 85.021216088385287, 27.83689488556875, 0.0 ], [ 85.021083786194893, 27.83708749126512, 0.0 ], [ 85.020538685465539, 27.83812019337671, 0.0 ], [ 85.020539308905228, 27.838186458441928, 0.0 ], [ 85.020338248885466, 27.83867297022358, 0.0 ], [ 85.020257608241991, 27.838726887876749, 0.0 ], [ 85.020212627624417, 27.838759181294702, 0.0 ], [ 85.019120003772258, 27.83974584084137, 0.0 ] ] ] } },
{ "type": "Feature", "properties": { "id": null, "Name": "Mini-galchhi", "description": null, "timestamp": null, "begin": null, "end": null, "altitudeMode": null, "tessellate": 1, "extrude": 0, "visibility": -1, "drawOrder": null, "icon": null, "NUMPOINTS_exposed": 133.0, "SETTL_NAME": null }, "geometry": { "type": "Polygon", "coordinates": [ [ [ 85.023917824713607, 27.835698140082432, 0.0 ], [ 85.023312106507447, 27.834096840111609, 0.0 ], [ 85.022969460969904, 27.83314555752883, 0.0 ], [ 85.022382324447122, 27.832268229641802, 0.0 ], [ 85.021837693494007, 27.831137888880331, 0.0 ], [ 85.020637820686218, 27.82991707208787, 0.0 ], [ 85.019822226906726, 27.82906454113013, 0.0 ], [ 85.019824892228669, 27.82837254958817, 0.0 ], [ 85.020013057557804, 27.827472752326859, 0.0 ], [ 85.020772338331284, 27.826310489847561, 0.0 ], [ 85.022014251308434, 27.826534703710969, 0.0 ], [ 85.022220714031974, 27.827305506763071, 0.0 ], [ 85.023003204877327, 27.829574171369469, 0.0 ], [ 85.02400710032974, 27.832027835580881, 0.0 ], [ 85.024484151498328, 27.833194988157761, 0.0 ], [ 85.024826354652916, 27.833880088398789, 0.0 ], [ 85.024828934172533, 27.834031308274, 0.0 ], [ 85.024956061970514, 27.83519895065276, 0.0 ], [ 85.024434295731396, 27.836712458531679, 0.0 ], [ 85.023917824713607, 27.835698140082432, 0.0 ] ] ] } },
{ "type": "Feature", "properties": { "id": null, "Name": "Musera gaau", "description": null, "timestamp": null, "begin": null, "end": null, "altitudeMode": null, "tessellate": 1, "extrude": 0, "visibility": -1, "drawOrder": null, "icon": null, "NUMPOINTS_exposed": 55.0, "SETTL_NAME": null }, "geometry": { "type": "Polygon", "coordinates": [ [ [ 85.024873582211583, 27.831209581425352, 0.0 ], [ 85.025174168422083, 27.828804159651881, 0.0 ], [ 85.027840601096685, 27.827998326092839, 0.0 ], [ 85.029910993348707, 27.829854638672671, 0.0 ], [ 85.030071634965836, 27.831219847984851, 0.0 ], [ 85.029899941520554, 27.832268519653031, 0.0 ], [ 85.026163121826599, 27.833607061428221, 0.0 ], [ 85.024873582211583, 27.831209581425352, 0.0 ] ] ] } },
{ "type": "Feature", "properties": { "id": null, "Name": "Shree Chiurbanjyang primary school area", "description": null, "timestamp": null, "begin": null, "end": null, "altitudeMode": null, "tessellate": 1, "extrude": 0, "visibility": -1, "drawOrder": null, "icon": null, "NUMPOINTS_exposed": 135.0, "SETTL_NAME": "Phosretar" }, "geometry": { "type": "Polygon", "coordinates": [ [ [ 85.018562045269107, 27.834271987082431, 0.0 ], [ 85.017144820581535, 27.83306848893573, 0.0 ], [ 85.016194569558962, 27.83127726391988, 0.0 ], [ 85.016180297959167, 27.829129979950089, 0.0 ], [ 85.017029654607683, 27.82879735989685, 0.0 ], [ 85.019255284680156, 27.82961740494882, 0.0 ], [ 85.01928112719456, 27.829686213340931, 0.0 ], [ 85.019864073823157, 27.830742301443209, 0.0 ], [ 85.0206358178188, 27.831962182447441, 0.0 ], [ 85.020640900612463, 27.832081801452741, 0.0 ], [ 85.02095436274135, 27.832926613900639, 0.0 ], [ 85.020997407606657, 27.833795137200951, 0.0 ], [ 85.018562045269107, 27.834271987082431, 0.0 ] ] ] } },
{ "type": "Feature", "properties": { "id": null, "Name": "Shree Chiurbanjyang primary school area", "description": null, "timestamp": null, "begin": null, "end": null, "altitudeMode": null, "tessellate": 1, "extrude": 0, "visibility": -1, "drawOrder": null, "icon": null, "NUMPOINTS_exposed": 135.0, "SETTL_NAME": "Baguwa" }, "geometry": { "type": "Polygon", "coordinates": [ [ [ 85.018562045269107, 27.834271987082431, 0.0 ], [ 85.017144820581535, 27.83306848893573, 0.0 ], [ 85.016194569558962, 27.83127726391988, 0.0 ], [ 85.016180297959167, 27.829129979950089, 0.0 ], [ 85.017029654607683, 27.82879735989685, 0.0 ], [ 85.019255284680156, 27.82961740494882, 0.0 ], [ 85.01928112719456, 27.829686213340931, 0.0 ], [ 85.019864073823157, 27.830742301443209, 0.0 ], [ 85.0206358178188, 27.831962182447441, 0.0 ], [ 85.020640900612463, 27.832081801452741, 0.0 ], [ 85.02095436274135, 27.832926613900639, 0.0 ], [ 85.020997407606657, 27.833795137200951, 0.0 ], [ 85.018562045269107, 27.834271987082431, 0.0 ] ] ] } },
{ "type": "Feature", "properties": { "id": null, "Name": "Kolpurtar", "description": null, "timestamp": null, "begin": null, "end": null, "altitudeMode": null, "tessellate": 1, "extrude": 0, "visibility": -1, "drawOrder": null, "icon": null, "NUMPOINTS_exposed": 345.0, "SETTL_NAME": "Kolputar" }, "geometry": { "type": "Polygon", "coordinates": [ [ [ 85.018382700546454, 27.821894861197169, 0.0 ], [ 85.018223522253038, 27.821902869354879, 0.0 ], [ 85.015891013049924, 27.81825485914171, 0.0 ], [ 85.01301140672031, 27.81470968063341, 0.0 ], [ 85.013002356540127, 27.81148785872346, 0.0 ], [ 85.013468117758677, 27.80975805785998, 0.0 ], [ 85.015683227065196, 27.809566053046389, 0.0 ], [ 85.018444583513642, 27.809760410372022, 0.0 ], [ 85.018632917521273, 27.80993684613809, 0.0 ], [ 85.023012455472625, 27.811774408475301, 0.0 ], [ 85.023798818128029, 27.812878571560191, 0.0 ], [ 85.026050351696441, 27.815985968391821, 0.0 ], [ 85.027059780580103, 27.819613461991921, 0.0 ], [ 85.026469394350258, 27.822286124148139, 0.0 ], [ 85.018382700546454, 27.821894861197169, 0.0 ] ] ] } },
{ "type": "Feature", "properties": { "id": null, "Name": "Kolpurtar", "description": null, "timestamp": null, "begin": null, "end": null, "altitudeMode": null, "tessellate": 1, "extrude": 0, "visibility": -1, "drawOrder": null, "icon": null, "NUMPOINTS_exposed": 345.0, "SETTL_NAME": "Bhalayotar" }, "geometry": { "type": "Polygon", "coordinates": [ [ [ 85.018382700546454, 27.821894861197169, 0.0 ], [ 85.018223522253038, 27.821902869354879, 0.0 ], [ 85.015891013049924, 27.81825485914171, 0.0 ], [ 85.01301140672031, 27.81470968063341, 0.0 ], [ 85.013002356540127, 27.81148785872346, 0.0 ], [ 85.013468117758677, 27.80975805785998, 0.0 ], [ 85.015683227065196, 27.809566053046389, 0.0 ], [ 85.018444583513642, 27.809760410372022, 0.0 ], [ 85.018632917521273, 27.80993684613809, 0.0 ], [ 85.023012455472625, 27.811774408475301, 0.0 ], [ 85.023798818128029, 27.812878571560191, 0.0 ], [ 85.026050351696441, 27.815985968391821, 0.0 ], [ 85.027059780580103, 27.819613461991921, 0.0 ], [ 85.026469394350258, 27.822286124148139, 0.0 ], [ 85.018382700546454, 27.821894861197169, 0.0 ] ] ] } },
{ "type": "Feature", "properties": { "id": null, "Name": "Ghartitar", "description": null, "timestamp": null, "begin": null, "end": null, "altitudeMode": null, "tessellate": 1, "extrude": 0, "visibility": -1, "drawOrder": null, "icon": null, "NUMPOINTS_exposed": 146.0, "SETTL_NAME": "Kallerighat" }, "geometry": { "type": "Polygon", "coordinates": [ [ [ 85.013041106034805, 27.808695915768428, 0.0 ], [ 85.012712603219285, 27.80899952882563, 0.0 ], [ 85.010788058705671, 27.81154009250471, 0.0 ], [ 85.009575272190304, 27.812603366603572, 0.0 ], [ 85.009402220569086, 27.81256805661862, 0.0 ], [ 85.006931484171531, 27.811432221469008, 0.0 ], [ 85.003044198240218, 27.81031376872733, 0.0 ], [ 85.005071903142778, 27.80872848372266, 0.0 ], [ 85.007080633605341, 27.807226480282779, 0.0 ], [ 85.013041106034805, 27.808695915768428, 0.0 ] ] ] } },
{ "type": "Feature", "properties": { "id": null, "Name": "Suntar", "description": null, "timestamp": null, "begin": null, "end": null, "altitudeMode": null, "tessellate": 1, "extrude": 0, "visibility": -1, "drawOrder": null, "icon": null, "NUMPOINTS_exposed": 314.0, "SETTL_NAME": "Suntar" }, "geometry": { "type": "Polygon", "coordinates": [ [ [ 84.993394244906554, 27.810631255374791, 0.0 ], [ 84.993253975920069, 27.81057733775739, 0.0 ], [ 84.991436801525353, 27.808656825386059, 0.0 ], [ 84.991488614249718, 27.806538069708431, 0.0 ], [ 84.992818457038766, 27.804712015199101, 0.0 ], [ 84.992913258933527, 27.804579725256861, 0.0 ], [ 84.993001990230198, 27.80449899701302, 0.0 ], [ 84.993143831769089, 27.804415785806849, 0.0 ], [ 84.996437693285813, 27.803548997138229, 0.0 ], [ 84.996544572556999, 27.803518866165408, 0.0 ], [ 84.999709844393635, 27.80294198190094, 0.0 ], [ 85.000023942624978, 27.802926228477752, 0.0 ], [ 85.002144001460906, 27.802819892419471, 0.0 ], [ 85.002466088756819, 27.803024389421012, 0.0 ], [ 85.003132210315158, 27.803763011621982, 0.0 ], [ 85.003248268635062, 27.803959505224491, 0.0 ], [ 85.004097903213463, 27.805184617408312, 0.0 ], [ 85.004392140463949, 27.805944099672619, 0.0 ], [ 85.004402842098102, 27.8069863714653, 0.0 ], [ 85.004246955838738, 27.807189905602591, 0.0 ], [ 85.003795093020145, 27.808208525607402, 0.0 ], [ 85.003368197819427, 27.808841828982739, 0.0 ], [ 85.002800019199341, 27.809793935557941, 0.0 ], [ 84.993394244906554, 27.810631255374791, 0.0 ] ] ] } },
{ "type": "Feature", "properties": { "id": null, "Name": "Suntar", "description": null, "timestamp": null, "begin": null, "end": null, "altitudeMode": null, "tessellate": 1, "extrude": 0, "visibility": -1, "drawOrder": null, "icon": null, "NUMPOINTS_exposed": 314.0, "SETTL_NAME": "Ghartitar" }, "geometry": { "type": "Polygon", "coordinates": [ [ [ 84.993394244906554, 27.810631255374791, 0.0 ], [ 84.993253975920069, 27.81057733775739, 0.0 ], [ 84.991436801525353, 27.808656825386059, 0.0 ], [ 84.991488614249718, 27.806538069708431, 0.0 ], [ 84.992818457038766, 27.804712015199101, 0.0 ], [ 84.992913258933527, 27.804579725256861, 0.0 ], [ 84.993001990230198, 27.80449899701302, 0.0 ], [ 84.993143831769089, 27.804415785806849, 0.0 ], [ 84.996437693285813, 27.803548997138229, 0.0 ], [ 84.996544572556999, 27.803518866165408, 0.0 ], [ 84.999709844393635, 27.80294198190094, 0.0 ], [ 85.000023942624978, 27.802926228477752, 0.0 ], [ 85.002144001460906, 27.802819892419471, 0.0 ], [ 85.002466088756819, 27.803024389421012, 0.0 ], [ 85.003132210315158, 27.803763011621982, 0.0 ], [ 85.003248268635062, 27.803959505224491, 0.0 ], [ 85.004097903213463, 27.805184617408312, 0.0 ], [ 85.004392140463949, 27.805944099672619, 0.0 ], [ 85.004402842098102, 27.8069863714653, 0.0 ], [ 85.004246955838738, 27.807189905602591, 0.0 ], [ 85.003795093020145, 27.808208525607402, 0.0 ], [ 85.003368197819427, 27.808841828982739, 0.0 ], [ 85.002800019199341, 27.809793935557941, 0.0 ], [ 84.993394244906554, 27.810631255374791, 0.0 ] ] ] } },
{ "type": "Feature", "properties": { "id": null, "Name": "Sanyasi Gaun", "description": null, "timestamp": null, "begin": null, "end": null, "altitudeMode": null, "tessellate": 1, "extrude": 0, "visibility": -1, "drawOrder": null, "icon": null, "NUMPOINTS_exposed": 0.0, "SETTL_NAME": "Sinnesigaun" }, "geometry": { "type": "Polygon", "coordinates": [ [ [ 85.016593577397913, 27.804898181682528, 0.0 ], [ 85.013053498602176, 27.802873148473982, 0.0 ], [ 85.012710775473536, 27.800500240545521, 0.0 ], [ 85.014694473364543, 27.79682341547889, 0.0 ], [ 85.017228231177853, 27.79491705250668, 0.0 ], [ 85.019333444528968, 27.79512952478261, 0.0 ], [ 85.019740552287359, 27.795687629781511, 0.0 ], [ 85.022381288489782, 27.798743680049821, 0.0 ], [ 85.022628996947745, 27.802016479287261, 0.0 ], [ 85.022554260068517, 27.8023584056474, 0.0 ], [ 85.019001076983145, 27.805055029707571, 0.0 ], [ 85.016593577397913, 27.804898181682528, 0.0 ] ] ] } },
{ "type": "Feature", "properties": { "id": null, "Name": "Charipauwa", "description": null, "timestamp": null, "begin": null, "end": null, "altitudeMode": null, "tessellate": 1, "extrude": 0, "visibility": -1, "drawOrder": null, "icon": null, "NUMPOINTS_exposed": 480.0, "SETTL_NAME": "Galchhi Bajar" }, "geometry": { "type": "Polygon", "coordinates": [ [ [ 85.008939510844698, 27.804754066353929, 0.0 ], [ 85.003670264306777, 27.802859627816769, 0.0 ], [ 84.999619207660217, 27.800853560211731, 0.0 ], [ 84.995429517353628, 27.796652811802922, 0.0 ], [ 84.99385367288636, 27.794965881386549, 0.0 ], [ 84.995836271737204, 27.793354824526158, 0.0 ], [ 84.996041715832547, 27.79334447447923, 0.0 ], [ 84.999403223249004, 27.793952025401769, 0.0 ], [ 85.002714575351206, 27.795744991731361, 0.0 ], [ 85.002902472669746, 27.79589720393809, 0.0 ], [ 85.008875956993194, 27.800360023561709, 0.0 ], [ 85.010953545896612, 27.800488517821609, 0.0 ], [ 85.011646962585331, 27.80307658157513, 0.0 ], [ 85.01217662180224, 27.806163801555488, 0.0 ], [ 85.008939510844698, 27.804754066353929, 0.0 ] ] ] } },
{ "type": "Feature", "properties": { "id": null, "Name": "Charipauwa", "description": null, "timestamp": null, "begin": null, "end": null, "altitudeMode": null, "tessellate": 1, "extrude": 0, "visibility": -1, "drawOrder": null, "icon": null, "NUMPOINTS_exposed": 480.0, "SETTL_NAME": "Charipauwa" }, "geometry": { "type": "Polygon", "coordinates": [ [ [ 85.008939510844698, 27.804754066353929, 0.0 ], [ 85.003670264306777, 27.802859627816769, 0.0 ], [ 84.999619207660217, 27.800853560211731, 0.0 ], [ 84.995429517353628, 27.796652811802922, 0.0 ], [ 84.99385367288636, 27.794965881386549, 0.0 ], [ 84.995836271737204, 27.793354824526158, 0.0 ], [ 84.996041715832547, 27.79334447447923, 0.0 ], [ 84.999403223249004, 27.793952025401769, 0.0 ], [ 85.002714575351206, 27.795744991731361, 0.0 ], [ 85.002902472669746, 27.79589720393809, 0.0 ], [ 85.008875956993194, 27.800360023561709, 0.0 ], [ 85.010953545896612, 27.800488517821609, 0.0 ], [ 85.011646962585331, 27.80307658157513, 0.0 ], [ 85.01217662180224, 27.806163801555488, 0.0 ], [ 85.008939510844698, 27.804754066353929, 0.0 ] ] ] } },
{ "type": "Feature", "properties": { "id": null, "Name": "rising village secondary school area", "description": null, "timestamp": null, "begin": null, "end": null, "altitudeMode": null, "tessellate": 1, "extrude": 0, "visibility": -1, "drawOrder": null, "icon": null, "NUMPOINTS_exposed": 508.0, "SETTL_NAME": "Maheshdobhan" }, "geometry": { "type": "Polygon", "coordinates": [ [ [ 84.973920981882515, 27.801302493423741, 0.0 ], [ 84.974437765699719, 27.800423424003188, 0.0 ], [ 84.975489280594175, 27.79975811559283, 0.0 ], [ 84.978052610190815, 27.79958581028875, 0.0 ], [ 84.985624959566834, 27.799226046016379, 0.0 ], [ 84.986456162774516, 27.79918417922087, 0.0 ], [ 84.991602519691654, 27.799492410167481, 0.0 ], [ 84.992661865305365, 27.799066695362491, 0.0 ], [ 84.99274052476396, 27.799019253643241, 0.0 ], [ 84.99362842139368, 27.79759759047873, 0.0 ], [ 84.993970883966298, 27.796309398644279, 0.0 ], [ 84.994149390105264, 27.79618247549157, 0.0 ], [ 84.994932909008696, 27.796657939169719, 0.0 ], [ 84.994951921102484, 27.7967170401195, 0.0 ], [ 84.99543034040758, 27.799498657093501, 0.0 ], [ 84.993572715637086, 27.80313310097868, 0.0 ], [ 84.989959021164623, 27.804518765839969, 0.0 ], [ 84.986915492409025, 27.804803350266969, 0.0 ], [ 84.985492538733894, 27.804175057341141, 0.0 ], [ 84.985388428715964, 27.804129088332299, 0.0 ], [ 84.983052022107088, 27.803215710948042, 0.0 ], [ 84.981974881021557, 27.802974846453949, 0.0 ], [ 84.978519381266807, 27.801739311764599, 0.0 ], [ 84.97844901874798, 27.801696246424861, 0.0 ], [ 84.976235053224158, 27.801004139651329, 0.0 ], [ 84.973920981882515, 27.801302493423741, 0.0 ] ] ] } },
{ "type": "Feature", "properties": { "id": null, "Name": "Kyorenitar", "description": null, "timestamp": null, "begin": null, "end": null, "altitudeMode": null, "tessellate": 1, "extrude": 0, "visibility": -1, "drawOrder": null, "icon": null, "NUMPOINTS_exposed": 269.0, "SETTL_NAME": "Kyorenitar" }, "geometry": { "type": "Polygon", "coordinates": [ [ [ 84.972138175885632, 27.817690887717639, 0.0 ], [ 84.971811479262712, 27.81770744918175, 0.0 ], [ 84.967692692343263, 27.81815943431382, 0.0 ], [ 84.965205019401751, 27.817056652687342, 0.0 ], [ 84.965105531787501, 27.816944063533072, 0.0 ], [ 84.964855114113277, 27.815603600499291, 0.0 ], [ 84.965510013340491, 27.814251194944621, 0.0 ], [ 84.965518053342251, 27.814141783546621, 0.0 ], [ 84.96597087437101, 27.812902232103429, 0.0 ], [ 84.966046578702588, 27.812757497100421, 0.0 ], [ 84.967340303275947, 27.81192526304455, 0.0 ], [ 84.967472747457805, 27.811884036098039, 0.0 ], [ 84.970019529351731, 27.811720729964971, 0.0 ], [ 84.97142702954298, 27.81089764388102, 0.0 ], [ 84.971556367631237, 27.810891105484121, 0.0 ], [ 84.971750293054157, 27.810915190795669, 0.0 ], [ 84.973639937032061, 27.811503177842312, 0.0 ], [ 84.973551213339434, 27.81199275499851, 0.0 ], [ 84.973524201980439, 27.81230889983496, 0.0 ], [ 84.973469004810511, 27.814841448986829, 0.0 ], [ 84.972950899749151, 27.817040590188022, 0.0 ], [ 84.972138175885632, 27.817690887717639, 0.0 ] ] ] } },
{ "type": "Feature", "properties": { "id": null, "Name": "Kali Devi Temple area", "description": null, "timestamp": null, "begin": null, "end": null, "altitudeMode": null, "tessellate": 1, "extrude": 0, "visibility": -1, "drawOrder": null, "icon": null, "NUMPOINTS_exposed": 132.0, "SETTL_NAME": "Mashatar" }, "geometry": { "type": "Polygon", "coordinates": [ [ [ 84.971465585552892, 27.809290074824158, 0.0 ], [ 84.971988542193515, 27.805339923523022, 0.0 ], [ 84.973746352237157, 27.803234077922319, 0.0 ], [ 84.973857091879452, 27.80312648504907, 0.0 ], [ 84.974609354868818, 27.8026576032874, 0.0 ], [ 84.974729976924081, 27.802608975181471, 0.0 ], [ 84.9769564106426, 27.802468531445861, 0.0 ], [ 84.979083213620399, 27.80273284516846, 0.0 ], [ 84.980975530377563, 27.80341820327854, 0.0 ], [ 84.981207915333101, 27.80436224992151, 0.0 ], [ 84.9810863978161, 27.804735249424141, 0.0 ], [ 84.980556111670836, 27.80548342155771, 0.0 ], [ 84.980223732044536, 27.805433533560961, 0.0 ], [ 84.978280951413993, 27.805548287105619, 0.0 ], [ 84.973698877921251, 27.808769157177121, 0.0 ], [ 84.973540328073526, 27.80881569229258, 0.0 ], [ 84.973129734739132, 27.80901062196347, 0.0 ], [ 84.972373388948171, 27.809840227879931, 0.0 ], [ 84.971465585552892, 27.809290074824158, 0.0 ] ] ] } },
{ "type": "Feature", "properties": { "id": null, "Name": "Kali Devi Temple area", "description": null, "timestamp": null, "begin": null, "end": null, "altitudeMode": null, "tessellate": 1, "extrude": 0, "visibility": -1, "drawOrder": null, "icon": null, "NUMPOINTS_exposed": 132.0, "SETTL_NAME": "Handikholatar" }, "geometry": { "type": "Polygon", "coordinates": [ [ [ 84.971465585552892, 27.809290074824158, 0.0 ], [ 84.971988542193515, 27.805339923523022, 0.0 ], [ 84.973746352237157, 27.803234077922319, 0.0 ], [ 84.973857091879452, 27.80312648504907, 0.0 ], [ 84.974609354868818, 27.8026576032874, 0.0 ], [ 84.974729976924081, 27.802608975181471, 0.0 ], [ 84.9769564106426, 27.802468531445861, 0.0 ], [ 84.979083213620399, 27.80273284516846, 0.0 ], [ 84.980975530377563, 27.80341820327854, 0.0 ], [ 84.981207915333101, 27.80436224992151, 0.0 ], [ 84.9810863978161, 27.804735249424141, 0.0 ], [ 84.980556111670836, 27.80548342155771, 0.0 ], [ 84.980223732044536, 27.805433533560961, 0.0 ], [ 84.978280951413993, 27.805548287105619, 0.0 ], [ 84.973698877921251, 27.808769157177121, 0.0 ], [ 84.973540328073526, 27.80881569229258, 0.0 ], [ 84.973129734739132, 27.80901062196347, 0.0 ], [ 84.972373388948171, 27.809840227879931, 0.0 ], [ 84.971465585552892, 27.809290074824158, 0.0 ] ] ] } },
{ "type": "Feature", "properties": { "id": null, "Name": "Mastar", "description": null, "timestamp": null, "begin": null, "end": null, "altitudeMode": null, "tessellate": 1, "extrude": 0, "visibility": -1, "drawOrder": null, "icon": null, "NUMPOINTS_exposed": 267.0, "SETTL_NAME": null }, "geometry": { "type": "Polygon", "coordinates": [ [ [ 84.957237260733351, 27.813892788851579, 0.0 ], [ 84.959958449099972, 27.81136175671552, 0.0 ], [ 84.960465735814097, 27.811060842915271, 0.0 ], [ 84.963048734946838, 27.809879884606872, 0.0 ], [ 84.963221070790624, 27.809819101363999, 0.0 ], [ 84.964817019051878, 27.80887195199978, 0.0 ], [ 84.965874908076074, 27.80903617407159, 0.0 ], [ 84.965329697827201, 27.810239210555171, 0.0 ], [ 84.96525432498342, 27.810367722772799, 0.0 ], [ 84.965198260759337, 27.81051394934747, 0.0 ], [ 84.963992772499438, 27.811624346861549, 0.0 ], [ 84.96391118784463, 27.811760819895131, 0.0 ], [ 84.962348103149239, 27.81415217027148, 0.0 ], [ 84.960860125128391, 27.816812691752329, 0.0 ], [ 84.958874992726152, 27.81731271729198, 0.0 ], [ 84.957399477378473, 27.817387657372759, 0.0 ], [ 84.955154515269641, 27.817032561067052, 0.0 ], [ 84.957237260733351, 27.813892788851579, 0.0 ] ] ] } },
{ "type": "Feature", "properties": { "id": null, "Name": "Adam ghat area", "description": null, "timestamp": null, "begin": null, "end": null, "altitudeMode": null, "tessellate": 1, "extrude": 0, "visibility": -1, "drawOrder": null, "icon": null, "NUMPOINTS_exposed": 127.0, "SETTL_NAME": "Adamghat" }, "geometry": { "type": "Polygon", "coordinates": [ [ [ 84.944962369693172, 27.81216683784222, 0.0 ], [ 84.943330156751529, 27.81000321559824, 0.0 ], [ 84.942172369722314, 27.808338062860241, 0.0 ], [ 84.942119897276399, 27.80821148594789, 0.0 ], [ 84.941511561855194, 27.806664377856659, 0.0 ], [ 84.941471532859751, 27.806488888615451, 0.0 ], [ 84.941181383792241, 27.805541704047759, 0.0 ], [ 84.941301295715064, 27.804943384234249, 0.0 ], [ 84.941403924897401, 27.80487056402513, 0.0 ], [ 84.941921728613949, 27.804777099729019, 0.0 ], [ 84.943089007755049, 27.80489411267266, 0.0 ], [ 84.943162293515712, 27.804931222682221, 0.0 ], [ 84.944450019518484, 27.80555988024221, 0.0 ], [ 84.94531178535189, 27.806472754210709, 0.0 ], [ 84.945338479002402, 27.806620561680528, 0.0 ], [ 84.94559560427605, 27.807764123616529, 0.0 ], [ 84.945627630657484, 27.807810207542961, 0.0 ], [ 84.945687453930034, 27.80806353232305, 0.0 ], [ 84.946089038927056, 27.80917048138161, 0.0 ], [ 84.946139341522482, 27.809270445903071, 0.0 ], [ 84.9462060589304, 27.809456331294829, 0.0 ], [ 84.94658479080239, 27.810391938416011, 0.0 ], [ 84.946584327448377, 27.810482589354049, 0.0 ], [ 84.94679876896258, 27.811229703068442, 0.0 ], [ 84.946725631343654, 27.81144137764122, 0.0 ], [ 84.946502076384235, 27.812069217349169, 0.0 ], [ 84.944962369693172, 27.81216683784222, 0.0 ] ] ] } },
{ "type": "Feature", "properties": { "id": null, "Name": "Belukhu bazar", "description": null, "timestamp": null, "begin": null, "end": null, "altitudeMode": null, "tessellate": 1, "extrude": 0, "visibility": -1, "drawOrder": null, "icon": null, "NUMPOINTS_exposed": 122.0, "SETTL_NAME": "Belkhu" }, "geometry": { "type": "Polygon", "coordinates": [ [ [ 84.94855234877781, 27.81455168237618, 0.0 ], [ 84.948404117533187, 27.81304710606322, 0.0 ], [ 84.948480568906959, 27.812910105328921, 0.0 ], [ 84.949314757477367, 27.81238585335111, 0.0 ], [ 84.952459162614431, 27.812817469337109, 0.0 ], [ 84.955336580092876, 27.81427978014759, 0.0 ], [ 84.955647116218231, 27.815406696792099, 0.0 ], [ 84.955429353782193, 27.815995467525529, 0.0 ], [ 84.952154678737855, 27.815651903650199, 0.0 ], [ 84.94855234877781, 27.81455168237618, 0.0 ] ] ] } },
{ "type": "Feature", "properties": { "id": null, "Name": "Sundar basti", "description": null, "timestamp": null, "begin": null, "end": null, "altitudeMode": null, "tessellate": 1, "extrude": 0, "visibility": -1, "drawOrder": null, "icon": null, "NUMPOINTS_exposed": 0.0, "SETTL_NAME": null }, "geometry": { "type": "Polygon", "coordinates": [ [ [ 84.959385885465352, 27.825838850130481, 0.0 ], [ 84.959251021628347, 27.825845713063622, 0.0 ], [ 84.956011582663379, 27.823513603899912, 0.0 ], [ 84.95547701592379, 27.82075445328692, 0.0 ], [ 84.955524959970091, 27.82064233831634, 0.0 ], [ 84.956793728160534, 27.8200354596501, 0.0 ], [ 84.959178255998651, 27.82061101592361, 0.0 ], [ 84.960628413615524, 27.821683627606401, 0.0 ], [ 84.960892568311692, 27.823164039046251, 0.0 ], [ 84.960854904051047, 27.823396218019852, 0.0 ], [ 84.960169772263669, 27.82516832005695, 0.0 ], [ 84.959385885465352, 27.825838850130481, 0.0 ] ] ] } },
{ "type": "Feature", "properties": { "id": null, "Name": "Bhutiya ", "description": null, "timestamp": null, "begin": null, "end": null, "altitudeMode": null, "tessellate": 1, "extrude": 0, "visibility": -1, "drawOrder": null, "icon": null, "NUMPOINTS_exposed": 42.0, "SETTL_NAME": "Belintar" }, "geometry": { "type": "Polygon", "coordinates": [ [ [ 84.956236297137067, 27.819202326625859, 0.0 ], [ 84.955632963401996, 27.819446515461951, 0.0 ], [ 84.955441933563293, 27.819551680093259, 0.0 ], [ 84.954871514655366, 27.820087344745279, 0.0 ], [ 84.954851774262522, 27.820112705071281, 0.0 ], [ 84.953936332228039, 27.820403673518928, 0.0 ], [ 84.952631090308628, 27.820127357472089, 0.0 ], [ 84.952258154440869, 27.81933194009364, 0.0 ], [ 84.952245319167119, 27.819191304534709, 0.0 ], [ 84.952673404216853, 27.818473831416771, 0.0 ], [ 84.952937389069589, 27.818209674125729, 0.0 ], [ 84.953228594469024, 27.81801398607794, 0.0 ], [ 84.953662289428834, 27.816995639792321, 0.0 ], [ 84.955285739103516, 27.817887834335181, 0.0 ], [ 84.955449234051187, 27.818083150027839, 0.0 ], [ 84.956236297137067, 27.819202326625859, 0.0 ] ] ] } },
{ "type": "Feature", "properties": { "id": null, "Name": "Belintar", "description": null, "timestamp": null, "begin": null, "end": null, "altitudeMode": null, "tessellate": 1, "extrude": 0, "visibility": -1, "drawOrder": null, "icon": null, "NUMPOINTS_exposed": 160.0, "SETTL_NAME": null }, "geometry": { "type": "Polygon", "coordinates": [ [ [ 84.946761079942249, 27.821582199599959, 0.0 ], [ 84.946469846482827, 27.82154611180475, 0.0 ], [ 84.944489993175267, 27.82064882910106, 0.0 ], [ 84.942506096161594, 27.81786345478347, 0.0 ], [ 84.938950882030525, 27.816433605118618, 0.0 ], [ 84.939089164156599, 27.8148319429359, 0.0 ], [ 84.939062411334604, 27.813387351136129, 0.0 ], [ 84.939095660949462, 27.813274997302649, 0.0 ], [ 84.940280403981461, 27.81279585165959, 0.0 ], [ 84.940300252787935, 27.812794857129731, 0.0 ], [ 84.942241472448998, 27.813302066220409, 0.0 ], [ 84.943751255826896, 27.813769934034731, 0.0 ], [ 84.943826864922897, 27.813861057408062, 0.0 ], [ 84.944829928763909, 27.814918551092049, 0.0 ], [ 84.944933688843932, 27.815032785645009, 0.0 ], [ 84.946150294257464, 27.816322956484129, 0.0 ], [ 84.946481444143913, 27.816687170031031, 0.0 ], [ 84.947182255012009, 27.81776128599294, 0.0 ], [ 84.947162387052359, 27.81809736858408, 0.0 ], [ 84.947775978405048, 27.821202718764059, 0.0 ], [ 84.946761079942249, 27.821582199599959, 0.0 ] ] ] } },
{ "type": "Feature", "properties": { "id": null, "Name": "Adamtar", "description": null, "timestamp": null, "begin": null, "end": null, "altitudeMode": null, "tessellate": 1, "extrude": 0, "visibility": -1, "drawOrder": null, "icon": null, "NUMPOINTS_exposed": 285.0, "SETTL_NAME": "Adamtar" }, "geometry": { "type": "Polygon", "coordinates": [ [ [ 84.93676461518433, 27.812455434796949, 0.0 ], [ 84.936607393937948, 27.812431499433369, 0.0 ], [ 84.934444183774929, 27.810076790243961, 0.0 ], [ 84.931226471525633, 27.807376645495012, 0.0 ], [ 84.930741128825048, 27.805580000195729, 0.0 ], [ 84.930741285936747, 27.805501833642921, 0.0 ], [ 84.931589739311093, 27.803685174959849, 0.0 ], [ 84.93167032056985, 27.803582548538309, 0.0 ], [ 84.934195982049815, 27.803901944412448, 0.0 ], [ 84.934688757739622, 27.804354526015661, 0.0 ], [ 84.937583929056629, 27.805603844148742, 0.0 ], [ 84.938529126257464, 27.805954106342242, 0.0 ], [ 84.938994762483176, 27.806279149561899, 0.0 ], [ 84.940173486226314, 27.806735571483191, 0.0 ], [ 84.940981493861571, 27.808146129720651, 0.0 ], [ 84.941542952115995, 27.809958953544989, 0.0 ], [ 84.941556750041627, 27.810259276640259, 0.0 ], [ 84.940938314991257, 27.81243701349327, 0.0 ], [ 84.93676461518433, 27.812455434796949, 0.0 ] ] ] } },
{ "type": "Feature", "properties": { "id": null, "Name": "Jarekhet", "description": null, "timestamp": null, "begin": null, "end": null, "altitudeMode": null, "tessellate": 1, "extrude": 0, "visibility": -1, "drawOrder": null, "icon": null, "NUMPOINTS_exposed": 125.0, "SETTL_NAME": "Banchetar" }, "geometry": { "type": "Polygon", "coordinates": [ [ [ 84.93701098841612, 27.804485502243551, 0.0 ], [ 84.935448310427375, 27.803817292088532, 0.0 ], [ 84.931626946218103, 27.80166308236673, 0.0 ], [ 84.929177477941479, 27.800057537269691, 0.0 ], [ 84.926216183328691, 27.798335356524969, 0.0 ], [ 84.925466362867553, 27.797657806853181, 0.0 ], [ 84.926106398532539, 27.796451755652861, 0.0 ], [ 84.926133337695973, 27.79642688353572, 0.0 ], [ 84.92687935627599, 27.795899475277668, 0.0 ], [ 84.927090544338228, 27.79588891075781, 0.0 ], [ 84.929023257293764, 27.795978030382429, 0.0 ], [ 84.929076939127043, 27.79599864551497, 0.0 ], [ 84.93169655406021, 27.796957896021929, 0.0 ], [ 84.933958960341272, 27.79762507705745, 0.0 ], [ 84.934018647136995, 27.79767148434355, 0.0 ], [ 84.935877870744591, 27.79865842290085, 0.0 ], [ 84.937533499187808, 27.800545843221268, 0.0 ], [ 84.937574332626923, 27.80062500897143, 0.0 ], [ 84.938520478406048, 27.802556647617489, 0.0 ], [ 84.939458841858325, 27.80370458804904, 0.0 ], [ 84.938952850726039, 27.804660491922551, 0.0 ], [ 84.93701098841612, 27.804485502243551, 0.0 ] ] ] } },
{ "type": "Feature", "properties": { "id": null, "Name": "Amantaar", "description": null, "timestamp": null, "begin": null, "end": null, "altitudeMode": null, "tessellate": 1, "extrude": 0, "visibility": -1, "drawOrder": null, "icon": null, "NUMPOINTS_exposed": 116.0, "SETTL_NAME": "Amantar" }, "geometry": { "type": "Polygon", "coordinates": [ [ [ 84.921403780790527, 27.799210193703111, 0.0 ], [ 84.922339796485119, 27.798645262994739, 0.0 ], [ 84.924308629016707, 27.799114644763439, 0.0 ], [ 84.924454763498019, 27.799182121863279, 0.0 ], [ 84.925149386254773, 27.80088876516653, 0.0 ], [ 84.923444802393504, 27.803255113329261, 0.0 ], [ 84.923290318263582, 27.803459825160051, 0.0 ], [ 84.923029087278621, 27.803784671085239, 0.0 ], [ 84.917985222640525, 27.80975826116428, 0.0 ], [ 84.917798333664365, 27.809900800291189, 0.0 ], [ 84.915348285369305, 27.81107175903923, 0.0 ], [ 84.91212254143835, 27.810892920322789, 0.0 ], [ 84.911307075537579, 27.807742091881831, 0.0 ], [ 84.911453394713931, 27.807361824826021, 0.0 ], [ 84.912284002906233, 27.8060438016288, 0.0 ], [ 84.912916887722901, 27.80527298141844, 0.0 ], [ 84.912980114096968, 27.805182128047559, 0.0 ], [ 84.913759083414334, 27.80402229461863, 0.0 ], [ 84.914003698777975, 27.80364414986331, 0.0 ], [ 84.915263662645003, 27.80266898128389, 0.0 ], [ 84.915666342124254, 27.80243125222119, 0.0 ], [ 84.915866736720631, 27.80231294544809, 0.0 ], [ 84.916123479683165, 27.802138313438341, 0.0 ], [ 84.918569515504913, 27.80119191599163, 0.0 ], [ 84.919287111903472, 27.800868338399109, 0.0 ], [ 84.920139541930084, 27.800566263229801, 0.0 ], [ 84.922398912677224, 27.79986400605809, 0.0 ], [ 84.921403780790527, 27.799210193703111, 0.0 ] ] ] } },
{ "type": "Feature", "properties": { "id": null, "Name": "Amantaar", "description": null, "timestamp": null, "begin": null, "end": null, "altitudeMode": null, "tessellate": 1, "extrude": 0, "visibility": -1, "drawOrder": null, "icon": null, "NUMPOINTS_exposed": 116.0, "SETTL_NAME": "Sindure" }, "geometry": { "type": "Polygon", "coordinates": [ [ [ 84.921403780790527, 27.799210193703111, 0.0 ], [ 84.922339796485119, 27.798645262994739, 0.0 ], [ 84.924308629016707, 27.799114644763439, 0.0 ], [ 84.924454763498019, 27.799182121863279, 0.0 ], [ 84.925149386254773, 27.80088876516653, 0.0 ], [ 84.923444802393504, 27.803255113329261, 0.0 ], [ 84.923290318263582, 27.803459825160051, 0.0 ], [ 84.923029087278621, 27.803784671085239, 0.0 ], [ 84.917985222640525, 27.80975826116428, 0.0 ], [ 84.917798333664365, 27.809900800291189, 0.0 ], [ 84.915348285369305, 27.81107175903923, 0.0 ], [ 84.91212254143835, 27.810892920322789, 0.0 ], [ 84.911307075537579, 27.807742091881831, 0.0 ], [ 84.911453394713931, 27.807361824826021, 0.0 ], [ 84.912284002906233, 27.8060438016288, 0.0 ], [ 84.912916887722901, 27.80527298141844, 0.0 ], [ 84.912980114096968, 27.805182128047559, 0.0 ], [ 84.913759083414334, 27.80402229461863, 0.0 ], [ 84.914003698777975, 27.80364414986331, 0.0 ], [ 84.915263662645003, 27.80266898128389, 0.0 ], [ 84.915666342124254, 27.80243125222119, 0.0 ], [ 84.915866736720631, 27.80231294544809, 0.0 ], [ 84.916123479683165, 27.802138313438341, 0.0 ], [ 84.918569515504913, 27.80119191599163, 0.0 ], [ 84.919287111903472, 27.800868338399109, 0.0 ], [ 84.920139541930084, 27.800566263229801, 0.0 ], [ 84.922398912677224, 27.79986400605809, 0.0 ], [ 84.921403780790527, 27.799210193703111, 0.0 ] ] ] } },
{ "type": "Feature", "properties": { "id": null, "Name": "Thulo gaun", "description": null, "timestamp": null, "begin": null, "end": null, "altitudeMode": null, "tessellate": 1, "extrude": 0, "visibility": -1, "drawOrder": null, "icon": null, "NUMPOINTS_exposed": 27.0, "SETTL_NAME": null }, "geometry": { "type": "Polygon", "coordinates": [ [ [ 84.930593370471243, 27.810996075408369, 0.0 ], [ 84.930268498866639, 27.811187080221281, 0.0 ], [ 84.928160331025595, 27.81326696608097, 0.0 ], [ 84.926360357093813, 27.814665967356571, 0.0 ], [ 84.926166810070782, 27.814751762369831, 0.0 ], [ 84.924962339088395, 27.81462258837767, 0.0 ], [ 84.92402553617795, 27.814405449753881, 0.0 ], [ 84.923460490579856, 27.813028136097909, 0.0 ], [ 84.923812741731126, 27.811863530256531, 0.0 ], [ 84.924186825450306, 27.811040399522561, 0.0 ], [ 84.925805745212742, 27.809967850595179, 0.0 ], [ 84.926147463322508, 27.809883240817641, 0.0 ], [ 84.926242947768031, 27.809878440817549, 0.0 ], [ 84.927339673207314, 27.80992449754735, 0.0 ], [ 84.92759960289473, 27.809945218606149, 0.0 ], [ 84.930226044552811, 27.809880853310901, 0.0 ], [ 84.930593370471243, 27.810996075408369, 0.0 ] ] ] } },
{ "type": "Feature", "properties": { "id": null, "Name": "pIDA BRIDGE AREA", "description": null, "timestamp": null, "begin": null, "end": null, "altitudeMode": null, "tessellate": 1, "extrude": 0, "visibility": -1, "drawOrder": null, "icon": null, "NUMPOINTS_exposed": 24.0, "SETTL_NAME": null }, "geometry": { "type": "Polygon", "coordinates": [ [ [ 84.91870251537911, 27.79827895298132, 0.0 ], [ 84.918594536260429, 27.798647741226642, 0.0 ], [ 84.918576622300833, 27.79875356444963, 0.0 ], [ 84.918233902102884, 27.79971883711303, 0.0 ], [ 84.917318326839876, 27.800793251557909, 0.0 ], [ 84.91618454377253, 27.80112624772601, 0.0 ], [ 84.915299145325207, 27.801077829410069, 0.0 ], [ 84.91475515711322, 27.80046351303497, 0.0 ], [ 84.914800837376788, 27.80035200937818, 0.0 ], [ 84.91530967771304, 27.799301947126349, 0.0 ], [ 84.915418583478498, 27.799125543304982, 0.0 ], [ 84.91547472973221, 27.799088949403089, 0.0 ], [ 84.915817044407333, 27.798812844019452, 0.0 ], [ 84.915952908244648, 27.79872794431634, 0.0 ], [ 84.916440102569339, 27.798505149392479, 0.0 ], [ 84.916793226022918, 27.79805039529565, 0.0 ], [ 84.916833406772625, 27.79799463348964, 0.0 ], [ 84.916968540662282, 27.79789320506617, 0.0 ], [ 84.917419320560185, 27.79782961573774, 0.0 ], [ 84.91870251537911, 27.79827895298132, 0.0 ] ] ] } },
{ "type": "Feature", "properties": { "id": null, "Name": "Ghatbesi ", "description": null, "timestamp": null, "begin": null, "end": null, "altitudeMode": null, "tessellate": 1, "extrude": 0, "visibility": -1, "drawOrder": null, "icon": null, "NUMPOINTS_exposed": 145.0, "SETTL_NAME": null }, "geometry": { "type": "Polygon", "coordinates": [ [ [ 84.90380185976251, 27.80695868439145, 0.0 ], [ 84.903547636944069, 27.806984093850069, 0.0 ], [ 84.902882449296612, 27.806350480366682, 0.0 ], [ 84.902865724744032, 27.80630315664289, 0.0 ], [ 84.902786575626649, 27.804603944250321, 0.0 ], [ 84.902848231292339, 27.804484949366781, 0.0 ], [ 84.904307985931354, 27.803297837282219, 0.0 ], [ 84.905221094979566, 27.802583579523219, 0.0 ], [ 84.906649540702404, 27.802488327429181, 0.0 ], [ 84.909797537600326, 27.802641535053471, 0.0 ], [ 84.912055711933803, 27.802933886810269, 0.0 ], [ 84.91334467599485, 27.803619075482189, 0.0 ], [ 84.913215298344497, 27.804140428480569, 0.0 ], [ 84.912984384405149, 27.804256456894549, 0.0 ], [ 84.910278285585377, 27.804672927419031, 0.0 ], [ 84.909947362893519, 27.80467179907102, 0.0 ], [ 84.908416068490837, 27.804467444724221, 0.0 ], [ 84.90821506827784, 27.804477494942081, 0.0 ], [ 84.906696435111755, 27.80499404284787, 0.0 ], [ 84.906530902861121, 27.8051990661579, 0.0 ], [ 84.905870439614958, 27.80605588177222, 0.0 ], [ 84.904379097557978, 27.80710259975978, 0.0 ], [ 84.90380185976251, 27.80695868439145, 0.0 ] ] ] } },
{ "type": "Feature", "properties": { "id": null, "Name": "Pipaltar", "description": null, "timestamp": null, "begin": null, "end": null, "altitudeMode": null, "tessellate": 1, "extrude": 0, "visibility": -1, "drawOrder": null, "icon": null, "NUMPOINTS_exposed": 127.0, "SETTL_NAME": "Pipaltar" }, "geometry": { "type": "Polygon", "coordinates": [ [ [ 84.899428516137363, 27.814099458013821, 0.0 ], [ 84.89928472239761, 27.814034959466479, 0.0 ], [ 84.898195148795992, 27.8132908401777, 0.0 ], [ 84.898205134852077, 27.8131980177168, 0.0 ], [ 84.898521055796635, 27.811384034622829, 0.0 ], [ 84.898407954763115, 27.809342449319999, 0.0 ], [ 84.898360998144042, 27.80924704482652, 0.0 ], [ 84.900231185458594, 27.808690030563721, 0.0 ], [ 84.902059603688755, 27.808257167332471, 0.0 ], [ 84.902305294531345, 27.808282554450251, 0.0 ], [ 84.903139522382972, 27.808411151901549, 0.0 ], [ 84.904383389009269, 27.808597241687359, 0.0 ], [ 84.905835677030424, 27.808814512608691, 0.0 ], [ 84.907529365953522, 27.80856799093808, 0.0 ], [ 84.909604924181068, 27.808732217190641, 0.0 ], [ 84.910530994056998, 27.809921130196411, 0.0 ], [ 84.910570294830308, 27.810115710577652, 0.0 ], [ 84.910821884951417, 27.811046254463911, 0.0 ], [ 84.91078548954016, 27.811339393464209, 0.0 ], [ 84.910530403021696, 27.812181953486249, 0.0 ], [ 84.910275099059362, 27.81264802668019, 0.0 ], [ 84.909653729127655, 27.813293327846502, 0.0 ], [ 84.909489444152683, 27.81345688275395, 0.0 ], [ 84.907376521579025, 27.816183256490181, 0.0 ], [ 84.905938617132577, 27.817696354863259, 0.0 ], [ 84.905665973605537, 27.817710060878749, 0.0 ], [ 84.899708006328297, 27.816067834218948, 0.0 ], [ 84.899428516137363, 27.814099458013821, 0.0 ] ] ] } },
{ "type": "Feature", "properties": { "id": null, "Name": "Galaudi", "description": null, "timestamp": null, "begin": null, "end": null, "altitudeMode": null, "tessellate": 1, "extrude": 0, "visibility": -1, "drawOrder": null, "icon": null, "NUMPOINTS_exposed": 61.0, "SETTL_NAME": null }, "geometry": { "type": "Polygon", "coordinates": [ [ [ 84.88982048588143, 27.809166760000309, 0.0 ], [ 84.889120282284466, 27.8088220305855, 0.0 ], [ 84.889091490669244, 27.808719036092569, 0.0 ], [ 84.889051429155202, 27.80798269579218, 0.0 ], [ 84.890082888012174, 27.807471401317471, 0.0 ], [ 84.890408643892954, 27.80698531008446, 0.0 ], [ 84.890467326856893, 27.806963006432341, 0.0 ], [ 84.890724702254545, 27.806815042217551, 0.0 ], [ 84.891804182450358, 27.805654217183701, 0.0 ], [ 84.892032796022306, 27.80549692078262, 0.0 ], [ 84.893567895367212, 27.80505969561446, 0.0 ], [ 84.894262904299467, 27.804953550390191, 0.0 ], [ 84.896189716379084, 27.805361529287499, 0.0 ], [ 84.896701708192694, 27.805537315166699, 0.0 ], [ 84.897268395885305, 27.806124573138518, 0.0 ], [ 84.897317713257991, 27.80627397481652, 0.0 ], [ 84.897108784093575, 27.80653348060326, 0.0 ], [ 84.897016447102502, 27.80657667110345, 0.0 ], [ 84.896077579212005, 27.806876033236978, 0.0 ], [ 84.895829736072102, 27.806907987011531, 0.0 ], [ 84.89575318605624, 27.806911825791051, 0.0 ], [ 84.894627121189316, 27.807164495921359, 0.0 ], [ 84.894493066519857, 27.80721066569739, 0.0 ], [ 84.892128386138836, 27.80776782158939, 0.0 ], [ 84.890053887744457, 27.808278089509749, 0.0 ], [ 84.88982048588143, 27.809166760000309, 0.0 ] ] ] } },
{ "type": "Feature", "properties": { "id": null, "Name": "Gajuri bajar", "description": null, "timestamp": null, "begin": null, "end": null, "altitudeMode": null, "tessellate": 1, "extrude": 0, "visibility": -1, "drawOrder": null, "icon": null, "NUMPOINTS_exposed": 531.0, "SETTL_NAME": "Gajuri Bajar" }, "geometry": { "type": "Polygon", "coordinates": [ [ [ 84.87225574841986, 27.80754334066993, 0.0 ], [ 84.872370270913592, 27.80394578668264, 0.0 ], [ 84.873964038363624, 27.802444402235398, 0.0 ], [ 84.878572857159114, 27.80119469514711, 0.0 ], [ 84.881729802672936, 27.801721496442479, 0.0 ], [ 84.884522593161478, 27.802627557739989, 0.0 ], [ 84.887195524492014, 27.802886913562219, 0.0 ], [ 84.887278981348999, 27.80465157229736, 0.0 ], [ 84.886681900785064, 27.806473893021732, 0.0 ], [ 84.88651393375082, 27.80665237854976, 0.0 ], [ 84.885062488457976, 27.807975651275921, 0.0 ], [ 84.884672811259463, 27.80808259391419, 0.0 ], [ 84.880609214945395, 27.809124341190831, 0.0 ], [ 84.87225574841986, 27.80754334066993, 0.0 ] ] ] } },
{ "type": "Feature", "properties": { "id": null, "Name": "Samitar basic school area", "description": null, "timestamp": null, "begin": null, "end": null, "altitudeMode": null, "tessellate": 1, "extrude": 0, "visibility": -1, "drawOrder": null, "icon": null, "NUMPOINTS_exposed": 133.0, "SETTL_NAME": "Majhitar" }, "geometry": { "type": "Polygon", "coordinates": [ [ [ 84.860209175814163, 27.808845710582538, 0.0 ], [ 84.861117949232295, 27.807688128013421, 0.0 ], [ 84.861258402827175, 27.807491882247351, 0.0 ], [ 84.862467252560933, 27.806050083822999, 0.0 ], [ 84.862520092386404, 27.805980078117411, 0.0 ], [ 84.862647295403676, 27.805884144856101, 0.0 ], [ 84.863883495013667, 27.80466140553245, 0.0 ], [ 84.864271996116955, 27.80442821129046, 0.0 ], [ 84.865513561309129, 27.803817917020329, 0.0 ], [ 84.865843659868844, 27.803655654637488, 0.0 ], [ 84.867745537402939, 27.803477731053299, 0.0 ], [ 84.86972908948627, 27.80421953021434, 0.0 ], [ 84.86975292291379, 27.804218339238229, 0.0 ], [ 84.870571889328403, 27.804564213021351, 0.0 ], [ 84.870192104390796, 27.806903619658389, 0.0 ], [ 84.867187178358805, 27.80901773663944, 0.0 ], [ 84.867111798895863, 27.809121898882879, 0.0 ], [ 84.864500689143753, 27.810353374893658, 0.0 ], [ 84.861674560296748, 27.811394113441921, 0.0 ], [ 84.860209175814163, 27.808845710582538, 0.0 ] ] ] } },
{ "type": "Feature", "properties": { "id": null, "Name": "Samitar basic school area", "description": null, "timestamp": null, "begin": null, "end": null, "altitudeMode": null, "tessellate": 1, "extrude": 0, "visibility": -1, "drawOrder": null, "icon": null, "NUMPOINTS_exposed": 133.0, "SETTL_NAME": "Beldanda" }, "geometry": { "type": "Polygon", "coordinates": [ [ [ 84.860209175814163, 27.808845710582538, 0.0 ], [ 84.861117949232295, 27.807688128013421, 0.0 ], [ 84.861258402827175, 27.807491882247351, 0.0 ], [ 84.862467252560933, 27.806050083822999, 0.0 ], [ 84.862520092386404, 27.805980078117411, 0.0 ], [ 84.862647295403676, 27.805884144856101, 0.0 ], [ 84.863883495013667, 27.80466140553245, 0.0 ], [ 84.864271996116955, 27.80442821129046, 0.0 ], [ 84.865513561309129, 27.803817917020329, 0.0 ], [ 84.865843659868844, 27.803655654637488, 0.0 ], [ 84.867745537402939, 27.803477731053299, 0.0 ], [ 84.86972908948627, 27.80421953021434, 0.0 ], [ 84.86975292291379, 27.804218339238229, 0.0 ], [ 84.870571889328403, 27.804564213021351, 0.0 ], [ 84.870192104390796, 27.806903619658389, 0.0 ], [ 84.867187178358805, 27.80901773663944, 0.0 ], [ 84.867111798895863, 27.809121898882879, 0.0 ], [ 84.864500689143753, 27.810353374893658, 0.0 ], [ 84.861674560296748, 27.811394113441921, 0.0 ], [ 84.860209175814163, 27.808845710582538, 0.0 ] ] ] } },
{ "type": "Feature", "properties": { "id": null, "Name": "Chalise", "description": null, "timestamp": null, "begin": null, "end": null, "altitudeMode": null, "tessellate": 1, "extrude": 0, "visibility": -1, "drawOrder": null, "icon": null, "NUMPOINTS_exposed": 54.0, "SETTL_NAME": "Chalise" }, "geometry": { "type": "Polygon", "coordinates": [ [ [ 84.864732022540394, 27.801308279877802, 0.0 ], [ 84.864870503261443, 27.80052399874285, 0.0 ], [ 84.864877614876733, 27.80047670729288, 0.0 ], [ 84.864897518512521, 27.799644346487788, 0.0 ], [ 84.865704165831303, 27.79915970562099, 0.0 ], [ 84.867977376719281, 27.800068137739249, 0.0 ], [ 84.87011318489067, 27.799961375135378, 0.0 ], [ 84.870939458410675, 27.7992880097535, 0.0 ], [ 84.872522618633454, 27.79913845163501, 0.0 ], [ 84.873880031017521, 27.799382691599131, 0.0 ], [ 84.874049272135665, 27.800148412188548, 0.0 ], [ 84.874118098663786, 27.801250465399971, 0.0 ], [ 84.872231711848229, 27.802135353053341, 0.0 ], [ 84.864732022540394, 27.801308279877802, 0.0 ] ] ] } },
{ "type": "Feature", "properties": { "id": null, "Name": "Untitled Bhani traders prvt limted area", "description": null, "timestamp": null, "begin": null, "end": null, "altitudeMode": null, "tessellate": 1, "extrude": 0, "visibility": -1, "drawOrder": null, "icon": null, "NUMPOINTS_exposed": 20.0, "SETTL_NAME": "Chepangtari" }, "geometry": { "type": "Polygon", "coordinates": [ [ [ 84.850241803619724, 27.807249186919289, 0.0 ], [ 84.850888524650884, 27.807169790603389, 0.0 ], [ 84.851075541981473, 27.807021080308889, 0.0 ], [ 84.85126444725789, 27.80655978614374, 0.0 ], [ 84.851263670231575, 27.805974641436109, 0.0 ], [ 84.851234766658308, 27.805598102828341, 0.0 ], [ 84.851220444685083, 27.805430800956049, 0.0 ], [ 84.851435012201463, 27.804970068483431, 0.0 ], [ 84.852382026515826, 27.80538841339931, 0.0 ], [ 84.852451981265943, 27.80543269511405, 0.0 ], [ 84.852955543463736, 27.805814630256489, 0.0 ], [ 84.853038273016168, 27.806373714568089, 0.0 ], [ 84.852830023694665, 27.80709073556573, 0.0 ], [ 84.852595608026363, 27.807807781573739, 0.0 ], [ 84.852011915371364, 27.808099493364551, 0.0 ], [ 84.850503070181972, 27.80853077379496, 0.0 ], [ 84.849336028564935, 27.80814967393378, 0.0 ], [ 84.848814981082995, 27.807486014951909, 0.0 ], [ 84.848825973087486, 27.807385193456, 0.0 ], [ 84.849032802387853, 27.806924458498859, 0.0 ], [ 84.849168291806592, 27.80663931868671, 0.0 ], [ 84.849614439485663, 27.806185895059059, 0.0 ], [ 84.849654918778256, 27.806165381660701, 0.0 ], [ 84.850241803619724, 27.807249186919289, 0.0 ] ] ] } },
{ "type": "Feature", "properties": { "id": null, "Name": "Kharmatar", "description": null, "timestamp": null, "begin": null, "end": null, "altitudeMode": null, "tessellate": 1, "extrude": 0, "visibility": -1, "drawOrder": null, "icon": null, "NUMPOINTS_exposed": 39.0, "SETTL_NAME": "Nepaltar" }, "geometry": { "type": "Polygon", "coordinates": [ [ [ 84.851558368539827, 27.809196622068431, 0.0 ], [ 84.852346315319465, 27.809002548101699, 0.0 ], [ 84.852622361566645, 27.808880979037411, 0.0 ], [ 84.854736167452216, 27.80852759573181, 0.0 ], [ 84.855154204166439, 27.808454379877851, 0.0 ], [ 84.855449418071032, 27.80840488392862, 0.0 ], [ 84.856193972053873, 27.80837611166503, 0.0 ], [ 84.856683066466729, 27.808248166243789, 0.0 ], [ 84.857516781963739, 27.808197699917219, 0.0 ], [ 84.857703098789173, 27.808162677948388, 0.0 ], [ 84.857902673691513, 27.80814410998693, 0.0 ], [ 84.859228346381173, 27.808354188857511, 0.0 ], [ 84.859433969475802, 27.808396545587652, 0.0 ], [ 84.8595205834323, 27.808409813314061, 0.0 ], [ 84.860324221060566, 27.809231897736421, 0.0 ], [ 84.86015199155112, 27.810072683784298, 0.0 ], [ 84.859556220642233, 27.81176725647704, 0.0 ], [ 84.857957000799331, 27.81228134724639, 0.0 ], [ 84.85659297258654, 27.812535495297858, 0.0 ], [ 84.85655058349451, 27.81253764445929, 0.0 ], [ 84.854725833846203, 27.813085648117429, 0.0 ], [ 84.852265831157212, 27.812668211707809, 0.0 ], [ 84.851084572225687, 27.81193868503005, 0.0 ], [ 84.851056399923053, 27.811859274584339, 0.0 ], [ 84.850779813473736, 27.811201724988351, 0.0 ], [ 84.850594805240576, 27.810585898948389, 0.0 ], [ 84.850568623303076, 27.810535754385061, 0.0 ], [ 84.850540720052351, 27.809849708964911, 0.0 ], [ 84.851558368539827, 27.809196622068431, 0.0 ] ] ] } },
{ "type": "Feature", "properties": { "id": null, "Name": "Kharmatar", "description": null, "timestamp": null, "begin": null, "end": null, "altitudeMode": null, "tessellate": 1, "extrude": 0, "visibility": -1, "drawOrder": null, "icon": null, "NUMPOINTS_exposed": 39.0, "SETTL_NAME": "Kharamtar" }, "geometry": { "type": "Polygon", "coordinates": [ [ [ 84.851558368539827, 27.809196622068431, 0.0 ], [ 84.852346315319465, 27.809002548101699, 0.0 ], [ 84.852622361566645, 27.808880979037411, 0.0 ], [ 84.854736167452216, 27.80852759573181, 0.0 ], [ 84.855154204166439, 27.808454379877851, 0.0 ], [ 84.855449418071032, 27.80840488392862, 0.0 ], [ 84.856193972053873, 27.80837611166503, 0.0 ], [ 84.856683066466729, 27.808248166243789, 0.0 ], [ 84.857516781963739, 27.808197699917219, 0.0 ], [ 84.857703098789173, 27.808162677948388, 0.0 ], [ 84.857902673691513, 27.80814410998693, 0.0 ], [ 84.859228346381173, 27.808354188857511, 0.0 ], [ 84.859433969475802, 27.808396545587652, 0.0 ], [ 84.8595205834323, 27.808409813314061, 0.0 ], [ 84.860324221060566, 27.809231897736421, 0.0 ], [ 84.86015199155112, 27.810072683784298, 0.0 ], [ 84.859556220642233, 27.81176725647704, 0.0 ], [ 84.857957000799331, 27.81228134724639, 0.0 ], [ 84.85659297258654, 27.812535495297858, 0.0 ], [ 84.85655058349451, 27.81253764445929, 0.0 ], [ 84.854725833846203, 27.813085648117429, 0.0 ], [ 84.852265831157212, 27.812668211707809, 0.0 ], [ 84.851084572225687, 27.81193868503005, 0.0 ], [ 84.851056399923053, 27.811859274584339, 0.0 ], [ 84.850779813473736, 27.811201724988351, 0.0 ], [ 84.850594805240576, 27.810585898948389, 0.0 ], [ 84.850568623303076, 27.810535754385061, 0.0 ], [ 84.850540720052351, 27.809849708964911, 0.0 ], [ 84.851558368539827, 27.809196622068431, 0.0 ] ] ] } },
{ "type": "Feature", "properties": { "id": null, "Name": "Bageshowri school area", "description": null, "timestamp": null, "begin": null, "end": null, "altitudeMode": null, "tessellate": 1, "extrude": 0, "visibility": -1, "drawOrder": null, "icon": null, "NUMPOINTS_exposed": 554.0, "SETTL_NAME": "Malekhu" }, "geometry": { "type": "Polygon", "coordinates": [ [ [ 84.828657368305898, 27.807357691125279, 0.0 ], [ 84.829594769844078, 27.807246406241561, 0.0 ], [ 84.832153897743268, 27.807002893837971, 0.0 ], [ 84.832344083790431, 27.806967971307429, 0.0 ], [ 84.832432707788882, 27.806925574569799, 0.0 ], [ 84.832850068328085, 27.806904553778491, 0.0 ], [ 84.834200123176402, 27.80742894923192, 0.0 ], [ 84.834832620970616, 27.807085085359979, 0.0 ], [ 84.835964136879426, 27.80720925203137, 0.0 ], [ 84.835655505473838, 27.80820621713756, 0.0 ], [ 84.834797762406438, 27.809566249245211, 0.0 ], [ 84.834749001141532, 27.8096594583489, 0.0 ], [ 84.834726676267636, 27.809736595237531, 0.0 ], [ 84.834480363232601, 27.810481287070949, 0.0 ], [ 84.834471073762572, 27.810561593383579, 0.0 ], [ 84.834022878695194, 27.81165811410364, 0.0 ], [ 84.833184036765246, 27.813010450302549, 0.0 ], [ 84.832421413454227, 27.813628006950172, 0.0 ], [ 84.830591194865804, 27.814046698577371, 0.0 ], [ 84.830211041475991, 27.814143506160899, 0.0 ], [ 84.828598126710148, 27.814817110843741, 0.0 ], [ 84.826004968245755, 27.814280604365109, 0.0 ], [ 84.825879690716761, 27.81428699586014, 0.0 ], [ 84.825099962653979, 27.81415367831827, 0.0 ], [ 84.8242437786339, 27.813373966260951, 0.0 ], [ 84.824210661633828, 27.813320860930819, 0.0 ], [ 84.824020639725092, 27.81304112302773, 0.0 ], [ 84.823979393633124, 27.812900266669079, 0.0 ], [ 84.824134143907585, 27.812245971168871, 0.0 ], [ 84.824312375044798, 27.811796675522022, 0.0 ], [ 84.824369080418535, 27.811677178012872, 0.0 ], [ 84.824616968731164, 27.811222147484958, 0.0 ], [ 84.824664285343758, 27.811139071776442, 0.0 ], [ 84.824844093866773, 27.810842703263621, 0.0 ], [ 84.825550436801947, 27.810477951312119, 0.0 ], [ 84.828657368305898, 27.807357691125279, 0.0 ] ] ] } },
{ "type": "Feature", "properties": { "id": null, "Name": "Bageshowri school area", "description": null, "timestamp": null, "begin": null, "end": null, "altitudeMode": null, "tessellate": 1, "extrude": 0, "visibility": -1, "drawOrder": null, "icon": null, "NUMPOINTS_exposed": 554.0, "SETTL_NAME": "Richoktar" }, "geometry": { "type": "Polygon", "coordinates": [ [ [ 84.828657368305898, 27.807357691125279, 0.0 ], [ 84.829594769844078, 27.807246406241561, 0.0 ], [ 84.832153897743268, 27.807002893837971, 0.0 ], [ 84.832344083790431, 27.806967971307429, 0.0 ], [ 84.832432707788882, 27.806925574569799, 0.0 ], [ 84.832850068328085, 27.806904553778491, 0.0 ], [ 84.834200123176402, 27.80742894923192, 0.0 ], [ 84.834832620970616, 27.807085085359979, 0.0 ], [ 84.835964136879426, 27.80720925203137, 0.0 ], [ 84.835655505473838, 27.80820621713756, 0.0 ], [ 84.834797762406438, 27.809566249245211, 0.0 ], [ 84.834749001141532, 27.8096594583489, 0.0 ], [ 84.834726676267636, 27.809736595237531, 0.0 ], [ 84.834480363232601, 27.810481287070949, 0.0 ], [ 84.834471073762572, 27.810561593383579, 0.0 ], [ 84.834022878695194, 27.81165811410364, 0.0 ], [ 84.833184036765246, 27.813010450302549, 0.0 ], [ 84.832421413454227, 27.813628006950172, 0.0 ], [ 84.830591194865804, 27.814046698577371, 0.0 ], [ 84.830211041475991, 27.814143506160899, 0.0 ], [ 84.828598126710148, 27.814817110843741, 0.0 ], [ 84.826004968245755, 27.814280604365109, 0.0 ], [ 84.825879690716761, 27.81428699586014, 0.0 ], [ 84.825099962653979, 27.81415367831827, 0.0 ], [ 84.8242437786339, 27.813373966260951, 0.0 ], [ 84.824210661633828, 27.813320860930819, 0.0 ], [ 84.824020639725092, 27.81304112302773, 0.0 ], [ 84.823979393633124, 27.812900266669079, 0.0 ], [ 84.824134143907585, 27.812245971168871, 0.0 ], [ 84.824312375044798, 27.811796675522022, 0.0 ], [ 84.824369080418535, 27.811677178012872, 0.0 ], [ 84.824616968731164, 27.811222147484958, 0.0 ], [ 84.824664285343758, 27.811139071776442, 0.0 ], [ 84.824844093866773, 27.810842703263621, 0.0 ], [ 84.825550436801947, 27.810477951312119, 0.0 ], [ 84.828657368305898, 27.807357691125279, 0.0 ] ] ] } },
{ "type": "Feature", "properties": { "id": null, "Name": "malekhu Bridge area", "description": null, "timestamp": null, "begin": null, "end": null, "altitudeMode": null, "tessellate": 1, "extrude": 0, "visibility": -1, "drawOrder": null, "icon": null, "NUMPOINTS_exposed": 126.0, "SETTL_NAME": null }, "geometry": { "type": "Polygon", "coordinates": [ [ [ 84.833895337471859, 27.80395540497539, 0.0 ], [ 84.83431301072649, 27.803748199319099, 0.0 ], [ 84.834457625752876, 27.803733866809239, 0.0 ], [ 84.835270592730964, 27.803700255145269, 0.0 ], [ 84.835945508948896, 27.80387443865683, 0.0 ], [ 84.835973191356032, 27.803902098059869, 0.0 ], [ 84.836587667766906, 27.804181692539242, 0.0 ], [ 84.837184834871536, 27.804756357864839, 0.0 ], [ 84.83716710402615, 27.804807522097871, 0.0 ], [ 84.83709519302009, 27.805318187815899, 0.0 ], [ 84.837076561844952, 27.805372925304219, 0.0 ], [ 84.837057810345598, 27.80542801583811, 0.0 ], [ 84.836726477432734, 27.80636867317742, 0.0 ], [ 84.836270950151714, 27.806864790315799, 0.0 ], [ 84.836223378237392, 27.80692310400033, 0.0 ], [ 84.835991476785722, 27.807096465196331, 0.0 ], [ 84.835936433535196, 27.807099242328629, 0.0 ], [ 84.835687040389601, 27.80696619208889, 0.0 ], [ 84.835068049454023, 27.806822487478058, 0.0 ], [ 84.834078856170763, 27.806919733690449, 0.0 ], [ 84.833425206800939, 27.806542481631791, 0.0 ], [ 84.833168695496951, 27.806368246415509, 0.0 ], [ 84.833098207062889, 27.806283350989489, 0.0 ], [ 84.833015196792928, 27.80617097482429, 0.0 ], [ 84.833009415202554, 27.8061423691911, 0.0 ], [ 84.832961316797167, 27.80595927366376, 0.0 ], [ 84.832922902823825, 27.805642507007018, 0.0 ], [ 84.832993189879389, 27.805544314657489, 0.0 ], [ 84.833184749674302, 27.805414539907041, 0.0 ], [ 84.833213739031734, 27.80539984036292, 0.0 ], [ 84.833258007806549, 27.805358011196191, 0.0 ], [ 84.833344130942578, 27.805320826994659, 0.0 ], [ 84.833895337471859, 27.80395540497539, 0.0 ] ] ] } },
{ "type": "Feature", "properties": { "id": null, "Name": "Kalidaha", "description": null, "timestamp": null, "begin": null, "end": null, "altitudeMode": null, "tessellate": 1, "extrude": 0, "visibility": -1, "drawOrder": null, "icon": null, "NUMPOINTS_exposed": 67.0, "SETTL_NAME": "Parewatar" }, "geometry": { "type": "Polygon", "coordinates": [ [ [ 84.836741083779501, 27.813824323274261, 0.0 ], [ 84.838335101877746, 27.81160395121848, 0.0 ], [ 84.839029184569284, 27.80878596139765, 0.0 ], [ 84.839058100133784, 27.808716890608039, 0.0 ], [ 84.840243824840812, 27.80677718728862, 0.0 ], [ 84.840256216684637, 27.806681200938531, 0.0 ], [ 84.840792707058341, 27.80497150298908, 0.0 ], [ 84.840894342192399, 27.804818901985112, 0.0 ], [ 84.841282143003355, 27.80370135653197, 0.0 ], [ 84.841292555261177, 27.8036814829562, 0.0 ], [ 84.842015302562032, 27.803282831598001, 0.0 ], [ 84.843428810512307, 27.803174612052231, 0.0 ], [ 84.843434383915152, 27.803221342453, 0.0 ], [ 84.844715662875331, 27.803803488715989, 0.0 ], [ 84.844875302489669, 27.803874744862782, 0.0 ], [ 84.846560890258161, 27.80461916622405, 0.0 ], [ 84.846323169619168, 27.805794116180721, 0.0 ], [ 84.846332572718353, 27.805839403536279, 0.0 ], [ 84.846022206474373, 27.806451110401049, 0.0 ], [ 84.845508605982616, 27.806228547629001, 0.0 ], [ 84.844076427007479, 27.805759095597409, 0.0 ], [ 84.842985748494627, 27.805746104187211, 0.0 ], [ 84.84271017873526, 27.806357333429592, 0.0 ], [ 84.842367658856119, 27.806563283224261, 0.0 ], [ 84.840708821561776, 27.808063851679599, 0.0 ], [ 84.84068366788442, 27.80811727395016, 0.0 ], [ 84.840569961029402, 27.808412973551821, 0.0 ], [ 84.840215589215546, 27.809617417335449, 0.0 ], [ 84.840242522229261, 27.810080464220789, 0.0 ], [ 84.840242457500707, 27.81024313671162, 0.0 ], [ 84.840355221188432, 27.811012740885051, 0.0 ], [ 84.840590423530358, 27.811959935876651, 0.0 ], [ 84.84086146038581, 27.81251377194824, 0.0 ], [ 84.840848937953126, 27.81265060687851, 0.0 ], [ 84.840708058863953, 27.813248304411442, 0.0 ], [ 84.840649340394322, 27.813393058469899, 0.0 ], [ 84.840256305923475, 27.814120173470911, 0.0 ], [ 84.840194644794352, 27.814141797296219, 0.0 ], [ 84.838652527812059, 27.814593895001181, 0.0 ], [ 84.836741083779501, 27.813824323274261, 0.0 ] ] ] } },
{ "type": "Feature", "properties": { "id": null, "Name": "Blue heaven restaurant area", "description": null, "timestamp": null, "begin": null, "end": null, "altitudeMode": null, "tessellate": 1, "extrude": 0, "visibility": -1, "drawOrder": null, "icon": null, "NUMPOINTS_exposed": 4.0, "SETTL_NAME": null }, "geometry": { "type": "Polygon", "coordinates": [ [ [ 84.818176487346506, 27.80698025234279, 0.0 ], [ 84.818567413465473, 27.806456090078381, 0.0 ], [ 84.81859757195484, 27.806444366235979, 0.0 ], [ 84.819561198637956, 27.80646442001937, 0.0 ], [ 84.819701844009302, 27.80648157235234, 0.0 ], [ 84.819724994143328, 27.806487353873809, 0.0 ], [ 84.82075103899065, 27.806759951966601, 0.0 ], [ 84.821067741293206, 27.807260816407169, 0.0 ], [ 84.820237337400144, 27.80733624609233, 0.0 ], [ 84.819621373770204, 27.807473493720479, 0.0 ], [ 84.818697888713444, 27.807372235014771, 0.0 ], [ 84.818283077815806, 27.807201362438612, 0.0 ], [ 84.818176487346506, 27.80698025234279, 0.0 ] ] ] } },
{ "type": "Feature", "properties": { "id": null, "Name": "Malckhu adventure resort area", "description": null, "timestamp": null, "begin": null, "end": null, "altitudeMode": null, "tessellate": 1, "extrude": 0, "visibility": -1, "drawOrder": null, "icon": null, "NUMPOINTS_exposed": 2.0, "SETTL_NAME": null }, "geometry": { "type": "Polygon", "coordinates": [ [ [ 84.817641885128324, 27.81013365871959, 0.0 ], [ 84.817587931023965, 27.80987389093179, 0.0 ], [ 84.817588464992198, 27.809786785979561, 0.0 ], [ 84.817576220913907, 27.809358565344969, 0.0 ], [ 84.817585603148657, 27.809299196639969, 0.0 ], [ 84.817619497624179, 27.809255006517041, 0.0 ], [ 84.818168364285384, 27.808862969007748, 0.0 ], [ 84.818575868105512, 27.808704715428082, 0.0 ], [ 84.818595460461921, 27.80869401651513, 0.0 ], [ 84.818951485466357, 27.808710103911601, 0.0 ], [ 84.818982687127161, 27.808742784135209, 0.0 ], [ 84.819312918224043, 27.808976782964841, 0.0 ], [ 84.819299278151917, 27.809070378402179, 0.0 ], [ 84.819296756980805, 27.80910702949588, 0.0 ], [ 84.819272437726625, 27.809278101956622, 0.0 ], [ 84.819157531662228, 27.80935974484791, 0.0 ], [ 84.818816165571974, 27.809661445313289, 0.0 ], [ 84.818604290743735, 27.809816488759171, 0.0 ], [ 84.818403924436709, 27.80995641942042, 0.0 ], [ 84.817641885128324, 27.81013365871959, 0.0 ] ] ] } },
{ "type": "Feature", "properties": { "id": null, "Name": "New riverside resort", "description": null, "timestamp": null, "begin": null, "end": null, "altitudeMode": null, "tessellate": 1, "extrude": 0, "visibility": -1, "drawOrder": null, "icon": null, "NUMPOINTS_exposed": 55.0, "SETTL_NAME": "Arubāstār" }, "geometry": { "type": "Polygon", "coordinates": [ [ [ 84.817284831659876, 27.815452351439209, 0.0 ], [ 84.817028996343268, 27.814861418130629, 0.0 ], [ 84.817034241806056, 27.814785019219961, 0.0 ], [ 84.81726416178617, 27.813346132028681, 0.0 ], [ 84.817699576101603, 27.811713401834041, 0.0 ], [ 84.817717768969956, 27.811671258526552, 0.0 ], [ 84.817796850190035, 27.811528312440199, 0.0 ], [ 84.818526240816212, 27.81011949764088, 0.0 ], [ 84.819067951056368, 27.809683537180479, 0.0 ], [ 84.819971310314287, 27.809692532591122, 0.0 ], [ 84.820033869964576, 27.809737239981551, 0.0 ], [ 84.820693166006365, 27.81020340736638, 0.0 ], [ 84.820802349510615, 27.810800556533181, 0.0 ], [ 84.820803409265579, 27.810885227250331, 0.0 ], [ 84.820870808045413, 27.811446330733862, 0.0 ], [ 84.821009322166177, 27.81189025034552, 0.0 ], [ 84.820925280736873, 27.812118673428031, 0.0 ], [ 84.820797830826123, 27.81227428128825, 0.0 ], [ 84.820588385562516, 27.812391434165459, 0.0 ], [ 84.820497591740107, 27.812422835074571, 0.0 ], [ 84.82027616540968, 27.812532897264902, 0.0 ], [ 84.819152891311177, 27.812985066998241, 0.0 ], [ 84.819789206335415, 27.813568246067661, 0.0 ], [ 84.819773291729035, 27.813608655911551, 0.0 ], [ 84.819646928774418, 27.814008519630619, 0.0 ], [ 84.819485914712715, 27.814349800543159, 0.0 ], [ 84.819320214136141, 27.814701014371991, 0.0 ], [ 84.819002310308974, 27.815399042330181, 0.0 ], [ 84.818973636705948, 27.81541200844357, 0.0 ], [ 84.818685399021462, 27.815495971705161, 0.0 ], [ 84.817284831659876, 27.815452351439209, 0.0 ] ] ] } },
{ "type": "Feature", "properties": { "id": null, "Name": "Sitalbazaar", "description": null, "timestamp": null, "begin": null, "end": null, "altitudeMode": null, "tessellate": 1, "extrude": 0, "visibility": -1, "drawOrder": null, "icon": null, "NUMPOINTS_exposed": 78.0, "SETTL_NAME": null }, "geometry": { "type": "Polygon", "coordinates": [ [ [ 84.81219466101561, 27.813797252468671, 0.0 ], [ 84.812264114329878, 27.81321777889292, 0.0 ], [ 84.812499161415332, 27.812848909391029, 0.0 ], [ 84.812599327068114, 27.812790083921939, 0.0 ], [ 84.813495539349304, 27.812363918706971, 0.0 ], [ 84.814377437983879, 27.812134641656911, 0.0 ], [ 84.814735111324126, 27.81098529779921, 0.0 ], [ 84.815621901185693, 27.80999923023856, 0.0 ], [ 84.815834409563564, 27.809791960487122, 0.0 ], [ 84.816143326472982, 27.80987422223583, 0.0 ], [ 84.816338305036922, 27.809998255994341, 0.0 ], [ 84.816361070090494, 27.81005728444045, 0.0 ], [ 84.816363362844484, 27.810082369392092, 0.0 ], [ 84.816366584468568, 27.810117617051478, 0.0 ], [ 84.816380079068949, 27.81026526052618, 0.0 ], [ 84.816364081792159, 27.810349033092439, 0.0 ], [ 84.816298850683253, 27.810768842343091, 0.0 ], [ 84.81620244964806, 27.81125171329154, 0.0 ], [ 84.81602560617975, 27.81179036876323, 0.0 ], [ 84.81564588320434, 27.812345893800121, 0.0 ], [ 84.815004778651982, 27.812783073516901, 0.0 ], [ 84.814964907750266, 27.81285995042267, 0.0 ], [ 84.814590003446142, 27.81317725267418, 0.0 ], [ 84.814534643929662, 27.81321534658559, 0.0 ], [ 84.81345575351628, 27.813586171467861, 0.0 ], [ 84.81219466101561, 27.813797252468671, 0.0 ] ] ] } },
{ "type": "Feature", "properties": { "id": null, "Name": "Bhante khola", "description": null, "timestamp": null, "begin": null, "end": null, "altitudeMode": null, "tessellate": 1, "extrude": 0, "visibility": -1, "drawOrder": null, "icon": null, "NUMPOINTS_exposed": 65.0, "SETTL_NAME": "Majhigaun" }, "geometry": { "type": "Polygon", "coordinates": [ [ [ 84.807938348992266, 27.820775861126339, 0.0 ], [ 84.808586400838792, 27.818942313781442, 0.0 ], [ 84.808664292145352, 27.818916679074849, 0.0 ], [ 84.809390515470966, 27.818589564940641, 0.0 ], [ 84.809375960073794, 27.818505122435109, 0.0 ], [ 84.80936635529946, 27.817736407190509, 0.0 ], [ 84.809397559721276, 27.817704346717189, 0.0 ], [ 84.809447236147022, 27.817600594675241, 0.0 ], [ 84.810103045465155, 27.817021012065641, 0.0 ], [ 84.811026238013184, 27.816051161859448, 0.0 ], [ 84.813874016252967, 27.814711347721779, 0.0 ], [ 84.813995395516443, 27.81466226022545, 0.0 ], [ 84.815069411042543, 27.814608490843739, 0.0 ], [ 84.81491747897455, 27.81521096448256, 0.0 ], [ 84.81485409972251, 27.81524981640684, 0.0 ], [ 84.814190826212155, 27.81602254275149, 0.0 ], [ 84.81411571573382, 27.816760721129629, 0.0 ], [ 84.814101532541827, 27.816800461045212, 0.0 ], [ 84.814145607542699, 27.817283605434898, 0.0 ], [ 84.814035488621997, 27.817521717600929, 0.0 ], [ 84.813401664892439, 27.818440719839291, 0.0 ], [ 84.812897561353907, 27.818921216691098, 0.0 ], [ 84.811829684356724, 27.81950953058076, 0.0 ], [ 84.809644330365572, 27.820240318086871, 0.0 ], [ 84.807938348992266, 27.820775861126339, 0.0 ] ] ] } },
{ "type": "Feature", "properties": { "id": null, "Name": "Bhante khola", "description": null, "timestamp": null, "begin": null, "end": null, "altitudeMode": null, "tessellate": 1, "extrude": 0, "visibility": -1, "drawOrder": null, "icon": null, "NUMPOINTS_exposed": 65.0, "SETTL_NAME": "Salandobhan" }, "geometry": { "type": "Polygon", "coordinates": [ [ [ 84.807938348992266, 27.820775861126339, 0.0 ], [ 84.808586400838792, 27.818942313781442, 0.0 ], [ 84.808664292145352, 27.818916679074849, 0.0 ], [ 84.809390515470966, 27.818589564940641, 0.0 ], [ 84.809375960073794, 27.818505122435109, 0.0 ], [ 84.80936635529946, 27.817736407190509, 0.0 ], [ 84.809397559721276, 27.817704346717189, 0.0 ], [ 84.809447236147022, 27.817600594675241, 0.0 ], [ 84.810103045465155, 27.817021012065641, 0.0 ], [ 84.811026238013184, 27.816051161859448, 0.0 ], [ 84.813874016252967, 27.814711347721779, 0.0 ], [ 84.813995395516443, 27.81466226022545, 0.0 ], [ 84.815069411042543, 27.814608490843739, 0.0 ], [ 84.81491747897455, 27.81521096448256, 0.0 ], [ 84.81485409972251, 27.81524981640684, 0.0 ], [ 84.814190826212155, 27.81602254275149, 0.0 ], [ 84.81411571573382, 27.816760721129629, 0.0 ], [ 84.814101532541827, 27.816800461045212, 0.0 ], [ 84.814145607542699, 27.817283605434898, 0.0 ], [ 84.814035488621997, 27.817521717600929, 0.0 ], [ 84.813401664892439, 27.818440719839291, 0.0 ], [ 84.812897561353907, 27.818921216691098, 0.0 ], [ 84.811829684356724, 27.81950953058076, 0.0 ], [ 84.809644330365572, 27.820240318086871, 0.0 ], [ 84.807938348992266, 27.820775861126339, 0.0 ] ] ] } },
{ "type": "Feature", "properties": { "id": null, "Name": "Salanghat ", "description": null, "timestamp": null, "begin": null, "end": null, "altitudeMode": null, "tessellate": 1, "extrude": 0, "visibility": -1, "drawOrder": null, "icon": null, "NUMPOINTS_exposed": 100.0, "SETTL_NAME": "Salanghat" }, "geometry": { "type": "Polygon", "coordinates": [ [ [ 84.806705219591763, 27.813816035528401, 0.0 ], [ 84.806788614440777, 27.813836911431601, 0.0 ], [ 84.807309862537721, 27.814020200499129, 0.0 ], [ 84.807366559480542, 27.814030202297829, 0.0 ], [ 84.807375300497355, 27.81407489167724, 0.0 ], [ 84.807441348727394, 27.814307242413999, 0.0 ], [ 84.807400528850039, 27.815133629129519, 0.0 ], [ 84.807472754505895, 27.815072267016649, 0.0 ], [ 84.807539765701534, 27.81490485791138, 0.0 ], [ 84.807552902308871, 27.814868906816951, 0.0 ], [ 84.807572352359898, 27.814811735350659, 0.0 ], [ 84.807650424878489, 27.814613720262809, 0.0 ], [ 84.80769608983131, 27.814515861843741, 0.0 ], [ 84.807778171762621, 27.81419136056909, 0.0 ], [ 84.80781046143855, 27.81413740644615, 0.0 ], [ 84.808054879474682, 27.813893280315849, 0.0 ], [ 84.808156117183486, 27.813843793227939, 0.0 ], [ 84.808293120112367, 27.813887662883729, 0.0 ], [ 84.808438521022751, 27.813937794801731, 0.0 ], [ 84.808644501610104, 27.814082410399539, 0.0 ], [ 84.808584674199949, 27.814471103827231, 0.0 ], [ 84.808210552278908, 27.815341936583749, 0.0 ], [ 84.80858630401012, 27.815073789591459, 0.0 ], [ 84.808622132116099, 27.815057522320529, 0.0 ], [ 84.808759927247692, 27.814878738366211, 0.0 ], [ 84.808779744470229, 27.814856475359679, 0.0 ], [ 84.808930340512291, 27.81475027568532, 0.0 ], [ 84.809412268962078, 27.81440907146715, 0.0 ], [ 84.809559487946331, 27.814327437675939, 0.0 ], [ 84.809613787736183, 27.814304564328399, 0.0 ], [ 84.810599878876872, 27.8142014253024, 0.0 ], [ 84.810141062389235, 27.814731358601641, 0.0 ], [ 84.81013047942848, 27.814795433474881, 0.0 ], [ 84.810125944190744, 27.814852500843489, 0.0 ], [ 84.809802175610443, 27.815441315569121, 0.0 ], [ 84.809539377543473, 27.81630628364195, 0.0 ], [ 84.809529166933999, 27.816348017242369, 0.0 ], [ 84.809008812295644, 27.816710187229209, 0.0 ], [ 84.808954911534926, 27.816738548420979, 0.0 ], [ 84.808492823590257, 27.816951870082981, 0.0 ], [ 84.808127162673316, 27.81712837376519, 0.0 ], [ 84.807608963236305, 27.81718124602207, 0.0 ], [ 84.807818897310938, 27.816779082368889, 0.0 ], [ 84.807437565638452, 27.8165619781931, 0.0 ], [ 84.807087188372051, 27.816283446454921, 0.0 ], [ 84.805955327009102, 27.815966394516579, 0.0 ], [ 84.805471465024326, 27.81566015438321, 0.0 ], [ 84.805458088000975, 27.815630619663761, 0.0 ], [ 84.805189102725564, 27.814995143125891, 0.0 ], [ 84.805185622377522, 27.814946078400929, 0.0 ], [ 84.805215441348665, 27.814386166046951, 0.0 ], [ 84.805254231181223, 27.81425296185655, 0.0 ], [ 84.805561480997582, 27.81385474574541, 0.0 ], [ 84.805658405008373, 27.813731985105949, 0.0 ], [ 84.806705219591763, 27.813816035528401, 0.0 ] ] ] } },
{ "type": "Feature", "properties": { "id": null, "Name": "Nibuwatar", "description": null, "timestamp": null, "begin": null, "end": null, "altitudeMode": null, "tessellate": 1, "extrude": 0, "visibility": -1, "drawOrder": null, "icon": null, "NUMPOINTS_exposed": 32.0, "SETTL_NAME": "Nibuwatar" }, "geometry": { "type": "Polygon", "coordinates": [ [ [ 84.803363319374654, 27.817117391394671, 0.0 ], [ 84.804255053770319, 27.818402701142041, 0.0 ], [ 84.804260240063272, 27.818439050873589, 0.0 ], [ 84.804107417625232, 27.819534191941479, 0.0 ], [ 84.803321650574418, 27.819917958645931, 0.0 ], [ 84.801927561219088, 27.819922149481538, 0.0 ], [ 84.800189777874962, 27.81969404581621, 0.0 ], [ 84.799093138037676, 27.819413753374331, 0.0 ], [ 84.800086266773064, 27.81758791839707, 0.0 ], [ 84.801097753355123, 27.81653336281186, 0.0 ], [ 84.801206088811227, 27.81647469370278, 0.0 ], [ 84.803363319374654, 27.817117391394671, 0.0 ] ] ] } },
{ "type": "Feature", "properties": { "id": null, "Name": "Cyastar salang", "description": null, "timestamp": null, "begin": null, "end": null, "altitudeMode": null, "tessellate": 1, "extrude": 0, "visibility": -1, "drawOrder": null, "icon": null, "NUMPOINTS_exposed": 42.0, "SETTL_NAME": null }, "geometry": { "type": "Polygon", "coordinates": [ [ [ 84.796561638003126, 27.819303284763571, 0.0 ], [ 84.796487042603431, 27.819293820208681, 0.0 ], [ 84.795822499124625, 27.818488532121691, 0.0 ], [ 84.79613716515361, 27.816929371662859, 0.0 ], [ 84.795435543739728, 27.815762134064499, 0.0 ], [ 84.796674662897345, 27.815851174904399, 0.0 ], [ 84.797186901252985, 27.81579142007104, 0.0 ], [ 84.798646133206915, 27.815955329741548, 0.0 ], [ 84.799295005885298, 27.816616321051502, 0.0 ], [ 84.799341435772135, 27.81670224154006, 0.0 ], [ 84.799443342035644, 27.817053687556999, 0.0 ], [ 84.799390768149195, 27.817291218542891, 0.0 ], [ 84.79878393543612, 27.817836301817859, 0.0 ], [ 84.798505650530146, 27.817999527891988, 0.0 ], [ 84.797929098753485, 27.818692687673789, 0.0 ], [ 84.797737976986326, 27.81874092225322, 0.0 ], [ 84.796561638003126, 27.819303284763571, 0.0 ] ] ] } },
{ "type": "Feature", "properties": { "id": null, "Name": "Trishuli Riverside resort", "description": null, "timestamp": null, "begin": null, "end": null, "altitudeMode": null, "tessellate": 1, "extrude": 0, "visibility": -1, "drawOrder": null, "icon": null, "NUMPOINTS_exposed": 16.0, "SETTL_NAME": null }, "geometry": { "type": "Polygon", "coordinates": [ [ [ 84.795389022144533, 27.812361661284431, 0.0 ], [ 84.796820839737265, 27.812644801186192, 0.0 ], [ 84.798315091942413, 27.8132163791206, 0.0 ], [ 84.799229865951432, 27.813792662961511, 0.0 ], [ 84.799217957072756, 27.813834562589879, 0.0 ], [ 84.799161901966926, 27.814119886382279, 0.0 ], [ 84.799153775997993, 27.81413088726655, 0.0 ], [ 84.798979871087369, 27.814299646731278, 0.0 ], [ 84.797977337793156, 27.814211741247821, 0.0 ], [ 84.796755212442278, 27.813948994559631, 0.0 ], [ 84.796422684064211, 27.813832208187829, 0.0 ], [ 84.7952256660936, 27.813362860658209, 0.0 ], [ 84.795115596555519, 27.813280738036561, 0.0 ], [ 84.795021406101625, 27.813026300405859, 0.0 ], [ 84.795010130612638, 27.812960601406981, 0.0 ], [ 84.795025493828206, 27.812809765149439, 0.0 ], [ 84.795052372661246, 27.812743366388801, 0.0 ], [ 84.795389022144533, 27.812361661284431, 0.0 ] ] ] } },
{ "type": "Feature", "properties": { "id": null, "Name": "Trishuli villa", "description": null, "timestamp": null, "begin": null, "end": null, "altitudeMode": null, "tessellate": 1, "extrude": 0, "visibility": -1, "drawOrder": null, "icon": null, "NUMPOINTS_exposed": 9.0, "SETTL_NAME": null }, "geometry": { "type": "Polygon", "coordinates": [ [ [ 84.792049809997934, 27.81594391657552, 0.0 ], [ 84.791604132810221, 27.815557836700719, 0.0 ], [ 84.791768919772537, 27.814908952276461, 0.0 ], [ 84.791848607226001, 27.814595163487091, 0.0 ], [ 84.792315836269097, 27.81358258580002, 0.0 ], [ 84.792312968602204, 27.813419249233309, 0.0 ], [ 84.792938284302963, 27.813355149534271, 0.0 ], [ 84.793879752281626, 27.813545483316609, 0.0 ], [ 84.793990457633029, 27.813539883430451, 0.0 ], [ 84.79542429899891, 27.814115278138949, 0.0 ], [ 84.795670201707622, 27.814156535297169, 0.0 ], [ 84.796053235415641, 27.81461857154877, 0.0 ], [ 84.79577266534028, 27.815268453373449, 0.0 ], [ 84.792049809997934, 27.81594391657552, 0.0 ] ] ] } },
{ "type": "Feature", "properties": { "id": null, "Name": "Trishuli Bridge benighat", "description": null, "timestamp": null, "begin": null, "end": null, "altitudeMode": null, "tessellate": 1, "extrude": 0, "visibility": -1, "drawOrder": null, "icon": null, "NUMPOINTS_exposed": 119.0, "SETTL_NAME": "Benighat" }, "geometry": { "type": "Polygon", "coordinates": [ [ [ 84.777932867823623, 27.810792646437239, 0.0 ], [ 84.777920489831573, 27.8107574098883, 0.0 ], [ 84.77789292784945, 27.810004743740091, 0.0 ], [ 84.778186547846985, 27.80947318130994, 0.0 ], [ 84.779039540641776, 27.80895932525824, 0.0 ], [ 84.779460702978213, 27.809202556984001, 0.0 ], [ 84.77949314661889, 27.80922456012793, 0.0 ], [ 84.780030741275638, 27.809582598094501, 0.0 ], [ 84.780181643800219, 27.809698080840459, 0.0 ], [ 84.780539568063887, 27.809980961613139, 0.0 ], [ 84.780650620936541, 27.81009454046794, 0.0 ], [ 84.781116331421799, 27.810551388968221, 0.0 ], [ 84.781424226304807, 27.81088866562634, 0.0 ], [ 84.781479196971347, 27.81095956510741, 0.0 ], [ 84.781525441187028, 27.811012782701379, 0.0 ], [ 84.782058743837084, 27.811555756029541, 0.0 ], [ 84.782127194524136, 27.811620539406849, 0.0 ], [ 84.782535939003864, 27.81201736135025, 0.0 ], [ 84.782546208435349, 27.812037073899472, 0.0 ], [ 84.782844913259979, 27.812360517223961, 0.0 ], [ 84.782866792739298, 27.812421947513378, 0.0 ], [ 84.783035380814496, 27.812924944101169, 0.0 ], [ 84.783014527456018, 27.813267383784801, 0.0 ], [ 84.782687685750659, 27.81322834467294, 0.0 ], [ 84.780490260269829, 27.812324938424879, 0.0 ], [ 84.777932867823623, 27.810792646437239, 0.0 ] ] ] } },
{ "type": "Feature", "properties": { "id": null, "Name": "Siurenitar", "description": null, "timestamp": null, "begin": null, "end": null, "altitudeMode": null, "tessellate": 1, "extrude": 0, "visibility": -1, "drawOrder": null, "icon": null, "NUMPOINTS_exposed": 128.0, "SETTL_NAME": "Siurenibajar" }, "geometry": { "type": "Polygon", "coordinates": [ [ [ 84.771430752945363, 27.81376836031329, 0.0 ], [ 84.771074154689501, 27.812897732497252, 0.0 ], [ 84.771395434441786, 27.81148774013246, 0.0 ], [ 84.772719645412366, 27.810339968416748, 0.0 ], [ 84.773211953168101, 27.80950050058259, 0.0 ], [ 84.774589695957005, 27.80966171804732, 0.0 ], [ 84.775803050489174, 27.810015708498771, 0.0 ], [ 84.776544585709104, 27.810554081551391, 0.0 ], [ 84.777010671856061, 27.811249161840841, 0.0 ], [ 84.77749676377006, 27.81213307831068, 0.0 ], [ 84.777500704995418, 27.812299166421941, 0.0 ], [ 84.779139361574565, 27.813356914662691, 0.0 ], [ 84.779068260728124, 27.81467705300529, 0.0 ], [ 84.778292225110505, 27.815633023914181, 0.0 ], [ 84.777137248537286, 27.815164746198281, 0.0 ], [ 84.775238156168115, 27.813728645601309, 0.0 ], [ 84.775119415885257, 27.81361012721235, 0.0 ], [ 84.774515522418127, 27.8125409371541, 0.0 ], [ 84.773853742289958, 27.812192268113609, 0.0 ], [ 84.773532430013205, 27.81223225954129, 0.0 ], [ 84.771430752945363, 27.81376836031329, 0.0 ] ] ] } },
{ "type": "Feature", "properties": { "id": null, "Name": "Bahuntar", "description": null, "timestamp": null, "begin": null, "end": null, "altitudeMode": null, "tessellate": 1, "extrude": 0, "visibility": -1, "drawOrder": null, "icon": null, "NUMPOINTS_exposed": 278.0, "SETTL_NAME": "Kamigau" }, "geometry": { "type": "Polygon", "coordinates": [ [ [ 84.775480333044399, 27.80735666154257, 0.0 ], [ 84.776901278475862, 27.805927720722611, 0.0 ], [ 84.778644394747857, 27.80453130712009, 0.0 ], [ 84.780028922080632, 27.803607252722699, 0.0 ], [ 84.780394322430908, 27.803588882286132, 0.0 ], [ 84.780500441128694, 27.803726940726779, 0.0 ], [ 84.780666492914392, 27.803808628141439, 0.0 ], [ 84.781952239414409, 27.80443889247297, 0.0 ], [ 84.782070667562408, 27.804675095098151, 0.0 ], [ 84.783559787279259, 27.80545635213571, 0.0 ], [ 84.783578970924623, 27.805669056496502, 0.0 ], [ 84.783883018425314, 27.80640553012304, 0.0 ], [ 84.78375210033235, 27.807103360429, 0.0 ], [ 84.783628779912334, 27.807946211872579, 0.0 ], [ 84.783106130567205, 27.808660934878869, 0.0 ], [ 84.782256443496863, 27.809476938902929, 0.0 ], [ 84.781372306690258, 27.809566528446972, 0.0 ], [ 84.781298287833096, 27.809436004067081, 0.0 ], [ 84.781180271661739, 27.80933057414116, 0.0 ], [ 84.781109686531693, 27.80926751661552, 0.0 ], [ 84.780901334825714, 27.80914527539165, 0.0 ], [ 84.778915269856128, 27.808526519305872, 0.0 ], [ 84.778737237928013, 27.808471053430029, 0.0 ], [ 84.778272135474822, 27.80830206442997, 0.0 ], [ 84.775480333044399, 27.80735666154257, 0.0 ] ] ] } },
{ "type": "Feature", "properties": { "id": null, "Name": "Bahuntar", "description": null, "timestamp": null, "begin": null, "end": null, "altitudeMode": null, "tessellate": 1, "extrude": 0, "visibility": -1, "drawOrder": null, "icon": null, "NUMPOINTS_exposed": 278.0, "SETTL_NAME": "Bahuntar" }, "geometry": { "type": "Polygon", "coordinates": [ [ [ 84.775480333044399, 27.80735666154257, 0.0 ], [ 84.776901278475862, 27.805927720722611, 0.0 ], [ 84.778644394747857, 27.80453130712009, 0.0 ], [ 84.780028922080632, 27.803607252722699, 0.0 ], [ 84.780394322430908, 27.803588882286132, 0.0 ], [ 84.780500441128694, 27.803726940726779, 0.0 ], [ 84.780666492914392, 27.803808628141439, 0.0 ], [ 84.781952239414409, 27.80443889247297, 0.0 ], [ 84.782070667562408, 27.804675095098151, 0.0 ], [ 84.783559787279259, 27.80545635213571, 0.0 ], [ 84.783578970924623, 27.805669056496502, 0.0 ], [ 84.783883018425314, 27.80640553012304, 0.0 ], [ 84.78375210033235, 27.807103360429, 0.0 ], [ 84.783628779912334, 27.807946211872579, 0.0 ], [ 84.783106130567205, 27.808660934878869, 0.0 ], [ 84.782256443496863, 27.809476938902929, 0.0 ], [ 84.781372306690258, 27.809566528446972, 0.0 ], [ 84.781298287833096, 27.809436004067081, 0.0 ], [ 84.781180271661739, 27.80933057414116, 0.0 ], [ 84.781109686531693, 27.80926751661552, 0.0 ], [ 84.780901334825714, 27.80914527539165, 0.0 ], [ 84.778915269856128, 27.808526519305872, 0.0 ], [ 84.778737237928013, 27.808471053430029, 0.0 ], [ 84.778272135474822, 27.80830206442997, 0.0 ], [ 84.775480333044399, 27.80735666154257, 0.0 ] ] ] } },
{ "type": "Feature", "properties": { "id": null, "Name": "Shree krishna gas zone", "description": null, "timestamp": null, "begin": null, "end": null, "altitudeMode": null, "tessellate": 1, "extrude": 0, "visibility": -1, "drawOrder": null, "icon": null, "NUMPOINTS_exposed": 210.0, "SETTL_NAME": "Badarebajar" }, "geometry": { "type": "Polygon", "coordinates": [ [ [ 84.769957448933596, 27.805290234170229, 0.0 ], [ 84.770070079778591, 27.805284583423681, 0.0 ], [ 84.77061711594736, 27.805257137607569, 0.0 ], [ 84.770841430041855, 27.805273928289349, 0.0 ], [ 84.771035017577574, 27.805250186933868, 0.0 ], [ 84.771386993183071, 27.805345038221841, 0.0 ], [ 84.772080975179705, 27.805565814275671, 0.0 ], [ 84.772357897232567, 27.805652244171249, 0.0 ], [ 84.772900340746801, 27.805856321964299, 0.0 ], [ 84.773313719908998, 27.805952263504992, 0.0 ], [ 84.774341026780391, 27.80632967721867, 0.0 ], [ 84.774644087305532, 27.806631112632701, 0.0 ], [ 84.774720249771804, 27.80676457647608, 0.0 ], [ 84.774933853994852, 27.807155889681361, 0.0 ], [ 84.774990480274198, 27.807231298814312, 0.0 ], [ 84.775415710483813, 27.807831000725439, 0.0 ], [ 84.775439669972457, 27.80791082214817, 0.0 ], [ 84.775352768932592, 27.808127399571639, 0.0 ], [ 84.775269598678122, 27.80818087633741, 0.0 ], [ 84.774907128603076, 27.808248554300729, 0.0 ], [ 84.774803557738309, 27.808270270810301, 0.0 ], [ 84.774003843075292, 27.808376706098599, 0.0 ], [ 84.773019916921129, 27.80821220099412, 0.0 ], [ 84.772996676850454, 27.807952891338321, 0.0 ], [ 84.77271943567186, 27.807329806670079, 0.0 ], [ 84.772380766737598, 27.807777460771149, 0.0 ], [ 84.772334210331309, 27.807809863911331, 0.0 ], [ 84.772148195365915, 27.807955082006789, 0.0 ], [ 84.771862904635128, 27.808106272392401, 0.0 ], [ 84.771314486210315, 27.808706761045102, 0.0 ], [ 84.769672043512884, 27.80993795107689, 0.0 ], [ 84.767706441133498, 27.8108006795356, 0.0 ], [ 84.767256480949712, 27.810788898604262, 0.0 ], [ 84.766441203647375, 27.81038627082167, 0.0 ], [ 84.766357443450403, 27.809956115627649, 0.0 ], [ 84.766405162710868, 27.809789093748648, 0.0 ], [ 84.766806417581648, 27.809155422116088, 0.0 ], [ 84.767180138413238, 27.808526260525049, 0.0 ], [ 84.767268099303294, 27.80842960587567, 0.0 ], [ 84.767534904768183, 27.807767855139119, 0.0 ], [ 84.767627746185838, 27.807542102962142, 0.0 ], [ 84.767722239638488, 27.80697437442177, 0.0 ], [ 84.767445352833406, 27.806372888458281, 0.0 ], [ 84.768448550041569, 27.805594459828409, 0.0 ], [ 84.768525886625923, 27.805550978742168, 0.0 ], [ 84.769957448933596, 27.805290234170229, 0.0 ] ] ] } },
{ "type": "Feature", "properties": { "id": null, "Name": "Shree krishna gas zone", "description": null, "timestamp": null, "begin": null, "end": null, "altitudeMode": null, "tessellate": 1, "extrude": 0, "visibility": -1, "drawOrder": null, "icon": null, "NUMPOINTS_exposed": 210.0, "SETTL_NAME": "Bishaltar" }, "geometry": { "type": "Polygon", "coordinates": [ [ [ 84.769957448933596, 27.805290234170229, 0.0 ], [ 84.770070079778591, 27.805284583423681, 0.0 ], [ 84.77061711594736, 27.805257137607569, 0.0 ], [ 84.770841430041855, 27.805273928289349, 0.0 ], [ 84.771035017577574, 27.805250186933868, 0.0 ], [ 84.771386993183071, 27.805345038221841, 0.0 ], [ 84.772080975179705, 27.805565814275671, 0.0 ], [ 84.772357897232567, 27.805652244171249, 0.0 ], [ 84.772900340746801, 27.805856321964299, 0.0 ], [ 84.773313719908998, 27.805952263504992, 0.0 ], [ 84.774341026780391, 27.80632967721867, 0.0 ], [ 84.774644087305532, 27.806631112632701, 0.0 ], [ 84.774720249771804, 27.80676457647608, 0.0 ], [ 84.774933853994852, 27.807155889681361, 0.0 ], [ 84.774990480274198, 27.807231298814312, 0.0 ], [ 84.775415710483813, 27.807831000725439, 0.0 ], [ 84.775439669972457, 27.80791082214817, 0.0 ], [ 84.775352768932592, 27.808127399571639, 0.0 ], [ 84.775269598678122, 27.80818087633741, 0.0 ], [ 84.774907128603076, 27.808248554300729, 0.0 ], [ 84.774803557738309, 27.808270270810301, 0.0 ], [ 84.774003843075292, 27.808376706098599, 0.0 ], [ 84.773019916921129, 27.80821220099412, 0.0 ], [ 84.772996676850454, 27.807952891338321, 0.0 ], [ 84.77271943567186, 27.807329806670079, 0.0 ], [ 84.772380766737598, 27.807777460771149, 0.0 ], [ 84.772334210331309, 27.807809863911331, 0.0 ], [ 84.772148195365915, 27.807955082006789, 0.0 ], [ 84.771862904635128, 27.808106272392401, 0.0 ], [ 84.771314486210315, 27.808706761045102, 0.0 ], [ 84.769672043512884, 27.80993795107689, 0.0 ], [ 84.767706441133498, 27.8108006795356, 0.0 ], [ 84.767256480949712, 27.810788898604262, 0.0 ], [ 84.766441203647375, 27.81038627082167, 0.0 ], [ 84.766357443450403, 27.809956115627649, 0.0 ], [ 84.766405162710868, 27.809789093748648, 0.0 ], [ 84.766806417581648, 27.809155422116088, 0.0 ], [ 84.767180138413238, 27.808526260525049, 0.0 ], [ 84.767268099303294, 27.80842960587567, 0.0 ], [ 84.767534904768183, 27.807767855139119, 0.0 ], [ 84.767627746185838, 27.807542102962142, 0.0 ], [ 84.767722239638488, 27.80697437442177, 0.0 ], [ 84.767445352833406, 27.806372888458281, 0.0 ], [ 84.768448550041569, 27.805594459828409, 0.0 ], [ 84.768525886625923, 27.805550978742168, 0.0 ], [ 84.769957448933596, 27.805290234170229, 0.0 ] ] ] } },
{ "type": "Feature", "properties": { "id": null, "Name": "Bishatar", "description": null, "timestamp": null, "begin": null, "end": null, "altitudeMode": null, "tessellate": 1, "extrude": 0, "visibility": -1, "drawOrder": null, "icon": null, "NUMPOINTS_exposed": 125.0, "SETTL_NAME": "Bishaltar" }, "geometry": { "type": "Polygon", "coordinates": [ [ [ 84.766320169222581, 27.810637016544089, 0.0 ], [ 84.766999065937, 27.810836282390468, 0.0 ], [ 84.767052880241835, 27.81085034822096, 0.0 ], [ 84.76712909331809, 27.811219084344629, 0.0 ], [ 84.766997213435616, 27.811397316675961, 0.0 ], [ 84.766896109469968, 27.811506045378469, 0.0 ], [ 84.766880188542828, 27.81154150566104, 0.0 ], [ 84.76623809917011, 27.81251367299782, 0.0 ], [ 84.766118875397368, 27.812756664417449, 0.0 ], [ 84.766065671995563, 27.812814409726549, 0.0 ], [ 84.765421573612699, 27.813766556300049, 0.0 ], [ 84.765005588653153, 27.81697402444313, 0.0 ], [ 84.762306749631193, 27.81692616790713, 0.0 ], [ 84.757834678972841, 27.814606125557681, 0.0 ], [ 84.756841929405866, 27.81245744349556, 0.0 ], [ 84.75812704885135, 27.810530374244699, 0.0 ], [ 84.761670023862465, 27.810838758332132, 0.0 ], [ 84.762866046885762, 27.812342184628449, 0.0 ], [ 84.762980111192448, 27.8121941408676, 0.0 ], [ 84.76333568403264, 27.81175499185364, 0.0 ], [ 84.763892842118679, 27.811605614029531, 0.0 ], [ 84.764071469657765, 27.811596606528308, 0.0 ], [ 84.764571497231131, 27.811502407072389, 0.0 ], [ 84.764767324822586, 27.811440944198949, 0.0 ], [ 84.76620729442277, 27.81087617598812, 0.0 ], [ 84.766320169222581, 27.810637016544089, 0.0 ] ] ] } },
{ "type": "Feature", "properties": { "id": null, "Name": "Surintaar", "description": null, "timestamp": null, "begin": null, "end": null, "altitudeMode": null, "tessellate": 1, "extrude": 0, "visibility": -1, "drawOrder": null, "icon": null, "NUMPOINTS_exposed": 75.0, "SETTL_NAME": "Majhitar" }, "geometry": { "type": "Polygon", "coordinates": [ [ [ 84.772314385013928, 27.81996125748055, 0.0 ], [ 84.773028231338316, 27.818147920782881, 0.0 ], [ 84.773611409227129, 27.816832382046311, 0.0 ], [ 84.774168905670209, 27.815586424345661, 0.0 ], [ 84.774213794768187, 27.815561280674729, 0.0 ], [ 84.774924459512391, 27.815186631069711, 0.0 ], [ 84.775104556480997, 27.814291361034218, 0.0 ], [ 84.775126958581168, 27.81388807014277, 0.0 ], [ 84.775176476896945, 27.813936475725921, 0.0 ], [ 84.77565346777476, 27.81429518674889, 0.0 ], [ 84.775692286327029, 27.81433525921415, 0.0 ], [ 84.77602148134028, 27.814681201103561, 0.0 ], [ 84.77620856778411, 27.815189030311942, 0.0 ], [ 84.776487840989418, 27.815653811566669, 0.0 ], [ 84.776560667014309, 27.816133556389762, 0.0 ], [ 84.776488561356814, 27.816293902868601, 0.0 ], [ 84.776217411060401, 27.816688184551271, 0.0 ], [ 84.776210097485958, 27.816813442258329, 0.0 ], [ 84.77615367343806, 27.817694243988608, 0.0 ], [ 84.776129277169105, 27.817896157019121, 0.0 ], [ 84.775916411973469, 27.818665798913951, 0.0 ], [ 84.775751361868871, 27.818930702910421, 0.0 ], [ 84.775056768505735, 27.819655892092609, 0.0 ], [ 84.774274927469492, 27.820384841039129, 0.0 ], [ 84.774168975584857, 27.820437222802951, 0.0 ], [ 84.773560159217837, 27.820562617000629, 0.0 ], [ 84.772314385013928, 27.81996125748055, 0.0 ] ] ] } },
{ "type": "Feature", "properties": { "id": null, "Name": "Trisuli Bridge charaudi", "description": null, "timestamp": null, "begin": null, "end": null, "altitudeMode": null, "tessellate": 1, "extrude": 0, "visibility": -1, "drawOrder": null, "icon": null, "NUMPOINTS_exposed": 174.0, "SETTL_NAME": "Charaudi" }, "geometry": { "type": "Polygon", "coordinates": [ [ [ 84.754478175361811, 27.80613354331323, 0.0 ], [ 84.753757820876828, 27.8055095546305, 0.0 ], [ 84.752216863819015, 27.804266906199839, 0.0 ], [ 84.751048815555009, 27.80412346400438, 0.0 ], [ 84.750091867344366, 27.80405410676957, 0.0 ], [ 84.747735823637484, 27.80414992860959, 0.0 ], [ 84.745806000154531, 27.804171168965581, 0.0 ], [ 84.744514027130975, 27.80349972063653, 0.0 ], [ 84.745372825668284, 27.802139953706721, 0.0 ], [ 84.748535896333337, 27.80221331275764, 0.0 ], [ 84.750319207677848, 27.802235440810431, 0.0 ], [ 84.751237313897036, 27.802436952838129, 0.0 ], [ 84.751567701385852, 27.80207066841681, 0.0 ], [ 84.752163775509786, 27.801436692325691, 0.0 ], [ 84.752361671604802, 27.80136888169265, 0.0 ], [ 84.753052233230818, 27.801324515830579, 0.0 ], [ 84.753641815493012, 27.80149832761305, 0.0 ], [ 84.754699903608014, 27.801933098218178, 0.0 ], [ 84.755075275522671, 27.802285111724441, 0.0 ], [ 84.755091734250783, 27.80233666034783, 0.0 ], [ 84.755448389508572, 27.802953217387429, 0.0 ], [ 84.756113367884552, 27.804045537202761, 0.0 ], [ 84.756117936017134, 27.804165618219951, 0.0 ], [ 84.756111756930551, 27.805258778736931, 0.0 ], [ 84.756014491335534, 27.805580569342439, 0.0 ], [ 84.755678006677456, 27.806308762189161, 0.0 ], [ 84.755669425054876, 27.80632321516638, 0.0 ], [ 84.754478175361811, 27.80613354331323, 0.0 ] ] ] } },
{ "type": "Feature", "properties": { "id": null, "Name": "Lahure Chouk", "description": null, "timestamp": null, "begin": null, "end": null, "altitudeMode": null, "tessellate": 1, "extrude": 0, "visibility": -1, "drawOrder": null, "icon": null, "NUMPOINTS_exposed": 8.0, "SETTL_NAME": null }, "geometry": { "type": "Polygon", "coordinates": [ [ [ 84.749630438966378, 27.806788690291661, 0.0 ], [ 84.749765627759729, 27.80595381808514, 0.0 ], [ 84.749959297789033, 27.805632589896071, 0.0 ], [ 84.750396588839365, 27.805625479035552, 0.0 ], [ 84.750896257152434, 27.805927591058008, 0.0 ], [ 84.751756300989825, 27.806424654551058, 0.0 ], [ 84.751925796024921, 27.806841140264119, 0.0 ], [ 84.752229870916793, 27.807520209000391, 0.0 ], [ 84.752268207543352, 27.8076369993864, 0.0 ], [ 84.752596380352898, 27.80837095477175, 0.0 ], [ 84.752964069505182, 27.80934813801645, 0.0 ], [ 84.752935821696582, 27.80977541370417, 0.0 ], [ 84.752631461553392, 27.81007223447282, 0.0 ], [ 84.752118971378422, 27.809772866311778, 0.0 ], [ 84.749630438966378, 27.806788690291661, 0.0 ] ] ] } },
{ "type": "Feature", "properties": { "id": null, "Name": "Majheri", "description": null, "timestamp": null, "begin": null, "end": null, "altitudeMode": null, "tessellate": 1, "extrude": 0, "visibility": -1, "drawOrder": null, "icon": null, "NUMPOINTS_exposed": 266.0, "SETTL_NAME": "Krinebhir" }, "geometry": { "type": "Polygon", "coordinates": [ [ [ 84.743855399504127, 27.802956026602541, 0.0 ], [ 84.741507020495504, 27.80270640635003, 0.0 ], [ 84.741461184276332, 27.802708743443588, 0.0 ], [ 84.741369510139592, 27.802713417736449, 0.0 ], [ 84.740055100624957, 27.802944907979541, 0.0 ], [ 84.738970666742418, 27.803025709566938, 0.0 ], [ 84.738936689221887, 27.802989244471959, 0.0 ], [ 84.738868013192388, 27.802967339120102, 0.0 ], [ 84.738856494282956, 27.802967926741939, 0.0 ], [ 84.738776151642341, 27.80295933772787, 0.0 ], [ 84.738638684195465, 27.802941008818259, 0.0 ], [ 84.738478891218023, 27.802911231365311, 0.0 ], [ 84.738344950292813, 27.802519724157289, 0.0 ], [ 84.738291303966562, 27.802449015273861, 0.0 ], [ 84.738270734005454, 27.802401316156821, 0.0 ], [ 84.738120995085126, 27.801099140215278, 0.0 ], [ 84.738018001495277, 27.79950639999873, 0.0 ], [ 84.738020204987464, 27.79946735318936, 0.0 ], [ 84.73773345454957, 27.798412354382329, 0.0 ], [ 84.737720976462981, 27.797924897967931, 0.0 ], [ 84.737760602596936, 27.797897323647, 0.0 ], [ 84.738216993865862, 27.79762997303639, 0.0 ], [ 84.73920543108521, 27.797706043727061, 0.0 ], [ 84.739948948638855, 27.79776174474674, 0.0 ], [ 84.739977417000659, 27.797768812437258, 0.0 ], [ 84.741014436076341, 27.798000633967661, 0.0 ], [ 84.741665698324439, 27.797506745062002, 0.0 ], [ 84.742722077531241, 27.79812556062577, 0.0 ], [ 84.742730744113359, 27.798187349457969, 0.0 ], [ 84.744533848668709, 27.798052035556982, 0.0 ], [ 84.744543436490034, 27.79809602170053, 0.0 ], [ 84.744556920066586, 27.798157880301279, 0.0 ], [ 84.744706746076815, 27.799315422315441, 0.0 ], [ 84.744710919409584, 27.799334938745961, 0.0 ], [ 84.744711215860221, 27.79938437901648, 0.0 ], [ 84.744715710300781, 27.799453719019251, 0.0 ], [ 84.744730452504527, 27.79952292835608, 0.0 ], [ 84.745773737479709, 27.800138767774449, 0.0 ], [ 84.743855399504127, 27.802956026602541, 0.0 ] ] ] } },
{ "type": "Feature", "properties": { "id": null, "Name": "Majheri", "description": null, "timestamp": null, "begin": null, "end": null, "altitudeMode": null, "tessellate": 1, "extrude": 0, "visibility": -1, "drawOrder": null, "icon": null, "NUMPOINTS_exposed": 266.0, "SETTL_NAME": "Khatritar" }, "geometry": { "type": "Polygon", "coordinates": [ [ [ 84.743855399504127, 27.802956026602541, 0.0 ], [ 84.741507020495504, 27.80270640635003, 0.0 ], [ 84.741461184276332, 27.802708743443588, 0.0 ], [ 84.741369510139592, 27.802713417736449, 0.0 ], [ 84.740055100624957, 27.802944907979541, 0.0 ], [ 84.738970666742418, 27.803025709566938, 0.0 ], [ 84.738936689221887, 27.802989244471959, 0.0 ], [ 84.738868013192388, 27.802967339120102, 0.0 ], [ 84.738856494282956, 27.802967926741939, 0.0 ], [ 84.738776151642341, 27.80295933772787, 0.0 ], [ 84.738638684195465, 27.802941008818259, 0.0 ], [ 84.738478891218023, 27.802911231365311, 0.0 ], [ 84.738344950292813, 27.802519724157289, 0.0 ], [ 84.738291303966562, 27.802449015273861, 0.0 ], [ 84.738270734005454, 27.802401316156821, 0.0 ], [ 84.738120995085126, 27.801099140215278, 0.0 ], [ 84.738018001495277, 27.79950639999873, 0.0 ], [ 84.738020204987464, 27.79946735318936, 0.0 ], [ 84.73773345454957, 27.798412354382329, 0.0 ], [ 84.737720976462981, 27.797924897967931, 0.0 ], [ 84.737760602596936, 27.797897323647, 0.0 ], [ 84.738216993865862, 27.79762997303639, 0.0 ], [ 84.73920543108521, 27.797706043727061, 0.0 ], [ 84.739948948638855, 27.79776174474674, 0.0 ], [ 84.739977417000659, 27.797768812437258, 0.0 ], [ 84.741014436076341, 27.798000633967661, 0.0 ], [ 84.741665698324439, 27.797506745062002, 0.0 ], [ 84.742722077531241, 27.79812556062577, 0.0 ], [ 84.742730744113359, 27.798187349457969, 0.0 ], [ 84.744533848668709, 27.798052035556982, 0.0 ], [ 84.744543436490034, 27.79809602170053, 0.0 ], [ 84.744556920066586, 27.798157880301279, 0.0 ], [ 84.744706746076815, 27.799315422315441, 0.0 ], [ 84.744710919409584, 27.799334938745961, 0.0 ], [ 84.744711215860221, 27.79938437901648, 0.0 ], [ 84.744715710300781, 27.799453719019251, 0.0 ], [ 84.744730452504527, 27.79952292835608, 0.0 ], [ 84.745773737479709, 27.800138767774449, 0.0 ], [ 84.743855399504127, 27.802956026602541, 0.0 ] ] ] } },
{ "type": "Feature", "properties": { "id": null, "Name": "Magar vilalge", "description": null, "timestamp": null, "begin": null, "end": null, "altitudeMode": null, "tessellate": 1, "extrude": 0, "visibility": -1, "drawOrder": null, "icon": null, "NUMPOINTS_exposed": 12.0, "SETTL_NAME": "Dhusatar" }, "geometry": { "type": "Polygon", "coordinates": [ [ [ 84.74947034284402, 27.79962252832604, 0.0 ], [ 84.749453485799052, 27.799623382133131, 0.0 ], [ 84.749386056304132, 27.79962679742923, 0.0 ], [ 84.748839360294951, 27.799112334444342, 0.0 ], [ 84.748258592390386, 27.798021468457222, 0.0 ], [ 84.748256087818319, 27.797999877916471, 0.0 ], [ 84.748244474848647, 27.797899768680669, 0.0 ], [ 84.748464610393668, 27.797219244922331, 0.0 ], [ 84.748486026164542, 27.797211513758668, 0.0 ], [ 84.748515747995555, 27.797210020513429, 0.0 ], [ 84.749259711606314, 27.797306656298879, 0.0 ], [ 84.74928689468932, 27.797332328897099, 0.0 ], [ 84.749340292064858, 27.797377153844369, 0.0 ], [ 84.749745288238316, 27.797895993872281, 0.0 ], [ 84.749783268272992, 27.797930183862761, 0.0 ], [ 84.74987908000135, 27.79805646913141, 0.0 ], [ 84.750046530350318, 27.798255601443469, 0.0 ], [ 84.750432810620069, 27.798886649632379, 0.0 ], [ 84.750431646907401, 27.798918776543289, 0.0 ], [ 84.750396564585643, 27.798984995200321, 0.0 ], [ 84.750366001730356, 27.799035146813591, 0.0 ], [ 84.750321287397298, 27.799176410417811, 0.0 ], [ 84.74947034284402, 27.79962252832604, 0.0 ] ] ] } },
{ "type": "Feature", "properties": { "id": null, "Name": "Dhulstar", "description": null, "timestamp": null, "begin": null, "end": null, "altitudeMode": null, "tessellate": 1, "extrude": 0, "visibility": -1, "drawOrder": null, "icon": null, "NUMPOINTS_exposed": 71.0, "SETTL_NAME": null }, "geometry": { "type": "Polygon", "coordinates": [ [ [ 84.745721967595571, 27.801338441795689, 0.0 ], [ 84.745797608611227, 27.80057541151773, 0.0 ], [ 84.745810636938543, 27.800549354849782, 0.0 ], [ 84.746165323314358, 27.799799396310309, 0.0 ], [ 84.746165309640048, 27.799782095761, 0.0 ], [ 84.746182439918059, 27.799426724551122, 0.0 ], [ 84.746421729941346, 27.799171350730301, 0.0 ], [ 84.746444563447469, 27.799170201044991, 0.0 ], [ 84.746564584065155, 27.79916947856082, 0.0 ], [ 84.746650413619022, 27.79917048125132, 0.0 ], [ 84.746822977054435, 27.799188470964211, 0.0 ], [ 84.747436718438294, 27.79930874957423, 0.0 ], [ 84.747460791989639, 27.799318454195401, 0.0 ], [ 84.748059993025876, 27.79945394254398, 0.0 ], [ 84.749168460944247, 27.799746474000951, 0.0 ], [ 84.749695475281897, 27.799855436929999, 0.0 ], [ 84.749707534039402, 27.799854827382639, 0.0 ], [ 84.750258586188465, 27.79963319503814, 0.0 ], [ 84.750544942886307, 27.800005123017161, 0.0 ], [ 84.750626657816412, 27.800588920239829, 0.0 ], [ 84.750367760166355, 27.800929875645132, 0.0 ], [ 84.750342336102179, 27.80095851084829, 0.0 ], [ 84.750289212182906, 27.800981776700361, 0.0 ], [ 84.749189283445745, 27.801409656621431, 0.0 ], [ 84.749157425712539, 27.801418456148429, 0.0 ], [ 84.748575583971075, 27.802088915324511, 0.0 ], [ 84.745721967595571, 27.801338441795689, 0.0 ] ] ] } },
{ "type": "Feature", "properties": { "id": null, "Name": "Baluwatar", "description": null, "timestamp": null, "begin": null, "end": null, "altitudeMode": null, "tessellate": 1, "extrude": 0, "visibility": -1, "drawOrder": null, "icon": null, "NUMPOINTS_exposed": 145.0, "SETTL_NAME": "Baltar" }, "geometry": { "type": "Polygon", "coordinates": [ [ [ 84.731377482599996, 27.80637236862129, 0.0 ], [ 84.730686341811051, 27.80520240933118, 0.0 ], [ 84.730060267437224, 27.803502817027571, 0.0 ], [ 84.730060396351007, 27.803467017521289, 0.0 ], [ 84.730060749461131, 27.803368952164579, 0.0 ], [ 84.73013017426716, 27.80230607758233, 0.0 ], [ 84.731436318134541, 27.80160226337394, 0.0 ], [ 84.731453756717869, 27.801577328383669, 0.0 ], [ 84.731516390598259, 27.80153417068345, 0.0 ], [ 84.733307301197797, 27.801380788096061, 0.0 ], [ 84.734287508379339, 27.80091526881969, 0.0 ], [ 84.735431466042911, 27.800532610125622, 0.0 ], [ 84.73650476850402, 27.801268698130219, 0.0 ], [ 84.736560143670161, 27.80138427139978, 0.0 ], [ 84.736610507630871, 27.801468231248009, 0.0 ], [ 84.73743533629775, 27.802595186904941, 0.0 ], [ 84.737595345648515, 27.80399068479695, 0.0 ], [ 84.73764948420181, 27.804442773105549, 0.0 ], [ 84.737619314138826, 27.804494011164081, 0.0 ], [ 84.737567443230859, 27.804571405141409, 0.0 ], [ 84.736989373217298, 27.805130943395511, 0.0 ], [ 84.731377482599996, 27.80637236862129, 0.0 ] ] ] } },
{ "type": "Feature", "properties": { "id": null, "Name": "Baluwatar", "description": null, "timestamp": null, "begin": null, "end": null, "altitudeMode": null, "tessellate": 1, "extrude": 0, "visibility": -1, "drawOrder": null, "icon": null, "NUMPOINTS_exposed": 145.0, "SETTL_NAME": "Sukumbasitol" }, "geometry": { "type": "Polygon", "coordinates": [ [ [ 84.731377482599996, 27.80637236862129, 0.0 ], [ 84.730686341811051, 27.80520240933118, 0.0 ], [ 84.730060267437224, 27.803502817027571, 0.0 ], [ 84.730060396351007, 27.803467017521289, 0.0 ], [ 84.730060749461131, 27.803368952164579, 0.0 ], [ 84.73013017426716, 27.80230607758233, 0.0 ], [ 84.731436318134541, 27.80160226337394, 0.0 ], [ 84.731453756717869, 27.801577328383669, 0.0 ], [ 84.731516390598259, 27.80153417068345, 0.0 ], [ 84.733307301197797, 27.801380788096061, 0.0 ], [ 84.734287508379339, 27.80091526881969, 0.0 ], [ 84.735431466042911, 27.800532610125622, 0.0 ], [ 84.73650476850402, 27.801268698130219, 0.0 ], [ 84.736560143670161, 27.80138427139978, 0.0 ], [ 84.736610507630871, 27.801468231248009, 0.0 ], [ 84.73743533629775, 27.802595186904941, 0.0 ], [ 84.737595345648515, 27.80399068479695, 0.0 ], [ 84.73764948420181, 27.804442773105549, 0.0 ], [ 84.737619314138826, 27.804494011164081, 0.0 ], [ 84.737567443230859, 27.804571405141409, 0.0 ], [ 84.736989373217298, 27.805130943395511, 0.0 ], [ 84.731377482599996, 27.80637236862129, 0.0 ] ] ] } },
{ "type": "Feature", "properties": { "id": null, "Name": "Baluwatar", "description": null, "timestamp": null, "begin": null, "end": null, "altitudeMode": null, "tessellate": 1, "extrude": 0, "visibility": -1, "drawOrder": null, "icon": null, "NUMPOINTS_exposed": 145.0, "SETTL_NAME": "Dhobadighat" }, "geometry": { "type": "Polygon", "coordinates": [ [ [ 84.731377482599996, 27.80637236862129, 0.0 ], [ 84.730686341811051, 27.80520240933118, 0.0 ], [ 84.730060267437224, 27.803502817027571, 0.0 ], [ 84.730060396351007, 27.803467017521289, 0.0 ], [ 84.730060749461131, 27.803368952164579, 0.0 ], [ 84.73013017426716, 27.80230607758233, 0.0 ], [ 84.731436318134541, 27.80160226337394, 0.0 ], [ 84.731453756717869, 27.801577328383669, 0.0 ], [ 84.731516390598259, 27.80153417068345, 0.0 ], [ 84.733307301197797, 27.801380788096061, 0.0 ], [ 84.734287508379339, 27.80091526881969, 0.0 ], [ 84.735431466042911, 27.800532610125622, 0.0 ], [ 84.73650476850402, 27.801268698130219, 0.0 ], [ 84.736560143670161, 27.80138427139978, 0.0 ], [ 84.736610507630871, 27.801468231248009, 0.0 ], [ 84.73743533629775, 27.802595186904941, 0.0 ], [ 84.737595345648515, 27.80399068479695, 0.0 ], [ 84.73764948420181, 27.804442773105549, 0.0 ], [ 84.737619314138826, 27.804494011164081, 0.0 ], [ 84.737567443230859, 27.804571405141409, 0.0 ], [ 84.736989373217298, 27.805130943395511, 0.0 ], [ 84.731377482599996, 27.80637236862129, 0.0 ] ] ] } },
{ "type": "Feature", "properties": { "id": null, "Name": "Jogimara", "description": null, "timestamp": null, "begin": null, "end": null, "altitudeMode": null, "tessellate": 1, "extrude": 0, "visibility": -1, "drawOrder": null, "icon": null, "NUMPOINTS_exposed": 79.0, "SETTL_NAME": null }, "geometry": { "type": "Polygon", "coordinates": [ [ [ 84.727677517186905, 27.796471576522229, 0.0 ], [ 84.728095674060683, 27.797323097034582, 0.0 ], [ 84.728106569002662, 27.797364541414989, 0.0 ], [ 84.728114762264326, 27.797395708548031, 0.0 ], [ 84.728109082540996, 27.797459375854469, 0.0 ], [ 84.728111717513357, 27.79751228567471, 0.0 ], [ 84.728119961408439, 27.79754379447008, 0.0 ], [ 84.728119685346684, 27.797672254090859, 0.0 ], [ 84.727570388663892, 27.799172802551201, 0.0 ], [ 84.726850918863732, 27.799731720664191, 0.0 ], [ 84.725918067584843, 27.800295081467059, 0.0 ], [ 84.724727143814164, 27.80047125276889, 0.0 ], [ 84.722882180756159, 27.800983796887781, 0.0 ], [ 84.722809342057133, 27.801014064644988, 0.0 ], [ 84.722772874787125, 27.801029218536421, 0.0 ], [ 84.721034711512416, 27.80130504262668, 0.0 ], [ 84.720897272844425, 27.8013120329835, 0.0 ], [ 84.720029998063751, 27.801128778080869, 0.0 ], [ 84.719966663371622, 27.800816652870161, 0.0 ], [ 84.720179044001242, 27.799836599839072, 0.0 ], [ 84.72022958516294, 27.79972478010701, 0.0 ], [ 84.720267323146857, 27.799638450748208, 0.0 ], [ 84.720317204070994, 27.79952810194991, 0.0 ], [ 84.721194724169294, 27.79869418217773, 0.0 ], [ 84.72136419306257, 27.798506059580141, 0.0 ], [ 84.721509678557084, 27.798365535330159, 0.0 ], [ 84.721553895914909, 27.798308185293191, 0.0 ], [ 84.721698554546975, 27.798213146933591, 0.0 ], [ 84.723136251328441, 27.79738560422761, 0.0 ], [ 84.72323137908532, 27.797339496985899, 0.0 ], [ 84.724462448561098, 27.796911309172561, 0.0 ], [ 84.726018315912071, 27.79651581147424, 0.0 ], [ 84.726090932120457, 27.796502368816061, 0.0 ], [ 84.726214737750936, 27.79647658351524, 0.0 ], [ 84.726253377311309, 27.79645511121365, 0.0 ], [ 84.726319876537914, 27.79641279651106, 0.0 ], [ 84.727677517186905, 27.796471576522229, 0.0 ] ] ] } },
{ "type": "Feature", "properties": { "id": null, "Name": "Fajhimatar tourist village", "description": null, "timestamp": null, "begin": null, "end": null, "altitudeMode": null, "tessellate": 1, "extrude": 0, "visibility": -1, "drawOrder": null, "icon": null, "NUMPOINTS_exposed": 100.0, "SETTL_NAME": null }, "geometry": { "type": "Polygon", "coordinates": [ [ [ 84.718128302161787, 27.800923760157879, 0.0 ], [ 84.717256680866342, 27.800347165098788, 0.0 ], [ 84.717243927696828, 27.800316398125918, 0.0 ], [ 84.716481647749745, 27.799102657848358, 0.0 ], [ 84.716480653809171, 27.799073955442939, 0.0 ], [ 84.716446826989298, 27.798999267640511, 0.0 ], [ 84.716402511459137, 27.798916048797071, 0.0 ], [ 84.71568726638138, 27.79745515527004, 0.0 ], [ 84.715677227782123, 27.797421754073191, 0.0 ], [ 84.715676893390281, 27.797371076078029, 0.0 ], [ 84.715676449501686, 27.79730380474744, 0.0 ], [ 84.715839994349807, 27.797112311136448, 0.0 ], [ 84.715888328529331, 27.797101621286199, 0.0 ], [ 84.715965686213906, 27.79708948512295, 0.0 ], [ 84.716460180681011, 27.797081285755681, 0.0 ], [ 84.71649893895011, 27.797079346770321, 0.0 ], [ 84.716606216479974, 27.797090537861749, 0.0 ], [ 84.71733281671429, 27.797187388797131, 0.0 ], [ 84.718110643134608, 27.797232386530261, 0.0 ], [ 84.718162874349076, 27.79726349276342, 0.0 ], [ 84.71840169991394, 27.797378751317741, 0.0 ], [ 84.718433059257165, 27.797394234823312, 0.0 ], [ 84.718487002805645, 27.797434263473729, 0.0 ], [ 84.719184992554403, 27.797825361514981, 0.0 ], [ 84.719195787092389, 27.797904555562791, 0.0 ], [ 84.719204226665596, 27.797966472263351, 0.0 ], [ 84.719252500294601, 27.798170902460019, 0.0 ], [ 84.719746425211909, 27.799151007964351, 0.0 ], [ 84.719752220037435, 27.799189706366231, 0.0 ], [ 84.719744215890472, 27.799278227381159, 0.0 ], [ 84.719745984941881, 27.79950581664529, 0.0 ], [ 84.719776842636648, 27.800462958006559, 0.0 ], [ 84.719746909514328, 27.80048578580093, 0.0 ], [ 84.719670851667331, 27.80057519767421, 0.0 ], [ 84.719612046867482, 27.800631899538491, 0.0 ], [ 84.718128302161787, 27.800923760157879, 0.0 ] ] ] } },
{ "type": "Feature", "properties": { "id": null, "Name": "Pachima taar", "description": null, "timestamp": null, "begin": null, "end": null, "altitudeMode": null, "tessellate": 1, "extrude": 0, "visibility": -1, "drawOrder": null, "icon": null, "NUMPOINTS_exposed": 21.0, "SETTL_NAME": null }, "geometry": { "type": "Polygon", "coordinates": [ [ [ 84.719671976145662, 27.802653079341241, 0.0 ], [ 84.719586051906916, 27.802697193867271, 0.0 ], [ 84.718435475335994, 27.803014106807591, 0.0 ], [ 84.717429606351971, 27.803032756541029, 0.0 ], [ 84.717402713137133, 27.802993446830332, 0.0 ], [ 84.716772229519279, 27.80223079392961, 0.0 ], [ 84.71675675817032, 27.802216637853871, 0.0 ], [ 84.716669223074419, 27.802191272411271, 0.0 ], [ 84.71524615838652, 27.80113683007303, 0.0 ], [ 84.715152861408242, 27.800850333413909, 0.0 ], [ 84.715780244461385, 27.800592515184739, 0.0 ], [ 84.716239370352213, 27.800776384884429, 0.0 ], [ 84.716259001265769, 27.800775393403811, 0.0 ], [ 84.716305227113381, 27.800779410415259, 0.0 ], [ 84.718276860946901, 27.801532685458739, 0.0 ], [ 84.718297444687806, 27.801531641988898, 0.0 ], [ 84.718331750206715, 27.80152990290928, 0.0 ], [ 84.719396091086423, 27.801659471209661, 0.0 ], [ 84.719287319251691, 27.801281026310569, 0.0 ], [ 84.719638380745636, 27.801394053280411, 0.0 ], [ 84.719849285786708, 27.802037105913261, 0.0 ], [ 84.719671976145662, 27.802653079341241, 0.0 ] ] ] } },
{ "type": "Feature", "properties": { "id": null, "Name": "Jyamire ghat", "description": null, "timestamp": null, "begin": null, "end": null, "altitudeMode": null, "tessellate": 1, "extrude": 0, "visibility": -1, "drawOrder": null, "icon": null, "NUMPOINTS_exposed": 13.0, "SETTL_NAME": null }, "geometry": { "type": "Polygon", "coordinates": [ [ [ 84.715878935427924, 27.802165410635361, 0.0 ], [ 84.71592274193975, 27.802181676905189, 0.0 ], [ 84.715944220556096, 27.802186761275379, 0.0 ], [ 84.715707019319453, 27.802633328728401, 0.0 ], [ 84.715677895614775, 27.80267995091824, 0.0 ], [ 84.715653157531435, 27.802707089599, 0.0 ], [ 84.715647802421657, 27.802720330868979, 0.0 ], [ 84.715629190445711, 27.802740755995021, 0.0 ], [ 84.71561137244808, 27.802767695354738, 0.0 ], [ 84.715358137970853, 27.80309821697611, 0.0 ], [ 84.715315156633721, 27.80310038227843, 0.0 ], [ 84.715286501958332, 27.80310182583354, 0.0 ], [ 84.715272174583319, 27.803102547612241, 0.0 ], [ 84.715232794708953, 27.803138201898101, 0.0 ], [ 84.715201899761425, 27.803187080769561, 0.0 ], [ 84.714589509217163, 27.80329957597543, 0.0 ], [ 84.714397148655408, 27.803133188438981, 0.0 ], [ 84.714374334331112, 27.803114210212751, 0.0 ], [ 84.714351563912487, 27.803095268452559, 0.0 ], [ 84.714336407960346, 27.803082660892649, 0.0 ], [ 84.714306573975733, 27.803064139133781, 0.0 ], [ 84.714266631990412, 27.802881103092169, 0.0 ], [ 84.714262611132781, 27.802816014956349, 0.0 ], [ 84.714304122420117, 27.802474701977911, 0.0 ], [ 84.714315525222574, 27.802436433078199, 0.0 ], [ 84.714333378180044, 27.802391735542951, 0.0 ], [ 84.714448068192098, 27.802066485313571, 0.0 ], [ 84.714503243455965, 27.801985429356229, 0.0 ], [ 84.714520766337969, 27.801948626946789, 0.0 ], [ 84.714532412661299, 27.801924166644799, 0.0 ], [ 84.71481261714824, 27.801803394719219, 0.0 ], [ 84.714852875981478, 27.80180137695179, 0.0 ], [ 84.715878935427924, 27.802165410635361, 0.0 ] ] ] } },
{ "type": "Feature", "properties": { "id": null, "Name": "Janakalyan Village centar", "description": null, "timestamp": null, "begin": null, "end": null, "altitudeMode": null, "tessellate": 1, "extrude": 0, "visibility": -1, "drawOrder": null, "icon": null, "NUMPOINTS_exposed": 75.0, "SETTL_NAME": null }, "geometry": { "type": "Polygon", "coordinates": [ [ [ 84.710154589512328, 27.808550529345968, 0.0 ], [ 84.710037850554443, 27.806977578780941, 0.0 ], [ 84.710046311686497, 27.806952603765009, 0.0 ], [ 84.710075452097172, 27.806902138991529, 0.0 ], [ 84.710119342825877, 27.80679019133672, 0.0 ], [ 84.711545061634013, 27.80441462333695, 0.0 ], [ 84.711536026929082, 27.804372749516251, 0.0 ], [ 84.711529266331425, 27.804341415616381, 0.0 ], [ 84.711230509347189, 27.803265770746581, 0.0 ], [ 84.711163171829028, 27.803210158349842, 0.0 ], [ 84.711089192256139, 27.803174665612591, 0.0 ], [ 84.711039303740364, 27.803147829126331, 0.0 ], [ 84.710885153898928, 27.803097047145151, 0.0 ], [ 84.710705951504991, 27.803028354574131, 0.0 ], [ 84.710286500324827, 27.802610117743431, 0.0 ], [ 84.710274310204994, 27.802544969225341, 0.0 ], [ 84.710262172307267, 27.802480099613671, 0.0 ], [ 84.71023215796113, 27.802435004497902, 0.0 ], [ 84.709964022404932, 27.8016157101926, 0.0 ], [ 84.710039122519575, 27.80156800411633, 0.0 ], [ 84.710059884071043, 27.80156696676449, 0.0 ], [ 84.711538083012314, 27.801156574127749, 0.0 ], [ 84.713043262610285, 27.80179328387683, 0.0 ], [ 84.713071657915435, 27.801853405872709, 0.0 ], [ 84.713108900903137, 27.801950409977199, 0.0 ], [ 84.713511525033752, 27.802790923177369, 0.0 ], [ 84.713854778651438, 27.80341734026543, 0.0 ], [ 84.713989605931303, 27.80401990184021, 0.0 ], [ 84.713591025117296, 27.804923950916841, 0.0 ], [ 84.713637510113841, 27.805123139304179, 0.0 ], [ 84.71366422372985, 27.805369077918911, 0.0 ], [ 84.713488496919425, 27.80588116672828, 0.0 ], [ 84.713424298526391, 27.806079930352691, 0.0 ], [ 84.713218176940273, 27.80715812710681, 0.0 ], [ 84.712941394942362, 27.807913345646149, 0.0 ], [ 84.712874279270991, 27.80798235717992, 0.0 ], [ 84.710154589512328, 27.808550529345968, 0.0 ] ] ] } },
{ "type": "Feature", "properties": { "id": null, "Name": "Janakalyan Village centar", "description": null, "timestamp": null, "begin": null, "end": null, "altitudeMode": null, "tessellate": 1, "extrude": 0, "visibility": -1, "drawOrder": null, "icon": null, "NUMPOINTS_exposed": 75.0, "SETTL_NAME": "Jyamirghat" }, "geometry": { "type": "Polygon", "coordinates": [ [ [ 84.710154589512328, 27.808550529345968, 0.0 ], [ 84.710037850554443, 27.806977578780941, 0.0 ], [ 84.710046311686497, 27.806952603765009, 0.0 ], [ 84.710075452097172, 27.806902138991529, 0.0 ], [ 84.710119342825877, 27.80679019133672, 0.0 ], [ 84.711545061634013, 27.80441462333695, 0.0 ], [ 84.711536026929082, 27.804372749516251, 0.0 ], [ 84.711529266331425, 27.804341415616381, 0.0 ], [ 84.711230509347189, 27.803265770746581, 0.0 ], [ 84.711163171829028, 27.803210158349842, 0.0 ], [ 84.711089192256139, 27.803174665612591, 0.0 ], [ 84.711039303740364, 27.803147829126331, 0.0 ], [ 84.710885153898928, 27.803097047145151, 0.0 ], [ 84.710705951504991, 27.803028354574131, 0.0 ], [ 84.710286500324827, 27.802610117743431, 0.0 ], [ 84.710274310204994, 27.802544969225341, 0.0 ], [ 84.710262172307267, 27.802480099613671, 0.0 ], [ 84.71023215796113, 27.802435004497902, 0.0 ], [ 84.709964022404932, 27.8016157101926, 0.0 ], [ 84.710039122519575, 27.80156800411633, 0.0 ], [ 84.710059884071043, 27.80156696676449, 0.0 ], [ 84.711538083012314, 27.801156574127749, 0.0 ], [ 84.713043262610285, 27.80179328387683, 0.0 ], [ 84.713071657915435, 27.801853405872709, 0.0 ], [ 84.713108900903137, 27.801950409977199, 0.0 ], [ 84.713511525033752, 27.802790923177369, 0.0 ], [ 84.713854778651438, 27.80341734026543, 0.0 ], [ 84.713989605931303, 27.80401990184021, 0.0 ], [ 84.713591025117296, 27.804923950916841, 0.0 ], [ 84.713637510113841, 27.805123139304179, 0.0 ], [ 84.71366422372985, 27.805369077918911, 0.0 ], [ 84.713488496919425, 27.80588116672828, 0.0 ], [ 84.713424298526391, 27.806079930352691, 0.0 ], [ 84.713218176940273, 27.80715812710681, 0.0 ], [ 84.712941394942362, 27.807913345646149, 0.0 ], [ 84.712874279270991, 27.80798235717992, 0.0 ], [ 84.710154589512328, 27.808550529345968, 0.0 ] ] ] } },
{ "type": "Feature", "properties": { "id": null, "Name": "Majhimtar ", "description": null, "timestamp": null, "begin": null, "end": null, "altitudeMode": null, "tessellate": 1, "extrude": 0, "visibility": -1, "drawOrder": null, "icon": null, "NUMPOINTS_exposed": 167.0, "SETTL_NAME": null }, "geometry": { "type": "Polygon", "coordinates": [ [ [ 84.698094853717379, 27.807801799967852, 0.0 ], [ 84.69718436437968, 27.807034740662051, 0.0 ], [ 84.699734174399595, 27.805833522001681, 0.0 ], [ 84.702797677655155, 27.806214451009581, 0.0 ], [ 84.703598698622372, 27.804859508339579, 0.0 ], [ 84.703611079544572, 27.80481351205222, 0.0 ], [ 84.70364707474468, 27.804743887078651, 0.0 ], [ 84.704610771332142, 27.803818834102142, 0.0 ], [ 84.70587591151704, 27.802967518481321, 0.0 ], [ 84.705902668911705, 27.80286561026999, 0.0 ], [ 84.705900152369864, 27.802825705105299, 0.0 ], [ 84.706074093628558, 27.801720618902401, 0.0 ], [ 84.706090538750203, 27.80165516361534, 0.0 ], [ 84.706131317691089, 27.8016347092559, 0.0 ], [ 84.706982927522489, 27.801382066631081, 0.0 ], [ 84.707757492547685, 27.801673312209111, 0.0 ], [ 84.707768507840797, 27.801756502937462, 0.0 ], [ 84.707765266662435, 27.801812772790989, 0.0 ], [ 84.707737837164743, 27.802604042966781, 0.0 ], [ 84.707744118341481, 27.80265332798146, 0.0 ], [ 84.707743631803098, 27.80282327455858, 0.0 ], [ 84.70772447377351, 27.802935253009, 0.0 ], [ 84.707743720096886, 27.803725022497261, 0.0 ], [ 84.707738892947489, 27.80377878854604, 0.0 ], [ 84.707691330986194, 27.803953747705851, 0.0 ], [ 84.707645705692229, 27.804053986511679, 0.0 ], [ 84.707589548827286, 27.80416638540731, 0.0 ], [ 84.707286454506587, 27.80515765877335, 0.0 ], [ 84.707267458034678, 27.80520553694015, 0.0 ], [ 84.707216189399517, 27.805290573237119, 0.0 ], [ 84.706794825411322, 27.805827969739308, 0.0 ], [ 84.706773660441542, 27.805865677565482, 0.0 ], [ 84.706718013818048, 27.805929742179739, 0.0 ], [ 84.706268910985571, 27.806324945756032, 0.0 ], [ 84.706234509165995, 27.806364410003081, 0.0 ], [ 84.706138381301031, 27.806407091270898, 0.0 ], [ 84.706019599019115, 27.80648899467905, 0.0 ], [ 84.705887168147925, 27.806559215267651, 0.0 ], [ 84.704917334676011, 27.80694268168304, 0.0 ], [ 84.704892310760684, 27.806943951808559, 0.0 ], [ 84.704817529565602, 27.806960740761781, 0.0 ], [ 84.704730166101754, 27.80697817883657, 0.0 ], [ 84.698094853717379, 27.807801799967852, 0.0 ] ] ] } },
{ "type": "Feature", "properties": { "id": null, "Name": "Hugdi bazar", "description": null, "timestamp": null, "begin": null, "end": null, "altitudeMode": null, "tessellate": 1, "extrude": 0, "visibility": -1, "drawOrder": null, "icon": null, "NUMPOINTS_exposed": 17.0, "SETTL_NAME": null }, "geometry": { "type": "Polygon", "coordinates": [ [ [ 84.69537018088964, 27.806901381880522, 0.0 ], [ 84.69605307399226, 27.806918112882158, 0.0 ], [ 84.696497970166106, 27.80699931706701, 0.0 ], [ 84.696563157135429, 27.80715976624354, 0.0 ], [ 84.696640953031675, 27.807394661126949, 0.0 ], [ 84.696601930547274, 27.80784857221559, 0.0 ], [ 84.696585969887622, 27.80786573614364, 0.0 ], [ 84.696559252743583, 27.807878017485699, 0.0 ], [ 84.696154781461985, 27.808003271032259, 0.0 ], [ 84.696096210224027, 27.807825404361392, 0.0 ], [ 84.696059957356923, 27.807800276581389, 0.0 ], [ 84.695585699365353, 27.807493884647059, 0.0 ], [ 84.695471883838977, 27.8073182968791, 0.0 ], [ 84.695263710365239, 27.80717194485732, 0.0 ], [ 84.69537018088964, 27.806901381880522, 0.0 ] ] ] } },
{ "type": "Feature", "properties": { "id": null, "Name": "Adventure aves rafting and kayaking area", "description": null, "timestamp": null, "begin": null, "end": null, "altitudeMode": null, "tessellate": 1, "extrude": 0, "visibility": -1, "drawOrder": null, "icon": null, "NUMPOINTS_exposed": 3.0, "SETTL_NAME": null }, "geometry": { "type": "Polygon", "coordinates": [ [ [ 84.667791249072351, 27.821793459485569, 0.0 ], [ 84.667531204815191, 27.82019031367151, 0.0 ], [ 84.667552449814266, 27.819593689696379, 0.0 ], [ 84.667553703499578, 27.819568533805629, 0.0 ], [ 84.667556616266197, 27.819510087326691, 0.0 ], [ 84.667860615357569, 27.81880800917369, 0.0 ], [ 84.667861164795454, 27.81879254158514, 0.0 ], [ 84.66789415689712, 27.81875263294047, 0.0 ], [ 84.667926519961554, 27.818728227023289, 0.0 ], [ 84.667983576196008, 27.818664670977821, 0.0 ], [ 84.668269089655936, 27.818493938473971, 0.0 ], [ 84.668277094828568, 27.818478638374611, 0.0 ], [ 84.668308453789635, 27.81846236641351, 0.0 ], [ 84.668339685328732, 27.818453576250491, 0.0 ], [ 84.668409754412224, 27.818450587671901, 0.0 ], [ 84.668472036093078, 27.818447931235021, 0.0 ], [ 84.668868900432486, 27.818423553108762, 0.0 ], [ 84.668900022074794, 27.818422225745309, 0.0 ], [ 84.669292654345298, 27.818685212326301, 0.0 ], [ 84.669286624088286, 27.81873163435634, 0.0 ], [ 84.669290385373529, 27.818824489524371, 0.0 ], [ 84.669293548397476, 27.81890257531494, 0.0 ], [ 84.669297378856527, 27.818997138059871, 0.0 ], [ 84.669052827067787, 27.820098149621391, 0.0 ], [ 84.669053754089205, 27.820133651924721, 0.0 ], [ 84.669047082581685, 27.82020540209141, 0.0 ], [ 84.669031797715434, 27.820278032487138, 0.0 ], [ 84.668915539718398, 27.820945003651421, 0.0 ], [ 84.668889832400581, 27.820994364937221, 0.0 ], [ 84.668802175686338, 27.82107582182881, 0.0 ], [ 84.668669395272758, 27.82118930404247, 0.0 ], [ 84.668389545558995, 27.821592459792718, 0.0 ], [ 84.668362209435472, 27.82159364626143, 0.0 ], [ 84.66827059819137, 27.821638547618189, 0.0 ], [ 84.667791249072351, 27.821793459485569, 0.0 ] ] ] } },
{ "type": "Feature", "properties": { "id": null, "Name": "Lamjung mewa khola bridge area", "description": null, "timestamp": null, "begin": null, "end": null, "altitudeMode": null, "tessellate": 1, "extrude": 0, "visibility": -1, "drawOrder": null, "icon": null, "NUMPOINTS_exposed": 29.0, "SETTL_NAME": null }, "geometry": { "type": "Polygon", "coordinates": [ [ [ 84.665647112678599, 27.82378538409359, 0.0 ], [ 84.666166729347736, 27.823888668863901, 0.0 ], [ 84.666170969791992, 27.823894843621488, 0.0 ], [ 84.666190183756527, 27.823906765158231, 0.0 ], [ 84.666199768760436, 27.823928731465859, 0.0 ], [ 84.666222658856896, 27.824137509990269, 0.0 ], [ 84.666225594143071, 27.824164282361441, 0.0 ], [ 84.666227437280156, 27.824181093366661, 0.0 ], [ 84.666228546353693, 27.824191209072339, 0.0 ], [ 84.666220432643712, 27.82421876242854, 0.0 ], [ 84.666165993776247, 27.824491244680829, 0.0 ], [ 84.665857104199063, 27.82489883156428, 0.0 ], [ 84.665370124438496, 27.825398844432922, 0.0 ], [ 84.664963583177766, 27.825613006468561, 0.0 ], [ 84.664955134576743, 27.825613371013731, 0.0 ], [ 84.664621578793984, 27.825864356281109, 0.0 ], [ 84.664603800216099, 27.82587443282436, 0.0 ], [ 84.664581665320242, 27.825884713720949, 0.0 ], [ 84.664568419777922, 27.825889954454009, 0.0 ], [ 84.66445833238933, 27.825922808573669, 0.0 ], [ 84.664112609365162, 27.825835454292051, 0.0 ], [ 84.664146964727664, 27.82570194756611, 0.0 ], [ 84.664153389281765, 27.825679228440411, 0.0 ], [ 84.66415935652293, 27.82566108439093, 0.0 ], [ 84.664212708519415, 27.825405926406631, 0.0 ], [ 84.664218826820559, 27.825384418630119, 0.0 ], [ 84.664321801455316, 27.825047393343969, 0.0 ], [ 84.664336149171717, 27.825019020078301, 0.0 ], [ 84.664346778015712, 27.824987025610358, 0.0 ], [ 84.66441998972283, 27.82481007377606, 0.0 ], [ 84.664420882907734, 27.82479865967731, 0.0 ], [ 84.664419248355543, 27.824529709803329, 0.0 ], [ 84.664420695396927, 27.82451175370867, 0.0 ], [ 84.664421561056415, 27.824501011873519, 0.0 ], [ 84.664468328599554, 27.8243343578424, 0.0 ], [ 84.664474159016081, 27.824306640591931, 0.0 ], [ 84.664785539711673, 27.82412529085061, 0.0 ], [ 84.665264520946948, 27.823923685088229, 0.0 ], [ 84.665275065722724, 27.82390423396809, 0.0 ], [ 84.665647112678599, 27.82378538409359, 0.0 ] ] ] } },
{ "type": "Feature", "properties": { "id": null, "Name": "Bhumlichowk area", "description": null, "timestamp": null, "begin": null, "end": null, "altitudeMode": null, "tessellate": 1, "extrude": 0, "visibility": -1, "drawOrder": null, "icon": null, "NUMPOINTS_exposed": 127.0, "SETTL_NAME": null }, "geometry": { "type": "Polygon", "coordinates": [ [ [ 84.663318657106146, 27.838688627577319, 0.0 ], [ 84.663362823036223, 27.838748187079631, 0.0 ], [ 84.663393340242848, 27.838808558956451, 0.0 ], [ 84.663422772269314, 27.838844423042779, 0.0 ], [ 84.663740155863906, 27.84030700629922, 0.0 ], [ 84.663346186936323, 27.841602116923681, 0.0 ], [ 84.663348047924032, 27.841645822127099, 0.0 ], [ 84.662882566362939, 27.84273479913556, 0.0 ], [ 84.662883007669109, 27.84275030081583, 0.0 ], [ 84.6623104806322, 27.8440944450651, 0.0 ], [ 84.661693828375547, 27.84575687989318, 0.0 ], [ 84.661676832291661, 27.845812168569619, 0.0 ], [ 84.661064012322598, 27.84628067992502, 0.0 ], [ 84.660995330981905, 27.84632093838502, 0.0 ], [ 84.66089206510128, 27.84638146912372, 0.0 ], [ 84.660857577807278, 27.84640168429684, 0.0 ], [ 84.660053393353863, 27.84653044063182, 0.0 ], [ 84.659586259463993, 27.8460673235078, 0.0 ], [ 84.659635051074446, 27.845503918420221, 0.0 ], [ 84.659641127016215, 27.84539685550449, 0.0 ], [ 84.659645159132438, 27.845325805922489, 0.0 ], [ 84.659611674217814, 27.84476942553535, 0.0 ], [ 84.659611478278038, 27.844496495449579, 0.0 ], [ 84.659616465195867, 27.844411784792221, 0.0 ], [ 84.659710622678929, 27.843892143117461, 0.0 ], [ 84.659750788978471, 27.843743349338151, 0.0 ], [ 84.659803770184965, 27.843643668946509, 0.0 ], [ 84.660047125001526, 27.842261129372279, 0.0 ], [ 84.66011755561226, 27.842063977573599, 0.0 ], [ 84.660149292998994, 27.842032939133201, 0.0 ], [ 84.660475503301669, 27.841052612278411, 0.0 ], [ 84.660511492486421, 27.840883524138381, 0.0 ], [ 84.660542925961551, 27.840826693236892, 0.0 ], [ 84.660872369626446, 27.840054209476719, 0.0 ], [ 84.661478817616597, 27.83954545901652, 0.0 ], [ 84.66152189223105, 27.839466620490061, 0.0 ], [ 84.661621357339101, 27.8393221427513, 0.0 ], [ 84.661663674706602, 27.83926964021995, 0.0 ], [ 84.66214918675152, 27.83881196653051, 0.0 ], [ 84.66217666233274, 27.838798485123981, 0.0 ], [ 84.663318657106146, 27.838688627577319, 0.0 ] ] ] } },
{ "type": "Feature", "properties": { "id": null, "Name": "Bhumichowk jeep station area", "description": null, "timestamp": null, "begin": null, "end": null, "altitudeMode": null, "tessellate": 1, "extrude": 0, "visibility": -1, "drawOrder": null, "icon": null, "NUMPOINTS_exposed": 37.0, "SETTL_NAME": null }, "geometry": { "type": "Polygon", "coordinates": [ [ [ 84.662601854153294, 27.84546211212955, 0.0 ], [ 84.663056244042565, 27.844473911565188, 0.0 ], [ 84.663593599698757, 27.843682349076929, 0.0 ], [ 84.663617575650306, 27.843651244508312, 0.0 ], [ 84.663665030306277, 27.843596809360282, 0.0 ], [ 84.663751147237804, 27.843503972429652, 0.0 ], [ 84.664191356089205, 27.84309435299858, 0.0 ], [ 84.664198785560913, 27.8430869546171, 0.0 ], [ 84.664602984248035, 27.842507343744749, 0.0 ], [ 84.664602879837147, 27.842500705582509, 0.0 ], [ 84.664810399578258, 27.84224959798275, 0.0 ], [ 84.665424183630577, 27.84246576032594, 0.0 ], [ 84.66544560433222, 27.842464848885651, 0.0 ], [ 84.665561712376174, 27.84248650263083, 0.0 ], [ 84.666238188338156, 27.84256488253974, 0.0 ], [ 84.666259763520941, 27.842563963752401, 0.0 ], [ 84.667025063527774, 27.842839856296859, 0.0 ], [ 84.667037632338619, 27.842874262098089, 0.0 ], [ 84.667059720197457, 27.842922466814109, 0.0 ], [ 84.667100999370646, 27.84299847961201, 0.0 ], [ 84.667413887189596, 27.843632236709979, 0.0 ], [ 84.667421408801815, 27.84367772143143, 0.0 ], [ 84.667455714852395, 27.843885176045259, 0.0 ], [ 84.667654768149376, 27.844890140265139, 0.0 ], [ 84.667657648934579, 27.84490738805156, 0.0 ], [ 84.667637455048506, 27.844934375248201, 0.0 ], [ 84.667609022639212, 27.844961786601669, 0.0 ], [ 84.667535688794459, 27.84507037562075, 0.0 ], [ 84.667248200971727, 27.845673633292481, 0.0 ], [ 84.667228000255349, 27.845711997833821, 0.0 ], [ 84.667183510215096, 27.845760979580511, 0.0 ], [ 84.666425509471949, 27.846217352554401, 0.0 ], [ 84.666399467252148, 27.846218485787929, 0.0 ], [ 84.666362870411248, 27.846200457468552, 0.0 ], [ 84.666281218825731, 27.84616487576989, 0.0 ], [ 84.666252595800131, 27.846136864068072, 0.0 ], [ 84.665992188072764, 27.845597930850381, 0.0 ], [ 84.665979340138023, 27.845543186880619, 0.0 ], [ 84.66595745862783, 27.845479989290869, 0.0 ], [ 84.66592665633506, 27.84540850017169, 0.0 ], [ 84.665907869376838, 27.845382137572159, 0.0 ], [ 84.665880809102134, 27.845356204699069, 0.0 ], [ 84.665810952134962, 27.845314212999131, 0.0 ], [ 84.665569651177208, 27.84518191965083, 0.0 ], [ 84.664084396642835, 27.84458599637632, 0.0 ], [ 84.663989570205771, 27.84453219152693, 0.0 ], [ 84.663973645882422, 27.84453287727607, 0.0 ], [ 84.663933668604912, 27.844542847980989, 0.0 ], [ 84.663860795374774, 27.844595628659231, 0.0 ], [ 84.664069659032535, 27.845114723619581, 0.0 ], [ 84.664052900750633, 27.84514172314654, 0.0 ], [ 84.662601854153294, 27.84546211212955, 0.0 ] ] ] } },
{ "type": "Feature", "properties": { "id": null, "Name": "Siddhartha riverside resort area", "description": null, "timestamp": null, "begin": null, "end": null, "altitudeMode": null, "tessellate": 1, "extrude": 0, "visibility": -1, "drawOrder": null, "icon": null, "NUMPOINTS_exposed": 125.0, "SETTL_NAME": "Chumlintar" }, "geometry": { "type": "Polygon", "coordinates": [ [ [ 84.640137889081331, 27.85896485065744, 0.0 ], [ 84.640093861278302, 27.858225737916719, 0.0 ], [ 84.640579342643292, 27.857695515731109, 0.0 ], [ 84.640983187926111, 27.85711216349527, 0.0 ], [ 84.642121648574644, 27.857063831476061, 0.0 ], [ 84.644574378156946, 27.85740812871774, 0.0 ], [ 84.645192042332084, 27.857651850243531, 0.0 ], [ 84.646017243473068, 27.857625233584191, 0.0 ], [ 84.645932023471374, 27.857176885346941, 0.0 ], [ 84.646277550853284, 27.85640447655868, 0.0 ], [ 84.647570525240795, 27.85686440221366, 0.0 ], [ 84.648249793894365, 27.857352085438219, 0.0 ], [ 84.648293675667134, 27.85737546219611, 0.0 ], [ 84.648828714490918, 27.8581572962682, 0.0 ], [ 84.64926081433866, 27.859007228830599, 0.0 ], [ 84.647474947253329, 27.859688589563248, 0.0 ], [ 84.646500678959654, 27.860023920668048, 0.0 ], [ 84.6448081472506, 27.859886519008661, 0.0 ], [ 84.643617516691023, 27.85970038761587, 0.0 ], [ 84.642793361408877, 27.859503145969629, 0.0 ], [ 84.640860420550339, 27.85929925764178, 0.0 ], [ 84.640137889081331, 27.85896485065744, 0.0 ] ] ] } },
{ "type": "Feature", "properties": { "id": null, "Name": "Gorkha  beach resort area", "description": null, "timestamp": null, "begin": null, "end": null, "altitudeMode": null, "tessellate": 1, "extrude": 0, "visibility": -1, "drawOrder": null, "icon": null, "NUMPOINTS_exposed": 210.0, "SETTL_NAME": "Buttar" }, "geometry": { "type": "Polygon", "coordinates": [ [ [ 84.637420091012089, 27.86451571165713, 0.0 ], [ 84.637315694709812, 27.86452026147704, 0.0 ], [ 84.636905704558359, 27.864117140210379, 0.0 ], [ 84.63682639756567, 27.864021057492469, 0.0 ], [ 84.636798536845205, 27.86400573612481, 0.0 ], [ 84.636736983874073, 27.862401515851712, 0.0 ], [ 84.636739948588598, 27.862371378566031, 0.0 ], [ 84.637184256148544, 27.861125712258151, 0.0 ], [ 84.638334060212173, 27.860463474848348, 0.0 ], [ 84.638375033642831, 27.86043503417887, 0.0 ], [ 84.638455457337017, 27.86040494625604, 0.0 ], [ 84.640338110101169, 27.86027100830756, 0.0 ], [ 84.641573239826627, 27.860471892474798, 0.0 ], [ 84.64165271686079, 27.860468478130539, 0.0 ], [ 84.642963222519157, 27.860683939877891, 0.0 ], [ 84.643016647939191, 27.860681642503391, 0.0 ], [ 84.644168229339485, 27.86075595027215, 0.0 ], [ 84.645478945146436, 27.86083827543948, 0.0 ], [ 84.645521763905052, 27.86085037087825, 0.0 ], [ 84.64636740048077, 27.861137944479012, 0.0 ], [ 84.646502260772209, 27.86146281108762, 0.0 ], [ 84.646483570054897, 27.861507255357811, 0.0 ], [ 84.646467758090893, 27.861566305633598, 0.0 ], [ 84.646406119603299, 27.861745344522561, 0.0 ], [ 84.646371010747217, 27.86185064002737, 0.0 ], [ 84.646272131095415, 27.862064473048839, 0.0 ], [ 84.646098852701925, 27.86249927977833, 0.0 ], [ 84.646047792115581, 27.862532439273469, 0.0 ], [ 84.645982433454719, 27.86256627585756, 0.0 ], [ 84.645885769122344, 27.862585987183191, 0.0 ], [ 84.64458420017948, 27.86289279328108, 0.0 ], [ 84.644512593943034, 27.862895897383421, 0.0 ], [ 84.644269120646598, 27.862906451972531, 0.0 ], [ 84.643982658185323, 27.862918870377172, 0.0 ], [ 84.643653195375023, 27.862933153194859, 0.0 ], [ 84.643242335283574, 27.862998350924489, 0.0 ], [ 84.642787154454126, 27.863065611431011, 0.0 ], [ 84.640869050187888, 27.863453020143758, 0.0 ], [ 84.637420091012089, 27.86451571165713, 0.0 ] ] ] } },
{ "type": "Feature", "properties": { "id": null, "Name": "Gurung valley resort area", "description": null, "timestamp": null, "begin": null, "end": null, "altitudeMode": null, "tessellate": 1, "extrude": 0, "visibility": -1, "drawOrder": null, "icon": null, "NUMPOINTS_exposed": 3.0, "SETTL_NAME": null }, "geometry": { "type": "Polygon", "coordinates": [ [ [ 84.648528749940581, 27.862294183899191, 0.0 ], [ 84.649329120980269, 27.860602690958171, 0.0 ], [ 84.649359553053543, 27.860567957436071, 0.0 ], [ 84.649438163191746, 27.86051455271366, 0.0 ], [ 84.649516569351832, 27.860461286428311, 0.0 ], [ 84.649714700153694, 27.860270906104031, 0.0 ], [ 84.65021914306655, 27.859427894398419, 0.0 ], [ 84.650244578184171, 27.859363861958851, 0.0 ], [ 84.650285952600044, 27.85929935885958, 0.0 ], [ 84.650325483491599, 27.859219544684169, 0.0 ], [ 84.650665539224889, 27.858576461344871, 0.0 ], [ 84.65068126082555, 27.85857579106511, 0.0 ], [ 84.650950177913998, 27.85870048677252, 0.0 ], [ 84.651013291376429, 27.85869779492549, 0.0 ], [ 84.651145571025879, 27.85873776270617, 0.0 ], [ 84.651304432750436, 27.85885316067338, 0.0 ], [ 84.651466506228843, 27.858984654809419, 0.0 ], [ 84.651668495747543, 27.85916218535197, 0.0 ], [ 84.651700411206065, 27.859270271265821, 0.0 ], [ 84.651753215011468, 27.859409676663439, 0.0 ], [ 84.651843442357304, 27.859580415878639, 0.0 ], [ 84.652197491855631, 27.8601810246494, 0.0 ], [ 84.652186156950094, 27.860214472272329, 0.0 ], [ 84.652119065980614, 27.860316572572309, 0.0 ], [ 84.652042600988509, 27.8604696505727, 0.0 ], [ 84.651903993206545, 27.860660269442139, 0.0 ], [ 84.651754554895788, 27.86090428291044, 0.0 ], [ 84.651069751895363, 27.862202938539092, 0.0 ], [ 84.651022240468421, 27.862241415167681, 0.0 ], [ 84.650946406178733, 27.86233604581048, 0.0 ], [ 84.650085307484304, 27.862986693420179, 0.0 ], [ 84.648528749940581, 27.862294183899191, 0.0 ] ] ] } },
{ "type": "Feature", "properties": { "id": null, "Name": "Khuringhat park area", "description": null, "timestamp": null, "begin": null, "end": null, "altitudeMode": null, "tessellate": 1, "extrude": 0, "visibility": -1, "drawOrder": null, "icon": null, "NUMPOINTS_exposed": 247.0, "SETTL_NAME": null }, "geometry": { "type": "Polygon", "coordinates": [ [ [ 84.626273977492914, 27.866184102590179, 0.0 ], [ 84.626380062529307, 27.865939429892752, 0.0 ], [ 84.626407110515501, 27.865895088525718, 0.0 ], [ 84.626445008406066, 27.865850427008208, 0.0 ], [ 84.626533750051721, 27.865739661772139, 0.0 ], [ 84.62655794029051, 27.86571734014197, 0.0 ], [ 84.626843941331657, 27.865358955767409, 0.0 ], [ 84.626903869180893, 27.865294466665741, 0.0 ], [ 84.627032516368914, 27.865176225331901, 0.0 ], [ 84.627111888087128, 27.86512192195142, 0.0 ], [ 84.627146603230074, 27.865089991930262, 0.0 ], [ 84.627311865638433, 27.86452795872896, 0.0 ], [ 84.627338480976604, 27.86445918729753, 0.0 ], [ 84.627399966825905, 27.864341489321141, 0.0 ], [ 84.627436421184569, 27.86427331086465, 0.0 ], [ 84.627468814994259, 27.864252962965111, 0.0 ], [ 84.627894327185786, 27.863697501835421, 0.0 ], [ 84.627905546047515, 27.86367892360904, 0.0 ], [ 84.62902114402678, 27.864101896287899, 0.0 ], [ 84.629051837824363, 27.86410058970489, 0.0 ], [ 84.630128477732271, 27.864505100424061, 0.0 ], [ 84.63015973463267, 27.864503767111739, 0.0 ], [ 84.630212139787645, 27.864511297107519, 0.0 ], [ 84.630732748396014, 27.864285660277371, 0.0 ], [ 84.631634409833808, 27.86439216318832, 0.0 ], [ 84.63240532623422, 27.864634475820921, 0.0 ], [ 84.632439268789824, 27.86465292085693, 0.0 ], [ 84.632488722456969, 27.864710684767399, 0.0 ], [ 84.632874258972279, 27.8653619553859, 0.0 ], [ 84.632904553221167, 27.865424117220009, 0.0 ], [ 84.632914696872433, 27.86549812077083, 0.0 ], [ 84.632924899992233, 27.865572557973689, 0.0 ], [ 84.632933693268811, 27.865636709454009, 0.0 ], [ 84.632941054914099, 27.865690416329869, 0.0 ], [ 84.633064960360699, 27.86701746834375, 0.0 ], [ 84.633069786839386, 27.86705324047864, 0.0 ], [ 84.632815260523117, 27.868626647259021, 0.0 ], [ 84.632181998780169, 27.86880273652822, 0.0 ], [ 84.632042002858441, 27.868890516009351, 0.0 ], [ 84.631886526988637, 27.868952000094421, 0.0 ], [ 84.631792271693044, 27.869011030580431, 0.0 ], [ 84.631719171686385, 27.869027977163832, 0.0 ], [ 84.631683128790741, 27.869043324240799, 0.0 ], [ 84.631589235368253, 27.869116500839141, 0.0 ], [ 84.630923124446682, 27.869467639925169, 0.0 ], [ 84.62925110049656, 27.8700009375432, 0.0 ], [ 84.629161709624697, 27.87001946333638, 0.0 ], [ 84.626273977492914, 27.866184102590179, 0.0 ] ] ] } },
{ "type": "Feature", "properties": { "id": null, "Name": "Opposite of kuringhat park area", "description": null, "timestamp": null, "begin": null, "end": null, "altitudeMode": null, "tessellate": 1, "extrude": 0, "visibility": -1, "drawOrder": null, "icon": null, "NUMPOINTS_exposed": 130.0, "SETTL_NAME": "Rainas" }, "geometry": { "type": "Polygon", "coordinates": [ [ [ 84.632607461703543, 27.877583702955089, 0.0 ], [ 84.632083207051394, 27.875011284506861, 0.0 ], [ 84.632126831279407, 27.873301987432871, 0.0 ], [ 84.632128526115977, 27.87326598258915, 0.0 ], [ 84.632108828578652, 27.873195251281011, 0.0 ], [ 84.632069378534965, 27.87174385882788, 0.0 ], [ 84.632028561231323, 27.871692400309161, 0.0 ], [ 84.631768260647391, 27.871021207826939, 0.0 ], [ 84.6317557123987, 27.87089158497951, 0.0 ], [ 84.631757701433514, 27.870861655207531, 0.0 ], [ 84.63187406759512, 27.87035051378821, 0.0 ], [ 84.631897694852768, 27.870301919938679, 0.0 ], [ 84.6319332519152, 27.870224650898301, 0.0 ], [ 84.632272712727229, 27.869774520787711, 0.0 ], [ 84.632293322668616, 27.869764545380779, 0.0 ], [ 84.632334495088386, 27.86974461788148, 0.0 ], [ 84.632476310891519, 27.869720443586331, 0.0 ], [ 84.632517278007228, 27.869700580825949, 0.0 ], [ 84.632567590914874, 27.869698444081841, 0.0 ], [ 84.632648089231267, 27.86969502537378, 0.0 ], [ 84.632708461628724, 27.869692461386151, 0.0 ], [ 84.632897655067367, 27.869775310728219, 0.0 ], [ 84.632897059349801, 27.869802737143601, 0.0 ], [ 84.632916324747072, 27.869847727001499, 0.0 ], [ 84.633145686040109, 27.870163611015901, 0.0 ], [ 84.633145264603954, 27.870201409377149, 0.0 ], [ 84.633175646759554, 27.870247507095449, 0.0 ], [ 84.633206065204433, 27.87030332529606, 0.0 ], [ 84.633674710836729, 27.870661205603749, 0.0 ], [ 84.633696015759014, 27.870689846540699, 0.0 ], [ 84.6341542186872, 27.871266066458041, 0.0 ], [ 84.634156328539845, 27.871338566233948, 0.0 ], [ 84.634159363617826, 27.871442859130411, 0.0 ], [ 84.634358023686374, 27.872145594650028, 0.0 ], [ 84.63436041141027, 27.872212117582599, 0.0 ], [ 84.634375210352871, 27.872312055663901, 0.0 ], [ 84.634569597672765, 27.873196584644401, 0.0 ], [ 84.634571624104183, 27.873244531292588, 0.0 ], [ 84.634574677136357, 27.8733167679231, 0.0 ], [ 84.634664115397911, 27.874019964686411, 0.0 ], [ 84.634666940391838, 27.87408360637113, 0.0 ], [ 84.634672628931796, 27.87421175810805, 0.0 ], [ 84.634678946402857, 27.87435407822591, 0.0 ], [ 84.634836764312936, 27.875899593546379, 0.0 ], [ 84.634864297912941, 27.87594191287711, 0.0 ], [ 84.634875569050038, 27.876175679921189, 0.0 ], [ 84.634878380361371, 27.87650368454198, 0.0 ], [ 84.63493437099244, 27.877675260837648, 0.0 ], [ 84.633533819724121, 27.878015680199379, 0.0 ], [ 84.632607461703543, 27.877583702955089, 0.0 ] ] ] } },
{ "type": "Feature", "properties": { "id": null, "Name": "Kurintar retreat area", "description": null, "timestamp": null, "begin": null, "end": null, "altitudeMode": null, "tessellate": 1, "extrude": 0, "visibility": -1, "drawOrder": null, "icon": null, "NUMPOINTS_exposed": 342.0, "SETTL_NAME": "Kurintar" }, "geometry": { "type": "Polygon", "coordinates": [ [ [ 84.627215455408503, 27.86943586372189, 0.0 ], [ 84.628174298016518, 27.86983982856038, 0.0 ], [ 84.628187124625512, 27.869892406673269, 0.0 ], [ 84.628397373694753, 27.870396722539621, 0.0 ], [ 84.628414140990785, 27.870464725521341, 0.0 ], [ 84.628387642096058, 27.870534857900299, 0.0 ], [ 84.628036280811813, 27.871226913577111, 0.0 ], [ 84.627387313184542, 27.871825093918272, 0.0 ], [ 84.627246567305662, 27.87232867349401, 0.0 ], [ 84.626245119055355, 27.872649126849659, 0.0 ], [ 84.624100271453457, 27.872463921644819, 0.0 ], [ 84.623118165450236, 27.872768132714469, 0.0 ], [ 84.622349964462586, 27.8730198735079, 0.0 ], [ 84.619031971303571, 27.873209961585069, 0.0 ], [ 84.617999258750018, 27.87320719535807, 0.0 ], [ 84.617975004737417, 27.87309849463001, 0.0 ], [ 84.617882689431752, 27.872382497326331, 0.0 ], [ 84.617885576128074, 27.872337392331719, 0.0 ], [ 84.617959399408463, 27.871644180343601, 0.0 ], [ 84.617976882145058, 27.871600301025438, 0.0 ], [ 84.618694697160251, 27.870660855364392, 0.0 ], [ 84.618916428746388, 27.869355652043431, 0.0 ], [ 84.619631213353571, 27.868671820106151, 0.0 ], [ 84.627215455408503, 27.86943586372189, 0.0 ] ] ] } },
{ "type": "Feature", "properties": { "id": null, "Name": "Dharpani zone", "description": null, "timestamp": null, "begin": null, "end": null, "altitudeMode": null, "tessellate": 1, "extrude": 0, "visibility": -1, "drawOrder": null, "icon": null, "NUMPOINTS_exposed": 78.0, "SETTL_NAME": "Kurintar" }, "geometry": { "type": "Polygon", "coordinates": [ [ [ 84.617439006635692, 27.870221132786561, 0.0 ], [ 84.617309237928637, 27.87062456851918, 0.0 ], [ 84.617300512518682, 27.87065319124984, 0.0 ], [ 84.617292933795881, 27.870700744785839, 0.0 ], [ 84.617099357494936, 27.871429836418649, 0.0 ], [ 84.617100407275245, 27.871449860074701, 0.0 ], [ 84.617092711629283, 27.871510583997662, 0.0 ], [ 84.617086023468602, 27.87159184556381, 0.0 ], [ 84.617069403370081, 27.871694502269541, 0.0 ], [ 84.617055221730098, 27.87184956481833, 0.0 ], [ 84.617060916222997, 27.87196377844343, 0.0 ], [ 84.617126611438863, 27.873050020014741, 0.0 ], [ 84.617084978877088, 27.873142899194711, 0.0 ], [ 84.616756358537955, 27.87399327300383, 0.0 ], [ 84.615682784159844, 27.874533898254612, 0.0 ], [ 84.614729244890867, 27.874129272917489, 0.0 ], [ 84.614338283637693, 27.87385658971796, 0.0 ], [ 84.614262720787565, 27.873729131184412, 0.0 ], [ 84.613983759970665, 27.87333329738075, 0.0 ], [ 84.613842552122094, 27.872887782948052, 0.0 ], [ 84.613845755498616, 27.872843312436391, 0.0 ], [ 84.613886510419675, 27.87258948082831, 0.0 ], [ 84.613913634760621, 27.87252334087097, 0.0 ], [ 84.614002136064855, 27.872209947030079, 0.0 ], [ 84.612905024834731, 27.87232144098499, 0.0 ], [ 84.610343863223136, 27.871545144352339, 0.0 ], [ 84.610877205085387, 27.870451258968458, 0.0 ], [ 84.61456983827901, 27.86970170792867, 0.0 ], [ 84.616376608553281, 27.869739467890739, 0.0 ], [ 84.614974003490687, 27.870457222233139, 0.0 ], [ 84.615873646351389, 27.87082747697259, 0.0 ], [ 84.615936733208258, 27.87079627588183, 0.0 ], [ 84.615989151656635, 27.870765594297339, 0.0 ], [ 84.616466168917725, 27.870501464653959, 0.0 ], [ 84.616527800277566, 27.870471021082359, 0.0 ], [ 84.617439006635692, 27.870221132786561, 0.0 ] ] ] } },
{ "type": "Feature", "properties": { "id": null, "Name": "Barahsinghe bear company area", "description": null, "timestamp": null, "begin": null, "end": null, "altitudeMode": null, "tessellate": 1, "extrude": 0, "visibility": -1, "drawOrder": null, "icon": null, "NUMPOINTS_exposed": 96.0, "SETTL_NAME": null }, "geometry": { "type": "Polygon", "coordinates": [ [ [ 84.617529289117599, 27.877767770650021, 0.0 ], [ 84.617277613296551, 27.87655739708244, 0.0 ], [ 84.617251828454073, 27.876448055903751, 0.0 ], [ 84.617245547769883, 27.876387337371611, 0.0 ], [ 84.617239294598519, 27.87632688234039, 0.0 ], [ 84.617123028730788, 27.87502651720618, 0.0 ], [ 84.617130909318789, 27.874949320166309, 0.0 ], [ 84.617368224885908, 27.87400951826665, 0.0 ], [ 84.617440478080653, 27.873935277889629, 0.0 ], [ 84.617464157418425, 27.87391400979887, 0.0 ], [ 84.617521345514632, 27.873881244130882, 0.0 ], [ 84.618235491794081, 27.873561346804649, 0.0 ], [ 84.618324427706312, 27.873508319251879, 0.0 ], [ 84.618379188386967, 27.873486345876941, 0.0 ], [ 84.618422600320216, 27.873474688108981, 0.0 ], [ 84.619139193497062, 27.873473622760152, 0.0 ], [ 84.61920350643706, 27.87347088394403, 0.0 ], [ 84.619257099407506, 27.873468601637811, 0.0 ], [ 84.619910967766202, 27.873489980421411, 0.0 ], [ 84.619964651519908, 27.873487693659531, 0.0 ], [ 84.621006811111101, 27.87346303945586, 0.0 ], [ 84.621081996386678, 27.873459836308982, 0.0 ], [ 84.621092736969814, 27.873459378722661, 0.0 ], [ 84.621745271095165, 27.87354068913961, 0.0 ], [ 84.62179689240584, 27.873508637812371, 0.0 ], [ 84.623730637935935, 27.874644695928211, 0.0 ], [ 84.623748348673871, 27.87468767609219, 0.0 ], [ 84.623756413100637, 27.874742208011821, 0.0 ], [ 84.623764510944156, 27.874796965783101, 0.0 ], [ 84.62387120999955, 27.875518456215431, 0.0 ], [ 84.623718659901456, 27.876193618336352, 0.0 ], [ 84.623711771417788, 27.876230657047621, 0.0 ], [ 84.623703179138658, 27.876255575696749, 0.0 ], [ 84.623701314538394, 27.87632955867366, 0.0 ], [ 84.623272259139682, 27.877292667531371, 0.0 ], [ 84.622843434728381, 27.878236980467911, 0.0 ], [ 84.622807793907072, 27.878266650755371, 0.0 ], [ 84.621752747295673, 27.8790775561916, 0.0 ], [ 84.621726455677191, 27.879078703644218, 0.0 ], [ 84.619845858354239, 27.879903797843831, 0.0 ], [ 84.617529289117599, 27.877767770650021, 0.0 ] ] ] } },
{ "type": "Feature", "properties": { "id": null, "Name": "Theuwater fotball area", "description": null, "timestamp": null, "begin": null, "end": null, "altitudeMode": null, "tessellate": 1, "extrude": 0, "visibility": -1, "drawOrder": null, "icon": null, "NUMPOINTS_exposed": 3.0, "SETTL_NAME": null }, "geometry": { "type": "Polygon", "coordinates": [ [ [ 84.615275189435579, 27.8792981680952, 0.0 ], [ 84.616662005809886, 27.879581067535721, 0.0 ], [ 84.617500636160955, 27.880172226277541, 0.0 ], [ 84.617691856583292, 27.88062323652284, 0.0 ], [ 84.617632065536355, 27.881126306964038, 0.0 ], [ 84.617620780354542, 27.881183335924419, 0.0 ], [ 84.617524270507971, 27.88151633541208, 0.0 ], [ 84.617483617850539, 27.881532538116431, 0.0 ], [ 84.617390388402853, 27.881623486122901, 0.0 ], [ 84.61695253068747, 27.881773664999251, 0.0 ], [ 84.616924890490353, 27.881774863300059, 0.0 ], [ 84.616855788949621, 27.881777859103678, 0.0 ], [ 84.615542655395828, 27.88117437788139, 0.0 ], [ 84.615462608702884, 27.881121607696912, 0.0 ], [ 84.615369677188852, 27.88105559773944, 0.0 ], [ 84.615356165808734, 27.881056181745119, 0.0 ], [ 84.614966858302822, 27.88065885137604, 0.0 ], [ 84.614943394850002, 27.88057825330165, 0.0 ], [ 84.614907315452513, 27.880485102310729, 0.0 ], [ 84.614621359749719, 27.879849313664572, 0.0 ], [ 84.61461228839957, 27.87977208541529, 0.0 ], [ 84.614603260375659, 27.879695226197221, 0.0 ], [ 84.614580686262599, 27.879632105040759, 0.0 ], [ 84.615275189435579, 27.8792981680952, 0.0 ] ] ] } },
{ "type": "Feature", "properties": { "id": null, "Name": "Theuwatar zone", "description": null, "timestamp": null, "begin": null, "end": null, "altitudeMode": null, "tessellate": 1, "extrude": 0, "visibility": -1, "drawOrder": null, "icon": null, "NUMPOINTS_exposed": 126.0, "SETTL_NAME": null }, "geometry": { "type": "Polygon", "coordinates": [ [ [ 84.609311271066431, 27.87681001854676, 0.0 ], [ 84.609189362639299, 27.876750760237361, 0.0 ], [ 84.608961960391909, 27.876632224779328, 0.0 ], [ 84.6078609357901, 27.874787541268109, 0.0 ], [ 84.607572438660497, 27.873216095886779, 0.0 ], [ 84.607574706377093, 27.873164047308329, 0.0 ], [ 84.607576402323033, 27.873125121842261, 0.0 ], [ 84.607658395578056, 27.87246290155543, 0.0 ], [ 84.607700842563005, 27.872399185812231, 0.0 ], [ 84.608659545405644, 27.87211315072954, 0.0 ], [ 84.610079467063045, 27.872347218602389, 0.0 ], [ 84.610187764698068, 27.872392241064009, 0.0 ], [ 84.611060680874175, 27.8726688362371, 0.0 ], [ 84.611116191778663, 27.87269184489001, 0.0 ], [ 84.611254434293585, 27.872736820269569, 0.0 ], [ 84.612022702716445, 27.872986765739491, 0.0 ], [ 84.612049892392477, 27.872985602668141, 0.0 ], [ 84.612122998464187, 27.873034432970229, 0.0 ], [ 84.612250895175151, 27.8730810868962, 0.0 ], [ 84.612615647661329, 27.873275683282419, 0.0 ], [ 84.612693458910812, 27.873351890847019, 0.0 ], [ 84.6129968429005, 27.873566396319529, 0.0 ], [ 84.613344036216759, 27.873974708759238, 0.0 ], [ 84.613353243828072, 27.874043605181821, 0.0 ], [ 84.613414882588529, 27.874939695142171, 0.0 ], [ 84.613422585264388, 27.87499808183669, 0.0 ], [ 84.613503104290047, 27.875608412929779, 0.0 ], [ 84.613507106589026, 27.875638749847209, 0.0 ], [ 84.613515132417646, 27.87569958450721, 0.0 ], [ 84.613525204710939, 27.875775930892861, 0.0 ], [ 84.613539381133918, 27.87588338557125, 0.0 ], [ 84.61354835323047, 27.87617974171047, 0.0 ], [ 84.613654939566317, 27.877229667193941, 0.0 ], [ 84.613645991517075, 27.87728025736369, 0.0 ], [ 84.613623703931339, 27.87734837793969, 0.0 ], [ 84.613601333475259, 27.877416752164262, 0.0 ], [ 84.613455980617388, 27.877884673399169, 0.0 ], [ 84.6133509485351, 27.87806320010904, 0.0 ], [ 84.612967683489529, 27.878629782715581, 0.0 ], [ 84.612937556977045, 27.878649108067151, 0.0 ], [ 84.612845140740745, 27.8786892149468, 0.0 ], [ 84.612738301550664, 27.878748119708579, 0.0 ], [ 84.612094740523759, 27.878958173362179, 0.0 ], [ 84.611035331746322, 27.87882246812897, 0.0 ], [ 84.609311271066431, 27.87681001854676, 0.0 ] ] ] } },
{ "type": "Feature", "properties": { "id": null, "Name": "Kurintar", "description": null, "timestamp": null, "begin": null, "end": null, "altitudeMode": null, "tessellate": 1, "extrude": 0, "visibility": -1, "drawOrder": null, "icon": null, "NUMPOINTS_exposed": 225.0, "SETTL_NAME": "Lewartar" }, "geometry": { "type": "Polygon", "coordinates": [ [ [ 84.595722391688426, 27.876116021691821, 0.0 ], [ 84.595885318518285, 27.874844916514459, 0.0 ], [ 84.595913165235586, 27.874817928536881, 0.0 ], [ 84.595972090247642, 27.874712446689081, 0.0 ], [ 84.596673656419938, 27.873771153166292, 0.0 ], [ 84.597535769768101, 27.872753180802139, 0.0 ], [ 84.601026759618776, 27.871352543276021, 0.0 ], [ 84.602564781221062, 27.870309980605121, 0.0 ], [ 84.602680957373892, 27.870193567964161, 0.0 ], [ 84.602823190003477, 27.870120842308019, 0.0 ], [ 84.605024072917644, 27.869174586617369, 0.0 ], [ 84.60508971170475, 27.86910727352431, 0.0 ], [ 84.605276363307453, 27.869056408234879, 0.0 ], [ 84.605555792910863, 27.868980259261491, 0.0 ], [ 84.606798585322991, 27.868778061842949, 0.0 ], [ 84.609215234974641, 27.868654106136368, 0.0 ], [ 84.609656983324555, 27.868720512539561, 0.0 ], [ 84.609985002848944, 27.86881340896409, 0.0 ], [ 84.610676956826921, 27.86904206794749, 0.0 ], [ 84.610661345977078, 27.869085976796121, 0.0 ], [ 84.610630050739076, 27.869173998325, 0.0 ], [ 84.610336246016857, 27.87020305539561, 0.0 ], [ 84.610324146638092, 27.87027114715077, 0.0 ], [ 84.610299861807491, 27.87040781399638, 0.0 ], [ 84.610181239404639, 27.870708958674001, 0.0 ], [ 84.610094949276387, 27.870781402386989, 0.0 ], [ 84.609942444357003, 27.870902879523999, 0.0 ], [ 84.608380621875966, 27.87143407961571, 0.0 ], [ 84.608231295469523, 27.871440457518428, 0.0 ], [ 84.608184841943995, 27.87146586479432, 0.0 ], [ 84.607970468393745, 27.871545405968831, 0.0 ], [ 84.607618224755626, 27.871725349996339, 0.0 ], [ 84.604104787782134, 27.87276300831299, 0.0 ], [ 84.603637252916783, 27.87384887110635, 0.0 ], [ 84.603588624624933, 27.873901460718681, 0.0 ], [ 84.603446696440514, 27.874135865350919, 0.0 ], [ 84.603348587126177, 27.87424210310763, 0.0 ], [ 84.603252962341415, 27.874399892678721, 0.0 ], [ 84.602730234134782, 27.874966411220761, 0.0 ], [ 84.602653625182029, 27.875022026284061, 0.0 ], [ 84.602551651466896, 27.875105060360269, 0.0 ], [ 84.602448331462341, 27.87516204788087, 0.0 ], [ 84.602293018214226, 27.875247712715101, 0.0 ], [ 84.600236122039092, 27.876245809412101, 0.0 ], [ 84.595722391688426, 27.876116021691821, 0.0 ] ] ] } },
{ "type": "Feature", "properties": { "id": null, "Name": "Manakamana cable car bottom station area", "description": null, "timestamp": null, "begin": null, "end": null, "altitudeMode": null, "tessellate": 1, "extrude": 0, "visibility": -1, "drawOrder": null, "icon": null, "NUMPOINTS_exposed": 40.0, "SETTL_NAME": null }, "geometry": { "type": "Polygon", "coordinates": [ [ [ 84.590482379473613, 27.875874617996072, 0.0 ], [ 84.591383057951873, 27.875607277933391, 0.0 ], [ 84.591461368441088, 27.875538892875269, 0.0 ], [ 84.591594407469103, 27.875500803566219, 0.0 ], [ 84.591689692351792, 27.875464357129101, 0.0 ], [ 84.593063850947672, 27.875068721956829, 0.0 ], [ 84.593473850324685, 27.87497178420605, 0.0 ], [ 84.593752655311903, 27.87492824307914, 0.0 ], [ 84.593845575747892, 27.874924320082179, 0.0 ], [ 84.594720221542218, 27.8749350581786, 0.0 ], [ 84.594752885426885, 27.87544853544415, 0.0 ], [ 84.594755112204766, 27.87552996270432, 0.0 ], [ 84.594426628376567, 27.876089385768399, 0.0 ], [ 84.594370327890374, 27.876142017250942, 0.0 ], [ 84.593627222238098, 27.876958057368821, 0.0 ], [ 84.593627302078929, 27.87699277569272, 0.0 ], [ 84.592736502201944, 27.877988102728079, 0.0 ], [ 84.592616047468184, 27.87806572030166, 0.0 ], [ 84.591760355631351, 27.878671582283861, 0.0 ], [ 84.590759560126898, 27.878975896330179, 0.0 ], [ 84.590718010131042, 27.878996467911769, 0.0 ], [ 84.590005477290006, 27.87908332978779, 0.0 ], [ 84.589944677744512, 27.879085921336859, 0.0 ], [ 84.589223361956059, 27.8790225745561, 0.0 ], [ 84.588843807194507, 27.878573683482902, 0.0 ], [ 84.589279849196686, 27.877936792152809, 0.0 ], [ 84.589327347593468, 27.87784518263895, 0.0 ], [ 84.589414072982464, 27.877752246074468, 0.0 ], [ 84.589844187721795, 27.87727525782655, 0.0 ], [ 84.58994841018, 27.87718364088153, 0.0 ], [ 84.590548563435391, 27.87660777631984, 0.0 ], [ 84.590609504467366, 27.876554258840319, 0.0 ], [ 84.590482379473613, 27.875874617996072, 0.0 ] ] ] } },
{ "type": "Feature", "properties": { "id": null, "Name": "Manakamana valley resort area", "description": null, "timestamp": null, "begin": null, "end": null, "altitudeMode": null, "tessellate": 1, "extrude": 0, "visibility": -1, "drawOrder": null, "icon": null, "NUMPOINTS_exposed": 91.0, "SETTL_NAME": "Silintar" }, "geometry": { "type": "Polygon", "coordinates": [ [ [ 84.592050847427828, 27.883103439269942, 0.0 ], [ 84.592023995564702, 27.883104608876341, 0.0 ], [ 84.590357843844984, 27.88290956006945, 0.0 ], [ 84.590331060652943, 27.88289651335722, 0.0 ], [ 84.589022115241946, 27.882640173969801, 0.0 ], [ 84.58883068732726, 27.882433224357289, 0.0 ], [ 84.588795889461153, 27.882388445268099, 0.0 ], [ 84.588680652313144, 27.882102493750669, 0.0 ], [ 84.588684972650512, 27.882051754716279, 0.0 ], [ 84.588687657907997, 27.88202021834541, 0.0 ], [ 84.588697590906861, 27.881976025474138, 0.0 ], [ 84.588836448247363, 27.881694802853751, 0.0 ], [ 84.588849970246102, 27.88167623859368, 0.0 ], [ 84.588877356573065, 27.881633275706921, 0.0 ], [ 84.589242837969238, 27.881326052201981, 0.0 ], [ 84.590328598814409, 27.88134260495686, 0.0 ], [ 84.590980607987035, 27.881285904402461, 0.0 ], [ 84.590991197870665, 27.881268262706119, 0.0 ], [ 84.591280199597861, 27.88087727388406, 0.0 ], [ 84.591275991538495, 27.88083424784671, 0.0 ], [ 84.591272331209041, 27.880796822121429, 0.0 ], [ 84.591271289097378, 27.880786166846711, 0.0 ], [ 84.591334011143545, 27.88050595677479, 0.0 ], [ 84.591349219222579, 27.880489938060212, 0.0 ], [ 84.591394041352729, 27.88048802918242, 0.0 ], [ 84.591427657030863, 27.880486597559571, 0.0 ], [ 84.591931029307247, 27.88046004491045, 0.0 ], [ 84.592690216566837, 27.879456539533241, 0.0 ], [ 84.593088714643898, 27.878795206603911, 0.0 ], [ 84.596035298056691, 27.87707535065811, 0.0 ], [ 84.596559594818217, 27.879135427122971, 0.0 ], [ 84.593986745568884, 27.879066438322599, 0.0 ], [ 84.593998851666285, 27.879294540096531, 0.0 ], [ 84.594001860982843, 27.879365661520719, 0.0 ], [ 84.594001423454387, 27.879473367276461, 0.0 ], [ 84.59400283276797, 27.879536580361091, 0.0 ], [ 84.594046359711072, 27.880234482333819, 0.0 ], [ 84.594030841110779, 27.880263993792251, 0.0 ], [ 84.594010023654477, 27.880322785320239, 0.0 ], [ 84.593971750527814, 27.880402051592899, 0.0 ], [ 84.593892324457315, 27.880611588114569, 0.0 ], [ 84.593863149534258, 27.880752194219259, 0.0 ], [ 84.593572789572605, 27.881785795260338, 0.0 ], [ 84.593546342851866, 27.8818303910999, 0.0 ], [ 84.593085936409622, 27.882727753545211, 0.0 ], [ 84.592508378268505, 27.883202074770178, 0.0 ], [ 84.592050847427828, 27.883103439269942, 0.0 ] ] ] } },
{ "type": "Feature", "properties": { "id": null, "Name": "Ghal danda", "description": null, "timestamp": null, "begin": null, "end": null, "altitudeMode": null, "tessellate": 1, "extrude": 0, "visibility": -1, "drawOrder": null, "icon": null, "NUMPOINTS_exposed": 127.0, "SETTL_NAME": "Kamalbari" }, "geometry": { "type": "Polygon", "coordinates": [ [ [ 84.582976859687463, 27.869109756154248, 0.0 ], [ 84.582953685772026, 27.869074058976011, 0.0 ], [ 84.582861377435762, 27.868944214822509, 0.0 ], [ 84.582416855194197, 27.866914383408581, 0.0 ], [ 84.582418361389955, 27.866861527366211, 0.0 ], [ 84.582431343750528, 27.86678738376273, 0.0 ], [ 84.582444260537812, 27.866713614463951, 0.0 ], [ 84.582470457083886, 27.86654652141727, 0.0 ], [ 84.582484534849414, 27.866422683968281, 0.0 ], [ 84.582498225951653, 27.866310056311509, 0.0 ], [ 84.582533388959831, 27.866187321425471, 0.0 ], [ 84.582754093228814, 27.86516884356142, 0.0 ], [ 84.582775459758679, 27.865121224640269, 0.0 ], [ 84.58280759771246, 27.86503617983897, 0.0 ], [ 84.582808494238861, 27.864980638788062, 0.0 ], [ 84.582809535574114, 27.864916125946529, 0.0 ], [ 84.582810128410031, 27.86487939822824, 0.0 ], [ 84.582831738587487, 27.86479626228255, 0.0 ], [ 84.582842699082548, 27.864741261263809, 0.0 ], [ 84.582884159989405, 27.864667129714942, 0.0 ], [ 84.583267305306407, 27.864137601427309, 0.0 ], [ 84.583296907269215, 27.864084365707459, 0.0 ], [ 84.583326392695653, 27.864031339948259, 0.0 ], [ 84.583355937750184, 27.864021481199959, 0.0 ], [ 84.583873993972773, 27.863820086670302, 0.0 ], [ 84.583902718228913, 27.863793430701261, 0.0 ], [ 84.58393138624308, 27.863766826908581, 0.0 ], [ 84.583979515283829, 27.86373945129225, 0.0 ], [ 84.584047047450142, 27.863711306435889, 0.0 ], [ 84.584134784687109, 27.863707603309511, 0.0 ], [ 84.584281006473816, 27.863701431642291, 0.0 ], [ 84.58464732112229, 27.863610390590669, 0.0 ], [ 84.584703281186137, 27.863566230612172, 0.0 ], [ 84.584749856552818, 27.86353092391327, 0.0 ], [ 84.584805988133184, 27.863495300771032, 0.0 ], [ 84.584843669835806, 27.86347711589659, 0.0 ], [ 84.584930162474436, 27.863465178738789, 0.0 ], [ 84.585104162916892, 27.863457841214831, 0.0 ], [ 84.585837035811977, 27.863410374129391, 0.0 ], [ 84.585871457626823, 27.86336761452797, 0.0 ], [ 84.585910024106184, 27.86336598847037, 0.0 ], [ 84.585978388472654, 27.863371356878162, 0.0 ], [ 84.58696129061515, 27.863664271055129, 0.0 ], [ 84.587331230177597, 27.86395705990676, 0.0 ], [ 84.587335255108428, 27.86398292041606, 0.0 ], [ 84.587370473207258, 27.864209198376301, 0.0 ], [ 84.587384268997354, 27.86475872792824, 0.0 ], [ 84.587372277695764, 27.864814576251291, 0.0 ], [ 84.587360237705042, 27.864870652876419, 0.0 ], [ 84.587304635856455, 27.865050478189911, 0.0 ], [ 84.587277253719051, 27.86514597444123, 0.0 ], [ 84.587024702225918, 27.865975475698271, 0.0 ], [ 84.58702073358306, 27.866025916729459, 0.0 ], [ 84.587008746943297, 27.866097108965111, 0.0 ], [ 84.586979273300258, 27.866199952075451, 0.0 ], [ 84.586962997129959, 27.86632350841569, 0.0 ], [ 84.586763305058739, 27.867376378384559, 0.0 ], [ 84.586715244437102, 27.867444854187369, 0.0 ], [ 84.586567279988287, 27.867629771147769, 0.0 ], [ 84.586024939791159, 27.868120608175872, 0.0 ], [ 84.582976859687463, 27.869109756154248, 0.0 ] ] ] } },
{ "type": "Feature", "properties": { "id": null, "Name": "Nibhare", "description": null, "timestamp": null, "begin": null, "end": null, "altitudeMode": null, "tessellate": 1, "extrude": 0, "visibility": -1, "drawOrder": null, "icon": null, "NUMPOINTS_exposed": 86.0, "SETTL_NAME": "Nibhare" }, "geometry": { "type": "Polygon", "coordinates": [ [ [ 84.56670446490169, 27.869559398593591, 0.0 ], [ 84.566486502460904, 27.869568860606961, 0.0 ], [ 84.565998429919588, 27.869444883462279, 0.0 ], [ 84.562994697713066, 27.867520911454189, 0.0 ], [ 84.562955214793789, 27.867304701523771, 0.0 ], [ 84.562937236073836, 27.86716997976183, 0.0 ], [ 84.562671245212655, 27.864529534515381, 0.0 ], [ 84.562679750022212, 27.864404444000829, 0.0 ], [ 84.563890803362881, 27.862372595076359, 0.0 ], [ 84.563967679722921, 27.862299136126889, 0.0 ], [ 84.564068784456751, 27.862224797342151, 0.0 ], [ 84.564195120971107, 27.86212628217281, 0.0 ], [ 84.565858143535635, 27.861731522719591, 0.0 ], [ 84.566050369942374, 27.861815471757328, 0.0 ], [ 84.566580806117173, 27.86216412912017, 0.0 ], [ 84.568083238405407, 27.863071466062301, 0.0 ], [ 84.56810871864127, 27.863118526606169, 0.0 ], [ 84.568160543140408, 27.86326119328352, 0.0 ], [ 84.568262814382749, 27.86342666754625, 0.0 ], [ 84.569096189028258, 27.864630516911451, 0.0 ], [ 84.569126082152934, 27.864781167414311, 0.0 ], [ 84.569156880206293, 27.864957984829481, 0.0 ], [ 84.569266194815697, 27.865183732128951, 0.0 ], [ 84.569376267767495, 27.865411045173659, 0.0 ], [ 84.569435560883193, 27.86564215970688, 0.0 ], [ 84.569579457230773, 27.866055417484311, 0.0 ], [ 84.569587043743368, 27.86626678747481, 0.0 ], [ 84.569542484882788, 27.866481736734318, 0.0 ], [ 84.569184461746048, 27.867637940784679, 0.0 ], [ 84.569159524698648, 27.867694296309871, 0.0 ], [ 84.56670446490169, 27.869559398593591, 0.0 ] ] ] } },
{ "type": "Feature", "properties": { "id": null, "Name": "Munglin bazar", "description": null, "timestamp": null, "begin": null, "end": null, "altitudeMode": null, "tessellate": 1, "extrude": 0, "visibility": -1, "drawOrder": null, "icon": null, "NUMPOINTS_exposed": 395.0, "SETTL_NAME": "Mugling" }, "geometry": { "type": "Polygon", "coordinates": [ [ [ 84.568154130515595, 27.858692939497221, 0.0 ], [ 84.561456068342892, 27.857521194371881, 0.0 ], [ 84.559565212564536, 27.857355050538079, 0.0 ], [ 84.559549771595215, 27.857339318427201, 0.0 ], [ 84.558913674153914, 27.856219889916801, 0.0 ], [ 84.558869472909834, 27.856175406575161, 0.0 ], [ 84.558814115044797, 27.856069987089519, 0.0 ], [ 84.558756745078938, 27.855995810433861, 0.0 ], [ 84.558670513363069, 27.855892715438792, 0.0 ], [ 84.558628174258388, 27.855833766998298, 0.0 ], [ 84.558599212222518, 27.855804696626279, 0.0 ], [ 84.558226607632321, 27.855092453101829, 0.0 ], [ 84.558173158991579, 27.85500743330876, 0.0 ], [ 84.5581605120436, 27.854978960983651, 0.0 ], [ 84.558135274898646, 27.85492214570597, 0.0 ], [ 84.558079516971688, 27.854866807067062, 0.0 ], [ 84.55758282375551, 27.854125534402371, 0.0 ], [ 84.557593556588813, 27.854028474754209, 0.0 ], [ 84.557596612886371, 27.854000835787531, 0.0 ], [ 84.557769352541712, 27.853094925671311, 0.0 ], [ 84.557817328297659, 27.853053674394349, 0.0 ], [ 84.557849254313524, 27.853026223414229, 0.0 ], [ 84.558476891460757, 27.852818009372879, 0.0 ], [ 84.558578245788638, 27.85281371778769, 0.0 ], [ 84.558859602304054, 27.85290535901775, 0.0 ], [ 84.561388965442376, 27.853991334399179, 0.0 ], [ 84.561418942402867, 27.85399005918892, 0.0 ], [ 84.561538713054361, 27.854012682700979, 0.0 ], [ 84.561703662894473, 27.85408906640518, 0.0 ], [ 84.561839035889264, 27.854111188315251, 0.0 ], [ 84.562718843944282, 27.854354840449911, 0.0 ], [ 84.56276469146826, 27.85436705299502, 0.0 ], [ 84.56284132004194, 27.85439215146361, 0.0 ], [ 84.562979728112438, 27.85444310736602, 0.0 ], [ 84.563195725933397, 27.854519501759299, 0.0 ], [ 84.563458464158543, 27.854594286159891, 0.0 ], [ 84.564888585837352, 27.855042663692881, 0.0 ], [ 84.565016024066153, 27.855081515942011, 0.0 ], [ 84.565398661999552, 27.855183784809761, 0.0 ], [ 84.565866256354539, 27.855328085210719, 0.0 ], [ 84.566872860804025, 27.855832537499449, 0.0 ], [ 84.566908528055833, 27.85586187980952, 0.0 ], [ 84.566975897733172, 27.85588991168585, 0.0 ], [ 84.567045464989988, 27.855933399309428, 0.0 ], [ 84.568154130515595, 27.858692939497221, 0.0 ] ] ] } },
{ "type": "Feature", "properties": { "id": null, "Name": "Karantar", "description": null, "timestamp": null, "begin": null, "end": null, "altitudeMode": null, "tessellate": 1, "extrude": 0, "visibility": -1, "drawOrder": null, "icon": null, "NUMPOINTS_exposed": 0.0, "SETTL_NAME": "Karantar" }, "geometry": { "type": "Polygon", "coordinates": [ [ [ 84.548963522012713, 27.86599391895464, 0.0 ], [ 84.547494463962636, 27.86431776592541, 0.0 ], [ 84.547560146841633, 27.864167929178478, 0.0 ], [ 84.547660631866037, 27.86392004643346, 0.0 ], [ 84.548115993468926, 27.862826517953359, 0.0 ], [ 84.548196582069551, 27.86275272728022, 0.0 ], [ 84.548328284812143, 27.86265354456588, 0.0 ], [ 84.548435109142673, 27.862555698885458, 0.0 ], [ 84.54979348241649, 27.8616703087419, 0.0 ], [ 84.549941698468643, 27.861618651919638, 0.0 ], [ 84.550015725106107, 27.861592851833539, 0.0 ], [ 84.550092796770855, 27.861521731312081, 0.0 ], [ 84.551867428169771, 27.861086812570491, 0.0 ], [ 84.551941094042292, 27.861039053358859, 0.0 ], [ 84.552085626911065, 27.861010611283739, 0.0 ], [ 84.55220690445951, 27.86096092150666, 0.0 ], [ 84.552326525000041, 27.860955827769011, 0.0 ], [ 84.553689489550834, 27.860942305708289, 0.0 ], [ 84.553737358606114, 27.860940266955659, 0.0 ], [ 84.55397669711337, 27.860930073396439, 0.0 ], [ 84.554192014473657, 27.860943185098591, 0.0 ], [ 84.554407474428032, 27.86100094874034, 0.0 ], [ 84.556175541401899, 27.86160288041879, 0.0 ], [ 84.55615888324661, 27.86187861061136, 0.0 ], [ 84.556076452617816, 27.863414334685569, 0.0 ], [ 84.556004680636519, 27.86353833463523, 0.0 ], [ 84.555933206904527, 27.86368710270602, 0.0 ], [ 84.555863036837891, 27.863909894139258, 0.0 ], [ 84.555500836129625, 27.864794396983431, 0.0 ], [ 84.555403623416808, 27.865101830975249, 0.0 ], [ 84.554796786202047, 27.866237745949999, 0.0 ], [ 84.554744968134159, 27.86626622774391, 0.0 ], [ 84.554485295325762, 27.866435342836368, 0.0 ], [ 84.548963522012713, 27.86599391895464, 0.0 ] ] ] } },
{ "type": "Feature", "properties": { "id": null, "Name": "Motel du mungling area", "description": null, "timestamp": null, "begin": null, "end": null, "altitudeMode": null, "tessellate": 1, "extrude": 0, "visibility": -1, "drawOrder": null, "icon": null, "NUMPOINTS_exposed": 38.0, "SETTL_NAME": null }, "geometry": { "type": "Polygon", "coordinates": [ [ [ 84.549892891254899, 27.857831147415101, 0.0 ], [ 84.550086905268444, 27.858327563118451, 0.0 ], [ 84.550090841683684, 27.858354170112449, 0.0 ], [ 84.550107757584257, 27.858407197916939, 0.0 ], [ 84.550613512165739, 27.859061837062988, 0.0 ], [ 84.551149847235195, 27.85927048872874, 0.0 ], [ 84.551249415306202, 27.85929550232111, 0.0 ], [ 84.551358657540405, 27.85932017322672, 0.0 ], [ 84.551459915744161, 27.859335432201291, 0.0 ], [ 84.551533050429015, 27.85935194226461, 0.0 ], [ 84.552202675707719, 27.858993183944641, 0.0 ], [ 84.552270076456296, 27.85896164277478, 0.0 ], [ 84.552337299372695, 27.858930184826121, 0.0 ], [ 84.552375101397189, 27.858919050801919, 0.0 ], [ 84.552403613882319, 27.858908326331729, 0.0 ], [ 84.55282301747296, 27.858526331181601, 0.0 ], [ 84.553358207304768, 27.85802778713278, 0.0 ], [ 84.555077638006111, 27.85783186506869, 0.0 ], [ 84.55518277618792, 27.857810030801542, 0.0 ], [ 84.555208801301589, 27.85780026409261, 0.0 ], [ 84.556188480318724, 27.857586756556241, 0.0 ], [ 84.556197229036385, 27.857586381447589, 0.0 ], [ 84.556669678602304, 27.857289321297081, 0.0 ], [ 84.55677425941073, 27.85722707866752, 0.0 ], [ 84.556807581904494, 27.8572174272038, 0.0 ], [ 84.556832279521089, 27.857208151536781, 0.0 ], [ 84.557671313496186, 27.856817147728218, 0.0 ], [ 84.557699503660942, 27.856831816160099, 0.0 ], [ 84.558088197998458, 27.85747136470853, 0.0 ], [ 84.558080544647709, 27.85752264186775, 0.0 ], [ 84.558017938236901, 27.858637524315011, 0.0 ], [ 84.557151521936035, 27.85894284930724, 0.0 ], [ 84.557107491288704, 27.858964142406691, 0.0 ], [ 84.557062079480872, 27.858975813662742, 0.0 ], [ 84.557034038377424, 27.85897702632332, 0.0 ], [ 84.556575975945321, 27.85899683573631, 0.0 ], [ 84.555546637938221, 27.859031640132109, 0.0 ], [ 84.555499886260108, 27.85903366190928, 0.0 ], [ 84.555444376149936, 27.85904577403328, 0.0 ], [ 84.554782855019639, 27.859470027279379, 0.0 ], [ 84.553829979405677, 27.85952141190802, 0.0 ], [ 84.553791708548587, 27.859533155075319, 0.0 ], [ 84.552770894378256, 27.85974003784775, 0.0 ], [ 84.552721597812081, 27.859762670114989, 0.0 ], [ 84.552692102670491, 27.859774210755042, 0.0 ], [ 84.551809757002331, 27.85987428695314, 0.0 ], [ 84.551790443607587, 27.859875125744018, 0.0 ], [ 84.551027282743021, 27.860127177691339, 0.0 ], [ 84.550988268690006, 27.860128874441521, 0.0 ], [ 84.550609787992968, 27.860728053242351, 0.0 ], [ 84.549961476415831, 27.860745290924459, 0.0 ], [ 84.549518504827034, 27.860676502660059, 0.0 ], [ 84.548845849337425, 27.860159046795498, 0.0 ], [ 84.548678279708767, 27.8592608231966, 0.0 ], [ 84.548667410684956, 27.85842432958453, 0.0 ], [ 84.549099571802827, 27.857882160455031, 0.0 ], [ 84.549892891254899, 27.857831147415101, 0.0 ] ] ] } },
{ "type": "Feature", "properties": { "id": null, "Name": "Fishtail restaurant zone", "description": null, "timestamp": null, "begin": null, "end": null, "altitudeMode": null, "tessellate": 1, "extrude": 0, "visibility": -1, "drawOrder": null, "icon": null, "NUMPOINTS_exposed": 28.0, "SETTL_NAME": null }, "geometry": { "type": "Polygon", "coordinates": [ [ [ 84.556376912057544, 27.855695983970381, 0.0 ], [ 84.555961940688462, 27.855157715149939, 0.0 ], [ 84.555454909443299, 27.854444426332648, 0.0 ], [ 84.555439917793933, 27.854429452817449, 0.0 ], [ 84.555417666143114, 27.85439924001119, 0.0 ], [ 84.555380582224302, 27.85435424678402, 0.0 ], [ 84.555284998108476, 27.854235090824272, 0.0 ], [ 84.554955441856222, 27.85382125791639, 0.0 ], [ 84.554995664111289, 27.853281666603682, 0.0 ], [ 84.555026325775344, 27.853245474221719, 0.0 ], [ 84.555042085850886, 27.853216980082799, 0.0 ], [ 84.555269103998526, 27.852719135301921, 0.0 ], [ 84.555550052618813, 27.852458835322839, 0.0 ], [ 84.555577479196245, 27.852483522924949, 0.0 ], [ 84.555792198914844, 27.852710139543639, 0.0 ], [ 84.55580614006648, 27.852736086369472, 0.0 ], [ 84.555841194961474, 27.852794567256581, 0.0 ], [ 84.556237470426751, 27.853193790418121, 0.0 ], [ 84.556367452410271, 27.853535153160209, 0.0 ], [ 84.556367732460956, 27.853549550239599, 0.0 ], [ 84.556375680694174, 27.853578088041701, 0.0 ], [ 84.556494960576671, 27.85391090420174, 0.0 ], [ 84.556503227308454, 27.853940451139941, 0.0 ], [ 84.556511711007047, 27.853977582637562, 0.0 ], [ 84.556520421900899, 27.854022378203691, 0.0 ], [ 84.556544499077816, 27.854074284469121, 0.0 ], [ 84.556610292574078, 27.854247264936149, 0.0 ], [ 84.556659285099656, 27.85434580924505, 0.0 ], [ 84.556667452654494, 27.854361025952709, 0.0 ], [ 84.556691500648327, 27.854391194199469, 0.0 ], [ 84.55688029559397, 27.854675994310028, 0.0 ], [ 84.556896878330605, 27.854699376321431, 0.0 ], [ 84.55703791803559, 27.85487162326876, 0.0 ], [ 84.557043485674015, 27.85498637728227, 0.0 ], [ 84.556376912057544, 27.855695983970381, 0.0 ] ] ] } },
{ "type": "Feature", "properties": { "id": null, "Name": "santi bazar", "description": null, "timestamp": null, "begin": null, "end": null, "altitudeMode": null, "tessellate": 1, "extrude": 0, "visibility": -1, "drawOrder": null, "icon": null, "NUMPOINTS_exposed": 14.0, "SETTL_NAME": null }, "geometry": { "type": "Polygon", "coordinates": [ [ [ 84.558199215860341, 27.85023755921172, 0.0 ], [ 84.558409808666894, 27.849779233912951, 0.0 ], [ 84.558357940935153, 27.849490711469489, 0.0 ], [ 84.558476168538135, 27.849226787728981, 0.0 ], [ 84.558625416630846, 27.848519761645409, 0.0 ], [ 84.558788353166989, 27.848102092613789, 0.0 ], [ 84.558907679690407, 27.847847078899409, 0.0 ], [ 84.559182175772975, 27.847920481323261, 0.0 ], [ 84.559186535377549, 27.847933525849129, 0.0 ], [ 84.559287753438966, 27.84807404246521, 0.0 ], [ 84.559288385700441, 27.84808429911817, 0.0 ], [ 84.559289442755954, 27.848101446846599, 0.0 ], [ 84.559290929569528, 27.848125566169902, 0.0 ], [ 84.559306088929475, 27.84830879234368, 0.0 ], [ 84.559307432852137, 27.848330443130891, 0.0 ], [ 84.559309460875966, 27.848363114865741, 0.0 ], [ 84.559326708322899, 27.848640972598378, 0.0 ], [ 84.559315898128887, 27.848660875369038, 0.0 ], [ 84.559305973270583, 27.848696496970931, 0.0 ], [ 84.559278915263846, 27.848788813958699, 0.0 ], [ 84.55918577967249, 27.849356575360819, 0.0 ], [ 84.559182256789768, 27.849374718813859, 0.0 ], [ 84.559162391817864, 27.849416293007771, 0.0 ], [ 84.55907141452208, 27.84983636211788, 0.0 ], [ 84.559062704927143, 27.84984659518042, 0.0 ], [ 84.559041550010903, 27.849897066019562, 0.0 ], [ 84.55891088029793, 27.8502471399824, 0.0 ], [ 84.558887846423659, 27.85027474454867, 0.0 ], [ 84.558855303320712, 27.850302894382029, 0.0 ], [ 84.558397882263037, 27.85052483279911, 0.0 ], [ 84.558199215860341, 27.85023755921172, 0.0 ] ] ] } },
{ "type": "Feature", "properties": { "id": null, "Name": "Thakal datad", "description": null, "timestamp": null, "begin": null, "end": null, "altitudeMode": null, "tessellate": 1, "extrude": 0, "visibility": -1, "drawOrder": null, "icon": null, "NUMPOINTS_exposed": 18.0, "SETTL_NAME": null }, "geometry": { "type": "Polygon", "coordinates": [ [ [ 84.56012516816844, 27.850959387701309, 0.0 ], [ 84.560400532881957, 27.850236470277839, 0.0 ], [ 84.560884761350223, 27.84933403515582, 0.0 ], [ 84.560907117527222, 27.849311950870749, 0.0 ], [ 84.561429999645185, 27.84859142421401, 0.0 ], [ 84.561450170356096, 27.84858113880551, 0.0 ], [ 84.561470348344955, 27.84856616744187, 0.0 ], [ 84.562264996874305, 27.848504208890361, 0.0 ], [ 84.562274174574256, 27.848489808519261, 0.0 ], [ 84.562921821724359, 27.848411158316068, 0.0 ], [ 84.563962070794261, 27.848483559922499, 0.0 ], [ 84.563977096468435, 27.848482919802009, 0.0 ], [ 84.564819506256811, 27.848508569236682, 0.0 ], [ 84.564832095434994, 27.848517555136699, 0.0 ], [ 84.565270467281991, 27.848932945459492, 0.0 ], [ 84.565274930550331, 27.848948094837802, 0.0 ], [ 84.565270448399616, 27.84896879851912, 0.0 ], [ 84.565265189370109, 27.84900507911205, 0.0 ], [ 84.565265155178466, 27.84904134071709, 0.0 ], [ 84.565194820582008, 27.849244851714971, 0.0 ], [ 84.565172579048252, 27.84926190347197, 0.0 ], [ 84.565124993586906, 27.849285472038041, 0.0 ], [ 84.565017174306178, 27.8493279457659, 0.0 ], [ 84.564928674835897, 27.849342602060229, 0.0 ], [ 84.56287646089487, 27.849962485629291, 0.0 ], [ 84.562865257305404, 27.849962969765649, 0.0 ], [ 84.562826043960882, 27.8499646642782, 0.0 ], [ 84.562786829269285, 27.84996635885129, 0.0 ], [ 84.562729306544725, 27.849951209729522, 0.0 ], [ 84.56265004071409, 27.849942902767001, 0.0 ], [ 84.562610009752277, 27.84993292044285, 0.0 ], [ 84.56162735667553, 27.850201488658179, 0.0 ], [ 84.561101387585751, 27.850483153071441, 0.0 ], [ 84.56012516816844, 27.850959387701309, 0.0 ] ] ] } },
{ "type": "Feature", "properties": { "id": null, "Name": "kali khola bridge area", "description": null, "timestamp": null, "begin": null, "end": null, "altitudeMode": null, "tessellate": 1, "extrude": 0, "visibility": -1, "drawOrder": null, "icon": null, "NUMPOINTS_exposed": 21.0, "SETTL_NAME": null }, "geometry": { "type": "Polygon", "coordinates": [ [ [ 84.552376218700175, 27.833881575118259, 0.0 ], [ 84.551832966890913, 27.833631970316869, 0.0 ], [ 84.551540299377308, 27.833247662450791, 0.0 ], [ 84.551540758766478, 27.833243144252219, 0.0 ], [ 84.551600186836509, 27.832863423556109, 0.0 ], [ 84.55180871397188, 27.832456952379431, 0.0 ], [ 84.551817695695902, 27.832445008870149, 0.0 ], [ 84.552722650707508, 27.832277422637532, 0.0 ], [ 84.553124454324291, 27.832305502519361, 0.0 ], [ 84.553128627962352, 27.83230910690261, 0.0 ], [ 84.553145355115376, 27.83232355278977, 0.0 ], [ 84.553345336778506, 27.832544251759209, 0.0 ], [ 84.553354672987027, 27.832559786836779, 0.0 ], [ 84.553562911572627, 27.832906287247791, 0.0 ], [ 84.553563306929348, 27.83291055267193, 0.0 ], [ 84.553574739404311, 27.83298776055743, 0.0 ], [ 84.553793843840111, 27.833674569290501, 0.0 ], [ 84.553798919578398, 27.833679305657569, 0.0 ], [ 84.553796493147331, 27.833699279124009, 0.0 ], [ 84.55368436987807, 27.834063800143142, 0.0 ], [ 84.553667509056694, 27.83408579324114, 0.0 ], [ 84.553463734446012, 27.834273137293881, 0.0 ], [ 84.552376218700175, 27.833881575118259, 0.0 ] ] ] } },
{ "type": "Feature", "properties": { "id": null, "Name": "Panch kilo zone", "description": null, "timestamp": null, "begin": null, "end": null, "altitudeMode": null, "tessellate": 1, "extrude": 0, "visibility": -1, "drawOrder": null, "icon": null, "NUMPOINTS_exposed": 31.0, "SETTL_NAME": null }, "geometry": { "type": "Polygon", "coordinates": [ [ [ 84.526269239422064, 27.832227277149219, 0.0 ], [ 84.526460129081443, 27.832219028286332, 0.0 ], [ 84.526519779029329, 27.832216450658791, 0.0 ], [ 84.526662932213412, 27.832210264660109, 0.0 ], [ 84.526841861287537, 27.832202532734168, 0.0 ], [ 84.526972426478849, 27.832209325636221, 0.0 ], [ 84.527020157204788, 27.832207262972979, 0.0 ], [ 84.527986493079226, 27.832165503799072, 0.0 ], [ 84.528117693117352, 27.832159834221159, 0.0 ], [ 84.528380071221505, 27.832148496080642, 0.0 ], [ 84.52861857149415, 27.832138189848578, 0.0 ], [ 84.528809354292832, 27.83212994566788, 0.0 ], [ 84.528904521659669, 27.832113403474509, 0.0 ], [ 84.52898743380247, 27.83208499487866, 0.0 ], [ 84.530504500267057, 27.831932935382341, 0.0 ], [ 84.530774181394392, 27.831884376613029, 0.0 ], [ 84.530845251129804, 27.831881308092711, 0.0 ], [ 84.530892629762235, 27.831879262466991, 0.0 ], [ 84.531815191132438, 27.83202493999676, 0.0 ], [ 84.531985229513552, 27.83204251309332, 0.0 ], [ 84.532107803968344, 27.832062180473319, 0.0 ], [ 84.532131681645595, 27.832061148395489, 0.0 ], [ 84.532342581912388, 27.832367877166462, 0.0 ], [ 84.532303054491351, 27.83243361411639, 0.0 ], [ 84.531854096066553, 27.832543187355729, 0.0 ], [ 84.531773678523223, 27.832585475247459, 0.0 ], [ 84.531717387571234, 27.832626824695399, 0.0 ], [ 84.530673543336164, 27.833027170076448, 0.0 ], [ 84.530044255538854, 27.833269147704531, 0.0 ], [ 84.528764069245895, 27.833324787651499, 0.0 ], [ 84.527969500503815, 27.833278419709409, 0.0 ], [ 84.526018902572105, 27.833096597670881, 0.0 ], [ 84.526269239422064, 27.832227277149219, 0.0 ] ] ] } },
{ "type": "Feature", "properties": { "id": null, "Name": "Chandeshwari basic school zone", "description": null, "timestamp": null, "begin": null, "end": null, "altitudeMode": null, "tessellate": 1, "extrude": 0, "visibility": -1, "drawOrder": null, "icon": null, "NUMPOINTS_exposed": 34.0, "SETTL_NAME": null }, "geometry": { "type": "Polygon", "coordinates": [ [ [ 84.523850081666893, 27.835927133833142, 0.0 ], [ 84.523449713077213, 27.835292057975899, 0.0 ], [ 84.523611365628369, 27.83454271874453, 0.0 ], [ 84.523624982481593, 27.834523644853949, 0.0 ], [ 84.523750397999052, 27.834269778957651, 0.0 ], [ 84.523775954705727, 27.834250805179039, 0.0 ], [ 84.523838651890884, 27.834224346123801, 0.0 ], [ 84.524936318607757, 27.834047950208571, 0.0 ], [ 84.525662061613062, 27.834022782606599, 0.0 ], [ 84.525680769835148, 27.834027824032329, 0.0 ], [ 84.525829019187228, 27.834044895157291, 0.0 ], [ 84.526460601187381, 27.83414191032114, 0.0 ], [ 84.526474352823172, 27.834153234518599, 0.0 ], [ 84.5270087685238, 27.834446467494679, 0.0 ], [ 84.527017889471878, 27.834464699080261, 0.0 ], [ 84.527040995266361, 27.834532360959098, 0.0 ], [ 84.527058460842227, 27.834563010499782, 0.0 ], [ 84.527436414458734, 27.835052793299749, 0.0 ], [ 84.527407717378679, 27.83527087929949, 0.0 ], [ 84.527394806920768, 27.835312723854809, 0.0 ], [ 84.527379534738799, 27.83534102063226, 0.0 ], [ 84.527279029527818, 27.83550604437761, 0.0 ], [ 84.527233176970356, 27.835557536762991, 0.0 ], [ 84.526967579291139, 27.835784509785089, 0.0 ], [ 84.526933588272996, 27.83578598532451, 0.0 ], [ 84.526838409145824, 27.83579011703435, 0.0 ], [ 84.526736423743273, 27.83579454422603, 0.0 ], [ 84.526588526999262, 27.835815522698169, 0.0 ], [ 84.523850081666893, 27.835927133833142, 0.0 ] ] ] } },
{ "type": "Feature", "properties": { "id": null, "Name": "Khasrang village besi", "description": null, "timestamp": null, "begin": null, "end": null, "altitudeMode": null, "tessellate": 1, "extrude": 0, "visibility": -1, "drawOrder": null, "icon": null, "NUMPOINTS_exposed": 18.0, "SETTL_NAME": null }, "geometry": { "type": "Polygon", "coordinates": [ [ [ 84.522502667930198, 27.83642150715405, 0.0 ], [ 84.521933504963883, 27.835989426351851, 0.0 ], [ 84.521917878689138, 27.835952432169151, 0.0 ], [ 84.521895414113018, 27.835915894316582, 0.0 ], [ 84.52117329327568, 27.83516694068333, 0.0 ], [ 84.521166470347708, 27.835119463957529, 0.0 ], [ 84.521159742731527, 27.83508579660737, 0.0 ], [ 84.521143882364854, 27.834292099646909, 0.0 ], [ 84.521143819288881, 27.834273661831642, 0.0 ], [ 84.52114369356886, 27.83423691296618, 0.0 ], [ 84.521202961890125, 27.83380612168985, 0.0 ], [ 84.52120279261004, 27.833783008232651, 0.0 ], [ 84.521202497574961, 27.833742724479489, 0.0 ], [ 84.521208017007879, 27.833673893511062, 0.0 ], [ 84.521225578385312, 27.83361644427033, 0.0 ], [ 84.521243293309496, 27.83358749536491, 0.0 ], [ 84.521254965742514, 27.833558907186731, 0.0 ], [ 84.522128897824871, 27.833544154296138, 0.0 ], [ 84.52264932729598, 27.833761779637381, 0.0 ], [ 84.522657150547417, 27.83377886068121, 0.0 ], [ 84.522672258453085, 27.833807327141852, 0.0 ], [ 84.522694725726865, 27.83384730641221, 0.0 ], [ 84.522709364464831, 27.833870170938429, 0.0 ], [ 84.522773877301347, 27.833956130247529, 0.0 ], [ 84.522796832464238, 27.833996893178711, 0.0 ], [ 84.523258673312455, 27.8343880856646, 0.0 ], [ 84.523288312582082, 27.835102997063501, 0.0 ], [ 84.523279536259707, 27.835137748137061, 0.0 ], [ 84.523259225972893, 27.835186981812541, 0.0 ], [ 84.523247214343286, 27.835250079566041, 0.0 ], [ 84.523235113928351, 27.83531364345243, 0.0 ], [ 84.523206826986282, 27.835918942291698, 0.0 ], [ 84.523198351416525, 27.835964632420911, 0.0 ], [ 84.523080062310129, 27.836412179838572, 0.0 ], [ 84.523062166028652, 27.83644483460435, 0.0 ], [ 84.523031632072332, 27.836494187993111, 0.0 ], [ 84.522858112505403, 27.836704613529552, 0.0 ], [ 84.522502667930198, 27.83642150715405, 0.0 ] ] ] } },
{ "type": "Feature", "properties": { "id": null, "Name": "Below panch kilo", "description": null, "timestamp": null, "begin": null, "end": null, "altitudeMode": null, "tessellate": 1, "extrude": 0, "visibility": -1, "drawOrder": null, "icon": null, "NUMPOINTS_exposed": 35.0, "SETTL_NAME": "Paireni" }, "geometry": { "type": "Polygon", "coordinates": [ [ [ 84.526418542269909, 27.830974373675339, 0.0 ], [ 84.526282367069513, 27.830427939609709, 0.0 ], [ 84.526321276031894, 27.830391938686301, 0.0 ], [ 84.52634942980994, 27.830351692365539, 0.0 ], [ 84.526371476055644, 27.830331313906811, 0.0 ], [ 84.526388115724529, 27.830311218663471, 0.0 ], [ 84.526862666587988, 27.83003925516195, 0.0 ], [ 84.527239929874099, 27.829848303183031, 0.0 ], [ 84.527481798816737, 27.829707540057189, 0.0 ], [ 84.527601363386424, 27.829644796208871, 0.0 ], [ 84.52762123437752, 27.829635125905451, 0.0 ], [ 84.527873009167195, 27.82958492601907, 0.0 ], [ 84.527908228636548, 27.829579058548131, 0.0 ], [ 84.527989534007489, 27.829575638183961, 0.0 ], [ 84.528004778129329, 27.829574996888869, 0.0 ], [ 84.529294927220789, 27.82965796677307, 0.0 ], [ 84.529423139908545, 27.82965256519536, 0.0 ], [ 84.529520572794624, 27.829648460315941, 0.0 ], [ 84.52957185035811, 27.829646299958281, 0.0 ], [ 84.529593292553912, 27.829649870851441, 0.0 ], [ 84.530307768569742, 27.829865838040259, 0.0 ], [ 84.530345518504006, 27.829868886007649, 0.0 ], [ 84.530405415543328, 27.82987565007517, 0.0 ], [ 84.530427552496519, 27.829879366671861, 0.0 ], [ 84.530453436615431, 27.829896911400471, 0.0 ], [ 84.530485681251278, 27.82993767158613, 0.0 ], [ 84.530510313100791, 27.82996957232583, 0.0 ], [ 84.530541624321373, 27.83000609039285, 0.0 ], [ 84.530565220905657, 27.83003361089666, 0.0 ], [ 84.53073289894995, 27.83019037041025, 0.0 ], [ 84.530739764102634, 27.830214504654439, 0.0 ], [ 84.530757726344063, 27.8302776502569, 0.0 ], [ 84.530766072086621, 27.830306989343399, 0.0 ], [ 84.530770444709489, 27.830341604720491, 0.0 ], [ 84.530768015120159, 27.83037167447295, 0.0 ], [ 84.530765575453771, 27.83040187240556, 0.0 ], [ 84.5307590855124, 27.83043742047176, 0.0 ], [ 84.530421515969778, 27.831196138667341, 0.0 ], [ 84.530390771196295, 27.831236727158242, 0.0 ], [ 84.530351905536392, 27.83131756100229, 0.0 ], [ 84.530326051593946, 27.831381463818751, 0.0 ], [ 84.530295479868187, 27.831451878839509, 0.0 ], [ 84.530267838060851, 27.831511136398241, 0.0 ], [ 84.530253643138451, 27.83155266113701, 0.0 ], [ 84.530254374412465, 27.831581990069139, 0.0 ], [ 84.530246574951207, 27.831599995219829, 0.0 ], [ 84.529843809209098, 27.831694341107472, 0.0 ], [ 84.529791709140198, 27.831702538769779, 0.0 ], [ 84.529752548101811, 27.831716154432531, 0.0 ], [ 84.529735907646923, 27.83172284302244, 0.0 ], [ 84.528840996612715, 27.83190002411521, 0.0 ], [ 84.528053931061933, 27.831897442123861, 0.0 ], [ 84.526418542269909, 27.830974373675339, 0.0 ] ] ] } },
{ "type": "Feature", "properties": { "id": null, "Name": "Jaibire jharana area", "description": null, "timestamp": null, "begin": null, "end": null, "altitudeMode": null, "tessellate": 1, "extrude": 0, "visibility": -1, "drawOrder": null, "icon": null, "NUMPOINTS_exposed": 39.0, "SETTL_NAME": null }, "geometry": { "type": "Polygon", "coordinates": [ [ [ 84.520827186169072, 27.828765407062669, 0.0 ], [ 84.52090479413215, 27.826540092754779, 0.0 ], [ 84.521020705782206, 27.824505965356341, 0.0 ], [ 84.521400063018348, 27.823520363144439, 0.0 ], [ 84.521457213146277, 27.82274726406429, 0.0 ], [ 84.521669316027499, 27.822552867483669, 0.0 ], [ 84.52254507615352, 27.82247909279382, 0.0 ], [ 84.523255839207835, 27.822680482049009, 0.0 ], [ 84.524189300151434, 27.823195063045571, 0.0 ], [ 84.524203618634374, 27.823233587569629, 0.0 ], [ 84.524217981515179, 27.823272231314071, 0.0 ], [ 84.524454873227441, 27.823804267272969, 0.0 ], [ 84.524788367458811, 27.824528298549691, 0.0 ], [ 84.524793092418378, 27.824571557342161, 0.0 ], [ 84.524791209286903, 27.824658986780101, 0.0 ], [ 84.524651679594328, 27.825547662826601, 0.0 ], [ 84.524554873375337, 27.825645664839861, 0.0 ], [ 84.522092874120233, 27.828325632948282, 0.0 ], [ 84.522067455270118, 27.82839723995464, 0.0 ], [ 84.522054884480042, 27.828468618221049, 0.0 ], [ 84.521807059068152, 27.828969990785708, 0.0 ], [ 84.520827186169072, 27.828765407062669, 0.0 ] ] ] } },
{ "type": "Feature", "properties": { "id": null, "Name": "Jaldevi primary school area", "description": null, "timestamp": null, "begin": null, "end": null, "altitudeMode": null, "tessellate": 1, "extrude": 0, "visibility": -1, "drawOrder": null, "icon": null, "NUMPOINTS_exposed": 59.0, "SETTL_NAME": null }, "geometry": { "type": "Polygon", "coordinates": [ [ [ 84.51398128678305, 27.816568075556638, 0.0 ], [ 84.51325271824436, 27.81810959503072, 0.0 ], [ 84.513244207691827, 27.818142082372901, 0.0 ], [ 84.513187387787312, 27.818241225230231, 0.0 ], [ 84.513118123743538, 27.818357644499748, 0.0 ], [ 84.513030901117148, 27.818541023596659, 0.0 ], [ 84.509403864884476, 27.82260277399466, 0.0 ], [ 84.505510337081731, 27.824646025100758, 0.0 ], [ 84.503611892162397, 27.824557057830891, 0.0 ], [ 84.502776015327072, 27.82358301550364, 0.0 ], [ 84.503524491113836, 27.819932186226001, 0.0 ], [ 84.503965465366377, 27.819731741146999, 0.0 ], [ 84.504303800246419, 27.819671925921899, 0.0 ], [ 84.504407750735595, 27.819652407535148, 0.0 ], [ 84.504472196909873, 27.81964956953254, 0.0 ], [ 84.504523752406129, 27.81964729920854, 0.0 ], [ 84.505468536140441, 27.819368701762631, 0.0 ], [ 84.506408232421407, 27.81890726034851, 0.0 ], [ 84.506458167274175, 27.818876529974169, 0.0 ], [ 84.506495432068249, 27.818846410903451, 0.0 ], [ 84.506557470474135, 27.81880106682323, 0.0 ], [ 84.50701908200233, 27.81834754263879, 0.0 ], [ 84.507067523879698, 27.81831790725202, 0.0 ], [ 84.507151248241655, 27.818245684196281, 0.0 ], [ 84.508393244426514, 27.81716262342476, 0.0 ], [ 84.51009279789551, 27.816467139341061, 0.0 ], [ 84.510212927125622, 27.816413403152399, 0.0 ], [ 84.510276709904659, 27.816374356393911, 0.0 ], [ 84.510309496110381, 27.816360863095799, 0.0 ], [ 84.511710634324359, 27.815826044044218, 0.0 ], [ 84.51398128678305, 27.816568075556638, 0.0 ] ] ] } },
{ "type": "Feature", "properties": { "id": null, "Name": "Chluribas area", "description": null, "timestamp": null, "begin": null, "end": null, "altitudeMode": null, "tessellate": 1, "extrude": 0, "visibility": -1, "drawOrder": null, "icon": null, "NUMPOINTS_exposed": 15.0, "SETTL_NAME": null }, "geometry": { "type": "Polygon", "coordinates": [ [ [ 84.504270688259155, 27.81759909012963, 0.0 ], [ 84.505663701092331, 27.815972756581431, 0.0 ], [ 84.506883344156478, 27.814951036801091, 0.0 ], [ 84.507707138079283, 27.81445795068414, 0.0 ], [ 84.508826472318177, 27.81394724696106, 0.0 ], [ 84.508840010664102, 27.813940126711721, 0.0 ], [ 84.510680789556559, 27.813816278396811, 0.0 ], [ 84.51121453466132, 27.813997513811291, 0.0 ], [ 84.511228197536497, 27.814023568861941, 0.0 ], [ 84.511347837758564, 27.81433030284764, 0.0 ], [ 84.511339920684449, 27.814358244884559, 0.0 ], [ 84.511326315859648, 27.814393442996511, 0.0 ], [ 84.511299608806581, 27.814436289758881, 0.0 ], [ 84.510759343110522, 27.81494510405884, 0.0 ], [ 84.510730623858336, 27.814953660547172, 0.0 ], [ 84.510621423463732, 27.815017149932029, 0.0 ], [ 84.51040926739951, 27.815107687261111, 0.0 ], [ 84.510090912781195, 27.81526362301933, 0.0 ], [ 84.507490062237309, 27.81639879442767, 0.0 ], [ 84.507458386792408, 27.816416857944809, 0.0 ], [ 84.507427270936731, 27.816451671434351, 0.0 ], [ 84.507347669202758, 27.81649710013691, 0.0 ], [ 84.506058782993819, 27.817079098983079, 0.0 ], [ 84.504270688259155, 27.81759909012963, 0.0 ] ] ] } },
{ "type": "Feature", "properties": { "id": null, "Name": "Rindi khoa zone", "description": null, "timestamp": null, "begin": null, "end": null, "altitudeMode": null, "tessellate": 1, "extrude": 0, "visibility": -1, "drawOrder": null, "icon": null, "NUMPOINTS_exposed": 6.0, "SETTL_NAME": null }, "geometry": { "type": "Polygon", "coordinates": [ [ [ 84.495472692852445, 27.819864126824871, 0.0 ], [ 84.495219044868406, 27.819240392881749, 0.0 ], [ 84.495220047508141, 27.819223017766269, 0.0 ], [ 84.49587973614392, 27.818728468696609, 0.0 ], [ 84.496400773094564, 27.818733869843619, 0.0 ], [ 84.496419399239613, 27.81873308262265, 0.0 ], [ 84.496469067747455, 27.818730983410639, 0.0 ], [ 84.496518814415666, 27.8187343742464, 0.0 ], [ 84.496599544204273, 27.818730962045471, 0.0 ], [ 84.496630592865344, 27.81872964970616, 0.0 ], [ 84.496667723816515, 27.818722587214999, 0.0 ], [ 84.497995500992786, 27.818666464346808, 0.0 ], [ 84.498125728291484, 27.818660959450881, 0.0 ], [ 84.498330346571862, 27.818652309792451, 0.0 ], [ 84.498441943785409, 27.818647592259872, 0.0 ], [ 84.498454343017968, 27.818647068105609, 0.0 ], [ 84.499975881295384, 27.818599212765822, 0.0 ], [ 84.500097240861422, 27.81861058105374, 0.0 ], [ 84.500207633352289, 27.81862795963066, 0.0 ], [ 84.5002585720637, 27.818631325304409, 0.0 ], [ 84.501055554400679, 27.818883730267029, 0.0 ], [ 84.501077358615021, 27.81891707874599, 0.0 ], [ 84.501053811550463, 27.819238473384861, 0.0 ], [ 84.500679857152576, 27.819440084597119, 0.0 ], [ 84.499716603706574, 27.819689257087909, 0.0 ], [ 84.498920626602057, 27.819772893509221, 0.0 ], [ 84.498882758253785, 27.81978696959748, 0.0 ], [ 84.498176264471184, 27.8200188158619, 0.0 ], [ 84.4964221616912, 27.820584291848029, 0.0 ], [ 84.495472692852445, 27.819864126824871, 0.0 ] ] ] } },
{ "type": "Feature", "properties": { "id": null, "Name": "Opposite of rindi khola", "description": null, "timestamp": null, "begin": null, "end": null, "altitudeMode": null, "tessellate": 1, "extrude": 0, "visibility": -1, "drawOrder": null, "icon": null, "NUMPOINTS_exposed": 10.0, "SETTL_NAME": null }, "geometry": { "type": "Polygon", "coordinates": [ [ [ 84.497524976298337, 27.821970142444211, 0.0 ], [ 84.497465741485541, 27.821951921935899, 0.0 ], [ 84.497436328541497, 27.821932473711801, 0.0 ], [ 84.497342261631914, 27.821477691468921, 0.0 ], [ 84.49734742090466, 27.821458263191971, 0.0 ], [ 84.497352757694614, 27.82142933625812, 0.0 ], [ 84.497613058237377, 27.820801777099959, 0.0 ], [ 84.497631056432326, 27.820792404127509, 0.0 ], [ 84.497662455338229, 27.820769609044959, 0.0 ], [ 84.497707114973096, 27.820737799277339, 0.0 ], [ 84.498193998851846, 27.82051607404992, 0.0 ], [ 84.498216006341295, 27.820515135804111, 0.0 ], [ 84.498260019763009, 27.82051325937551, 0.0 ], [ 84.498295229000419, 27.82051175829335, 0.0 ], [ 84.498791015287495, 27.820519478125512, 0.0 ], [ 84.499391097453994, 27.820469148702859, 0.0 ], [ 84.499413084765962, 27.82046821120797, 0.0 ], [ 84.499486153860218, 27.820481573336011, 0.0 ], [ 84.499834482918061, 27.820583385879949, 0.0 ], [ 84.499843376263044, 27.820583006046022, 0.0 ], [ 84.49986643389434, 27.82058623190812, 0.0 ], [ 84.499950775692426, 27.820603728241199, 0.0 ], [ 84.500067608740565, 27.82064542346993, 0.0 ], [ 84.50040281779917, 27.82079966962921, 0.0 ], [ 84.500415027438294, 27.820812316795909, 0.0 ], [ 84.500450756105664, 27.820846050265001, 0.0 ], [ 84.500474335549612, 27.82086718673251, 0.0 ], [ 84.500501488512782, 27.820883799810542, 0.0 ], [ 84.5005343988974, 27.82090468477622, 0.0 ], [ 84.500558257921185, 27.820926041270539, 0.0 ], [ 84.500647664360883, 27.82100347121342, 0.0 ], [ 84.500652280728005, 27.821021482850291, 0.0 ], [ 84.500656911116081, 27.82103954917709, 0.0 ], [ 84.500661555587016, 27.82105767043539, 0.0 ], [ 84.500669717490382, 27.821089515566051, 0.0 ], [ 84.500677923068721, 27.821121531054239, 0.0 ], [ 84.50069084887798, 27.821153517031782, 0.0 ], [ 84.500839711924201, 27.821487309687441, 0.0 ], [ 84.500844820640808, 27.821506822977891, 0.0 ], [ 84.500840302051685, 27.821526814876339, 0.0 ], [ 84.500829942585, 27.821562058247061, 0.0 ], [ 84.500801874528378, 27.821643536551111, 0.0 ], [ 84.500762732953376, 27.821762427511739, 0.0 ], [ 84.500729981691549, 27.82183105646083, 0.0 ], [ 84.500569129281317, 27.822087066461009, 0.0 ], [ 84.500545171322599, 27.822093512960279, 0.0 ], [ 84.500499841635715, 27.82209548613185, 0.0 ], [ 84.500434361434799, 27.822098336450711, 0.0 ], [ 84.500359940045286, 27.82210698468376, 0.0 ], [ 84.500282623604605, 27.822126604027108, 0.0 ], [ 84.500223150087635, 27.82213462061592, 0.0 ], [ 84.497524976298337, 27.821970142444211, 0.0 ] ] ] } },
{ "type": "Feature", "properties": { "id": null, "Name": "Bengibasi zone", "description": null, "timestamp": null, "begin": null, "end": null, "altitudeMode": null, "tessellate": 1, "extrude": 0, "visibility": -1, "drawOrder": null, "icon": null, "NUMPOINTS_exposed": 4.0, "SETTL_NAME": null }, "geometry": { "type": "Polygon", "coordinates": [ [ [ 84.490133100904188, 27.819021299485541, 0.0 ], [ 84.490507127386081, 27.818841391549761, 0.0 ], [ 84.490575195040577, 27.818816097680809, 0.0 ], [ 84.490595021581257, 27.818809677198331, 0.0 ], [ 84.490611936401606, 27.818803390863572, 0.0 ], [ 84.49150424269294, 27.818754059530239, 0.0 ], [ 84.491518589292113, 27.81875344475672, 0.0 ], [ 84.491524327794721, 27.818753198853109, 0.0 ], [ 84.491643995432469, 27.81891827172355, 0.0 ], [ 84.491414842822408, 27.819113308927939, 0.0 ], [ 84.491406316626566, 27.819116745103059, 0.0 ], [ 84.490809219517388, 27.81933168964774, 0.0 ], [ 84.490800751338128, 27.819341780240268, 0.0 ], [ 84.49032754872664, 27.819491145350032, 0.0 ], [ 84.490133100904188, 27.819021299485541, 0.0 ] ] ] } },
{ "type": "Feature", "properties": { "id": null, "Name": "Gurung gaau", "description": null, "timestamp": null, "begin": null, "end": null, "altitudeMode": null, "tessellate": 1, "extrude": 0, "visibility": -1, "drawOrder": null, "icon": null, "NUMPOINTS_exposed": 21.0, "SETTL_NAME": null }, "geometry": { "type": "Polygon", "coordinates": [ [ [ 84.435410901914793, 27.817870363381669, 0.0 ], [ 84.435489761403886, 27.817261593292269, 0.0 ], [ 84.435788269051002, 27.816717346481191, 0.0 ], [ 84.436236989167227, 27.816536562390048, 0.0 ], [ 84.437506065744643, 27.816577644312851, 0.0 ], [ 84.438095393897214, 27.816695461995302, 0.0 ], [ 84.438117832946688, 27.816699665390669, 0.0 ], [ 84.438146458377815, 27.816708781182609, 0.0 ], [ 84.438192953926503, 27.81672752147562, 0.0 ], [ 84.438665020080293, 27.816944952720231, 0.0 ], [ 84.43866693014219, 27.81695562918285, 0.0 ], [ 84.438681856745106, 27.816976554512131, 0.0 ], [ 84.438704334356487, 27.817008065365439, 0.0 ], [ 84.438929615934583, 27.817303348322959, 0.0 ], [ 84.438941845132177, 27.81733690843318, 0.0 ], [ 84.438949522060526, 27.81737655533615, 0.0 ], [ 84.438979853019489, 27.81747328122761, 0.0 ], [ 84.439029076076807, 27.817605964650149, 0.0 ], [ 84.439442103969455, 27.818302077331658, 0.0 ], [ 84.439447653639036, 27.818327946351591, 0.0 ], [ 84.439459335363907, 27.81835363739421, 0.0 ], [ 84.439472463060355, 27.818385942963289, 0.0 ], [ 84.439484233258625, 27.818411834488071, 0.0 ], [ 84.439509325941259, 27.818470486792972, 0.0 ], [ 84.439689594549648, 27.818775428006969, 0.0 ], [ 84.439694218180662, 27.81879607242216, 0.0 ], [ 84.439700402230628, 27.818823684045459, 0.0 ], [ 84.43971439732266, 27.818886171645669, 0.0 ], [ 84.439722149289992, 27.81894944409035, 0.0 ], [ 84.439728444891728, 27.818977605176912, 0.0 ], [ 84.439748992033572, 27.81915678647756, 0.0 ], [ 84.439732865466851, 27.81917208255712, 0.0 ], [ 84.43970380550364, 27.819187976371541, 0.0 ], [ 84.439679572435281, 27.819196361766839, 0.0 ], [ 84.439419253279439, 27.819229843341141, 0.0 ], [ 84.439386925102539, 27.819231270778332, 0.0 ], [ 84.439367527687949, 27.819232127265241, 0.0 ], [ 84.439340240340343, 27.819225995084089, 0.0 ], [ 84.438819724629113, 27.818953755324461, 0.0 ], [ 84.438805872374147, 27.818947300067641, 0.0 ], [ 84.43877934877716, 27.818941408653071, 0.0 ], [ 84.438725251654432, 27.818922650664462, 0.0 ], [ 84.438630118340754, 27.818884726806381, 0.0 ], [ 84.43856907630304, 27.818859462727161, 0.0 ], [ 84.437516374906224, 27.818399310894499, 0.0 ], [ 84.437483659183357, 27.818374650045421, 0.0 ], [ 84.437075830754296, 27.818193236479662, 0.0 ], [ 84.437057415786228, 27.818187699825561, 0.0 ], [ 84.436990566916037, 27.818177951231291, 0.0 ], [ 84.436875206902897, 27.818157716682769, 0.0 ], [ 84.436724047917323, 27.81813284295929, 0.0 ], [ 84.436561544685574, 27.818108591569349, 0.0 ], [ 84.436477499741244, 27.818093515698099, 0.0 ], [ 84.436286215725076, 27.818070720372091, 0.0 ], [ 84.436268331044943, 27.818071499014209, 0.0 ], [ 84.436232560749502, 27.818073056340399, 0.0 ], [ 84.436202751194514, 27.818074354155939, 0.0 ], [ 84.435410901914793, 27.817870363381669, 0.0 ] ] ] } },
{ "type": "Feature", "properties": { "id": null, "Name": "Perna hotel area", "description": null, "timestamp": null, "begin": null, "end": null, "altitudeMode": null, "tessellate": 1, "extrude": 0, "visibility": -1, "drawOrder": null, "icon": null, "NUMPOINTS_exposed": 56.0, "SETTL_NAME": null }, "geometry": { "type": "Polygon", "coordinates": [ [ [ 84.431163482059063, 27.79057010991772, 0.0 ], [ 84.431367467536433, 27.789942205645229, 0.0 ], [ 84.431701903954291, 27.789201843681749, 0.0 ], [ 84.431726790550613, 27.789161993503111, 0.0 ], [ 84.432053918877898, 27.78860602039898, 0.0 ], [ 84.432393916262839, 27.7879264683237, 0.0 ], [ 84.432779765649641, 27.787415071577961, 0.0 ], [ 84.433753914694449, 27.785354209166659, 0.0 ], [ 84.434290113675516, 27.78519521969498, 0.0 ], [ 84.43434727561889, 27.785173449765281, 0.0 ], [ 84.434633471420227, 27.785316876710421, 0.0 ], [ 84.434630302792641, 27.78535619435776, 0.0 ], [ 84.43462473471665, 27.78542528509734, 0.0 ], [ 84.434648013093877, 27.78555313468252, 0.0 ], [ 84.434638543328759, 27.785815051186049, 0.0 ], [ 84.434632090381498, 27.785896839311551, 0.0 ], [ 84.434628849025174, 27.785937921828811, 0.0 ], [ 84.434482779914447, 27.78632893235368, 0.0 ], [ 84.434470333706713, 27.78634001702379, 0.0 ], [ 84.434440924540041, 27.786415378341299, 0.0 ], [ 84.434359233352609, 27.78655757369642, 0.0 ], [ 84.43425713537026, 27.786789020945889, 0.0 ], [ 84.434198026044314, 27.786923015962429, 0.0 ], [ 84.433681689642029, 27.788491044922271, 0.0 ], [ 84.433639054712003, 27.788542056426429, 0.0 ], [ 84.433594948057362, 27.788605658622782, 0.0 ], [ 84.433550654557507, 27.7886695305654, 0.0 ], [ 84.433479642292141, 27.78874729606434, 0.0 ], [ 84.431838903019951, 27.791309639398651, 0.0 ], [ 84.431163482059063, 27.79057010991772, 0.0 ] ] ] } },
{ "type": "Feature", "properties": { "id": null, "Name": "Lafa hotel area", "description": null, "timestamp": null, "begin": null, "end": null, "altitudeMode": null, "tessellate": 1, "extrude": 0, "visibility": -1, "drawOrder": null, "icon": null, "NUMPOINTS_exposed": 11.0, "SETTL_NAME": null }, "geometry": { "type": "Polygon", "coordinates": [ [ [ 84.436971762217212, 27.781508183539991, 0.0 ], [ 84.437750341187368, 27.78048871218601, 0.0 ], [ 84.43812375821777, 27.779860723710492, 0.0 ], [ 84.43853404060188, 27.779343605359461, 0.0 ], [ 84.438560760904579, 27.779319962737421, 0.0 ], [ 84.438572023497798, 27.77930602575664, 0.0 ], [ 84.438590952687804, 27.77926949673661, 0.0 ], [ 84.438777804385907, 27.778996573321031, 0.0 ], [ 84.438782897384868, 27.77899211892418, 0.0 ], [ 84.438816474059649, 27.77897799426092, 0.0 ], [ 84.438836245965803, 27.77896448957695, 0.0 ], [ 84.438855495913756, 27.77895524401189, 0.0 ], [ 84.438884313552876, 27.778941403216759, 0.0 ], [ 84.439237080555642, 27.778851313247831, 0.0 ], [ 84.43926067904745, 27.778837904300619, 0.0 ], [ 84.439288441535695, 27.778828468211302, 0.0 ], [ 84.439348350021305, 27.778809448309271, 0.0 ], [ 84.439389512620636, 27.778799480191839, 0.0 ], [ 84.439457186989728, 27.778796595069611, 0.0 ], [ 84.43950208231017, 27.778798785811929, 0.0 ], [ 84.439614025882122, 27.778814583272041, 0.0 ], [ 84.439650033578047, 27.778817171234991, 0.0 ], [ 84.439735578223136, 27.77882591221476, 0.0 ], [ 84.439852545808691, 27.77885826273943, 0.0 ], [ 84.440066052142882, 27.778945766802739, 0.0 ], [ 84.44007064484812, 27.778962552397861, 0.0 ], [ 84.440175979866908, 27.77939610734315, 0.0 ], [ 84.44016181052541, 27.779415165918181, 0.0 ], [ 84.440138009654333, 27.779434699807599, 0.0 ], [ 84.440104545294062, 27.779459363525859, 0.0 ], [ 84.440066130015552, 27.779493692815869, 0.0 ], [ 84.440022676334081, 27.77952372343519, 0.0 ], [ 84.439969281667473, 27.77955905489484, 0.0 ], [ 84.439744471155336, 27.779640183272448, 0.0 ], [ 84.439700597067983, 27.77964207461353, 0.0 ], [ 84.439617155501637, 27.779660069806759, 0.0 ], [ 84.439523264329722, 27.779688196893311, 0.0 ], [ 84.439389741105828, 27.779718137829011, 0.0 ], [ 84.439305419110028, 27.779736334684209, 0.0 ], [ 84.438578530313748, 27.779960454413171, 0.0 ], [ 84.438562896639013, 27.779966157973739, 0.0 ], [ 84.438532246872512, 27.77997251561284, 0.0 ], [ 84.437887900826183, 27.78073907687175, 0.0 ], [ 84.437874259126644, 27.78075676592427, 0.0 ], [ 84.437846862078615, 27.780792290734791, 0.0 ], [ 84.43781395643478, 27.780828246718691, 0.0 ], [ 84.437750840005734, 27.78091229602963, 0.0 ], [ 84.437328788275451, 27.78153722941795, 0.0 ], [ 84.437305130315977, 27.78157045039643, 0.0 ], [ 84.436971762217212, 27.781508183539991, 0.0 ] ] ] } },
{ "type": "Feature", "properties": { "id": null, "Name": "Madan Aashrit park area", "description": null, "timestamp": null, "begin": null, "end": null, "altitudeMode": null, "tessellate": 1, "extrude": 0, "visibility": -1, "drawOrder": null, "icon": null, "NUMPOINTS_exposed": 17.0, "SETTL_NAME": null }, "geometry": { "type": "Polygon", "coordinates": [ [ [ 84.44410608378341, 27.77891653785348, 0.0 ], [ 84.446149517706985, 27.77840900375941, 0.0 ], [ 84.4462941877822, 27.77839585737437, 0.0 ], [ 84.446337712044169, 27.778393989181609, 0.0 ], [ 84.446366727466355, 27.778392743750551, 0.0 ], [ 84.449034331271505, 27.778667936195511, 0.0 ], [ 84.449074652959936, 27.7786807071239, 0.0 ], [ 84.449159547642182, 27.778691581819221, 0.0 ], [ 84.449196635463721, 27.778689984266549, 0.0 ], [ 84.449833925751861, 27.77925642595385, 0.0 ], [ 84.448920953204862, 27.77985723543021, 0.0 ], [ 84.447200617763855, 27.779768038221579, 0.0 ], [ 84.444464748396101, 27.779701605216239, 0.0 ], [ 84.44410608378341, 27.77891653785348, 0.0 ] ] ] } },
{ "type": "Feature", "properties": { "id": null, "Name": "Ashoka resort area", "description": null, "timestamp": null, "begin": null, "end": null, "altitudeMode": null, "tessellate": 1, "extrude": 0, "visibility": -1, "drawOrder": null, "icon": null, "NUMPOINTS_exposed": 175.0, "SETTL_NAME": null }, "geometry": { "type": "Polygon", "coordinates": [ [ [ 84.452211994791512, 27.77761483873822, 0.0 ], [ 84.454129843300109, 27.777010972013549, 0.0 ], [ 84.455542608231553, 27.77659540821583, 0.0 ], [ 84.455643709436117, 27.776578540237171, 0.0 ], [ 84.455868217819301, 27.7765189048346, 0.0 ], [ 84.456044088873057, 27.776486414945971, 0.0 ], [ 84.456104757814359, 27.77645891637496, 0.0 ], [ 84.456154199564864, 27.776444361259681, 0.0 ], [ 84.456205249560682, 27.77644216791251, 0.0 ], [ 84.457094868735851, 27.775914806431739, 0.0 ], [ 84.457181287472551, 27.775827077880471, 0.0 ], [ 84.457266911935918, 27.77581144327273, 0.0 ], [ 84.457375416139698, 27.775782891223759, 0.0 ], [ 84.457485861272886, 27.77576622216246, 0.0 ], [ 84.459332241415495, 27.77505630743342, 0.0 ], [ 84.459475206081081, 27.7749362356837, 0.0 ], [ 84.459515446852009, 27.77490049776889, 0.0 ], [ 84.459543436260617, 27.774865360785949, 0.0 ], [ 84.460389807828733, 27.774683065228839, 0.0 ], [ 84.460450283314231, 27.774680485451452, 0.0 ], [ 84.460547041919341, 27.77467635788101, 0.0 ], [ 84.460583325393969, 27.774674810078739, 0.0 ], [ 84.460941249203998, 27.775010458261811, 0.0 ], [ 84.460935795147947, 27.77503361739409, 0.0 ], [ 84.460650517339928, 27.77533539299068, 0.0 ], [ 84.460623338650407, 27.77537168321053, 0.0 ], [ 84.46058119932222, 27.775443987005328, 0.0 ], [ 84.460189101312423, 27.775951495293839, 0.0 ], [ 84.460170264454746, 27.775976647685219, 0.0 ], [ 84.459352786398384, 27.77656990637028, 0.0 ], [ 84.45930304430658, 27.77663531590655, 0.0 ], [ 84.457939819149018, 27.77748711755503, 0.0 ], [ 84.456582540528132, 27.77854932847449, 0.0 ], [ 84.454386976597277, 27.779443279642901, 0.0 ], [ 84.452811222710409, 27.779661310736529, 0.0 ], [ 84.451362598032119, 27.779829846544981, 0.0 ], [ 84.450912737756013, 27.7794022598206, 0.0 ], [ 84.45090084599525, 27.779344027108301, 0.0 ], [ 84.450823074071096, 27.77846209941584, 0.0 ], [ 84.450825685280421, 27.778392602142869, 0.0 ], [ 84.452211994791512, 27.77761483873822, 0.0 ] ] ] } },
{ "type": "Feature", "properties": { "id": null, "Name": "Pramin resturant zone", "description": null, "timestamp": null, "begin": null, "end": null, "altitudeMode": null, "tessellate": 1, "extrude": 0, "visibility": -1, "drawOrder": null, "icon": null, "NUMPOINTS_exposed": 39.0, "SETTL_NAME": null }, "geometry": { "type": "Polygon", "coordinates": [ [ [ 84.445536476306444, 27.77654573729674, 0.0 ], [ 84.447976491962464, 27.77530313044819, 0.0 ], [ 84.448077978128396, 27.7752239890022, 0.0 ], [ 84.448116655191967, 27.77518178465634, 0.0 ], [ 84.448138050975956, 27.775174133053419, 0.0 ], [ 84.448208531044074, 27.775144218015011, 0.0 ], [ 84.448229852941381, 27.77513659452255, 0.0 ], [ 84.449018113456319, 27.774943385435421, 0.0 ], [ 84.449068530127718, 27.77493465157746, 0.0 ], [ 84.450265713997837, 27.77504343580528, 0.0 ], [ 84.450783965979127, 27.775517214570851, 0.0 ], [ 84.450786041470508, 27.775524200146311, 0.0 ], [ 84.450339495572749, 27.776119404016679, 0.0 ], [ 84.449722288549751, 27.776312611988359, 0.0 ], [ 84.448611306130729, 27.776812830372261, 0.0 ], [ 84.448420582563116, 27.776994366410129, 0.0 ], [ 84.448406819355043, 27.776999712018611, 0.0 ], [ 84.447959765401905, 27.77731123957944, 0.0 ], [ 84.447091747220171, 27.777459391017381, 0.0 ], [ 84.445613294280278, 27.777740347963771, 0.0 ], [ 84.445536476306444, 27.77654573729674, 0.0 ] ] ] } },
{ "type": "Feature", "properties": { "id": null, "Name": "Sameer and sariahi resturant area", "description": null, "timestamp": null, "begin": null, "end": null, "altitudeMode": null, "tessellate": 1, "extrude": 0, "visibility": -1, "drawOrder": null, "icon": null, "NUMPOINTS_exposed": 39.0, "SETTL_NAME": null }, "geometry": { "type": "Polygon", "coordinates": [ [ [ 84.461361396283579, 27.774190827937868, 0.0 ], [ 84.462087853594767, 27.773261523360691, 0.0 ], [ 84.462788954556217, 27.772839711827601, 0.0 ], [ 84.463242782205455, 27.772336693074251, 0.0 ], [ 84.463623529633722, 27.771800725845619, 0.0 ], [ 84.463642992225545, 27.77177580059136, 0.0 ], [ 84.463681997663485, 27.771732054615669, 0.0 ], [ 84.464310737266928, 27.77158036046518, 0.0 ], [ 84.464343995849944, 27.771578992960251, 0.0 ], [ 84.465095913989686, 27.771452811109889, 0.0 ], [ 84.465441656917662, 27.771810506113589, 0.0 ], [ 84.465442552186161, 27.771822592481449, 0.0 ], [ 84.465467027272268, 27.772244777960079, 0.0 ], [ 84.465461162405191, 27.772257431918501, 0.0 ], [ 84.465449421033355, 27.77228276526699, 0.0 ], [ 84.465422252279893, 27.772377365224791, 0.0 ], [ 84.465387681966874, 27.772466464908479, 0.0 ], [ 84.465210671896244, 27.772892712699949, 0.0 ], [ 84.465191663278318, 27.77291919224318, 0.0 ], [ 84.46515233063657, 27.77295298787773, 0.0 ], [ 84.465099512654902, 27.77299384900105, 0.0 ], [ 84.464986621834981, 27.77307611325228, 0.0 ], [ 84.464827905257806, 27.77321923701016, 0.0 ], [ 84.46480151797499, 27.773246451177361, 0.0 ], [ 84.464781703560561, 27.77326688657222, 0.0 ], [ 84.464749327680153, 27.77331407141774, 0.0 ], [ 84.46454051086782, 27.773773854836278, 0.0 ], [ 84.464310640205284, 27.774026611497089, 0.0 ], [ 84.464260960267794, 27.77402868949887, 0.0 ], [ 84.464189986438285, 27.774031658174419, 0.0 ], [ 84.46412610745125, 27.774034330086071, 0.0 ], [ 84.464055593093448, 27.774050878843472, 0.0 ], [ 84.464006336442495, 27.774066548317069, 0.0 ], [ 84.463977923181517, 27.774067737000959, 0.0 ], [ 84.46313414186163, 27.774267129820821, 0.0 ], [ 84.461361396283579, 27.774190827937868, 0.0 ] ] ] } },
{ "type": "Feature", "properties": { "id": null, "Name": "Bharatpur", "description": null, "timestamp": null, "begin": null, "end": null, "altitudeMode": null, "tessellate": 1, "extrude": 0, "visibility": -1, "drawOrder": null, "icon": null, "NUMPOINTS_exposed": 747.0, "SETTL_NAME": null }, "geometry": { "type": "Polygon", "coordinates": [ [ [ 84.464746897760079, 27.77102225066664, 0.0 ], [ 84.465638180644405, 27.77033830591251, 0.0 ], [ 84.466999137853193, 27.769202353324602, 0.0 ], [ 84.467553038819062, 27.768018944015299, 0.0 ], [ 84.468349924725771, 27.766789213522131, 0.0 ], [ 84.468909971825028, 27.76549691515584, 0.0 ], [ 84.469536523999238, 27.765487147949809, 0.0 ], [ 84.471393595156641, 27.762279260744659, 0.0 ], [ 84.472057816115608, 27.762111405511789, 0.0 ], [ 84.472805067769627, 27.75121138928786, 0.0 ], [ 84.477087035114081, 27.754673826829329, 0.0 ], [ 84.472807095883809, 27.76661400523188, 0.0 ], [ 84.47087999399416, 27.766755122748421, 0.0 ], [ 84.471013587847423, 27.767129540250082, 0.0 ], [ 84.47100913435446, 27.76719409893224, 0.0 ], [ 84.471007576303379, 27.767295935753751, 0.0 ], [ 84.471012699180577, 27.767360879954921, 0.0 ], [ 84.471022277726135, 27.767482309605668, 0.0 ], [ 84.471050767927409, 27.767843484404491, 0.0 ], [ 84.471025914583223, 27.767902608868049, 0.0 ], [ 84.470982042378665, 27.767972515938322, 0.0 ], [ 84.47096531471496, 27.768012261983198, 0.0 ], [ 84.470870332708103, 27.76834254577437, 0.0 ], [ 84.470862495130135, 27.768372913085159, 0.0 ], [ 84.470847474168579, 27.768443879757299, 0.0 ], [ 84.470832379020749, 27.768515196816558, 0.0 ], [ 84.470820700327394, 27.76863767339314, 0.0 ], [ 84.470778819798213, 27.768917728376628, 0.0 ], [ 84.470761929574792, 27.768970565591601, 0.0 ], [ 84.470734106205029, 27.76901357293788, 0.0 ], [ 84.470691095074031, 27.769141615606848, 0.0 ], [ 84.470626505532749, 27.76926101259836, 0.0 ], [ 84.470599483488954, 27.76932618530563, 0.0 ], [ 84.470224813299822, 27.76993110679339, 0.0 ], [ 84.47018427531485, 27.769966240472019, 0.0 ], [ 84.47015514739256, 27.770023336637781, 0.0 ], [ 84.470094704168346, 27.770093206042251, 0.0 ], [ 84.470063927114367, 27.770117013051191, 0.0 ], [ 84.469529174830157, 27.770332322277799, 0.0 ], [ 84.469487583449379, 27.770379774975549, 0.0 ], [ 84.469381637284812, 27.770418625085181, 0.0 ], [ 84.469275772401289, 27.770480550937389, 0.0 ], [ 84.469190659454682, 27.77051872780898, 0.0 ], [ 84.469148087173593, 27.770543621867279, 0.0 ], [ 84.46837553026603, 27.770669120645739, 0.0 ], [ 84.468343107569865, 27.770682126083891, 0.0 ], [ 84.468289153899718, 27.770696054720052, 0.0 ], [ 84.468181620287865, 27.770700620812089, 0.0 ], [ 84.46648190850344, 27.770772798766941, 0.0 ], [ 84.466356429586085, 27.77100102312405, 0.0 ], [ 84.465902216208889, 27.771008522519509, 0.0 ], [ 84.464746897760079, 27.77102225066664, 0.0 ] ] ] } },
{ "type": "Feature", "properties": { "id": null, "Name": "Ghoitar", "description": null, "timestamp": null, "begin": null, "end": null, "altitudeMode": null, "tessellate": 1, "extrude": 0, "visibility": -1, "drawOrder": null, "icon": null, "NUMPOINTS_exposed": 181.0, "SETTL_NAME": null }, "geometry": { "type": "Polygon", "coordinates": [ [ [ 84.4604517005004, 27.76839033065264, 0.0 ], [ 84.461047268058508, 27.767663769403491, 0.0 ], [ 84.461109009883188, 27.767603515408609, 0.0 ], [ 84.461152809947137, 27.767524981431809, 0.0 ], [ 84.46127694742971, 27.767386071926381, 0.0 ], [ 84.461738745982984, 27.763211427521391, 0.0 ], [ 84.461991799965304, 27.76281343509643, 0.0 ], [ 84.462237449834419, 27.76248485768355, 0.0 ], [ 84.462442938079619, 27.762208874973918, 0.0 ], [ 84.462537396703041, 27.762048964620021, 0.0 ], [ 84.462592254204452, 27.761984570572089, 0.0 ], [ 84.463082835347521, 27.7613364116756, 0.0 ], [ 84.463225713432422, 27.76114975631533, 0.0 ], [ 84.463332699110012, 27.760995731921611, 0.0 ], [ 84.463368555236201, 27.760934666514739, 0.0 ], [ 84.46472057585531, 27.760627389549839, 0.0 ], [ 84.465006019586284, 27.76055682382335, 0.0 ], [ 84.46554146835112, 27.760432209257299, 0.0 ], [ 84.465758510074323, 27.76039405147073, 0.0 ], [ 84.466125312819102, 27.760335186880958, 0.0 ], [ 84.466208823542814, 27.76033175069691, 0.0 ], [ 84.467583997092206, 27.760701583859671, 0.0 ], [ 84.467751168082046, 27.76158609897541, 0.0 ], [ 84.467724433197986, 27.761726079589181, 0.0 ], [ 84.46655879886768, 27.764261457015731, 0.0 ], [ 84.466541716796272, 27.764296341576092, 0.0 ], [ 84.464946066898349, 27.766592267297082, 0.0 ], [ 84.463833008158602, 27.768366826177591, 0.0 ], [ 84.463792724646439, 27.76842802255285, 0.0 ], [ 84.461509678888902, 27.770455446761961, 0.0 ], [ 84.4604517005004, 27.76839033065264, 0.0 ] ] ] } }
]
}
