{
"type": "FeatureCollection",
"name": "Health_Only_BipadPortal_500m",
"crs": { "type": "name", "properties": { "name": "urn:ogc:def:crs:OGC:1.3:CRS84" } },
"features": [
{ "type": "Feature", "properties": { "id": 14935, "title": "Mankamana Community Polyclinic Pvt.ltd.", "titleNe": null, "descriptio": null, "dataSource": null, "dataSour_1": null, "dataSour_2": null, "lastModifi": "2022-02-25T18:55:50.125", "components": null, "localAddre": null, "localAdd_1": null, "gr": null, "noOfEmploy": null, "noOfMaleEm": null, "noOfFemale": null, "noOfOtherE": null, "noOfDiffer": null, "noOfDiff_1": null, "noOfDiff_2": null, "otherCompo": null, "ownership": null, "elevation": null, "otherOwner": null, "followsGui": null, "serviceTyp": null, "operationa": null, "hospitalBe": null, "icuBed": null, "status": null, "capacityIn": null, "promoter": null, "totalArea": null, "currentLan": null, "remarks": null, "address": null, "emergencyL": null, "operatingD": null, "usableArea": null, "capacity": null, "useOfEvacu": null, "usedAsHeli": null, "isDrinking": null, "isToiletAv": null, "noOfToilet": null, "hasHandWas": null, "noOfHandWa": null, "hasFoodPre": null, "noOfFoodPr": null, "noOfMaleTo": null, "noOfFema_1": null, "noOfCommon": null, "noOfTaps": null, "otherFacil": null, "hasDisable": false, "specifyInf": null, "startTime": null, "endTime": null, "phoneNumbe": null, "vehicleNum": null, "driverName": null, "driverCont": null, "driverAlte": null, "fireEngine": null, "fireBikeCo": null, "otherAppar": null, "ventilator": null, "hasChildIm": null, "hasTdVacci": null, "hasImnci": null, "hasGrowthM": null, "hasSafeMot": null, "hasAntenat": null, "hasPostnat": null, "hasDeliver": null, "hasBasicEm": null, "hasCompreh": null, "hasCompr_1": null, "hasPostAbo": null, "hasCondomP": null, "hasIucd": null, "hasImplant": null, "hasVasecto": null, "hasMinilap": null, "hasOpd": null, "hasGeneral": null, "hasPediatr": null, "hasObsAndG": null, "hasDentalO": null, "hasSurgery": null, "hasGastroi": null, "hasCardiac": null, "hasMental": null, "hasRespira": null, "hasNephrol": null, "hasEnt": null, "hasDermato": null, "hasEndocri": null, "hasOncolog": null, "hasNeurolo": null, "hasOphthal": null, "hasTreatem": null, "hasTreat_1": null, "hasTreat_2": null, "hasTreat_3": null, "hasTreat_4": null, "hasTreat_5": null, "hasLaborat": null, "hasTestHiv": null, "hasTestMal": null, "hasTestTb": null, "hasTestKal": null, "hasUrineRe": null, "hasStoolRe": null, "hasGener_1": null, "hasCulture": null, "hasHormone": null, "hasLeprosy": null, "hasTestCov": null, "hasTestC_1": null, "hasVolunte": null, "hasPmtct": null, "hasAntiRet": null, "hasDental": null, "hasInPatie": null, "hasRadiolo": null, "hasXRay": null, "hasXRayWit": null, "hasUltraso": null, "hasEchocar": null, "hasEcg": null, "hasTrademi": null, "hasCtScan": null, "hasMri": null, "hasEndosco": null, "hasColonos": null, "hasSurgica": null, "hasCaesari": null, "hasGastr_1": null, "hasTraumaS": null, "hasCardi_1": null, "hasNeuroSu": null, "hasPlastic": null, "hasSpecial": null, "hasIcu": null, "hasNicu": null, "hasCcu": null, "hasMicu": null, "hasSncu": null, "hasPicu": null, "hasCardi_2": null, "hasPhysiot": null, "hasAmbulan": null, "hasExtende": null, "hasGeriatr": null, "hasPharmac": null, "hasOcmc": null, "hasHealthI": null, "hasSsu": null, "hasAyurved": null, "hasCovidCl": null, "hasEmergen": null, "hasOperati": null, "hasBloodDo": null, "hasFreeTre": null, "hasFreeT_1": null, "hasFreeT_2": null, "hasFreeT_3": null, "hasFreeT_4": null, "hasFreeT_5": null, "hasFreeT_6": null, "hasFreeT_7": null, "hasFreeT_8": null, "hasFreeT_9": null, "hasInterne": null, "registrati": null, "lastRenewa": null, "dateOfVali": null, "isVerified": false, "verficatio": null, "isApproved": false, "website": null, "emailAddre": null, "localAdd_2": null, "picture": null, "dateOfOper": null, "remarksOnO": null, "operatedBy": null, "religion": null, "otherRelig": null, "drinkingWa": null, "scale": null, "structure": null, "toilet": null, "type": "Clinic", "areaOfAirp": null, "kindOfVehi": null, "otherTypeW": null, "numberOfTr": null, "hasDisab_1": null, "nameAndNoO": null, "subtype": null, "otherType": null, "classroomC": null, "isMotorabl": null, "noOfLanes": null, "length": null, "noOfRoom": null, "noOfBed": null, "noOfStuden": null, "noOfMaleSt": null, "noOfFema_2": null, "noOfOtherS": null, "operatorTy": null, "otherOpera": null, "area": null, "altitude": null, "bank": null, "building": null, "hasTechnic": null, "isElectric": null, "isPermanen": null, "level": null, "moneyExcha": null, "atm": null, "noOfDiff_3": null, "noOfDiff_4": null, "noOfDiff_5": null, "noOfStud_1": null, "noOfStud_2": null, "noOfStud_3": null, "noOfStud_4": null, "operationT": null, "bedCount": null, "specializa": null, "outdoorSer": null, "indoorServ": null, "familyPlan": null, "startingDa": null, "surfaceTyp": null, "surfaceLev": null, "otherSurfa": null, "otherSur_1": null, "hasRoadAcc": null, "storageFac": null, "internetFa": null, "tankBuildD": null, "technicalS": null, "technica_1": null, "placementO": null, "sourceOfWa": null, "noOfServic": null, "isWaterSup": null, "towersName": null, "coverageRa": null, "frequency": null, "isp": null, "hasInter_1": null, "vaccinatio": null, "birthingCe": null, "hasOtherSe": null, "otherServi": null, "serviceUse": null, "width": null, "condition": null, "windDirect": null, "heliMarker": null, "nightLight": null, "helipadCon": null, "wireless": null, "fiber": null, "cable": null, "otherInter": null, "hasEvacuat": null, "designedWi": null, "hasDisaste": null, "hasDrinkin": null, "hasFocalPe": null, "focalPerso": null, "focalPer_1": null, "focalPer_2": null, "focalPer_3": null, "focalPer_4": null, "hasHumanit": null, "hasToilet": null, "isDesigned": null, "hasHelipad": null, "numberOf_1": null, "hasSafetyE": null, "remarksOnB": null, "hasOpenSpa": null, "areaOfOpen": null, "capacityOf": null, "hasDisas_1": null, "hasMedicin": null, "hasBackupE": null, "hasWashFac": null, "hfCode": null, "authority": null, "authorityL": null, "serviceSha": null, "specifyCom": null, "hasDisas_2": null, "specifyAwa": null, "providesDi": null, "specifyDis": null, "hasHealthC": null, "specifyD_1": null, "hasEmploye": null, "noOfEmpl_1": null, "isDrrRelat": null, "specifyWas": null, "hasSleepin": null, "noOfBeds": null, "noOfMats": null, "noOfCots": null, "hasElectri": null, "noOfSleepi": null, "typeOfAppa": null, "numberOfFi": null, "numberOf_2": null, "numberOfOt": null, "extraAppar": null, "ward": 2243, "province": null, "district": null, "municipali": null, "resourceTy": "health", "resource_t": "health", "district_i": 35, "district_n": "Chitwan", "districtId": 35, "districtNa": "Chitwan", "layer": "Chitwan_Hospital", "path": "C:\\Users\\ASUS\\Desktop\\Bipad Portal (All Point Files)\\Health Only\\Chitwan_Hospital.shp" }, "geometry": { "type": "Point", "coordinates": [ 84.631531, 27.86854 ] } },
{ "type": "Feature", "properties": { "id": 14936, "title": "Darechok SHP", "titleNe": null, "descriptio": null, "dataSource": null, "dataSour_1": null, "dataSour_2": null, "lastModifi": "2022-02-25T18:55:50.115", "components": null, "localAddre": null, "localAdd_1": null, "gr": null, "noOfEmploy": null, "noOfMaleEm": null, "noOfFemale": null, "noOfOtherE": null, "noOfDiffer": null, "noOfDiff_1": null, "noOfDiff_2": null, "otherCompo": null, "ownership": null, "elevation": null, "otherOwner": null, "followsGui": null, "serviceTyp": null, "operationa": null, "hospitalBe": null, "icuBed": null, "status": null, "capacityIn": null, "promoter": null, "totalArea": null, "currentLan": null, "remarks": null, "address": null, "emergencyL": null, "operatingD": null, "usableArea": null, "capacity": null, "useOfEvacu": null, "usedAsHeli": null, "isDrinking": null, "isToiletAv": null, "noOfToilet": null, "hasHandWas": null, "noOfHandWa": null, "hasFoodPre": null, "noOfFoodPr": null, "noOfMaleTo": null, "noOfFema_1": null, "noOfCommon": null, "noOfTaps": null, "otherFacil": null, "hasDisable": false, "specifyInf": null, "startTime": null, "endTime": null, "phoneNumbe": null, "vehicleNum": null, "driverName": null, "driverCont": null, "driverAlte": null, "fireEngine": null, "fireBikeCo": null, "otherAppar": null, "ventilator": null, "hasChildIm": null, "hasTdVacci": null, "hasImnci": null, "hasGrowthM": null, "hasSafeMot": null, "hasAntenat": null, "hasPostnat": null, "hasDeliver": null, "hasBasicEm": null, "hasCompreh": null, "hasCompr_1": null, "hasPostAbo": null, "hasCondomP": null, "hasIucd": null, "hasImplant": null, "hasVasecto": null, "hasMinilap": null, "hasOpd": null, "hasGeneral": null, "hasPediatr": null, "hasObsAndG": null, "hasDentalO": null, "hasSurgery": null, "hasGastroi": null, "hasCardiac": null, "hasMental": null, "hasRespira": null, "hasNephrol": null, "hasEnt": null, "hasDermato": null, "hasEndocri": null, "hasOncolog": null, "hasNeurolo": null, "hasOphthal": null, "hasTreatem": null, "hasTreat_1": null, "hasTreat_2": null, "hasTreat_3": null, "hasTreat_4": null, "hasTreat_5": null, "hasLaborat": null, "hasTestHiv": null, "hasTestMal": null, "hasTestTb": null, "hasTestKal": null, "hasUrineRe": null, "hasStoolRe": null, "hasGener_1": null, "hasCulture": null, "hasHormone": null, "hasLeprosy": null, "hasTestCov": null, "hasTestC_1": null, "hasVolunte": null, "hasPmtct": null, "hasAntiRet": null, "hasDental": null, "hasInPatie": null, "hasRadiolo": null, "hasXRay": null, "hasXRayWit": null, "hasUltraso": null, "hasEchocar": null, "hasEcg": null, "hasTrademi": null, "hasCtScan": null, "hasMri": null, "hasEndosco": null, "hasColonos": null, "hasSurgica": null, "hasCaesari": null, "hasGastr_1": null, "hasTraumaS": null, "hasCardi_1": null, "hasNeuroSu": null, "hasPlastic": null, "hasSpecial": null, "hasIcu": null, "hasNicu": null, "hasCcu": null, "hasMicu": null, "hasSncu": null, "hasPicu": null, "hasCardi_2": null, "hasPhysiot": null, "hasAmbulan": null, "hasExtende": null, "hasGeriatr": null, "hasPharmac": null, "hasOcmc": null, "hasHealthI": null, "hasSsu": null, "hasAyurved": null, "hasCovidCl": null, "hasEmergen": null, "hasOperati": null, "hasBloodDo": null, "hasFreeTre": null, "hasFreeT_1": null, "hasFreeT_2": null, "hasFreeT_3": null, "hasFreeT_4": null, "hasFreeT_5": null, "hasFreeT_6": null, "hasFreeT_7": null, "hasFreeT_8": null, "hasFreeT_9": null, "hasInterne": null, "registrati": null, "lastRenewa": null, "dateOfVali": null, "isVerified": false, "verficatio": null, "isApproved": false, "website": null, "emailAddre": null, "localAdd_2": null, "picture": null, "dateOfOper": null, "remarksOnO": null, "operatedBy": null, "religion": null, "otherRelig": null, "drinkingWa": null, "scale": null, "structure": null, "toilet": null, "type": "Health Post", "areaOfAirp": null, "kindOfVehi": null, "otherTypeW": null, "numberOfTr": null, "hasDisab_1": null, "nameAndNoO": null, "subtype": null, "otherType": null, "classroomC": null, "isMotorabl": null, "noOfLanes": null, "length": null, "noOfRoom": null, "noOfBed": null, "noOfStuden": null, "noOfMaleSt": null, "noOfFema_2": null, "noOfOtherS": null, "operatorTy": null, "otherOpera": null, "area": null, "altitude": null, "bank": null, "building": null, "hasTechnic": null, "isElectric": null, "isPermanen": null, "level": null, "moneyExcha": null, "atm": null, "noOfDiff_3": null, "noOfDiff_4": null, "noOfDiff_5": null, "noOfStud_1": null, "noOfStud_2": null, "noOfStud_3": null, "noOfStud_4": null, "operationT": null, "bedCount": null, "specializa": null, "outdoorSer": null, "indoorServ": null, "familyPlan": null, "startingDa": null, "surfaceTyp": null, "surfaceLev": null, "otherSurfa": null, "otherSur_1": null, "hasRoadAcc": null, "storageFac": null, "internetFa": null, "tankBuildD": null, "technicalS": null, "technica_1": null, "placementO": null, "sourceOfWa": null, "noOfServic": null, "isWaterSup": null, "towersName": null, "coverageRa": null, "frequency": null, "isp": null, "hasInter_1": null, "vaccinatio": null, "birthingCe": null, "hasOtherSe": null, "otherServi": null, "serviceUse": null, "width": null, "condition": null, "windDirect": null, "heliMarker": null, "nightLight": null, "helipadCon": null, "wireless": null, "fiber": null, "cable": null, "otherInter": null, "hasEvacuat": null, "designedWi": null, "hasDisaste": null, "hasDrinkin": null, "hasFocalPe": null, "focalPerso": null, "focalPer_1": null, "focalPer_2": null, "focalPer_3": null, "focalPer_4": null, "hasHumanit": null, "hasToilet": null, "isDesigned": null, "hasHelipad": null, "numberOf_1": null, "hasSafetyE": null, "remarksOnB": null, "hasOpenSpa": null, "areaOfOpen": null, "capacityOf": null, "hasDisas_1": null, "hasMedicin": null, "hasBackupE": null, "hasWashFac": null, "hfCode": null, "authority": null, "authorityL": null, "serviceSha": null, "specifyCom": null, "hasDisas_2": null, "specifyAwa": null, "providesDi": null, "specifyDis": null, "hasHealthC": null, "specifyD_1": null, "hasEmploye": null, "noOfEmpl_1": null, "isDrrRelat": null, "specifyWas": null, "hasSleepin": null, "noOfBeds": null, "noOfMats": null, "noOfCots": null, "hasElectri": null, "noOfSleepi": null, "typeOfAppa": null, "numberOfFi": null, "numberOf_2": null, "numberOfOt": null, "extraAppar": null, "ward": 2244, "province": null, "district": null, "municipali": null, "resourceTy": "health", "resource_t": "health", "district_i": 35, "district_n": "Chitwan", "districtId": 35, "districtNa": "Chitwan", "layer": "Chitwan_Hospital", "path": "C:\\Users\\ASUS\\Desktop\\Bipad Portal (All Point Files)\\Health Only\\Chitwan_Hospital.shp" }, "geometry": { "type": "Point", "coordinates": [ 84.62664, 27.87076 ] } },
{ "type": "Feature", "properties": { "id": 14945, "title": "Kabilas HP", "titleNe": null, "descriptio": null, "dataSource": null, "dataSour_1": null, "dataSour_2": null, "lastModifi": "2022-02-25T18:55:49.966", "components": null, "localAddre": null, "localAdd_1": null, "gr": null, "noOfEmploy": null, "noOfMaleEm": null, "noOfFemale": null, "noOfOtherE": null, "noOfDiffer": null, "noOfDiff_1": null, "noOfDiff_2": null, "otherCompo": null, "ownership": null, "elevation": null, "otherOwner": null, "followsGui": null, "serviceTyp": null, "operationa": null, "hospitalBe": null, "icuBed": null, "status": null, "capacityIn": null, "promoter": null, "totalArea": null, "currentLan": null, "remarks": null, "address": null, "emergencyL": null, "operatingD": null, "usableArea": null, "capacity": null, "useOfEvacu": null, "usedAsHeli": null, "isDrinking": null, "isToiletAv": null, "noOfToilet": null, "hasHandWas": null, "noOfHandWa": null, "hasFoodPre": null, "noOfFoodPr": null, "noOfMaleTo": null, "noOfFema_1": null, "noOfCommon": null, "noOfTaps": null, "otherFacil": null, "hasDisable": false, "specifyInf": null, "startTime": null, "endTime": null, "phoneNumbe": null, "vehicleNum": null, "driverName": null, "driverCont": null, "driverAlte": null, "fireEngine": null, "fireBikeCo": null, "otherAppar": null, "ventilator": null, "hasChildIm": null, "hasTdVacci": null, "hasImnci": null, "hasGrowthM": null, "hasSafeMot": null, "hasAntenat": null, "hasPostnat": null, "hasDeliver": null, "hasBasicEm": null, "hasCompreh": null, "hasCompr_1": null, "hasPostAbo": null, "hasCondomP": null, "hasIucd": null, "hasImplant": null, "hasVasecto": null, "hasMinilap": null, "hasOpd": null, "hasGeneral": null, "hasPediatr": null, "hasObsAndG": null, "hasDentalO": null, "hasSurgery": null, "hasGastroi": null, "hasCardiac": null, "hasMental": null, "hasRespira": null, "hasNephrol": null, "hasEnt": null, "hasDermato": null, "hasEndocri": null, "hasOncolog": null, "hasNeurolo": null, "hasOphthal": null, "hasTreatem": null, "hasTreat_1": null, "hasTreat_2": null, "hasTreat_3": null, "hasTreat_4": null, "hasTreat_5": null, "hasLaborat": null, "hasTestHiv": null, "hasTestMal": null, "hasTestTb": null, "hasTestKal": null, "hasUrineRe": null, "hasStoolRe": null, "hasGener_1": null, "hasCulture": null, "hasHormone": null, "hasLeprosy": null, "hasTestCov": null, "hasTestC_1": null, "hasVolunte": null, "hasPmtct": null, "hasAntiRet": null, "hasDental": null, "hasInPatie": null, "hasRadiolo": null, "hasXRay": null, "hasXRayWit": null, "hasUltraso": null, "hasEchocar": null, "hasEcg": null, "hasTrademi": null, "hasCtScan": null, "hasMri": null, "hasEndosco": null, "hasColonos": null, "hasSurgica": null, "hasCaesari": null, "hasGastr_1": null, "hasTraumaS": null, "hasCardi_1": null, "hasNeuroSu": null, "hasPlastic": null, "hasSpecial": null, "hasIcu": null, "hasNicu": null, "hasCcu": null, "hasMicu": null, "hasSncu": null, "hasPicu": null, "hasCardi_2": null, "hasPhysiot": null, "hasAmbulan": null, "hasExtende": null, "hasGeriatr": null, "hasPharmac": null, "hasOcmc": null, "hasHealthI": null, "hasSsu": null, "hasAyurved": null, "hasCovidCl": null, "hasEmergen": null, "hasOperati": null, "hasBloodDo": null, "hasFreeTre": null, "hasFreeT_1": null, "hasFreeT_2": null, "hasFreeT_3": null, "hasFreeT_4": null, "hasFreeT_5": null, "hasFreeT_6": null, "hasFreeT_7": null, "hasFreeT_8": null, "hasFreeT_9": null, "hasInterne": null, "registrati": null, "lastRenewa": null, "dateOfVali": null, "isVerified": false, "verficatio": null, "isApproved": false, "website": null, "emailAddre": null, "localAdd_2": null, "picture": null, "dateOfOper": null, "remarksOnO": null, "operatedBy": null, "religion": null, "otherRelig": null, "drinkingWa": null, "scale": null, "structure": null, "toilet": null, "type": "Health Post", "areaOfAirp": null, "kindOfVehi": null, "otherTypeW": null, "numberOfTr": null, "hasDisab_1": null, "nameAndNoO": null, "subtype": null, "otherType": null, "classroomC": null, "isMotorabl": null, "noOfLanes": null, "length": null, "noOfRoom": null, "noOfBed": null, "noOfStuden": null, "noOfMaleSt": null, "noOfFema_2": null, "noOfOtherS": null, "operatorTy": null, "otherOpera": null, "area": null, "altitude": null, "bank": null, "building": null, "hasTechnic": null, "isElectric": null, "isPermanen": null, "level": null, "moneyExcha": null, "atm": null, "noOfDiff_3": null, "noOfDiff_4": null, "noOfDiff_5": null, "noOfStud_1": null, "noOfStud_2": null, "noOfStud_3": null, "noOfStud_4": null, "operationT": null, "bedCount": null, "specializa": null, "outdoorSer": null, "indoorServ": null, "familyPlan": null, "startingDa": null, "surfaceTyp": null, "surfaceLev": null, "otherSurfa": null, "otherSur_1": null, "hasRoadAcc": null, "storageFac": null, "internetFa": null, "tankBuildD": null, "technicalS": null, "technica_1": null, "placementO": null, "sourceOfWa": null, "noOfServic": null, "isWaterSup": null, "towersName": null, "coverageRa": null, "frequency": null, "isp": null, "hasInter_1": null, "vaccinatio": null, "birthingCe": null, "hasOtherSe": null, "otherServi": null, "serviceUse": null, "width": null, "condition": null, "windDirect": null, "heliMarker": null, "nightLight": null, "helipadCon": null, "wireless": null, "fiber": null, "cable": null, "otherInter": null, "hasEvacuat": null, "designedWi": null, "hasDisaste": null, "hasDrinkin": null, "hasFocalPe": null, "focalPerso": null, "focalPer_1": null, "focalPer_2": null, "focalPer_3": null, "focalPer_4": null, "hasHumanit": null, "hasToilet": null, "isDesigned": null, "hasHelipad": null, "numberOf_1": null, "hasSafetyE": null, "remarksOnB": null, "hasOpenSpa": null, "areaOfOpen": null, "capacityOf": null, "hasDisas_1": null, "hasMedicin": null, "hasBackupE": null, "hasWashFac": null, "hfCode": null, "authority": null, "authorityL": null, "serviceSha": null, "specifyCom": null, "hasDisas_2": null, "specifyAwa": null, "providesDi": null, "specifyDis": null, "hasHealthC": null, "specifyD_1": null, "hasEmploye": null, "noOfEmpl_1": null, "isDrrRelat": null, "specifyWas": null, "hasSleepin": null, "noOfBeds": null, "noOfMats": null, "noOfCots": null, "hasElectri": null, "noOfSleepi": null, "typeOfAppa": null, "numberOfFi": null, "numberOf_2": null, "numberOfOt": null, "extraAppar": null, "ward": 2259, "province": null, "district": null, "municipali": null, "resourceTy": "health", "resource_t": "health", "district_i": 35, "district_n": "Chitwan", "districtId": 35, "districtNa": "Chitwan", "layer": "Chitwan_Hospital", "path": "C:\\Users\\ASUS\\Desktop\\Bipad Portal (All Point Files)\\Health Only\\Chitwan_Hospital.shp" }, "geometry": { "type": "Point", "coordinates": [ 84.470467, 27.767879 ] } },
{ "type": "Feature", "properties": { "id": 62370, "title": "Devghat Aayurved Dispensary", "titleNe": null, "descriptio": null, "dataSource": "nhfr_api", "dataSour_1": 4383, "dataSour_2": null, "lastModifi": "2026-08-09T12:25:55.520", "components": null, "localAddre": null, "localAdd_1": null, "gr": null, "noOfEmploy": null, "noOfMaleEm": null, "noOfFemale": null, "noOfOtherE": null, "noOfDiffer": null, "noOfDiff_1": null, "noOfDiff_2": null, "otherCompo": null, "ownership": "Local Government", "elevation": null, "otherOwner": null, "followsGui": null, "serviceTyp": null, "operationa": null, "hospitalBe": null, "icuBed": null, "status": null, "capacityIn": null, "promoter": null, "totalArea": null, "currentLan": null, "remarks": null, "address": null, "emergencyL": null, "operatingD": null, "usableArea": null, "capacity": null, "useOfEvacu": null, "usedAsHeli": null, "isDrinking": null, "isToiletAv": null, "noOfToilet": null, "hasHandWas": null, "noOfHandWa": null, "hasFoodPre": null, "noOfFoodPr": null, "noOfMaleTo": null, "noOfFema_1": null, "noOfCommon": null, "noOfTaps": null, "otherFacil": null, "hasDisable": false, "specifyInf": null, "startTime": null, "endTime": null, "phoneNumbe": null, "vehicleNum": null, "driverName": null, "driverCont": null, "driverAlte": null, "fireEngine": null, "fireBikeCo": null, "otherAppar": null, "ventilator": null, "hasChildIm": null, "hasTdVacci": null, "hasImnci": null, "hasGrowthM": null, "hasSafeMot": null, "hasAntenat": null, "hasPostnat": null, "hasDeliver": null, "hasBasicEm": null, "hasCompreh": null, "hasCompr_1": null, "hasPostAbo": null, "hasCondomP": null, "hasIucd": null, "hasImplant": null, "hasVasecto": null, "hasMinilap": null, "hasOpd": null, "hasGeneral": null, "hasPediatr": null, "hasObsAndG": null, "hasDentalO": null, "hasSurgery": null, "hasGastroi": null, "hasCardiac": null, "hasMental": null, "hasRespira": null, "hasNephrol": null, "hasEnt": null, "hasDermato": null, "hasEndocri": null, "hasOncolog": null, "hasNeurolo": null, "hasOphthal": null, "hasTreatem": null, "hasTreat_1": null, "hasTreat_2": null, "hasTreat_3": null, "hasTreat_4": null, "hasTreat_5": null, "hasLaborat": null, "hasTestHiv": null, "hasTestMal": null, "hasTestTb": null, "hasTestKal": null, "hasUrineRe": null, "hasStoolRe": null, "hasGener_1": null, "hasCulture": null, "hasHormone": null, "hasLeprosy": null, "hasTestCov": null, "hasTestC_1": null, "hasVolunte": null, "hasPmtct": null, "hasAntiRet": null, "hasDental": null, "hasInPatie": null, "hasRadiolo": null, "hasXRay": null, "hasXRayWit": null, "hasUltraso": null, "hasEchocar": null, "hasEcg": null, "hasTrademi": null, "hasCtScan": null, "hasMri": null, "hasEndosco": null, "hasColonos": null, "hasSurgica": null, "hasCaesari": null, "hasGastr_1": null, "hasTraumaS": null, "hasCardi_1": null, "hasNeuroSu": null, "hasPlastic": null, "hasSpecial": null, "hasIcu": null, "hasNicu": null, "hasCcu": null, "hasMicu": null, "hasSncu": null, "hasPicu": null, "hasCardi_2": null, "hasPhysiot": null, "hasAmbulan": null, "hasExtende": null, "hasGeriatr": null, "hasPharmac": null, "hasOcmc": null, "hasHealthI": null, "hasSsu": null, "hasAyurved": null, "hasCovidCl": null, "hasEmergen": null, "hasOperati": null, "hasBloodDo": null, "hasFreeTre": null, "hasFreeT_1": null, "hasFreeT_2": null, "hasFreeT_3": null, "hasFreeT_4": null, "hasFreeT_5": null, "hasFreeT_6": null, "hasFreeT_7": null, "hasFreeT_8": null, "hasFreeT_9": null, "hasInterne": "true", "registrati": "25/03/2037", "lastRenewa": null, "dateOfVali": null, "isVerified": false, "verficatio": null, "isApproved": false, "website": null, "emailAddre": null, "localAdd_2": null, "picture": null, "dateOfOper": null, "remarksOnO": null, "operatedBy": null, "religion": null, "otherRelig": null, "drinkingWa": null, "scale": null, "structure": null, "toilet": null, "type": "Basic Ayurveda Service Centre", "areaOfAirp": null, "kindOfVehi": null, "otherTypeW": null, "numberOfTr": null, "hasDisab_1": null, "nameAndNoO": null, "subtype": null, "otherType": null, "classroomC": null, "isMotorabl": null, "noOfLanes": null, "length": null, "noOfRoom": null, "noOfBed": null, "noOfStuden": null, "noOfMaleSt": null, "noOfFema_2": null, "noOfOtherS": null, "operatorTy": "Government", "otherOpera": null, "area": null, "altitude": null, "bank": null, "building": null, "hasTechnic": null, "isElectric": null, "isPermanen": null, "level": null, "moneyExcha": null, "atm": null, "noOfDiff_3": null, "noOfDiff_4": null, "noOfDiff_5": null, "noOfStud_1": null, "noOfStud_2": null, "noOfStud_3": null, "noOfStud_4": null, "operationT": null, "bedCount": null, "specializa": null, "outdoorSer": null, "indoorServ": null, "familyPlan": null, "startingDa": null, "surfaceTyp": null, "surfaceLev": null, "otherSurfa": null, "otherSur_1": null, "hasRoadAcc": null, "storageFac": null, "internetFa": null, "tankBuildD": null, "technicalS": null, "technica_1": null, "placementO": null, "sourceOfWa": null, "noOfServic": null, "isWaterSup": null, "towersName": null, "coverageRa": null, "frequency": null, "isp": null, "hasInter_1": null, "vaccinatio": null, "birthingCe": null, "hasOtherSe": null, "otherServi": null, "serviceUse": null, "width": null, "condition": null, "windDirect": null, "heliMarker": null, "nightLight": null, "helipadCon": null, "wireless": null, "fiber": null, "cable": null, "otherInter": null, "hasEvacuat": null, "designedWi": null, "hasDisaste": null, "hasDrinkin": null, "hasFocalPe": null, "focalPerso": null, "focalPer_1": null, "focalPer_2": null, "focalPer_3": null, "focalPer_4": null, "hasHumanit": null, "hasToilet": null, "isDesigned": null, "hasHelipad": null, "numberOf_1": null, "hasSafetyE": null, "remarksOnB": null, "hasOpenSpa": null, "areaOfOpen": null, "capacityOf": null, "hasDisas_1": null, "hasMedicin": null, "hasBackupE": null, "hasWashFac": null, "hfCode": "3130400161", "authority": null, "authorityL": "Local", "serviceSha": null, "specifyCom": null, "hasDisas_2": null, "specifyAwa": null, "providesDi": null, "specifyDis": null, "hasHealthC": null, "specifyD_1": null, "hasEmploye": null, "noOfEmpl_1": null, "isDrrRelat": null, "specifyWas": null, "hasSleepin": null, "noOfBeds": null, "noOfMats": null, "noOfCots": null, "hasElectri": null, "noOfSleepi": null, "typeOfAppa": null, "numberOfFi": null, "numberOf_2": null, "numberOfOt": null, "extraAppar": null, "ward": 2228, "province": null, "district": null, "municipali": null, "resourceTy": "health", "resource_t": "health", "district_i": 35, "district_n": "Chitwan", "districtId": 35, "districtNa": "Chitwan", "layer": "Chitwan_Hospital", "path": "C:\\Users\\ASUS\\Desktop\\Bipad Portal (All Point Files)\\Health Only\\Chitwan_Hospital.shp" }, "geometry": { "type": "Point", "coordinates": [ 84.427808, 27.740827 ] } },
{ "type": "Feature", "properties": { "id": 62393, "title": "Daletar Aayurved Dispensary", "titleNe": null, "descriptio": null, "dataSource": "nhfr_api", "dataSour_1": 4386, "dataSour_2": null, "lastModifi": "2026-08-09T12:25:55.570", "components": null, "localAddre": null, "localAdd_1": null, "gr": null, "noOfEmploy": null, "noOfMaleEm": null, "noOfFemale": null, "noOfOtherE": null, "noOfDiffer": null, "noOfDiff_1": null, "noOfDiff_2": null, "otherCompo": null, "ownership": "Local Government", "elevation": null, "otherOwner": null, "followsGui": null, "serviceTyp": null, "operationa": null, "hospitalBe": null, "icuBed": null, "status": null, "capacityIn": null, "promoter": null, "totalArea": null, "currentLan": null, "remarks": null, "address": null, "emergencyL": null, "operatingD": null, "usableArea": null, "capacity": null, "useOfEvacu": null, "usedAsHeli": null, "isDrinking": null, "isToiletAv": null, "noOfToilet": null, "hasHandWas": null, "noOfHandWa": null, "hasFoodPre": null, "noOfFoodPr": null, "noOfMaleTo": null, "noOfFema_1": null, "noOfCommon": null, "noOfTaps": null, "otherFacil": null, "hasDisable": false, "specifyInf": null, "startTime": null, "endTime": null, "phoneNumbe": null, "vehicleNum": null, "driverName": null, "driverCont": null, "driverAlte": null, "fireEngine": null, "fireBikeCo": null, "otherAppar": null, "ventilator": null, "hasChildIm": null, "hasTdVacci": null, "hasImnci": null, "hasGrowthM": null, "hasSafeMot": null, "hasAntenat": null, "hasPostnat": null, "hasDeliver": null, "hasBasicEm": null, "hasCompreh": null, "hasCompr_1": null, "hasPostAbo": null, "hasCondomP": null, "hasIucd": null, "hasImplant": null, "hasVasecto": null, "hasMinilap": null, "hasOpd": null, "hasGeneral": null, "hasPediatr": null, "hasObsAndG": null, "hasDentalO": null, "hasSurgery": null, "hasGastroi": null, "hasCardiac": null, "hasMental": null, "hasRespira": null, "hasNephrol": null, "hasEnt": null, "hasDermato": null, "hasEndocri": null, "hasOncolog": null, "hasNeurolo": null, "hasOphthal": null, "hasTreatem": null, "hasTreat_1": null, "hasTreat_2": null, "hasTreat_3": null, "hasTreat_4": null, "hasTreat_5": null, "hasLaborat": null, "hasTestHiv": null, "hasTestMal": null, "hasTestTb": null, "hasTestKal": null, "hasUrineRe": null, "hasStoolRe": null, "hasGener_1": null, "hasCulture": null, "hasHormone": null, "hasLeprosy": null, "hasTestCov": null, "hasTestC_1": null, "hasVolunte": null, "hasPmtct": null, "hasAntiRet": null, "hasDental": null, "hasInPatie": null, "hasRadiolo": null, "hasXRay": null, "hasXRayWit": null, "hasUltraso": null, "hasEchocar": null, "hasEcg": null, "hasTrademi": null, "hasCtScan": null, "hasMri": null, "hasEndosco": null, "hasColonos": null, "hasSurgica": null, "hasCaesari": null, "hasGastr_1": null, "hasTraumaS": null, "hasCardi_1": null, "hasNeuroSu": null, "hasPlastic": null, "hasSpecial": null, "hasIcu": null, "hasNicu": null, "hasCcu": null, "hasMicu": null, "hasSncu": null, "hasPicu": null, "hasCardi_2": null, "hasPhysiot": null, "hasAmbulan": null, "hasExtende": null, "hasGeriatr": null, "hasPharmac": null, "hasOcmc": null, "hasHealthI": null, "hasSsu": null, "hasAyurved": null, "hasCovidCl": null, "hasEmergen": null, "hasOperati": null, "hasBloodDo": null, "hasFreeTre": null, "hasFreeT_1": null, "hasFreeT_2": null, "hasFreeT_3": null, "hasFreeT_4": null, "hasFreeT_5": null, "hasFreeT_6": null, "hasFreeT_7": null, "hasFreeT_8": null, "hasFreeT_9": null, "hasInterne": "false", "registrati": "02/03/2072", "lastRenewa": null, "dateOfVali": null, "isVerified": false, "verficatio": null, "isApproved": false, "website": null, "emailAddre": null, "localAdd_2": null, "picture": null, "dateOfOper": null, "remarksOnO": null, "operatedBy": null, "religion": null, "otherRelig": null, "drinkingWa": null, "scale": null, "structure": null, "toilet": null, "type": "Basic Ayurveda Service Centre", "areaOfAirp": null, "kindOfVehi": null, "otherTypeW": null, "numberOfTr": null, "hasDisab_1": null, "nameAndNoO": null, "subtype": null, "otherType": null, "classroomC": null, "isMotorabl": null, "noOfLanes": null, "length": null, "noOfRoom": null, "noOfBed": null, "noOfStuden": null, "noOfMaleSt": null, "noOfFema_2": null, "noOfOtherS": null, "operatorTy": "Government", "otherOpera": null, "area": null, "altitude": null, "bank": null, "building": null, "hasTechnic": null, "isElectric": null, "isPermanen": null, "level": null, "moneyExcha": null, "atm": null, "noOfDiff_3": null, "noOfDiff_4": null, "noOfDiff_5": null, "noOfStud_1": null, "noOfStud_2": null, "noOfStud_3": null, "noOfStud_4": null, "operationT": null, "bedCount": null, "specializa": null, "outdoorSer": null, "indoorServ": null, "familyPlan": null, "startingDa": null, "surfaceTyp": null, "surfaceLev": null, "otherSurfa": null, "otherSur_1": null, "hasRoadAcc": null, "storageFac": null, "internetFa": null, "tankBuildD": null, "technicalS": null, "technica_1": null, "placementO": null, "sourceOfWa": null, "noOfServic": null, "isWaterSup": null, "towersName": null, "coverageRa": null, "frequency": null, "isp": null, "hasInter_1": null, "vaccinatio": null, "birthingCe": null, "hasOtherSe": null, "otherServi": null, "serviceUse": null, "width": null, "condition": null, "windDirect": null, "heliMarker": null, "nightLight": null, "helipadCon": null, "wireless": null, "fiber": null, "cable": null, "otherInter": null, "hasEvacuat": null, "designedWi": null, "hasDisaste": null, "hasDrinkin": null, "hasFocalPe": null, "focalPerso": null, "focalPer_1": null, "focalPer_2": null, "focalPer_3": null, "focalPer_4": null, "hasHumanit": null, "hasToilet": null, "isDesigned": null, "hasHelipad": null, "numberOf_1": null, "hasSafetyE": null, "remarksOnB": null, "hasOpenSpa": null, "areaOfOpen": null, "capacityOf": null, "hasDisas_1": null, "hasMedicin": null, "hasBackupE": null, "hasWashFac": null, "hfCode": "3130400191", "authority": null, "authorityL": "Local", "serviceSha": null, "specifyCom": null, "hasDisas_2": null, "specifyAwa": null, "providesDi": null, "specifyDis": null, "hasHealthC": null, "specifyD_1": null, "hasEmploye": null, "noOfEmpl_1": null, "isDrrRelat": null, "specifyWas": null, "hasSleepin": null, "noOfBeds": null, "noOfMats": null, "noOfCots": null, "hasElectri": null, "noOfSleepi": null, "typeOfAppa": null, "numberOfFi": null, "numberOf_2": null, "numberOfOt": null, "extraAppar": null, "ward": 2259, "province": null, "district": null, "municipali": null, "resourceTy": "health", "resource_t": "health", "district_i": 35, "district_n": "Chitwan", "districtId": 35, "districtNa": "Chitwan", "layer": "Chitwan_Hospital", "path": "C:\\Users\\ASUS\\Desktop\\Bipad Portal (All Point Files)\\Health Only\\Chitwan_Hospital.shp" }, "geometry": { "type": "Point", "coordinates": [ 84.469761, 27.768678 ] } },
{ "type": "Feature", "properties": { "id": 62396, "title": "Kabilas Health Post", "titleNe": null, "descriptio": null, "dataSource": "nhfr_api", "dataSour_1": 4396, "dataSour_2": null, "lastModifi": "2026-08-09T12:25:55.700", "components": null, "localAddre": null, "localAdd_1": null, "gr": null, "noOfEmploy": null, "noOfMaleEm": null, "noOfFemale": null, "noOfOtherE": null, "noOfDiffer": null, "noOfDiff_1": null, "noOfDiff_2": null, "otherCompo": null, "ownership": "Local Government", "elevation": null, "otherOwner": null, "followsGui": null, "serviceTyp": null, "operationa": null, "hospitalBe": null, "icuBed": null, "status": null, "capacityIn": null, "promoter": null, "totalArea": null, "currentLan": null, "remarks": null, "address": null, "emergencyL": null, "operatingD": null, "usableArea": null, "capacity": null, "useOfEvacu": null, "usedAsHeli": null, "isDrinking": null, "isToiletAv": null, "noOfToilet": null, "hasHandWas": null, "noOfHandWa": null, "hasFoodPre": null, "noOfFoodPr": null, "noOfMaleTo": null, "noOfFema_1": null, "noOfCommon": null, "noOfTaps": null, "otherFacil": null, "hasDisable": false, "specifyInf": null, "startTime": null, "endTime": null, "phoneNumbe": null, "vehicleNum": null, "driverName": null, "driverCont": null, "driverAlte": null, "fireEngine": null, "fireBikeCo": null, "otherAppar": null, "ventilator": null, "hasChildIm": null, "hasTdVacci": null, "hasImnci": null, "hasGrowthM": null, "hasSafeMot": null, "hasAntenat": null, "hasPostnat": null, "hasDeliver": null, "hasBasicEm": null, "hasCompreh": null, "hasCompr_1": null, "hasPostAbo": null, "hasCondomP": null, "hasIucd": null, "hasImplant": null, "hasVasecto": null, "hasMinilap": null, "hasOpd": null, "hasGeneral": null, "hasPediatr": null, "hasObsAndG": null, "hasDentalO": null, "hasSurgery": null, "hasGastroi": null, "hasCardiac": null, "hasMental": null, "hasRespira": null, "hasNephrol": null, "hasEnt": null, "hasDermato": null, "hasEndocri": null, "hasOncolog": null, "hasNeurolo": null, "hasOphthal": null, "hasTreatem": null, "hasTreat_1": null, "hasTreat_2": null, "hasTreat_3": null, "hasTreat_4": null, "hasTreat_5": null, "hasLaborat": null, "hasTestHiv": null, "hasTestMal": null, "hasTestTb": null, "hasTestKal": null, "hasUrineRe": null, "hasStoolRe": null, "hasGener_1": null, "hasCulture": null, "hasHormone": null, "hasLeprosy": null, "hasTestCov": null, "hasTestC_1": null, "hasVolunte": null, "hasPmtct": null, "hasAntiRet": null, "hasDental": null, "hasInPatie": null, "hasRadiolo": null, "hasXRay": null, "hasXRayWit": null, "hasUltraso": null, "hasEchocar": null, "hasEcg": null, "hasTrademi": null, "hasCtScan": null, "hasMri": null, "hasEndosco": null, "hasColonos": null, "hasSurgica": null, "hasCaesari": null, "hasGastr_1": null, "hasTraumaS": null, "hasCardi_1": null, "hasNeuroSu": null, "hasPlastic": null, "hasSpecial": null, "hasIcu": null, "hasNicu": null, "hasCcu": null, "hasMicu": null, "hasSncu": null, "hasPicu": null, "hasCardi_2": null, "hasPhysiot": null, "hasAmbulan": null, "hasExtende": null, "hasGeriatr": null, "hasPharmac": null, "hasOcmc": null, "hasHealthI": null, "hasSsu": null, "hasAyurved": null, "hasCovidCl": null, "hasEmergen": null, "hasOperati": null, "hasBloodDo": null, "hasFreeTre": null, "hasFreeT_1": null, "hasFreeT_2": null, "hasFreeT_3": null, "hasFreeT_4": null, "hasFreeT_5": null, "hasFreeT_6": null, "hasFreeT_7": null, "hasFreeT_8": null, "hasFreeT_9": null, "hasInterne": "true", "registrati": null, "lastRenewa": null, "dateOfVali": null, "isVerified": false, "verficatio": null, "isApproved": false, "website": null, "emailAddre": null, "localAdd_2": null, "picture": null, "dateOfOper": null, "remarksOnO": null, "operatedBy": null, "religion": null, "otherRelig": null, "drinkingWa": null, "scale": null, "structure": null, "toilet": null, "type": "Basic Health Service Centre", "areaOfAirp": null, "kindOfVehi": null, "otherTypeW": null, "numberOfTr": null, "hasDisab_1": null, "nameAndNoO": null, "subtype": null, "otherType": null, "classroomC": null, "isMotorabl": null, "noOfLanes": null, "length": null, "noOfRoom": null, "noOfBed": null, "noOfStuden": null, "noOfMaleSt": null, "noOfFema_2": null, "noOfOtherS": null, "operatorTy": "Government", "otherOpera": null, "area": null, "altitude": null, "bank": null, "building": null, "hasTechnic": null, "isElectric": null, "isPermanen": null, "level": null, "moneyExcha": null, "atm": null, "noOfDiff_3": null, "noOfDiff_4": null, "noOfDiff_5": null, "noOfStud_1": null, "noOfStud_2": null, "noOfStud_3": null, "noOfStud_4": null, "operationT": null, "bedCount": null, "specializa": null, "outdoorSer": null, "indoorServ": null, "familyPlan": null, "startingDa": null, "surfaceTyp": null, "surfaceLev": null, "otherSurfa": null, "otherSur_1": null, "hasRoadAcc": null, "storageFac": null, "internetFa": null, "tankBuildD": null, "technicalS": null, "technica_1": null, "placementO": null, "sourceOfWa": null, "noOfServic": null, "isWaterSup": null, "towersName": null, "coverageRa": null, "frequency": null, "isp": null, "hasInter_1": null, "vaccinatio": null, "birthingCe": null, "hasOtherSe": null, "otherServi": null, "serviceUse": null, "width": null, "condition": null, "windDirect": null, "heliMarker": null, "nightLight": null, "helipadCon": null, "wireless": null, "fiber": null, "cable": null, "otherInter": null, "hasEvacuat": null, "designedWi": null, "hasDisaste": null, "hasDrinkin": null, "hasFocalPe": null, "focalPerso": null, "focalPer_1": null, "focalPer_2": null, "focalPer_3": null, "focalPer_4": null, "hasHumanit": null, "hasToilet": null, "isDesigned": null, "hasHelipad": null, "numberOf_1": null, "hasSafetyE": null, "remarksOnB": null, "hasOpenSpa": null, "areaOfOpen": null, "capacityOf": null, "hasDisas_1": null, "hasMedicin": null, "hasBackupE": null, "hasWashFac": null, "hfCode": "3130400291", "authority": null, "authorityL": "Local", "serviceSha": null, "specifyCom": null, "hasDisas_2": null, "specifyAwa": null, "providesDi": null, "specifyDis": null, "hasHealthC": null, "specifyD_1": null, "hasEmploye": null, "noOfEmpl_1": null, "isDrrRelat": null, "specifyWas": null, "hasSleepin": null, "noOfBeds": null, "noOfMats": null, "noOfCots": null, "hasElectri": null, "noOfSleepi": null, "typeOfAppa": null, "numberOfFi": null, "numberOf_2": null, "numberOfOt": null, "extraAppar": null, "ward": 2259, "province": null, "district": null, "municipali": null, "resourceTy": "health", "resource_t": "health", "district_i": 35, "district_n": "Chitwan", "districtId": 35, "districtNa": "Chitwan", "layer": "Chitwan_Hospital", "path": "C:\\Users\\ASUS\\Desktop\\Bipad Portal (All Point Files)\\Health Only\\Chitwan_Hospital.shp" }, "geometry": { "type": "Point", "coordinates": [ 84.47053528, 27.76779747 ] } },
{ "type": "Feature", "properties": { "id": 64460, "title": "Ichchhakamana Basic Hospital", "titleNe": null, "descriptio": null, "dataSource": "nhfr_api", "dataSour_1": 4365, "dataSour_2": null, "lastModifi": "2026-08-09T12:25:55.328", "components": null, "localAddre": null, "localAdd_1": null, "gr": null, "noOfEmploy": null, "noOfMaleEm": null, "noOfFemale": null, "noOfOtherE": null, "noOfDiffer": null, "noOfDiff_1": null, "noOfDiff_2": null, "otherCompo": null, "ownership": "Local Government", "elevation": null, "otherOwner": null, "followsGui": null, "serviceTyp": null, "operationa": null, "hospitalBe": null, "icuBed": null, "status": null, "capacityIn": null, "promoter": null, "totalArea": null, "currentLan": null, "remarks": null, "address": null, "emergencyL": null, "operatingD": null, "usableArea": null, "capacity": null, "useOfEvacu": null, "usedAsHeli": null, "isDrinking": null, "isToiletAv": null, "noOfToilet": null, "hasHandWas": null, "noOfHandWa": null, "hasFoodPre": null, "noOfFoodPr": null, "noOfMaleTo": null, "noOfFema_1": null, "noOfCommon": null, "noOfTaps": null, "otherFacil": null, "hasDisable": false, "specifyInf": null, "startTime": null, "endTime": null, "phoneNumbe": "9840243773", "vehicleNum": null, "driverName": null, "driverCont": null, "driverAlte": null, "fireEngine": null, "fireBikeCo": null, "otherAppar": null, "ventilator": null, "hasChildIm": null, "hasTdVacci": null, "hasImnci": null, "hasGrowthM": null, "hasSafeMot": null, "hasAntenat": null, "hasPostnat": null, "hasDeliver": null, "hasBasicEm": null, "hasCompreh": null, "hasCompr_1": null, "hasPostAbo": null, "hasCondomP": null, "hasIucd": null, "hasImplant": null, "hasVasecto": null, "hasMinilap": null, "hasOpd": null, "hasGeneral": null, "hasPediatr": null, "hasObsAndG": null, "hasDentalO": null, "hasSurgery": null, "hasGastroi": null, "hasCardiac": null, "hasMental": null, "hasRespira": null, "hasNephrol": null, "hasEnt": null, "hasDermato": null, "hasEndocri": null, "hasOncolog": null, "hasNeurolo": null, "hasOphthal": null, "hasTreatem": null, "hasTreat_1": null, "hasTreat_2": null, "hasTreat_3": null, "hasTreat_4": null, "hasTreat_5": null, "hasLaborat": null, "hasTestHiv": null, "hasTestMal": null, "hasTestTb": null, "hasTestKal": null, "hasUrineRe": null, "hasStoolRe": null, "hasGener_1": null, "hasCulture": null, "hasHormone": null, "hasLeprosy": null, "hasTestCov": null, "hasTestC_1": null, "hasVolunte": null, "hasPmtct": null, "hasAntiRet": null, "hasDental": null, "hasInPatie": null, "hasRadiolo": null, "hasXRay": null, "hasXRayWit": null, "hasUltraso": null, "hasEchocar": null, "hasEcg": null, "hasTrademi": null, "hasCtScan": null, "hasMri": null, "hasEndosco": null, "hasColonos": null, "hasSurgica": null, "hasCaesari": null, "hasGastr_1": null, "hasTraumaS": null, "hasCardi_1": null, "hasNeuroSu": null, "hasPlastic": null, "hasSpecial": null, "hasIcu": null, "hasNicu": null, "hasCcu": null, "hasMicu": null, "hasSncu": null, "hasPicu": null, "hasCardi_2": null, "hasPhysiot": null, "hasAmbulan": null, "hasExtende": null, "hasGeriatr": null, "hasPharmac": null, "hasOcmc": null, "hasHealthI": null, "hasSsu": null, "hasAyurved": null, "hasCovidCl": null, "hasEmergen": null, "hasOperati": null, "hasBloodDo": null, "hasFreeTre": null, "hasFreeT_1": null, "hasFreeT_2": null, "hasFreeT_3": null, "hasFreeT_4": null, "hasFreeT_5": null, "hasFreeT_6": null, "hasFreeT_7": null, "hasFreeT_8": null, "hasFreeT_9": null, "hasInterne": "true", "registrati": null, "lastRenewa": null, "dateOfVali": null, "isVerified": false, "verficatio": null, "isApproved": false, "website": null, "emailAddre": null, "localAdd_2": null, "picture": null, "dateOfOper": null, "remarksOnO": null, "operatedBy": null, "religion": null, "otherRelig": null, "drinkingWa": null, "scale": null, "structure": null, "toilet": null, "type": "Basic Hospital (5 to 15 beds)", "areaOfAirp": null, "kindOfVehi": null, "otherTypeW": null, "numberOfTr": null, "hasDisab_1": null, "nameAndNoO": null, "subtype": null, "otherType": null, "classroomC": null, "isMotorabl": null, "noOfLanes": null, "length": null, "noOfRoom": null, "noOfBed": null, "noOfStuden": null, "noOfMaleSt": null, "noOfFema_2": null, "noOfOtherS": null, "operatorTy": "Government", "otherOpera": null, "area": null, "altitude": null, "bank": null, "building": null, "hasTechnic": null, "isElectric": null, "isPermanen": null, "level": null, "moneyExcha": null, "atm": null, "noOfDiff_3": null, "noOfDiff_4": null, "noOfDiff_5": null, "noOfStud_1": null, "noOfStud_2": null, "noOfStud_3": null, "noOfStud_4": null, "operationT": null, "bedCount": null, "specializa": null, "outdoorSer": null, "indoorServ": null, "familyPlan": null, "startingDa": null, "surfaceTyp": null, "surfaceLev": null, "otherSurfa": null, "otherSur_1": null, "hasRoadAcc": null, "storageFac": null, "internetFa": null, "tankBuildD": null, "technicalS": null, "technica_1": null, "placementO": null, "sourceOfWa": null, "noOfServic": null, "isWaterSup": null, "towersName": null, "coverageRa": null, "frequency": null, "isp": null, "hasInter_1": null, "vaccinatio": null, "birthingCe": null, "hasOtherSe": null, "otherServi": null, "serviceUse": null, "width": null, "condition": null, "windDirect": null, "heliMarker": null, "nightLight": null, "helipadCon": null, "wireless": null, "fiber": null, "cable": null, "otherInter": null, "hasEvacuat": null, "designedWi": null, "hasDisaste": null, "hasDrinkin": null, "hasFocalPe": null, "focalPerso": null, "focalPer_1": null, "focalPer_2": null, "focalPer_3": null, "focalPer_4": null, "hasHumanit": null, "hasToilet": null, "isDesigned": null, "hasHelipad": null, "numberOf_1": null, "hasSafetyE": null, "remarksOnB": null, "hasOpenSpa": null, "areaOfOpen": null, "capacityOf": null, "hasDisas_1": null, "hasMedicin": null, "hasBackupE": null, "hasWashFac": null, "hfCode": "3130300031", "authority": null, "authorityL": "Local", "serviceSha": null, "specifyCom": null, "hasDisas_2": null, "specifyAwa": null, "providesDi": null, "specifyDis": null, "hasHealthC": null, "specifyD_1": null, "hasEmploye": null, "noOfEmpl_1": null, "isDrrRelat": null, "specifyWas": null, "hasSleepin": null, "noOfBeds": null, "noOfMats": null, "noOfCots": null, "hasElectri": null, "noOfSleepi": null, "typeOfAppa": null, "numberOfFi": null, "numberOf_2": null, "numberOfOt": null, "extraAppar": null, "ward": 2244, "province": null, "district": null, "municipali": null, "resourceTy": "health", "resource_t": "health", "district_i": 35, "district_n": "Chitwan", "districtId": 35, "districtNa": "Chitwan", "layer": "Chitwan_Hospital", "path": "C:\\Users\\ASUS\\Desktop\\Bipad Portal (All Point Files)\\Health Only\\Chitwan_Hospital.shp" }, "geometry": { "type": "Point", "coordinates": [ 84.6269989, 27.87035561 ] } },
{ "type": "Feature", "properties": { "id": 64462, "title": "Pamdanda Hp_Chitawan", "titleNe": null, "descriptio": null, "dataSource": "nhfr_api", "dataSour_1": 4367, "dataSour_2": null, "lastModifi": "2026-08-09T12:25:55.358", "components": null, "localAddre": null, "localAdd_1": null, "gr": null, "noOfEmploy": null, "noOfMaleEm": null, "noOfFemale": null, "noOfOtherE": null, "noOfDiffer": null, "noOfDiff_1": null, "noOfDiff_2": null, "otherCompo": null, "ownership": "Local Government", "elevation": null, "otherOwner": null, "followsGui": null, "serviceTyp": null, "operationa": null, "hospitalBe": null, "icuBed": null, "status": null, "capacityIn": null, "promoter": null, "totalArea": null, "currentLan": null, "remarks": null, "address": null, "emergencyL": null, "operatingD": null, "usableArea": null, "capacity": null, "useOfEvacu": null, "usedAsHeli": null, "isDrinking": null, "isToiletAv": null, "noOfToilet": null, "hasHandWas": null, "noOfHandWa": null, "hasFoodPre": null, "noOfFoodPr": null, "noOfMaleTo": null, "noOfFema_1": null, "noOfCommon": null, "noOfTaps": null, "otherFacil": null, "hasDisable": false, "specifyInf": null, "startTime": null, "endTime": null, "phoneNumbe": null, "vehicleNum": null, "driverName": null, "driverCont": null, "driverAlte": null, "fireEngine": null, "fireBikeCo": null, "otherAppar": null, "ventilator": null, "hasChildIm": null, "hasTdVacci": null, "hasImnci": null, "hasGrowthM": null, "hasSafeMot": null, "hasAntenat": null, "hasPostnat": null, "hasDeliver": null, "hasBasicEm": null, "hasCompreh": null, "hasCompr_1": null, "hasPostAbo": null, "hasCondomP": null, "hasIucd": null, "hasImplant": null, "hasVasecto": null, "hasMinilap": null, "hasOpd": null, "hasGeneral": null, "hasPediatr": null, "hasObsAndG": null, "hasDentalO": null, "hasSurgery": null, "hasGastroi": null, "hasCardiac": null, "hasMental": null, "hasRespira": null, "hasNephrol": null, "hasEnt": null, "hasDermato": null, "hasEndocri": null, "hasOncolog": null, "hasNeurolo": null, "hasOphthal": null, "hasTreatem": null, "hasTreat_1": null, "hasTreat_2": null, "hasTreat_3": null, "hasTreat_4": null, "hasTreat_5": null, "hasLaborat": null, "hasTestHiv": null, "hasTestMal": null, "hasTestTb": null, "hasTestKal": null, "hasUrineRe": null, "hasStoolRe": null, "hasGener_1": null, "hasCulture": null, "hasHormone": null, "hasLeprosy": null, "hasTestCov": null, "hasTestC_1": null, "hasVolunte": null, "hasPmtct": null, "hasAntiRet": null, "hasDental": null, "hasInPatie": null, "hasRadiolo": null, "hasXRay": null, "hasXRayWit": null, "hasUltraso": null, "hasEchocar": null, "hasEcg": null, "hasTrademi": null, "hasCtScan": null, "hasMri": null, "hasEndosco": null, "hasColonos": null, "hasSurgica": null, "hasCaesari": null, "hasGastr_1": null, "hasTraumaS": null, "hasCardi_1": null, "hasNeuroSu": null, "hasPlastic": null, "hasSpecial": null, "hasIcu": null, "hasNicu": null, "hasCcu": null, "hasMicu": null, "hasSncu": null, "hasPicu": null, "hasCardi_2": null, "hasPhysiot": null, "hasAmbulan": null, "hasExtende": null, "hasGeriatr": null, "hasPharmac": null, "hasOcmc": null, "hasHealthI": null, "hasSsu": null, "hasAyurved": null, "hasCovidCl": null, "hasEmergen": null, "hasOperati": null, "hasBloodDo": null, "hasFreeTre": null, "hasFreeT_1": null, "hasFreeT_2": null, "hasFreeT_3": null, "hasFreeT_4": null, "hasFreeT_5": null, "hasFreeT_6": null, "hasFreeT_7": null, "hasFreeT_8": null, "hasFreeT_9": null, "hasInterne": "false", "registrati": null, "lastRenewa": null, "dateOfVali": null, "isVerified": false, "verficatio": null, "isApproved": false, "website": null, "emailAddre": null, "localAdd_2": null, "picture": null, "dateOfOper": null, "remarksOnO": null, "operatedBy": null, "religion": null, "otherRelig": null, "drinkingWa": null, "scale": null, "structure": null, "toilet": null, "type": "Health Post", "areaOfAirp": null, "kindOfVehi": null, "otherTypeW": null, "numberOfTr": null, "hasDisab_1": null, "nameAndNoO": null, "subtype": null, "otherType": null, "classroomC": null, "isMotorabl": null, "noOfLanes": null, "length": null, "noOfRoom": null, "noOfBed": null, "noOfStuden": null, "noOfMaleSt": null, "noOfFema_2": null, "noOfOtherS": null, "operatorTy": "Government", "otherOpera": null, "area": null, "altitude": null, "bank": null, "building": null, "hasTechnic": null, "isElectric": null, "isPermanen": null, "level": null, "moneyExcha": null, "atm": null, "noOfDiff_3": null, "noOfDiff_4": null, "noOfDiff_5": null, "noOfStud_1": null, "noOfStud_2": null, "noOfStud_3": null, "noOfStud_4": null, "operationT": null, "bedCount": null, "specializa": null, "outdoorSer": null, "indoorServ": null, "familyPlan": null, "startingDa": null, "surfaceTyp": null, "surfaceLev": null, "otherSurfa": null, "otherSur_1": null, "hasRoadAcc": null, "storageFac": null, "internetFa": null, "tankBuildD": null, "technicalS": null, "technica_1": null, "placementO": null, "sourceOfWa": null, "noOfServic": null, "isWaterSup": null, "towersName": null, "coverageRa": null, "frequency": null, "isp": null, "hasInter_1": null, "vaccinatio": null, "birthingCe": null, "hasOtherSe": null, "otherServi": null, "serviceUse": null, "width": null, "condition": null, "windDirect": null, "heliMarker": null, "nightLight": null, "helipadCon": null, "wireless": null, "fiber": null, "cable": null, "otherInter": null, "hasEvacuat": null, "designedWi": null, "hasDisaste": null, "hasDrinkin": null, "hasFocalPe": null, "focalPerso": null, "focalPer_1": null, "focalPer_2": null, "focalPer_3": null, "focalPer_4": null, "hasHumanit": null, "hasToilet": null, "isDesigned": null, "hasHelipad": null, "numberOf_1": null, "hasSafetyE": null, "remarksOnB": null, "hasOpenSpa": null, "areaOfOpen": null, "capacityOf": null, "hasDisas_1": null, "hasMedicin": null, "hasBackupE": null, "hasWashFac": null, "hfCode": "3130300051", "authority": null, "authorityL": "Local", "serviceSha": null, "specifyCom": null, "hasDisas_2": null, "specifyAwa": null, "providesDi": null, "specifyDis": null, "hasHealthC": null, "specifyD_1": null, "hasEmploye": null, "noOfEmpl_1": null, "isDrrRelat": null, "specifyWas": null, "hasSleepin": null, "noOfBeds": null, "noOfMats": null, "noOfCots": null, "hasElectri": null, "noOfSleepi": null, "typeOfAppa": null, "numberOfFi": null, "numberOf_2": null, "numberOfOt": null, "extraAppar": null, "ward": 2241, "province": null, "district": null, "municipali": null, "resourceTy": "health", "resource_t": "health", "district_i": 35, "district_n": "Chitwan", "districtId": 35, "districtNa": "Chitwan", "layer": "Chitwan_Hospital", "path": "C:\\Users\\ASUS\\Desktop\\Bipad Portal (All Point Files)\\Health Only\\Chitwan_Hospital.shp" }, "geometry": { "type": "Point", "coordinates": [ 84.56170654, 27.8546772 ] } },
{ "type": "Feature", "properties": { "id": 67042, "title": "Ichchhakamana Polyclinic Pvt Ltd", "titleNe": null, "descriptio": null, "dataSource": "nhfr_api", "dataSour_1": 16771, "dataSour_2": null, "lastModifi": "2026-08-09T12:27:20.028", "components": null, "localAddre": null, "localAdd_1": null, "gr": null, "noOfEmploy": null, "noOfMaleEm": null, "noOfFemale": null, "noOfOtherE": null, "noOfDiffer": null, "noOfDiff_1": null, "noOfDiff_2": null, "otherCompo": null, "ownership": "Private Enterprise", "elevation": null, "otherOwner": null, "followsGui": null, "serviceTyp": null, "operationa": null, "hospitalBe": null, "icuBed": null, "status": null, "capacityIn": null, "promoter": null, "totalArea": null, "currentLan": null, "remarks": null, "address": null, "emergencyL": null, "operatingD": null, "usableArea": null, "capacity": null, "useOfEvacu": null, "usedAsHeli": null, "isDrinking": null, "isToiletAv": null, "noOfToilet": null, "hasHandWas": null, "noOfHandWa": null, "hasFoodPre": null, "noOfFoodPr": null, "noOfMaleTo": null, "noOfFema_1": null, "noOfCommon": null, "noOfTaps": null, "otherFacil": null, "hasDisable": false, "specifyInf": null, "startTime": null, "endTime": null, "phoneNumbe": null, "vehicleNum": null, "driverName": null, "driverCont": null, "driverAlte": null, "fireEngine": null, "fireBikeCo": null, "otherAppar": null, "ventilator": null, "hasChildIm": null, "hasTdVacci": null, "hasImnci": null, "hasGrowthM": null, "hasSafeMot": null, "hasAntenat": null, "hasPostnat": null, "hasDeliver": null, "hasBasicEm": null, "hasCompreh": null, "hasCompr_1": null, "hasPostAbo": null, "hasCondomP": null, "hasIucd": null, "hasImplant": null, "hasVasecto": null, "hasMinilap": null, "hasOpd": null, "hasGeneral": null, "hasPediatr": null, "hasObsAndG": null, "hasDentalO": null, "hasSurgery": null, "hasGastroi": null, "hasCardiac": null, "hasMental": null, "hasRespira": null, "hasNephrol": null, "hasEnt": null, "hasDermato": null, "hasEndocri": null, "hasOncolog": null, "hasNeurolo": null, "hasOphthal": null, "hasTreatem": null, "hasTreat_1": null, "hasTreat_2": null, "hasTreat_3": null, "hasTreat_4": null, "hasTreat_5": null, "hasLaborat": null, "hasTestHiv": null, "hasTestMal": null, "hasTestTb": null, "hasTestKal": null, "hasUrineRe": null, "hasStoolRe": null, "hasGener_1": null, "hasCulture": null, "hasHormone": null, "hasLeprosy": null, "hasTestCov": null, "hasTestC_1": null, "hasVolunte": null, "hasPmtct": null, "hasAntiRet": null, "hasDental": null, "hasInPatie": null, "hasRadiolo": null, "hasXRay": null, "hasXRayWit": null, "hasUltraso": null, "hasEchocar": null, "hasEcg": null, "hasTrademi": null, "hasCtScan": null, "hasMri": null, "hasEndosco": null, "hasColonos": null, "hasSurgica": null, "hasCaesari": null, "hasGastr_1": null, "hasTraumaS": null, "hasCardi_1": null, "hasNeuroSu": null, "hasPlastic": null, "hasSpecial": null, "hasIcu": null, "hasNicu": null, "hasCcu": null, "hasMicu": null, "hasSncu": null, "hasPicu": null, "hasCardi_2": null, "hasPhysiot": null, "hasAmbulan": null, "hasExtende": null, "hasGeriatr": null, "hasPharmac": null, "hasOcmc": null, "hasHealthI": null, "hasSsu": null, "hasAyurved": null, "hasCovidCl": null, "hasEmergen": null, "hasOperati": null, "hasBloodDo": null, "hasFreeTre": null, "hasFreeT_1": null, "hasFreeT_2": null, "hasFreeT_3": null, "hasFreeT_4": null, "hasFreeT_5": null, "hasFreeT_6": null, "hasFreeT_7": null, "hasFreeT_8": null, "hasFreeT_9": null, "hasInterne": "true", "registrati": "13/09/2077", "lastRenewa": null, "dateOfVali": null, "isVerified": false, "verficatio": null, "isApproved": false, "website": null, "emailAddre": "ichchhakamanapolyclinic@gmail.com", "localAdd_2": null, "picture": null, "dateOfOper": null, "remarksOnO": null, "operatedBy": null, "religion": null, "otherRelig": null, "drinkingWa": null, "scale": null, "structure": null, "toilet": null, "type": "Homeopathy Hospital", "areaOfAirp": null, "kindOfVehi": null, "otherTypeW": null, "numberOfTr": null, "hasDisab_1": null, "nameAndNoO": null, "subtype": null, "otherType": null, "classroomC": null, "isMotorabl": null, "noOfLanes": null, "length": null, "noOfRoom": null, "noOfBed": null, "noOfStuden": null, "noOfMaleSt": null, "noOfFema_2": null, "noOfOtherS": null, "operatorTy": "Non-Government", "otherOpera": null, "area": null, "altitude": null, "bank": null, "building": null, "hasTechnic": null, "isElectric": null, "isPermanen": null, "level": null, "moneyExcha": null, "atm": null, "noOfDiff_3": null, "noOfDiff_4": null, "noOfDiff_5": null, "noOfStud_1": null, "noOfStud_2": null, "noOfStud_3": null, "noOfStud_4": null, "operationT": null, "bedCount": null, "specializa": null, "outdoorSer": null, "indoorServ": null, "familyPlan": null, "startingDa": null, "surfaceTyp": null, "surfaceLev": null, "otherSurfa": null, "otherSur_1": null, "hasRoadAcc": null, "storageFac": null, "internetFa": null, "tankBuildD": null, "technicalS": null, "technica_1": null, "placementO": null, "sourceOfWa": null, "noOfServic": null, "isWaterSup": null, "towersName": null, "coverageRa": null, "frequency": null, "isp": null, "hasInter_1": null, "vaccinatio": null, "birthingCe": null, "hasOtherSe": null, "otherServi": null, "serviceUse": null, "width": null, "condition": null, "windDirect": null, "heliMarker": null, "nightLight": null, "helipadCon": null, "wireless": null, "fiber": null, "cable": null, "otherInter": null, "hasEvacuat": null, "designedWi": null, "hasDisaste": null, "hasDrinkin": null, "hasFocalPe": null, "focalPerso": null, "focalPer_1": null, "focalPer_2": null, "focalPer_3": null, "focalPer_4": null, "hasHumanit": null, "hasToilet": null, "isDesigned": null, "hasHelipad": null, "numberOf_1": null, "hasSafetyE": null, "remarksOnB": null, "hasOpenSpa": null, "areaOfOpen": null, "capacityOf": null, "hasDisas_1": null, "hasMedicin": null, "hasBackupE": null, "hasWashFac": null, "hfCode": "3130300132", "authority": null, "authorityL": "Provincial", "serviceSha": null, "specifyCom": null, "hasDisas_2": null, "specifyAwa": null, "providesDi": null, "specifyDis": null, "hasHealthC": null, "specifyD_1": null, "hasEmploye": null, "noOfEmpl_1": null, "isDrrRelat": null, "specifyWas": null, "hasSleepin": null, "noOfBeds": null, "noOfMats": null, "noOfCots": null, "hasElectri": null, "noOfSleepi": null, "typeOfAppa": null, "numberOfFi": null, "numberOf_2": null, "numberOfOt": null, "extraAppar": null, "ward": 2244, "province": null, "district": null, "municipali": null, "resourceTy": "health", "resource_t": "health", "district_i": 35, "district_n": "Chitwan", "districtId": 35, "districtNa": "Chitwan", "layer": "Chitwan_Hospital", "path": "C:\\Users\\ASUS\\Desktop\\Bipad Portal (All Point Files)\\Health Only\\Chitwan_Hospital.shp" }, "geometry": { "type": "Point", "coordinates": [ 84.623481938988348, 27.872021933052508 ] } },
{ "type": "Feature", "properties": { "id": 13766, "title": "Baireni HP", "titleNe": null, "descriptio": null, "dataSource": null, "dataSour_1": null, "dataSour_2": null, "lastModifi": "2022-02-25T18:56:05.352", "components": null, "localAddre": null, "localAdd_1": null, "gr": null, "noOfEmploy": null, "noOfMaleEm": null, "noOfFemale": null, "noOfOtherE": null, "noOfDiffer": null, "noOfDiff_1": null, "noOfDiff_2": null, "otherCompo": null, "ownership": null, "elevation": null, "otherOwner": null, "followsGui": null, "serviceTyp": null, "operationa": null, "hospitalBe": null, "icuBed": null, "status": null, "capacityIn": null, "promoter": null, "totalArea": null, "currentLan": null, "remarks": null, "address": null, "emergencyL": null, "operatingD": null, "usableArea": null, "capacity": null, "useOfEvacu": null, "usedAsHeli": null, "isDrinking": null, "isToiletAv": null, "noOfToilet": null, "hasHandWas": null, "noOfHandWa": null, "hasFoodPre": null, "noOfFoodPr": null, "noOfMaleTo": null, "noOfFema_1": null, "noOfCommon": null, "noOfTaps": null, "otherFacil": null, "hasDisable": null, "specifyInf": null, "startTime": null, "endTime": null, "phoneNumbe": null, "vehicleNum": null, "driverName": null, "driverCont": null, "driverAlte": null, "fireEngine": null, "fireBikeCo": null, "otherAppar": null, "ventilator": null, "hasChildIm": null, "hasTdVacci": null, "hasImnci": null, "hasGrowthM": null, "hasSafeMot": null, "hasAntenat": null, "hasPostnat": null, "hasDeliver": null, "hasBasicEm": null, "hasCompreh": null, "hasCompr_1": null, "hasPostAbo": null, "hasCondomP": null, "hasIucd": null, "hasImplant": null, "hasVasecto": null, "hasMinilap": null, "hasOpd": null, "hasGeneral": null, "hasPediatr": null, "hasObsAndG": null, "hasDentalO": null, "hasSurgery": null, "hasGastroi": null, "hasCardiac": null, "hasMental": null, "hasRespira": null, "hasNephrol": null, "hasEnt": null, "hasDermato": null, "hasEndocri": null, "hasOncolog": null, "hasNeurolo": null, "hasOphthal": null, "hasTreatem": null, "hasTreat_1": null, "hasTreat_2": null, "hasTreat_3": null, "hasTreat_4": null, "hasTreat_5": null, "hasLaborat": null, "hasTestHiv": null, "hasTestMal": null, "hasTestTb": null, "hasTestKal": null, "hasUrineRe": null, "hasStoolRe": null, "hasGener_1": null, "hasCulture": null, "hasHormone": null, "hasLeprosy": null, "hasTestCov": null, "hasTestC_1": null, "hasVolunte": null, "hasPmtct": null, "hasAntiRet": null, "hasDental": null, "hasInPatie": null, "hasRadiolo": null, "hasXRay": null, "hasXRayWit": null, "hasUltraso": null, "hasEchocar": null, "hasEcg": null, "hasTrademi": null, "hasCtScan": null, "hasMri": null, "hasEndosco": null, "hasColonos": null, "hasSurgica": null, "hasCaesari": null, "hasGastr_1": null, "hasTraumaS": null, "hasCardi_1": null, "hasNeuroSu": null, "hasPlastic": null, "hasSpecial": null, "hasIcu": null, "hasNicu": null, "hasCcu": null, "hasMicu": null, "hasSncu": null, "hasPicu": null, "hasCardi_2": null, "hasPhysiot": null, "hasAmbulan": null, "hasExtende": null, "hasGeriatr": null, "hasPharmac": null, "hasOcmc": null, "hasHealthI": null, "hasSsu": null, "hasAyurved": null, "hasCovidCl": null, "hasEmergen": null, "hasOperati": null, "hasBloodDo": null, "hasFreeTre": null, "hasFreeT_1": null, "hasFreeT_2": null, "hasFreeT_3": null, "hasFreeT_4": null, "hasFreeT_5": null, "hasFreeT_6": null, "hasFreeT_7": null, "hasFreeT_8": null, "hasFreeT_9": null, "hasInterne": null, "registrati": null, "lastRenewa": null, "dateOfVali": null, "isVerified": false, "verficatio": null, "isApproved": false, "website": null, "emailAddre": null, "localAdd_2": null, "picture": null, "dateOfOper": null, "remarksOnO": null, "operatedBy": null, "religion": null, "otherRelig": null, "drinkingWa": null, "scale": null, "structure": null, "toilet": null, "type": "Health Post", "areaOfAirp": null, "kindOfVehi": null, "otherTypeW": null, "numberOfTr": null, "hasDisab_1": false, "nameAndNoO": null, "subtype": null, "otherType": null, "classroomC": null, "isMotorabl": null, "noOfLanes": null, "length": null, "noOfRoom": null, "noOfBed": null, "noOfStuden": null, "noOfMaleSt": null, "noOfFema_2": null, "noOfOtherS": null, "operatorTy": null, "otherOpera": null, "area": null, "altitude": null, "bank": null, "building": null, "hasTechnic": null, "isElectric": null, "isPermanen": null, "level": null, "moneyExcha": null, "atm": null, "noOfDiff_3": null, "noOfDiff_4": null, "noOfDiff_5": null, "noOfStud_1": null, "noOfStud_2": null, "noOfStud_3": null, "noOfStud_4": null, "operationT": null, "bedCount": null, "specializa": null, "outdoorSer": null, "indoorServ": null, "familyPlan": null, "startingDa": null, "surfaceTyp": null, "surfaceLev": null, "otherSurfa": null, "otherSur_1": null, "hasRoadAcc": null, "storageFac": null, "internetFa": null, "tankBuildD": null, "technicalS": null, "technica_1": null, "placementO": null, "sourceOfWa": null, "noOfServic": null, "isWaterSup": null, "towersName": null, "coverageRa": null, "frequency": null, "isp": null, "hasInter_1": null, "vaccinatio": null, "birthingCe": null, "hasOtherSe": null, "otherServi": null, "serviceUse": null, "width": null, "condition": null, "windDirect": null, "heliMarker": null, "nightLight": null, "helipadCon": null, "wireless": null, "fiber": null, "cable": null, "otherInter": null, "hasEvacuat": null, "designedWi": null, "hasDisaste": null, "hasDrinkin": null, "hasFocalPe": null, "focalPerso": null, "focalPer_1": null, "focalPer_2": null, "focalPer_3": null, "focalPer_4": null, "hasHumanit": null, "hasToilet": null, "isDesigned": null, "hasHelipad": null, "numberOf_1": null, "hasSafetyE": null, "remarksOnB": null, "hasOpenSpa": null, "areaOfOpen": null, "capacityOf": null, "hasDisas_1": null, "hasMedicin": null, "hasBackupE": null, "hasWashFac": null, "hfCode": null, "authority": null, "authorityL": null, "serviceSha": null, "specifyCom": null, "hasDisas_2": null, "specifyAwa": null, "providesDi": null, "specifyDis": null, "hasHealthC": null, "specifyD_1": null, "hasEmploye": null, "noOfEmpl_1": null, "isDrrRelat": null, "specifyWas": null, "hasSleepin": null, "noOfBeds": null, "noOfMats": null, "noOfCots": null, "hasElectri": null, "noOfSleepi": null, "typeOfAppa": null, "numberOfFi": null, "numberOf_2": null, "numberOfOt": null, "extraAppar": null, "ward": 3113, "province": null, "district": null, "municipali": null, "resourceTy": "health", "resource_t": "health", "district_i": 26, "district_n": "Dhading", "districtId": 26, "districtNa": "Dhading", "layer": "Dhading_Hospital", "path": "C:\\Users\\ASUS\\Desktop\\Bipad Portal (All Point Files)\\Health Only\\Dhading_Hospital.shp" }, "geometry": { "type": "Point", "coordinates": [ 84.988289, 27.801081 ] } },
{ "type": "Feature", "properties": { "id": 13779, "title": "Gajuri PHC", "titleNe": null, "descriptio": null, "dataSource": null, "dataSour_1": null, "dataSour_2": null, "lastModifi": "2022-02-25T18:56:05.235", "components": null, "localAddre": null, "localAdd_1": null, "gr": null, "noOfEmploy": null, "noOfMaleEm": null, "noOfFemale": null, "noOfOtherE": null, "noOfDiffer": null, "noOfDiff_1": null, "noOfDiff_2": null, "otherCompo": null, "ownership": null, "elevation": null, "otherOwner": null, "followsGui": null, "serviceTyp": null, "operationa": null, "hospitalBe": null, "icuBed": null, "status": null, "capacityIn": null, "promoter": null, "totalArea": null, "currentLan": null, "remarks": null, "address": null, "emergencyL": null, "operatingD": null, "usableArea": null, "capacity": null, "useOfEvacu": null, "usedAsHeli": null, "isDrinking": null, "isToiletAv": null, "noOfToilet": null, "hasHandWas": null, "noOfHandWa": null, "hasFoodPre": null, "noOfFoodPr": null, "noOfMaleTo": null, "noOfFema_1": null, "noOfCommon": null, "noOfTaps": null, "otherFacil": null, "hasDisable": null, "specifyInf": null, "startTime": null, "endTime": null, "phoneNumbe": null, "vehicleNum": null, "driverName": null, "driverCont": null, "driverAlte": null, "fireEngine": null, "fireBikeCo": null, "otherAppar": null, "ventilator": null, "hasChildIm": null, "hasTdVacci": null, "hasImnci": null, "hasGrowthM": null, "hasSafeMot": null, "hasAntenat": null, "hasPostnat": null, "hasDeliver": null, "hasBasicEm": null, "hasCompreh": null, "hasCompr_1": null, "hasPostAbo": null, "hasCondomP": null, "hasIucd": null, "hasImplant": null, "hasVasecto": null, "hasMinilap": null, "hasOpd": null, "hasGeneral": null, "hasPediatr": null, "hasObsAndG": null, "hasDentalO": null, "hasSurgery": null, "hasGastroi": null, "hasCardiac": null, "hasMental": null, "hasRespira": null, "hasNephrol": null, "hasEnt": null, "hasDermato": null, "hasEndocri": null, "hasOncolog": null, "hasNeurolo": null, "hasOphthal": null, "hasTreatem": null, "hasTreat_1": null, "hasTreat_2": null, "hasTreat_3": null, "hasTreat_4": null, "hasTreat_5": null, "hasLaborat": null, "hasTestHiv": null, "hasTestMal": null, "hasTestTb": null, "hasTestKal": null, "hasUrineRe": null, "hasStoolRe": null, "hasGener_1": null, "hasCulture": null, "hasHormone": null, "hasLeprosy": null, "hasTestCov": null, "hasTestC_1": null, "hasVolunte": null, "hasPmtct": null, "hasAntiRet": null, "hasDental": null, "hasInPatie": null, "hasRadiolo": null, "hasXRay": null, "hasXRayWit": null, "hasUltraso": null, "hasEchocar": null, "hasEcg": null, "hasTrademi": null, "hasCtScan": null, "hasMri": null, "hasEndosco": null, "hasColonos": null, "hasSurgica": null, "hasCaesari": null, "hasGastr_1": null, "hasTraumaS": null, "hasCardi_1": null, "hasNeuroSu": null, "hasPlastic": null, "hasSpecial": null, "hasIcu": null, "hasNicu": null, "hasCcu": null, "hasMicu": null, "hasSncu": null, "hasPicu": null, "hasCardi_2": null, "hasPhysiot": null, "hasAmbulan": null, "hasExtende": null, "hasGeriatr": null, "hasPharmac": null, "hasOcmc": null, "hasHealthI": null, "hasSsu": null, "hasAyurved": null, "hasCovidCl": null, "hasEmergen": null, "hasOperati": null, "hasBloodDo": null, "hasFreeTre": null, "hasFreeT_1": null, "hasFreeT_2": null, "hasFreeT_3": null, "hasFreeT_4": null, "hasFreeT_5": null, "hasFreeT_6": null, "hasFreeT_7": null, "hasFreeT_8": null, "hasFreeT_9": null, "hasInterne": null, "registrati": null, "lastRenewa": null, "dateOfVali": null, "isVerified": false, "verficatio": null, "isApproved": false, "website": null, "emailAddre": null, "localAdd_2": null, "picture": null, "dateOfOper": null, "remarksOnO": null, "operatedBy": null, "religion": null, "otherRelig": null, "drinkingWa": null, "scale": null, "structure": null, "toilet": null, "type": "Primary Health Care Center", "areaOfAirp": null, "kindOfVehi": null, "otherTypeW": null, "numberOfTr": null, "hasDisab_1": false, "nameAndNoO": null, "subtype": null, "otherType": null, "classroomC": null, "isMotorabl": null, "noOfLanes": null, "length": null, "noOfRoom": null, "noOfBed": null, "noOfStuden": null, "noOfMaleSt": null, "noOfFema_2": null, "noOfOtherS": null, "operatorTy": null, "otherOpera": null, "area": null, "altitude": null, "bank": null, "building": null, "hasTechnic": null, "isElectric": null, "isPermanen": null, "level": null, "moneyExcha": null, "atm": null, "noOfDiff_3": null, "noOfDiff_4": null, "noOfDiff_5": null, "noOfStud_1": null, "noOfStud_2": null, "noOfStud_3": null, "noOfStud_4": null, "operationT": null, "bedCount": null, "specializa": null, "outdoorSer": null, "indoorServ": null, "familyPlan": null, "startingDa": null, "surfaceTyp": null, "surfaceLev": null, "otherSurfa": null, "otherSur_1": null, "hasRoadAcc": null, "storageFac": null, "internetFa": null, "tankBuildD": null, "technicalS": null, "technica_1": null, "placementO": null, "sourceOfWa": null, "noOfServic": null, "isWaterSup": null, "towersName": null, "coverageRa": null, "frequency": null, "isp": null, "hasInter_1": null, "vaccinatio": null, "birthingCe": null, "hasOtherSe": null, "otherServi": null, "serviceUse": null, "width": null, "condition": null, "windDirect": null, "heliMarker": null, "nightLight": null, "helipadCon": null, "wireless": null, "fiber": null, "cable": null, "otherInter": null, "hasEvacuat": null, "designedWi": null, "hasDisaste": null, "hasDrinkin": null, "hasFocalPe": null, "focalPerso": null, "focalPer_1": null, "focalPer_2": null, "focalPer_3": null, "focalPer_4": null, "hasHumanit": null, "hasToilet": null, "isDesigned": null, "hasHelipad": null, "numberOf_1": null, "hasSafetyE": null, "remarksOnB": null, "hasOpenSpa": null, "areaOfOpen": null, "capacityOf": null, "hasDisas_1": null, "hasMedicin": null, "hasBackupE": null, "hasWashFac": null, "hfCode": null, "authority": null, "authorityL": null, "serviceSha": null, "specifyCom": null, "hasDisas_2": null, "specifyAwa": null, "providesDi": null, "specifyDis": null, "hasHealthC": null, "specifyD_1": null, "hasEmploye": null, "noOfEmpl_1": null, "isDrrRelat": null, "specifyWas": null, "hasSleepin": null, "noOfBeds": null, "noOfMats": null, "noOfCots": null, "hasElectri": null, "noOfSleepi": null, "typeOfAppa": null, "numberOfFi": null, "numberOf_2": null, "numberOfOt": null, "extraAppar": null, "ward": 3086, "province": null, "district": null, "municipali": null, "resourceTy": "health", "resource_t": "health", "district_i": 26, "district_n": "Dhading", "districtId": 26, "districtNa": "Dhading", "layer": "Dhading_Hospital", "path": "C:\\Users\\ASUS\\Desktop\\Bipad Portal (All Point Files)\\Health Only\\Dhading_Hospital.shp" }, "geometry": { "type": "Point", "coordinates": [ 84.879997, 27.80632 ] } },
{ "type": "Feature", "properties": { "id": 13780, "title": "Gajuri Hospital", "titleNe": null, "descriptio": null, "dataSource": null, "dataSour_1": null, "dataSour_2": null, "lastModifi": "2022-02-25T18:56:05.226", "components": null, "localAddre": null, "localAdd_1": null, "gr": null, "noOfEmploy": null, "noOfMaleEm": null, "noOfFemale": null, "noOfOtherE": null, "noOfDiffer": null, "noOfDiff_1": null, "noOfDiff_2": null, "otherCompo": null, "ownership": null, "elevation": null, "otherOwner": null, "followsGui": null, "serviceTyp": null, "operationa": null, "hospitalBe": null, "icuBed": null, "status": null, "capacityIn": null, "promoter": null, "totalArea": null, "currentLan": null, "remarks": null, "address": null, "emergencyL": null, "operatingD": null, "usableArea": null, "capacity": null, "useOfEvacu": null, "usedAsHeli": null, "isDrinking": null, "isToiletAv": null, "noOfToilet": null, "hasHandWas": null, "noOfHandWa": null, "hasFoodPre": null, "noOfFoodPr": null, "noOfMaleTo": null, "noOfFema_1": null, "noOfCommon": null, "noOfTaps": null, "otherFacil": null, "hasDisable": null, "specifyInf": null, "startTime": null, "endTime": null, "phoneNumbe": null, "vehicleNum": null, "driverName": null, "driverCont": null, "driverAlte": null, "fireEngine": null, "fireBikeCo": null, "otherAppar": null, "ventilator": null, "hasChildIm": null, "hasTdVacci": null, "hasImnci": null, "hasGrowthM": null, "hasSafeMot": null, "hasAntenat": null, "hasPostnat": null, "hasDeliver": null, "hasBasicEm": null, "hasCompreh": null, "hasCompr_1": null, "hasPostAbo": null, "hasCondomP": null, "hasIucd": null, "hasImplant": null, "hasVasecto": null, "hasMinilap": null, "hasOpd": null, "hasGeneral": null, "hasPediatr": null, "hasObsAndG": null, "hasDentalO": null, "hasSurgery": null, "hasGastroi": null, "hasCardiac": null, "hasMental": null, "hasRespira": null, "hasNephrol": null, "hasEnt": null, "hasDermato": null, "hasEndocri": null, "hasOncolog": null, "hasNeurolo": null, "hasOphthal": null, "hasTreatem": null, "hasTreat_1": null, "hasTreat_2": null, "hasTreat_3": null, "hasTreat_4": null, "hasTreat_5": null, "hasLaborat": null, "hasTestHiv": null, "hasTestMal": null, "hasTestTb": null, "hasTestKal": null, "hasUrineRe": null, "hasStoolRe": null, "hasGener_1": null, "hasCulture": null, "hasHormone": null, "hasLeprosy": null, "hasTestCov": null, "hasTestC_1": null, "hasVolunte": null, "hasPmtct": null, "hasAntiRet": null, "hasDental": null, "hasInPatie": null, "hasRadiolo": null, "hasXRay": null, "hasXRayWit": null, "hasUltraso": null, "hasEchocar": null, "hasEcg": null, "hasTrademi": null, "hasCtScan": null, "hasMri": null, "hasEndosco": null, "hasColonos": null, "hasSurgica": null, "hasCaesari": null, "hasGastr_1": null, "hasTraumaS": null, "hasCardi_1": null, "hasNeuroSu": null, "hasPlastic": null, "hasSpecial": null, "hasIcu": null, "hasNicu": null, "hasCcu": null, "hasMicu": null, "hasSncu": null, "hasPicu": null, "hasCardi_2": null, "hasPhysiot": null, "hasAmbulan": null, "hasExtende": null, "hasGeriatr": null, "hasPharmac": null, "hasOcmc": null, "hasHealthI": null, "hasSsu": null, "hasAyurved": null, "hasCovidCl": null, "hasEmergen": null, "hasOperati": null, "hasBloodDo": null, "hasFreeTre": null, "hasFreeT_1": null, "hasFreeT_2": null, "hasFreeT_3": null, "hasFreeT_4": null, "hasFreeT_5": null, "hasFreeT_6": null, "hasFreeT_7": null, "hasFreeT_8": null, "hasFreeT_9": null, "hasInterne": null, "registrati": null, "lastRenewa": null, "dateOfVali": null, "isVerified": false, "verficatio": null, "isApproved": false, "website": null, "emailAddre": null, "localAdd_2": null, "picture": null, "dateOfOper": null, "remarksOnO": null, "operatedBy": null, "religion": null, "otherRelig": null, "drinkingWa": null, "scale": null, "structure": null, "toilet": null, "type": "Hospital", "areaOfAirp": null, "kindOfVehi": null, "otherTypeW": null, "numberOfTr": null, "hasDisab_1": false, "nameAndNoO": null, "subtype": null, "otherType": null, "classroomC": null, "isMotorabl": null, "noOfLanes": null, "length": null, "noOfRoom": null, "noOfBed": null, "noOfStuden": null, "noOfMaleSt": null, "noOfFema_2": null, "noOfOtherS": null, "operatorTy": null, "otherOpera": null, "area": null, "altitude": null, "bank": null, "building": null, "hasTechnic": null, "isElectric": null, "isPermanen": null, "level": null, "moneyExcha": null, "atm": null, "noOfDiff_3": null, "noOfDiff_4": null, "noOfDiff_5": null, "noOfStud_1": null, "noOfStud_2": null, "noOfStud_3": null, "noOfStud_4": null, "operationT": null, "bedCount": null, "specializa": null, "outdoorSer": null, "indoorServ": null, "familyPlan": null, "startingDa": null, "surfaceTyp": null, "surfaceLev": null, "otherSurfa": null, "otherSur_1": null, "hasRoadAcc": null, "storageFac": null, "internetFa": null, "tankBuildD": null, "technicalS": null, "technica_1": null, "placementO": null, "sourceOfWa": null, "noOfServic": null, "isWaterSup": null, "towersName": null, "coverageRa": null, "frequency": null, "isp": null, "hasInter_1": null, "vaccinatio": null, "birthingCe": null, "hasOtherSe": null, "otherServi": null, "serviceUse": null, "width": null, "condition": null, "windDirect": null, "heliMarker": null, "nightLight": null, "helipadCon": null, "wireless": null, "fiber": null, "cable": null, "otherInter": null, "hasEvacuat": null, "designedWi": null, "hasDisaste": null, "hasDrinkin": null, "hasFocalPe": null, "focalPerso": null, "focalPer_1": null, "focalPer_2": null, "focalPer_3": null, "focalPer_4": null, "hasHumanit": null, "hasToilet": null, "isDesigned": null, "hasHelipad": null, "numberOf_1": null, "hasSafetyE": null, "remarksOnB": null, "hasOpenSpa": null, "areaOfOpen": null, "capacityOf": null, "hasDisas_1": null, "hasMedicin": null, "hasBackupE": null, "hasWashFac": null, "hfCode": null, "authority": null, "authorityL": null, "serviceSha": null, "specifyCom": null, "hasDisas_2": null, "specifyAwa": null, "providesDi": null, "specifyDis": null, "hasHealthC": null, "specifyD_1": null, "hasEmploye": null, "noOfEmpl_1": null, "isDrrRelat": null, "specifyWas": null, "hasSleepin": null, "noOfBeds": null, "noOfMats": null, "noOfCots": null, "hasElectri": null, "noOfSleepi": null, "typeOfAppa": null, "numberOfFi": null, "numberOf_2": null, "numberOfOt": null, "extraAppar": null, "ward": 3086, "province": null, "district": null, "municipali": null, "resourceTy": "health", "resource_t": "health", "district_i": 26, "district_n": "Dhading", "districtId": 26, "districtNa": "Dhading", "layer": "Dhading_Hospital", "path": "C:\\Users\\ASUS\\Desktop\\Bipad Portal (All Point Files)\\Health Only\\Dhading_Hospital.shp" }, "geometry": { "type": "Point", "coordinates": [ 84.879333, 27.80547 ] } },
{ "type": "Feature", "properties": { "id": 13781, "title": "Marie Stopes Service", "titleNe": null, "descriptio": null, "dataSource": null, "dataSour_1": null, "dataSour_2": null, "lastModifi": "2022-02-25T18:56:05.217", "components": null, "localAddre": null, "localAdd_1": null, "gr": null, "noOfEmploy": null, "noOfMaleEm": null, "noOfFemale": null, "noOfOtherE": null, "noOfDiffer": null, "noOfDiff_1": null, "noOfDiff_2": null, "otherCompo": null, "ownership": null, "elevation": null, "otherOwner": null, "followsGui": null, "serviceTyp": null, "operationa": null, "hospitalBe": null, "icuBed": null, "status": null, "capacityIn": null, "promoter": null, "totalArea": null, "currentLan": null, "remarks": null, "address": null, "emergencyL": null, "operatingD": null, "usableArea": null, "capacity": null, "useOfEvacu": null, "usedAsHeli": null, "isDrinking": null, "isToiletAv": null, "noOfToilet": null, "hasHandWas": null, "noOfHandWa": null, "hasFoodPre": null, "noOfFoodPr": null, "noOfMaleTo": null, "noOfFema_1": null, "noOfCommon": null, "noOfTaps": null, "otherFacil": null, "hasDisable": null, "specifyInf": null, "startTime": null, "endTime": null, "phoneNumbe": null, "vehicleNum": null, "driverName": null, "driverCont": null, "driverAlte": null, "fireEngine": null, "fireBikeCo": null, "otherAppar": null, "ventilator": null, "hasChildIm": null, "hasTdVacci": null, "hasImnci": null, "hasGrowthM": null, "hasSafeMot": null, "hasAntenat": null, "hasPostnat": null, "hasDeliver": null, "hasBasicEm": null, "hasCompreh": null, "hasCompr_1": null, "hasPostAbo": null, "hasCondomP": null, "hasIucd": null, "hasImplant": null, "hasVasecto": null, "hasMinilap": null, "hasOpd": null, "hasGeneral": null, "hasPediatr": null, "hasObsAndG": null, "hasDentalO": null, "hasSurgery": null, "hasGastroi": null, "hasCardiac": null, "hasMental": null, "hasRespira": null, "hasNephrol": null, "hasEnt": null, "hasDermato": null, "hasEndocri": null, "hasOncolog": null, "hasNeurolo": null, "hasOphthal": null, "hasTreatem": null, "hasTreat_1": null, "hasTreat_2": null, "hasTreat_3": null, "hasTreat_4": null, "hasTreat_5": null, "hasLaborat": null, "hasTestHiv": null, "hasTestMal": null, "hasTestTb": null, "hasTestKal": null, "hasUrineRe": null, "hasStoolRe": null, "hasGener_1": null, "hasCulture": null, "hasHormone": null, "hasLeprosy": null, "hasTestCov": null, "hasTestC_1": null, "hasVolunte": null, "hasPmtct": null, "hasAntiRet": null, "hasDental": null, "hasInPatie": null, "hasRadiolo": null, "hasXRay": null, "hasXRayWit": null, "hasUltraso": null, "hasEchocar": null, "hasEcg": null, "hasTrademi": null, "hasCtScan": null, "hasMri": null, "hasEndosco": null, "hasColonos": null, "hasSurgica": null, "hasCaesari": null, "hasGastr_1": null, "hasTraumaS": null, "hasCardi_1": null, "hasNeuroSu": null, "hasPlastic": null, "hasSpecial": null, "hasIcu": null, "hasNicu": null, "hasCcu": null, "hasMicu": null, "hasSncu": null, "hasPicu": null, "hasCardi_2": null, "hasPhysiot": null, "hasAmbulan": null, "hasExtende": null, "hasGeriatr": null, "hasPharmac": null, "hasOcmc": null, "hasHealthI": null, "hasSsu": null, "hasAyurved": null, "hasCovidCl": null, "hasEmergen": null, "hasOperati": null, "hasBloodDo": null, "hasFreeTre": null, "hasFreeT_1": null, "hasFreeT_2": null, "hasFreeT_3": null, "hasFreeT_4": null, "hasFreeT_5": null, "hasFreeT_6": null, "hasFreeT_7": null, "hasFreeT_8": null, "hasFreeT_9": null, "hasInterne": null, "registrati": null, "lastRenewa": null, "dateOfVali": null, "isVerified": false, "verficatio": null, "isApproved": false, "website": null, "emailAddre": null, "localAdd_2": null, "picture": null, "dateOfOper": null, "remarksOnO": null, "operatedBy": null, "religion": null, "otherRelig": null, "drinkingWa": null, "scale": null, "structure": null, "toilet": null, "type": "Other", "areaOfAirp": null, "kindOfVehi": null, "otherTypeW": null, "numberOfTr": null, "hasDisab_1": false, "nameAndNoO": null, "subtype": null, "otherType": null, "classroomC": null, "isMotorabl": null, "noOfLanes": null, "length": null, "noOfRoom": null, "noOfBed": null, "noOfStuden": null, "noOfMaleSt": null, "noOfFema_2": null, "noOfOtherS": null, "operatorTy": null, "otherOpera": null, "area": null, "altitude": null, "bank": null, "building": null, "hasTechnic": null, "isElectric": null, "isPermanen": null, "level": null, "moneyExcha": null, "atm": null, "noOfDiff_3": null, "noOfDiff_4": null, "noOfDiff_5": null, "noOfStud_1": null, "noOfStud_2": null, "noOfStud_3": null, "noOfStud_4": null, "operationT": null, "bedCount": null, "specializa": null, "outdoorSer": null, "indoorServ": null, "familyPlan": null, "startingDa": null, "surfaceTyp": null, "surfaceLev": null, "otherSurfa": null, "otherSur_1": null, "hasRoadAcc": null, "storageFac": null, "internetFa": null, "tankBuildD": null, "technicalS": null, "technica_1": null, "placementO": null, "sourceOfWa": null, "noOfServic": null, "isWaterSup": null, "towersName": null, "coverageRa": null, "frequency": null, "isp": null, "hasInter_1": null, "vaccinatio": null, "birthingCe": null, "hasOtherSe": null, "otherServi": null, "serviceUse": null, "width": null, "condition": null, "windDirect": null, "heliMarker": null, "nightLight": null, "helipadCon": null, "wireless": null, "fiber": null, "cable": null, "otherInter": null, "hasEvacuat": null, "designedWi": null, "hasDisaste": null, "hasDrinkin": null, "hasFocalPe": null, "focalPerso": null, "focalPer_1": null, "focalPer_2": null, "focalPer_3": null, "focalPer_4": null, "hasHumanit": null, "hasToilet": null, "isDesigned": null, "hasHelipad": null, "numberOf_1": null, "hasSafetyE": null, "remarksOnB": null, "hasOpenSpa": null, "areaOfOpen": null, "capacityOf": null, "hasDisas_1": null, "hasMedicin": null, "hasBackupE": null, "hasWashFac": null, "hfCode": null, "authority": null, "authorityL": null, "serviceSha": null, "specifyCom": null, "hasDisas_2": null, "specifyAwa": null, "providesDi": null, "specifyDis": null, "hasHealthC": null, "specifyD_1": null, "hasEmploye": null, "noOfEmpl_1": null, "isDrrRelat": null, "specifyWas": null, "hasSleepin": null, "noOfBeds": null, "noOfMats": null, "noOfCots": null, "hasElectri": null, "noOfSleepi": null, "typeOfAppa": null, "numberOfFi": null, "numberOf_2": null, "numberOfOt": null, "extraAppar": null, "ward": 3086, "province": null, "district": null, "municipali": null, "resourceTy": "health", "resource_t": "health", "district_i": 26, "district_n": "Dhading", "districtId": 26, "districtNa": "Dhading", "layer": "Dhading_Hospital", "path": "C:\\Users\\ASUS\\Desktop\\Bipad Portal (All Point Files)\\Health Only\\Dhading_Hospital.shp" }, "geometry": { "type": "Point", "coordinates": [ 84.875732, 27.80489 ] } },
{ "type": "Feature", "properties": { "id": 16101, "title": "Gajuri Hospital", "titleNe": null, "descriptio": null, "dataSource": null, "dataSour_1": null, "dataSour_2": null, "lastModifi": "2022-02-25T18:55:35.382", "components": null, "localAddre": null, "localAdd_1": null, "gr": null, "noOfEmploy": 6, "noOfMaleEm": null, "noOfFemale": null, "noOfOtherE": null, "noOfDiffer": null, "noOfDiff_1": null, "noOfDiff_2": null, "otherCompo": null, "ownership": null, "elevation": null, "otherOwner": null, "followsGui": null, "serviceTyp": null, "operationa": null, "hospitalBe": null, "icuBed": null, "status": null, "capacityIn": null, "promoter": null, "totalArea": null, "currentLan": null, "remarks": null, "address": null, "emergencyL": null, "operatingD": null, "usableArea": null, "capacity": null, "useOfEvacu": null, "usedAsHeli": null, "isDrinking": null, "isToiletAv": null, "noOfToilet": null, "hasHandWas": null, "noOfHandWa": null, "hasFoodPre": null, "noOfFoodPr": null, "noOfMaleTo": null, "noOfFema_1": null, "noOfCommon": null, "noOfTaps": null, "otherFacil": null, "hasDisable": null, "specifyInf": null, "startTime": null, "endTime": null, "phoneNumbe": null, "vehicleNum": null, "driverName": null, "driverCont": null, "driverAlte": null, "fireEngine": null, "fireBikeCo": null, "otherAppar": null, "ventilator": null, "hasChildIm": null, "hasTdVacci": null, "hasImnci": null, "hasGrowthM": null, "hasSafeMot": null, "hasAntenat": null, "hasPostnat": null, "hasDeliver": null, "hasBasicEm": null, "hasCompreh": null, "hasCompr_1": null, "hasPostAbo": null, "hasCondomP": null, "hasIucd": null, "hasImplant": null, "hasVasecto": null, "hasMinilap": null, "hasOpd": null, "hasGeneral": null, "hasPediatr": null, "hasObsAndG": null, "hasDentalO": null, "hasSurgery": null, "hasGastroi": null, "hasCardiac": null, "hasMental": null, "hasRespira": null, "hasNephrol": null, "hasEnt": null, "hasDermato": null, "hasEndocri": null, "hasOncolog": null, "hasNeurolo": null, "hasOphthal": null, "hasTreatem": null, "hasTreat_1": null, "hasTreat_2": null, "hasTreat_3": null, "hasTreat_4": null, "hasTreat_5": null, "hasLaborat": null, "hasTestHiv": null, "hasTestMal": null, "hasTestTb": null, "hasTestKal": null, "hasUrineRe": null, "hasStoolRe": null, "hasGener_1": null, "hasCulture": null, "hasHormone": null, "hasLeprosy": null, "hasTestCov": null, "hasTestC_1": null, "hasVolunte": null, "hasPmtct": null, "hasAntiRet": null, "hasDental": null, "hasInPatie": null, "hasRadiolo": null, "hasXRay": null, "hasXRayWit": null, "hasUltraso": null, "hasEchocar": null, "hasEcg": null, "hasTrademi": null, "hasCtScan": null, "hasMri": null, "hasEndosco": null, "hasColonos": null, "hasSurgica": null, "hasCaesari": null, "hasGastr_1": null, "hasTraumaS": null, "hasCardi_1": null, "hasNeuroSu": null, "hasPlastic": null, "hasSpecial": null, "hasIcu": null, "hasNicu": null, "hasCcu": null, "hasMicu": null, "hasSncu": null, "hasPicu": null, "hasCardi_2": null, "hasPhysiot": null, "hasAmbulan": null, "hasExtende": null, "hasGeriatr": null, "hasPharmac": null, "hasOcmc": null, "hasHealthI": null, "hasSsu": null, "hasAyurved": null, "hasCovidCl": null, "hasEmergen": null, "hasOperati": null, "hasBloodDo": null, "hasFreeTre": null, "hasFreeT_1": null, "hasFreeT_2": null, "hasFreeT_3": null, "hasFreeT_4": null, "hasFreeT_5": null, "hasFreeT_6": null, "hasFreeT_7": null, "hasFreeT_8": null, "hasFreeT_9": null, "hasInterne": null, "registrati": null, "lastRenewa": null, "dateOfVali": null, "isVerified": false, "verficatio": null, "isApproved": false, "website": null, "emailAddre": null, "localAdd_2": null, "picture": null, "dateOfOper": null, "remarksOnO": null, "operatedBy": null, "religion": null, "otherRelig": null, "drinkingWa": null, "scale": null, "structure": null, "toilet": null, "type": "Hospital", "areaOfAirp": null, "kindOfVehi": null, "otherTypeW": null, "numberOfTr": null, "hasDisab_1": false, "nameAndNoO": null, "subtype": null, "otherType": null, "classroomC": null, "isMotorabl": null, "noOfLanes": null, "length": null, "noOfRoom": null, "noOfBed": null, "noOfStuden": null, "noOfMaleSt": null, "noOfFema_2": null, "noOfOtherS": null, "operatorTy": null, "otherOpera": null, "area": null, "altitude": null, "bank": null, "building": null, "hasTechnic": null, "isElectric": null, "isPermanen": null, "level": null, "moneyExcha": null, "atm": null, "noOfDiff_3": null, "noOfDiff_4": null, "noOfDiff_5": null, "noOfStud_1": null, "noOfStud_2": null, "noOfStud_3": null, "noOfStud_4": null, "operationT": null, "bedCount": 25, "specializa": null, "outdoorSer": null, "indoorServ": null, "familyPlan": null, "startingDa": null, "surfaceTyp": null, "surfaceLev": null, "otherSurfa": null, "otherSur_1": null, "hasRoadAcc": null, "storageFac": null, "internetFa": null, "tankBuildD": null, "technicalS": null, "technica_1": null, "placementO": null, "sourceOfWa": null, "noOfServic": null, "isWaterSup": null, "towersName": null, "coverageRa": null, "frequency": null, "isp": null, "hasInter_1": null, "vaccinatio": null, "birthingCe": null, "hasOtherSe": null, "otherServi": null, "serviceUse": null, "width": null, "condition": null, "windDirect": null, "heliMarker": null, "nightLight": null, "helipadCon": null, "wireless": null, "fiber": null, "cable": null, "otherInter": null, "hasEvacuat": null, "designedWi": null, "hasDisaste": null, "hasDrinkin": null, "hasFocalPe": null, "focalPerso": null, "focalPer_1": null, "focalPer_2": null, "focalPer_3": null, "focalPer_4": null, "hasHumanit": null, "hasToilet": null, "isDesigned": null, "hasHelipad": null, "numberOf_1": null, "hasSafetyE": null, "remarksOnB": null, "hasOpenSpa": null, "areaOfOpen": null, "capacityOf": null, "hasDisas_1": null, "hasMedicin": null, "hasBackupE": null, "hasWashFac": null, "hfCode": null, "authority": null, "authorityL": null, "serviceSha": null, "specifyCom": null, "hasDisas_2": null, "specifyAwa": null, "providesDi": null, "specifyDis": null, "hasHealthC": null, "specifyD_1": null, "hasEmploye": null, "noOfEmpl_1": null, "isDrrRelat": null, "specifyWas": null, "hasSleepin": null, "noOfBeds": null, "noOfMats": null, "noOfCots": null, "hasElectri": null, "noOfSleepi": null, "typeOfAppa": null, "numberOfFi": null, "numberOf_2": null, "numberOfOt": null, "extraAppar": null, "ward": 3086, "province": null, "district": null, "municipali": null, "resourceTy": "health", "resource_t": "health", "district_i": 26, "district_n": "Dhading", "districtId": 26, "districtNa": "Dhading", "layer": "Dhading_Hospital", "path": "C:\\Users\\ASUS\\Desktop\\Bipad Portal (All Point Files)\\Health Only\\Dhading_Hospital.shp" }, "geometry": { "type": "Point", "coordinates": [ 84.8793615, 27.8052449 ] } },
{ "type": "Feature", "properties": { "id": 17498, "title": "Primary Health Center, Gajuri", "titleNe": null, "descriptio": null, "dataSource": null, "dataSour_1": null, "dataSour_2": null, "lastModifi": "2022-02-25T18:55:20.936", "components": null, "localAddre": null, "localAdd_1": null, "gr": null, "noOfEmploy": 6, "noOfMaleEm": null, "noOfFemale": null, "noOfOtherE": null, "noOfDiffer": null, "noOfDiff_1": null, "noOfDiff_2": null, "otherCompo": null, "ownership": null, "elevation": null, "otherOwner": null, "followsGui": null, "serviceTyp": null, "operationa": null, "hospitalBe": null, "icuBed": null, "status": null, "capacityIn": null, "promoter": null, "totalArea": null, "currentLan": null, "remarks": null, "address": null, "emergencyL": null, "operatingD": null, "usableArea": null, "capacity": null, "useOfEvacu": null, "usedAsHeli": null, "isDrinking": null, "isToiletAv": null, "noOfToilet": null, "hasHandWas": null, "noOfHandWa": null, "hasFoodPre": null, "noOfFoodPr": null, "noOfMaleTo": null, "noOfFema_1": null, "noOfCommon": null, "noOfTaps": null, "otherFacil": null, "hasDisable": null, "specifyInf": null, "startTime": null, "endTime": null, "phoneNumbe": null, "vehicleNum": null, "driverName": null, "driverCont": null, "driverAlte": null, "fireEngine": null, "fireBikeCo": null, "otherAppar": null, "ventilator": null, "hasChildIm": null, "hasTdVacci": null, "hasImnci": null, "hasGrowthM": null, "hasSafeMot": null, "hasAntenat": null, "hasPostnat": null, "hasDeliver": null, "hasBasicEm": null, "hasCompreh": null, "hasCompr_1": null, "hasPostAbo": null, "hasCondomP": null, "hasIucd": null, "hasImplant": null, "hasVasecto": null, "hasMinilap": null, "hasOpd": null, "hasGeneral": null, "hasPediatr": null, "hasObsAndG": null, "hasDentalO": null, "hasSurgery": null, "hasGastroi": null, "hasCardiac": null, "hasMental": null, "hasRespira": null, "hasNephrol": null, "hasEnt": null, "hasDermato": null, "hasEndocri": null, "hasOncolog": null, "hasNeurolo": null, "hasOphthal": null, "hasTreatem": null, "hasTreat_1": null, "hasTreat_2": null, "hasTreat_3": null, "hasTreat_4": null, "hasTreat_5": null, "hasLaborat": null, "hasTestHiv": null, "hasTestMal": null, "hasTestTb": null, "hasTestKal": null, "hasUrineRe": null, "hasStoolRe": null, "hasGener_1": null, "hasCulture": null, "hasHormone": null, "hasLeprosy": null, "hasTestCov": null, "hasTestC_1": null, "hasVolunte": null, "hasPmtct": null, "hasAntiRet": null, "hasDental": null, "hasInPatie": null, "hasRadiolo": null, "hasXRay": null, "hasXRayWit": null, "hasUltraso": null, "hasEchocar": null, "hasEcg": null, "hasTrademi": null, "hasCtScan": null, "hasMri": null, "hasEndosco": null, "hasColonos": null, "hasSurgica": null, "hasCaesari": null, "hasGastr_1": null, "hasTraumaS": null, "hasCardi_1": null, "hasNeuroSu": null, "hasPlastic": null, "hasSpecial": null, "hasIcu": null, "hasNicu": null, "hasCcu": null, "hasMicu": null, "hasSncu": null, "hasPicu": null, "hasCardi_2": null, "hasPhysiot": null, "hasAmbulan": null, "hasExtende": null, "hasGeriatr": null, "hasPharmac": null, "hasOcmc": null, "hasHealthI": null, "hasSsu": null, "hasAyurved": null, "hasCovidCl": null, "hasEmergen": null, "hasOperati": null, "hasBloodDo": null, "hasFreeTre": null, "hasFreeT_1": null, "hasFreeT_2": null, "hasFreeT_3": null, "hasFreeT_4": null, "hasFreeT_5": null, "hasFreeT_6": null, "hasFreeT_7": null, "hasFreeT_8": null, "hasFreeT_9": null, "hasInterne": null, "registrati": null, "lastRenewa": null, "dateOfVali": null, "isVerified": false, "verficatio": null, "isApproved": false, "website": null, "emailAddre": null, "localAdd_2": null, "picture": null, "dateOfOper": null, "remarksOnO": null, "operatedBy": null, "religion": null, "otherRelig": null, "drinkingWa": null, "scale": null, "structure": null, "toilet": null, "type": "Hospital", "areaOfAirp": null, "kindOfVehi": null, "otherTypeW": null, "numberOfTr": null, "hasDisab_1": false, "nameAndNoO": null, "subtype": null, "otherType": null, "classroomC": null, "isMotorabl": null, "noOfLanes": null, "length": null, "noOfRoom": null, "noOfBed": null, "noOfStuden": null, "noOfMaleSt": null, "noOfFema_2": null, "noOfOtherS": null, "operatorTy": null, "otherOpera": null, "area": null, "altitude": null, "bank": null, "building": null, "hasTechnic": null, "isElectric": null, "isPermanen": null, "level": null, "moneyExcha": null, "atm": null, "noOfDiff_3": null, "noOfDiff_4": null, "noOfDiff_5": null, "noOfStud_1": null, "noOfStud_2": null, "noOfStud_3": null, "noOfStud_4": null, "operationT": null, "bedCount": 25, "specializa": null, "outdoorSer": null, "indoorServ": null, "familyPlan": null, "startingDa": null, "surfaceTyp": null, "surfaceLev": null, "otherSurfa": null, "otherSur_1": null, "hasRoadAcc": null, "storageFac": null, "internetFa": null, "tankBuildD": null, "technicalS": null, "technica_1": null, "placementO": null, "sourceOfWa": null, "noOfServic": null, "isWaterSup": null, "towersName": null, "coverageRa": null, "frequency": null, "isp": null, "hasInter_1": null, "vaccinatio": null, "birthingCe": null, "hasOtherSe": null, "otherServi": null, "serviceUse": null, "width": null, "condition": null, "windDirect": null, "heliMarker": null, "nightLight": null, "helipadCon": null, "wireless": null, "fiber": null, "cable": null, "otherInter": null, "hasEvacuat": null, "designedWi": null, "hasDisaste": null, "hasDrinkin": null, "hasFocalPe": null, "focalPerso": null, "focalPer_1": null, "focalPer_2": null, "focalPer_3": null, "focalPer_4": null, "hasHumanit": null, "hasToilet": null, "isDesigned": null, "hasHelipad": null, "numberOf_1": null, "hasSafetyE": null, "remarksOnB": null, "hasOpenSpa": null, "areaOfOpen": null, "capacityOf": null, "hasDisas_1": null, "hasMedicin": null, "hasBackupE": null, "hasWashFac": null, "hfCode": null, "authority": null, "authorityL": null, "serviceSha": null, "specifyCom": null, "hasDisas_2": null, "specifyAwa": null, "providesDi": null, "specifyDis": null, "hasHealthC": null, "specifyD_1": null, "hasEmploye": null, "noOfEmpl_1": null, "isDrrRelat": null, "specifyWas": null, "hasSleepin": null, "noOfBeds": null, "noOfMats": null, "noOfCots": null, "hasElectri": null, "noOfSleepi": null, "typeOfAppa": null, "numberOfFi": null, "numberOf_2": null, "numberOfOt": null, "extraAppar": null, "ward": 3086, "province": null, "district": null, "municipali": null, "resourceTy": "health", "resource_t": "health", "district_i": 26, "district_n": "Dhading", "districtId": 26, "districtNa": "Dhading", "layer": "Dhading_Hospital", "path": "C:\\Users\\ASUS\\Desktop\\Bipad Portal (All Point Files)\\Health Only\\Dhading_Hospital.shp" }, "geometry": { "type": "Point", "coordinates": [ 84.8799835, 27.8064806 ] } },
{ "type": "Feature", "properties": { "id": 52251, "title": "Parshant Pharmacy", "titleNe": "प्रशान्त फार्मेसी", "descriptio": null, "dataSource": null, "dataSour_1": null, "dataSour_2": null, "lastModifi": "2023-01-10T16:47:52.480", "components": null, "localAddre": "Chaukitar", "localAdd_1": null, "gr": null, "noOfEmploy": null, "noOfMaleEm": null, "noOfFemale": null, "noOfOtherE": null, "noOfDiffer": null, "noOfDiff_1": null, "noOfDiff_2": null, "otherCompo": null, "ownership": "Private Enterprises", "elevation": null, "otherOwner": null, "followsGui": null, "serviceTyp": "Allopathy", "operationa": "Functional", "hospitalBe": null, "icuBed": null, "status": null, "capacityIn": null, "promoter": null, "totalArea": null, "currentLan": null, "remarks": null, "address": null, "emergencyL": null, "operatingD": null, "usableArea": null, "capacity": null, "useOfEvacu": null, "usedAsHeli": null, "isDrinking": null, "isToiletAv": null, "noOfToilet": null, "hasHandWas": null, "noOfHandWa": null, "hasFoodPre": null, "noOfFoodPr": null, "noOfMaleTo": null, "noOfFema_1": null, "noOfCommon": null, "noOfTaps": null, "otherFacil": null, "hasDisable": null, "specifyInf": null, "startTime": "06:00:00", "endTime": "08:00:00", "phoneNumbe": "+977-9846891710", "vehicleNum": null, "driverName": null, "driverCont": null, "driverAlte": null, "fireEngine": null, "fireBikeCo": null, "otherAppar": null, "ventilator": null, "hasChildIm": "false", "hasTdVacci": "false", "hasImnci": "false", "hasGrowthM": "false", "hasSafeMot": "false", "hasAntenat": "false", "hasPostnat": "false", "hasDeliver": "false", "hasBasicEm": "false", "hasCompreh": "false", "hasCompr_1": "false", "hasPostAbo": "false", "hasCondomP": "true", "hasIucd": "false", "hasImplant": "false", "hasVasecto": "false", "hasMinilap": "false", "hasOpd": "false", "hasGeneral": "false", "hasPediatr": "false", "hasObsAndG": "false", "hasDentalO": "false", "hasSurgery": "false", "hasGastroi": "false", "hasCardiac": "false", "hasMental": "false", "hasRespira": "false", "hasNephrol": "false", "hasEnt": "false", "hasDermato": "false", "hasEndocri": "false", "hasOncolog": "false", "hasNeurolo": "false", "hasOphthal": "false", "hasTreatem": "false", "hasTreat_1": "false", "hasTreat_2": "false", "hasTreat_3": "false", "hasTreat_4": "false", "hasTreat_5": "false", "hasLaborat": "false", "hasTestHiv": "false", "hasTestMal": "false", "hasTestTb": "false", "hasTestKal": "false", "hasUrineRe": "false", "hasStoolRe": "false", "hasGener_1": "false", "hasCulture": "false", "hasHormone": "false", "hasLeprosy": "false", "hasTestCov": "false", "hasTestC_1": "false", "hasVolunte": "false", "hasPmtct": "false", "hasAntiRet": "false", "hasDental": "false", "hasInPatie": "false", "hasRadiolo": "false", "hasXRay": "false", "hasXRayWit": "false", "hasUltraso": "false", "hasEchocar": "false", "hasEcg": "false", "hasTrademi": "false", "hasCtScan": "false", "hasMri": "false", "hasEndosco": "false", "hasColonos": "false", "hasSurgica": "false", "hasCaesari": "false", "hasGastr_1": "false", "hasTraumaS": "false", "hasCardi_1": "false", "hasNeuroSu": "false", "hasPlastic": "false", "hasSpecial": "false", "hasIcu": "false", "hasNicu": "false", "hasCcu": "false", "hasMicu": "false", "hasSncu": "false", "hasPicu": "false", "hasCardi_2": "false", "hasPhysiot": "false", "hasAmbulan": "false", "hasExtende": "false", "hasGeriatr": "false", "hasPharmac": "true", "hasOcmc": "false", "hasHealthI": "false", "hasSsu": "false", "hasAyurved": "false", "hasCovidCl": "false", "hasEmergen": "false", "hasOperati": "false", "hasBloodDo": "false", "hasFreeTre": "false", "hasFreeT_1": "false", "hasFreeT_2": "false", "hasFreeT_3": "false", "hasFreeT_4": "false", "hasFreeT_5": "false", "hasFreeT_6": "false", "hasFreeT_7": "false", "hasFreeT_8": "false", "hasFreeT_9": "false", "hasInterne": null, "registrati": "2068/08/12", "lastRenewa": "2078/10/14", "dateOfVali": "2080/10/19", "isVerified": false, "verficatio": null, "isApproved": false, "website": null, "emailAddre": null, "localAdd_2": null, "picture": "https://bipadportal.gov.np/mediafiles/resources/health/1663134420022.jpg", "dateOfOper": null, "remarksOnO": null, "operatedBy": null, "religion": null, "otherRelig": null, "drinkingWa": null, "scale": null, "structure": null, "toilet": null, "type": "Pharmacy", "areaOfAirp": null, "kindOfVehi": null, "otherTypeW": null, "numberOfTr": null, "hasDisab_1": false, "nameAndNoO": null, "subtype": null, "otherType": null, "classroomC": null, "isMotorabl": null, "noOfLanes": null, "length": null, "noOfRoom": null, "noOfBed": null, "noOfStuden": null, "noOfMaleSt": null, "noOfFema_2": null, "noOfOtherS": null, "operatorTy": "Other", "otherOpera": null, "area": null, "altitude": null, "bank": null, "building": null, "hasTechnic": null, "isElectric": null, "isPermanen": null, "level": null, "moneyExcha": null, "atm": null, "noOfDiff_3": null, "noOfDiff_4": null, "noOfDiff_5": null, "noOfStud_1": null, "noOfStud_2": null, "noOfStud_3": null, "noOfStud_4": null, "operationT": null, "bedCount": null, "specializa": "Pharmacy", "outdoorSer": null, "indoorServ": null, "familyPlan": "true", "startingDa": null, "surfaceTyp": null, "surfaceLev": null, "otherSurfa": null, "otherSur_1": null, "hasRoadAcc": null, "storageFac": null, "internetFa": null, "tankBuildD": null, "technicalS": null, "technica_1": null, "placementO": null, "sourceOfWa": null, "noOfServic": null, "isWaterSup": null, "towersName": null, "coverageRa": null, "frequency": null, "isp": null, "hasInter_1": true, "vaccinatio": "false", "birthingCe": null, "hasOtherSe": null, "otherServi": null, "serviceUse": null, "width": null, "condition": null, "windDirect": null, "heliMarker": null, "nightLight": null, "helipadCon": null, "wireless": null, "fiber": null, "cable": null, "otherInter": null, "hasEvacuat": "true", "designedWi": null, "hasDisaste": null, "hasDrinkin": null, "hasFocalPe": "false", "focalPerso": null, "focalPer_1": null, "focalPer_2": null, "focalPer_3": null, "focalPer_4": null, "hasHumanit": null, "hasToilet": null, "isDesigned": "false", "hasHelipad": "false", "numberOf_1": null, "hasSafetyE": null, "remarksOnB": null, "hasOpenSpa": "false", "areaOfOpen": null, "capacityOf": null, "hasDisas_1": null, "hasMedicin": "false", "hasBackupE": "false", "hasWashFac": null, "hfCode": null, "authority": "Non Government", "authorityL": "Local", "serviceSha": null, "specifyCom": null, "hasDisas_2": null, "specifyAwa": null, "providesDi": null, "specifyDis": null, "hasHealthC": null, "specifyD_1": null, "hasEmploye": null, "noOfEmpl_1": null, "isDrrRelat": null, "specifyWas": null, "hasSleepin": null, "noOfBeds": null, "noOfMats": null, "noOfCots": null, "hasElectri": null, "noOfSleepi": null, "typeOfAppa": null, "numberOfFi": null, "numberOf_2": null, "numberOfOt": null, "extraAppar": null, "ward": 3125, "province": null, "district": null, "municipali": null, "resourceTy": "health", "resource_t": "health", "district_i": 26, "district_n": "Dhading", "districtId": 26, "districtNa": "Dhading", "layer": "Dhading_Hospital", "path": "C:\\Users\\ASUS\\Desktop\\Bipad Portal (All Point Files)\\Health Only\\Dhading_Hospital.shp" }, "geometry": { "type": "Point", "coordinates": [ 84.699939228594303, 27.806639564955741 ] } },
{ "type": "Feature", "properties": { "id": 52252, "title": "Jogimara Health Post", "titleNe": "जोगीमारा स्वास्थ्य चौकि", "descriptio": null, "dataSource": null, "dataSour_1": null, "dataSour_2": null, "lastModifi": "2023-01-10T16:47:53.065", "components": null, "localAddre": "Chaukitar", "localAdd_1": null, "gr": null, "noOfEmploy": 8, "noOfMaleEm": "3", "noOfFemale": "5", "noOfOtherE": null, "noOfDiffer": null, "noOfDiff_1": null, "noOfDiff_2": null, "otherCompo": null, "ownership": "Local Government", "elevation": null, "otherOwner": null, "followsGui": null, "serviceTyp": "Allopathy", "operationa": "Functional", "hospitalBe": null, "icuBed": null, "status": null, "capacityIn": null, "promoter": null, "totalArea": null, "currentLan": null, "remarks": null, "address": null, "emergencyL": null, "operatingD": null, "usableArea": null, "capacity": null, "useOfEvacu": null, "usedAsHeli": null, "isDrinking": null, "isToiletAv": null, "noOfToilet": null, "hasHandWas": null, "noOfHandWa": null, "hasFoodPre": null, "noOfFoodPr": null, "noOfMaleTo": null, "noOfFema_1": null, "noOfCommon": null, "noOfTaps": null, "otherFacil": null, "hasDisable": null, "specifyInf": null, "startTime": "10:00:00", "endTime": "17:00:00", "phoneNumbe": "+977-9851148226", "vehicleNum": null, "driverName": null, "driverCont": null, "driverAlte": null, "fireEngine": null, "fireBikeCo": null, "otherAppar": null, "ventilator": null, "hasChildIm": "true", "hasTdVacci": "true", "hasImnci": "true", "hasGrowthM": "true", "hasSafeMot": "true", "hasAntenat": "true", "hasPostnat": "true", "hasDeliver": "true", "hasBasicEm": "false", "hasCompreh": "false", "hasCompr_1": "false", "hasPostAbo": "false", "hasCondomP": "true", "hasIucd": "true", "hasImplant": "true", "hasVasecto": "false", "hasMinilap": "false", "hasOpd": "true", "hasGeneral": "true", "hasPediatr": "false", "hasObsAndG": "false", "hasDentalO": "false", "hasSurgery": "false", "hasGastroi": "false", "hasCardiac": "false", "hasMental": "false", "hasRespira": "false", "hasNephrol": "false", "hasEnt": "false", "hasDermato": "false", "hasEndocri": "false", "hasOncolog": "false", "hasNeurolo": "false", "hasOphthal": "false", "hasTreatem": "true", "hasTreat_1": "false", "hasTreat_2": "true", "hasTreat_3": "true", "hasTreat_4": "true", "hasTreat_5": "true", "hasLaborat": "true", "hasTestHiv": "true", "hasTestMal": "true", "hasTestTb": "true", "hasTestKal": "true", "hasUrineRe": "true", "hasStoolRe": "true", "hasGener_1": "true", "hasCulture": "false", "hasHormone": "false", "hasLeprosy": "false", "hasTestCov": "true", "hasTestC_1": "true", "hasVolunte": "true", "hasPmtct": "true", "hasAntiRet": "false", "hasDental": "false", "hasInPatie": "false", "hasRadiolo": "false", "hasXRay": "false", "hasXRayWit": "false", "hasUltraso": "false", "hasEchocar": "false", "hasEcg": "false", "hasTrademi": "false", "hasCtScan": "false", "hasMri": "false", "hasEndosco": "false", "hasColonos": "false", "hasSurgica": "false", "hasCaesari": "false", "hasGastr_1": "false", "hasTraumaS": "false", "hasCardi_1": "false", "hasNeuroSu": "false", "hasPlastic": "false", "hasSpecial": "false", "hasIcu": "false", "hasNicu": "false", "hasCcu": "false", "hasMicu": "false", "hasSncu": "false", "hasPicu": "false", "hasCardi_2": "false", "hasPhysiot": "false", "hasAmbulan": "false", "hasExtende": "false", "hasGeriatr": "false", "hasPharmac": "false", "hasOcmc": "false", "hasHealthI": "false", "hasSsu": "false", "hasAyurved": "false", "hasCovidCl": "false", "hasEmergen": "true", "hasOperati": "false", "hasBloodDo": "false", "hasFreeTre": "false", "hasFreeT_1": "false", "hasFreeT_2": "false", "hasFreeT_3": "false", "hasFreeT_4": "false", "hasFreeT_5": "false", "hasFreeT_6": "false", "hasFreeT_7": "false", "hasFreeT_8": "false", "hasFreeT_9": "false", "hasInterne": null, "registrati": "2051/8/5", "lastRenewa": null, "dateOfVali": null, "isVerified": false, "verficatio": null, "isApproved": false, "website": null, "emailAddre": null, "localAdd_2": null, "picture": "https://bipadportal.gov.np/mediafiles/resources/health/1663136162076.jpg", "dateOfOper": null, "remarksOnO": "Summer:10-5\nWinter:10-4", "operatedBy": null, "religion": null, "otherRelig": null, "drinkingWa": null, "scale": null, "structure": null, "toilet": null, "type": "Community Health Unit", "areaOfAirp": null, "kindOfVehi": null, "otherTypeW": null, "numberOfTr": null, "hasDisab_1": false, "nameAndNoO": null, "subtype": null, "otherType": null, "classroomC": null, "isMotorabl": null, "noOfLanes": null, "length": null, "noOfRoom": null, "noOfBed": null, "noOfStuden": null, "noOfMaleSt": null, "noOfFema_2": null, "noOfOtherS": null, "operatorTy": "Other", "otherOpera": null, "area": null, "altitude": null, "bank": null, "building": null, "hasTechnic": null, "isElectric": null, "isPermanen": null, "level": null, "moneyExcha": null, "atm": null, "noOfDiff_3": null, "noOfDiff_4": null, "noOfDiff_5": null, "noOfStud_1": null, "noOfStud_2": null, "noOfStud_3": null, "noOfStud_4": null, "operationT": null, "bedCount": null, "specializa": null, "outdoorSer": null, "indoorServ": null, "familyPlan": "true", "startingDa": null, "surfaceTyp": null, "surfaceLev": null, "otherSurfa": null, "otherSur_1": null, "hasRoadAcc": null, "storageFac": null, "internetFa": null, "tankBuildD": null, "technicalS": null, "technica_1": null, "placementO": null, "sourceOfWa": null, "noOfServic": null, "isWaterSup": null, "towersName": null, "coverageRa": null, "frequency": null, "isp": null, "hasInter_1": true, "vaccinatio": "true", "birthingCe": null, "hasOtherSe": null, "otherServi": null, "serviceUse": null, "width": null, "condition": null, "windDirect": null, "heliMarker": null, "nightLight": null, "helipadCon": null, "wireless": null, "fiber": null, "cable": null, "otherInter": null, "hasEvacuat": "true", "designedWi": null, "hasDisaste": null, "hasDrinkin": null, "hasFocalPe": "false", "focalPerso": null, "focalPer_1": null, "focalPer_2": null, "focalPer_3": null, "focalPer_4": null, "hasHumanit": null, "hasToilet": null, "isDesigned": "false", "hasHelipad": "false", "numberOf_1": null, "hasSafetyE": null, "remarksOnB": null, "hasOpenSpa": "true", "areaOfOpen": "1.0 ropani", "capacityOf": null, "hasDisas_1": null, "hasMedicin": "true", "hasBackupE": "false", "hasWashFac": null, "hfCode": null, "authority": "Government", "authorityL": "Local", "serviceSha": null, "specifyCom": null, "hasDisas_2": null, "specifyAwa": null, "providesDi": null, "specifyDis": null, "hasHealthC": null, "specifyD_1": null, "hasEmploye": null, "noOfEmpl_1": null, "isDrrRelat": null, "specifyWas": null, "hasSleepin": null, "noOfBeds": null, "noOfMats": null, "noOfCots": null, "hasElectri": null, "noOfSleepi": null, "typeOfAppa": null, "numberOfFi": null, "numberOf_2": null, "numberOfOt": null, "extraAppar": null, "ward": 3125, "province": null, "district": null, "municipali": null, "resourceTy": "health", "resource_t": "health", "district_i": 26, "district_n": "Dhading", "districtId": 26, "districtNa": "Dhading", "layer": "Dhading_Hospital", "path": "C:\\Users\\ASUS\\Desktop\\Bipad Portal (All Point Files)\\Health Only\\Dhading_Hospital.shp" }, "geometry": { "type": "Point", "coordinates": [ 84.699385352432728, 27.806343300351571 ] } },
{ "type": "Feature", "properties": { "id": 52253, "title": "Bihani Clinic and Pharmacy Private Limited", "titleNe": "बिहानि क्लिनिक र फार्मेसि प्राइभेट लिमिटेड", "descriptio": null, "dataSource": null, "dataSour_1": null, "dataSour_2": null, "lastModifi": "2023-01-10T16:47:53.602", "components": null, "localAddre": "Majhimtar", "localAdd_1": null, "gr": null, "noOfEmploy": 3, "noOfMaleEm": "2", "noOfFemale": "1", "noOfOtherE": null, "noOfDiffer": null, "noOfDiff_1": null, "noOfDiff_2": null, "otherCompo": null, "ownership": "Private Enterprises", "elevation": null, "otherOwner": null, "followsGui": null, "serviceTyp": "Allopathy", "operationa": "Functional", "hospitalBe": "Functional", "icuBed": null, "status": null, "capacityIn": null, "promoter": null, "totalArea": null, "currentLan": null, "remarks": null, "address": null, "emergencyL": null, "operatingD": null, "usableArea": null, "capacity": null, "useOfEvacu": null, "usedAsHeli": null, "isDrinking": null, "isToiletAv": null, "noOfToilet": null, "hasHandWas": null, "noOfHandWa": null, "hasFoodPre": null, "noOfFoodPr": null, "noOfMaleTo": null, "noOfFema_1": null, "noOfCommon": null, "noOfTaps": null, "otherFacil": null, "hasDisable": null, "specifyInf": null, "startTime": "07:00:00", "endTime": "20:00:00", "phoneNumbe": "+977-9813769357", "vehicleNum": null, "driverName": null, "driverCont": null, "driverAlte": null, "fireEngine": null, "fireBikeCo": null, "otherAppar": null, "ventilator": null, "hasChildIm": "false", "hasTdVacci": "true", "hasImnci": "false", "hasGrowthM": "false", "hasSafeMot": "false", "hasAntenat": "false", "hasPostnat": "false", "hasDeliver": "false", "hasBasicEm": "false", "hasCompreh": "false", "hasCompr_1": "false", "hasPostAbo": "false", "hasCondomP": "true", "hasIucd": "false", "hasImplant": "false", "hasVasecto": "false", "hasMinilap": "false", "hasOpd": "true", "hasGeneral": "true", "hasPediatr": "false", "hasObsAndG": "false", "hasDentalO": "false", "hasSurgery": "false", "hasGastroi": "false", "hasCardiac": "false", "hasMental": "false", "hasRespira": "false", "hasNephrol": "false", "hasEnt": "false", "hasDermato": "false", "hasEndocri": "false", "hasOncolog": "false", "hasNeurolo": "false", "hasOphthal": "false", "hasTreatem": "false", "hasTreat_1": "false", "hasTreat_2": "false", "hasTreat_3": "false", "hasTreat_4": "false", "hasTreat_5": "false", "hasLaborat": "true", "hasTestHiv": "false", "hasTestMal": "false", "hasTestTb": "false", "hasTestKal": "false", "hasUrineRe": "true", "hasStoolRe": "true", "hasGener_1": "true", "hasCulture": "false", "hasHormone": "false", "hasLeprosy": "false", "hasTestCov": "false", "hasTestC_1": "false", "hasVolunte": "false", "hasPmtct": "false", "hasAntiRet": "false", "hasDental": "false", "hasInPatie": "false", "hasRadiolo": "false", "hasXRay": "false", "hasXRayWit": "false", "hasUltraso": "false", "hasEchocar": "false", "hasEcg": "false", "hasTrademi": "false", "hasCtScan": "false", "hasMri": "false", "hasEndosco": "false", "hasColonos": "false", "hasSurgica": "false", "hasCaesari": "false", "hasGastr_1": "false", "hasTraumaS": "false", "hasCardi_1": "false", "hasNeuroSu": "false", "hasPlastic": "false", "hasSpecial": "false", "hasIcu": "false", "hasNicu": "false", "hasCcu": "false", "hasMicu": "false", "hasSncu": "false", "hasPicu": "false", "hasCardi_2": "false", "hasPhysiot": "false", "hasAmbulan": "false", "hasExtende": "false", "hasGeriatr": "false", "hasPharmac": "true", "hasOcmc": "false", "hasHealthI": "false", "hasSsu": "false", "hasAyurved": "false", "hasCovidCl": "false", "hasEmergen": "true", "hasOperati": "false", "hasBloodDo": "false", "hasFreeTre": "false", "hasFreeT_1": "false", "hasFreeT_2": "false", "hasFreeT_3": "false", "hasFreeT_4": "false", "hasFreeT_5": "false", "hasFreeT_6": "false", "hasFreeT_7": "false", "hasFreeT_8": "false", "hasFreeT_9": "false", "hasInterne": null, "registrati": "2075/05/18", "lastRenewa": "2079/4/29", "dateOfVali": "2080/4/29", "isVerified": false, "verficatio": null, "isApproved": false, "website": null, "emailAddre": null, "localAdd_2": null, "picture": "https://bipadportal.gov.np/mediafiles/resources/health/1663138769997.jpg", "dateOfOper": null, "remarksOnO": null, "operatedBy": null, "religion": null, "otherRelig": null, "drinkingWa": null, "scale": null, "structure": null, "toilet": null, "type": "Clinic (Eye/Medical)", "areaOfAirp": null, "kindOfVehi": null, "otherTypeW": null, "numberOfTr": null, "hasDisab_1": false, "nameAndNoO": null, "subtype": null, "otherType": null, "classroomC": null, "isMotorabl": null, "noOfLanes": null, "length": null, "noOfRoom": null, "noOfBed": null, "noOfStuden": null, "noOfMaleSt": null, "noOfFema_2": null, "noOfOtherS": null, "operatorTy": "Other", "otherOpera": null, "area": null, "altitude": null, "bank": null, "building": null, "hasTechnic": null, "isElectric": null, "isPermanen": null, "level": null, "moneyExcha": null, "atm": null, "noOfDiff_3": null, "noOfDiff_4": null, "noOfDiff_5": null, "noOfStud_1": null, "noOfStud_2": null, "noOfStud_3": null, "noOfStud_4": null, "operationT": null, "bedCount": 5, "specializa": null, "outdoorSer": null, "indoorServ": null, "familyPlan": "true", "startingDa": null, "surfaceTyp": null, "surfaceLev": null, "otherSurfa": null, "otherSur_1": null, "hasRoadAcc": null, "storageFac": null, "internetFa": null, "tankBuildD": null, "technicalS": null, "technica_1": null, "placementO": null, "sourceOfWa": null, "noOfServic": null, "isWaterSup": null, "towersName": null, "coverageRa": null, "frequency": null, "isp": null, "hasInter_1": true, "vaccinatio": "true", "birthingCe": null, "hasOtherSe": null, "otherServi": null, "serviceUse": null, "width": null, "condition": null, "windDirect": null, "heliMarker": null, "nightLight": null, "helipadCon": null, "wireless": null, "fiber": null, "cable": null, "otherInter": null, "hasEvacuat": "true", "designedWi": null, "hasDisaste": null, "hasDrinkin": null, "hasFocalPe": "false", "focalPerso": null, "focalPer_1": null, "focalPer_2": null, "focalPer_3": null, "focalPer_4": null, "hasHumanit": null, "hasToilet": null, "isDesigned": "false", "hasHelipad": "false", "numberOf_1": null, "hasSafetyE": null, "remarksOnB": null, "hasOpenSpa": "false", "areaOfOpen": null, "capacityOf": null, "hasDisas_1": null, "hasMedicin": "false", "hasBackupE": "true", "hasWashFac": null, "hfCode": null, "authority": "Non Government", "authorityL": null, "serviceSha": null, "specifyCom": null, "hasDisas_2": null, "specifyAwa": null, "providesDi": null, "specifyDis": null, "hasHealthC": null, "specifyD_1": null, "hasEmploye": null, "noOfEmpl_1": null, "isDrrRelat": null, "specifyWas": null, "hasSleepin": null, "noOfBeds": null, "noOfMats": null, "noOfCots": null, "hasElectri": null, "noOfSleepi": null, "typeOfAppa": null, "numberOfFi": null, "numberOf_2": null, "numberOfOt": null, "extraAppar": null, "ward": 3125, "province": null, "district": null, "municipali": null, "resourceTy": "health", "resource_t": "health", "district_i": 26, "district_n": "Dhading", "districtId": 26, "districtNa": "Dhading", "layer": "Dhading_Hospital", "path": "C:\\Users\\ASUS\\Desktop\\Bipad Portal (All Point Files)\\Health Only\\Dhading_Hospital.shp" }, "geometry": { "type": "Point", "coordinates": [ 84.704040661454201, 27.80573030585769 ] } },
{ "type": "Feature", "properties": { "id": 52254, "title": "Basic Health Care Center", "titleNe": "आधारभुत स्वास्थय सेवा केन्द्र", "descriptio": null, "dataSource": null, "dataSour_1": null, "dataSour_2": null, "lastModifi": "2023-01-10T16:47:53.991", "components": null, "localAddre": "Charaudi", "localAdd_1": null, "gr": null, "noOfEmploy": 4, "noOfMaleEm": "1", "noOfFemale": "3", "noOfOtherE": null, "noOfDiffer": null, "noOfDiff_1": null, "noOfDiff_2": null, "otherCompo": null, "ownership": "Local Government", "elevation": null, "otherOwner": null, "followsGui": null, "serviceTyp": "Allopathy", "operationa": "Functional", "hospitalBe": "Functional", "icuBed": null, "status": null, "capacityIn": null, "promoter": null, "totalArea": null, "currentLan": null, "remarks": null, "address": null, "emergencyL": null, "operatingD": null, "usableArea": null, "capacity": null, "useOfEvacu": null, "usedAsHeli": null, "isDrinking": null, "isToiletAv": null, "noOfToilet": null, "hasHandWas": null, "noOfHandWa": null, "hasFoodPre": null, "noOfFoodPr": null, "noOfMaleTo": null, "noOfFema_1": null, "noOfCommon": null, "noOfTaps": null, "otherFacil": null, "hasDisable": null, "specifyInf": "Ramp, toilet", "startTime": "10:00:00", "endTime": "17:00:00", "phoneNumbe": "+977-9863643555", "vehicleNum": null, "driverName": null, "driverCont": null, "driverAlte": null, "fireEngine": null, "fireBikeCo": null, "otherAppar": null, "ventilator": null, "hasChildIm": "true", "hasTdVacci": "true", "hasImnci": "true", "hasGrowthM": "true", "hasSafeMot": "true", "hasAntenat": "true", "hasPostnat": "true", "hasDeliver": "true", "hasBasicEm": "false", "hasCompreh": "false", "hasCompr_1": "false", "hasPostAbo": "false", "hasCondomP": "true", "hasIucd": "false", "hasImplant": "false", "hasVasecto": "false", "hasMinilap": "false", "hasOpd": "true", "hasGeneral": "true", "hasPediatr": "true", "hasObsAndG": "true", "hasDentalO": "false", "hasSurgery": "false", "hasGastroi": "true", "hasCardiac": "false", "hasMental": "true", "hasRespira": "true", "hasNephrol": "true", "hasEnt": "true", "hasDermato": "true", "hasEndocri": "true", "hasOncolog": "true", "hasNeurolo": "true", "hasOphthal": "true", "hasTreatem": "true", "hasTreat_1": "true", "hasTreat_2": "true", "hasTreat_3": "true", "hasTreat_4": "true", "hasTreat_5": "true", "hasLaborat": "true", "hasTestHiv": "true", "hasTestMal": "true", "hasTestTb": "true", "hasTestKal": "false", "hasUrineRe": "true", "hasStoolRe": "true", "hasGener_1": "true", "hasCulture": "false", "hasHormone": "false", "hasLeprosy": "false", "hasTestCov": "false", "hasTestC_1": "true", "hasVolunte": "true", "hasPmtct": "true", "hasAntiRet": "false", "hasDental": "false", "hasInPatie": "true", "hasRadiolo": "false", "hasXRay": "false", "hasXRayWit": "false", "hasUltraso": "false", "hasEchocar": "false", "hasEcg": "false", "hasTrademi": "false", "hasCtScan": "false", "hasMri": "false", "hasEndosco": "false", "hasColonos": "false", "hasSurgica": "false", "hasCaesari": "false", "hasGastr_1": "false", "hasTraumaS": "false", "hasCardi_1": "false", "hasNeuroSu": "false", "hasPlastic": "false", "hasSpecial": "false", "hasIcu": "false", "hasNicu": "false", "hasCcu": "false", "hasMicu": "false", "hasSncu": "false", "hasPicu": "false", "hasCardi_2": "false", "hasPhysiot": "false", "hasAmbulan": "false", "hasExtende": "false", "hasGeriatr": "false", "hasPharmac": "false", "hasOcmc": "false", "hasHealthI": "false", "hasSsu": "false", "hasAyurved": "false", "hasCovidCl": "false", "hasEmergen": "true", "hasOperati": "false", "hasBloodDo": "false", "hasFreeTre": "false", "hasFreeT_1": "false", "hasFreeT_2": "false", "hasFreeT_3": "false", "hasFreeT_4": "false", "hasFreeT_5": "false", "hasFreeT_6": "false", "hasFreeT_7": "false", "hasFreeT_8": "false", "hasFreeT_9": "false", "hasInterne": null, "registrati": "2075/10/15", "lastRenewa": null, "dateOfVali": null, "isVerified": false, "verficatio": null, "isApproved": false, "website": null, "emailAddre": null, "localAdd_2": null, "picture": "https://bipadportal.gov.np/mediafiles/resources/health/1663661834109.jpg", "dateOfOper": null, "remarksOnO": "Summer:10-5\nWinter:10-4", "operatedBy": null, "religion": null, "otherRelig": null, "drinkingWa": null, "scale": null, "structure": null, "toilet": null, "type": "Basic Health Care Center", "areaOfAirp": null, "kindOfVehi": null, "otherTypeW": null, "numberOfTr": null, "hasDisab_1": true, "nameAndNoO": null, "subtype": null, "otherType": null, "classroomC": null, "isMotorabl": null, "noOfLanes": null, "length": null, "noOfRoom": null, "noOfBed": null, "noOfStuden": null, "noOfMaleSt": null, "noOfFema_2": null, "noOfOtherS": null, "operatorTy": "Other", "otherOpera": null, "area": null, "altitude": null, "bank": null, "building": null, "hasTechnic": null, "isElectric": null, "isPermanen": null, "level": null, "moneyExcha": null, "atm": null, "noOfDiff_3": null, "noOfDiff_4": null, "noOfDiff_5": null, "noOfStud_1": null, "noOfStud_2": null, "noOfStud_3": null, "noOfStud_4": null, "operationT": null, "bedCount": 2, "specializa": "Birthing center", "outdoorSer": null, "indoorServ": null, "familyPlan": "true", "startingDa": null, "surfaceTyp": null, "surfaceLev": null, "otherSurfa": null, "otherSur_1": null, "hasRoadAcc": null, "storageFac": null, "internetFa": null, "tankBuildD": null, "technicalS": null, "technica_1": null, "placementO": null, "sourceOfWa": null, "noOfServic": null, "isWaterSup": null, "towersName": null, "coverageRa": null, "frequency": null, "isp": null, "hasInter_1": true, "vaccinatio": "true", "birthingCe": null, "hasOtherSe": null, "otherServi": null, "serviceUse": null, "width": null, "condition": null, "windDirect": null, "heliMarker": null, "nightLight": null, "helipadCon": null, "wireless": null, "fiber": null, "cable": null, "otherInter": null, "hasEvacuat": "false", "designedWi": null, "hasDisaste": null, "hasDrinkin": null, "hasFocalPe": "false", "focalPerso": null, "focalPer_1": null, "focalPer_2": null, "focalPer_3": null, "focalPer_4": null, "hasHumanit": null, "hasToilet": null, "isDesigned": "true", "hasHelipad": "false", "numberOf_1": null, "hasSafetyE": null, "remarksOnB": null, "hasOpenSpa": "false", "areaOfOpen": null, "capacityOf": null, "hasDisas_1": null, "hasMedicin": "false", "hasBackupE": "true", "hasWashFac": null, "hfCode": null, "authority": "Government", "authorityL": "Local", "serviceSha": null, "specifyCom": null, "hasDisas_2": null, "specifyAwa": null, "providesDi": null, "specifyDis": null, "hasHealthC": null, "specifyD_1": null, "hasEmploye": null, "noOfEmpl_1": null, "isDrrRelat": null, "specifyWas": null, "hasSleepin": null, "noOfBeds": null, "noOfMats": null, "noOfCots": null, "hasElectri": null, "noOfSleepi": null, "typeOfAppa": null, "numberOfFi": null, "numberOf_2": null, "numberOfOt": null, "extraAppar": null, "ward": 3082, "province": null, "district": null, "municipali": null, "resourceTy": "health", "resource_t": "health", "district_i": 26, "district_n": "Dhading", "districtId": 26, "districtNa": "Dhading", "layer": "Dhading_Hospital", "path": "C:\\Users\\ASUS\\Desktop\\Bipad Portal (All Point Files)\\Health Only\\Dhading_Hospital.shp" }, "geometry": { "type": "Point", "coordinates": [ 84.749075286090374, 27.80338832068669 ] } },
{ "type": "Feature", "properties": { "id": 52255, "title": "Bhadrakali Kandel Eye Care Center", "titleNe": "भद्रकालि कंडेल आँखा उपचार केन्द्र", "descriptio": null, "dataSource": null, "dataSour_1": null, "dataSour_2": null, "lastModifi": "2023-01-10T16:47:54.461", "components": null, "localAddre": "Benighat bazar", "localAdd_1": null, "gr": null, "noOfEmploy": 2, "noOfMaleEm": "1", "noOfFemale": "1", "noOfOtherE": null, "noOfDiffer": null, "noOfDiff_1": null, "noOfDiff_2": null, "otherCompo": null, "ownership": "Non Government Organization", "elevation": null, "otherOwner": null, "followsGui": null, "serviceTyp": "Integrated Service", "operationa": "Functional", "hospitalBe": null, "icuBed": null, "status": null, "capacityIn": null, "promoter": null, "totalArea": null, "currentLan": null, "remarks": null, "address": null, "emergencyL": null, "operatingD": null, "usableArea": null, "capacity": null, "useOfEvacu": null, "usedAsHeli": null, "isDrinking": null, "isToiletAv": null, "noOfToilet": null, "hasHandWas": null, "noOfHandWa": null, "hasFoodPre": null, "noOfFoodPr": null, "noOfMaleTo": null, "noOfFema_1": null, "noOfCommon": null, "noOfTaps": null, "otherFacil": null, "hasDisable": null, "specifyInf": null, "startTime": "10:00:00", "endTime": "17:00:00", "phoneNumbe": "+977-9801564757, 056-520333", "vehicleNum": null, "driverName": null, "driverCont": null, "driverAlte": null, "fireEngine": null, "fireBikeCo": null, "otherAppar": null, "ventilator": null, "hasChildIm": "false", "hasTdVacci": "false", "hasImnci": "false", "hasGrowthM": "false", "hasSafeMot": "false", "hasAntenat": "false", "hasPostnat": "false", "hasDeliver": "false", "hasBasicEm": "false", "hasCompreh": "false", "hasCompr_1": "false", "hasPostAbo": "false", "hasCondomP": "false", "hasIucd": "false", "hasImplant": "false", "hasVasecto": "false", "hasMinilap": "false", "hasOpd": "true", "hasGeneral": "false", "hasPediatr": "false", "hasObsAndG": "false", "hasDentalO": "false", "hasSurgery": "false", "hasGastroi": "false", "hasCardiac": "false", "hasMental": "false", "hasRespira": "false", "hasNephrol": "false", "hasEnt": "false", "hasDermato": "false", "hasEndocri": "false", "hasOncolog": "false", "hasNeurolo": "false", "hasOphthal": "true", "hasTreatem": "false", "hasTreat_1": "false", "hasTreat_2": "false", "hasTreat_3": "false", "hasTreat_4": "false", "hasTreat_5": "false", "hasLaborat": "false", "hasTestHiv": "false", "hasTestMal": "false", "hasTestTb": "false", "hasTestKal": "false", "hasUrineRe": "false", "hasStoolRe": "false", "hasGener_1": "false", "hasCulture": "false", "hasHormone": "false", "hasLeprosy": "false", "hasTestCov": "false", "hasTestC_1": "false", "hasVolunte": "false", "hasPmtct": "false", "hasAntiRet": "false", "hasDental": "false", "hasInPatie": "false", "hasRadiolo": "false", "hasXRay": "false", "hasXRayWit": "false", "hasUltraso": "false", "hasEchocar": "false", "hasEcg": "false", "hasTrademi": "false", "hasCtScan": "false", "hasMri": "false", "hasEndosco": "false", "hasColonos": "false", "hasSurgica": "false", "hasCaesari": "false", "hasGastr_1": "false", "hasTraumaS": "false", "hasCardi_1": "false", "hasNeuroSu": "false", "hasPlastic": "false", "hasSpecial": "false", "hasIcu": "false", "hasNicu": "false", "hasCcu": "false", "hasMicu": "false", "hasSncu": "false", "hasPicu": "false", "hasCardi_2": "false", "hasPhysiot": "false", "hasAmbulan": "false", "hasExtende": "false", "hasGeriatr": "false", "hasPharmac": "true", "hasOcmc": "false", "hasHealthI": "false", "hasSsu": "false", "hasAyurved": "false", "hasCovidCl": "false", "hasEmergen": "true", "hasOperati": "false", "hasBloodDo": "false", "hasFreeTre": "false", "hasFreeT_1": "false", "hasFreeT_2": "false", "hasFreeT_3": "false", "hasFreeT_4": "false", "hasFreeT_5": "false", "hasFreeT_6": "false", "hasFreeT_7": "false", "hasFreeT_8": "false", "hasFreeT_9": "false", "hasInterne": null, "registrati": "2078/06/10", "lastRenewa": null, "dateOfVali": null, "isVerified": false, "verficatio": null, "isApproved": false, "website": null, "emailAddre": null, "localAdd_2": null, "picture": "https://bipadportal.gov.np/mediafiles/resources/health/1665904155053.jpg", "dateOfOper": null, "remarksOnO": "Summer - 10-5\nWinter-10-4", "operatedBy": null, "religion": null, "otherRelig": null, "drinkingWa": null, "scale": null, "structure": null, "toilet": null, "type": "Clinic (Eye/Medical)", "areaOfAirp": null, "kindOfVehi": null, "otherTypeW": null, "numberOfTr": null, "hasDisab_1": false, "nameAndNoO": null, "subtype": null, "otherType": null, "classroomC": null, "isMotorabl": null, "noOfLanes": null, "length": null, "noOfRoom": null, "noOfBed": null, "noOfStuden": null, "noOfMaleSt": null, "noOfFema_2": null, "noOfOtherS": null, "operatorTy": "Other", "otherOpera": null, "area": null, "altitude": null, "bank": null, "building": null, "hasTechnic": null, "isElectric": null, "isPermanen": null, "level": null, "moneyExcha": null, "atm": null, "noOfDiff_3": null, "noOfDiff_4": null, "noOfDiff_5": null, "noOfStud_1": null, "noOfStud_2": null, "noOfStud_3": null, "noOfStud_4": null, "operationT": null, "bedCount": null, "specializa": "Eye care facility", "outdoorSer": null, "indoorServ": null, "familyPlan": "false", "startingDa": null, "surfaceTyp": null, "surfaceLev": null, "otherSurfa": null, "otherSur_1": null, "hasRoadAcc": null, "storageFac": null, "internetFa": null, "tankBuildD": null, "technicalS": null, "technica_1": null, "placementO": null, "sourceOfWa": null, "noOfServic": null, "isWaterSup": null, "towersName": null, "coverageRa": null, "frequency": null, "isp": null, "hasInter_1": true, "vaccinatio": "false", "birthingCe": null, "hasOtherSe": null, "otherServi": null, "serviceUse": null, "width": null, "condition": null, "windDirect": null, "heliMarker": null, "nightLight": null, "helipadCon": null, "wireless": null, "fiber": null, "cable": null, "otherInter": null, "hasEvacuat": "false", "designedWi": null, "hasDisaste": null, "hasDrinkin": null, "hasFocalPe": "false", "focalPerso": null, "focalPer_1": null, "focalPer_2": null, "focalPer_3": null, "focalPer_4": null, "hasHumanit": null, "hasToilet": null, "isDesigned": "true", "hasHelipad": "false", "numberOf_1": null, "hasSafetyE": null, "remarksOnB": null, "hasOpenSpa": "true", "areaOfOpen": "2.0 aana", "capacityOf": null, "hasDisas_1": null, "hasMedicin": "true", "hasBackupE": "true", "hasWashFac": null, "hfCode": null, "authority": "Non Government", "authorityL": "Local", "serviceSha": null, "specifyCom": null, "hasDisas_2": null, "specifyAwa": null, "providesDi": null, "specifyDis": null, "hasHealthC": null, "specifyD_1": null, "hasEmploye": null, "noOfEmpl_1": null, "isDrrRelat": null, "specifyWas": null, "hasSleepin": null, "noOfBeds": null, "noOfMats": null, "noOfCots": null, "hasElectri": null, "noOfSleepi": null, "typeOfAppa": null, "numberOfFi": null, "numberOf_2": null, "numberOfOt": null, "extraAppar": null, "ward": 3116, "province": null, "district": null, "municipali": null, "resourceTy": "health", "resource_t": "health", "district_i": 26, "district_n": "Dhading", "districtId": 26, "districtNa": "Dhading", "layer": "Dhading_Hospital", "path": "C:\\Users\\ASUS\\Desktop\\Bipad Portal (All Point Files)\\Health Only\\Dhading_Hospital.shp" }, "geometry": { "type": "Point", "coordinates": [ 84.781102202832699, 27.81063772356044 ] } },
{ "type": "Feature", "properties": { "id": 52256, "title": "Aryana Pharma", "titleNe": "आर्याना फर्मा", "descriptio": null, "dataSource": null, "dataSour_1": null, "dataSour_2": null, "lastModifi": "2023-01-10T16:47:54.818", "components": null, "localAddre": "Benighat", "localAdd_1": null, "gr": null, "noOfEmploy": 1, "noOfMaleEm": "1", "noOfFemale": null, "noOfOtherE": null, "noOfDiffer": null, "noOfDiff_1": null, "noOfDiff_2": null, "otherCompo": null, "ownership": "Private Enterprises", "elevation": null, "otherOwner": null, "followsGui": null, "serviceTyp": "Allopathy", "operationa": "Functional", "hospitalBe": null, "icuBed": null, "status": null, "capacityIn": null, "promoter": null, "totalArea": null, "currentLan": null, "remarks": null, "address": null, "emergencyL": null, "operatingD": null, "usableArea": null, "capacity": null, "useOfEvacu": null, "usedAsHeli": null, "isDrinking": null, "isToiletAv": null, "noOfToilet": null, "hasHandWas": null, "noOfHandWa": null, "hasFoodPre": null, "noOfFoodPr": null, "noOfMaleTo": null, "noOfFema_1": null, "noOfCommon": null, "noOfTaps": null, "otherFacil": null, "hasDisable": null, "specifyInf": null, "startTime": "06:30:00", "endTime": "20:00:00", "phoneNumbe": "+977-9845330672", "vehicleNum": null, "driverName": null, "driverCont": null, "driverAlte": null, "fireEngine": null, "fireBikeCo": null, "otherAppar": null, "ventilator": null, "hasChildIm": "false", "hasTdVacci": "true", "hasImnci": "false", "hasGrowthM": "false", "hasSafeMot": "false", "hasAntenat": "false", "hasPostnat": "false", "hasDeliver": "false", "hasBasicEm": "false", "hasCompreh": "false", "hasCompr_1": "false", "hasPostAbo": "false", "hasCondomP": "true", "hasIucd": "false", "hasImplant": "false", "hasVasecto": "false", "hasMinilap": "false", "hasOpd": "false", "hasGeneral": "false", "hasPediatr": "false", "hasObsAndG": "false", "hasDentalO": "false", "hasSurgery": "false", "hasGastroi": "false", "hasCardiac": "false", "hasMental": "false", "hasRespira": "false", "hasNephrol": "false", "hasEnt": "false", "hasDermato": "false", "hasEndocri": "false", "hasOncolog": "false", "hasNeurolo": "false", "hasOphthal": "false", "hasTreatem": "false", "hasTreat_1": "false", "hasTreat_2": "false", "hasTreat_3": "false", "hasTreat_4": "false", "hasTreat_5": "false", "hasLaborat": "false", "hasTestHiv": "false", "hasTestMal": "false", "hasTestTb": "false", "hasTestKal": "false", "hasUrineRe": "false", "hasStoolRe": "false", "hasGener_1": "false", "hasCulture": "false", "hasHormone": "false", "hasLeprosy": "false", "hasTestCov": "false", "hasTestC_1": "false", "hasVolunte": "false", "hasPmtct": "false", "hasAntiRet": "false", "hasDental": "false", "hasInPatie": "false", "hasRadiolo": "false", "hasXRay": "false", "hasXRayWit": "false", "hasUltraso": "false", "hasEchocar": "false", "hasEcg": "false", "hasTrademi": "false", "hasCtScan": "false", "hasMri": "false", "hasEndosco": "false", "hasColonos": "false", "hasSurgica": "false", "hasCaesari": "false", "hasGastr_1": "false", "hasTraumaS": "false", "hasCardi_1": "false", "hasNeuroSu": "false", "hasPlastic": "false", "hasSpecial": "false", "hasIcu": "false", "hasNicu": "false", "hasCcu": "false", "hasMicu": "false", "hasSncu": "false", "hasPicu": "false", "hasCardi_2": "false", "hasPhysiot": "false", "hasAmbulan": "false", "hasExtende": "false", "hasGeriatr": "false", "hasPharmac": "true", "hasOcmc": "false", "hasHealthI": "false", "hasSsu": "false", "hasAyurved": "false", "hasCovidCl": "false", "hasEmergen": "false", "hasOperati": "false", "hasBloodDo": "false", "hasFreeTre": "false", "hasFreeT_1": "false", "hasFreeT_2": "false", "hasFreeT_3": "false", "hasFreeT_4": "false", "hasFreeT_5": "false", "hasFreeT_6": "false", "hasFreeT_7": "false", "hasFreeT_8": "false", "hasFreeT_9": "false", "hasInterne": null, "registrati": "2066", "lastRenewa": "2079/06/04", "dateOfVali": "2080/06/04", "isVerified": false, "verficatio": null, "isApproved": false, "website": null, "emailAddre": null, "localAdd_2": null, "picture": "https://bipadportal.gov.np/mediafiles/resources/health/1665910439539.jpg", "dateOfOper": null, "remarksOnO": null, "operatedBy": null, "religion": null, "otherRelig": null, "drinkingWa": null, "scale": null, "structure": null, "toilet": null, "type": "Pharmacy", "areaOfAirp": null, "kindOfVehi": null, "otherTypeW": null, "numberOfTr": null, "hasDisab_1": false, "nameAndNoO": null, "subtype": null, "otherType": null, "classroomC": null, "isMotorabl": null, "noOfLanes": null, "length": null, "noOfRoom": null, "noOfBed": null, "noOfStuden": null, "noOfMaleSt": null, "noOfFema_2": null, "noOfOtherS": null, "operatorTy": "Other", "otherOpera": null, "area": null, "altitude": null, "bank": null, "building": null, "hasTechnic": null, "isElectric": null, "isPermanen": null, "level": null, "moneyExcha": null, "atm": null, "noOfDiff_3": null, "noOfDiff_4": null, "noOfDiff_5": null, "noOfStud_1": null, "noOfStud_2": null, "noOfStud_3": null, "noOfStud_4": null, "operationT": null, "bedCount": null, "specializa": "Pharmacy", "outdoorSer": null, "indoorServ": null, "familyPlan": "true", "startingDa": null, "surfaceTyp": null, "surfaceLev": null, "otherSurfa": null, "otherSur_1": null, "hasRoadAcc": null, "storageFac": null, "internetFa": null, "tankBuildD": null, "technicalS": null, "technica_1": null, "placementO": null, "sourceOfWa": null, "noOfServic": null, "isWaterSup": null, "towersName": null, "coverageRa": null, "frequency": null, "isp": null, "hasInter_1": true, "vaccinatio": "true", "birthingCe": null, "hasOtherSe": null, "otherServi": null, "serviceUse": null, "width": null, "condition": null, "windDirect": null, "heliMarker": null, "nightLight": null, "helipadCon": null, "wireless": null, "fiber": null, "cable": null, "otherInter": null, "hasEvacuat": "false", "designedWi": null, "hasDisaste": null, "hasDrinkin": null, "hasFocalPe": "false", "focalPerso": null, "focalPer_1": null, "focalPer_2": null, "focalPer_3": null, "focalPer_4": null, "hasHumanit": null, "hasToilet": null, "isDesigned": "false", "hasHelipad": "false", "numberOf_1": null, "hasSafetyE": null, "remarksOnB": null, "hasOpenSpa": "false", "areaOfOpen": null, "capacityOf": null, "hasDisas_1": null, "hasMedicin": "true", "hasBackupE": "false", "hasWashFac": null, "hfCode": null, "authority": "Non Government", "authorityL": "Local", "serviceSha": null, "specifyCom": null, "hasDisas_2": null, "specifyAwa": null, "providesDi": null, "specifyDis": null, "hasHealthC": null, "specifyD_1": null, "hasEmploye": null, "noOfEmpl_1": null, "isDrrRelat": null, "specifyWas": null, "hasSleepin": null, "noOfBeds": null, "noOfMats": null, "noOfCots": null, "hasElectri": null, "noOfSleepi": null, "typeOfAppa": null, "numberOfFi": null, "numberOf_2": null, "numberOfOt": null, "extraAppar": null, "ward": 3116, "province": null, "district": null, "municipali": null, "resourceTy": "health", "resource_t": "health", "district_i": 26, "district_n": "Dhading", "districtId": 26, "districtNa": "Dhading", "layer": "Dhading_Hospital", "path": "C:\\Users\\ASUS\\Desktop\\Bipad Portal (All Point Files)\\Health Only\\Dhading_Hospital.shp" }, "geometry": { "type": "Point", "coordinates": [ 84.781245701014996, 27.811240311176661 ] } },
{ "type": "Feature", "properties": { "id": 52257, "title": "Benighat Health Post", "titleNe": "बेनिघाट स्वास्थ्य चौकि", "descriptio": null, "dataSource": null, "dataSour_1": null, "dataSour_2": null, "lastModifi": "2023-01-10T16:47:55.187", "components": null, "localAddre": "Benighat", "localAdd_1": null, "gr": null, "noOfEmploy": 6, "noOfMaleEm": "1", "noOfFemale": "5", "noOfOtherE": null, "noOfDiffer": null, "noOfDiff_1": null, "noOfDiff_2": null, "otherCompo": null, "ownership": "Local Government", "elevation": null, "otherOwner": null, "followsGui": null, "serviceTyp": "Allopathy", "operationa": "Functional", "hospitalBe": null, "icuBed": null, "status": null, "capacityIn": null, "promoter": null, "totalArea": null, "currentLan": null, "remarks": null, "address": null, "emergencyL": null, "operatingD": null, "usableArea": null, "capacity": null, "useOfEvacu": null, "usedAsHeli": null, "isDrinking": null, "isToiletAv": null, "noOfToilet": null, "hasHandWas": null, "noOfHandWa": null, "hasFoodPre": null, "noOfFoodPr": null, "noOfMaleTo": null, "noOfFema_1": null, "noOfCommon": null, "noOfTaps": null, "otherFacil": null, "hasDisable": null, "specifyInf": null, "startTime": "10:00:00", "endTime": "17:00:00", "phoneNumbe": "+977-9848030287,010-416006", "vehicleNum": null, "driverName": null, "driverCont": null, "driverAlte": null, "fireEngine": null, "fireBikeCo": null, "otherAppar": null, "ventilator": null, "hasChildIm": "true", "hasTdVacci": "true", "hasImnci": "true", "hasGrowthM": "true", "hasSafeMot": "true", "hasAntenat": "true", "hasPostnat": "true", "hasDeliver": "true", "hasBasicEm": "false", "hasCompreh": "false", "hasCompr_1": "false", "hasPostAbo": "false", "hasCondomP": "true", "hasIucd": "true", "hasImplant": "true", "hasVasecto": "false", "hasMinilap": "false", "hasOpd": "true", "hasGeneral": "true", "hasPediatr": "false", "hasObsAndG": "false", "hasDentalO": "false", "hasSurgery": "false", "hasGastroi": "false", "hasCardiac": "false", "hasMental": "false", "hasRespira": "false", "hasNephrol": "false", "hasEnt": "false", "hasDermato": "false", "hasEndocri": "false", "hasOncolog": "false", "hasNeurolo": "false", "hasOphthal": "false", "hasTreatem": "true", "hasTreat_1": "true", "hasTreat_2": "true", "hasTreat_3": "true", "hasTreat_4": "false", "hasTreat_5": "false", "hasLaborat": "false", "hasTestHiv": "false", "hasTestMal": "false", "hasTestTb": "false", "hasTestKal": "false", "hasUrineRe": "false", "hasStoolRe": "false", "hasGener_1": "false", "hasCulture": "false", "hasHormone": "false", "hasLeprosy": "false", "hasTestCov": "false", "hasTestC_1": "false", "hasVolunte": "false", "hasPmtct": "true", "hasAntiRet": "false", "hasDental": "false", "hasInPatie": "false", "hasRadiolo": "false", "hasXRay": "false", "hasXRayWit": "false", "hasUltraso": "false", "hasEchocar": "false", "hasEcg": "false", "hasTrademi": "false", "hasCtScan": "false", "hasMri": "false", "hasEndosco": "false", "hasColonos": "false", "hasSurgica": "false", "hasCaesari": "false", "hasGastr_1": "false", "hasTraumaS": "false", "hasCardi_1": "false", "hasNeuroSu": "false", "hasPlastic": "false", "hasSpecial": "false", "hasIcu": "false", "hasNicu": "false", "hasCcu": "false", "hasMicu": "false", "hasSncu": "false", "hasPicu": "false", "hasCardi_2": "false", "hasPhysiot": "false", "hasAmbulan": "false", "hasExtende": "false", "hasGeriatr": "false", "hasPharmac": "false", "hasOcmc": "false", "hasHealthI": "false", "hasSsu": "false", "hasAyurved": "false", "hasCovidCl": "false", "hasEmergen": "false", "hasOperati": "false", "hasBloodDo": "false", "hasFreeTre": "false", "hasFreeT_1": "false", "hasFreeT_2": "false", "hasFreeT_3": "false", "hasFreeT_4": "false", "hasFreeT_5": "false", "hasFreeT_6": "false", "hasFreeT_7": "false", "hasFreeT_8": "false", "hasFreeT_9": "false", "hasInterne": null, "registrati": "2034", "lastRenewa": null, "dateOfVali": null, "isVerified": false, "verficatio": null, "isApproved": false, "website": null, "emailAddre": null, "localAdd_2": null, "picture": "https://bipadportal.gov.np/mediafiles/resources/health/1665909200932.jpg", "dateOfOper": null, "remarksOnO": "Summer:10-5\nWinter:10-4", "operatedBy": null, "religion": null, "otherRelig": null, "drinkingWa": null, "scale": null, "structure": null, "toilet": null, "type": "Health Post", "areaOfAirp": null, "kindOfVehi": null, "otherTypeW": null, "numberOfTr": null, "hasDisab_1": false, "nameAndNoO": null, "subtype": null, "otherType": null, "classroomC": null, "isMotorabl": null, "noOfLanes": null, "length": null, "noOfRoom": null, "noOfBed": null, "noOfStuden": null, "noOfMaleSt": null, "noOfFema_2": null, "noOfOtherS": null, "operatorTy": "Other", "otherOpera": null, "area": null, "altitude": null, "bank": null, "building": null, "hasTechnic": null, "isElectric": null, "isPermanen": null, "level": null, "moneyExcha": null, "atm": null, "noOfDiff_3": null, "noOfDiff_4": null, "noOfDiff_5": null, "noOfStud_1": null, "noOfStud_2": null, "noOfStud_3": null, "noOfStud_4": null, "operationT": null, "bedCount": null, "specializa": "General health check up", "outdoorSer": null, "indoorServ": null, "familyPlan": "true", "startingDa": null, "surfaceTyp": null, "surfaceLev": null, "otherSurfa": null, "otherSur_1": null, "hasRoadAcc": null, "storageFac": null, "internetFa": null, "tankBuildD": null, "technicalS": null, "technica_1": null, "placementO": null, "sourceOfWa": null, "noOfServic": null, "isWaterSup": null, "towersName": null, "coverageRa": null, "frequency": null, "isp": null, "hasInter_1": true, "vaccinatio": "true", "birthingCe": null, "hasOtherSe": null, "otherServi": null, "serviceUse": null, "width": null, "condition": null, "windDirect": null, "heliMarker": null, "nightLight": null, "helipadCon": null, "wireless": null, "fiber": null, "cable": null, "otherInter": null, "hasEvacuat": "true", "designedWi": null, "hasDisaste": null, "hasDrinkin": null, "hasFocalPe": "false", "focalPerso": null, "focalPer_1": null, "focalPer_2": null, "focalPer_3": null, "focalPer_4": null, "hasHumanit": null, "hasToilet": null, "isDesigned": "true", "hasHelipad": "false", "numberOf_1": null, "hasSafetyE": null, "remarksOnB": null, "hasOpenSpa": "true", "areaOfOpen": "4.0 ropani", "capacityOf": null, "hasDisas_1": null, "hasMedicin": "true", "hasBackupE": "true", "hasWashFac": null, "hfCode": null, "authority": "Government", "authorityL": "Local", "serviceSha": null, "specifyCom": null, "hasDisas_2": null, "specifyAwa": null, "providesDi": null, "specifyDis": null, "hasHealthC": null, "specifyD_1": null, "hasEmploye": null, "noOfEmpl_1": null, "isDrrRelat": null, "specifyWas": null, "hasSleepin": null, "noOfBeds": null, "noOfMats": null, "noOfCots": null, "hasElectri": null, "noOfSleepi": null, "typeOfAppa": null, "numberOfFi": null, "numberOf_2": null, "numberOfOt": null, "extraAppar": null, "ward": 3116, "province": null, "district": null, "municipali": null, "resourceTy": "health", "resource_t": "health", "district_i": 26, "district_n": "Dhading", "districtId": 26, "districtNa": "Dhading", "layer": "Dhading_Hospital", "path": "C:\\Users\\ASUS\\Desktop\\Bipad Portal (All Point Files)\\Health Only\\Dhading_Hospital.shp" }, "geometry": { "type": "Point", "coordinates": [ 84.779741987586021, 27.80972701516475 ] } },
{ "type": "Feature", "properties": { "id": 52258, "title": "Pashupati Medical Hall", "titleNe": "पशुपति मेडिकल हल", "descriptio": null, "dataSource": null, "dataSour_1": null, "dataSour_2": null, "lastModifi": "2023-01-10T16:47:55.529", "components": null, "localAddre": "Malekhu", "localAdd_1": null, "gr": null, "noOfEmploy": null, "noOfMaleEm": null, "noOfFemale": null, "noOfOtherE": null, "noOfDiffer": null, "noOfDiff_1": null, "noOfDiff_2": null, "otherCompo": null, "ownership": "Private Enterprises", "elevation": null, "otherOwner": null, "followsGui": null, "serviceTyp": "Allopathy", "operationa": "Functional", "hospitalBe": null, "icuBed": null, "status": null, "capacityIn": null, "promoter": null, "totalArea": null, "currentLan": null, "remarks": null, "address": null, "emergencyL": null, "operatingD": null, "usableArea": null, "capacity": null, "useOfEvacu": null, "usedAsHeli": null, "isDrinking": null, "isToiletAv": null, "noOfToilet": null, "hasHandWas": null, "noOfHandWa": null, "hasFoodPre": null, "noOfFoodPr": null, "noOfMaleTo": null, "noOfFema_1": null, "noOfCommon": null, "noOfTaps": null, "otherFacil": null, "hasDisable": null, "specifyInf": null, "startTime": "07:00:00", "endTime": "20:00:00", "phoneNumbe": "+977-9841121532", "vehicleNum": null, "driverName": null, "driverCont": null, "driverAlte": null, "fireEngine": null, "fireBikeCo": null, "otherAppar": null, "ventilator": null, "hasChildIm": "false", "hasTdVacci": "false", "hasImnci": "false", "hasGrowthM": "false", "hasSafeMot": "false", "hasAntenat": "false", "hasPostnat": "false", "hasDeliver": "false", "hasBasicEm": "false", "hasCompreh": "false", "hasCompr_1": "false", "hasPostAbo": "false", "hasCondomP": "true", "hasIucd": "false", "hasImplant": "false", "hasVasecto": "false", "hasMinilap": "false", "hasOpd": "false", "hasGeneral": "false", "hasPediatr": "false", "hasObsAndG": "false", "hasDentalO": "false", "hasSurgery": "false", "hasGastroi": "false", "hasCardiac": "false", "hasMental": "false", "hasRespira": "false", "hasNephrol": "false", "hasEnt": "false", "hasDermato": "false", "hasEndocri": "false", "hasOncolog": "false", "hasNeurolo": "false", "hasOphthal": "false", "hasTreatem": "false", "hasTreat_1": "false", "hasTreat_2": "false", "hasTreat_3": "false", "hasTreat_4": "false", "hasTreat_5": "false", "hasLaborat": "false", "hasTestHiv": "false", "hasTestMal": "false", "hasTestTb": "false", "hasTestKal": "false", "hasUrineRe": "false", "hasStoolRe": "false", "hasGener_1": "false", "hasCulture": "false", "hasHormone": "false", "hasLeprosy": "false", "hasTestCov": "false", "hasTestC_1": "false", "hasVolunte": "false", "hasPmtct": "false", "hasAntiRet": "false", "hasDental": "false", "hasInPatie": "false", "hasRadiolo": "false", "hasXRay": "false", "hasXRayWit": "false", "hasUltraso": "false", "hasEchocar": "false", "hasEcg": "false", "hasTrademi": "false", "hasCtScan": "false", "hasMri": "false", "hasEndosco": "false", "hasColonos": "false", "hasSurgica": "false", "hasCaesari": "false", "hasGastr_1": "false", "hasTraumaS": "false", "hasCardi_1": "false", "hasNeuroSu": "false", "hasPlastic": "false", "hasSpecial": "false", "hasIcu": "false", "hasNicu": "false", "hasCcu": "false", "hasMicu": "false", "hasSncu": "false", "hasPicu": "false", "hasCardi_2": "false", "hasPhysiot": "false", "hasAmbulan": "false", "hasExtende": "false", "hasGeriatr": "false", "hasPharmac": "true", "hasOcmc": "false", "hasHealthI": "false", "hasSsu": "false", "hasAyurved": "false", "hasCovidCl": "false", "hasEmergen": "false", "hasOperati": "false", "hasBloodDo": "false", "hasFreeTre": "false", "hasFreeT_1": "false", "hasFreeT_2": "false", "hasFreeT_3": "false", "hasFreeT_4": "false", "hasFreeT_5": "false", "hasFreeT_6": "false", "hasFreeT_7": "false", "hasFreeT_8": "false", "hasFreeT_9": "false", "hasInterne": null, "registrati": "2059/05/20", "lastRenewa": "2079/04/10", "dateOfVali": "2080/04/10", "isVerified": false, "verficatio": null, "isApproved": false, "website": null, "emailAddre": null, "localAdd_2": null, "picture": "https://bipadportal.gov.np/mediafiles/resources/health/1666245226963.jpg", "dateOfOper": null, "remarksOnO": null, "operatedBy": null, "religion": null, "otherRelig": null, "drinkingWa": null, "scale": null, "structure": null, "toilet": null, "type": "Pharmacy", "areaOfAirp": null, "kindOfVehi": null, "otherTypeW": null, "numberOfTr": null, "hasDisab_1": false, "nameAndNoO": null, "subtype": null, "otherType": null, "classroomC": null, "isMotorabl": null, "noOfLanes": null, "length": null, "noOfRoom": null, "noOfBed": null, "noOfStuden": null, "noOfMaleSt": null, "noOfFema_2": null, "noOfOtherS": null, "operatorTy": "Other", "otherOpera": null, "area": null, "altitude": null, "bank": null, "building": null, "hasTechnic": null, "isElectric": null, "isPermanen": null, "level": null, "moneyExcha": null, "atm": null, "noOfDiff_3": null, "noOfDiff_4": null, "noOfDiff_5": null, "noOfStud_1": null, "noOfStud_2": null, "noOfStud_3": null, "noOfStud_4": null, "operationT": null, "bedCount": null, "specializa": "Pharmacy", "outdoorSer": null, "indoorServ": null, "familyPlan": "true", "startingDa": null, "surfaceTyp": null, "surfaceLev": null, "otherSurfa": null, "otherSur_1": null, "hasRoadAcc": null, "storageFac": null, "internetFa": null, "tankBuildD": null, "technicalS": null, "technica_1": null, "placementO": null, "sourceOfWa": null, "noOfServic": null, "isWaterSup": null, "towersName": null, "coverageRa": null, "frequency": null, "isp": null, "hasInter_1": true, "vaccinatio": "false", "birthingCe": null, "hasOtherSe": null, "otherServi": null, "serviceUse": null, "width": null, "condition": null, "windDirect": null, "heliMarker": null, "nightLight": null, "helipadCon": null, "wireless": null, "fiber": null, "cable": null, "otherInter": null, "hasEvacuat": "false", "designedWi": null, "hasDisaste": null, "hasDrinkin": null, "hasFocalPe": "false", "focalPerso": null, "focalPer_1": null, "focalPer_2": null, "focalPer_3": null, "focalPer_4": null, "hasHumanit": null, "hasToilet": null, "isDesigned": "false", "hasHelipad": "false", "numberOf_1": null, "hasSafetyE": null, "remarksOnB": null, "hasOpenSpa": "false", "areaOfOpen": null, "capacityOf": null, "hasDisas_1": null, "hasMedicin": "false", "hasBackupE": "false", "hasWashFac": null, "hfCode": null, "authority": "Non Government", "authorityL": "Local", "serviceSha": null, "specifyCom": null, "hasDisas_2": null, "specifyAwa": null, "providesDi": null, "specifyDis": null, "hasHealthC": null, "specifyD_1": null, "hasEmploye": null, "noOfEmpl_1": null, "isDrrRelat": null, "specifyWas": null, "hasSleepin": null, "noOfBeds": null, "noOfMats": null, "noOfCots": null, "hasElectri": null, "noOfSleepi": null, "typeOfAppa": null, "numberOfFi": null, "numberOf_2": null, "numberOfOt": null, "extraAppar": null, "ward": 3114, "province": null, "district": null, "municipali": null, "resourceTy": "health", "resource_t": "health", "district_i": 26, "district_n": "Dhading", "districtId": 26, "districtNa": "Dhading", "layer": "Dhading_Hospital", "path": "C:\\Users\\ASUS\\Desktop\\Bipad Portal (All Point Files)\\Health Only\\Dhading_Hospital.shp" }, "geometry": { "type": "Point", "coordinates": [ 84.833172596991048, 27.810974900212351 ] } },
{ "type": "Feature", "properties": { "id": 52259, "title": "Highway Community Hospital", "titleNe": "राजमार्ग सामुदायिक अस्पताल", "descriptio": null, "dataSource": null, "dataSour_1": null, "dataSour_2": null, "lastModifi": "2023-01-10T16:47:55.863", "components": null, "localAddre": "Malekhu", "localAdd_1": null, "gr": null, "noOfEmploy": 15, "noOfMaleEm": "8", "noOfFemale": "7", "noOfOtherE": null, "noOfDiffer": null, "noOfDiff_1": null, "noOfDiff_2": null, "otherCompo": null, "ownership": "Humanitarian Organization", "elevation": null, "otherOwner": null, "followsGui": null, "serviceTyp": "Allopathy", "operationa": "Functional", "hospitalBe": "Functional", "icuBed": null, "status": null, "capacityIn": null, "promoter": null, "totalArea": null, "currentLan": null, "remarks": null, "address": null, "emergencyL": null, "operatingD": null, "usableArea": null, "capacity": null, "useOfEvacu": null, "usedAsHeli": null, "isDrinking": null, "isToiletAv": null, "noOfToilet": null, "hasHandWas": null, "noOfHandWa": null, "hasFoodPre": null, "noOfFoodPr": null, "noOfMaleTo": null, "noOfFema_1": null, "noOfCommon": null, "noOfTaps": null, "otherFacil": null, "hasDisable": null, "specifyInf": "Ramp", "startTime": "00:00:00", "endTime": "00:00:00", "phoneNumbe": "+977-9851039084,010-400077", "vehicleNum": null, "driverName": null, "driverCont": null, "driverAlte": null, "fireEngine": null, "fireBikeCo": null, "otherAppar": null, "ventilator": null, "hasChildIm": "true", "hasTdVacci": "true", "hasImnci": "false", "hasGrowthM": "false", "hasSafeMot": "true", "hasAntenat": "true", "hasPostnat": "true", "hasDeliver": "true", "hasBasicEm": "false", "hasCompreh": "false", "hasCompr_1": "false", "hasPostAbo": "false", "hasCondomP": "true", "hasIucd": "false", "hasImplant": "false", "hasVasecto": "false", "hasMinilap": "false", "hasOpd": "true", "hasGeneral": "true", "hasPediatr": "true", "hasObsAndG": "true", "hasDentalO": "true", "hasSurgery": "true", "hasGastroi": "true", "hasCardiac": "true", "hasMental": "true", "hasRespira": "false", "hasNephrol": "false", "hasEnt": "true", "hasDermato": "true", "hasEndocri": "false", "hasOncolog": "false", "hasNeurolo": "false", "hasOphthal": "true", "hasTreatem": "true", "hasTreat_1": "true", "hasTreat_2": "false", "hasTreat_3": "true", "hasTreat_4": "true", "hasTreat_5": "true", "hasLaborat": "true", "hasTestHiv": "true", "hasTestMal": "true", "hasTestTb": "true", "hasTestKal": "false", "hasUrineRe": "true", "hasStoolRe": "true", "hasGener_1": "true", "hasCulture": "true", "hasHormone": "true", "hasLeprosy": "true", "hasTestCov": "true", "hasTestC_1": "true", "hasVolunte": "true", "hasPmtct": "true", "hasAntiRet": "true", "hasDental": "true", "hasInPatie": "true", "hasRadiolo": "true", "hasXRay": "true", "hasXRayWit": "true", "hasUltraso": "true", "hasEchocar": "false", "hasEcg": "true", "hasTrademi": "false", "hasCtScan": "false", "hasMri": "false", "hasEndosco": "false", "hasColonos": "false", "hasSurgica": "true", "hasCaesari": "false", "hasGastr_1": "false", "hasTraumaS": "true", "hasCardi_1": "false", "hasNeuroSu": "false", "hasPlastic": "false", "hasSpecial": "false", "hasIcu": "false", "hasNicu": "false", "hasCcu": "false", "hasMicu": "false", "hasSncu": "false", "hasPicu": "false", "hasCardi_2": "false", "hasPhysiot": "false", "hasAmbulan": "true", "hasExtende": "true", "hasGeriatr": "false", "hasPharmac": "true", "hasOcmc": "false", "hasHealthI": "false", "hasSsu": "false", "hasAyurved": "false", "hasCovidCl": "true", "hasEmergen": "true", "hasOperati": "false", "hasBloodDo": "true", "hasFreeTre": "false", "hasFreeT_1": "false", "hasFreeT_2": "false", "hasFreeT_3": "true", "hasFreeT_4": "false", "hasFreeT_5": "false", "hasFreeT_6": "false", "hasFreeT_7": "false", "hasFreeT_8": "false", "hasFreeT_9": "false", "hasInterne": null, "registrati": "2062/08/02", "lastRenewa": "2079/08/22", "dateOfVali": "2080/08/22", "isVerified": false, "verficatio": null, "isApproved": false, "website": "www.rajmargahospital.com", "emailAddre": "rajmargahospital076@gmail.com", "localAdd_2": null, "picture": "https://bipadportal.gov.np/mediafiles/resources/health/1666246658523.jpg", "dateOfOper": null, "remarksOnO": null, "operatedBy": null, "religion": null, "otherRelig": null, "drinkingWa": null, "scale": null, "structure": null, "toilet": null, "type": "General Hospital", "areaOfAirp": null, "kindOfVehi": null, "otherTypeW": null, "numberOfTr": null, "hasDisab_1": true, "nameAndNoO": null, "subtype": null, "otherType": null, "classroomC": null, "isMotorabl": null, "noOfLanes": null, "length": null, "noOfRoom": null, "noOfBed": null, "noOfStuden": null, "noOfMaleSt": null, "noOfFema_2": null, "noOfOtherS": null, "operatorTy": "Other", "otherOpera": null, "area": null, "altitude": null, "bank": null, "building": null, "hasTechnic": null, "isElectric": null, "isPermanen": null, "level": null, "moneyExcha": null, "atm": null, "noOfDiff_3": null, "noOfDiff_4": null, "noOfDiff_5": null, "noOfStud_1": null, "noOfStud_2": null, "noOfStud_3": null, "noOfStud_4": null, "operationT": null, "bedCount": 25, "specializa": "General services", "outdoorSer": null, "indoorServ": null, "familyPlan": "true", "startingDa": null, "surfaceTyp": null, "surfaceLev": null, "otherSurfa": null, "otherSur_1": null, "hasRoadAcc": null, "storageFac": null, "internetFa": null, "tankBuildD": null, "technicalS": null, "technica_1": null, "placementO": null, "sourceOfWa": null, "noOfServic": null, "isWaterSup": null, "towersName": null, "coverageRa": null, "frequency": null, "isp": null, "hasInter_1": true, "vaccinatio": "true", "birthingCe": null, "hasOtherSe": null, "otherServi": null, "serviceUse": null, "width": null, "condition": null, "windDirect": null, "heliMarker": null, "nightLight": null, "helipadCon": null, "wireless": null, "fiber": null, "cable": null, "otherInter": null, "hasEvacuat": "true", "designedWi": null, "hasDisaste": null, "hasDrinkin": null, "hasFocalPe": "true", "focalPerso": "+977-9851039084", "focalPer_1": "Keshav makaju", "focalPer_2": null, "focalPer_3": null, "focalPer_4": null, "hasHumanit": null, "hasToilet": null, "isDesigned": "true", "hasHelipad": "false", "numberOf_1": null, "hasSafetyE": null, "remarksOnB": null, "hasOpenSpa": "true", "areaOfOpen": "2.0 ropani", "capacityOf": null, "hasDisas_1": null, "hasMedicin": "true", "hasBackupE": "true", "hasWashFac": null, "hfCode": null, "authority": "Non Government", "authorityL": "Local", "serviceSha": null, "specifyCom": null, "hasDisas_2": null, "specifyAwa": null, "providesDi": null, "specifyDis": null, "hasHealthC": null, "specifyD_1": null, "hasEmploye": null, "noOfEmpl_1": null, "isDrrRelat": null, "specifyWas": null, "hasSleepin": null, "noOfBeds": null, "noOfMats": null, "noOfCots": null, "hasElectri": null, "noOfSleepi": null, "typeOfAppa": null, "numberOfFi": null, "numberOf_2": null, "numberOfOt": null, "extraAppar": null, "ward": 3114, "province": null, "district": null, "municipali": null, "resourceTy": "health", "resource_t": "health", "district_i": 26, "district_n": "Dhading", "districtId": 26, "districtNa": "Dhading", "layer": "Dhading_Hospital", "path": "C:\\Users\\ASUS\\Desktop\\Bipad Portal (All Point Files)\\Health Only\\Dhading_Hospital.shp" }, "geometry": { "type": "Point", "coordinates": [ 84.83379352837801, 27.811124953865161 ] } },
{ "type": "Feature", "properties": { "id": 52260, "title": "Highway Daigonosis Center", "titleNe": "हाइवे डाईग्नोसिस सेन्टर", "descriptio": null, "dataSource": null, "dataSour_1": null, "dataSour_2": null, "lastModifi": "2023-01-10T16:47:56.210", "components": null, "localAddre": "Malekhu", "localAdd_1": null, "gr": null, "noOfEmploy": 2, "noOfMaleEm": "2", "noOfFemale": null, "noOfOtherE": null, "noOfDiffer": null, "noOfDiff_1": null, "noOfDiff_2": null, "otherCompo": null, "ownership": "Private Enterprises", "elevation": null, "otherOwner": null, "followsGui": null, "serviceTyp": "Allopathy", "operationa": "Functional", "hospitalBe": null, "icuBed": null, "status": null, "capacityIn": null, "promoter": null, "totalArea": null, "currentLan": null, "remarks": null, "address": null, "emergencyL": null, "operatingD": null, "usableArea": null, "capacity": null, "useOfEvacu": null, "usedAsHeli": null, "isDrinking": null, "isToiletAv": null, "noOfToilet": null, "hasHandWas": null, "noOfHandWa": null, "hasFoodPre": null, "noOfFoodPr": null, "noOfMaleTo": null, "noOfFema_1": null, "noOfCommon": null, "noOfTaps": null, "otherFacil": null, "hasDisable": null, "specifyInf": null, "startTime": "07:00:00", "endTime": "21:00:00", "phoneNumbe": "+977-9841343968", "vehicleNum": null, "driverName": null, "driverCont": null, "driverAlte": null, "fireEngine": null, "fireBikeCo": null, "otherAppar": null, "ventilator": null, "hasChildIm": "false", "hasTdVacci": "true", "hasImnci": "false", "hasGrowthM": "false", "hasSafeMot": "false", "hasAntenat": "false", "hasPostnat": "false", "hasDeliver": "false", "hasBasicEm": "false", "hasCompreh": "false", "hasCompr_1": "false", "hasPostAbo": "false", "hasCondomP": "true", "hasIucd": "false", "hasImplant": "false", "hasVasecto": "false", "hasMinilap": "false", "hasOpd": "true", "hasGeneral": "true", "hasPediatr": "false", "hasObsAndG": "false", "hasDentalO": "false", "hasSurgery": "false", "hasGastroi": "false", "hasCardiac": "false", "hasMental": "false", "hasRespira": "false", "hasNephrol": "false", "hasEnt": "false", "hasDermato": "false", "hasEndocri": "false", "hasOncolog": "false", "hasNeurolo": "false", "hasOphthal": "false", "hasTreatem": "false", "hasTreat_1": "false", "hasTreat_2": "false", "hasTreat_3": "false", "hasTreat_4": "false", "hasTreat_5": "false", "hasLaborat": "true", "hasTestHiv": "false", "hasTestMal": "false", "hasTestTb": "false", "hasTestKal": "false", "hasUrineRe": "true", "hasStoolRe": "true", "hasGener_1": "true", "hasCulture": "false", "hasHormone": "false", "hasLeprosy": "false", "hasTestCov": "false", "hasTestC_1": "false", "hasVolunte": "false", "hasPmtct": "false", "hasAntiRet": "false", "hasDental": "false", "hasInPatie": "false", "hasRadiolo": "false", "hasXRay": "false", "hasXRayWit": "false", "hasUltraso": "false", "hasEchocar": "false", "hasEcg": "false", "hasTrademi": "false", "hasCtScan": "false", "hasMri": "false", "hasEndosco": "false", "hasColonos": "false", "hasSurgica": "false", "hasCaesari": "false", "hasGastr_1": "false", "hasTraumaS": "false", "hasCardi_1": "false", "hasNeuroSu": "false", "hasPlastic": "false", "hasSpecial": "false", "hasIcu": "false", "hasNicu": "false", "hasCcu": "false", "hasMicu": "false", "hasSncu": "false", "hasPicu": "false", "hasCardi_2": "false", "hasPhysiot": "false", "hasAmbulan": "false", "hasExtende": "false", "hasGeriatr": "false", "hasPharmac": "true", "hasOcmc": "false", "hasHealthI": "false", "hasSsu": "false", "hasAyurved": "false", "hasCovidCl": "false", "hasEmergen": "false", "hasOperati": "false", "hasBloodDo": "false", "hasFreeTre": "false", "hasFreeT_1": "false", "hasFreeT_2": "false", "hasFreeT_3": "false", "hasFreeT_4": "false", "hasFreeT_5": "false", "hasFreeT_6": "false", "hasFreeT_7": "false", "hasFreeT_8": "false", "hasFreeT_9": "false", "hasInterne": null, "registrati": "2050", "lastRenewa": "2079/02/26", "dateOfVali": "2080/2/24", "isVerified": false, "verficatio": null, "isApproved": false, "website": null, "emailAddre": "Khanal.ashok40@gmail.com", "localAdd_2": null, "picture": "https://bipadportal.gov.np/mediafiles/resources/health/1666266182754.jpg", "dateOfOper": null, "remarksOnO": null, "operatedBy": null, "religion": null, "otherRelig": null, "drinkingWa": null, "scale": null, "structure": null, "toilet": null, "type": "Pharmacy", "areaOfAirp": null, "kindOfVehi": null, "otherTypeW": null, "numberOfTr": null, "hasDisab_1": false, "nameAndNoO": null, "subtype": null, "otherType": null, "classroomC": null, "isMotorabl": null, "noOfLanes": null, "length": null, "noOfRoom": null, "noOfBed": null, "noOfStuden": null, "noOfMaleSt": null, "noOfFema_2": null, "noOfOtherS": null, "operatorTy": "Other", "otherOpera": null, "area": null, "altitude": null, "bank": null, "building": null, "hasTechnic": null, "isElectric": null, "isPermanen": null, "level": null, "moneyExcha": null, "atm": null, "noOfDiff_3": null, "noOfDiff_4": null, "noOfDiff_5": null, "noOfStud_1": null, "noOfStud_2": null, "noOfStud_3": null, "noOfStud_4": null, "operationT": null, "bedCount": null, "specializa": "Pharmacy", "outdoorSer": null, "indoorServ": null, "familyPlan": "true", "startingDa": null, "surfaceTyp": null, "surfaceLev": null, "otherSurfa": null, "otherSur_1": null, "hasRoadAcc": null, "storageFac": null, "internetFa": null, "tankBuildD": null, "technicalS": null, "technica_1": null, "placementO": null, "sourceOfWa": null, "noOfServic": null, "isWaterSup": null, "towersName": null, "coverageRa": null, "frequency": null, "isp": null, "hasInter_1": true, "vaccinatio": "true", "birthingCe": null, "hasOtherSe": null, "otherServi": null, "serviceUse": null, "width": null, "condition": null, "windDirect": null, "heliMarker": null, "nightLight": null, "helipadCon": null, "wireless": null, "fiber": null, "cable": null, "otherInter": null, "hasEvacuat": "false", "designedWi": null, "hasDisaste": null, "hasDrinkin": null, "hasFocalPe": "false", "focalPerso": null, "focalPer_1": null, "focalPer_2": null, "focalPer_3": null, "focalPer_4": null, "hasHumanit": null, "hasToilet": null, "isDesigned": "true", "hasHelipad": "false", "numberOf_1": null, "hasSafetyE": null, "remarksOnB": null, "hasOpenSpa": "false", "areaOfOpen": null, "capacityOf": null, "hasDisas_1": null, "hasMedicin": "false", "hasBackupE": "true", "hasWashFac": null, "hfCode": null, "authority": "Non Government", "authorityL": "Local", "serviceSha": null, "specifyCom": null, "hasDisas_2": null, "specifyAwa": null, "providesDi": null, "specifyDis": null, "hasHealthC": null, "specifyD_1": null, "hasEmploye": null, "noOfEmpl_1": null, "isDrrRelat": null, "specifyWas": null, "hasSleepin": null, "noOfBeds": null, "noOfMats": null, "noOfCots": null, "hasElectri": null, "noOfSleepi": null, "typeOfAppa": null, "numberOfFi": null, "numberOf_2": null, "numberOfOt": null, "extraAppar": null, "ward": 3114, "province": null, "district": null, "municipali": null, "resourceTy": "health", "resource_t": "health", "district_i": 26, "district_n": "Dhading", "districtId": 26, "districtNa": "Dhading", "layer": "Dhading_Hospital", "path": "C:\\Users\\ASUS\\Desktop\\Bipad Portal (All Point Files)\\Health Only\\Dhading_Hospital.shp" }, "geometry": { "type": "Point", "coordinates": [ 84.828016720712185, 27.81382024988589 ] } },
{ "type": "Feature", "properties": { "id": 52261, "title": "Basic Health Care Center", "titleNe": "आधारभुत स्वास्थ्य सेवा केन्द्र", "descriptio": null, "dataSource": null, "dataSour_1": null, "dataSour_2": null, "lastModifi": "2023-01-10T16:47:56.551", "components": null, "localAddre": "Salangghat", "localAdd_1": null, "gr": null, "noOfEmploy": 2, "noOfMaleEm": null, "noOfFemale": "2", "noOfOtherE": null, "noOfDiffer": null, "noOfDiff_1": null, "noOfDiff_2": null, "otherCompo": null, "ownership": "Local Government", "elevation": null, "otherOwner": null, "followsGui": null, "serviceTyp": "Allopathy", "operationa": "Functional", "hospitalBe": null, "icuBed": null, "status": null, "capacityIn": null, "promoter": null, "totalArea": null, "currentLan": null, "remarks": null, "address": null, "emergencyL": null, "operatingD": null, "usableArea": null, "capacity": null, "useOfEvacu": null, "usedAsHeli": null, "isDrinking": null, "isToiletAv": null, "noOfToilet": null, "hasHandWas": null, "noOfHandWa": null, "hasFoodPre": null, "noOfFoodPr": null, "noOfMaleTo": null, "noOfFema_1": null, "noOfCommon": null, "noOfTaps": null, "otherFacil": null, "hasDisable": null, "specifyInf": null, "startTime": "10:00:00", "endTime": "17:00:00", "phoneNumbe": "+977-9849771820", "vehicleNum": null, "driverName": null, "driverCont": null, "driverAlte": null, "fireEngine": null, "fireBikeCo": null, "otherAppar": null, "ventilator": null, "hasChildIm": "true", "hasTdVacci": "true", "hasImnci": "true", "hasGrowthM": "true", "hasSafeMot": "true", "hasAntenat": "true", "hasPostnat": "true", "hasDeliver": "true", "hasBasicEm": "false", "hasCompreh": "false", "hasCompr_1": "false", "hasPostAbo": "false", "hasCondomP": "true", "hasIucd": "false", "hasImplant": "false", "hasVasecto": "false", "hasMinilap": "false", "hasOpd": "false", "hasGeneral": "false", "hasPediatr": "false", "hasObsAndG": "false", "hasDentalO": "false", "hasSurgery": "false", "hasGastroi": "false", "hasCardiac": "false", "hasMental": "false", "hasRespira": "false", "hasNephrol": "false", "hasEnt": "false", "hasDermato": "false", "hasEndocri": "false", "hasOncolog": "false", "hasNeurolo": "false", "hasOphthal": "false", "hasTreatem": "true", "hasTreat_1": "true", "hasTreat_2": "true", "hasTreat_3": "true", "hasTreat_4": "true", "hasTreat_5": "true", "hasLaborat": "false", "hasTestHiv": "false", "hasTestMal": "false", "hasTestTb": "false", "hasTestKal": "false", "hasUrineRe": "false", "hasStoolRe": "false", "hasGener_1": "false", "hasCulture": "false", "hasHormone": "false", "hasLeprosy": "false", "hasTestCov": "false", "hasTestC_1": "false", "hasVolunte": "true", "hasPmtct": "true", "hasAntiRet": "false", "hasDental": "false", "hasInPatie": "false", "hasRadiolo": "false", "hasXRay": "false", "hasXRayWit": "false", "hasUltraso": "false", "hasEchocar": "false", "hasEcg": "false", "hasTrademi": "false", "hasCtScan": "false", "hasMri": "false", "hasEndosco": "false", "hasColonos": "false", "hasSurgica": "false", "hasCaesari": "false", "hasGastr_1": "false", "hasTraumaS": "false", "hasCardi_1": "false", "hasNeuroSu": "false", "hasPlastic": "false", "hasSpecial": "false", "hasIcu": "false", "hasNicu": "false", "hasCcu": "false", "hasMicu": "false", "hasSncu": "false", "hasPicu": "false", "hasCardi_2": "false", "hasPhysiot": "false", "hasAmbulan": "false", "hasExtende": "false", "hasGeriatr": "false", "hasPharmac": "true", "hasOcmc": "false", "hasHealthI": "false", "hasSsu": "false", "hasAyurved": "false", "hasCovidCl": "false", "hasEmergen": "false", "hasOperati": "false", "hasBloodDo": "false", "hasFreeTre": "false", "hasFreeT_1": "false", "hasFreeT_2": "false", "hasFreeT_3": "false", "hasFreeT_4": "false", "hasFreeT_5": "false", "hasFreeT_6": "false", "hasFreeT_7": "false", "hasFreeT_8": "false", "hasFreeT_9": "false", "hasInterne": null, "registrati": "2076/03/01", "lastRenewa": null, "dateOfVali": null, "isVerified": false, "verficatio": null, "isApproved": false, "website": null, "emailAddre": null, "localAdd_2": null, "picture": "https://bipadportal.gov.np/mediafiles/resources/health/1666329159843.jpg", "dateOfOper": null, "remarksOnO": "Summer:10-5\nWinter:10-4", "operatedBy": null, "religion": null, "otherRelig": null, "drinkingWa": null, "scale": null, "structure": null, "toilet": null, "type": "Basic Health Care Center", "areaOfAirp": null, "kindOfVehi": null, "otherTypeW": null, "numberOfTr": null, "hasDisab_1": false, "nameAndNoO": null, "subtype": null, "otherType": null, "classroomC": null, "isMotorabl": null, "noOfLanes": null, "length": null, "noOfRoom": null, "noOfBed": null, "noOfStuden": null, "noOfMaleSt": null, "noOfFema_2": null, "noOfOtherS": null, "operatorTy": "Other", "otherOpera": null, "area": null, "altitude": null, "bank": null, "building": null, "hasTechnic": null, "isElectric": null, "isPermanen": null, "level": null, "moneyExcha": null, "atm": null, "noOfDiff_3": null, "noOfDiff_4": null, "noOfDiff_5": null, "noOfStud_1": null, "noOfStud_2": null, "noOfStud_3": null, "noOfStud_4": null, "operationT": null, "bedCount": null, "specializa": "Basic health care center", "outdoorSer": null, "indoorServ": null, "familyPlan": "true", "startingDa": null, "surfaceTyp": null, "surfaceLev": null, "otherSurfa": null, "otherSur_1": null, "hasRoadAcc": null, "storageFac": null, "internetFa": null, "tankBuildD": null, "technicalS": null, "technica_1": null, "placementO": null, "sourceOfWa": null, "noOfServic": null, "isWaterSup": null, "towersName": null, "coverageRa": null, "frequency": null, "isp": null, "hasInter_1": true, "vaccinatio": "true", "birthingCe": null, "hasOtherSe": null, "otherServi": null, "serviceUse": null, "width": null, "condition": null, "windDirect": null, "heliMarker": null, "nightLight": null, "helipadCon": null, "wireless": null, "fiber": null, "cable": null, "otherInter": null, "hasEvacuat": "false", "designedWi": null, "hasDisaste": null, "hasDrinkin": null, "hasFocalPe": "false", "focalPerso": null, "focalPer_1": null, "focalPer_2": null, "focalPer_3": null, "focalPer_4": null, "hasHumanit": null, "hasToilet": null, "isDesigned": "true", "hasHelipad": "false", "numberOf_1": null, "hasSafetyE": null, "remarksOnB": null, "hasOpenSpa": "true", "areaOfOpen": "5.0 aana", "capacityOf": null, "hasDisas_1": null, "hasMedicin": "false", "hasBackupE": "false", "hasWashFac": null, "hfCode": null, "authority": "Government", "authorityL": "Local", "serviceSha": null, "specifyCom": null, "hasDisas_2": null, "specifyAwa": null, "providesDi": null, "specifyDis": null, "hasHealthC": null, "specifyD_1": null, "hasEmploye": null, "noOfEmpl_1": null, "isDrrRelat": null, "specifyWas": null, "hasSleepin": null, "noOfBeds": null, "noOfMats": null, "noOfCots": null, "hasElectri": null, "noOfSleepi": null, "typeOfAppa": null, "numberOfFi": null, "numberOf_2": null, "numberOfOt": null, "extraAppar": null, "ward": 3114, "province": null, "district": null, "municipali": null, "resourceTy": "health", "resource_t": "health", "district_i": 26, "district_n": "Dhading", "districtId": 26, "districtNa": "Dhading", "layer": "Dhading_Hospital", "path": "C:\\Users\\ASUS\\Desktop\\Bipad Portal (All Point Files)\\Health Only\\Dhading_Hospital.shp" }, "geometry": { "type": "Point", "coordinates": [ 84.80754878371954, 27.81552445854528 ] } },
{ "type": "Feature", "properties": { "id": 55263, "title": "Baireni Aayurved Dispensery", "titleNe": null, "descriptio": null, "dataSource": "nhfr_api", "dataSour_1": 2491, "dataSour_2": null, "lastModifi": "2026-08-09T12:25:29.995", "components": null, "localAddre": null, "localAdd_1": null, "gr": null, "noOfEmploy": null, "noOfMaleEm": null, "noOfFemale": null, "noOfOtherE": null, "noOfDiffer": null, "noOfDiff_1": null, "noOfDiff_2": null, "otherCompo": null, "ownership": "Local Government", "elevation": null, "otherOwner": null, "followsGui": null, "serviceTyp": null, "operationa": null, "hospitalBe": null, "icuBed": null, "status": null, "capacityIn": null, "promoter": null, "totalArea": null, "currentLan": null, "remarks": null, "address": null, "emergencyL": null, "operatingD": null, "usableArea": null, "capacity": null, "useOfEvacu": null, "usedAsHeli": null, "isDrinking": null, "isToiletAv": null, "noOfToilet": null, "hasHandWas": null, "noOfHandWa": null, "hasFoodPre": null, "noOfFoodPr": null, "noOfMaleTo": null, "noOfFema_1": null, "noOfCommon": null, "noOfTaps": null, "otherFacil": null, "hasDisable": null, "specifyInf": null, "startTime": null, "endTime": null, "phoneNumbe": null, "vehicleNum": null, "driverName": null, "driverCont": null, "driverAlte": null, "fireEngine": null, "fireBikeCo": null, "otherAppar": null, "ventilator": null, "hasChildIm": null, "hasTdVacci": null, "hasImnci": null, "hasGrowthM": null, "hasSafeMot": null, "hasAntenat": null, "hasPostnat": null, "hasDeliver": null, "hasBasicEm": null, "hasCompreh": null, "hasCompr_1": null, "hasPostAbo": null, "hasCondomP": null, "hasIucd": null, "hasImplant": null, "hasVasecto": null, "hasMinilap": null, "hasOpd": null, "hasGeneral": null, "hasPediatr": null, "hasObsAndG": null, "hasDentalO": null, "hasSurgery": null, "hasGastroi": null, "hasCardiac": null, "hasMental": null, "hasRespira": null, "hasNephrol": null, "hasEnt": null, "hasDermato": null, "hasEndocri": null, "hasOncolog": null, "hasNeurolo": null, "hasOphthal": null, "hasTreatem": null, "hasTreat_1": null, "hasTreat_2": null, "hasTreat_3": null, "hasTreat_4": null, "hasTreat_5": null, "hasLaborat": null, "hasTestHiv": null, "hasTestMal": null, "hasTestTb": null, "hasTestKal": null, "hasUrineRe": null, "hasStoolRe": null, "hasGener_1": null, "hasCulture": null, "hasHormone": null, "hasLeprosy": null, "hasTestCov": null, "hasTestC_1": null, "hasVolunte": null, "hasPmtct": null, "hasAntiRet": null, "hasDental": null, "hasInPatie": null, "hasRadiolo": null, "hasXRay": null, "hasXRayWit": null, "hasUltraso": null, "hasEchocar": null, "hasEcg": null, "hasTrademi": null, "hasCtScan": null, "hasMri": null, "hasEndosco": null, "hasColonos": null, "hasSurgica": null, "hasCaesari": null, "hasGastr_1": null, "hasTraumaS": null, "hasCardi_1": null, "hasNeuroSu": null, "hasPlastic": null, "hasSpecial": null, "hasIcu": null, "hasNicu": null, "hasCcu": null, "hasMicu": null, "hasSncu": null, "hasPicu": null, "hasCardi_2": null, "hasPhysiot": null, "hasAmbulan": null, "hasExtende": null, "hasGeriatr": null, "hasPharmac": null, "hasOcmc": null, "hasHealthI": null, "hasSsu": null, "hasAyurved": null, "hasCovidCl": null, "hasEmergen": null, "hasOperati": null, "hasBloodDo": null, "hasFreeTre": null, "hasFreeT_1": null, "hasFreeT_2": null, "hasFreeT_3": null, "hasFreeT_4": null, "hasFreeT_5": null, "hasFreeT_6": null, "hasFreeT_7": null, "hasFreeT_8": null, "hasFreeT_9": null, "hasInterne": null, "registrati": "28/03/2057", "lastRenewa": null, "dateOfVali": null, "isVerified": false, "verficatio": null, "isApproved": false, "website": null, "emailAddre": "ayurveda.galchhimun@gmail.con", "localAdd_2": null, "picture": null, "dateOfOper": null, "remarksOnO": null, "operatedBy": null, "religion": null, "otherRelig": null, "drinkingWa": null, "scale": null, "structure": null, "toilet": null, "type": "Basic Ayurveda Service Centre", "areaOfAirp": null, "kindOfVehi": null, "otherTypeW": null, "numberOfTr": null, "hasDisab_1": false, "nameAndNoO": null, "subtype": null, "otherType": null, "classroomC": null, "isMotorabl": null, "noOfLanes": null, "length": null, "noOfRoom": null, "noOfBed": null, "noOfStuden": null, "noOfMaleSt": null, "noOfFema_2": null, "noOfOtherS": null, "operatorTy": "Government", "otherOpera": null, "area": null, "altitude": null, "bank": null, "building": null, "hasTechnic": null, "isElectric": null, "isPermanen": null, "level": null, "moneyExcha": null, "atm": null, "noOfDiff_3": null, "noOfDiff_4": null, "noOfDiff_5": null, "noOfStud_1": null, "noOfStud_2": null, "noOfStud_3": null, "noOfStud_4": null, "operationT": null, "bedCount": null, "specializa": null, "outdoorSer": null, "indoorServ": null, "familyPlan": null, "startingDa": null, "surfaceTyp": null, "surfaceLev": null, "otherSurfa": null, "otherSur_1": null, "hasRoadAcc": null, "storageFac": null, "internetFa": null, "tankBuildD": null, "technicalS": null, "technica_1": null, "placementO": null, "sourceOfWa": null, "noOfServic": null, "isWaterSup": null, "towersName": null, "coverageRa": null, "frequency": null, "isp": null, "hasInter_1": true, "vaccinatio": null, "birthingCe": null, "hasOtherSe": null, "otherServi": null, "serviceUse": null, "width": null, "condition": null, "windDirect": null, "heliMarker": null, "nightLight": null, "helipadCon": null, "wireless": null, "fiber": null, "cable": null, "otherInter": null, "hasEvacuat": null, "designedWi": null, "hasDisaste": null, "hasDrinkin": null, "hasFocalPe": null, "focalPerso": null, "focalPer_1": null, "focalPer_2": null, "focalPer_3": null, "focalPer_4": null, "hasHumanit": null, "hasToilet": null, "isDesigned": null, "hasHelipad": null, "numberOf_1": null, "hasSafetyE": null, "remarksOnB": null, "hasOpenSpa": null, "areaOfOpen": null, "capacityOf": null, "hasDisas_1": null, "hasMedicin": null, "hasBackupE": null, "hasWashFac": null, "hfCode": "3041100011", "authority": null, "authorityL": "Local", "serviceSha": null, "specifyCom": null, "hasDisas_2": null, "specifyAwa": null, "providesDi": null, "specifyDis": null, "hasHealthC": null, "specifyD_1": null, "hasEmploye": null, "noOfEmpl_1": null, "isDrrRelat": null, "specifyWas": null, "hasSleepin": null, "noOfBeds": null, "noOfMats": null, "noOfCots": null, "hasElectri": null, "noOfSleepi": null, "typeOfAppa": null, "numberOfFi": null, "numberOf_2": null, "numberOfOt": null, "extraAppar": null, "ward": 3113, "province": null, "district": null, "municipali": null, "resourceTy": "health", "resource_t": "health", "district_i": 26, "district_n": "Dhading", "districtId": 26, "districtNa": "Dhading", "layer": "Dhading_Hospital", "path": "C:\\Users\\ASUS\\Desktop\\Bipad Portal (All Point Files)\\Health Only\\Dhading_Hospital.shp" }, "geometry": { "type": "Point", "coordinates": [ 84.9883, 27.8011 ] } },
{ "type": "Feature", "properties": { "id": 55264, "title": "Baireni Hospital", "titleNe": null, "descriptio": null, "dataSource": "nhfr_api", "dataSour_1": 2492, "dataSour_2": null, "lastModifi": "2026-08-09T12:25:30.009", "components": null, "localAddre": null, "localAdd_1": null, "gr": null, "noOfEmploy": null, "noOfMaleEm": null, "noOfFemale": null, "noOfOtherE": null, "noOfDiffer": null, "noOfDiff_1": null, "noOfDiff_2": null, "otherCompo": null, "ownership": "Local Government", "elevation": null, "otherOwner": null, "followsGui": null, "serviceTyp": null, "operationa": null, "hospitalBe": null, "icuBed": null, "status": null, "capacityIn": null, "promoter": null, "totalArea": null, "currentLan": null, "remarks": null, "address": null, "emergencyL": null, "operatingD": null, "usableArea": null, "capacity": null, "useOfEvacu": null, "usedAsHeli": null, "isDrinking": null, "isToiletAv": null, "noOfToilet": null, "hasHandWas": null, "noOfHandWa": null, "hasFoodPre": null, "noOfFoodPr": null, "noOfMaleTo": null, "noOfFema_1": null, "noOfCommon": null, "noOfTaps": null, "otherFacil": null, "hasDisable": null, "specifyInf": null, "startTime": null, "endTime": null, "phoneNumbe": "010-590500", "vehicleNum": null, "driverName": null, "driverCont": null, "driverAlte": null, "fireEngine": null, "fireBikeCo": null, "otherAppar": null, "ventilator": null, "hasChildIm": null, "hasTdVacci": null, "hasImnci": null, "hasGrowthM": null, "hasSafeMot": null, "hasAntenat": null, "hasPostnat": null, "hasDeliver": null, "hasBasicEm": null, "hasCompreh": null, "hasCompr_1": null, "hasPostAbo": null, "hasCondomP": null, "hasIucd": null, "hasImplant": null, "hasVasecto": null, "hasMinilap": null, "hasOpd": null, "hasGeneral": null, "hasPediatr": null, "hasObsAndG": null, "hasDentalO": null, "hasSurgery": null, "hasGastroi": null, "hasCardiac": null, "hasMental": null, "hasRespira": null, "hasNephrol": null, "hasEnt": null, "hasDermato": null, "hasEndocri": null, "hasOncolog": null, "hasNeurolo": null, "hasOphthal": null, "hasTreatem": null, "hasTreat_1": null, "hasTreat_2": null, "hasTreat_3": null, "hasTreat_4": null, "hasTreat_5": null, "hasLaborat": null, "hasTestHiv": null, "hasTestMal": null, "hasTestTb": null, "hasTestKal": null, "hasUrineRe": null, "hasStoolRe": null, "hasGener_1": null, "hasCulture": null, "hasHormone": null, "hasLeprosy": null, "hasTestCov": null, "hasTestC_1": null, "hasVolunte": null, "hasPmtct": null, "hasAntiRet": null, "hasDental": null, "hasInPatie": null, "hasRadiolo": null, "hasXRay": null, "hasXRayWit": null, "hasUltraso": null, "hasEchocar": null, "hasEcg": null, "hasTrademi": null, "hasCtScan": null, "hasMri": null, "hasEndosco": null, "hasColonos": null, "hasSurgica": null, "hasCaesari": null, "hasGastr_1": null, "hasTraumaS": null, "hasCardi_1": null, "hasNeuroSu": null, "hasPlastic": null, "hasSpecial": null, "hasIcu": null, "hasNicu": null, "hasCcu": null, "hasMicu": null, "hasSncu": null, "hasPicu": null, "hasCardi_2": null, "hasPhysiot": null, "hasAmbulan": null, "hasExtende": null, "hasGeriatr": null, "hasPharmac": null, "hasOcmc": null, "hasHealthI": null, "hasSsu": null, "hasAyurved": null, "hasCovidCl": null, "hasEmergen": null, "hasOperati": null, "hasBloodDo": null, "hasFreeTre": null, "hasFreeT_1": null, "hasFreeT_2": null, "hasFreeT_3": null, "hasFreeT_4": null, "hasFreeT_5": null, "hasFreeT_6": null, "hasFreeT_7": null, "hasFreeT_8": null, "hasFreeT_9": null, "hasInterne": null, "registrati": "01/04/2036", "lastRenewa": null, "dateOfVali": null, "isVerified": false, "verficatio": null, "isApproved": false, "website": null, "emailAddre": "bairenihospital@gmail.com", "localAdd_2": null, "picture": null, "dateOfOper": null, "remarksOnO": null, "operatedBy": null, "religion": null, "otherRelig": null, "drinkingWa": null, "scale": null, "structure": null, "toilet": null, "type": "Basic Hospital (5 to 15 beds)", "areaOfAirp": null, "kindOfVehi": null, "otherTypeW": null, "numberOfTr": null, "hasDisab_1": false, "nameAndNoO": null, "subtype": null, "otherType": null, "classroomC": null, "isMotorabl": null, "noOfLanes": null, "length": null, "noOfRoom": null, "noOfBed": null, "noOfStuden": null, "noOfMaleSt": null, "noOfFema_2": null, "noOfOtherS": null, "operatorTy": "Government", "otherOpera": null, "area": null, "altitude": null, "bank": null, "building": null, "hasTechnic": null, "isElectric": null, "isPermanen": null, "level": null, "moneyExcha": null, "atm": null, "noOfDiff_3": null, "noOfDiff_4": null, "noOfDiff_5": null, "noOfStud_1": null, "noOfStud_2": null, "noOfStud_3": null, "noOfStud_4": null, "operationT": null, "bedCount": null, "specializa": null, "outdoorSer": null, "indoorServ": null, "familyPlan": null, "startingDa": null, "surfaceTyp": null, "surfaceLev": null, "otherSurfa": null, "otherSur_1": null, "hasRoadAcc": null, "storageFac": null, "internetFa": null, "tankBuildD": null, "technicalS": null, "technica_1": null, "placementO": null, "sourceOfWa": null, "noOfServic": null, "isWaterSup": null, "towersName": null, "coverageRa": null, "frequency": null, "isp": null, "hasInter_1": true, "vaccinatio": null, "birthingCe": null, "hasOtherSe": null, "otherServi": null, "serviceUse": null, "width": null, "condition": null, "windDirect": null, "heliMarker": null, "nightLight": null, "helipadCon": null, "wireless": null, "fiber": null, "cable": null, "otherInter": null, "hasEvacuat": null, "designedWi": null, "hasDisaste": null, "hasDrinkin": null, "hasFocalPe": null, "focalPerso": null, "focalPer_1": null, "focalPer_2": null, "focalPer_3": null, "focalPer_4": null, "hasHumanit": null, "hasToilet": null, "isDesigned": null, "hasHelipad": null, "numberOf_1": null, "hasSafetyE": null, "remarksOnB": null, "hasOpenSpa": null, "areaOfOpen": null, "capacityOf": null, "hasDisas_1": null, "hasMedicin": null, "hasBackupE": null, "hasWashFac": null, "hfCode": "3041100021", "authority": null, "authorityL": "Local", "serviceSha": null, "specifyCom": null, "hasDisas_2": null, "specifyAwa": null, "providesDi": null, "specifyDis": null, "hasHealthC": null, "specifyD_1": null, "hasEmploye": null, "noOfEmpl_1": null, "isDrrRelat": null, "specifyWas": null, "hasSleepin": null, "noOfBeds": null, "noOfMats": null, "noOfCots": null, "hasElectri": null, "noOfSleepi": null, "typeOfAppa": null, "numberOfFi": null, "numberOf_2": null, "numberOfOt": null, "extraAppar": null, "ward": 3113, "province": null, "district": null, "municipali": null, "resourceTy": "health", "resource_t": "health", "district_i": 26, "district_n": "Dhading", "districtId": 26, "districtNa": "Dhading", "layer": "Dhading_Hospital", "path": "C:\\Users\\ASUS\\Desktop\\Bipad Portal (All Point Files)\\Health Only\\Dhading_Hospital.shp" }, "geometry": { "type": "Point", "coordinates": [ 84.9883, 27.8011 ] } },
{ "type": "Feature", "properties": { "id": 62017, "title": "Dumrichaur Basic Health Service Center", "titleNe": null, "descriptio": null, "dataSource": "nhfr_api", "dataSour_1": 11452, "dataSour_2": null, "lastModifi": "2026-08-09T12:26:45.498", "components": null, "localAddre": null, "localAdd_1": null, "gr": null, "noOfEmploy": null, "noOfMaleEm": null, "noOfFemale": null, "noOfOtherE": null, "noOfDiffer": null, "noOfDiff_1": null, "noOfDiff_2": null, "otherCompo": null, "ownership": "Local Government", "elevation": null, "otherOwner": null, "followsGui": null, "serviceTyp": null, "operationa": null, "hospitalBe": null, "icuBed": null, "status": null, "capacityIn": null, "promoter": null, "totalArea": null, "currentLan": null, "remarks": null, "address": null, "emergencyL": null, "operatingD": null, "usableArea": null, "capacity": null, "useOfEvacu": null, "usedAsHeli": null, "isDrinking": null, "isToiletAv": null, "noOfToilet": null, "hasHandWas": null, "noOfHandWa": null, "hasFoodPre": null, "noOfFoodPr": null, "noOfMaleTo": null, "noOfFema_1": null, "noOfCommon": null, "noOfTaps": null, "otherFacil": null, "hasDisable": null, "specifyInf": null, "startTime": null, "endTime": null, "phoneNumbe": null, "vehicleNum": null, "driverName": null, "driverCont": null, "driverAlte": null, "fireEngine": null, "fireBikeCo": null, "otherAppar": null, "ventilator": null, "hasChildIm": null, "hasTdVacci": null, "hasImnci": null, "hasGrowthM": null, "hasSafeMot": null, "hasAntenat": null, "hasPostnat": null, "hasDeliver": null, "hasBasicEm": null, "hasCompreh": null, "hasCompr_1": null, "hasPostAbo": null, "hasCondomP": null, "hasIucd": null, "hasImplant": null, "hasVasecto": null, "hasMinilap": null, "hasOpd": null, "hasGeneral": null, "hasPediatr": null, "hasObsAndG": null, "hasDentalO": null, "hasSurgery": null, "hasGastroi": null, "hasCardiac": null, "hasMental": null, "hasRespira": null, "hasNephrol": null, "hasEnt": null, "hasDermato": null, "hasEndocri": null, "hasOncolog": null, "hasNeurolo": null, "hasOphthal": null, "hasTreatem": null, "hasTreat_1": null, "hasTreat_2": null, "hasTreat_3": null, "hasTreat_4": null, "hasTreat_5": null, "hasLaborat": null, "hasTestHiv": null, "hasTestMal": null, "hasTestTb": null, "hasTestKal": null, "hasUrineRe": null, "hasStoolRe": null, "hasGener_1": null, "hasCulture": null, "hasHormone": null, "hasLeprosy": null, "hasTestCov": null, "hasTestC_1": null, "hasVolunte": null, "hasPmtct": null, "hasAntiRet": null, "hasDental": null, "hasInPatie": null, "hasRadiolo": null, "hasXRay": null, "hasXRayWit": null, "hasUltraso": null, "hasEchocar": null, "hasEcg": null, "hasTrademi": null, "hasCtScan": null, "hasMri": null, "hasEndosco": null, "hasColonos": null, "hasSurgica": null, "hasCaesari": null, "hasGastr_1": null, "hasTraumaS": null, "hasCardi_1": null, "hasNeuroSu": null, "hasPlastic": null, "hasSpecial": null, "hasIcu": null, "hasNicu": null, "hasCcu": null, "hasMicu": null, "hasSncu": null, "hasPicu": null, "hasCardi_2": null, "hasPhysiot": null, "hasAmbulan": null, "hasExtende": null, "hasGeriatr": null, "hasPharmac": null, "hasOcmc": null, "hasHealthI": null, "hasSsu": null, "hasAyurved": null, "hasCovidCl": null, "hasEmergen": null, "hasOperati": null, "hasBloodDo": null, "hasFreeTre": null, "hasFreeT_1": null, "hasFreeT_2": null, "hasFreeT_3": null, "hasFreeT_4": null, "hasFreeT_5": null, "hasFreeT_6": null, "hasFreeT_7": null, "hasFreeT_8": null, "hasFreeT_9": null, "hasInterne": null, "registrati": "01/04/2077", "lastRenewa": null, "dateOfVali": null, "isVerified": false, "verficatio": null, "isApproved": false, "website": null, "emailAddre": "bhsc1.galchhimun@gmail.com", "localAdd_2": null, "picture": null, "dateOfOper": null, "remarksOnO": null, "operatedBy": null, "religion": null, "otherRelig": null, "drinkingWa": null, "scale": null, "structure": null, "toilet": null, "type": "Basic Health Service Centre", "areaOfAirp": null, "kindOfVehi": null, "otherTypeW": null, "numberOfTr": null, "hasDisab_1": false, "nameAndNoO": null, "subtype": null, "otherType": null, "classroomC": null, "isMotorabl": null, "noOfLanes": null, "length": null, "noOfRoom": null, "noOfBed": null, "noOfStuden": null, "noOfMaleSt": null, "noOfFema_2": null, "noOfOtherS": null, "operatorTy": "Government", "otherOpera": null, "area": null, "altitude": null, "bank": null, "building": null, "hasTechnic": null, "isElectric": null, "isPermanen": null, "level": null, "moneyExcha": null, "atm": null, "noOfDiff_3": null, "noOfDiff_4": null, "noOfDiff_5": null, "noOfStud_1": null, "noOfStud_2": null, "noOfStud_3": null, "noOfStud_4": null, "operationT": null, "bedCount": null, "specializa": null, "outdoorSer": null, "indoorServ": null, "familyPlan": null, "startingDa": null, "surfaceTyp": null, "surfaceLev": null, "otherSurfa": null, "otherSur_1": null, "hasRoadAcc": null, "storageFac": null, "internetFa": null, "tankBuildD": null, "technicalS": null, "technica_1": null, "placementO": null, "sourceOfWa": null, "noOfServic": null, "isWaterSup": null, "towersName": null, "coverageRa": null, "frequency": null, "isp": null, "hasInter_1": true, "vaccinatio": null, "birthingCe": null, "hasOtherSe": null, "otherServi": null, "serviceUse": null, "width": null, "condition": null, "windDirect": null, "heliMarker": null, "nightLight": null, "helipadCon": null, "wireless": null, "fiber": null, "cable": null, "otherInter": null, "hasEvacuat": null, "designedWi": null, "hasDisaste": null, "hasDrinkin": null, "hasFocalPe": null, "focalPerso": null, "focalPer_1": null, "focalPer_2": null, "focalPer_3": null, "focalPer_4": null, "hasHumanit": null, "hasToilet": null, "isDesigned": null, "hasHelipad": null, "numberOf_1": null, "hasSafetyE": null, "remarksOnB": null, "hasOpenSpa": null, "areaOfOpen": null, "capacityOf": null, "hasDisas_1": null, "hasMedicin": null, "hasBackupE": null, "hasWashFac": null, "hfCode": "3041100071", "authority": null, "authorityL": "Local", "serviceSha": null, "specifyCom": null, "hasDisas_2": null, "specifyAwa": null, "providesDi": null, "specifyDis": null, "hasHealthC": null, "specifyD_1": null, "hasEmploye": null, "noOfEmpl_1": null, "isDrrRelat": null, "specifyWas": null, "hasSleepin": null, "noOfBeds": null, "noOfMats": null, "noOfCots": null, "hasElectri": null, "noOfSleepi": null, "typeOfAppa": null, "numberOfFi": null, "numberOf_2": null, "numberOfOt": null, "extraAppar": null, "ward": 3086, "province": null, "district": null, "municipali": null, "resourceTy": "health", "resource_t": "health", "district_i": 26, "district_n": "Dhading", "districtId": 26, "districtNa": "Dhading", "layer": "Dhading_Hospital", "path": "C:\\Users\\ASUS\\Desktop\\Bipad Portal (All Point Files)\\Health Only\\Dhading_Hospital.shp" }, "geometry": { "type": "Point", "coordinates": [ 84.87993622, 27.80630493 ] } },
{ "type": "Feature", "properties": { "id": 64445, "title": "Gajuri Phc", "titleNe": null, "descriptio": null, "dataSource": "nhfr_api", "dataSour_1": 2489, "dataSour_2": null, "lastModifi": "2026-08-09T12:25:29.967", "components": null, "localAddre": null, "localAdd_1": null, "gr": null, "noOfEmploy": null, "noOfMaleEm": null, "noOfFemale": null, "noOfOtherE": null, "noOfDiffer": null, "noOfDiff_1": null, "noOfDiff_2": null, "otherCompo": null, "ownership": "Local Government", "elevation": null, "otherOwner": null, "followsGui": null, "serviceTyp": null, "operationa": null, "hospitalBe": null, "icuBed": null, "status": null, "capacityIn": null, "promoter": null, "totalArea": null, "currentLan": null, "remarks": null, "address": null, "emergencyL": null, "operatingD": null, "usableArea": null, "capacity": null, "useOfEvacu": null, "usedAsHeli": null, "isDrinking": null, "isToiletAv": null, "noOfToilet": null, "hasHandWas": null, "noOfHandWa": null, "hasFoodPre": null, "noOfFoodPr": null, "noOfMaleTo": null, "noOfFema_1": null, "noOfCommon": null, "noOfTaps": null, "otherFacil": null, "hasDisable": null, "specifyInf": null, "startTime": null, "endTime": null, "phoneNumbe": null, "vehicleNum": null, "driverName": null, "driverCont": null, "driverAlte": null, "fireEngine": null, "fireBikeCo": null, "otherAppar": null, "ventilator": null, "hasChildIm": null, "hasTdVacci": null, "hasImnci": null, "hasGrowthM": null, "hasSafeMot": null, "hasAntenat": null, "hasPostnat": null, "hasDeliver": null, "hasBasicEm": null, "hasCompreh": null, "hasCompr_1": null, "hasPostAbo": null, "hasCondomP": null, "hasIucd": null, "hasImplant": null, "hasVasecto": null, "hasMinilap": null, "hasOpd": null, "hasGeneral": null, "hasPediatr": null, "hasObsAndG": null, "hasDentalO": null, "hasSurgery": null, "hasGastroi": null, "hasCardiac": null, "hasMental": null, "hasRespira": null, "hasNephrol": null, "hasEnt": null, "hasDermato": null, "hasEndocri": null, "hasOncolog": null, "hasNeurolo": null, "hasOphthal": null, "hasTreatem": null, "hasTreat_1": null, "hasTreat_2": null, "hasTreat_3": null, "hasTreat_4": null, "hasTreat_5": null, "hasLaborat": null, "hasTestHiv": null, "hasTestMal": null, "hasTestTb": null, "hasTestKal": null, "hasUrineRe": null, "hasStoolRe": null, "hasGener_1": null, "hasCulture": null, "hasHormone": null, "hasLeprosy": null, "hasTestCov": null, "hasTestC_1": null, "hasVolunte": null, "hasPmtct": null, "hasAntiRet": null, "hasDental": null, "hasInPatie": null, "hasRadiolo": null, "hasXRay": null, "hasXRayWit": null, "hasUltraso": null, "hasEchocar": null, "hasEcg": null, "hasTrademi": null, "hasCtScan": null, "hasMri": null, "hasEndosco": null, "hasColonos": null, "hasSurgica": null, "hasCaesari": null, "hasGastr_1": null, "hasTraumaS": null, "hasCardi_1": null, "hasNeuroSu": null, "hasPlastic": null, "hasSpecial": null, "hasIcu": null, "hasNicu": null, "hasCcu": null, "hasMicu": null, "hasSncu": null, "hasPicu": null, "hasCardi_2": null, "hasPhysiot": null, "hasAmbulan": null, "hasExtende": null, "hasGeriatr": null, "hasPharmac": null, "hasOcmc": null, "hasHealthI": null, "hasSsu": null, "hasAyurved": null, "hasCovidCl": null, "hasEmergen": null, "hasOperati": null, "hasBloodDo": null, "hasFreeTre": null, "hasFreeT_1": null, "hasFreeT_2": null, "hasFreeT_3": null, "hasFreeT_4": null, "hasFreeT_5": null, "hasFreeT_6": null, "hasFreeT_7": null, "hasFreeT_8": null, "hasFreeT_9": null, "hasInterne": null, "registrati": "01/04/2050", "lastRenewa": null, "dateOfVali": null, "isVerified": false, "verficatio": null, "isApproved": false, "website": null, "emailAddre": "phcgajuri@gmail.com", "localAdd_2": null, "picture": null, "dateOfOper": null, "remarksOnO": null, "operatedBy": null, "religion": null, "otherRelig": null, "drinkingWa": null, "scale": null, "structure": null, "toilet": null, "type": "Basic Health Service Centre", "areaOfAirp": null, "kindOfVehi": null, "otherTypeW": null, "numberOfTr": null, "hasDisab_1": false, "nameAndNoO": null, "subtype": null, "otherType": null, "classroomC": null, "isMotorabl": null, "noOfLanes": null, "length": null, "noOfRoom": null, "noOfBed": null, "noOfStuden": null, "noOfMaleSt": null, "noOfFema_2": null, "noOfOtherS": null, "operatorTy": "Government", "otherOpera": null, "area": null, "altitude": null, "bank": null, "building": null, "hasTechnic": null, "isElectric": null, "isPermanen": null, "level": null, "moneyExcha": null, "atm": null, "noOfDiff_3": null, "noOfDiff_4": null, "noOfDiff_5": null, "noOfStud_1": null, "noOfStud_2": null, "noOfStud_3": null, "noOfStud_4": null, "operationT": null, "bedCount": null, "specializa": null, "outdoorSer": null, "indoorServ": null, "familyPlan": null, "startingDa": null, "surfaceTyp": null, "surfaceLev": null, "otherSurfa": null, "otherSur_1": null, "hasRoadAcc": null, "storageFac": null, "internetFa": null, "tankBuildD": null, "technicalS": null, "technica_1": null, "placementO": null, "sourceOfWa": null, "noOfServic": null, "isWaterSup": null, "towersName": null, "coverageRa": null, "frequency": null, "isp": null, "hasInter_1": true, "vaccinatio": null, "birthingCe": null, "hasOtherSe": null, "otherServi": null, "serviceUse": null, "width": null, "condition": null, "windDirect": null, "heliMarker": null, "nightLight": null, "helipadCon": null, "wireless": null, "fiber": null, "cable": null, "otherInter": null, "hasEvacuat": null, "designedWi": null, "hasDisaste": null, "hasDrinkin": null, "hasFocalPe": null, "focalPerso": null, "focalPer_1": null, "focalPer_2": null, "focalPer_3": null, "focalPer_4": null, "hasHumanit": null, "hasToilet": null, "isDesigned": null, "hasHelipad": null, "numberOf_1": null, "hasSafetyE": null, "remarksOnB": null, "hasOpenSpa": null, "areaOfOpen": null, "capacityOf": null, "hasDisas_1": null, "hasMedicin": null, "hasBackupE": null, "hasWashFac": null, "hfCode": "3041000051", "authority": null, "authorityL": "Local", "serviceSha": null, "specifyCom": null, "hasDisas_2": null, "specifyAwa": null, "providesDi": null, "specifyDis": null, "hasHealthC": null, "specifyD_1": null, "hasEmploye": null, "noOfEmpl_1": null, "isDrrRelat": null, "specifyWas": null, "hasSleepin": null, "noOfBeds": null, "noOfMats": null, "noOfCots": null, "hasElectri": null, "noOfSleepi": null, "typeOfAppa": null, "numberOfFi": null, "numberOf_2": null, "numberOfOt": null, "extraAppar": null, "ward": 3086, "province": null, "district": null, "municipali": null, "resourceTy": "health", "resource_t": "health", "district_i": 26, "district_n": "Dhading", "districtId": 26, "districtNa": "Dhading", "layer": "Dhading_Hospital", "path": "C:\\Users\\ASUS\\Desktop\\Bipad Portal (All Point Files)\\Health Only\\Dhading_Hospital.shp" }, "geometry": { "type": "Point", "coordinates": [ 84.8800354, 27.80631256 ] } },
{ "type": "Feature", "properties": { "id": 64446, "title": "Gajuri Hospital", "titleNe": null, "descriptio": null, "dataSource": "nhfr_api", "dataSour_1": 2490, "dataSour_2": null, "lastModifi": "2026-08-09T12:25:29.981", "components": null, "localAddre": null, "localAdd_1": null, "gr": null, "noOfEmploy": null, "noOfMaleEm": null, "noOfFemale": null, "noOfOtherE": null, "noOfDiffer": null, "noOfDiff_1": null, "noOfDiff_2": null, "otherCompo": null, "ownership": "Private Enterprise", "elevation": null, "otherOwner": null, "followsGui": null, "serviceTyp": null, "operationa": null, "hospitalBe": null, "icuBed": null, "status": null, "capacityIn": null, "promoter": null, "totalArea": null, "currentLan": null, "remarks": null, "address": null, "emergencyL": null, "operatingD": null, "usableArea": null, "capacity": null, "useOfEvacu": null, "usedAsHeli": null, "isDrinking": null, "isToiletAv": null, "noOfToilet": null, "hasHandWas": null, "noOfHandWa": null, "hasFoodPre": null, "noOfFoodPr": null, "noOfMaleTo": null, "noOfFema_1": null, "noOfCommon": null, "noOfTaps": null, "otherFacil": null, "hasDisable": null, "specifyInf": null, "startTime": null, "endTime": null, "phoneNumbe": "010402329", "vehicleNum": null, "driverName": null, "driverCont": null, "driverAlte": null, "fireEngine": null, "fireBikeCo": null, "otherAppar": null, "ventilator": null, "hasChildIm": null, "hasTdVacci": null, "hasImnci": null, "hasGrowthM": null, "hasSafeMot": null, "hasAntenat": null, "hasPostnat": null, "hasDeliver": null, "hasBasicEm": null, "hasCompreh": null, "hasCompr_1": null, "hasPostAbo": null, "hasCondomP": null, "hasIucd": null, "hasImplant": null, "hasVasecto": null, "hasMinilap": null, "hasOpd": null, "hasGeneral": null, "hasPediatr": null, "hasObsAndG": null, "hasDentalO": null, "hasSurgery": null, "hasGastroi": null, "hasCardiac": null, "hasMental": null, "hasRespira": null, "hasNephrol": null, "hasEnt": null, "hasDermato": null, "hasEndocri": null, "hasOncolog": null, "hasNeurolo": null, "hasOphthal": null, "hasTreatem": null, "hasTreat_1": null, "hasTreat_2": null, "hasTreat_3": null, "hasTreat_4": null, "hasTreat_5": null, "hasLaborat": null, "hasTestHiv": null, "hasTestMal": null, "hasTestTb": null, "hasTestKal": null, "hasUrineRe": null, "hasStoolRe": null, "hasGener_1": null, "hasCulture": null, "hasHormone": null, "hasLeprosy": null, "hasTestCov": null, "hasTestC_1": null, "hasVolunte": null, "hasPmtct": null, "hasAntiRet": null, "hasDental": null, "hasInPatie": null, "hasRadiolo": null, "hasXRay": null, "hasXRayWit": null, "hasUltraso": null, "hasEchocar": null, "hasEcg": null, "hasTrademi": null, "hasCtScan": null, "hasMri": null, "hasEndosco": null, "hasColonos": null, "hasSurgica": null, "hasCaesari": null, "hasGastr_1": null, "hasTraumaS": null, "hasCardi_1": null, "hasNeuroSu": null, "hasPlastic": null, "hasSpecial": null, "hasIcu": null, "hasNicu": null, "hasCcu": null, "hasMicu": null, "hasSncu": null, "hasPicu": null, "hasCardi_2": null, "hasPhysiot": null, "hasAmbulan": null, "hasExtende": null, "hasGeriatr": null, "hasPharmac": null, "hasOcmc": null, "hasHealthI": null, "hasSsu": null, "hasAyurved": null, "hasCovidCl": null, "hasEmergen": null, "hasOperati": null, "hasBloodDo": null, "hasFreeTre": null, "hasFreeT_1": null, "hasFreeT_2": null, "hasFreeT_3": null, "hasFreeT_4": null, "hasFreeT_5": null, "hasFreeT_6": null, "hasFreeT_7": null, "hasFreeT_8": null, "hasFreeT_9": null, "hasInterne": null, "registrati": "09/05/2066", "lastRenewa": null, "dateOfVali": null, "isVerified": false, "verficatio": null, "isApproved": false, "website": null, "emailAddre": "gajuriaspatal20640810@gmail.com", "localAdd_2": null, "picture": null, "dateOfOper": null, "remarksOnO": null, "operatedBy": null, "religion": null, "otherRelig": null, "drinkingWa": null, "scale": null, "structure": null, "toilet": null, "type": "Basic Hospital (5 to 15 beds)", "areaOfAirp": null, "kindOfVehi": null, "otherTypeW": null, "numberOfTr": null, "hasDisab_1": false, "nameAndNoO": null, "subtype": null, "otherType": null, "classroomC": null, "isMotorabl": null, "noOfLanes": null, "length": null, "noOfRoom": null, "noOfBed": null, "noOfStuden": null, "noOfMaleSt": null, "noOfFema_2": null, "noOfOtherS": null, "operatorTy": "Non-Government", "otherOpera": null, "area": null, "altitude": null, "bank": null, "building": null, "hasTechnic": null, "isElectric": null, "isPermanen": null, "level": null, "moneyExcha": null, "atm": null, "noOfDiff_3": null, "noOfDiff_4": null, "noOfDiff_5": null, "noOfStud_1": null, "noOfStud_2": null, "noOfStud_3": null, "noOfStud_4": null, "operationT": null, "bedCount": null, "specializa": null, "outdoorSer": null, "indoorServ": null, "familyPlan": null, "startingDa": null, "surfaceTyp": null, "surfaceLev": null, "otherSurfa": null, "otherSur_1": null, "hasRoadAcc": null, "storageFac": null, "internetFa": null, "tankBuildD": null, "technicalS": null, "technica_1": null, "placementO": null, "sourceOfWa": null, "noOfServic": null, "isWaterSup": null, "towersName": null, "coverageRa": null, "frequency": null, "isp": null, "hasInter_1": true, "vaccinatio": null, "birthingCe": null, "hasOtherSe": null, "otherServi": null, "serviceUse": null, "width": null, "condition": null, "windDirect": null, "heliMarker": null, "nightLight": null, "helipadCon": null, "wireless": null, "fiber": null, "cable": null, "otherInter": null, "hasEvacuat": null, "designedWi": null, "hasDisaste": null, "hasDrinkin": null, "hasFocalPe": null, "focalPerso": null, "focalPer_1": null, "focalPer_2": null, "focalPer_3": null, "focalPer_4": null, "hasHumanit": null, "hasToilet": null, "isDesigned": null, "hasHelipad": null, "numberOf_1": null, "hasSafetyE": null, "remarksOnB": null, "hasOpenSpa": null, "areaOfOpen": null, "capacityOf": null, "hasDisas_1": null, "hasMedicin": null, "hasBackupE": null, "hasWashFac": null, "hfCode": "3041000062", "authority": null, "authorityL": "Local", "serviceSha": null, "specifyCom": null, "hasDisas_2": null, "specifyAwa": null, "providesDi": null, "specifyDis": null, "hasHealthC": null, "specifyD_1": null, "hasEmploye": null, "noOfEmpl_1": null, "isDrrRelat": null, "specifyWas": null, "hasSleepin": null, "noOfBeds": null, "noOfMats": null, "noOfCots": null, "hasElectri": null, "noOfSleepi": null, "typeOfAppa": null, "numberOfFi": null, "numberOf_2": null, "numberOfOt": null, "extraAppar": null, "ward": 3086, "province": null, "district": null, "municipali": null, "resourceTy": "health", "resource_t": "health", "district_i": 26, "district_n": "Dhading", "districtId": 26, "districtNa": "Dhading", "layer": "Dhading_Hospital", "path": "C:\\Users\\ASUS\\Desktop\\Bipad Portal (All Point Files)\\Health Only\\Dhading_Hospital.shp" }, "geometry": { "type": "Point", "coordinates": [ 84.8793869, 27.80519104 ] } },
{ "type": "Feature", "properties": { "id": 66203, "title": "Salang Ghat Bhsc", "titleNe": null, "descriptio": null, "dataSource": "nhfr_api", "dataSour_1": 14339, "dataSour_2": null, "lastModifi": "2026-08-09T12:27:08.033", "components": null, "localAddre": null, "localAdd_1": null, "gr": null, "noOfEmploy": null, "noOfMaleEm": null, "noOfFemale": null, "noOfOtherE": null, "noOfDiffer": null, "noOfDiff_1": null, "noOfDiff_2": null, "otherCompo": null, "ownership": "Local Government", "elevation": null, "otherOwner": null, "followsGui": null, "serviceTyp": null, "operationa": null, "hospitalBe": null, "icuBed": null, "status": null, "capacityIn": null, "promoter": null, "totalArea": null, "currentLan": null, "remarks": null, "address": null, "emergencyL": null, "operatingD": null, "usableArea": null, "capacity": null, "useOfEvacu": null, "usedAsHeli": null, "isDrinking": null, "isToiletAv": null, "noOfToilet": null, "hasHandWas": null, "noOfHandWa": null, "hasFoodPre": null, "noOfFoodPr": null, "noOfMaleTo": null, "noOfFema_1": null, "noOfCommon": null, "noOfTaps": null, "otherFacil": null, "hasDisable": null, "specifyInf": null, "startTime": null, "endTime": null, "phoneNumbe": null, "vehicleNum": null, "driverName": null, "driverCont": null, "driverAlte": null, "fireEngine": null, "fireBikeCo": null, "otherAppar": null, "ventilator": null, "hasChildIm": null, "hasTdVacci": null, "hasImnci": null, "hasGrowthM": null, "hasSafeMot": null, "hasAntenat": null, "hasPostnat": null, "hasDeliver": null, "hasBasicEm": null, "hasCompreh": null, "hasCompr_1": null, "hasPostAbo": null, "hasCondomP": null, "hasIucd": null, "hasImplant": null, "hasVasecto": null, "hasMinilap": null, "hasOpd": null, "hasGeneral": null, "hasPediatr": null, "hasObsAndG": null, "hasDentalO": null, "hasSurgery": null, "hasGastroi": null, "hasCardiac": null, "hasMental": null, "hasRespira": null, "hasNephrol": null, "hasEnt": null, "hasDermato": null, "hasEndocri": null, "hasOncolog": null, "hasNeurolo": null, "hasOphthal": null, "hasTreatem": null, "hasTreat_1": null, "hasTreat_2": null, "hasTreat_3": null, "hasTreat_4": null, "hasTreat_5": null, "hasLaborat": null, "hasTestHiv": null, "hasTestMal": null, "hasTestTb": null, "hasTestKal": null, "hasUrineRe": null, "hasStoolRe": null, "hasGener_1": null, "hasCulture": null, "hasHormone": null, "hasLeprosy": null, "hasTestCov": null, "hasTestC_1": null, "hasVolunte": null, "hasPmtct": null, "hasAntiRet": null, "hasDental": null, "hasInPatie": null, "hasRadiolo": null, "hasXRay": null, "hasXRayWit": null, "hasUltraso": null, "hasEchocar": null, "hasEcg": null, "hasTrademi": null, "hasCtScan": null, "hasMri": null, "hasEndosco": null, "hasColonos": null, "hasSurgica": null, "hasCaesari": null, "hasGastr_1": null, "hasTraumaS": null, "hasCardi_1": null, "hasNeuroSu": null, "hasPlastic": null, "hasSpecial": null, "hasIcu": null, "hasNicu": null, "hasCcu": null, "hasMicu": null, "hasSncu": null, "hasPicu": null, "hasCardi_2": null, "hasPhysiot": null, "hasAmbulan": null, "hasExtende": null, "hasGeriatr": null, "hasPharmac": null, "hasOcmc": null, "hasHealthI": null, "hasSsu": null, "hasAyurved": null, "hasCovidCl": null, "hasEmergen": null, "hasOperati": null, "hasBloodDo": null, "hasFreeTre": null, "hasFreeT_1": null, "hasFreeT_2": null, "hasFreeT_3": null, "hasFreeT_4": null, "hasFreeT_5": null, "hasFreeT_6": null, "hasFreeT_7": null, "hasFreeT_8": null, "hasFreeT_9": null, "hasInterne": null, "registrati": "02/01/2076", "lastRenewa": null, "dateOfVali": null, "isVerified": false, "verficatio": null, "isApproved": false, "website": null, "emailAddre": null, "localAdd_2": null, "picture": null, "dateOfOper": null, "remarksOnO": null, "operatedBy": null, "religion": null, "otherRelig": null, "drinkingWa": null, "scale": null, "structure": null, "toilet": null, "type": "Basic Health Service Centre", "areaOfAirp": null, "kindOfVehi": null, "otherTypeW": null, "numberOfTr": null, "hasDisab_1": false, "nameAndNoO": null, "subtype": null, "otherType": null, "classroomC": null, "isMotorabl": null, "noOfLanes": null, "length": null, "noOfRoom": null, "noOfBed": null, "noOfStuden": null, "noOfMaleSt": null, "noOfFema_2": null, "noOfOtherS": null, "operatorTy": "Government", "otherOpera": null, "area": null, "altitude": null, "bank": null, "building": null, "hasTechnic": null, "isElectric": null, "isPermanen": null, "level": null, "moneyExcha": null, "atm": null, "noOfDiff_3": null, "noOfDiff_4": null, "noOfDiff_5": null, "noOfStud_1": null, "noOfStud_2": null, "noOfStud_3": null, "noOfStud_4": null, "operationT": null, "bedCount": null, "specializa": null, "outdoorSer": null, "indoorServ": null, "familyPlan": null, "startingDa": null, "surfaceTyp": null, "surfaceLev": null, "otherSurfa": null, "otherSur_1": null, "hasRoadAcc": null, "storageFac": null, "internetFa": null, "tankBuildD": null, "technicalS": null, "technica_1": null, "placementO": null, "sourceOfWa": null, "noOfServic": null, "isWaterSup": null, "towersName": null, "coverageRa": null, "frequency": null, "isp": null, "hasInter_1": true, "vaccinatio": null, "birthingCe": null, "hasOtherSe": null, "otherServi": null, "serviceUse": null, "width": null, "condition": null, "windDirect": null, "heliMarker": null, "nightLight": null, "helipadCon": null, "wireless": null, "fiber": null, "cable": null, "otherInter": null, "hasEvacuat": null, "designedWi": null, "hasDisaste": null, "hasDrinkin": null, "hasFocalPe": null, "focalPerso": null, "focalPer_1": null, "focalPer_2": null, "focalPer_3": null, "focalPer_4": null, "hasHumanit": null, "hasToilet": null, "isDesigned": null, "hasHelipad": null, "numberOf_1": null, "hasSafetyE": null, "remarksOnB": null, "hasOpenSpa": null, "areaOfOpen": null, "capacityOf": null, "hasDisas_1": null, "hasMedicin": null, "hasBackupE": null, "hasWashFac": null, "hfCode": "3040800061", "authority": null, "authorityL": "Local", "serviceSha": null, "specifyCom": null, "hasDisas_2": null, "specifyAwa": null, "providesDi": null, "specifyDis": null, "hasHealthC": null, "specifyD_1": null, "hasEmploye": null, "noOfEmpl_1": null, "isDrrRelat": null, "specifyWas": null, "hasSleepin": null, "noOfBeds": null, "noOfMats": null, "noOfCots": null, "hasElectri": null, "noOfSleepi": null, "typeOfAppa": null, "numberOfFi": null, "numberOf_2": null, "numberOfOt": null, "extraAppar": null, "ward": 3157, "province": null, "district": null, "municipali": null, "resourceTy": "health", "resource_t": "health", "district_i": 26, "district_n": "Dhading", "districtId": 26, "districtNa": "Dhading", "layer": "Dhading_Hospital", "path": "C:\\Users\\ASUS\\Desktop\\Bipad Portal (All Point Files)\\Health Only\\Dhading_Hospital.shp" }, "geometry": { "type": "Point", "coordinates": [ 84.8136673, 27.81579018 ] } },
{ "type": "Feature", "properties": { "id": 66204, "title": "Aadamtar Bhsc", "titleNe": null, "descriptio": null, "dataSource": "nhfr_api", "dataSour_1": 14343, "dataSour_2": null, "lastModifi": "2026-08-09T12:27:08.046", "components": null, "localAddre": null, "localAdd_1": null, "gr": null, "noOfEmploy": null, "noOfMaleEm": null, "noOfFemale": null, "noOfOtherE": null, "noOfDiffer": null, "noOfDiff_1": null, "noOfDiff_2": null, "otherCompo": null, "ownership": "Local Government", "elevation": null, "otherOwner": null, "followsGui": null, "serviceTyp": null, "operationa": null, "hospitalBe": null, "icuBed": null, "status": null, "capacityIn": null, "promoter": null, "totalArea": null, "currentLan": null, "remarks": null, "address": null, "emergencyL": null, "operatingD": null, "usableArea": null, "capacity": null, "useOfEvacu": null, "usedAsHeli": null, "isDrinking": null, "isToiletAv": null, "noOfToilet": null, "hasHandWas": null, "noOfHandWa": null, "hasFoodPre": null, "noOfFoodPr": null, "noOfMaleTo": null, "noOfFema_1": null, "noOfCommon": null, "noOfTaps": null, "otherFacil": null, "hasDisable": null, "specifyInf": null, "startTime": null, "endTime": null, "phoneNumbe": null, "vehicleNum": null, "driverName": null, "driverCont": null, "driverAlte": null, "fireEngine": null, "fireBikeCo": null, "otherAppar": null, "ventilator": null, "hasChildIm": null, "hasTdVacci": null, "hasImnci": null, "hasGrowthM": null, "hasSafeMot": null, "hasAntenat": null, "hasPostnat": null, "hasDeliver": null, "hasBasicEm": null, "hasCompreh": null, "hasCompr_1": null, "hasPostAbo": null, "hasCondomP": null, "hasIucd": null, "hasImplant": null, "hasVasecto": null, "hasMinilap": null, "hasOpd": null, "hasGeneral": null, "hasPediatr": null, "hasObsAndG": null, "hasDentalO": null, "hasSurgery": null, "hasGastroi": null, "hasCardiac": null, "hasMental": null, "hasRespira": null, "hasNephrol": null, "hasEnt": null, "hasDermato": null, "hasEndocri": null, "hasOncolog": null, "hasNeurolo": null, "hasOphthal": null, "hasTreatem": null, "hasTreat_1": null, "hasTreat_2": null, "hasTreat_3": null, "hasTreat_4": null, "hasTreat_5": null, "hasLaborat": null, "hasTestHiv": null, "hasTestMal": null, "hasTestTb": null, "hasTestKal": null, "hasUrineRe": null, "hasStoolRe": null, "hasGener_1": null, "hasCulture": null, "hasHormone": null, "hasLeprosy": null, "hasTestCov": null, "hasTestC_1": null, "hasVolunte": null, "hasPmtct": null, "hasAntiRet": null, "hasDental": null, "hasInPatie": null, "hasRadiolo": null, "hasXRay": null, "hasXRayWit": null, "hasUltraso": null, "hasEchocar": null, "hasEcg": null, "hasTrademi": null, "hasCtScan": null, "hasMri": null, "hasEndosco": null, "hasColonos": null, "hasSurgica": null, "hasCaesari": null, "hasGastr_1": null, "hasTraumaS": null, "hasCardi_1": null, "hasNeuroSu": null, "hasPlastic": null, "hasSpecial": null, "hasIcu": null, "hasNicu": null, "hasCcu": null, "hasMicu": null, "hasSncu": null, "hasPicu": null, "hasCardi_2": null, "hasPhysiot": null, "hasAmbulan": null, "hasExtende": null, "hasGeriatr": null, "hasPharmac": null, "hasOcmc": null, "hasHealthI": null, "hasSsu": null, "hasAyurved": null, "hasCovidCl": null, "hasEmergen": null, "hasOperati": null, "hasBloodDo": null, "hasFreeTre": null, "hasFreeT_1": null, "hasFreeT_2": null, "hasFreeT_3": null, "hasFreeT_4": null, "hasFreeT_5": null, "hasFreeT_6": null, "hasFreeT_7": null, "hasFreeT_8": null, "hasFreeT_9": null, "hasInterne": null, "registrati": "02/01/2076", "lastRenewa": null, "dateOfVali": null, "isVerified": false, "verficatio": null, "isApproved": false, "website": null, "emailAddre": null, "localAdd_2": null, "picture": null, "dateOfOper": null, "remarksOnO": null, "operatedBy": null, "religion": null, "otherRelig": null, "drinkingWa": null, "scale": null, "structure": null, "toilet": null, "type": "Basic Health Service Centre", "areaOfAirp": null, "kindOfVehi": null, "otherTypeW": null, "numberOfTr": null, "hasDisab_1": false, "nameAndNoO": null, "subtype": null, "otherType": null, "classroomC": null, "isMotorabl": null, "noOfLanes": null, "length": null, "noOfRoom": null, "noOfBed": null, "noOfStuden": null, "noOfMaleSt": null, "noOfFema_2": null, "noOfOtherS": null, "operatorTy": "Government", "otherOpera": null, "area": null, "altitude": null, "bank": null, "building": null, "hasTechnic": null, "isElectric": null, "isPermanen": null, "level": null, "moneyExcha": null, "atm": null, "noOfDiff_3": null, "noOfDiff_4": null, "noOfDiff_5": null, "noOfStud_1": null, "noOfStud_2": null, "noOfStud_3": null, "noOfStud_4": null, "operationT": null, "bedCount": null, "specializa": null, "outdoorSer": null, "indoorServ": null, "familyPlan": null, "startingDa": null, "surfaceTyp": null, "surfaceLev": null, "otherSurfa": null, "otherSur_1": null, "hasRoadAcc": null, "storageFac": null, "internetFa": null, "tankBuildD": null, "technicalS": null, "technica_1": null, "placementO": null, "sourceOfWa": null, "noOfServic": null, "isWaterSup": null, "towersName": null, "coverageRa": null, "frequency": null, "isp": null, "hasInter_1": true, "vaccinatio": null, "birthingCe": null, "hasOtherSe": null, "otherServi": null, "serviceUse": null, "width": null, "condition": null, "windDirect": null, "heliMarker": null, "nightLight": null, "helipadCon": null, "wireless": null, "fiber": null, "cable": null, "otherInter": null, "hasEvacuat": null, "designedWi": null, "hasDisaste": null, "hasDrinkin": null, "hasFocalPe": null, "focalPerso": null, "focalPer_1": null, "focalPer_2": null, "focalPer_3": null, "focalPer_4": null, "hasHumanit": null, "hasToilet": null, "isDesigned": null, "hasHelipad": null, "numberOf_1": null, "hasSafetyE": null, "remarksOnB": null, "hasOpenSpa": null, "areaOfOpen": null, "capacityOf": null, "hasDisas_1": null, "hasMedicin": null, "hasBackupE": null, "hasWashFac": null, "hfCode": "3040800071", "authority": null, "authorityL": "Local", "serviceSha": null, "specifyCom": null, "hasDisas_2": null, "specifyAwa": null, "providesDi": null, "specifyDis": null, "hasHealthC": null, "specifyD_1": null, "hasEmploye": null, "noOfEmpl_1": null, "isDrrRelat": null, "specifyWas": null, "hasSleepin": null, "noOfBeds": null, "noOfMats": null, "noOfCots": null, "hasElectri": null, "noOfSleepi": null, "typeOfAppa": null, "numberOfFi": null, "numberOf_2": null, "numberOfOt": null, "extraAppar": null, "ward": 3140, "province": null, "district": null, "municipali": null, "resourceTy": "health", "resource_t": "health", "district_i": 26, "district_n": "Dhading", "districtId": 26, "districtNa": "Dhading", "layer": "Dhading_Hospital", "path": "C:\\Users\\ASUS\\Desktop\\Bipad Portal (All Point Files)\\Health Only\\Dhading_Hospital.shp" }, "geometry": { "type": "Point", "coordinates": [ 84.93582916, 27.80938339 ] } },
{ "type": "Feature", "properties": { "id": 66209, "title": "Malekhu Teaching Hospital", "titleNe": null, "descriptio": null, "dataSource": "nhfr_api", "dataSour_1": 14364, "dataSour_2": null, "lastModifi": "2026-08-09T12:27:08.169", "components": null, "localAddre": null, "localAdd_1": null, "gr": null, "noOfEmploy": null, "noOfMaleEm": null, "noOfFemale": null, "noOfOtherE": null, "noOfDiffer": null, "noOfDiff_1": null, "noOfDiff_2": null, "otherCompo": null, "ownership": "Private Enterprise", "elevation": null, "otherOwner": null, "followsGui": null, "serviceTyp": null, "operationa": null, "hospitalBe": null, "icuBed": null, "status": null, "capacityIn": null, "promoter": null, "totalArea": null, "currentLan": null, "remarks": null, "address": null, "emergencyL": null, "operatingD": null, "usableArea": null, "capacity": null, "useOfEvacu": null, "usedAsHeli": null, "isDrinking": null, "isToiletAv": null, "noOfToilet": null, "hasHandWas": null, "noOfHandWa": null, "hasFoodPre": null, "noOfFoodPr": null, "noOfMaleTo": null, "noOfFema_1": null, "noOfCommon": null, "noOfTaps": null, "otherFacil": null, "hasDisable": null, "specifyInf": null, "startTime": null, "endTime": null, "phoneNumbe": "010400171", "vehicleNum": null, "driverName": null, "driverCont": null, "driverAlte": null, "fireEngine": null, "fireBikeCo": null, "otherAppar": null, "ventilator": null, "hasChildIm": null, "hasTdVacci": null, "hasImnci": null, "hasGrowthM": null, "hasSafeMot": null, "hasAntenat": null, "hasPostnat": null, "hasDeliver": null, "hasBasicEm": null, "hasCompreh": null, "hasCompr_1": null, "hasPostAbo": null, "hasCondomP": null, "hasIucd": null, "hasImplant": null, "hasVasecto": null, "hasMinilap": null, "hasOpd": null, "hasGeneral": null, "hasPediatr": null, "hasObsAndG": null, "hasDentalO": null, "hasSurgery": null, "hasGastroi": null, "hasCardiac": null, "hasMental": null, "hasRespira": null, "hasNephrol": null, "hasEnt": null, "hasDermato": null, "hasEndocri": null, "hasOncolog": null, "hasNeurolo": null, "hasOphthal": null, "hasTreatem": null, "hasTreat_1": null, "hasTreat_2": null, "hasTreat_3": null, "hasTreat_4": null, "hasTreat_5": null, "hasLaborat": null, "hasTestHiv": null, "hasTestMal": null, "hasTestTb": null, "hasTestKal": null, "hasUrineRe": null, "hasStoolRe": null, "hasGener_1": null, "hasCulture": null, "hasHormone": null, "hasLeprosy": null, "hasTestCov": null, "hasTestC_1": null, "hasVolunte": null, "hasPmtct": null, "hasAntiRet": null, "hasDental": null, "hasInPatie": null, "hasRadiolo": null, "hasXRay": null, "hasXRayWit": null, "hasUltraso": null, "hasEchocar": null, "hasEcg": null, "hasTrademi": null, "hasCtScan": null, "hasMri": null, "hasEndosco": null, "hasColonos": null, "hasSurgica": null, "hasCaesari": null, "hasGastr_1": null, "hasTraumaS": null, "hasCardi_1": null, "hasNeuroSu": null, "hasPlastic": null, "hasSpecial": null, "hasIcu": null, "hasNicu": null, "hasCcu": null, "hasMicu": null, "hasSncu": null, "hasPicu": null, "hasCardi_2": null, "hasPhysiot": null, "hasAmbulan": null, "hasExtende": null, "hasGeriatr": null, "hasPharmac": null, "hasOcmc": null, "hasHealthI": null, "hasSsu": null, "hasAyurved": null, "hasCovidCl": null, "hasEmergen": null, "hasOperati": null, "hasBloodDo": null, "hasFreeTre": null, "hasFreeT_1": null, "hasFreeT_2": null, "hasFreeT_3": null, "hasFreeT_4": null, "hasFreeT_5": null, "hasFreeT_6": null, "hasFreeT_7": null, "hasFreeT_8": null, "hasFreeT_9": null, "hasInterne": null, "registrati": "14/10/2077", "lastRenewa": null, "dateOfVali": null, "isVerified": false, "verficatio": null, "isApproved": false, "website": null, "emailAddre": null, "localAdd_2": null, "picture": null, "dateOfOper": null, "remarksOnO": null, "operatedBy": null, "religion": null, "otherRelig": null, "drinkingWa": null, "scale": null, "structure": null, "toilet": null, "type": "Basic Hospital (5 to 15 beds)", "areaOfAirp": null, "kindOfVehi": null, "otherTypeW": null, "numberOfTr": null, "hasDisab_1": false, "nameAndNoO": null, "subtype": null, "otherType": null, "classroomC": null, "isMotorabl": null, "noOfLanes": null, "length": null, "noOfRoom": null, "noOfBed": null, "noOfStuden": null, "noOfMaleSt": null, "noOfFema_2": null, "noOfOtherS": null, "operatorTy": "Non-Government", "otherOpera": null, "area": null, "altitude": null, "bank": null, "building": null, "hasTechnic": null, "isElectric": null, "isPermanen": null, "level": null, "moneyExcha": null, "atm": null, "noOfDiff_3": null, "noOfDiff_4": null, "noOfDiff_5": null, "noOfStud_1": null, "noOfStud_2": null, "noOfStud_3": null, "noOfStud_4": null, "operationT": null, "bedCount": null, "specializa": null, "outdoorSer": null, "indoorServ": null, "familyPlan": null, "startingDa": null, "surfaceTyp": null, "surfaceLev": null, "otherSurfa": null, "otherSur_1": null, "hasRoadAcc": null, "storageFac": null, "internetFa": null, "tankBuildD": null, "technicalS": null, "technica_1": null, "placementO": null, "sourceOfWa": null, "noOfServic": null, "isWaterSup": null, "towersName": null, "coverageRa": null, "frequency": null, "isp": null, "hasInter_1": true, "vaccinatio": null, "birthingCe": null, "hasOtherSe": null, "otherServi": null, "serviceUse": null, "width": null, "condition": null, "windDirect": null, "heliMarker": null, "nightLight": null, "helipadCon": null, "wireless": null, "fiber": null, "cable": null, "otherInter": null, "hasEvacuat": null, "designedWi": null, "hasDisaste": null, "hasDrinkin": null, "hasFocalPe": null, "focalPerso": null, "focalPer_1": null, "focalPer_2": null, "focalPer_3": null, "focalPer_4": null, "hasHumanit": null, "hasToilet": null, "isDesigned": null, "hasHelipad": null, "numberOf_1": null, "hasSafetyE": null, "remarksOnB": null, "hasOpenSpa": null, "areaOfOpen": null, "capacityOf": null, "hasDisas_1": null, "hasMedicin": null, "hasBackupE": null, "hasWashFac": null, "hfCode": "3041000092", "authority": null, "authorityL": "Local", "serviceSha": null, "specifyCom": null, "hasDisas_2": null, "specifyAwa": null, "providesDi": null, "specifyDis": null, "hasHealthC": null, "specifyD_1": null, "hasEmploye": null, "noOfEmpl_1": null, "isDrrRelat": null, "specifyWas": null, "hasSleepin": null, "noOfBeds": null, "noOfMats": null, "noOfCots": null, "hasElectri": null, "noOfSleepi": null, "typeOfAppa": null, "numberOfFi": null, "numberOf_2": null, "numberOfOt": null, "extraAppar": null, "ward": 3087, "province": null, "district": null, "municipali": null, "resourceTy": "health", "resource_t": "health", "district_i": 26, "district_n": "Dhading", "districtId": 26, "districtNa": "Dhading", "layer": "Dhading_Hospital", "path": "C:\\Users\\ASUS\\Desktop\\Bipad Portal (All Point Files)\\Health Only\\Dhading_Hospital.shp" }, "geometry": { "type": "Point", "coordinates": [ 84.8351593, 27.8058033 ] } },
{ "type": "Feature", "properties": { "id": 11041, "title": "Panchakanya Community Hospital", "titleNe": null, "descriptio": null, "dataSource": null, "dataSour_1": null, "dataSour_2": null, "lastModifi": "2022-02-25T18:56:32.730", "components": null, "localAddre": null, "localAdd_1": null, "gr": null, "noOfEmploy": null, "noOfMaleEm": null, "noOfFemale": null, "noOfOtherE": null, "noOfDiffer": null, "noOfDiff_1": null, "noOfDiff_2": null, "otherCompo": null, "ownership": null, "elevation": null, "otherOwner": null, "followsGui": null, "serviceTyp": null, "operationa": null, "hospitalBe": null, "icuBed": null, "status": null, "capacityIn": null, "promoter": null, "totalArea": null, "currentLan": null, "remarks": null, "address": null, "emergencyL": null, "operatingD": null, "usableArea": null, "capacity": null, "useOfEvacu": null, "usedAsHeli": null, "isDrinking": null, "isToiletAv": null, "noOfToilet": null, "hasHandWas": null, "noOfHandWa": null, "hasFoodPre": null, "noOfFoodPr": null, "noOfMaleTo": null, "noOfFema_1": null, "noOfCommon": null, "noOfTaps": null, "otherFacil": null, "hasDisable": false, "specifyInf": null, "startTime": null, "endTime": null, "phoneNumbe": null, "vehicleNum": null, "driverName": null, "driverCont": null, "driverAlte": null, "fireEngine": null, "fireBikeCo": null, "otherAppar": null, "ventilator": null, "hasChildIm": null, "hasTdVacci": null, "hasImnci": null, "hasGrowthM": null, "hasSafeMot": null, "hasAntenat": null, "hasPostnat": null, "hasDeliver": null, "hasBasicEm": null, "hasCompreh": null, "hasCompr_1": null, "hasPostAbo": null, "hasCondomP": null, "hasIucd": null, "hasImplant": null, "hasVasecto": null, "hasMinilap": null, "hasOpd": null, "hasGeneral": null, "hasPediatr": null, "hasObsAndG": null, "hasDentalO": null, "hasSurgery": null, "hasGastroi": null, "hasCardiac": null, "hasMental": null, "hasRespira": null, "hasNephrol": null, "hasEnt": null, "hasDermato": null, "hasEndocri": null, "hasOncolog": null, "hasNeurolo": null, "hasOphthal": null, "hasTreatem": null, "hasTreat_1": null, "hasTreat_2": null, "hasTreat_3": null, "hasTreat_4": null, "hasTreat_5": null, "hasLaborat": null, "hasTestHiv": null, "hasTestMal": null, "hasTestTb": null, "hasTestKal": null, "hasUrineRe": null, "hasStoolRe": null, "hasGener_1": null, "hasCulture": null, "hasHormone": null, "hasLeprosy": null, "hasTestCov": null, "hasTestC_1": null, "hasVolunte": null, "hasPmtct": null, "hasAntiRet": null, "hasDental": null, "hasInPatie": null, "hasRadiolo": null, "hasXRay": null, "hasXRayWit": null, "hasUltraso": null, "hasEchocar": null, "hasEcg": null, "hasTrademi": null, "hasCtScan": null, "hasMri": null, "hasEndosco": null, "hasColonos": null, "hasSurgica": null, "hasCaesari": null, "hasGastr_1": null, "hasTraumaS": null, "hasCardi_1": null, "hasNeuroSu": null, "hasPlastic": null, "hasSpecial": null, "hasIcu": null, "hasNicu": null, "hasCcu": null, "hasMicu": null, "hasSncu": null, "hasPicu": null, "hasCardi_2": null, "hasPhysiot": null, "hasAmbulan": null, "hasExtende": null, "hasGeriatr": null, "hasPharmac": null, "hasOcmc": null, "hasHealthI": null, "hasSsu": null, "hasAyurved": null, "hasCovidCl": null, "hasEmergen": null, "hasOperati": null, "hasBloodDo": null, "hasFreeTre": null, "hasFreeT_1": null, "hasFreeT_2": null, "hasFreeT_3": null, "hasFreeT_4": null, "hasFreeT_5": null, "hasFreeT_6": null, "hasFreeT_7": null, "hasFreeT_8": null, "hasFreeT_9": null, "hasInterne": null, "registrati": null, "lastRenewa": null, "dateOfVali": null, "isVerified": false, "verficatio": null, "isApproved": false, "website": null, "emailAddre": null, "localAdd_2": null, "picture": null, "dateOfOper": null, "remarksOnO": null, "operatedBy": null, "religion": null, "otherRelig": null, "drinkingWa": null, "scale": null, "structure": null, "toilet": null, "type": "Hospital", "areaOfAirp": null, "kindOfVehi": null, "otherTypeW": null, "numberOfTr": null, "hasDisab_1": null, "nameAndNoO": null, "subtype": null, "otherType": null, "classroomC": null, "isMotorabl": null, "noOfLanes": null, "length": null, "noOfRoom": null, "noOfBed": null, "noOfStuden": null, "noOfMaleSt": null, "noOfFema_2": null, "noOfOtherS": null, "operatorTy": null, "otherOpera": null, "area": null, "altitude": null, "bank": null, "building": null, "hasTechnic": null, "isElectric": null, "isPermanen": null, "level": null, "moneyExcha": null, "atm": null, "noOfDiff_3": null, "noOfDiff_4": null, "noOfDiff_5": null, "noOfStud_1": null, "noOfStud_2": null, "noOfStud_3": null, "noOfStud_4": null, "operationT": null, "bedCount": null, "specializa": null, "outdoorSer": null, "indoorServ": null, "familyPlan": null, "startingDa": null, "surfaceTyp": null, "surfaceLev": null, "otherSurfa": null, "otherSur_1": null, "hasRoadAcc": null, "storageFac": null, "internetFa": null, "tankBuildD": null, "technicalS": null, "technica_1": null, "placementO": null, "sourceOfWa": null, "noOfServic": null, "isWaterSup": null, "towersName": null, "coverageRa": null, "frequency": null, "isp": null, "hasInter_1": null, "vaccinatio": null, "birthingCe": null, "hasOtherSe": null, "otherServi": null, "serviceUse": null, "width": null, "condition": null, "windDirect": null, "heliMarker": null, "nightLight": null, "helipadCon": null, "wireless": null, "fiber": null, "cable": null, "otherInter": null, "hasEvacuat": null, "designedWi": null, "hasDisaste": null, "hasDrinkin": null, "hasFocalPe": null, "focalPerso": null, "focalPer_1": null, "focalPer_2": null, "focalPer_3": null, "focalPer_4": null, "hasHumanit": null, "hasToilet": null, "isDesigned": null, "hasHelipad": null, "numberOf_1": null, "hasSafetyE": null, "remarksOnB": null, "hasOpenSpa": null, "areaOfOpen": null, "capacityOf": null, "hasDisas_1": null, "hasMedicin": null, "hasBackupE": null, "hasWashFac": null, "hfCode": null, "authority": null, "authorityL": null, "serviceSha": null, "specifyCom": null, "hasDisas_2": null, "specifyAwa": null, "providesDi": null, "specifyDis": null, "hasHealthC": null, "specifyD_1": null, "hasEmploye": null, "noOfEmpl_1": null, "isDrrRelat": null, "specifyWas": null, "hasSleepin": null, "noOfBeds": null, "noOfMats": null, "noOfCots": null, "hasElectri": null, "noOfSleepi": null, "typeOfAppa": null, "numberOfFi": null, "numberOf_2": null, "numberOfOt": null, "extraAppar": null, "ward": 3631, "province": null, "district": null, "municipali": null, "resourceTy": "health", "resource_t": "health", "district_i": 25, "district_n": "Nuwakot", "districtId": 25, "districtNa": "Nuwakot", "layer": "Nuwakot_Hospital", "path": "C:\\Users\\ASUS\\Desktop\\Bipad Portal (All Point Files)\\Health Only\\Nuwakot_Hospital.shp" }, "geometry": { "type": "Point", "coordinates": [ 85.145943, 27.90155 ] } },
{ "type": "Feature", "properties": { "id": 11042, "title": "Nuwakot Hospital Pvt Ltd", "titleNe": null, "descriptio": null, "dataSource": null, "dataSour_1": null, "dataSour_2": null, "lastModifi": "2022-02-25T18:56:32.719", "components": null, "localAddre": null, "localAdd_1": null, "gr": null, "noOfEmploy": null, "noOfMaleEm": null, "noOfFemale": null, "noOfOtherE": null, "noOfDiffer": null, "noOfDiff_1": null, "noOfDiff_2": null, "otherCompo": null, "ownership": null, "elevation": null, "otherOwner": null, "followsGui": null, "serviceTyp": null, "operationa": null, "hospitalBe": null, "icuBed": null, "status": null, "capacityIn": null, "promoter": null, "totalArea": null, "currentLan": null, "remarks": null, "address": null, "emergencyL": null, "operatingD": null, "usableArea": null, "capacity": null, "useOfEvacu": null, "usedAsHeli": null, "isDrinking": null, "isToiletAv": null, "noOfToilet": null, "hasHandWas": null, "noOfHandWa": null, "hasFoodPre": null, "noOfFoodPr": null, "noOfMaleTo": null, "noOfFema_1": null, "noOfCommon": null, "noOfTaps": null, "otherFacil": null, "hasDisable": false, "specifyInf": null, "startTime": null, "endTime": null, "phoneNumbe": null, "vehicleNum": null, "driverName": null, "driverCont": null, "driverAlte": null, "fireEngine": null, "fireBikeCo": null, "otherAppar": null, "ventilator": null, "hasChildIm": null, "hasTdVacci": null, "hasImnci": null, "hasGrowthM": null, "hasSafeMot": null, "hasAntenat": null, "hasPostnat": null, "hasDeliver": null, "hasBasicEm": null, "hasCompreh": null, "hasCompr_1": null, "hasPostAbo": null, "hasCondomP": null, "hasIucd": null, "hasImplant": null, "hasVasecto": null, "hasMinilap": null, "hasOpd": null, "hasGeneral": null, "hasPediatr": null, "hasObsAndG": null, "hasDentalO": null, "hasSurgery": null, "hasGastroi": null, "hasCardiac": null, "hasMental": null, "hasRespira": null, "hasNephrol": null, "hasEnt": null, "hasDermato": null, "hasEndocri": null, "hasOncolog": null, "hasNeurolo": null, "hasOphthal": null, "hasTreatem": null, "hasTreat_1": null, "hasTreat_2": null, "hasTreat_3": null, "hasTreat_4": null, "hasTreat_5": null, "hasLaborat": null, "hasTestHiv": null, "hasTestMal": null, "hasTestTb": null, "hasTestKal": null, "hasUrineRe": null, "hasStoolRe": null, "hasGener_1": null, "hasCulture": null, "hasHormone": null, "hasLeprosy": null, "hasTestCov": null, "hasTestC_1": null, "hasVolunte": null, "hasPmtct": null, "hasAntiRet": null, "hasDental": null, "hasInPatie": null, "hasRadiolo": null, "hasXRay": null, "hasXRayWit": null, "hasUltraso": null, "hasEchocar": null, "hasEcg": null, "hasTrademi": null, "hasCtScan": null, "hasMri": null, "hasEndosco": null, "hasColonos": null, "hasSurgica": null, "hasCaesari": null, "hasGastr_1": null, "hasTraumaS": null, "hasCardi_1": null, "hasNeuroSu": null, "hasPlastic": null, "hasSpecial": null, "hasIcu": null, "hasNicu": null, "hasCcu": null, "hasMicu": null, "hasSncu": null, "hasPicu": null, "hasCardi_2": null, "hasPhysiot": null, "hasAmbulan": null, "hasExtende": null, "hasGeriatr": null, "hasPharmac": null, "hasOcmc": null, "hasHealthI": null, "hasSsu": null, "hasAyurved": null, "hasCovidCl": null, "hasEmergen": null, "hasOperati": null, "hasBloodDo": null, "hasFreeTre": null, "hasFreeT_1": null, "hasFreeT_2": null, "hasFreeT_3": null, "hasFreeT_4": null, "hasFreeT_5": null, "hasFreeT_6": null, "hasFreeT_7": null, "hasFreeT_8": null, "hasFreeT_9": null, "hasInterne": null, "registrati": null, "lastRenewa": null, "dateOfVali": null, "isVerified": false, "verficatio": null, "isApproved": false, "website": null, "emailAddre": null, "localAdd_2": null, "picture": null, "dateOfOper": null, "remarksOnO": null, "operatedBy": null, "religion": null, "otherRelig": null, "drinkingWa": null, "scale": null, "structure": null, "toilet": null, "type": "Hospital", "areaOfAirp": null, "kindOfVehi": null, "otherTypeW": null, "numberOfTr": null, "hasDisab_1": null, "nameAndNoO": null, "subtype": null, "otherType": null, "classroomC": null, "isMotorabl": null, "noOfLanes": null, "length": null, "noOfRoom": null, "noOfBed": null, "noOfStuden": null, "noOfMaleSt": null, "noOfFema_2": null, "noOfOtherS": null, "operatorTy": null, "otherOpera": null, "area": null, "altitude": null, "bank": null, "building": null, "hasTechnic": null, "isElectric": null, "isPermanen": null, "level": null, "moneyExcha": null, "atm": null, "noOfDiff_3": null, "noOfDiff_4": null, "noOfDiff_5": null, "noOfStud_1": null, "noOfStud_2": null, "noOfStud_3": null, "noOfStud_4": null, "operationT": null, "bedCount": null, "specializa": null, "outdoorSer": null, "indoorServ": null, "familyPlan": null, "startingDa": null, "surfaceTyp": null, "surfaceLev": null, "otherSurfa": null, "otherSur_1": null, "hasRoadAcc": null, "storageFac": null, "internetFa": null, "tankBuildD": null, "technicalS": null, "technica_1": null, "placementO": null, "sourceOfWa": null, "noOfServic": null, "isWaterSup": null, "towersName": null, "coverageRa": null, "frequency": null, "isp": null, "hasInter_1": null, "vaccinatio": null, "birthingCe": null, "hasOtherSe": null, "otherServi": null, "serviceUse": null, "width": null, "condition": null, "windDirect": null, "heliMarker": null, "nightLight": null, "helipadCon": null, "wireless": null, "fiber": null, "cable": null, "otherInter": null, "hasEvacuat": null, "designedWi": null, "hasDisaste": null, "hasDrinkin": null, "hasFocalPe": null, "focalPerso": null, "focalPer_1": null, "focalPer_2": null, "focalPer_3": null, "focalPer_4": null, "hasHumanit": null, "hasToilet": null, "isDesigned": null, "hasHelipad": null, "numberOf_1": null, "hasSafetyE": null, "remarksOnB": null, "hasOpenSpa": null, "areaOfOpen": null, "capacityOf": null, "hasDisas_1": null, "hasMedicin": null, "hasBackupE": null, "hasWashFac": null, "hfCode": null, "authority": null, "authorityL": null, "serviceSha": null, "specifyCom": null, "hasDisas_2": null, "specifyAwa": null, "providesDi": null, "specifyDis": null, "hasHealthC": null, "specifyD_1": null, "hasEmploye": null, "noOfEmpl_1": null, "isDrrRelat": null, "specifyWas": null, "hasSleepin": null, "noOfBeds": null, "noOfMats": null, "noOfCots": null, "hasElectri": null, "noOfSleepi": null, "typeOfAppa": null, "numberOfFi": null, "numberOf_2": null, "numberOfOt": null, "extraAppar": null, "ward": 3629, "province": null, "district": null, "municipali": null, "resourceTy": "health", "resource_t": "health", "district_i": 25, "district_n": "Nuwakot", "districtId": 25, "districtNa": "Nuwakot", "layer": "Nuwakot_Hospital", "path": "C:\\Users\\ASUS\\Desktop\\Bipad Portal (All Point Files)\\Health Only\\Nuwakot_Hospital.shp" }, "geometry": { "type": "Point", "coordinates": [ 85.148232, 27.921761 ] } },
{ "type": "Feature", "properties": { "id": 14394, "title": "Lions Dental Clinic", "titleNe": null, "descriptio": null, "dataSource": null, "dataSour_1": null, "dataSour_2": null, "lastModifi": "2022-02-25T18:55:58.824", "components": null, "localAddre": null, "localAdd_1": null, "gr": null, "noOfEmploy": null, "noOfMaleEm": null, "noOfFemale": null, "noOfOtherE": null, "noOfDiffer": null, "noOfDiff_1": null, "noOfDiff_2": null, "otherCompo": null, "ownership": null, "elevation": null, "otherOwner": null, "followsGui": null, "serviceTyp": null, "operationa": null, "hospitalBe": null, "icuBed": null, "status": null, "capacityIn": null, "promoter": null, "totalArea": null, "currentLan": null, "remarks": null, "address": null, "emergencyL": null, "operatingD": null, "usableArea": null, "capacity": null, "useOfEvacu": null, "usedAsHeli": null, "isDrinking": null, "isToiletAv": null, "noOfToilet": null, "hasHandWas": null, "noOfHandWa": null, "hasFoodPre": null, "noOfFoodPr": null, "noOfMaleTo": null, "noOfFema_1": null, "noOfCommon": null, "noOfTaps": null, "otherFacil": null, "hasDisable": false, "specifyInf": null, "startTime": null, "endTime": null, "phoneNumbe": null, "vehicleNum": null, "driverName": null, "driverCont": null, "driverAlte": null, "fireEngine": null, "fireBikeCo": null, "otherAppar": null, "ventilator": null, "hasChildIm": null, "hasTdVacci": null, "hasImnci": null, "hasGrowthM": null, "hasSafeMot": null, "hasAntenat": null, "hasPostnat": null, "hasDeliver": null, "hasBasicEm": null, "hasCompreh": null, "hasCompr_1": null, "hasPostAbo": null, "hasCondomP": null, "hasIucd": null, "hasImplant": null, "hasVasecto": null, "hasMinilap": null, "hasOpd": null, "hasGeneral": null, "hasPediatr": null, "hasObsAndG": null, "hasDentalO": null, "hasSurgery": null, "hasGastroi": null, "hasCardiac": null, "hasMental": null, "hasRespira": null, "hasNephrol": null, "hasEnt": null, "hasDermato": null, "hasEndocri": null, "hasOncolog": null, "hasNeurolo": null, "hasOphthal": null, "hasTreatem": null, "hasTreat_1": null, "hasTreat_2": null, "hasTreat_3": null, "hasTreat_4": null, "hasTreat_5": null, "hasLaborat": null, "hasTestHiv": null, "hasTestMal": null, "hasTestTb": null, "hasTestKal": null, "hasUrineRe": null, "hasStoolRe": null, "hasGener_1": null, "hasCulture": null, "hasHormone": null, "hasLeprosy": null, "hasTestCov": null, "hasTestC_1": null, "hasVolunte": null, "hasPmtct": null, "hasAntiRet": null, "hasDental": null, "hasInPatie": null, "hasRadiolo": null, "hasXRay": null, "hasXRayWit": null, "hasUltraso": null, "hasEchocar": null, "hasEcg": null, "hasTrademi": null, "hasCtScan": null, "hasMri": null, "hasEndosco": null, "hasColonos": null, "hasSurgica": null, "hasCaesari": null, "hasGastr_1": null, "hasTraumaS": null, "hasCardi_1": null, "hasNeuroSu": null, "hasPlastic": null, "hasSpecial": null, "hasIcu": null, "hasNicu": null, "hasCcu": null, "hasMicu": null, "hasSncu": null, "hasPicu": null, "hasCardi_2": null, "hasPhysiot": null, "hasAmbulan": null, "hasExtende": null, "hasGeriatr": null, "hasPharmac": null, "hasOcmc": null, "hasHealthI": null, "hasSsu": null, "hasAyurved": null, "hasCovidCl": null, "hasEmergen": null, "hasOperati": null, "hasBloodDo": null, "hasFreeTre": null, "hasFreeT_1": null, "hasFreeT_2": null, "hasFreeT_3": null, "hasFreeT_4": null, "hasFreeT_5": null, "hasFreeT_6": null, "hasFreeT_7": null, "hasFreeT_8": null, "hasFreeT_9": null, "hasInterne": null, "registrati": null, "lastRenewa": null, "dateOfVali": null, "isVerified": false, "verficatio": null, "isApproved": false, "website": null, "emailAddre": null, "localAdd_2": null, "picture": null, "dateOfOper": null, "remarksOnO": null, "operatedBy": null, "religion": null, "otherRelig": null, "drinkingWa": null, "scale": null, "structure": null, "toilet": null, "type": "Dental Clinic", "areaOfAirp": null, "kindOfVehi": null, "otherTypeW": null, "numberOfTr": null, "hasDisab_1": null, "nameAndNoO": null, "subtype": null, "otherType": null, "classroomC": null, "isMotorabl": null, "noOfLanes": null, "length": null, "noOfRoom": null, "noOfBed": null, "noOfStuden": null, "noOfMaleSt": null, "noOfFema_2": null, "noOfOtherS": null, "operatorTy": null, "otherOpera": null, "area": null, "altitude": null, "bank": null, "building": null, "hasTechnic": null, "isElectric": null, "isPermanen": null, "level": null, "moneyExcha": null, "atm": null, "noOfDiff_3": null, "noOfDiff_4": null, "noOfDiff_5": null, "noOfStud_1": null, "noOfStud_2": null, "noOfStud_3": null, "noOfStud_4": null, "operationT": null, "bedCount": null, "specializa": null, "outdoorSer": null, "indoorServ": null, "familyPlan": null, "startingDa": null, "surfaceTyp": null, "surfaceLev": null, "otherSurfa": null, "otherSur_1": null, "hasRoadAcc": null, "storageFac": null, "internetFa": null, "tankBuildD": null, "technicalS": null, "technica_1": null, "placementO": null, "sourceOfWa": null, "noOfServic": null, "isWaterSup": null, "towersName": null, "coverageRa": null, "frequency": null, "isp": null, "hasInter_1": null, "vaccinatio": null, "birthingCe": null, "hasOtherSe": null, "otherServi": null, "serviceUse": null, "width": null, "condition": null, "windDirect": null, "heliMarker": null, "nightLight": null, "helipadCon": null, "wireless": null, "fiber": null, "cable": null, "otherInter": null, "hasEvacuat": null, "designedWi": null, "hasDisaste": null, "hasDrinkin": null, "hasFocalPe": null, "focalPerso": null, "focalPer_1": null, "focalPer_2": null, "focalPer_3": null, "focalPer_4": null, "hasHumanit": null, "hasToilet": null, "isDesigned": null, "hasHelipad": null, "numberOf_1": null, "hasSafetyE": null, "remarksOnB": null, "hasOpenSpa": null, "areaOfOpen": null, "capacityOf": null, "hasDisas_1": null, "hasMedicin": null, "hasBackupE": null, "hasWashFac": null, "hfCode": null, "authority": null, "authorityL": null, "serviceSha": null, "specifyCom": null, "hasDisas_2": null, "specifyAwa": null, "providesDi": null, "specifyDis": null, "hasHealthC": null, "specifyD_1": null, "hasEmploye": null, "noOfEmpl_1": null, "isDrrRelat": null, "specifyWas": null, "hasSleepin": null, "noOfBeds": null, "noOfMats": null, "noOfCots": null, "hasElectri": null, "noOfSleepi": null, "typeOfAppa": null, "numberOfFi": null, "numberOf_2": null, "numberOfOt": null, "extraAppar": null, "ward": 3635, "province": null, "district": null, "municipali": null, "resourceTy": "health", "resource_t": "health", "district_i": 25, "district_n": "Nuwakot", "districtId": 25, "districtNa": "Nuwakot", "layer": "Nuwakot_Hospital", "path": "C:\\Users\\ASUS\\Desktop\\Bipad Portal (All Point Files)\\Health Only\\Nuwakot_Hospital.shp" }, "geometry": { "type": "Point", "coordinates": [ 85.140388, 27.9219 ] } },
{ "type": "Feature", "properties": { "id": 14395, "title": "Marie Stopes Centre", "titleNe": null, "descriptio": null, "dataSource": null, "dataSour_1": null, "dataSour_2": null, "lastModifi": "2022-02-25T18:55:58.815", "components": null, "localAddre": null, "localAdd_1": null, "gr": null, "noOfEmploy": null, "noOfMaleEm": null, "noOfFemale": null, "noOfOtherE": null, "noOfDiffer": null, "noOfDiff_1": null, "noOfDiff_2": null, "otherCompo": null, "ownership": null, "elevation": null, "otherOwner": null, "followsGui": null, "serviceTyp": null, "operationa": null, "hospitalBe": null, "icuBed": null, "status": null, "capacityIn": null, "promoter": null, "totalArea": null, "currentLan": null, "remarks": null, "address": null, "emergencyL": null, "operatingD": null, "usableArea": null, "capacity": null, "useOfEvacu": null, "usedAsHeli": null, "isDrinking": null, "isToiletAv": null, "noOfToilet": null, "hasHandWas": null, "noOfHandWa": null, "hasFoodPre": null, "noOfFoodPr": null, "noOfMaleTo": null, "noOfFema_1": null, "noOfCommon": null, "noOfTaps": null, "otherFacil": null, "hasDisable": false, "specifyInf": null, "startTime": null, "endTime": null, "phoneNumbe": null, "vehicleNum": null, "driverName": null, "driverCont": null, "driverAlte": null, "fireEngine": null, "fireBikeCo": null, "otherAppar": null, "ventilator": null, "hasChildIm": null, "hasTdVacci": null, "hasImnci": null, "hasGrowthM": null, "hasSafeMot": null, "hasAntenat": null, "hasPostnat": null, "hasDeliver": null, "hasBasicEm": null, "hasCompreh": null, "hasCompr_1": null, "hasPostAbo": null, "hasCondomP": null, "hasIucd": null, "hasImplant": null, "hasVasecto": null, "hasMinilap": null, "hasOpd": null, "hasGeneral": null, "hasPediatr": null, "hasObsAndG": null, "hasDentalO": null, "hasSurgery": null, "hasGastroi": null, "hasCardiac": null, "hasMental": null, "hasRespira": null, "hasNephrol": null, "hasEnt": null, "hasDermato": null, "hasEndocri": null, "hasOncolog": null, "hasNeurolo": null, "hasOphthal": null, "hasTreatem": null, "hasTreat_1": null, "hasTreat_2": null, "hasTreat_3": null, "hasTreat_4": null, "hasTreat_5": null, "hasLaborat": null, "hasTestHiv": null, "hasTestMal": null, "hasTestTb": null, "hasTestKal": null, "hasUrineRe": null, "hasStoolRe": null, "hasGener_1": null, "hasCulture": null, "hasHormone": null, "hasLeprosy": null, "hasTestCov": null, "hasTestC_1": null, "hasVolunte": null, "hasPmtct": null, "hasAntiRet": null, "hasDental": null, "hasInPatie": null, "hasRadiolo": null, "hasXRay": null, "hasXRayWit": null, "hasUltraso": null, "hasEchocar": null, "hasEcg": null, "hasTrademi": null, "hasCtScan": null, "hasMri": null, "hasEndosco": null, "hasColonos": null, "hasSurgica": null, "hasCaesari": null, "hasGastr_1": null, "hasTraumaS": null, "hasCardi_1": null, "hasNeuroSu": null, "hasPlastic": null, "hasSpecial": null, "hasIcu": null, "hasNicu": null, "hasCcu": null, "hasMicu": null, "hasSncu": null, "hasPicu": null, "hasCardi_2": null, "hasPhysiot": null, "hasAmbulan": null, "hasExtende": null, "hasGeriatr": null, "hasPharmac": null, "hasOcmc": null, "hasHealthI": null, "hasSsu": null, "hasAyurved": null, "hasCovidCl": null, "hasEmergen": null, "hasOperati": null, "hasBloodDo": null, "hasFreeTre": null, "hasFreeT_1": null, "hasFreeT_2": null, "hasFreeT_3": null, "hasFreeT_4": null, "hasFreeT_5": null, "hasFreeT_6": null, "hasFreeT_7": null, "hasFreeT_8": null, "hasFreeT_9": null, "hasInterne": null, "registrati": null, "lastRenewa": null, "dateOfVali": null, "isVerified": false, "verficatio": null, "isApproved": false, "website": null, "emailAddre": null, "localAdd_2": null, "picture": null, "dateOfOper": null, "remarksOnO": null, "operatedBy": null, "religion": null, "otherRelig": null, "drinkingWa": null, "scale": null, "structure": null, "toilet": null, "type": "Other", "areaOfAirp": null, "kindOfVehi": null, "otherTypeW": null, "numberOfTr": null, "hasDisab_1": null, "nameAndNoO": null, "subtype": null, "otherType": null, "classroomC": null, "isMotorabl": null, "noOfLanes": null, "length": null, "noOfRoom": null, "noOfBed": null, "noOfStuden": null, "noOfMaleSt": null, "noOfFema_2": null, "noOfOtherS": null, "operatorTy": null, "otherOpera": null, "area": null, "altitude": null, "bank": null, "building": null, "hasTechnic": null, "isElectric": null, "isPermanen": null, "level": null, "moneyExcha": null, "atm": null, "noOfDiff_3": null, "noOfDiff_4": null, "noOfDiff_5": null, "noOfStud_1": null, "noOfStud_2": null, "noOfStud_3": null, "noOfStud_4": null, "operationT": null, "bedCount": null, "specializa": null, "outdoorSer": null, "indoorServ": null, "familyPlan": null, "startingDa": null, "surfaceTyp": null, "surfaceLev": null, "otherSurfa": null, "otherSur_1": null, "hasRoadAcc": null, "storageFac": null, "internetFa": null, "tankBuildD": null, "technicalS": null, "technica_1": null, "placementO": null, "sourceOfWa": null, "noOfServic": null, "isWaterSup": null, "towersName": null, "coverageRa": null, "frequency": null, "isp": null, "hasInter_1": null, "vaccinatio": null, "birthingCe": null, "hasOtherSe": null, "otherServi": null, "serviceUse": null, "width": null, "condition": null, "windDirect": null, "heliMarker": null, "nightLight": null, "helipadCon": null, "wireless": null, "fiber": null, "cable": null, "otherInter": null, "hasEvacuat": null, "designedWi": null, "hasDisaste": null, "hasDrinkin": null, "hasFocalPe": null, "focalPerso": null, "focalPer_1": null, "focalPer_2": null, "focalPer_3": null, "focalPer_4": null, "hasHumanit": null, "hasToilet": null, "isDesigned": null, "hasHelipad": null, "numberOf_1": null, "hasSafetyE": null, "remarksOnB": null, "hasOpenSpa": null, "areaOfOpen": null, "capacityOf": null, "hasDisas_1": null, "hasMedicin": null, "hasBackupE": null, "hasWashFac": null, "hfCode": null, "authority": null, "authorityL": null, "serviceSha": null, "specifyCom": null, "hasDisas_2": null, "specifyAwa": null, "providesDi": null, "specifyDis": null, "hasHealthC": null, "specifyD_1": null, "hasEmploye": null, "noOfEmpl_1": null, "isDrrRelat": null, "specifyWas": null, "hasSleepin": null, "noOfBeds": null, "noOfMats": null, "noOfCots": null, "hasElectri": null, "noOfSleepi": null, "typeOfAppa": null, "numberOfFi": null, "numberOf_2": null, "numberOfOt": null, "extraAppar": null, "ward": 3633, "province": null, "district": null, "municipali": null, "resourceTy": "health", "resource_t": "health", "district_i": 25, "district_n": "Nuwakot", "districtId": 25, "districtNa": "Nuwakot", "layer": "Nuwakot_Hospital", "path": "C:\\Users\\ASUS\\Desktop\\Bipad Portal (All Point Files)\\Health Only\\Nuwakot_Hospital.shp" }, "geometry": { "type": "Point", "coordinates": [ 85.140823, 27.89896 ] } },
{ "type": "Feature", "properties": { "id": 14407, "title": "Thap Duipipal SHP", "titleNe": null, "descriptio": null, "dataSource": null, "dataSour_1": null, "dataSour_2": null, "lastModifi": "2022-02-25T18:55:58.644", "components": null, "localAddre": null, "localAdd_1": null, "gr": null, "noOfEmploy": null, "noOfMaleEm": null, "noOfFemale": null, "noOfOtherE": null, "noOfDiffer": null, "noOfDiff_1": null, "noOfDiff_2": null, "otherCompo": null, "ownership": null, "elevation": null, "otherOwner": null, "followsGui": null, "serviceTyp": null, "operationa": null, "hospitalBe": null, "icuBed": null, "status": null, "capacityIn": null, "promoter": null, "totalArea": null, "currentLan": null, "remarks": null, "address": null, "emergencyL": null, "operatingD": null, "usableArea": null, "capacity": null, "useOfEvacu": null, "usedAsHeli": null, "isDrinking": null, "isToiletAv": null, "noOfToilet": null, "hasHandWas": null, "noOfHandWa": null, "hasFoodPre": null, "noOfFoodPr": null, "noOfMaleTo": null, "noOfFema_1": null, "noOfCommon": null, "noOfTaps": null, "otherFacil": null, "hasDisable": false, "specifyInf": null, "startTime": null, "endTime": null, "phoneNumbe": null, "vehicleNum": null, "driverName": null, "driverCont": null, "driverAlte": null, "fireEngine": null, "fireBikeCo": null, "otherAppar": null, "ventilator": null, "hasChildIm": null, "hasTdVacci": null, "hasImnci": null, "hasGrowthM": null, "hasSafeMot": null, "hasAntenat": null, "hasPostnat": null, "hasDeliver": null, "hasBasicEm": null, "hasCompreh": null, "hasCompr_1": null, "hasPostAbo": null, "hasCondomP": null, "hasIucd": null, "hasImplant": null, "hasVasecto": null, "hasMinilap": null, "hasOpd": null, "hasGeneral": null, "hasPediatr": null, "hasObsAndG": null, "hasDentalO": null, "hasSurgery": null, "hasGastroi": null, "hasCardiac": null, "hasMental": null, "hasRespira": null, "hasNephrol": null, "hasEnt": null, "hasDermato": null, "hasEndocri": null, "hasOncolog": null, "hasNeurolo": null, "hasOphthal": null, "hasTreatem": null, "hasTreat_1": null, "hasTreat_2": null, "hasTreat_3": null, "hasTreat_4": null, "hasTreat_5": null, "hasLaborat": null, "hasTestHiv": null, "hasTestMal": null, "hasTestTb": null, "hasTestKal": null, "hasUrineRe": null, "hasStoolRe": null, "hasGener_1": null, "hasCulture": null, "hasHormone": null, "hasLeprosy": null, "hasTestCov": null, "hasTestC_1": null, "hasVolunte": null, "hasPmtct": null, "hasAntiRet": null, "hasDental": null, "hasInPatie": null, "hasRadiolo": null, "hasXRay": null, "hasXRayWit": null, "hasUltraso": null, "hasEchocar": null, "hasEcg": null, "hasTrademi": null, "hasCtScan": null, "hasMri": null, "hasEndosco": null, "hasColonos": null, "hasSurgica": null, "hasCaesari": null, "hasGastr_1": null, "hasTraumaS": null, "hasCardi_1": null, "hasNeuroSu": null, "hasPlastic": null, "hasSpecial": null, "hasIcu": null, "hasNicu": null, "hasCcu": null, "hasMicu": null, "hasSncu": null, "hasPicu": null, "hasCardi_2": null, "hasPhysiot": null, "hasAmbulan": null, "hasExtende": null, "hasGeriatr": null, "hasPharmac": null, "hasOcmc": null, "hasHealthI": null, "hasSsu": null, "hasAyurved": null, "hasCovidCl": null, "hasEmergen": null, "hasOperati": null, "hasBloodDo": null, "hasFreeTre": null, "hasFreeT_1": null, "hasFreeT_2": null, "hasFreeT_3": null, "hasFreeT_4": null, "hasFreeT_5": null, "hasFreeT_6": null, "hasFreeT_7": null, "hasFreeT_8": null, "hasFreeT_9": null, "hasInterne": null, "registrati": null, "lastRenewa": null, "dateOfVali": null, "isVerified": false, "verficatio": null, "isApproved": false, "website": null, "emailAddre": null, "localAdd_2": null, "picture": null, "dateOfOper": null, "remarksOnO": null, "operatedBy": null, "religion": null, "otherRelig": null, "drinkingWa": null, "scale": null, "structure": null, "toilet": null, "type": "Health Post", "areaOfAirp": null, "kindOfVehi": null, "otherTypeW": null, "numberOfTr": null, "hasDisab_1": null, "nameAndNoO": null, "subtype": null, "otherType": null, "classroomC": null, "isMotorabl": null, "noOfLanes": null, "length": null, "noOfRoom": null, "noOfBed": null, "noOfStuden": null, "noOfMaleSt": null, "noOfFema_2": null, "noOfOtherS": null, "operatorTy": null, "otherOpera": null, "area": null, "altitude": null, "bank": null, "building": null, "hasTechnic": null, "isElectric": null, "isPermanen": null, "level": null, "moneyExcha": null, "atm": null, "noOfDiff_3": null, "noOfDiff_4": null, "noOfDiff_5": null, "noOfStud_1": null, "noOfStud_2": null, "noOfStud_3": null, "noOfStud_4": null, "operationT": null, "bedCount": null, "specializa": null, "outdoorSer": null, "indoorServ": null, "familyPlan": null, "startingDa": null, "surfaceTyp": null, "surfaceLev": null, "otherSurfa": null, "otherSur_1": null, "hasRoadAcc": null, "storageFac": null, "internetFa": null, "tankBuildD": null, "technicalS": null, "technica_1": null, "placementO": null, "sourceOfWa": null, "noOfServic": null, "isWaterSup": null, "towersName": null, "coverageRa": null, "frequency": null, "isp": null, "hasInter_1": null, "vaccinatio": null, "birthingCe": null, "hasOtherSe": null, "otherServi": null, "serviceUse": null, "width": null, "condition": null, "windDirect": null, "heliMarker": null, "nightLight": null, "helipadCon": null, "wireless": null, "fiber": null, "cable": null, "otherInter": null, "hasEvacuat": null, "designedWi": null, "hasDisaste": null, "hasDrinkin": null, "hasFocalPe": null, "focalPerso": null, "focalPer_1": null, "focalPer_2": null, "focalPer_3": null, "focalPer_4": null, "hasHumanit": null, "hasToilet": null, "isDesigned": null, "hasHelipad": null, "numberOf_1": null, "hasSafetyE": null, "remarksOnB": null, "hasOpenSpa": null, "areaOfOpen": null, "capacityOf": null, "hasDisas_1": null, "hasMedicin": null, "hasBackupE": null, "hasWashFac": null, "hfCode": null, "authority": null, "authorityL": null, "serviceSha": null, "specifyCom": null, "hasDisas_2": null, "specifyAwa": null, "providesDi": null, "specifyDis": null, "hasHealthC": null, "specifyD_1": null, "hasEmploye": null, "noOfEmpl_1": null, "isDrrRelat": null, "specifyWas": null, "hasSleepin": null, "noOfBeds": null, "noOfMats": null, "noOfCots": null, "hasElectri": null, "noOfSleepi": null, "typeOfAppa": null, "numberOfFi": null, "numberOf_2": null, "numberOfOt": null, "extraAppar": null, "ward": 3646, "province": null, "district": null, "municipali": null, "resourceTy": "health", "resource_t": "health", "district_i": 25, "district_n": "Nuwakot", "districtId": 25, "districtNa": "Nuwakot", "layer": "Nuwakot_Hospital", "path": "C:\\Users\\ASUS\\Desktop\\Bipad Portal (All Point Files)\\Health Only\\Nuwakot_Hospital.shp" }, "geometry": { "type": "Point", "coordinates": [ 85.014259, 27.81337 ] } },
{ "type": "Feature", "properties": { "id": 14428, "title": "Thap Manakamana SHP", "titleNe": null, "descriptio": null, "dataSource": null, "dataSour_1": null, "dataSour_2": null, "lastModifi": "2022-02-25T18:55:58.397", "components": null, "localAddre": null, "localAdd_1": null, "gr": null, "noOfEmploy": null, "noOfMaleEm": null, "noOfFemale": null, "noOfOtherE": null, "noOfDiffer": null, "noOfDiff_1": null, "noOfDiff_2": null, "otherCompo": null, "ownership": null, "elevation": null, "otherOwner": null, "followsGui": null, "serviceTyp": null, "operationa": null, "hospitalBe": null, "icuBed": null, "status": null, "capacityIn": null, "promoter": null, "totalArea": null, "currentLan": null, "remarks": null, "address": null, "emergencyL": null, "operatingD": null, "usableArea": null, "capacity": null, "useOfEvacu": null, "usedAsHeli": null, "isDrinking": null, "isToiletAv": null, "noOfToilet": null, "hasHandWas": null, "noOfHandWa": null, "hasFoodPre": null, "noOfFoodPr": null, "noOfMaleTo": null, "noOfFema_1": null, "noOfCommon": null, "noOfTaps": null, "otherFacil": null, "hasDisable": false, "specifyInf": null, "startTime": null, "endTime": null, "phoneNumbe": null, "vehicleNum": null, "driverName": null, "driverCont": null, "driverAlte": null, "fireEngine": null, "fireBikeCo": null, "otherAppar": null, "ventilator": null, "hasChildIm": null, "hasTdVacci": null, "hasImnci": null, "hasGrowthM": null, "hasSafeMot": null, "hasAntenat": null, "hasPostnat": null, "hasDeliver": null, "hasBasicEm": null, "hasCompreh": null, "hasCompr_1": null, "hasPostAbo": null, "hasCondomP": null, "hasIucd": null, "hasImplant": null, "hasVasecto": null, "hasMinilap": null, "hasOpd": null, "hasGeneral": null, "hasPediatr": null, "hasObsAndG": null, "hasDentalO": null, "hasSurgery": null, "hasGastroi": null, "hasCardiac": null, "hasMental": null, "hasRespira": null, "hasNephrol": null, "hasEnt": null, "hasDermato": null, "hasEndocri": null, "hasOncolog": null, "hasNeurolo": null, "hasOphthal": null, "hasTreatem": null, "hasTreat_1": null, "hasTreat_2": null, "hasTreat_3": null, "hasTreat_4": null, "hasTreat_5": null, "hasLaborat": null, "hasTestHiv": null, "hasTestMal": null, "hasTestTb": null, "hasTestKal": null, "hasUrineRe": null, "hasStoolRe": null, "hasGener_1": null, "hasCulture": null, "hasHormone": null, "hasLeprosy": null, "hasTestCov": null, "hasTestC_1": null, "hasVolunte": null, "hasPmtct": null, "hasAntiRet": null, "hasDental": null, "hasInPatie": null, "hasRadiolo": null, "hasXRay": null, "hasXRayWit": null, "hasUltraso": null, "hasEchocar": null, "hasEcg": null, "hasTrademi": null, "hasCtScan": null, "hasMri": null, "hasEndosco": null, "hasColonos": null, "hasSurgica": null, "hasCaesari": null, "hasGastr_1": null, "hasTraumaS": null, "hasCardi_1": null, "hasNeuroSu": null, "hasPlastic": null, "hasSpecial": null, "hasIcu": null, "hasNicu": null, "hasCcu": null, "hasMicu": null, "hasSncu": null, "hasPicu": null, "hasCardi_2": null, "hasPhysiot": null, "hasAmbulan": null, "hasExtende": null, "hasGeriatr": null, "hasPharmac": null, "hasOcmc": null, "hasHealthI": null, "hasSsu": null, "hasAyurved": null, "hasCovidCl": null, "hasEmergen": null, "hasOperati": null, "hasBloodDo": null, "hasFreeTre": null, "hasFreeT_1": null, "hasFreeT_2": null, "hasFreeT_3": null, "hasFreeT_4": null, "hasFreeT_5": null, "hasFreeT_6": null, "hasFreeT_7": null, "hasFreeT_8": null, "hasFreeT_9": null, "hasInterne": null, "registrati": null, "lastRenewa": null, "dateOfVali": null, "isVerified": false, "verficatio": null, "isApproved": false, "website": null, "emailAddre": null, "localAdd_2": null, "picture": null, "dateOfOper": null, "remarksOnO": null, "operatedBy": null, "religion": null, "otherRelig": null, "drinkingWa": null, "scale": null, "structure": null, "toilet": null, "type": "Health Post", "areaOfAirp": null, "kindOfVehi": null, "otherTypeW": null, "numberOfTr": null, "hasDisab_1": null, "nameAndNoO": null, "subtype": null, "otherType": null, "classroomC": null, "isMotorabl": null, "noOfLanes": null, "length": null, "noOfRoom": null, "noOfBed": null, "noOfStuden": null, "noOfMaleSt": null, "noOfFema_2": null, "noOfOtherS": null, "operatorTy": null, "otherOpera": null, "area": null, "altitude": null, "bank": null, "building": null, "hasTechnic": null, "isElectric": null, "isPermanen": null, "level": null, "moneyExcha": null, "atm": null, "noOfDiff_3": null, "noOfDiff_4": null, "noOfDiff_5": null, "noOfStud_1": null, "noOfStud_2": null, "noOfStud_3": null, "noOfStud_4": null, "operationT": null, "bedCount": null, "specializa": null, "outdoorSer": null, "indoorServ": null, "familyPlan": null, "startingDa": null, "surfaceTyp": null, "surfaceLev": null, "otherSurfa": null, "otherSur_1": null, "hasRoadAcc": null, "storageFac": null, "internetFa": null, "tankBuildD": null, "technicalS": null, "technica_1": null, "placementO": null, "sourceOfWa": null, "noOfServic": null, "isWaterSup": null, "towersName": null, "coverageRa": null, "frequency": null, "isp": null, "hasInter_1": null, "vaccinatio": null, "birthingCe": null, "hasOtherSe": null, "otherServi": null, "serviceUse": null, "width": null, "condition": null, "windDirect": null, "heliMarker": null, "nightLight": null, "helipadCon": null, "wireless": null, "fiber": null, "cable": null, "otherInter": null, "hasEvacuat": null, "designedWi": null, "hasDisaste": null, "hasDrinkin": null, "hasFocalPe": null, "focalPerso": null, "focalPer_1": null, "focalPer_2": null, "focalPer_3": null, "focalPer_4": null, "hasHumanit": null, "hasToilet": null, "isDesigned": null, "hasHelipad": null, "numberOf_1": null, "hasSafetyE": null, "remarksOnB": null, "hasOpenSpa": null, "areaOfOpen": null, "capacityOf": null, "hasDisas_1": null, "hasMedicin": null, "hasBackupE": null, "hasWashFac": null, "hfCode": null, "authority": null, "authorityL": null, "serviceSha": null, "specifyCom": null, "hasDisas_2": null, "specifyAwa": null, "providesDi": null, "specifyDis": null, "hasHealthC": null, "specifyD_1": null, "hasEmploye": null, "noOfEmpl_1": null, "isDrrRelat": null, "specifyWas": null, "hasSleepin": null, "noOfBeds": null, "noOfMats": null, "noOfCots": null, "hasElectri": null, "noOfSleepi": null, "typeOfAppa": null, "numberOfFi": null, "numberOf_2": null, "numberOfOt": null, "extraAppar": null, "ward": 3622, "province": null, "district": null, "municipali": null, "resourceTy": "health", "resource_t": "health", "district_i": 25, "district_n": "Nuwakot", "districtId": 25, "districtNa": "Nuwakot", "layer": "Nuwakot_Hospital", "path": "C:\\Users\\ASUS\\Desktop\\Bipad Portal (All Point Files)\\Health Only\\Nuwakot_Hospital.shp" }, "geometry": { "type": "Point", "coordinates": [ 85.174309, 27.987789 ] } },
{ "type": "Feature", "properties": { "id": 14434, "title": "Ratmate SHP", "titleNe": null, "descriptio": null, "dataSource": null, "dataSour_1": null, "dataSour_2": null, "lastModifi": "2022-02-25T18:55:58.320", "components": null, "localAddre": null, "localAdd_1": null, "gr": null, "noOfEmploy": null, "noOfMaleEm": null, "noOfFemale": null, "noOfOtherE": null, "noOfDiffer": null, "noOfDiff_1": null, "noOfDiff_2": null, "otherCompo": null, "ownership": null, "elevation": null, "otherOwner": null, "followsGui": null, "serviceTyp": null, "operationa": null, "hospitalBe": null, "icuBed": null, "status": null, "capacityIn": null, "promoter": null, "totalArea": null, "currentLan": null, "remarks": null, "address": null, "emergencyL": null, "operatingD": null, "usableArea": null, "capacity": null, "useOfEvacu": null, "usedAsHeli": null, "isDrinking": null, "isToiletAv": null, "noOfToilet": null, "hasHandWas": null, "noOfHandWa": null, "hasFoodPre": null, "noOfFoodPr": null, "noOfMaleTo": null, "noOfFema_1": null, "noOfCommon": null, "noOfTaps": null, "otherFacil": null, "hasDisable": false, "specifyInf": null, "startTime": null, "endTime": null, "phoneNumbe": null, "vehicleNum": null, "driverName": null, "driverCont": null, "driverAlte": null, "fireEngine": null, "fireBikeCo": null, "otherAppar": null, "ventilator": null, "hasChildIm": null, "hasTdVacci": null, "hasImnci": null, "hasGrowthM": null, "hasSafeMot": null, "hasAntenat": null, "hasPostnat": null, "hasDeliver": null, "hasBasicEm": null, "hasCompreh": null, "hasCompr_1": null, "hasPostAbo": null, "hasCondomP": null, "hasIucd": null, "hasImplant": null, "hasVasecto": null, "hasMinilap": null, "hasOpd": null, "hasGeneral": null, "hasPediatr": null, "hasObsAndG": null, "hasDentalO": null, "hasSurgery": null, "hasGastroi": null, "hasCardiac": null, "hasMental": null, "hasRespira": null, "hasNephrol": null, "hasEnt": null, "hasDermato": null, "hasEndocri": null, "hasOncolog": null, "hasNeurolo": null, "hasOphthal": null, "hasTreatem": null, "hasTreat_1": null, "hasTreat_2": null, "hasTreat_3": null, "hasTreat_4": null, "hasTreat_5": null, "hasLaborat": null, "hasTestHiv": null, "hasTestMal": null, "hasTestTb": null, "hasTestKal": null, "hasUrineRe": null, "hasStoolRe": null, "hasGener_1": null, "hasCulture": null, "hasHormone": null, "hasLeprosy": null, "hasTestCov": null, "hasTestC_1": null, "hasVolunte": null, "hasPmtct": null, "hasAntiRet": null, "hasDental": null, "hasInPatie": null, "hasRadiolo": null, "hasXRay": null, "hasXRayWit": null, "hasUltraso": null, "hasEchocar": null, "hasEcg": null, "hasTrademi": null, "hasCtScan": null, "hasMri": null, "hasEndosco": null, "hasColonos": null, "hasSurgica": null, "hasCaesari": null, "hasGastr_1": null, "hasTraumaS": null, "hasCardi_1": null, "hasNeuroSu": null, "hasPlastic": null, "hasSpecial": null, "hasIcu": null, "hasNicu": null, "hasCcu": null, "hasMicu": null, "hasSncu": null, "hasPicu": null, "hasCardi_2": null, "hasPhysiot": null, "hasAmbulan": null, "hasExtende": null, "hasGeriatr": null, "hasPharmac": null, "hasOcmc": null, "hasHealthI": null, "hasSsu": null, "hasAyurved": null, "hasCovidCl": null, "hasEmergen": null, "hasOperati": null, "hasBloodDo": null, "hasFreeTre": null, "hasFreeT_1": null, "hasFreeT_2": null, "hasFreeT_3": null, "hasFreeT_4": null, "hasFreeT_5": null, "hasFreeT_6": null, "hasFreeT_7": null, "hasFreeT_8": null, "hasFreeT_9": null, "hasInterne": null, "registrati": null, "lastRenewa": null, "dateOfVali": null, "isVerified": false, "verficatio": null, "isApproved": false, "website": null, "emailAddre": null, "localAdd_2": null, "picture": null, "dateOfOper": null, "remarksOnO": null, "operatedBy": null, "religion": null, "otherRelig": null, "drinkingWa": null, "scale": null, "structure": null, "toilet": null, "type": "Health Post", "areaOfAirp": null, "kindOfVehi": null, "otherTypeW": null, "numberOfTr": null, "hasDisab_1": null, "nameAndNoO": null, "subtype": null, "otherType": null, "classroomC": null, "isMotorabl": null, "noOfLanes": null, "length": null, "noOfRoom": null, "noOfBed": null, "noOfStuden": null, "noOfMaleSt": null, "noOfFema_2": null, "noOfOtherS": null, "operatorTy": null, "otherOpera": null, "area": null, "altitude": null, "bank": null, "building": null, "hasTechnic": null, "isElectric": null, "isPermanen": null, "level": null, "moneyExcha": null, "atm": null, "noOfDiff_3": null, "noOfDiff_4": null, "noOfDiff_5": null, "noOfStud_1": null, "noOfStud_2": null, "noOfStud_3": null, "noOfStud_4": null, "operationT": null, "bedCount": null, "specializa": null, "outdoorSer": null, "indoorServ": null, "familyPlan": null, "startingDa": null, "surfaceTyp": null, "surfaceLev": null, "otherSurfa": null, "otherSur_1": null, "hasRoadAcc": null, "storageFac": null, "internetFa": null, "tankBuildD": null, "technicalS": null, "technica_1": null, "placementO": null, "sourceOfWa": null, "noOfServic": null, "isWaterSup": null, "towersName": null, "coverageRa": null, "frequency": null, "isp": null, "hasInter_1": null, "vaccinatio": null, "birthingCe": null, "hasOtherSe": null, "otherServi": null, "serviceUse": null, "width": null, "condition": null, "windDirect": null, "heliMarker": null, "nightLight": null, "helipadCon": null, "wireless": null, "fiber": null, "cable": null, "otherInter": null, "hasEvacuat": null, "designedWi": null, "hasDisaste": null, "hasDrinkin": null, "hasFocalPe": null, "focalPerso": null, "focalPer_1": null, "focalPer_2": null, "focalPer_3": null, "focalPer_4": null, "hasHumanit": null, "hasToilet": null, "isDesigned": null, "hasHelipad": null, "numberOf_1": null, "hasSafetyE": null, "remarksOnB": null, "hasOpenSpa": null, "areaOfOpen": null, "capacityOf": null, "hasDisas_1": null, "hasMedicin": null, "hasBackupE": null, "hasWashFac": null, "hfCode": null, "authority": null, "authorityL": null, "serviceSha": null, "specifyCom": null, "hasDisas_2": null, "specifyAwa": null, "providesDi": null, "specifyDis": null, "hasHealthC": null, "specifyD_1": null, "hasEmploye": null, "noOfEmpl_1": null, "isDrrRelat": null, "specifyWas": null, "hasSleepin": null, "noOfBeds": null, "noOfMats": null, "noOfCots": null, "hasElectri": null, "noOfSleepi": null, "typeOfAppa": null, "numberOfFi": null, "numberOf_2": null, "numberOfOt": null, "extraAppar": null, "ward": 3679, "province": null, "district": null, "municipali": null, "resourceTy": "health", "resource_t": "health", "district_i": 25, "district_n": "Nuwakot", "districtId": 25, "districtNa": "Nuwakot", "layer": "Nuwakot_Hospital", "path": "C:\\Users\\ASUS\\Desktop\\Bipad Portal (All Point Files)\\Health Only\\Nuwakot_Hospital.shp" }, "geometry": { "type": "Point", "coordinates": [ 85.067009, 27.85087 ] } },
{ "type": "Feature", "properties": { "id": 55287, "title": "Community Health Unit 12", "titleNe": null, "descriptio": null, "dataSource": "nhfr_api", "dataSour_1": 2532, "dataSour_2": null, "lastModifi": "2026-08-09T12:25:30.476", "components": null, "localAddre": null, "localAdd_1": null, "gr": null, "noOfEmploy": null, "noOfMaleEm": null, "noOfFemale": null, "noOfOtherE": null, "noOfDiffer": null, "noOfDiff_1": null, "noOfDiff_2": null, "otherCompo": null, "ownership": "Local Government", "elevation": null, "otherOwner": null, "followsGui": null, "serviceTyp": null, "operationa": null, "hospitalBe": null, "icuBed": null, "status": null, "capacityIn": null, "promoter": null, "totalArea": null, "currentLan": null, "remarks": null, "address": null, "emergencyL": null, "operatingD": null, "usableArea": null, "capacity": null, "useOfEvacu": null, "usedAsHeli": null, "isDrinking": null, "isToiletAv": null, "noOfToilet": null, "hasHandWas": null, "noOfHandWa": null, "hasFoodPre": null, "noOfFoodPr": null, "noOfMaleTo": null, "noOfFema_1": null, "noOfCommon": null, "noOfTaps": null, "otherFacil": null, "hasDisable": false, "specifyInf": null, "startTime": null, "endTime": null, "phoneNumbe": null, "vehicleNum": null, "driverName": null, "driverCont": null, "driverAlte": null, "fireEngine": null, "fireBikeCo": null, "otherAppar": null, "ventilator": null, "hasChildIm": null, "hasTdVacci": null, "hasImnci": null, "hasGrowthM": null, "hasSafeMot": null, "hasAntenat": null, "hasPostnat": null, "hasDeliver": null, "hasBasicEm": null, "hasCompreh": null, "hasCompr_1": null, "hasPostAbo": null, "hasCondomP": null, "hasIucd": null, "hasImplant": null, "hasVasecto": null, "hasMinilap": null, "hasOpd": null, "hasGeneral": null, "hasPediatr": null, "hasObsAndG": null, "hasDentalO": null, "hasSurgery": null, "hasGastroi": null, "hasCardiac": null, "hasMental": null, "hasRespira": null, "hasNephrol": null, "hasEnt": null, "hasDermato": null, "hasEndocri": null, "hasOncolog": null, "hasNeurolo": null, "hasOphthal": null, "hasTreatem": null, "hasTreat_1": null, "hasTreat_2": null, "hasTreat_3": null, "hasTreat_4": null, "hasTreat_5": null, "hasLaborat": null, "hasTestHiv": null, "hasTestMal": null, "hasTestTb": null, "hasTestKal": null, "hasUrineRe": null, "hasStoolRe": null, "hasGener_1": null, "hasCulture": null, "hasHormone": null, "hasLeprosy": null, "hasTestCov": null, "hasTestC_1": null, "hasVolunte": null, "hasPmtct": null, "hasAntiRet": null, "hasDental": null, "hasInPatie": null, "hasRadiolo": null, "hasXRay": null, "hasXRayWit": null, "hasUltraso": null, "hasEchocar": null, "hasEcg": null, "hasTrademi": null, "hasCtScan": null, "hasMri": null, "hasEndosco": null, "hasColonos": null, "hasSurgica": null, "hasCaesari": null, "hasGastr_1": null, "hasTraumaS": null, "hasCardi_1": null, "hasNeuroSu": null, "hasPlastic": null, "hasSpecial": null, "hasIcu": null, "hasNicu": null, "hasCcu": null, "hasMicu": null, "hasSncu": null, "hasPicu": null, "hasCardi_2": null, "hasPhysiot": null, "hasAmbulan": null, "hasExtende": null, "hasGeriatr": null, "hasPharmac": null, "hasOcmc": null, "hasHealthI": null, "hasSsu": null, "hasAyurved": null, "hasCovidCl": null, "hasEmergen": null, "hasOperati": null, "hasBloodDo": null, "hasFreeTre": null, "hasFreeT_1": null, "hasFreeT_2": null, "hasFreeT_3": null, "hasFreeT_4": null, "hasFreeT_5": null, "hasFreeT_6": null, "hasFreeT_7": null, "hasFreeT_8": null, "hasFreeT_9": null, "hasInterne": "true", "registrati": null, "lastRenewa": null, "dateOfVali": null, "isVerified": false, "verficatio": null, "isApproved": false, "website": null, "emailAddre": "pratikshadevkota8@gmail.com", "localAdd_2": null, "picture": null, "dateOfOper": null, "remarksOnO": null, "operatedBy": null, "religion": null, "otherRelig": null, "drinkingWa": null, "scale": null, "structure": null, "toilet": null, "type": "Basic Health Service Centre", "areaOfAirp": null, "kindOfVehi": null, "otherTypeW": null, "numberOfTr": null, "hasDisab_1": null, "nameAndNoO": null, "subtype": null, "otherType": null, "classroomC": null, "isMotorabl": null, "noOfLanes": null, "length": null, "noOfRoom": null, "noOfBed": null, "noOfStuden": null, "noOfMaleSt": null, "noOfFema_2": null, "noOfOtherS": null, "operatorTy": "Government", "otherOpera": null, "area": null, "altitude": null, "bank": null, "building": null, "hasTechnic": null, "isElectric": null, "isPermanen": null, "level": null, "moneyExcha": null, "atm": null, "noOfDiff_3": null, "noOfDiff_4": null, "noOfDiff_5": null, "noOfStud_1": null, "noOfStud_2": null, "noOfStud_3": null, "noOfStud_4": null, "operationT": null, "bedCount": null, "specializa": null, "outdoorSer": null, "indoorServ": null, "familyPlan": null, "startingDa": null, "surfaceTyp": null, "surfaceLev": null, "otherSurfa": null, "otherSur_1": null, "hasRoadAcc": null, "storageFac": null, "internetFa": null, "tankBuildD": null, "technicalS": null, "technica_1": null, "placementO": null, "sourceOfWa": null, "noOfServic": null, "isWaterSup": null, "towersName": null, "coverageRa": null, "frequency": null, "isp": null, "hasInter_1": null, "vaccinatio": null, "birthingCe": null, "hasOtherSe": null, "otherServi": null, "serviceUse": null, "width": null, "condition": null, "windDirect": null, "heliMarker": null, "nightLight": null, "helipadCon": null, "wireless": null, "fiber": null, "cable": null, "otherInter": null, "hasEvacuat": null, "designedWi": null, "hasDisaste": null, "hasDrinkin": null, "hasFocalPe": null, "focalPerso": null, "focalPer_1": null, "focalPer_2": null, "focalPer_3": null, "focalPer_4": null, "hasHumanit": null, "hasToilet": null, "isDesigned": null, "hasHelipad": null, "numberOf_1": null, "hasSafetyE": null, "remarksOnB": null, "hasOpenSpa": null, "areaOfOpen": null, "capacityOf": null, "hasDisas_1": null, "hasMedicin": null, "hasBackupE": null, "hasWashFac": null, "hfCode": "3050400071", "authority": null, "authorityL": "Local", "serviceSha": null, "specifyCom": null, "hasDisas_2": null, "specifyAwa": null, "providesDi": null, "specifyDis": null, "hasHealthC": null, "specifyD_1": null, "hasEmploye": null, "noOfEmpl_1": null, "isDrrRelat": null, "specifyWas": null, "hasSleepin": null, "noOfBeds": null, "noOfMats": null, "noOfCots": null, "hasElectri": null, "noOfSleepi": null, "typeOfAppa": null, "numberOfFi": null, "numberOf_2": null, "numberOfOt": null, "extraAppar": null, "ward": 3638, "province": null, "district": null, "municipali": null, "resourceTy": "health", "resource_t": "health", "district_i": 25, "district_n": "Nuwakot", "districtId": 25, "districtNa": "Nuwakot", "layer": "Nuwakot_Hospital", "path": "C:\\Users\\ASUS\\Desktop\\Bipad Portal (All Point Files)\\Health Only\\Nuwakot_Hospital.shp" }, "geometry": { "type": "Point", "coordinates": [ 85.135065, 27.906108 ] } },
{ "type": "Feature", "properties": { "id": 66722, "title": "Urban Health Centre Bidur-1", "titleNe": null, "descriptio": null, "dataSource": "nhfr_api", "dataSour_1": 16479, "dataSour_2": null, "lastModifi": "2026-08-09T12:27:18.224", "components": null, "localAddre": null, "localAdd_1": null, "gr": null, "noOfEmploy": null, "noOfMaleEm": null, "noOfFemale": null, "noOfOtherE": null, "noOfDiffer": null, "noOfDiff_1": null, "noOfDiff_2": null, "otherCompo": null, "ownership": "Local Government", "elevation": null, "otherOwner": null, "followsGui": null, "serviceTyp": null, "operationa": null, "hospitalBe": null, "icuBed": null, "status": null, "capacityIn": null, "promoter": null, "totalArea": null, "currentLan": null, "remarks": null, "address": null, "emergencyL": null, "operatingD": null, "usableArea": null, "capacity": null, "useOfEvacu": null, "usedAsHeli": null, "isDrinking": null, "isToiletAv": null, "noOfToilet": null, "hasHandWas": null, "noOfHandWa": null, "hasFoodPre": null, "noOfFoodPr": null, "noOfMaleTo": null, "noOfFema_1": null, "noOfCommon": null, "noOfTaps": null, "otherFacil": null, "hasDisable": false, "specifyInf": null, "startTime": null, "endTime": null, "phoneNumbe": null, "vehicleNum": null, "driverName": null, "driverCont": null, "driverAlte": null, "fireEngine": null, "fireBikeCo": null, "otherAppar": null, "ventilator": null, "hasChildIm": null, "hasTdVacci": null, "hasImnci": null, "hasGrowthM": null, "hasSafeMot": null, "hasAntenat": null, "hasPostnat": null, "hasDeliver": null, "hasBasicEm": null, "hasCompreh": null, "hasCompr_1": null, "hasPostAbo": null, "hasCondomP": null, "hasIucd": null, "hasImplant": null, "hasVasecto": null, "hasMinilap": null, "hasOpd": null, "hasGeneral": null, "hasPediatr": null, "hasObsAndG": null, "hasDentalO": null, "hasSurgery": null, "hasGastroi": null, "hasCardiac": null, "hasMental": null, "hasRespira": null, "hasNephrol": null, "hasEnt": null, "hasDermato": null, "hasEndocri": null, "hasOncolog": null, "hasNeurolo": null, "hasOphthal": null, "hasTreatem": null, "hasTreat_1": null, "hasTreat_2": null, "hasTreat_3": null, "hasTreat_4": null, "hasTreat_5": null, "hasLaborat": null, "hasTestHiv": null, "hasTestMal": null, "hasTestTb": null, "hasTestKal": null, "hasUrineRe": null, "hasStoolRe": null, "hasGener_1": null, "hasCulture": null, "hasHormone": null, "hasLeprosy": null, "hasTestCov": null, "hasTestC_1": null, "hasVolunte": null, "hasPmtct": null, "hasAntiRet": null, "hasDental": null, "hasInPatie": null, "hasRadiolo": null, "hasXRay": null, "hasXRayWit": null, "hasUltraso": null, "hasEchocar": null, "hasEcg": null, "hasTrademi": null, "hasCtScan": null, "hasMri": null, "hasEndosco": null, "hasColonos": null, "hasSurgica": null, "hasCaesari": null, "hasGastr_1": null, "hasTraumaS": null, "hasCardi_1": null, "hasNeuroSu": null, "hasPlastic": null, "hasSpecial": null, "hasIcu": null, "hasNicu": null, "hasCcu": null, "hasMicu": null, "hasSncu": null, "hasPicu": null, "hasCardi_2": null, "hasPhysiot": null, "hasAmbulan": null, "hasExtende": null, "hasGeriatr": null, "hasPharmac": null, "hasOcmc": null, "hasHealthI": null, "hasSsu": null, "hasAyurved": null, "hasCovidCl": null, "hasEmergen": null, "hasOperati": null, "hasBloodDo": null, "hasFreeTre": null, "hasFreeT_1": null, "hasFreeT_2": null, "hasFreeT_3": null, "hasFreeT_4": null, "hasFreeT_5": null, "hasFreeT_6": null, "hasFreeT_7": null, "hasFreeT_8": null, "hasFreeT_9": null, "hasInterne": "true", "registrati": "30/04/2078", "lastRenewa": null, "dateOfVali": null, "isVerified": false, "verficatio": null, "isApproved": false, "website": null, "emailAddre": "arpanalama2012@gmail.com", "localAdd_2": null, "picture": null, "dateOfOper": null, "remarksOnO": null, "operatedBy": null, "religion": null, "otherRelig": null, "drinkingWa": null, "scale": null, "structure": null, "toilet": null, "type": "Basic Health Service Centre", "areaOfAirp": null, "kindOfVehi": null, "otherTypeW": null, "numberOfTr": null, "hasDisab_1": null, "nameAndNoO": null, "subtype": null, "otherType": null, "classroomC": null, "isMotorabl": null, "noOfLanes": null, "length": null, "noOfRoom": null, "noOfBed": null, "noOfStuden": null, "noOfMaleSt": null, "noOfFema_2": null, "noOfOtherS": null, "operatorTy": "Government", "otherOpera": null, "area": null, "altitude": null, "bank": null, "building": null, "hasTechnic": null, "isElectric": null, "isPermanen": null, "level": null, "moneyExcha": null, "atm": null, "noOfDiff_3": null, "noOfDiff_4": null, "noOfDiff_5": null, "noOfStud_1": null, "noOfStud_2": null, "noOfStud_3": null, "noOfStud_4": null, "operationT": null, "bedCount": null, "specializa": null, "outdoorSer": null, "indoorServ": null, "familyPlan": null, "startingDa": null, "surfaceTyp": null, "surfaceLev": null, "otherSurfa": null, "otherSur_1": null, "hasRoadAcc": null, "storageFac": null, "internetFa": null, "tankBuildD": null, "technicalS": null, "technica_1": null, "placementO": null, "sourceOfWa": null, "noOfServic": null, "isWaterSup": null, "towersName": null, "coverageRa": null, "frequency": null, "isp": null, "hasInter_1": null, "vaccinatio": null, "birthingCe": null, "hasOtherSe": null, "otherServi": null, "serviceUse": null, "width": null, "condition": null, "windDirect": null, "heliMarker": null, "nightLight": null, "helipadCon": null, "wireless": null, "fiber": null, "cable": null, "otherInter": null, "hasEvacuat": null, "designedWi": null, "hasDisaste": null, "hasDrinkin": null, "hasFocalPe": null, "focalPerso": null, "focalPer_1": null, "focalPer_2": null, "focalPer_3": null, "focalPer_4": null, "hasHumanit": null, "hasToilet": null, "isDesigned": null, "hasHelipad": null, "numberOf_1": null, "hasSafetyE": null, "remarksOnB": null, "hasOpenSpa": null, "areaOfOpen": null, "capacityOf": null, "hasDisas_1": null, "hasMedicin": null, "hasBackupE": null, "hasWashFac": null, "hfCode": "3050400341", "authority": null, "authorityL": "Local", "serviceSha": null, "specifyCom": null, "hasDisas_2": null, "specifyAwa": null, "providesDi": null, "specifyDis": null, "hasHealthC": null, "specifyD_1": null, "hasEmploye": null, "noOfEmpl_1": null, "isDrrRelat": null, "specifyWas": null, "hasSleepin": null, "noOfBeds": null, "noOfMats": null, "noOfCots": null, "hasElectri": null, "noOfSleepi": null, "typeOfAppa": null, "numberOfFi": null, "numberOf_2": null, "numberOfOt": null, "extraAppar": null, "ward": 3629, "province": null, "district": null, "municipali": null, "resourceTy": "health", "resource_t": "health", "district_i": 25, "district_n": "Nuwakot", "districtId": 25, "districtNa": "Nuwakot", "layer": "Nuwakot_Hospital", "path": "C:\\Users\\ASUS\\Desktop\\Bipad Portal (All Point Files)\\Health Only\\Nuwakot_Hospital.shp" }, "geometry": { "type": "Point", "coordinates": [ 85.155278, 27.923747 ] } },
{ "type": "Feature", "properties": { "id": 66731, "title": "Urban Health Center 1", "titleNe": null, "descriptio": null, "dataSource": "nhfr_api", "dataSour_1": 11279, "dataSour_2": null, "lastModifi": "2026-08-09T12:26:44.264", "components": null, "localAddre": null, "localAdd_1": null, "gr": null, "noOfEmploy": null, "noOfMaleEm": null, "noOfFemale": null, "noOfOtherE": null, "noOfDiffer": null, "noOfDiff_1": null, "noOfDiff_2": null, "otherCompo": null, "ownership": "Local Government", "elevation": null, "otherOwner": null, "followsGui": null, "serviceTyp": null, "operationa": null, "hospitalBe": null, "icuBed": null, "status": null, "capacityIn": null, "promoter": null, "totalArea": null, "currentLan": null, "remarks": null, "address": null, "emergencyL": null, "operatingD": null, "usableArea": null, "capacity": null, "useOfEvacu": null, "usedAsHeli": null, "isDrinking": null, "isToiletAv": null, "noOfToilet": null, "hasHandWas": null, "noOfHandWa": null, "hasFoodPre": null, "noOfFoodPr": null, "noOfMaleTo": null, "noOfFema_1": null, "noOfCommon": null, "noOfTaps": null, "otherFacil": null, "hasDisable": false, "specifyInf": null, "startTime": null, "endTime": null, "phoneNumbe": null, "vehicleNum": null, "driverName": null, "driverCont": null, "driverAlte": null, "fireEngine": null, "fireBikeCo": null, "otherAppar": null, "ventilator": null, "hasChildIm": null, "hasTdVacci": null, "hasImnci": null, "hasGrowthM": null, "hasSafeMot": null, "hasAntenat": null, "hasPostnat": null, "hasDeliver": null, "hasBasicEm": null, "hasCompreh": null, "hasCompr_1": null, "hasPostAbo": null, "hasCondomP": null, "hasIucd": null, "hasImplant": null, "hasVasecto": null, "hasMinilap": null, "hasOpd": null, "hasGeneral": null, "hasPediatr": null, "hasObsAndG": null, "hasDentalO": null, "hasSurgery": null, "hasGastroi": null, "hasCardiac": null, "hasMental": null, "hasRespira": null, "hasNephrol": null, "hasEnt": null, "hasDermato": null, "hasEndocri": null, "hasOncolog": null, "hasNeurolo": null, "hasOphthal": null, "hasTreatem": null, "hasTreat_1": null, "hasTreat_2": null, "hasTreat_3": null, "hasTreat_4": null, "hasTreat_5": null, "hasLaborat": null, "hasTestHiv": null, "hasTestMal": null, "hasTestTb": null, "hasTestKal": null, "hasUrineRe": null, "hasStoolRe": null, "hasGener_1": null, "hasCulture": null, "hasHormone": null, "hasLeprosy": null, "hasTestCov": null, "hasTestC_1": null, "hasVolunte": null, "hasPmtct": null, "hasAntiRet": null, "hasDental": null, "hasInPatie": null, "hasRadiolo": null, "hasXRay": null, "hasXRayWit": null, "hasUltraso": null, "hasEchocar": null, "hasEcg": null, "hasTrademi": null, "hasCtScan": null, "hasMri": null, "hasEndosco": null, "hasColonos": null, "hasSurgica": null, "hasCaesari": null, "hasGastr_1": null, "hasTraumaS": null, "hasCardi_1": null, "hasNeuroSu": null, "hasPlastic": null, "hasSpecial": null, "hasIcu": null, "hasNicu": null, "hasCcu": null, "hasMicu": null, "hasSncu": null, "hasPicu": null, "hasCardi_2": null, "hasPhysiot": null, "hasAmbulan": null, "hasExtende": null, "hasGeriatr": null, "hasPharmac": null, "hasOcmc": null, "hasHealthI": null, "hasSsu": null, "hasAyurved": null, "hasCovidCl": null, "hasEmergen": null, "hasOperati": null, "hasBloodDo": null, "hasFreeTre": null, "hasFreeT_1": null, "hasFreeT_2": null, "hasFreeT_3": null, "hasFreeT_4": null, "hasFreeT_5": null, "hasFreeT_6": null, "hasFreeT_7": null, "hasFreeT_8": null, "hasFreeT_9": null, "hasInterne": "true", "registrati": "02/01/2078", "lastRenewa": null, "dateOfVali": null, "isVerified": false, "verficatio": null, "isApproved": false, "website": null, "emailAddre": "arpanalama2012@gmail.com", "localAdd_2": null, "picture": null, "dateOfOper": null, "remarksOnO": null, "operatedBy": null, "religion": null, "otherRelig": null, "drinkingWa": null, "scale": null, "structure": null, "toilet": null, "type": "Basic Health Service Centre", "areaOfAirp": null, "kindOfVehi": null, "otherTypeW": null, "numberOfTr": null, "hasDisab_1": null, "nameAndNoO": null, "subtype": null, "otherType": null, "classroomC": null, "isMotorabl": null, "noOfLanes": null, "length": null, "noOfRoom": null, "noOfBed": null, "noOfStuden": null, "noOfMaleSt": null, "noOfFema_2": null, "noOfOtherS": null, "operatorTy": "Government", "otherOpera": null, "area": null, "altitude": null, "bank": null, "building": null, "hasTechnic": null, "isElectric": null, "isPermanen": null, "level": null, "moneyExcha": null, "atm": null, "noOfDiff_3": null, "noOfDiff_4": null, "noOfDiff_5": null, "noOfStud_1": null, "noOfStud_2": null, "noOfStud_3": null, "noOfStud_4": null, "operationT": null, "bedCount": null, "specializa": null, "outdoorSer": null, "indoorServ": null, "familyPlan": null, "startingDa": null, "surfaceTyp": null, "surfaceLev": null, "otherSurfa": null, "otherSur_1": null, "hasRoadAcc": null, "storageFac": null, "internetFa": null, "tankBuildD": null, "technicalS": null, "technica_1": null, "placementO": null, "sourceOfWa": null, "noOfServic": null, "isWaterSup": null, "towersName": null, "coverageRa": null, "frequency": null, "isp": null, "hasInter_1": null, "vaccinatio": null, "birthingCe": null, "hasOtherSe": null, "otherServi": null, "serviceUse": null, "width": null, "condition": null, "windDirect": null, "heliMarker": null, "nightLight": null, "helipadCon": null, "wireless": null, "fiber": null, "cable": null, "otherInter": null, "hasEvacuat": null, "designedWi": null, "hasDisaste": null, "hasDrinkin": null, "hasFocalPe": null, "focalPerso": null, "focalPer_1": null, "focalPer_2": null, "focalPer_3": null, "focalPer_4": null, "hasHumanit": null, "hasToilet": null, "isDesigned": null, "hasHelipad": null, "numberOf_1": null, "hasSafetyE": null, "remarksOnB": null, "hasOpenSpa": null, "areaOfOpen": null, "capacityOf": null, "hasDisas_1": null, "hasMedicin": null, "hasBackupE": null, "hasWashFac": null, "hfCode": "3050400271", "authority": null, "authorityL": "Local", "serviceSha": null, "specifyCom": null, "hasDisas_2": null, "specifyAwa": null, "providesDi": null, "specifyDis": null, "hasHealthC": null, "specifyD_1": null, "hasEmploye": null, "noOfEmpl_1": null, "isDrrRelat": null, "specifyWas": null, "hasSleepin": null, "noOfBeds": null, "noOfMats": null, "noOfCots": null, "hasElectri": null, "noOfSleepi": null, "typeOfAppa": null, "numberOfFi": null, "numberOf_2": null, "numberOfOt": null, "extraAppar": null, "ward": 3629, "province": null, "district": null, "municipali": null, "resourceTy": "health", "resource_t": "health", "district_i": 25, "district_n": "Nuwakot", "districtId": 25, "districtNa": "Nuwakot", "layer": "Nuwakot_Hospital", "path": "C:\\Users\\ASUS\\Desktop\\Bipad Portal (All Point Files)\\Health Only\\Nuwakot_Hospital.shp" }, "geometry": { "type": "Point", "coordinates": [ 85.155278, 27.923747 ] } },
{ "type": "Feature", "properties": { "id": 66732, "title": "Urban Health Center-4", "titleNe": null, "descriptio": null, "dataSource": "nhfr_api", "dataSour_1": 11283, "dataSour_2": null, "lastModifi": "2026-08-09T12:26:44.299", "components": null, "localAddre": null, "localAdd_1": null, "gr": null, "noOfEmploy": null, "noOfMaleEm": null, "noOfFemale": null, "noOfOtherE": null, "noOfDiffer": null, "noOfDiff_1": null, "noOfDiff_2": null, "otherCompo": null, "ownership": "Local Government", "elevation": null, "otherOwner": null, "followsGui": null, "serviceTyp": null, "operationa": null, "hospitalBe": null, "icuBed": null, "status": null, "capacityIn": null, "promoter": null, "totalArea": null, "currentLan": null, "remarks": null, "address": null, "emergencyL": null, "operatingD": null, "usableArea": null, "capacity": null, "useOfEvacu": null, "usedAsHeli": null, "isDrinking": null, "isToiletAv": null, "noOfToilet": null, "hasHandWas": null, "noOfHandWa": null, "hasFoodPre": null, "noOfFoodPr": null, "noOfMaleTo": null, "noOfFema_1": null, "noOfCommon": null, "noOfTaps": null, "otherFacil": null, "hasDisable": false, "specifyInf": null, "startTime": null, "endTime": null, "phoneNumbe": null, "vehicleNum": null, "driverName": null, "driverCont": null, "driverAlte": null, "fireEngine": null, "fireBikeCo": null, "otherAppar": null, "ventilator": null, "hasChildIm": null, "hasTdVacci": null, "hasImnci": null, "hasGrowthM": null, "hasSafeMot": null, "hasAntenat": null, "hasPostnat": null, "hasDeliver": null, "hasBasicEm": null, "hasCompreh": null, "hasCompr_1": null, "hasPostAbo": null, "hasCondomP": null, "hasIucd": null, "hasImplant": null, "hasVasecto": null, "hasMinilap": null, "hasOpd": null, "hasGeneral": null, "hasPediatr": null, "hasObsAndG": null, "hasDentalO": null, "hasSurgery": null, "hasGastroi": null, "hasCardiac": null, "hasMental": null, "hasRespira": null, "hasNephrol": null, "hasEnt": null, "hasDermato": null, "hasEndocri": null, "hasOncolog": null, "hasNeurolo": null, "hasOphthal": null, "hasTreatem": null, "hasTreat_1": null, "hasTreat_2": null, "hasTreat_3": null, "hasTreat_4": null, "hasTreat_5": null, "hasLaborat": null, "hasTestHiv": null, "hasTestMal": null, "hasTestTb": null, "hasTestKal": null, "hasUrineRe": null, "hasStoolRe": null, "hasGener_1": null, "hasCulture": null, "hasHormone": null, "hasLeprosy": null, "hasTestCov": null, "hasTestC_1": null, "hasVolunte": null, "hasPmtct": null, "hasAntiRet": null, "hasDental": null, "hasInPatie": null, "hasRadiolo": null, "hasXRay": null, "hasXRayWit": null, "hasUltraso": null, "hasEchocar": null, "hasEcg": null, "hasTrademi": null, "hasCtScan": null, "hasMri": null, "hasEndosco": null, "hasColonos": null, "hasSurgica": null, "hasCaesari": null, "hasGastr_1": null, "hasTraumaS": null, "hasCardi_1": null, "hasNeuroSu": null, "hasPlastic": null, "hasSpecial": null, "hasIcu": null, "hasNicu": null, "hasCcu": null, "hasMicu": null, "hasSncu": null, "hasPicu": null, "hasCardi_2": null, "hasPhysiot": null, "hasAmbulan": null, "hasExtende": null, "hasGeriatr": null, "hasPharmac": null, "hasOcmc": null, "hasHealthI": null, "hasSsu": null, "hasAyurved": null, "hasCovidCl": null, "hasEmergen": null, "hasOperati": null, "hasBloodDo": null, "hasFreeTre": null, "hasFreeT_1": null, "hasFreeT_2": null, "hasFreeT_3": null, "hasFreeT_4": null, "hasFreeT_5": null, "hasFreeT_6": null, "hasFreeT_7": null, "hasFreeT_8": null, "hasFreeT_9": null, "hasInterne": "true", "registrati": "01/04/2078", "lastRenewa": null, "dateOfVali": null, "isVerified": false, "verficatio": null, "isApproved": false, "website": null, "emailAddre": "sbhandarirawal@gmail.com", "localAdd_2": null, "picture": null, "dateOfOper": null, "remarksOnO": null, "operatedBy": null, "religion": null, "otherRelig": null, "drinkingWa": null, "scale": null, "structure": null, "toilet": null, "type": "Basic Health Service Centre", "areaOfAirp": null, "kindOfVehi": null, "otherTypeW": null, "numberOfTr": null, "hasDisab_1": null, "nameAndNoO": null, "subtype": null, "otherType": null, "classroomC": null, "isMotorabl": null, "noOfLanes": null, "length": null, "noOfRoom": null, "noOfBed": null, "noOfStuden": null, "noOfMaleSt": null, "noOfFema_2": null, "noOfOtherS": null, "operatorTy": "Government", "otherOpera": null, "area": null, "altitude": null, "bank": null, "building": null, "hasTechnic": null, "isElectric": null, "isPermanen": null, "level": null, "moneyExcha": null, "atm": null, "noOfDiff_3": null, "noOfDiff_4": null, "noOfDiff_5": null, "noOfStud_1": null, "noOfStud_2": null, "noOfStud_3": null, "noOfStud_4": null, "operationT": null, "bedCount": null, "specializa": null, "outdoorSer": null, "indoorServ": null, "familyPlan": null, "startingDa": null, "surfaceTyp": null, "surfaceLev": null, "otherSurfa": null, "otherSur_1": null, "hasRoadAcc": null, "storageFac": null, "internetFa": null, "tankBuildD": null, "technicalS": null, "technica_1": null, "placementO": null, "sourceOfWa": null, "noOfServic": null, "isWaterSup": null, "towersName": null, "coverageRa": null, "frequency": null, "isp": null, "hasInter_1": null, "vaccinatio": null, "birthingCe": null, "hasOtherSe": null, "otherServi": null, "serviceUse": null, "width": null, "condition": null, "windDirect": null, "heliMarker": null, "nightLight": null, "helipadCon": null, "wireless": null, "fiber": null, "cable": null, "otherInter": null, "hasEvacuat": null, "designedWi": null, "hasDisaste": null, "hasDrinkin": null, "hasFocalPe": null, "focalPerso": null, "focalPer_1": null, "focalPer_2": null, "focalPer_3": null, "focalPer_4": null, "hasHumanit": null, "hasToilet": null, "isDesigned": null, "hasHelipad": null, "numberOf_1": null, "hasSafetyE": null, "remarksOnB": null, "hasOpenSpa": null, "areaOfOpen": null, "capacityOf": null, "hasDisas_1": null, "hasMedicin": null, "hasBackupE": null, "hasWashFac": null, "hfCode": "3050400291", "authority": null, "authorityL": "Local", "serviceSha": null, "specifyCom": null, "hasDisas_2": null, "specifyAwa": null, "providesDi": null, "specifyDis": null, "hasHealthC": null, "specifyD_1": null, "hasEmploye": null, "noOfEmpl_1": null, "isDrrRelat": null, "specifyWas": null, "hasSleepin": null, "noOfBeds": null, "noOfMats": null, "noOfCots": null, "hasElectri": null, "noOfSleepi": null, "typeOfAppa": null, "numberOfFi": null, "numberOf_2": null, "numberOfOt": null, "extraAppar": null, "ward": 3633, "province": null, "district": null, "municipali": null, "resourceTy": "health", "resource_t": "health", "district_i": 25, "district_n": "Nuwakot", "districtId": 25, "districtNa": "Nuwakot", "layer": "Nuwakot_Hospital", "path": "C:\\Users\\ASUS\\Desktop\\Bipad Portal (All Point Files)\\Health Only\\Nuwakot_Hospital.shp" }, "geometry": { "type": "Point", "coordinates": [ 85.141591, 27.898507 ] } },
{ "type": "Feature", "properties": { "id": 66734, "title": "Urban Health Center-10", "titleNe": null, "descriptio": null, "dataSource": "nhfr_api", "dataSour_1": 11286, "dataSour_2": null, "lastModifi": "2026-08-09T12:26:44.355", "components": null, "localAddre": null, "localAdd_1": null, "gr": null, "noOfEmploy": null, "noOfMaleEm": null, "noOfFemale": null, "noOfOtherE": null, "noOfDiffer": null, "noOfDiff_1": null, "noOfDiff_2": null, "otherCompo": null, "ownership": "Local Government", "elevation": null, "otherOwner": null, "followsGui": null, "serviceTyp": null, "operationa": null, "hospitalBe": null, "icuBed": null, "status": null, "capacityIn": null, "promoter": null, "totalArea": null, "currentLan": null, "remarks": null, "address": null, "emergencyL": null, "operatingD": null, "usableArea": null, "capacity": null, "useOfEvacu": null, "usedAsHeli": null, "isDrinking": null, "isToiletAv": null, "noOfToilet": null, "hasHandWas": null, "noOfHandWa": null, "hasFoodPre": null, "noOfFoodPr": null, "noOfMaleTo": null, "noOfFema_1": null, "noOfCommon": null, "noOfTaps": null, "otherFacil": null, "hasDisable": false, "specifyInf": null, "startTime": null, "endTime": null, "phoneNumbe": null, "vehicleNum": null, "driverName": null, "driverCont": null, "driverAlte": null, "fireEngine": null, "fireBikeCo": null, "otherAppar": null, "ventilator": null, "hasChildIm": null, "hasTdVacci": null, "hasImnci": null, "hasGrowthM": null, "hasSafeMot": null, "hasAntenat": null, "hasPostnat": null, "hasDeliver": null, "hasBasicEm": null, "hasCompreh": null, "hasCompr_1": null, "hasPostAbo": null, "hasCondomP": null, "hasIucd": null, "hasImplant": null, "hasVasecto": null, "hasMinilap": null, "hasOpd": null, "hasGeneral": null, "hasPediatr": null, "hasObsAndG": null, "hasDentalO": null, "hasSurgery": null, "hasGastroi": null, "hasCardiac": null, "hasMental": null, "hasRespira": null, "hasNephrol": null, "hasEnt": null, "hasDermato": null, "hasEndocri": null, "hasOncolog": null, "hasNeurolo": null, "hasOphthal": null, "hasTreatem": null, "hasTreat_1": null, "hasTreat_2": null, "hasTreat_3": null, "hasTreat_4": null, "hasTreat_5": null, "hasLaborat": null, "hasTestHiv": null, "hasTestMal": null, "hasTestTb": null, "hasTestKal": null, "hasUrineRe": null, "hasStoolRe": null, "hasGener_1": null, "hasCulture": null, "hasHormone": null, "hasLeprosy": null, "hasTestCov": null, "hasTestC_1": null, "hasVolunte": null, "hasPmtct": null, "hasAntiRet": null, "hasDental": null, "hasInPatie": null, "hasRadiolo": null, "hasXRay": null, "hasXRayWit": null, "hasUltraso": null, "hasEchocar": null, "hasEcg": null, "hasTrademi": null, "hasCtScan": null, "hasMri": null, "hasEndosco": null, "hasColonos": null, "hasSurgica": null, "hasCaesari": null, "hasGastr_1": null, "hasTraumaS": null, "hasCardi_1": null, "hasNeuroSu": null, "hasPlastic": null, "hasSpecial": null, "hasIcu": null, "hasNicu": null, "hasCcu": null, "hasMicu": null, "hasSncu": null, "hasPicu": null, "hasCardi_2": null, "hasPhysiot": null, "hasAmbulan": null, "hasExtende": null, "hasGeriatr": null, "hasPharmac": null, "hasOcmc": null, "hasHealthI": null, "hasSsu": null, "hasAyurved": null, "hasCovidCl": null, "hasEmergen": null, "hasOperati": null, "hasBloodDo": null, "hasFreeTre": null, "hasFreeT_1": null, "hasFreeT_2": null, "hasFreeT_3": null, "hasFreeT_4": null, "hasFreeT_5": null, "hasFreeT_6": null, "hasFreeT_7": null, "hasFreeT_8": null, "hasFreeT_9": null, "hasInterne": "true", "registrati": null, "lastRenewa": null, "dateOfVali": null, "isVerified": false, "verficatio": null, "isApproved": false, "website": null, "emailAddre": "urbanhealthbidur10@gmail.com", "localAdd_2": null, "picture": null, "dateOfOper": null, "remarksOnO": null, "operatedBy": null, "religion": null, "otherRelig": null, "drinkingWa": null, "scale": null, "structure": null, "toilet": null, "type": "Basic Health Service Centre", "areaOfAirp": null, "kindOfVehi": null, "otherTypeW": null, "numberOfTr": null, "hasDisab_1": null, "nameAndNoO": null, "subtype": null, "otherType": null, "classroomC": null, "isMotorabl": null, "noOfLanes": null, "length": null, "noOfRoom": null, "noOfBed": null, "noOfStuden": null, "noOfMaleSt": null, "noOfFema_2": null, "noOfOtherS": null, "operatorTy": "Government", "otherOpera": null, "area": null, "altitude": null, "bank": null, "building": null, "hasTechnic": null, "isElectric": null, "isPermanen": null, "level": null, "moneyExcha": null, "atm": null, "noOfDiff_3": null, "noOfDiff_4": null, "noOfDiff_5": null, "noOfStud_1": null, "noOfStud_2": null, "noOfStud_3": null, "noOfStud_4": null, "operationT": null, "bedCount": null, "specializa": null, "outdoorSer": null, "indoorServ": null, "familyPlan": null, "startingDa": null, "surfaceTyp": null, "surfaceLev": null, "otherSurfa": null, "otherSur_1": null, "hasRoadAcc": null, "storageFac": null, "internetFa": null, "tankBuildD": null, "technicalS": null, "technica_1": null, "placementO": null, "sourceOfWa": null, "noOfServic": null, "isWaterSup": null, "towersName": null, "coverageRa": null, "frequency": null, "isp": null, "hasInter_1": null, "vaccinatio": null, "birthingCe": null, "hasOtherSe": null, "otherServi": null, "serviceUse": null, "width": null, "condition": null, "windDirect": null, "heliMarker": null, "nightLight": null, "helipadCon": null, "wireless": null, "fiber": null, "cable": null, "otherInter": null, "hasEvacuat": null, "designedWi": null, "hasDisaste": null, "hasDrinkin": null, "hasFocalPe": null, "focalPerso": null, "focalPer_1": null, "focalPer_2": null, "focalPer_3": null, "focalPer_4": null, "hasHumanit": null, "hasToilet": null, "isDesigned": null, "hasHelipad": null, "numberOf_1": null, "hasSafetyE": null, "remarksOnB": null, "hasOpenSpa": null, "areaOfOpen": null, "capacityOf": null, "hasDisas_1": null, "hasMedicin": null, "hasBackupE": null, "hasWashFac": null, "hfCode": "3050400311", "authority": null, "authorityL": "Local", "serviceSha": null, "specifyCom": null, "hasDisas_2": null, "specifyAwa": null, "providesDi": null, "specifyDis": null, "hasHealthC": null, "specifyD_1": null, "hasEmploye": null, "noOfEmpl_1": null, "isDrrRelat": null, "specifyWas": null, "hasSleepin": null, "noOfBeds": null, "noOfMats": null, "noOfCots": null, "hasElectri": null, "noOfSleepi": null, "typeOfAppa": null, "numberOfFi": null, "numberOf_2": null, "numberOfOt": null, "extraAppar": null, "ward": 3629, "province": null, "district": null, "municipali": null, "resourceTy": "health", "resource_t": "health", "district_i": 25, "district_n": "Nuwakot", "districtId": 25, "districtNa": "Nuwakot", "layer": "Nuwakot_Hospital", "path": "C:\\Users\\ASUS\\Desktop\\Bipad Portal (All Point Files)\\Health Only\\Nuwakot_Hospital.shp" }, "geometry": { "type": "Point", "coordinates": [ 85.15796, 27.934017 ] } },
{ "type": "Feature", "properties": { "id": 67013, "title": "Basic Health Unit,Darshantaar", "titleNe": null, "descriptio": null, "dataSource": "nhfr_api", "dataSour_1": 16739, "dataSour_2": null, "lastModifi": "2026-08-09T12:27:19.722", "components": null, "localAddre": null, "localAdd_1": null, "gr": null, "noOfEmploy": null, "noOfMaleEm": null, "noOfFemale": null, "noOfOtherE": null, "noOfDiffer": null, "noOfDiff_1": null, "noOfDiff_2": null, "otherCompo": null, "ownership": "Local Government", "elevation": null, "otherOwner": null, "followsGui": null, "serviceTyp": null, "operationa": null, "hospitalBe": null, "icuBed": null, "status": null, "capacityIn": null, "promoter": null, "totalArea": null, "currentLan": null, "remarks": null, "address": null, "emergencyL": null, "operatingD": null, "usableArea": null, "capacity": null, "useOfEvacu": null, "usedAsHeli": null, "isDrinking": null, "isToiletAv": null, "noOfToilet": null, "hasHandWas": null, "noOfHandWa": null, "hasFoodPre": null, "noOfFoodPr": null, "noOfMaleTo": null, "noOfFema_1": null, "noOfCommon": null, "noOfTaps": null, "otherFacil": null, "hasDisable": false, "specifyInf": null, "startTime": null, "endTime": null, "phoneNumbe": null, "vehicleNum": null, "driverName": null, "driverCont": null, "driverAlte": null, "fireEngine": null, "fireBikeCo": null, "otherAppar": null, "ventilator": null, "hasChildIm": null, "hasTdVacci": null, "hasImnci": null, "hasGrowthM": null, "hasSafeMot": null, "hasAntenat": null, "hasPostnat": null, "hasDeliver": null, "hasBasicEm": null, "hasCompreh": null, "hasCompr_1": null, "hasPostAbo": null, "hasCondomP": null, "hasIucd": null, "hasImplant": null, "hasVasecto": null, "hasMinilap": null, "hasOpd": null, "hasGeneral": null, "hasPediatr": null, "hasObsAndG": null, "hasDentalO": null, "hasSurgery": null, "hasGastroi": null, "hasCardiac": null, "hasMental": null, "hasRespira": null, "hasNephrol": null, "hasEnt": null, "hasDermato": null, "hasEndocri": null, "hasOncolog": null, "hasNeurolo": null, "hasOphthal": null, "hasTreatem": null, "hasTreat_1": null, "hasTreat_2": null, "hasTreat_3": null, "hasTreat_4": null, "hasTreat_5": null, "hasLaborat": null, "hasTestHiv": null, "hasTestMal": null, "hasTestTb": null, "hasTestKal": null, "hasUrineRe": null, "hasStoolRe": null, "hasGener_1": null, "hasCulture": null, "hasHormone": null, "hasLeprosy": null, "hasTestCov": null, "hasTestC_1": null, "hasVolunte": null, "hasPmtct": null, "hasAntiRet": null, "hasDental": null, "hasInPatie": null, "hasRadiolo": null, "hasXRay": null, "hasXRayWit": null, "hasUltraso": null, "hasEchocar": null, "hasEcg": null, "hasTrademi": null, "hasCtScan": null, "hasMri": null, "hasEndosco": null, "hasColonos": null, "hasSurgica": null, "hasCaesari": null, "hasGastr_1": null, "hasTraumaS": null, "hasCardi_1": null, "hasNeuroSu": null, "hasPlastic": null, "hasSpecial": null, "hasIcu": null, "hasNicu": null, "hasCcu": null, "hasMicu": null, "hasSncu": null, "hasPicu": null, "hasCardi_2": null, "hasPhysiot": null, "hasAmbulan": null, "hasExtende": null, "hasGeriatr": null, "hasPharmac": null, "hasOcmc": null, "hasHealthI": null, "hasSsu": null, "hasAyurved": null, "hasCovidCl": null, "hasEmergen": null, "hasOperati": null, "hasBloodDo": null, "hasFreeTre": null, "hasFreeT_1": null, "hasFreeT_2": null, "hasFreeT_3": null, "hasFreeT_4": null, "hasFreeT_5": null, "hasFreeT_6": null, "hasFreeT_7": null, "hasFreeT_8": null, "hasFreeT_9": null, "hasInterne": "false", "registrati": "32/04/2080", "lastRenewa": null, "dateOfVali": null, "isVerified": false, "verficatio": null, "isApproved": false, "website": null, "emailAddre": null, "localAdd_2": null, "picture": null, "dateOfOper": null, "remarksOnO": null, "operatedBy": null, "religion": null, "otherRelig": null, "drinkingWa": null, "scale": null, "structure": null, "toilet": null, "type": "Basic Health Service Centre", "areaOfAirp": null, "kindOfVehi": null, "otherTypeW": null, "numberOfTr": null, "hasDisab_1": null, "nameAndNoO": null, "subtype": null, "otherType": null, "classroomC": null, "isMotorabl": null, "noOfLanes": null, "length": null, "noOfRoom": null, "noOfBed": null, "noOfStuden": null, "noOfMaleSt": null, "noOfFema_2": null, "noOfOtherS": null, "operatorTy": "Government", "otherOpera": null, "area": null, "altitude": null, "bank": null, "building": null, "hasTechnic": null, "isElectric": null, "isPermanen": null, "level": null, "moneyExcha": null, "atm": null, "noOfDiff_3": null, "noOfDiff_4": null, "noOfDiff_5": null, "noOfStud_1": null, "noOfStud_2": null, "noOfStud_3": null, "noOfStud_4": null, "operationT": null, "bedCount": null, "specializa": null, "outdoorSer": null, "indoorServ": null, "familyPlan": null, "startingDa": null, "surfaceTyp": null, "surfaceLev": null, "otherSurfa": null, "otherSur_1": null, "hasRoadAcc": null, "storageFac": null, "internetFa": null, "tankBuildD": null, "technicalS": null, "technica_1": null, "placementO": null, "sourceOfWa": null, "noOfServic": null, "isWaterSup": null, "towersName": null, "coverageRa": null, "frequency": null, "isp": null, "hasInter_1": null, "vaccinatio": null, "birthingCe": null, "hasOtherSe": null, "otherServi": null, "serviceUse": null, "width": null, "condition": null, "windDirect": null, "heliMarker": null, "nightLight": null, "helipadCon": null, "wireless": null, "fiber": null, "cable": null, "otherInter": null, "hasEvacuat": null, "designedWi": null, "hasDisaste": null, "hasDrinkin": null, "hasFocalPe": null, "focalPerso": null, "focalPer_1": null, "focalPer_2": null, "focalPer_3": null, "focalPer_4": null, "hasHumanit": null, "hasToilet": null, "isDesigned": null, "hasHelipad": null, "numberOf_1": null, "hasSafetyE": null, "remarksOnB": null, "hasOpenSpa": null, "areaOfOpen": null, "capacityOf": null, "hasDisas_1": null, "hasMedicin": null, "hasBackupE": null, "hasWashFac": null, "hfCode": "3050700101", "authority": null, "authorityL": "Local", "serviceSha": null, "specifyCom": null, "hasDisas_2": null, "specifyAwa": null, "providesDi": null, "specifyDis": null, "hasHealthC": null, "specifyD_1": null, "hasEmploye": null, "noOfEmpl_1": null, "isDrrRelat": null, "specifyWas": null, "hasSleepin": null, "noOfBeds": null, "noOfMats": null, "noOfCots": null, "hasElectri": null, "noOfSleepi": null, "typeOfAppa": null, "numberOfFi": null, "numberOf_2": null, "numberOfOt": null, "extraAppar": null, "ward": 3679, "province": null, "district": null, "municipali": null, "resourceTy": "health", "resource_t": "health", "district_i": 25, "district_n": "Nuwakot", "districtId": 25, "districtNa": "Nuwakot", "layer": "Nuwakot_Hospital", "path": "C:\\Users\\ASUS\\Desktop\\Bipad Portal (All Point Files)\\Health Only\\Nuwakot_Hospital.shp" }, "geometry": { "type": "Point", "coordinates": [ 85.05, 27.85 ] } },
{ "type": "Feature", "properties": { "id": 11060, "title": "Syafrubesi HP", "titleNe": null, "descriptio": null, "dataSource": null, "dataSour_1": null, "dataSour_2": null, "lastModifi": "2022-02-25T18:56:32.498", "components": null, "localAddre": null, "localAdd_1": null, "gr": null, "noOfEmploy": null, "noOfMaleEm": null, "noOfFemale": null, "noOfOtherE": null, "noOfDiffer": null, "noOfDiff_1": null, "noOfDiff_2": null, "otherCompo": null, "ownership": null, "elevation": null, "otherOwner": null, "followsGui": null, "serviceTyp": null, "operationa": null, "hospitalBe": null, "icuBed": null, "status": null, "capacityIn": null, "promoter": null, "totalArea": null, "currentLan": null, "remarks": null, "address": null, "emergencyL": null, "operatingD": null, "usableArea": null, "capacity": null, "useOfEvacu": null, "usedAsHeli": null, "isDrinking": null, "isToiletAv": null, "noOfToilet": null, "hasHandWas": null, "noOfHandWa": null, "hasFoodPre": null, "noOfFoodPr": null, "noOfMaleTo": null, "noOfFema_1": null, "noOfCommon": null, "noOfTaps": null, "otherFacil": null, "hasDisable": false, "specifyInf": null, "startTime": null, "endTime": null, "phoneNumbe": null, "vehicleNum": null, "driverName": null, "driverCont": null, "driverAlte": null, "fireEngine": null, "fireBikeCo": null, "otherAppar": null, "ventilator": null, "hasChildIm": null, "hasTdVacci": null, "hasImnci": null, "hasGrowthM": null, "hasSafeMot": null, "hasAntenat": null, "hasPostnat": null, "hasDeliver": null, "hasBasicEm": null, "hasCompreh": null, "hasCompr_1": null, "hasPostAbo": null, "hasCondomP": null, "hasIucd": null, "hasImplant": null, "hasVasecto": null, "hasMinilap": null, "hasOpd": null, "hasGeneral": null, "hasPediatr": null, "hasObsAndG": null, "hasDentalO": null, "hasSurgery": null, "hasGastroi": null, "hasCardiac": null, "hasMental": null, "hasRespira": null, "hasNephrol": null, "hasEnt": null, "hasDermato": null, "hasEndocri": null, "hasOncolog": null, "hasNeurolo": null, "hasOphthal": null, "hasTreatem": null, "hasTreat_1": null, "hasTreat_2": null, "hasTreat_3": null, "hasTreat_4": null, "hasTreat_5": null, "hasLaborat": null, "hasTestHiv": null, "hasTestMal": null, "hasTestTb": null, "hasTestKal": null, "hasUrineRe": null, "hasStoolRe": null, "hasGener_1": null, "hasCulture": null, "hasHormone": null, "hasLeprosy": null, "hasTestCov": null, "hasTestC_1": null, "hasVolunte": null, "hasPmtct": null, "hasAntiRet": null, "hasDental": null, "hasInPatie": null, "hasRadiolo": null, "hasXRay": null, "hasXRayWit": null, "hasUltraso": null, "hasEchocar": null, "hasEcg": null, "hasTrademi": null, "hasCtScan": null, "hasMri": null, "hasEndosco": null, "hasColonos": null, "hasSurgica": null, "hasCaesari": null, "hasGastr_1": null, "hasTraumaS": null, "hasCardi_1": null, "hasNeuroSu": null, "hasPlastic": null, "hasSpecial": null, "hasIcu": null, "hasNicu": null, "hasCcu": null, "hasMicu": null, "hasSncu": null, "hasPicu": null, "hasCardi_2": null, "hasPhysiot": null, "hasAmbulan": null, "hasExtende": null, "hasGeriatr": null, "hasPharmac": null, "hasOcmc": null, "hasHealthI": null, "hasSsu": null, "hasAyurved": null, "hasCovidCl": null, "hasEmergen": null, "hasOperati": null, "hasBloodDo": null, "hasFreeTre": null, "hasFreeT_1": null, "hasFreeT_2": null, "hasFreeT_3": null, "hasFreeT_4": null, "hasFreeT_5": null, "hasFreeT_6": null, "hasFreeT_7": null, "hasFreeT_8": null, "hasFreeT_9": null, "hasInterne": null, "registrati": null, "lastRenewa": null, "dateOfVali": null, "isVerified": false, "verficatio": null, "isApproved": false, "website": null, "emailAddre": null, "localAdd_2": null, "picture": null, "dateOfOper": null, "remarksOnO": null, "operatedBy": null, "religion": null, "otherRelig": null, "drinkingWa": null, "scale": null, "structure": null, "toilet": null, "type": "Health Post", "areaOfAirp": null, "kindOfVehi": null, "otherTypeW": null, "numberOfTr": null, "hasDisab_1": null, "nameAndNoO": null, "subtype": null, "otherType": null, "classroomC": null, "isMotorabl": null, "noOfLanes": null, "length": null, "noOfRoom": null, "noOfBed": null, "noOfStuden": null, "noOfMaleSt": null, "noOfFema_2": null, "noOfOtherS": null, "operatorTy": null, "otherOpera": null, "area": null, "altitude": null, "bank": null, "building": null, "hasTechnic": null, "isElectric": null, "isPermanen": null, "level": null, "moneyExcha": null, "atm": null, "noOfDiff_3": null, "noOfDiff_4": null, "noOfDiff_5": null, "noOfStud_1": null, "noOfStud_2": null, "noOfStud_3": null, "noOfStud_4": null, "operationT": null, "bedCount": null, "specializa": null, "outdoorSer": null, "indoorServ": null, "familyPlan": null, "startingDa": null, "surfaceTyp": null, "surfaceLev": null, "otherSurfa": null, "otherSur_1": null, "hasRoadAcc": null, "storageFac": null, "internetFa": null, "tankBuildD": null, "technicalS": null, "technica_1": null, "placementO": null, "sourceOfWa": null, "noOfServic": null, "isWaterSup": null, "towersName": null, "coverageRa": null, "frequency": null, "isp": null, "hasInter_1": null, "vaccinatio": null, "birthingCe": null, "hasOtherSe": null, "otherServi": null, "serviceUse": null, "width": null, "condition": null, "windDirect": null, "heliMarker": null, "nightLight": null, "helipadCon": null, "wireless": null, "fiber": null, "cable": null, "otherInter": null, "hasEvacuat": null, "designedWi": null, "hasDisaste": null, "hasDrinkin": null, "hasFocalPe": null, "focalPerso": null, "focalPer_1": null, "focalPer_2": null, "focalPer_3": null, "focalPer_4": null, "hasHumanit": null, "hasToilet": null, "isDesigned": null, "hasHelipad": null, "numberOf_1": null, "hasSafetyE": null, "remarksOnB": null, "hasOpenSpa": null, "areaOfOpen": null, "capacityOf": null, "hasDisas_1": null, "hasMedicin": null, "hasBackupE": null, "hasWashFac": null, "hfCode": null, "authority": null, "authorityL": null, "serviceSha": null, "specifyCom": null, "hasDisas_2": null, "specifyAwa": null, "providesDi": null, "specifyDis": null, "hasHealthC": null, "specifyD_1": null, "hasEmploye": null, "noOfEmpl_1": null, "isDrrRelat": null, "specifyWas": null, "hasSleepin": null, "noOfBeds": null, "noOfMats": null, "noOfCots": null, "hasElectri": null, "noOfSleepi": null, "typeOfAppa": null, "numberOfFi": null, "numberOf_2": null, "numberOfOt": null, "extraAppar": null, "ward": 1429, "province": null, "district": null, "municipali": null, "resourceTy": "health", "resource_t": "health", "district_i": 23, "district_n": "Rasuwa", "districtId": 23, "districtNa": "Rasuwa", "layer": "Rasuwa_Hospital", "path": "C:\\Users\\ASUS\\Desktop\\Bipad Portal (All Point Files)\\Health Only\\Rasuwa_Hospital.shp" }, "geometry": { "type": "Point", "coordinates": [ 85.341232, 28.165251 ] } },
{ "type": "Feature", "properties": { "id": 11063, "title": "Timure HP", "titleNe": null, "descriptio": null, "dataSource": null, "dataSour_1": null, "dataSour_2": null, "lastModifi": "2022-02-25T18:56:32.455", "components": null, "localAddre": null, "localAdd_1": null, "gr": null, "noOfEmploy": null, "noOfMaleEm": null, "noOfFemale": null, "noOfOtherE": null, "noOfDiffer": null, "noOfDiff_1": null, "noOfDiff_2": null, "otherCompo": null, "ownership": null, "elevation": null, "otherOwner": null, "followsGui": null, "serviceTyp": null, "operationa": null, "hospitalBe": null, "icuBed": null, "status": null, "capacityIn": null, "promoter": null, "totalArea": null, "currentLan": null, "remarks": null, "address": null, "emergencyL": null, "operatingD": null, "usableArea": null, "capacity": null, "useOfEvacu": null, "usedAsHeli": null, "isDrinking": null, "isToiletAv": null, "noOfToilet": null, "hasHandWas": null, "noOfHandWa": null, "hasFoodPre": null, "noOfFoodPr": null, "noOfMaleTo": null, "noOfFema_1": null, "noOfCommon": null, "noOfTaps": null, "otherFacil": null, "hasDisable": false, "specifyInf": null, "startTime": null, "endTime": null, "phoneNumbe": null, "vehicleNum": null, "driverName": null, "driverCont": null, "driverAlte": null, "fireEngine": null, "fireBikeCo": null, "otherAppar": null, "ventilator": null, "hasChildIm": null, "hasTdVacci": null, "hasImnci": null, "hasGrowthM": null, "hasSafeMot": null, "hasAntenat": null, "hasPostnat": null, "hasDeliver": null, "hasBasicEm": null, "hasCompreh": null, "hasCompr_1": null, "hasPostAbo": null, "hasCondomP": null, "hasIucd": null, "hasImplant": null, "hasVasecto": null, "hasMinilap": null, "hasOpd": null, "hasGeneral": null, "hasPediatr": null, "hasObsAndG": null, "hasDentalO": null, "hasSurgery": null, "hasGastroi": null, "hasCardiac": null, "hasMental": null, "hasRespira": null, "hasNephrol": null, "hasEnt": null, "hasDermato": null, "hasEndocri": null, "hasOncolog": null, "hasNeurolo": null, "hasOphthal": null, "hasTreatem": null, "hasTreat_1": null, "hasTreat_2": null, "hasTreat_3": null, "hasTreat_4": null, "hasTreat_5": null, "hasLaborat": null, "hasTestHiv": null, "hasTestMal": null, "hasTestTb": null, "hasTestKal": null, "hasUrineRe": null, "hasStoolRe": null, "hasGener_1": null, "hasCulture": null, "hasHormone": null, "hasLeprosy": null, "hasTestCov": null, "hasTestC_1": null, "hasVolunte": null, "hasPmtct": null, "hasAntiRet": null, "hasDental": null, "hasInPatie": null, "hasRadiolo": null, "hasXRay": null, "hasXRayWit": null, "hasUltraso": null, "hasEchocar": null, "hasEcg": null, "hasTrademi": null, "hasCtScan": null, "hasMri": null, "hasEndosco": null, "hasColonos": null, "hasSurgica": null, "hasCaesari": null, "hasGastr_1": null, "hasTraumaS": null, "hasCardi_1": null, "hasNeuroSu": null, "hasPlastic": null, "hasSpecial": null, "hasIcu": null, "hasNicu": null, "hasCcu": null, "hasMicu": null, "hasSncu": null, "hasPicu": null, "hasCardi_2": null, "hasPhysiot": null, "hasAmbulan": null, "hasExtende": null, "hasGeriatr": null, "hasPharmac": null, "hasOcmc": null, "hasHealthI": null, "hasSsu": null, "hasAyurved": null, "hasCovidCl": null, "hasEmergen": null, "hasOperati": null, "hasBloodDo": null, "hasFreeTre": null, "hasFreeT_1": null, "hasFreeT_2": null, "hasFreeT_3": null, "hasFreeT_4": null, "hasFreeT_5": null, "hasFreeT_6": null, "hasFreeT_7": null, "hasFreeT_8": null, "hasFreeT_9": null, "hasInterne": null, "registrati": null, "lastRenewa": null, "dateOfVali": null, "isVerified": false, "verficatio": null, "isApproved": false, "website": null, "emailAddre": null, "localAdd_2": null, "picture": null, "dateOfOper": null, "remarksOnO": null, "operatedBy": null, "religion": null, "otherRelig": null, "drinkingWa": null, "scale": null, "structure": null, "toilet": null, "type": "Health Post", "areaOfAirp": null, "kindOfVehi": null, "otherTypeW": null, "numberOfTr": null, "hasDisab_1": null, "nameAndNoO": null, "subtype": null, "otherType": null, "classroomC": null, "isMotorabl": null, "noOfLanes": null, "length": null, "noOfRoom": null, "noOfBed": null, "noOfStuden": null, "noOfMaleSt": null, "noOfFema_2": null, "noOfOtherS": null, "operatorTy": null, "otherOpera": null, "area": null, "altitude": null, "bank": null, "building": null, "hasTechnic": null, "isElectric": null, "isPermanen": null, "level": null, "moneyExcha": null, "atm": null, "noOfDiff_3": null, "noOfDiff_4": null, "noOfDiff_5": null, "noOfStud_1": null, "noOfStud_2": null, "noOfStud_3": null, "noOfStud_4": null, "operationT": null, "bedCount": null, "specializa": null, "outdoorSer": null, "indoorServ": null, "familyPlan": null, "startingDa": null, "surfaceTyp": null, "surfaceLev": null, "otherSurfa": null, "otherSur_1": null, "hasRoadAcc": null, "storageFac": null, "internetFa": null, "tankBuildD": null, "technicalS": null, "technica_1": null, "placementO": null, "sourceOfWa": null, "noOfServic": null, "isWaterSup": null, "towersName": null, "coverageRa": null, "frequency": null, "isp": null, "hasInter_1": null, "vaccinatio": null, "birthingCe": null, "hasOtherSe": null, "otherServi": null, "serviceUse": null, "width": null, "condition": null, "windDirect": null, "heliMarker": null, "nightLight": null, "helipadCon": null, "wireless": null, "fiber": null, "cable": null, "otherInter": null, "hasEvacuat": null, "designedWi": null, "hasDisaste": null, "hasDrinkin": null, "hasFocalPe": null, "focalPerso": null, "focalPer_1": null, "focalPer_2": null, "focalPer_3": null, "focalPer_4": null, "hasHumanit": null, "hasToilet": null, "isDesigned": null, "hasHelipad": null, "numberOf_1": null, "hasSafetyE": null, "remarksOnB": null, "hasOpenSpa": null, "areaOfOpen": null, "capacityOf": null, "hasDisas_1": null, "hasMedicin": null, "hasBackupE": null, "hasWashFac": null, "hfCode": null, "authority": null, "authorityL": null, "serviceSha": null, "specifyCom": null, "hasDisas_2": null, "specifyAwa": null, "providesDi": null, "specifyDis": null, "hasHealthC": null, "specifyD_1": null, "hasEmploye": null, "noOfEmpl_1": null, "isDrrRelat": null, "specifyWas": null, "hasSleepin": null, "noOfBeds": null, "noOfMats": null, "noOfCots": null, "hasElectri": null, "noOfSleepi": null, "typeOfAppa": null, "numberOfFi": null, "numberOf_2": null, "numberOfOt": null, "extraAppar": null, "ward": 1430, "province": null, "district": null, "municipali": null, "resourceTy": "health", "resource_t": "health", "district_i": 23, "district_n": "Rasuwa", "districtId": 23, "districtNa": "Rasuwa", "layer": "Rasuwa_Hospital", "path": "C:\\Users\\ASUS\\Desktop\\Bipad Portal (All Point Files)\\Health Only\\Rasuwa_Hospital.shp" }, "geometry": { "type": "Point", "coordinates": [ 85.358902, 28.242241 ] } },
{ "type": "Feature", "properties": { "id": 12138, "title": "Panta Medical Hall", "titleNe": null, "descriptio": null, "dataSource": null, "dataSour_1": null, "dataSour_2": null, "lastModifi": "2022-02-25T18:56:21.487", "components": null, "localAddre": null, "localAdd_1": null, "gr": null, "noOfEmploy": null, "noOfMaleEm": null, "noOfFemale": null, "noOfOtherE": null, "noOfDiffer": null, "noOfDiff_1": null, "noOfDiff_2": null, "otherCompo": null, "ownership": null, "elevation": null, "otherOwner": null, "followsGui": null, "serviceTyp": null, "operationa": null, "hospitalBe": null, "icuBed": null, "status": null, "capacityIn": null, "promoter": null, "totalArea": null, "currentLan": null, "remarks": null, "address": null, "emergencyL": null, "operatingD": null, "usableArea": null, "capacity": null, "useOfEvacu": null, "usedAsHeli": null, "isDrinking": null, "isToiletAv": null, "noOfToilet": null, "hasHandWas": null, "noOfHandWa": null, "hasFoodPre": null, "noOfFoodPr": null, "noOfMaleTo": null, "noOfFema_1": null, "noOfCommon": null, "noOfTaps": null, "otherFacil": null, "hasDisable": false, "specifyInf": null, "startTime": null, "endTime": null, "phoneNumbe": null, "vehicleNum": null, "driverName": null, "driverCont": null, "driverAlte": null, "fireEngine": null, "fireBikeCo": null, "otherAppar": null, "ventilator": null, "hasChildIm": null, "hasTdVacci": null, "hasImnci": null, "hasGrowthM": null, "hasSafeMot": null, "hasAntenat": null, "hasPostnat": null, "hasDeliver": null, "hasBasicEm": null, "hasCompreh": null, "hasCompr_1": null, "hasPostAbo": null, "hasCondomP": null, "hasIucd": null, "hasImplant": null, "hasVasecto": null, "hasMinilap": null, "hasOpd": null, "hasGeneral": null, "hasPediatr": null, "hasObsAndG": null, "hasDentalO": null, "hasSurgery": null, "hasGastroi": null, "hasCardiac": null, "hasMental": null, "hasRespira": null, "hasNephrol": null, "hasEnt": null, "hasDermato": null, "hasEndocri": null, "hasOncolog": null, "hasNeurolo": null, "hasOphthal": null, "hasTreatem": null, "hasTreat_1": null, "hasTreat_2": null, "hasTreat_3": null, "hasTreat_4": null, "hasTreat_5": null, "hasLaborat": null, "hasTestHiv": null, "hasTestMal": null, "hasTestTb": null, "hasTestKal": null, "hasUrineRe": null, "hasStoolRe": null, "hasGener_1": null, "hasCulture": null, "hasHormone": null, "hasLeprosy": null, "hasTestCov": null, "hasTestC_1": null, "hasVolunte": null, "hasPmtct": null, "hasAntiRet": null, "hasDental": null, "hasInPatie": null, "hasRadiolo": null, "hasXRay": null, "hasXRayWit": null, "hasUltraso": null, "hasEchocar": null, "hasEcg": null, "hasTrademi": null, "hasCtScan": null, "hasMri": null, "hasEndosco": null, "hasColonos": null, "hasSurgica": null, "hasCaesari": null, "hasGastr_1": null, "hasTraumaS": null, "hasCardi_1": null, "hasNeuroSu": null, "hasPlastic": null, "hasSpecial": null, "hasIcu": null, "hasNicu": null, "hasCcu": null, "hasMicu": null, "hasSncu": null, "hasPicu": null, "hasCardi_2": null, "hasPhysiot": null, "hasAmbulan": null, "hasExtende": null, "hasGeriatr": null, "hasPharmac": null, "hasOcmc": null, "hasHealthI": null, "hasSsu": null, "hasAyurved": null, "hasCovidCl": null, "hasEmergen": null, "hasOperati": null, "hasBloodDo": null, "hasFreeTre": null, "hasFreeT_1": null, "hasFreeT_2": null, "hasFreeT_3": null, "hasFreeT_4": null, "hasFreeT_5": null, "hasFreeT_6": null, "hasFreeT_7": null, "hasFreeT_8": null, "hasFreeT_9": null, "hasInterne": null, "registrati": null, "lastRenewa": null, "dateOfVali": null, "isVerified": false, "verficatio": null, "isApproved": false, "website": null, "emailAddre": null, "localAdd_2": null, "picture": null, "dateOfOper": null, "remarksOnO": null, "operatedBy": null, "religion": null, "otherRelig": null, "drinkingWa": null, "scale": null, "structure": null, "toilet": null, "type": "Clinic", "areaOfAirp": null, "kindOfVehi": null, "otherTypeW": null, "numberOfTr": null, "hasDisab_1": null, "nameAndNoO": null, "subtype": null, "otherType": null, "classroomC": null, "isMotorabl": null, "noOfLanes": null, "length": null, "noOfRoom": null, "noOfBed": null, "noOfStuden": null, "noOfMaleSt": null, "noOfFema_2": null, "noOfOtherS": null, "operatorTy": null, "otherOpera": null, "area": null, "altitude": null, "bank": null, "building": null, "hasTechnic": null, "isElectric": null, "isPermanen": null, "level": null, "moneyExcha": null, "atm": null, "noOfDiff_3": null, "noOfDiff_4": null, "noOfDiff_5": null, "noOfStud_1": null, "noOfStud_2": null, "noOfStud_3": null, "noOfStud_4": null, "operationT": null, "bedCount": null, "specializa": null, "outdoorSer": null, "indoorServ": null, "familyPlan": null, "startingDa": null, "surfaceTyp": null, "surfaceLev": null, "otherSurfa": null, "otherSur_1": null, "hasRoadAcc": null, "storageFac": null, "internetFa": null, "tankBuildD": null, "technicalS": null, "technica_1": null, "placementO": null, "sourceOfWa": null, "noOfServic": null, "isWaterSup": null, "towersName": null, "coverageRa": null, "frequency": null, "isp": null, "hasInter_1": null, "vaccinatio": null, "birthingCe": null, "hasOtherSe": null, "otherServi": null, "serviceUse": null, "width": null, "condition": null, "windDirect": null, "heliMarker": null, "nightLight": null, "helipadCon": null, "wireless": null, "fiber": null, "cable": null, "otherInter": null, "hasEvacuat": null, "designedWi": null, "hasDisaste": null, "hasDrinkin": null, "hasFocalPe": null, "focalPerso": null, "focalPer_1": null, "focalPer_2": null, "focalPer_3": null, "focalPer_4": null, "hasHumanit": null, "hasToilet": null, "isDesigned": null, "hasHelipad": null, "numberOf_1": null, "hasSafetyE": null, "remarksOnB": null, "hasOpenSpa": null, "areaOfOpen": null, "capacityOf": null, "hasDisas_1": null, "hasMedicin": null, "hasBackupE": null, "hasWashFac": null, "hfCode": null, "authority": null, "authorityL": null, "serviceSha": null, "specifyCom": null, "hasDisas_2": null, "specifyAwa": null, "providesDi": null, "specifyDis": null, "hasHealthC": null, "specifyD_1": null, "hasEmploye": null, "noOfEmpl_1": null, "isDrrRelat": null, "specifyWas": null, "hasSleepin": null, "noOfBeds": null, "noOfMats": null, "noOfCots": null, "hasElectri": null, "noOfSleepi": null, "typeOfAppa": null, "numberOfFi": null, "numberOf_2": null, "numberOfOt": null, "extraAppar": null, "ward": 1429, "province": null, "district": null, "municipali": null, "resourceTy": "health", "resource_t": "health", "district_i": 23, "district_n": "Rasuwa", "districtId": 23, "districtNa": "Rasuwa", "layer": "Rasuwa_Hospital", "path": "C:\\Users\\ASUS\\Desktop\\Bipad Portal (All Point Files)\\Health Only\\Rasuwa_Hospital.shp" }, "geometry": { "type": "Point", "coordinates": [ 85.3367, 28.162001 ] } },
{ "type": "Feature", "properties": { "id": 55236, "title": "Syafrubesi Health Post Rasuwa", "titleNe": null, "descriptio": null, "dataSource": "nhfr_api", "dataSour_1": 2395, "dataSour_2": null, "lastModifi": "2026-08-09T12:25:29.180", "components": null, "localAddre": null, "localAdd_1": null, "gr": null, "noOfEmploy": null, "noOfMaleEm": null, "noOfFemale": null, "noOfOtherE": null, "noOfDiffer": null, "noOfDiff_1": null, "noOfDiff_2": null, "otherCompo": null, "ownership": "Local Government", "elevation": null, "otherOwner": null, "followsGui": null, "serviceTyp": null, "operationa": null, "hospitalBe": null, "icuBed": null, "status": null, "capacityIn": null, "promoter": null, "totalArea": null, "currentLan": null, "remarks": null, "address": null, "emergencyL": null, "operatingD": null, "usableArea": null, "capacity": null, "useOfEvacu": null, "usedAsHeli": null, "isDrinking": null, "isToiletAv": null, "noOfToilet": null, "hasHandWas": null, "noOfHandWa": null, "hasFoodPre": null, "noOfFoodPr": null, "noOfMaleTo": null, "noOfFema_1": null, "noOfCommon": null, "noOfTaps": null, "otherFacil": null, "hasDisable": false, "specifyInf": null, "startTime": null, "endTime": null, "phoneNumbe": "010541060", "vehicleNum": null, "driverName": null, "driverCont": null, "driverAlte": null, "fireEngine": null, "fireBikeCo": null, "otherAppar": null, "ventilator": null, "hasChildIm": null, "hasTdVacci": null, "hasImnci": null, "hasGrowthM": null, "hasSafeMot": null, "hasAntenat": null, "hasPostnat": null, "hasDeliver": null, "hasBasicEm": null, "hasCompreh": null, "hasCompr_1": null, "hasPostAbo": null, "hasCondomP": null, "hasIucd": null, "hasImplant": null, "hasVasecto": null, "hasMinilap": null, "hasOpd": null, "hasGeneral": null, "hasPediatr": null, "hasObsAndG": null, "hasDentalO": null, "hasSurgery": null, "hasGastroi": null, "hasCardiac": null, "hasMental": null, "hasRespira": null, "hasNephrol": null, "hasEnt": null, "hasDermato": null, "hasEndocri": null, "hasOncolog": null, "hasNeurolo": null, "hasOphthal": null, "hasTreatem": null, "hasTreat_1": null, "hasTreat_2": null, "hasTreat_3": null, "hasTreat_4": null, "hasTreat_5": null, "hasLaborat": null, "hasTestHiv": null, "hasTestMal": null, "hasTestTb": null, "hasTestKal": null, "hasUrineRe": null, "hasStoolRe": null, "hasGener_1": null, "hasCulture": null, "hasHormone": null, "hasLeprosy": null, "hasTestCov": null, "hasTestC_1": null, "hasVolunte": null, "hasPmtct": null, "hasAntiRet": null, "hasDental": null, "hasInPatie": null, "hasRadiolo": null, "hasXRay": null, "hasXRayWit": null, "hasUltraso": null, "hasEchocar": null, "hasEcg": null, "hasTrademi": null, "hasCtScan": null, "hasMri": null, "hasEndosco": null, "hasColonos": null, "hasSurgica": null, "hasCaesari": null, "hasGastr_1": null, "hasTraumaS": null, "hasCardi_1": null, "hasNeuroSu": null, "hasPlastic": null, "hasSpecial": null, "hasIcu": null, "hasNicu": null, "hasCcu": null, "hasMicu": null, "hasSncu": null, "hasPicu": null, "hasCardi_2": null, "hasPhysiot": null, "hasAmbulan": null, "hasExtende": null, "hasGeriatr": null, "hasPharmac": null, "hasOcmc": null, "hasHealthI": null, "hasSsu": null, "hasAyurved": null, "hasCovidCl": null, "hasEmergen": null, "hasOperati": null, "hasBloodDo": null, "hasFreeTre": null, "hasFreeT_1": null, "hasFreeT_2": null, "hasFreeT_3": null, "hasFreeT_4": null, "hasFreeT_5": null, "hasFreeT_6": null, "hasFreeT_7": null, "hasFreeT_8": null, "hasFreeT_9": null, "hasInterne": "true", "registrati": "03/12/2036", "lastRenewa": null, "dateOfVali": null, "isVerified": false, "verficatio": null, "isApproved": false, "website": null, "emailAddre": "syafruhp123@gmail.com", "localAdd_2": null, "picture": null, "dateOfOper": null, "remarksOnO": null, "operatedBy": null, "religion": null, "otherRelig": null, "drinkingWa": null, "scale": null, "structure": null, "toilet": null, "type": "Basic Health Service Centre", "areaOfAirp": null, "kindOfVehi": null, "otherTypeW": null, "numberOfTr": null, "hasDisab_1": null, "nameAndNoO": null, "subtype": null, "otherType": null, "classroomC": null, "isMotorabl": null, "noOfLanes": null, "length": null, "noOfRoom": null, "noOfBed": null, "noOfStuden": null, "noOfMaleSt": null, "noOfFema_2": null, "noOfOtherS": null, "operatorTy": "Government", "otherOpera": null, "area": null, "altitude": null, "bank": null, "building": null, "hasTechnic": null, "isElectric": null, "isPermanen": null, "level": null, "moneyExcha": null, "atm": null, "noOfDiff_3": null, "noOfDiff_4": null, "noOfDiff_5": null, "noOfStud_1": null, "noOfStud_2": null, "noOfStud_3": null, "noOfStud_4": null, "operationT": null, "bedCount": null, "specializa": null, "outdoorSer": null, "indoorServ": null, "familyPlan": null, "startingDa": null, "surfaceTyp": null, "surfaceLev": null, "otherSurfa": null, "otherSur_1": null, "hasRoadAcc": null, "storageFac": null, "internetFa": null, "tankBuildD": null, "technicalS": null, "technica_1": null, "placementO": null, "sourceOfWa": null, "noOfServic": null, "isWaterSup": null, "towersName": null, "coverageRa": null, "frequency": null, "isp": null, "hasInter_1": null, "vaccinatio": null, "birthingCe": null, "hasOtherSe": null, "otherServi": null, "serviceUse": null, "width": null, "condition": null, "windDirect": null, "heliMarker": null, "nightLight": null, "helipadCon": null, "wireless": null, "fiber": null, "cable": null, "otherInter": null, "hasEvacuat": null, "designedWi": null, "hasDisaste": null, "hasDrinkin": null, "hasFocalPe": null, "focalPerso": null, "focalPer_1": null, "focalPer_2": null, "focalPer_3": null, "focalPer_4": null, "hasHumanit": null, "hasToilet": null, "isDesigned": null, "hasHelipad": null, "numberOf_1": null, "hasSafetyE": null, "remarksOnB": null, "hasOpenSpa": null, "areaOfOpen": null, "capacityOf": null, "hasDisas_1": null, "hasMedicin": null, "hasBackupE": null, "hasWashFac": null, "hfCode": "3030100081", "authority": null, "authorityL": "Local", "serviceSha": null, "specifyCom": null, "hasDisas_2": null, "specifyAwa": null, "providesDi": null, "specifyDis": null, "hasHealthC": null, "specifyD_1": null, "hasEmploye": null, "noOfEmpl_1": null, "isDrrRelat": null, "specifyWas": null, "hasSleepin": null, "noOfBeds": null, "noOfMats": null, "noOfCots": null, "hasElectri": null, "noOfSleepi": null, "typeOfAppa": null, "numberOfFi": null, "numberOf_2": null, "numberOfOt": null, "extraAppar": null, "ward": 1429, "province": null, "district": null, "municipali": null, "resourceTy": "health", "resource_t": "health", "district_i": 23, "district_n": "Rasuwa", "districtId": 23, "districtNa": "Rasuwa", "layer": "Rasuwa_Hospital", "path": "C:\\Users\\ASUS\\Desktop\\Bipad Portal (All Point Files)\\Health Only\\Rasuwa_Hospital.shp" }, "geometry": { "type": "Point", "coordinates": [ 85.340912, 28.165067 ] } },
{ "type": "Feature", "properties": { "id": 64497, "title": "Devghat Hp_ Tanahu", "titleNe": null, "descriptio": null, "dataSource": "nhfr_api", "dataSour_1": 4997, "dataSour_2": null, "lastModifi": "2026-08-09T12:26:01.403", "components": null, "localAddre": null, "localAdd_1": null, "gr": null, "noOfEmploy": null, "noOfMaleEm": null, "noOfFemale": null, "noOfOtherE": null, "noOfDiffer": null, "noOfDiff_1": null, "noOfDiff_2": null, "otherCompo": null, "ownership": "Local Government", "elevation": null, "otherOwner": null, "followsGui": null, "serviceTyp": null, "operationa": null, "hospitalBe": null, "icuBed": null, "status": null, "capacityIn": null, "promoter": null, "totalArea": null, "currentLan": null, "remarks": null, "address": null, "emergencyL": null, "operatingD": null, "usableArea": null, "capacity": null, "useOfEvacu": null, "usedAsHeli": null, "isDrinking": null, "isToiletAv": null, "noOfToilet": null, "hasHandWas": null, "noOfHandWa": null, "hasFoodPre": null, "noOfFoodPr": null, "noOfMaleTo": null, "noOfFema_1": null, "noOfCommon": null, "noOfTaps": null, "otherFacil": null, "hasDisable": false, "specifyInf": null, "startTime": null, "endTime": null, "phoneNumbe": null, "vehicleNum": null, "driverName": null, "driverCont": null, "driverAlte": null, "fireEngine": null, "fireBikeCo": null, "otherAppar": null, "ventilator": null, "hasChildIm": null, "hasTdVacci": null, "hasImnci": null, "hasGrowthM": null, "hasSafeMot": null, "hasAntenat": null, "hasPostnat": null, "hasDeliver": null, "hasBasicEm": null, "hasCompreh": null, "hasCompr_1": null, "hasPostAbo": null, "hasCondomP": null, "hasIucd": null, "hasImplant": null, "hasVasecto": null, "hasMinilap": null, "hasOpd": null, "hasGeneral": null, "hasPediatr": null, "hasObsAndG": null, "hasDentalO": null, "hasSurgery": null, "hasGastroi": null, "hasCardiac": null, "hasMental": null, "hasRespira": null, "hasNephrol": null, "hasEnt": null, "hasDermato": null, "hasEndocri": null, "hasOncolog": null, "hasNeurolo": null, "hasOphthal": null, "hasTreatem": null, "hasTreat_1": null, "hasTreat_2": null, "hasTreat_3": null, "hasTreat_4": null, "hasTreat_5": null, "hasLaborat": null, "hasTestHiv": null, "hasTestMal": null, "hasTestTb": null, "hasTestKal": null, "hasUrineRe": null, "hasStoolRe": null, "hasGener_1": null, "hasCulture": null, "hasHormone": null, "hasLeprosy": null, "hasTestCov": null, "hasTestC_1": null, "hasVolunte": null, "hasPmtct": null, "hasAntiRet": null, "hasDental": null, "hasInPatie": null, "hasRadiolo": null, "hasXRay": null, "hasXRayWit": null, "hasUltraso": null, "hasEchocar": null, "hasEcg": null, "hasTrademi": null, "hasCtScan": null, "hasMri": null, "hasEndosco": null, "hasColonos": null, "hasSurgica": null, "hasCaesari": null, "hasGastr_1": null, "hasTraumaS": null, "hasCardi_1": null, "hasNeuroSu": null, "hasPlastic": null, "hasSpecial": null, "hasIcu": null, "hasNicu": null, "hasCcu": null, "hasMicu": null, "hasSncu": null, "hasPicu": null, "hasCardi_2": null, "hasPhysiot": null, "hasAmbulan": null, "hasExtende": null, "hasGeriatr": null, "hasPharmac": null, "hasOcmc": null, "hasHealthI": null, "hasSsu": null, "hasAyurved": null, "hasCovidCl": null, "hasEmergen": null, "hasOperati": null, "hasBloodDo": null, "hasFreeTre": null, "hasFreeT_1": null, "hasFreeT_2": null, "hasFreeT_3": null, "hasFreeT_4": null, "hasFreeT_5": null, "hasFreeT_6": null, "hasFreeT_7": null, "hasFreeT_8": null, "hasFreeT_9": null, "hasInterne": null, "registrati": null, "lastRenewa": null, "dateOfVali": null, "isVerified": false, "verficatio": null, "isApproved": false, "website": null, "emailAddre": null, "localAdd_2": null, "picture": null, "dateOfOper": null, "remarksOnO": null, "operatedBy": null, "religion": null, "otherRelig": null, "drinkingWa": null, "scale": null, "structure": null, "toilet": null, "type": "Health Post", "areaOfAirp": null, "kindOfVehi": null, "otherTypeW": null, "numberOfTr": null, "hasDisab_1": null, "nameAndNoO": null, "subtype": null, "otherType": null, "classroomC": null, "isMotorabl": null, "noOfLanes": null, "length": null, "noOfRoom": null, "noOfBed": null, "noOfStuden": null, "noOfMaleSt": null, "noOfFema_2": null, "noOfOtherS": null, "operatorTy": "Government", "otherOpera": null, "area": null, "altitude": null, "bank": null, "building": null, "hasTechnic": null, "isElectric": null, "isPermanen": null, "level": null, "moneyExcha": null, "atm": null, "noOfDiff_3": null, "noOfDiff_4": null, "noOfDiff_5": null, "noOfStud_1": null, "noOfStud_2": null, "noOfStud_3": null, "noOfStud_4": null, "operationT": null, "bedCount": null, "specializa": null, "outdoorSer": null, "indoorServ": null, "familyPlan": null, "startingDa": null, "surfaceTyp": null, "surfaceLev": null, "otherSurfa": null, "otherSur_1": null, "hasRoadAcc": null, "storageFac": null, "internetFa": null, "tankBuildD": null, "technicalS": null, "technica_1": null, "placementO": null, "sourceOfWa": null, "noOfServic": null, "isWaterSup": null, "towersName": null, "coverageRa": null, "frequency": null, "isp": null, "hasInter_1": null, "vaccinatio": null, "birthingCe": null, "hasOtherSe": null, "otherServi": null, "serviceUse": null, "width": null, "condition": null, "windDirect": null, "heliMarker": null, "nightLight": null, "helipadCon": null, "wireless": null, "fiber": null, "cable": null, "otherInter": null, "hasEvacuat": null, "designedWi": null, "hasDisaste": null, "hasDrinkin": null, "hasFocalPe": null, "focalPerso": null, "focalPer_1": null, "focalPer_2": null, "focalPer_3": null, "focalPer_4": null, "hasHumanit": null, "hasToilet": null, "isDesigned": null, "hasHelipad": null, "numberOf_1": null, "hasSafetyE": null, "remarksOnB": null, "hasOpenSpa": null, "areaOfOpen": null, "capacityOf": null, "hasDisas_1": null, "hasMedicin": null, "hasBackupE": null, "hasWashFac": null, "hfCode": "4070800041", "authority": null, "authorityL": "Local", "serviceSha": null, "specifyCom": null, "hasDisas_2": null, "specifyAwa": null, "providesDi": null, "specifyDis": null, "hasHealthC": null, "specifyD_1": null, "hasEmploye": null, "noOfEmpl_1": null, "isDrrRelat": null, "specifyWas": null, "hasSleepin": null, "noOfBeds": null, "noOfMats": null, "noOfCots": null, "hasElectri": null, "noOfSleepi": null, "typeOfAppa": null, "numberOfFi": null, "numberOf_2": null, "numberOfOt": null, "extraAppar": null, "ward": 2466, "province": null, "district": null, "municipali": null, "resourceTy": "health", "resource_t": "health", "district_i": 43, "district_n": "Tanahu", "districtId": 43, "districtNa": "Tanahu", "layer": "Tanahu_Hospital", "path": "C:\\Users\\ASUS\\Desktop\\Bipad Portal (All Point Files)\\Health Only\\Tanahu_Hospital.shp" }, "geometry": { "type": "Point", "coordinates": [ 84.4417993, 27.7569747 ] } },
{ "type": "Feature", "properties": { "id": 64498, "title": "Devghat Dharmartha Hospital_ Tanahu", "titleNe": null, "descriptio": null, "dataSource": "nhfr_api", "dataSour_1": 5000, "dataSour_2": null, "lastModifi": "2026-08-09T12:26:01.447", "components": null, "localAddre": null, "localAdd_1": null, "gr": null, "noOfEmploy": null, "noOfMaleEm": null, "noOfFemale": null, "noOfOtherE": null, "noOfDiffer": null, "noOfDiff_1": null, "noOfDiff_2": null, "otherCompo": null, "ownership": "Local Government", "elevation": null, "otherOwner": null, "followsGui": null, "serviceTyp": null, "operationa": null, "hospitalBe": null, "icuBed": null, "status": null, "capacityIn": null, "promoter": null, "totalArea": null, "currentLan": null, "remarks": null, "address": null, "emergencyL": null, "operatingD": null, "usableArea": null, "capacity": null, "useOfEvacu": null, "usedAsHeli": null, "isDrinking": null, "isToiletAv": null, "noOfToilet": null, "hasHandWas": null, "noOfHandWa": null, "hasFoodPre": null, "noOfFoodPr": null, "noOfMaleTo": null, "noOfFema_1": null, "noOfCommon": null, "noOfTaps": null, "otherFacil": null, "hasDisable": false, "specifyInf": null, "startTime": null, "endTime": null, "phoneNumbe": "9845447150", "vehicleNum": null, "driverName": null, "driverCont": null, "driverAlte": null, "fireEngine": null, "fireBikeCo": null, "otherAppar": null, "ventilator": null, "hasChildIm": null, "hasTdVacci": null, "hasImnci": null, "hasGrowthM": null, "hasSafeMot": null, "hasAntenat": null, "hasPostnat": null, "hasDeliver": null, "hasBasicEm": null, "hasCompreh": null, "hasCompr_1": null, "hasPostAbo": null, "hasCondomP": null, "hasIucd": null, "hasImplant": null, "hasVasecto": null, "hasMinilap": null, "hasOpd": null, "hasGeneral": null, "hasPediatr": null, "hasObsAndG": null, "hasDentalO": null, "hasSurgery": null, "hasGastroi": null, "hasCardiac": null, "hasMental": null, "hasRespira": null, "hasNephrol": null, "hasEnt": null, "hasDermato": null, "hasEndocri": null, "hasOncolog": null, "hasNeurolo": null, "hasOphthal": null, "hasTreatem": null, "hasTreat_1": null, "hasTreat_2": null, "hasTreat_3": null, "hasTreat_4": null, "hasTreat_5": null, "hasLaborat": null, "hasTestHiv": null, "hasTestMal": null, "hasTestTb": null, "hasTestKal": null, "hasUrineRe": null, "hasStoolRe": null, "hasGener_1": null, "hasCulture": null, "hasHormone": null, "hasLeprosy": null, "hasTestCov": null, "hasTestC_1": null, "hasVolunte": null, "hasPmtct": null, "hasAntiRet": null, "hasDental": null, "hasInPatie": null, "hasRadiolo": null, "hasXRay": null, "hasXRayWit": null, "hasUltraso": null, "hasEchocar": null, "hasEcg": null, "hasTrademi": null, "hasCtScan": null, "hasMri": null, "hasEndosco": null, "hasColonos": null, "hasSurgica": null, "hasCaesari": null, "hasGastr_1": null, "hasTraumaS": null, "hasCardi_1": null, "hasNeuroSu": null, "hasPlastic": null, "hasSpecial": null, "hasIcu": null, "hasNicu": null, "hasCcu": null, "hasMicu": null, "hasSncu": null, "hasPicu": null, "hasCardi_2": null, "hasPhysiot": null, "hasAmbulan": null, "hasExtende": null, "hasGeriatr": null, "hasPharmac": null, "hasOcmc": null, "hasHealthI": null, "hasSsu": null, "hasAyurved": null, "hasCovidCl": null, "hasEmergen": null, "hasOperati": null, "hasBloodDo": null, "hasFreeTre": null, "hasFreeT_1": null, "hasFreeT_2": null, "hasFreeT_3": null, "hasFreeT_4": null, "hasFreeT_5": null, "hasFreeT_6": null, "hasFreeT_7": null, "hasFreeT_8": null, "hasFreeT_9": null, "hasInterne": null, "registrati": null, "lastRenewa": null, "dateOfVali": null, "isVerified": false, "verficatio": null, "isApproved": false, "website": null, "emailAddre": null, "localAdd_2": null, "picture": null, "dateOfOper": null, "remarksOnO": null, "operatedBy": null, "religion": null, "otherRelig": null, "drinkingWa": null, "scale": null, "structure": null, "toilet": null, "type": "Basic Hospital (5 to 15 beds)", "areaOfAirp": null, "kindOfVehi": null, "otherTypeW": null, "numberOfTr": null, "hasDisab_1": null, "nameAndNoO": null, "subtype": null, "otherType": null, "classroomC": null, "isMotorabl": null, "noOfLanes": null, "length": null, "noOfRoom": null, "noOfBed": null, "noOfStuden": null, "noOfMaleSt": null, "noOfFema_2": null, "noOfOtherS": null, "operatorTy": "Government", "otherOpera": null, "area": null, "altitude": null, "bank": null, "building": null, "hasTechnic": null, "isElectric": null, "isPermanen": null, "level": null, "moneyExcha": null, "atm": null, "noOfDiff_3": null, "noOfDiff_4": null, "noOfDiff_5": null, "noOfStud_1": null, "noOfStud_2": null, "noOfStud_3": null, "noOfStud_4": null, "operationT": null, "bedCount": null, "specializa": null, "outdoorSer": null, "indoorServ": null, "familyPlan": null, "startingDa": null, "surfaceTyp": null, "surfaceLev": null, "otherSurfa": null, "otherSur_1": null, "hasRoadAcc": null, "storageFac": null, "internetFa": null, "tankBuildD": null, "technicalS": null, "technica_1": null, "placementO": null, "sourceOfWa": null, "noOfServic": null, "isWaterSup": null, "towersName": null, "coverageRa": null, "frequency": null, "isp": null, "hasInter_1": true, "vaccinatio": null, "birthingCe": null, "hasOtherSe": null, "otherServi": null, "serviceUse": null, "width": null, "condition": null, "windDirect": null, "heliMarker": null, "nightLight": null, "helipadCon": null, "wireless": null, "fiber": null, "cable": null, "otherInter": null, "hasEvacuat": null, "designedWi": null, "hasDisaste": null, "hasDrinkin": null, "hasFocalPe": null, "focalPerso": null, "focalPer_1": null, "focalPer_2": null, "focalPer_3": null, "focalPer_4": null, "hasHumanit": null, "hasToilet": null, "isDesigned": null, "hasHelipad": null, "numberOf_1": null, "hasSafetyE": null, "remarksOnB": null, "hasOpenSpa": null, "areaOfOpen": null, "capacityOf": null, "hasDisas_1": null, "hasMedicin": null, "hasBackupE": null, "hasWashFac": null, "hfCode": "4070800071", "authority": null, "authorityL": "Local", "serviceSha": null, "specifyCom": null, "hasDisas_2": null, "specifyAwa": null, "providesDi": null, "specifyDis": null, "hasHealthC": null, "specifyD_1": null, "hasEmploye": null, "noOfEmpl_1": null, "isDrrRelat": null, "specifyWas": null, "hasSleepin": null, "noOfBeds": null, "noOfMats": null, "noOfCots": null, "hasElectri": null, "noOfSleepi": null, "typeOfAppa": null, "numberOfFi": null, "numberOf_2": null, "numberOfOt": null, "extraAppar": null, "ward": 2466, "province": null, "district": null, "municipali": null, "resourceTy": "health", "resource_t": "health", "district_i": 43, "district_n": "Tanahu", "districtId": 43, "districtNa": "Tanahu", "layer": "Tanahu_Hospital", "path": "C:\\Users\\ASUS\\Desktop\\Bipad Portal (All Point Files)\\Health Only\\Tanahu_Hospital.shp" }, "geometry": { "type": "Point", "coordinates": [ 84.4266483, 27.7466533 ] } }
]
}
