{
"type": "FeatureCollection",
"name": "100m_buffer_flood_extent_extended_31th_August",
"crs": { "type": "name", "properties": { "name": "urn:ogc:def:crs:OGC:1.3:CRS84" } },
"features": [
{ "type": "Feature", "properties": { "source": "unosat+flood_extend" }, "geometry": { "type": "MultiPolygon", "coordinates": [ [ [ [ 84.532140584995247, 27.831870278146631 ], [ 84.531811116135984, 27.831934368832727 ], [ 84.531788153306039, 27.831939084744299 ], [ 84.530844707037758, 27.832143125541656 ], [ 84.530201107776278, 27.83226493766071 ], [ 84.529569974623556, 27.832380145304537 ], [ 84.528551425862446, 27.832361902308222 ], [ 84.527429943987386, 27.832225560312313 ], [ 84.52615340476855, 27.832018968539153 ], [ 84.525979592366738, 27.832004408404821 ], [ 84.52504462036616, 27.831997901402708 ], [ 84.524562035889787, 27.831817989824557 ], [ 84.524437849743009, 27.831779889793836 ], [ 84.523094477326367, 27.831452533716909 ], [ 84.522847447112326, 27.831374369990009 ], [ 84.522256775561758, 27.830997781192007 ], [ 84.522078484131669, 27.830691556689956 ], [ 84.521923993512161, 27.830208234770506 ], [ 84.521751451064489, 27.829351648916099 ], [ 84.521771291402828, 27.828967122897499 ], [ 84.521772350855173, 27.828928978595002 ], [ 84.52177532446666, 27.828181515479898 ], [ 84.521774186656117, 27.828135499889648 ], [ 84.521736956301652, 27.827439091402965 ], [ 84.521759178681449, 27.826943047546749 ], [ 84.52220062241976, 27.825465456267239 ], [ 84.522233641866535, 27.825273567828891 ], [ 84.522285423737642, 27.824227973808835 ], [ 84.522278900639606, 27.824078779296904 ], [ 84.522195568986149, 27.823473040077417 ], [ 84.522259376414823, 27.822820847975851 ], [ 84.522226090345015, 27.822500965589644 ], [ 84.522003726288077, 27.821790130283883 ], [ 84.521810660333529, 27.82083161472228 ], [ 84.521722359758385, 27.820592454222712 ], [ 84.521361520589906, 27.819940261075867 ], [ 84.521126195492585, 27.81917189442613 ], [ 84.521092125414285, 27.819080289336103 ], [ 84.520639344961523, 27.818051114604689 ], [ 84.520133375031719, 27.816896397113162 ], [ 84.519992898984768, 27.816674679190601 ], [ 84.518791458535219, 27.815282636958042 ], [ 84.518624254787227, 27.815130186158477 ], [ 84.518421518991914, 27.815016829137488 ], [ 84.517866357276063, 27.81478259092469 ], [ 84.517729781786286, 27.814735379642823 ], [ 84.516754996263074, 27.814468672203766 ], [ 84.516637120277053, 27.814443167362203 ], [ 84.515241014151997, 27.814218702270317 ], [ 84.513844914898812, 27.813994223410614 ], [ 84.51366017395118, 27.813979831748359 ], [ 84.511361997835579, 27.813988246084488 ], [ 84.511133829002176, 27.814012209986497 ], [ 84.509050089862967, 27.814448043495346 ], [ 84.508663213070164, 27.81461155566635 ], [ 84.507009204297503, 27.815744517237253 ], [ 84.505716217680586, 27.816301912232781 ], [ 84.50553712752118, 27.816400750614271 ], [ 84.504204069704258, 27.817319810469744 ], [ 84.503059827327561, 27.818087702101604 ], [ 84.501200763955424, 27.818405288708405 ], [ 84.498150495238633, 27.818817005385178 ], [ 84.496618020209567, 27.818961855813157 ], [ 84.494495868476008, 27.818351527255626 ], [ 84.494322894135479, 27.818178971204318 ], [ 84.494051345388357, 27.817987256181084 ], [ 84.493723046423483, 27.817888035172807 ], [ 84.49249389726792, 27.817716205496655 ], [ 84.492215135330596, 27.817711712188551 ], [ 84.491945522748608, 27.817774849804419 ], [ 84.489769020993037, 27.818582451996665 ], [ 84.489638221797776, 27.81864117815466 ], [ 84.488377647383402, 27.81931283990264 ], [ 84.485418092339771, 27.819624148989931 ], [ 84.483511690701434, 27.819637816429172 ], [ 84.483259995301921, 27.819667877288971 ], [ 84.4802167039106, 27.82038476179979 ], [ 84.480164414863481, 27.820398424727898 ], [ 84.477963804709688, 27.821030975745337 ], [ 84.477955983998967, 27.82103325491531 ], [ 84.475866590227639, 27.821650484285758 ], [ 84.473029817682487, 27.822178074570374 ], [ 84.469213165711409, 27.822651458829121 ], [ 84.469192467097045, 27.822654219666973 ], [ 84.467431994094298, 27.822905551144157 ], [ 84.467431589014012, 27.822905300101308 ], [ 84.467429713043828, 27.822870735585319 ], [ 84.467855119262055, 27.822151800532918 ], [ 84.467965514425771, 27.821832012949766 ], [ 84.468068634631734, 27.82101165539315 ], [ 84.468055081567968, 27.820733994593322 ], [ 84.467851788084033, 27.819833264565496 ], [ 84.467778346545671, 27.819632938417051 ], [ 84.467295505605605, 27.818702161187897 ], [ 84.467093371924861, 27.818443674524993 ], [ 84.466324630836098, 27.817756813043911 ], [ 84.46607197438658, 27.817592050908925 ], [ 84.465774823391101, 27.817503687790936 ], [ 84.464266776114485, 27.817276653325489 ], [ 84.463924754536905, 27.817277146060427 ], [ 84.462040386989401, 27.817566420112758 ], [ 84.461987339219377, 27.817575864694401 ], [ 84.460603368878168, 27.817856574601404 ], [ 84.457991640637644, 27.818001746878256 ], [ 84.457869598470069, 27.818015168212941 ], [ 84.45556269663625, 27.818396234072473 ], [ 84.455424223373896, 27.818428228964105 ], [ 84.453307581505513, 27.819061929317328 ], [ 84.45328845250863, 27.819067845827124 ], [ 84.451005719182973, 27.819796645713243 ], [ 84.448442124550539, 27.820591765509288 ], [ 84.446119495958627, 27.820919270035102 ], [ 84.444922258591802, 27.820188587415654 ], [ 84.444289295310597, 27.818914072688095 ], [ 84.444238932200477, 27.818826046595376 ], [ 84.443400315155031, 27.817539776158888 ], [ 84.44329872241056, 27.817411231830221 ], [ 84.442331628237042, 27.816389794330831 ], [ 84.441638870063528, 27.815573585882742 ], [ 84.441349029390906, 27.815342388857264 ], [ 84.439743650810556, 27.814490375873174 ], [ 84.439678848975603, 27.81445877113693 ], [ 84.437935731525855, 27.813680661963428 ], [ 84.435817610350924, 27.812713984067489 ], [ 84.43456355503902, 27.812008921020205 ], [ 84.434088285228015, 27.81068866602665 ], [ 84.433794965561788, 27.809387110025522 ], [ 84.433789752804486, 27.809365372703226 ], [ 84.432910946353118, 27.80590992226244 ], [ 84.432817098524723, 27.804353865947419 ], [ 84.432892275660947, 27.802326268957788 ], [ 84.432890629355242, 27.80223720797246 ], [ 84.432766936664862, 27.800568764993844 ], [ 84.432904057540725, 27.79823260475905 ], [ 84.43289844862106, 27.798079891131241 ], [ 84.4326366382098, 27.7961066321201 ], [ 84.432608370364889, 27.795976577537353 ], [ 84.432058041101669, 27.794169077421447 ], [ 84.431894869044811, 27.792718644207028 ], [ 84.432233842651598, 27.790999212444596 ], [ 84.432953452342488, 27.789424907631012 ], [ 84.433542673356911, 27.788269498506558 ], [ 84.435539074190459, 27.785150834364622 ], [ 84.436543014042826, 27.784087016747716 ], [ 84.436689835310958, 27.783879663999944 ], [ 84.437546003080612, 27.782200547183407 ], [ 84.438338855806876, 27.781035106789403 ], [ 84.43946573202561, 27.779894075640996 ], [ 84.440154851004564, 27.779708906705217 ], [ 84.441873077616791, 27.779763230003873 ], [ 84.444737314391318, 27.779940090313541 ], [ 84.444910477140283, 27.779937597957996 ], [ 84.446683560277251, 27.779776704942016 ], [ 84.449432970951776, 27.779778593840017 ], [ 84.449673045010684, 27.779753124933812 ], [ 84.453924653388029, 27.778834895555438 ], [ 84.454109007957172, 27.778777887305186 ], [ 84.456965656193276, 27.777609592955891 ], [ 84.456991126639522, 27.777598791557985 ], [ 84.459113876404118, 27.776666103864489 ], [ 84.459257997679302, 27.776588938435392 ], [ 84.461447706306629, 27.775184026669983 ], [ 84.461522060975966, 27.77513144036633 ], [ 84.463462013040825, 27.773622236936792 ], [ 84.463637411435784, 27.773444627727226 ], [ 84.463754908254955, 27.773232584886223 ], [ 84.464058438260622, 27.77243532316642 ], [ 84.46499396532117, 27.771359094147513 ], [ 84.465973629382418, 27.770817913992978 ], [ 84.466210076839417, 27.770637102295844 ], [ 84.468018536518571, 27.768751663337689 ], [ 84.468089051118469, 27.768668941647807 ], [ 84.469331686386852, 27.767022280465874 ], [ 84.469345745029941, 27.767003130197452 ], [ 84.470416887802941, 27.765502817208411 ], [ 84.470452589871172, 27.765448743557567 ], [ 84.471442584047324, 27.763822351014191 ], [ 84.471477610685042, 27.763759005867524 ], [ 84.472476208213607, 27.76175900830626 ], [ 84.47251522256316, 27.761667885054681 ], [ 84.473263524378027, 27.759588550773412 ], [ 84.47329923505508, 27.759455113111883 ], [ 84.473813936034404, 27.756574161746553 ], [ 84.473821364641068, 27.756523285112625 ], [ 84.474137756377473, 27.753738373149719 ], [ 84.47413668057402, 27.753547942576411 ], [ 84.473971188175383, 27.75222432119492 ], [ 84.473858792191834, 27.751900675794843 ], [ 84.473211626068718, 27.750817418982731 ], [ 84.473069330278946, 27.750636723005613 ], [ 84.472881987416443, 27.750492161314337 ], [ 84.472108470519728, 27.750029512656507 ], [ 84.471848420099107, 27.749918023632301 ], [ 84.471563594886661, 27.749876248286551 ], [ 84.471003687261955, 27.749866005261875 ], [ 84.470923577039656, 27.749867356658857 ], [ 84.4680914370702, 27.750014843632972 ], [ 84.467887550594497, 27.750044205883182 ], [ 84.466338578586445, 27.750414491401894 ], [ 84.466252296304404, 27.750438838926048 ], [ 84.464446160039998, 27.75102863975782 ], [ 84.464433357094777, 27.751032907888597 ], [ 84.462626625245875, 27.751647589719074 ], [ 84.462365070443596, 27.751778942741844 ], [ 84.459929093369425, 27.753469729190879 ], [ 84.457070446668297, 27.755332455155333 ], [ 84.45462950608281, 27.756692597985595 ], [ 84.4535462499923, 27.757066260433692 ], [ 84.451572191908383, 27.756746210762067 ], [ 84.449726702528665, 27.755802391460055 ], [ 84.449163783961581, 27.754363374161048 ], [ 84.449095178148909, 27.754226068290105 ], [ 84.4480696791166, 27.752562639081798 ], [ 84.447993766040739, 27.752457499979709 ], [ 84.446849343333454, 27.751090866789724 ], [ 84.446643615457745, 27.750907473481362 ], [ 84.44477918478141, 27.749666568738292 ], [ 84.444156401114299, 27.748653932256296 ], [ 84.444115159791224, 27.748592750852321 ], [ 84.442778533544328, 27.746776728534584 ], [ 84.441636099495398, 27.74494069745775 ], [ 84.44161347162661, 27.744906160020037 ], [ 84.44020500302247, 27.742861843840302 ], [ 84.439983447913093, 27.742635710359973 ], [ 84.438056017427328, 27.741229594676174 ], [ 84.437905516194661, 27.741138586838883 ], [ 84.435967637380344, 27.740180748470785 ], [ 84.435770058812892, 27.740106207107885 ], [ 84.433098590790237, 27.739383887543895 ], [ 84.432851044724174, 27.739345892522184 ], [ 84.43260059813629, 27.739363216344724 ], [ 84.429619428950403, 27.739905820066191 ], [ 84.429463384244102, 27.739946041149253 ], [ 84.427762903957557, 27.740519295152353 ], [ 84.426215346278013, 27.740471086427267 ], [ 84.425054588877686, 27.739918139459274 ], [ 84.424631784323395, 27.739388278092175 ], [ 84.424355051888455, 27.738801480086821 ], [ 84.424169297779244, 27.738542678388271 ], [ 84.423896735170004, 27.738354313845832 ], [ 84.42356894981036, 27.738258214517014 ], [ 84.423223926448259, 27.73826551666685 ], [ 84.42117117050897, 27.738625906030222 ], [ 84.420855050202718, 27.738732521375201 ], [ 84.420595902817155, 27.738925688030715 ], [ 84.420422544635969, 27.739183926810618 ], [ 84.420354252800891, 27.739478522806408 ], [ 84.420286930101369, 27.741146663151852 ], [ 84.420324432840928, 27.741424172839118 ], [ 84.420455615338369, 27.74167814562016 ], [ 84.421568674396397, 27.743168975439406 ], [ 84.421796577724706, 27.743385897475012 ], [ 84.422091297423563, 27.743525228868112 ], [ 84.422420897127637, 27.743571871615313 ], [ 84.424177492252014, 27.743559966564415 ], [ 84.425210432241812, 27.743937336947269 ], [ 84.426432161155503, 27.744383665769096 ], [ 84.426772269438032, 27.744450380951982 ], [ 84.427117686956024, 27.744410758473006 ], [ 84.429062665154149, 27.743873865716694 ], [ 84.429142042704242, 27.743848691122615 ], [ 84.430553136412229, 27.74334141118986 ], [ 84.432660253754335, 27.743294409171092 ], [ 84.434358795224909, 27.743700357493886 ], [ 84.435608578107505, 27.744207773023245 ], [ 84.43715890686866, 27.745190949280424 ], [ 84.4385300978403, 27.747450918807395 ], [ 84.438577767612188, 27.747521563076909 ], [ 84.440342382403117, 27.749884817725281 ], [ 84.441100518739034, 27.75115569427733 ], [ 84.441225918893153, 27.751319471006163 ], [ 84.443902217450315, 27.754100418114646 ], [ 84.44498479519477, 27.755734707137353 ], [ 84.446029188719365, 27.757435595018162 ], [ 84.446119856676077, 27.757558317287391 ], [ 84.446720087132562, 27.758242156536156 ], [ 84.446832368652551, 27.758350516271797 ], [ 84.448481393802197, 27.75970155329097 ], [ 84.44856366621336, 27.759762153611 ], [ 84.449804964720741, 27.760582398628184 ], [ 84.450096116439298, 27.760716122159181 ], [ 84.451292471633394, 27.761062109026945 ], [ 84.451584962159401, 27.761106109484182 ], [ 84.453404822331308, 27.761139658962893 ], [ 84.453461882059671, 27.761139282035789 ], [ 84.455452051311738, 27.761076276109279 ], [ 84.455564705388838, 27.761067091944518 ], [ 84.457222374271808, 27.760848437328093 ], [ 84.457569585981403, 27.760742942426507 ], [ 84.458950670279563, 27.760054032281133 ], [ 84.460406581754029, 27.759557324977369 ], [ 84.460515505843944, 27.759513446219444 ], [ 84.461591555876595, 27.759009963829236 ], [ 84.461807103140472, 27.758874606845765 ], [ 84.462549484645507, 27.758265320452917 ], [ 84.462633282321718, 27.758187825584869 ], [ 84.463232803241695, 27.757562749598858 ], [ 84.464163363512597, 27.757266791852082 ], [ 84.464207601111042, 27.757251676096004 ], [ 84.465959004186317, 27.756611046644263 ], [ 84.466246456400768, 27.75645144241048 ], [ 84.467387673434274, 27.755550437138044 ], [ 84.467459662285677, 27.755487637986391 ], [ 84.468287259836259, 27.754690100402065 ], [ 84.468787293763512, 27.754351975373471 ], [ 84.46919730890987, 27.754337395451255 ], [ 84.469277168042709, 27.754362712954883 ], [ 84.469613358678359, 27.754687372957466 ], [ 84.469815983855, 27.755250647342326 ], [ 84.469838788752142, 27.756213524756728 ], [ 84.469165335719595, 27.759088610310396 ], [ 84.468564585009631, 27.760436389502644 ], [ 84.466144103090357, 27.764693021937269 ], [ 84.464253716060455, 27.76692471653795 ], [ 84.463290439284265, 27.767635410037702 ], [ 84.46313929250968, 27.767773714570293 ], [ 84.461758293145067, 27.769343022738266 ], [ 84.461650712140752, 27.769494003334966 ], [ 84.460813381528013, 27.770976091933019 ], [ 84.459411584965991, 27.772279180458732 ], [ 84.457525381091656, 27.773271476916484 ], [ 84.455785815102061, 27.774151951224304 ], [ 84.453486918286075, 27.775251421617611 ], [ 84.450500958934185, 27.775997886890803 ], [ 84.448088131109913, 27.776313925837037 ], [ 84.445360304932152, 27.776554055286585 ], [ 84.442587152795355, 27.776527168394257 ], [ 84.442476964110554, 27.776531433421418 ], [ 84.439417210342285, 27.776798663555233 ], [ 84.439273636925549, 27.776820550373188 ], [ 84.43738701991181, 27.777234059632459 ], [ 84.437004688097034, 27.777399495719585 ], [ 84.435295945953541, 27.778588684879878 ], [ 84.435127205840402, 27.778737569736116 ], [ 84.434206580141137, 27.779766960869885 ], [ 84.434152647087771, 27.77983322312592 ], [ 84.433250585056072, 27.781054469679802 ], [ 84.43186727437373, 27.782617466462138 ], [ 84.431715077652626, 27.782857469130956 ], [ 84.431018449751221, 27.784502488052418 ], [ 84.429513548696406, 27.787304753836171 ], [ 84.429505086506836, 27.787320919572178 ], [ 84.428359567918008, 27.78956697763337 ], [ 84.428269751026548, 27.789904605782674 ], [ 84.428208903753685, 27.791298785902487 ], [ 84.428147454537509, 27.792718153309515 ], [ 84.428147007519783, 27.792774939873819 ], [ 84.4281772100734, 27.793871819638738 ], [ 84.428229527612558, 27.794136503225168 ], [ 84.428367207038576, 27.794375733489805 ], [ 84.428913933118736, 27.795053091980598 ], [ 84.428924583745541, 27.796609938890512 ], [ 84.428944330032195, 27.796781653852207 ], [ 84.429186547574403, 27.797856752909144 ], [ 84.429293605657634, 27.799003127727701 ], [ 84.429297240018386, 27.799035118880237 ], [ 84.429471960292545, 27.800340064770342 ], [ 84.429164449141425, 27.802208868130418 ], [ 84.42915380464521, 27.802331069340365 ], [ 84.429131366619799, 27.804473451680927 ], [ 84.429146654227381, 27.80463808754665 ], [ 84.429543357026205, 27.806643930339483 ], [ 84.429781812193852, 27.80827292699049 ], [ 84.429809005260438, 27.808393622424955 ], [ 84.430261475245771, 27.809870262025917 ], [ 84.430522608423431, 27.811441556056291 ], [ 84.430542084185433, 27.811528767291055 ], [ 84.430852405680753, 27.812630860232144 ], [ 84.430852815666256, 27.812632311084592 ], [ 84.431215059769841, 27.813909783895248 ], [ 84.431323210963654, 27.814144890435394 ], [ 84.43150079369677, 27.814343866510796 ], [ 84.432407574393551, 27.815108228111239 ], [ 84.432525280272813, 27.815193523342256 ], [ 84.433768213161542, 27.815964130028508 ], [ 84.433834398191138, 27.816001861457408 ], [ 84.435218579752657, 27.816725249728989 ], [ 84.435608966825754, 27.816842905119906 ], [ 84.437073713913406, 27.817002894434321 ], [ 84.43798819306835, 27.817430877250104 ], [ 84.439126392623351, 27.818463542537426 ], [ 84.439998401314355, 27.819457715194684 ], [ 84.440608715280106, 27.820430688223563 ], [ 84.440664314183977, 27.820509478581691 ], [ 84.441861831243202, 27.822026666260836 ], [ 84.442010765288614, 27.822176710883966 ], [ 84.443249836444622, 27.823175703460961 ], [ 84.444020832254267, 27.823890334645807 ], [ 84.444230016049204, 27.824038863498771 ], [ 84.444475613921298, 27.824133580957952 ], [ 84.445645778473718, 27.824429329154995 ], [ 84.445745751043432, 27.824449802001574 ], [ 84.446639281728196, 27.824590922296519 ], [ 84.447067900582226, 27.824576753733471 ], [ 84.448589397280614, 27.82423115028147 ], [ 84.448763538197397, 27.824176150140779 ], [ 84.449817723324969, 27.823743426630834 ], [ 84.451447072779601, 27.823254756195492 ], [ 84.453405366112449, 27.822827377414306 ], [ 84.45352507609843, 27.822794155927443 ], [ 84.454570301474703, 27.822439693853031 ], [ 84.454871643438963, 27.82227973951613 ], [ 84.45572773742596, 27.82162278128483 ], [ 84.455798329431545, 27.82156311845387 ], [ 84.456230584461025, 27.821160943943706 ], [ 84.457441555587053, 27.820877330360268 ], [ 84.45998726852882, 27.820707847558072 ], [ 84.460007308042677, 27.820706335505196 ], [ 84.462669694174679, 27.820481773015253 ], [ 84.464198926691751, 27.820367016570707 ], [ 84.464536223968395, 27.820380718547263 ], [ 84.464651457418597, 27.820718978001022 ], [ 84.464647056588078, 27.821861904194666 ], [ 84.464122740484882, 27.823065751815918 ], [ 84.464054500049912, 27.823372835585261 ], [ 84.46402959755541, 27.824443791987051 ], [ 84.464072806114345, 27.824723512428388 ], [ 84.464211165126102, 27.824977655038285 ], [ 84.464431120201994, 27.825181321351153 ], [ 84.464711122216883, 27.825314557663567 ], [ 84.465740716430446, 27.825632471841818 ], [ 84.466135257856223, 27.825680735943799 ], [ 84.467510292171639, 27.825606314402396 ], [ 84.467559775238058, 27.825602553480699 ], [ 84.469264920445156, 27.825435480677285 ], [ 84.471222180366652, 27.825272883835556 ], [ 84.471273916103485, 27.825267391006001 ], [ 84.472623240003799, 27.82509278002712 ], [ 84.472643490302275, 27.825089973487852 ], [ 84.474433243703871, 27.824825423657344 ], [ 84.475710781741611, 27.824660071672234 ], [ 84.476966351231141, 27.82463555738244 ], [ 84.477347769600058, 27.824561300303767 ], [ 84.479383822160514, 27.823776256305869 ], [ 84.479463418940654, 27.823741823338803 ], [ 84.480815678923349, 27.823090504967027 ], [ 84.481960216603227, 27.822788621284847 ], [ 84.4835579777004, 27.822608730904438 ], [ 84.484939688223022, 27.822537689376155 ], [ 84.4866355098833, 27.822494483244416 ], [ 84.486742507740956, 27.822486705026293 ], [ 84.487641834901851, 27.822378497788414 ], [ 84.487664149591453, 27.822375587905306 ], [ 84.489547989239043, 27.822110871218751 ], [ 84.489879877089479, 27.822009620782552 ], [ 84.490924434629406, 27.821497031370022 ], [ 84.491716464791239, 27.821173225083591 ], [ 84.49273490526123, 27.820991344871338 ], [ 84.493631662609772, 27.821043117339666 ], [ 84.4947338619547, 27.821590317631465 ], [ 84.494957059632497, 27.821671901386221 ], [ 84.49615538534097, 27.821967736787901 ], [ 84.496382007225236, 27.821999741252746 ], [ 84.497558041293431, 27.822045990600934 ], [ 84.497918459030529, 27.822002127358999 ], [ 84.49952015396525, 27.82153608167085 ], [ 84.501307683771486, 27.821331882448675 ], [ 84.501440937720048, 27.821308510330827 ], [ 84.503385330006054, 27.820845361843539 ], [ 84.503429419527976, 27.820833902404154 ], [ 84.504921698822585, 27.820413204987965 ], [ 84.506103530131867, 27.820086535369292 ], [ 84.506377912576937, 27.819967992379798 ], [ 84.507998045743349, 27.818975657835026 ], [ 84.5082755582972, 27.818721079912681 ], [ 84.508654836692088, 27.818197240688548 ], [ 84.509302943175044, 27.817715578576276 ], [ 84.510375815391129, 27.817314602215458 ], [ 84.51175977714783, 27.816970203211884 ], [ 84.512966473355249, 27.816782332211066 ], [ 84.514811621799467, 27.817079018234246 ], [ 84.516542850975668, 27.817591822446492 ], [ 84.517166480496343, 27.818221826060064 ], [ 84.517730378895493, 27.819322875538809 ], [ 84.518219914207222, 27.820541937938785 ], [ 84.518243481424307, 27.820595221570002 ], [ 84.518885534719331, 27.821921614192782 ], [ 84.519142554226249, 27.822743312295497 ], [ 84.519128162672217, 27.82451203805832 ], [ 84.519046347492093, 27.825750503305095 ], [ 84.518819319044624, 27.827283810749734 ], [ 84.518813629020087, 27.827332357286767 ], [ 84.518699542626308, 27.828650916541307 ], [ 84.518696761518527, 27.828701856859485 ], [ 84.518673523379761, 27.829723043418578 ], [ 84.51869663168479, 27.82993355721975 ], [ 84.519132682535499, 27.831710518947713 ], [ 84.519220473661179, 27.831928672508951 ], [ 84.51936787588096, 27.83211975128269 ], [ 84.520491669702082, 27.83323631010607 ], [ 84.520575205273119, 27.833310186040663 ], [ 84.521676667723213, 27.834177162848203 ], [ 84.522073431155818, 27.834369867711128 ], [ 84.523996500967115, 27.83485290712029 ], [ 84.524194088734575, 27.834884201989997 ], [ 84.526153110886028, 27.835019015904681 ], [ 84.526210958464645, 27.83502152280645 ], [ 84.528368375935614, 27.835060194004413 ], [ 84.52841446622908, 27.835060089097713 ], [ 84.530882348182672, 27.83500461395688 ], [ 84.531045708329302, 27.834989114406707 ], [ 84.532114921716058, 27.834808908020008 ], [ 84.532227354746027, 27.834783971535302 ], [ 84.532819688080352, 27.834620145223912 ], [ 84.533096741764524, 27.834499915641853 ], [ 84.533240379412405, 27.834411310382961 ], [ 84.533842180627431, 27.834527614412362 ], [ 84.533967595409408, 27.834544637039169 ], [ 84.535212893925916, 27.834643375624694 ], [ 84.536218557187908, 27.834813013805181 ], [ 84.536240338177691, 27.834816469559971 ], [ 84.537355114283031, 27.834982207824343 ], [ 84.537444279873171, 27.834991880803965 ], [ 84.53848661673652, 27.835063513899733 ], [ 84.538574301429321, 27.835066157959954 ], [ 84.539588619681496, 27.835057737491997 ], [ 84.539707090017131, 27.835050577338784 ], [ 84.540619147966737, 27.834947522247301 ], [ 84.540732947218487, 27.834928748602149 ], [ 84.541825840272423, 27.834690425379709 ], [ 84.542318120738614, 27.834611987451972 ], [ 84.542724560237843, 27.834460855253656 ], [ 84.543506748251716, 27.833969683422591 ], [ 84.544275101752945, 27.83366272956831 ], [ 84.544448232997212, 27.833574431870787 ], [ 84.544709526078549, 27.833408825737404 ], [ 84.545077214183266, 27.833334027867387 ], [ 84.545327580419766, 27.833251011243714 ], [ 84.545629510150391, 27.833108170298129 ], [ 84.54606068590617, 27.83319284012882 ], [ 84.54624536961488, 27.833213562153144 ], [ 84.547164752081571, 27.833241115056541 ], [ 84.547955788902399, 27.833467497754317 ], [ 84.549068157963063, 27.833992823474745 ], [ 84.5503384006077, 27.834698882478712 ], [ 84.551430414599238, 27.835374432127782 ], [ 84.552236867139584, 27.835890257710936 ], [ 84.552991997247517, 27.836421371171816 ], [ 84.553108901343165, 27.836492395674892 ], [ 84.554344669390218, 27.837135598825022 ], [ 84.554727713788537, 27.837802169916969 ], [ 84.55476805281522, 27.837865858390845 ], [ 84.555391184990185, 27.838762634027159 ], [ 84.555525073956503, 27.839353601409762 ], [ 84.555571702940753, 27.840293282534809 ], [ 84.555594936138419, 27.840449434226546 ], [ 84.556219092761452, 27.842943255908843 ], [ 84.55621934118119, 27.84294424578529 ], [ 84.556519735226516, 27.844138103475757 ], [ 84.556654933812268, 27.844890030999416 ], [ 84.556901658880861, 27.84654649277039 ], [ 84.556797499935811, 27.847298436839672 ], [ 84.556644833114291, 27.84821681284091 ], [ 84.555958735316509, 27.849596244343129 ], [ 84.555922633468768, 27.849679811832186 ], [ 84.555447623813279, 27.850966807880713 ], [ 84.555397107013789, 27.851257016679753 ], [ 84.55542408462604, 27.853657015465718 ], [ 84.555447656292088, 27.853841496527462 ], [ 84.555733613957059, 27.854998850412219 ], [ 84.556000697233074, 27.85705544130311 ], [ 84.55607400572687, 27.857303046673827 ], [ 84.556222631815913, 27.857522374241285 ], [ 84.556811279507272, 27.858163437473028 ], [ 84.556131536822917, 27.85832581601148 ], [ 84.555834563141772, 27.858444874207493 ], [ 84.555595325859656, 27.858641417931644 ], [ 84.555438471850806, 27.858895198930615 ], [ 84.555380161037661, 27.859180072483031 ], [ 84.555426401407345, 27.859466690267539 ], [ 84.555572429808464, 27.859725524221147 ], [ 84.555803202768601, 27.859929908205235 ], [ 84.556438204433945, 27.860334911037491 ], [ 84.556709284106844, 27.860457888470211 ], [ 84.55700919949436, 27.860503914035732 ], [ 84.55821720951306, 27.860525914857007 ], [ 84.558586493312333, 27.860471268386821 ], [ 84.558908370252908, 27.860301366215577 ], [ 84.559815889994255, 27.859591932556967 ], [ 84.560316624087179, 27.859337837512388 ], [ 84.566584865349611, 27.859906917583395 ], [ 84.571018237878448, 27.861647918864012 ], [ 84.572273297534352, 27.862296879430627 ], [ 84.573344138076763, 27.86332485612143 ], [ 84.573455505892966, 27.863416865537143 ], [ 84.575030508392899, 27.86453487295811 ], [ 84.575134011087115, 27.864599388070069 ], [ 84.575945420807102, 27.865040839336601 ], [ 84.57622295833059, 27.865665866129845 ], [ 84.57608934117944, 27.866523572843214 ], [ 84.575625692545103, 27.86709083659926 ], [ 84.57544638900518, 27.867469086708969 ], [ 84.575248380109699, 27.868499084752482 ], [ 84.575236356883053, 27.868588052952141 ], [ 84.575124343766575, 27.870011051372593 ], [ 84.575160314570681, 27.870319918942197 ], [ 84.575688300299987, 27.871975921709588 ], [ 84.575802969170468, 27.872206427721064 ], [ 84.575984919573386, 27.872399749195093 ], [ 84.578356920469744, 27.874301760852074 ], [ 84.578411937101109, 27.874342831744556 ], [ 84.580312940617631, 27.875662840481429 ], [ 84.580416344343959, 27.875725903597242 ], [ 84.582090350910192, 27.876616910372448 ], [ 84.582173750550297, 27.876656727109417 ], [ 84.583607809636291, 27.877266586424206 ], [ 84.585781769839969, 27.879266716137138 ], [ 84.585895750665927, 27.87935690655743 ], [ 84.587084753154841, 27.880163911982311 ], [ 84.5871678221731, 27.880214693675949 ], [ 84.588914828734985, 27.881172700829545 ], [ 84.589162318919279, 27.88127066572773 ], [ 84.589430155401203, 27.881306978665599 ], [ 84.590967168095361, 27.881330979624614 ], [ 84.59126109120038, 27.881297120124923 ], [ 84.591531483981157, 27.881189274998331 ], [ 84.593966495634334, 27.87980726608637 ], [ 84.594098864101511, 27.879717770954205 ], [ 84.596360246311676, 27.877910608732396 ], [ 84.596839961327149, 27.877632879308244 ], [ 84.597447280230355, 27.877697909622686 ], [ 84.599054981907955, 27.878257070352131 ], [ 84.599364813721891, 27.878317536882786 ], [ 84.599680521976012, 27.878290081958241 ], [ 84.601307534546876, 27.877914079752198 ], [ 84.601522940378047, 27.87784018921942 ], [ 84.604838959920571, 27.87629717906416 ], [ 84.605135481133431, 27.876088517826989 ], [ 84.606124480192008, 27.875073512263228 ], [ 84.606288516867025, 27.874841646731671 ], [ 84.606366696402787, 27.874576725378915 ], [ 84.606475908071033, 27.873647619154259 ], [ 84.606863961501645, 27.873435476026103 ], [ 84.608495450578047, 27.872949239458258 ], [ 84.60940258457903, 27.873085781624546 ], [ 84.611768966996493, 27.87385071227741 ], [ 84.612596335374676, 27.874441782923142 ], [ 84.61261381323115, 27.876581550988359 ], [ 84.612650233064613, 27.8768145560127 ], [ 84.613132219574993, 27.878369558595658 ], [ 84.613224239067975, 27.878569247366435 ], [ 84.614096230364808, 27.879959252342996 ], [ 84.614268514273832, 27.880160910672469 ], [ 84.614497075641395, 27.880312087600224 ], [ 84.614763911697366, 27.880400875216448 ], [ 84.615611781988662, 27.880567379063773 ], [ 84.616637878218384, 27.881215350974838 ], [ 84.616743098593219, 27.881273549158902 ], [ 84.618714107614636, 27.882220556659586 ], [ 84.61893857931824, 27.882299420242688 ], [ 84.619177658786739, 27.882328969604991 ], [ 84.620595670447102, 27.882352970488515 ], [ 84.620808530072267, 27.882336592493925 ], [ 84.623526551987553, 27.881867590070673 ], [ 84.623831313905598, 27.881767994608786 ], [ 84.626374327840537, 27.88049498635624 ], [ 84.626537424272115, 27.880393415365912 ], [ 84.628373428599744, 27.878992406807857 ], [ 84.628566901547401, 27.878794587707635 ], [ 84.628688220676025, 27.878555701010885 ], [ 84.628965213919699, 27.877693698680684 ], [ 84.628999729358, 27.877530860980755 ], [ 84.629303703306903, 27.874671857138217 ], [ 84.629273605387752, 27.8743534915852 ], [ 84.629120522723255, 27.87406441249394 ], [ 84.628745734931769, 27.873595762345129 ], [ 84.628722126052338, 27.873159767954341 ], [ 84.628949245727753, 27.872769155994156 ], [ 84.630914946120598, 27.871512698978595 ], [ 84.634326571178448, 27.870724085799019 ], [ 84.634523335884168, 27.870658636801409 ], [ 84.635303340555822, 27.870313634600961 ], [ 84.635560249100308, 27.87015144590244 ], [ 84.63574880887991, 27.86992705802388 ], [ 84.635850849626379, 27.869662094526053 ], [ 84.636038841383325, 27.868711092579403 ], [ 84.636052080299379, 27.868497402953814 ], [ 84.636008306131771, 27.868286954808145 ], [ 84.635176449582787, 27.865911236677576 ], [ 84.635159963208906, 27.865068364859368 ], [ 84.635313938007457, 27.863642382448798 ], [ 84.635908581023983, 27.86188094336865 ], [ 84.636564830229204, 27.861543756535291 ], [ 84.639015210601826, 27.861330000536771 ], [ 84.640706930031627, 27.861632907984756 ], [ 84.642235783354309, 27.862422908244262 ], [ 84.64254715411704, 27.862527669527072 ], [ 84.644220166826827, 27.862824672734451 ], [ 84.644553118621545, 27.862834239581183 ], [ 84.647406142092265, 27.862496238294408 ], [ 84.647536028677848, 27.862473099184118 ], [ 84.649637044816473, 27.86197009617802 ], [ 84.649914820765758, 27.861861889191857 ], [ 84.650144228630879, 27.86168558037048 ], [ 84.651105227544576, 27.860687574966512 ], [ 84.65126556852104, 27.860459346707444 ], [ 84.651827561135306, 27.859305342410718 ], [ 84.651905512114695, 27.859041289836554 ], [ 84.651891026078133, 27.858768603819136 ], [ 84.651785430297821, 27.858512253087873 ], [ 84.651311425387377, 27.857746255801462 ], [ 84.651219802785363, 27.857623225819403 ], [ 84.649163794472742, 27.855300237150967 ], [ 84.649112372433805, 27.855246588785025 ], [ 84.648388192727751, 27.8545482515431 ], [ 84.648359137576634, 27.854403534480667 ], [ 84.648576293690851, 27.854242575359027 ], [ 84.649420572147989, 27.854007929815197 ], [ 84.651838688398357, 27.853799617873555 ], [ 84.655700226393563, 27.853836104484209 ], [ 84.656107813342501, 27.853764358084288 ], [ 84.658679830559848, 27.852793351793689 ], [ 84.658940862578021, 27.852650017725836 ], [ 84.66079286722281, 27.8512490091384 ], [ 84.66100564616535, 27.851025725611919 ], [ 84.661961639834871, 27.849607719266977 ], [ 84.662053542913284, 27.849430240696282 ], [ 84.662519533656791, 27.848192236952681 ], [ 84.662562369921744, 27.848029818199041 ], [ 84.662787320936815, 27.846586688646834 ], [ 84.663191781294017, 27.845651200867529 ], [ 84.663969701054341, 27.844640354983568 ], [ 84.664070735529776, 27.84447397583342 ], [ 84.665546714234935, 27.84128196450165 ], [ 84.665619525470163, 27.841012629534774 ], [ 84.665596974624336, 27.840736353367873 ], [ 84.664894309008361, 27.838026724625841 ], [ 84.664829069856964, 27.836567185234827 ], [ 84.664817924569732, 27.836464992108301 ], [ 84.664607913478847, 27.835258992868603 ], [ 84.664541987914163, 27.835050434732434 ], [ 84.664087980538639, 27.834080437296393 ], [ 84.664033124150251, 27.833980946025253 ], [ 84.663204293809329, 27.832685623503057 ], [ 84.662799969078037, 27.831532061615039 ], [ 84.662559788703632, 27.829894341486213 ], [ 84.662691426503713, 27.829549528014049 ], [ 84.664545463550411, 27.828336624360151 ], [ 84.664613137619924, 27.828288250303942 ], [ 84.666924142717448, 27.82648623945428 ], [ 84.667084958763141, 27.82632710029096 ], [ 84.668525953030169, 27.82450609134003 ], [ 84.668625280203173, 27.824349409267278 ], [ 84.669186272883323, 27.823212405089826 ], [ 84.669271549924275, 27.822867669939107 ], [ 84.669295539866908, 27.821778669171188 ], [ 84.669265886672108, 27.821543801646374 ], [ 84.668809768763936, 27.819908965604995 ], [ 84.669098765246687, 27.819518339210582 ], [ 84.670689217658889, 27.818508294961049 ], [ 84.673476336100421, 27.81824720099706 ], [ 84.673855304624439, 27.818142294048613 ], [ 84.674906836601224, 27.817633131335732 ], [ 84.677591635614561, 27.816892663322154 ], [ 84.67799203708725, 27.816683234537848 ], [ 84.679122604648001, 27.81572261269698 ], [ 84.681082738319276, 27.814868026058889 ], [ 84.681346278264584, 27.814702273716101 ], [ 84.684285009245784, 27.812140959720811 ], [ 84.684995206210345, 27.811840759013982 ], [ 84.688634708508346, 27.811511542841885 ], [ 84.688705995851109, 27.811502812862031 ], [ 84.691393556241394, 27.811086835531462 ], [ 84.694217819946502, 27.810815976176862 ], [ 84.694543836249593, 27.81073413108513 ], [ 84.696701623195878, 27.809824051763414 ], [ 84.701175289587084, 27.809179199490391 ], [ 84.704361732416245, 27.808984051855905 ], [ 84.704452940365911, 27.808974763185731 ], [ 84.706468956845043, 27.808686761869644 ], [ 84.70662306676283, 27.808653587104242 ], [ 84.70848208050046, 27.808113583705797 ], [ 84.708805217961469, 27.807957351596503 ], [ 84.709044481433054, 27.807708949963171 ], [ 84.709738476479103, 27.806645945210089 ], [ 84.709872449570824, 27.806264183778829 ], [ 84.710047431668627, 27.804298181379767 ], [ 84.710042982063811, 27.804116696727352 ], [ 84.709894832907381, 27.80304731967561 ], [ 84.710290892404217, 27.802482047842005 ], [ 84.711645690303314, 27.801904676974917 ], [ 84.713742150050095, 27.801954412672707 ], [ 84.714685844585489, 27.80277785702436 ], [ 84.715686276106666, 27.803989067362544 ], [ 84.715892049537018, 27.804174614333093 ], [ 84.717348052650138, 27.805153620923857 ], [ 84.717585652835893, 27.805272538675304 ], [ 84.717850286635127, 27.80533090201904 ], [ 84.7181228435701, 27.805324496237976 ], [ 84.718862849524868, 27.805217495660767 ], [ 84.719076152874251, 27.805164900010549 ], [ 84.72035516170736, 27.804710897073644 ], [ 84.720607845009624, 27.804581008076944 ], [ 84.720808489563041, 27.804392530110835 ], [ 84.721798792654624, 27.803142308044265 ], [ 84.723208975781645, 27.802445404108294 ], [ 84.728039716733178, 27.801289187133222 ], [ 84.728384741769077, 27.801139759291978 ], [ 84.728642667432524, 27.800887062613182 ], [ 84.730093658271485, 27.798767052987778 ], [ 84.730132948647764, 27.798704122407301 ], [ 84.730725642396806, 27.797658581785935 ], [ 84.731570255679316, 27.797577745835042 ], [ 84.733491365547025, 27.797952108865378 ], [ 84.734752672640198, 27.798797410603683 ], [ 84.735237609528212, 27.800309360408196 ], [ 84.735513533581781, 27.802740594293898 ], [ 84.735643487191396, 27.803099794190842 ], [ 84.736619478106263, 27.804608799767674 ], [ 84.736832996284534, 27.804839623189956 ], [ 84.737119604841055, 27.804995752923084 ], [ 84.739384618456924, 27.805807759976439 ], [ 84.739743844205037, 27.80587302485511 ], [ 84.744390228222414, 27.80595503884777 ], [ 84.745902110470823, 27.807011403601358 ], [ 84.746144795795871, 27.807137023414231 ], [ 84.746416910305072, 27.807198683764128 ], [ 84.746697610517145, 27.807191661597177 ], [ 84.748412624455483, 27.806934660365975 ], [ 84.748545756175446, 27.806906383912533 ], [ 84.750212403042809, 27.806444741487823 ], [ 84.75103699791562, 27.80679560475777 ], [ 84.753350442996833, 27.808206661458708 ], [ 84.754561358555733, 27.809285141872376 ], [ 84.754871337672483, 27.810344643683276 ], [ 84.754815411964046, 27.813596206801094 ], [ 84.754817017178837, 27.813662571904903 ], [ 84.75489900561297, 27.81491157184222 ], [ 84.754949088325333, 27.815143598434357 ], [ 84.755065203819754, 27.815356108764771 ], [ 84.755239389683638, 27.815534529561805 ], [ 84.757409390975823, 27.817242540219002 ], [ 84.757448684689507, 27.81727192506985 ], [ 84.760198689257322, 27.819224937876839 ], [ 84.760574348370426, 27.819392645431723 ], [ 84.764529376717718, 27.820315654381318 ], [ 84.764861915954185, 27.820342751310182 ], [ 84.765186342496335, 27.820272415349041 ], [ 84.767351356901997, 27.819448409968331 ], [ 84.767620733032246, 27.819297591021478 ], [ 84.769421736926162, 27.817894582606296 ], [ 84.769617260532058, 27.817688790719995 ], [ 84.7710552517118, 27.815610781192358 ], [ 84.771183620260473, 27.815325311629746 ], [ 84.771196726994845, 27.81501809213162 ], [ 84.770981747873876, 27.813592676135958 ], [ 84.771144391942713, 27.81250831745 ], [ 84.771750357282698, 27.811656879526591 ], [ 84.773950440755996, 27.810216473434359 ], [ 84.774664004835415, 27.810365226836371 ], [ 84.775072834917964, 27.810960955831924 ], [ 84.775220202810615, 27.811127805936977 ], [ 84.778490200187974, 27.814045822705808 ], [ 84.778701075441845, 27.814190056469265 ], [ 84.778946868449921, 27.81428059696561 ], [ 84.780105180791807, 27.814555990094057 ], [ 84.780125399805442, 27.814670271459825 ], [ 84.779737673676536, 27.815854908276556 ], [ 84.779697319732421, 27.816117067067328 ], [ 84.779744241011997, 27.816378360185894 ], [ 84.779874402415786, 27.816616313153837 ], [ 84.780076608682194, 27.816810458828012 ], [ 84.780333467676044, 27.816944097978052 ], [ 84.781452474485334, 27.817344101353807 ], [ 84.781745450710758, 27.817406009871647 ], [ 84.782045961224583, 27.817388746130156 ], [ 84.782327540637596, 27.817293830517844 ], [ 84.782565391164709, 27.817129621964881 ], [ 84.78416652695104, 27.815636658287431 ], [ 84.787784937971153, 27.815926584686501 ], [ 84.787975912761226, 27.815925840934149 ], [ 84.789805927803869, 27.815764840552273 ], [ 84.790098043925127, 27.815699170592374 ], [ 84.790355593706749, 27.815560129444663 ], [ 84.790555869134081, 27.815359976277772 ], [ 84.791391786484397, 27.814220726294735 ], [ 84.792511567639039, 27.813996522306482 ], [ 84.794035196645154, 27.814478269748754 ], [ 84.795272212507825, 27.815049640945851 ], [ 84.795475952015806, 27.815120148068502 ], [ 84.797712967967172, 27.815656153292046 ], [ 84.797808893634709, 27.81567476300528 ], [ 84.80039356298235, 27.816060781037454 ], [ 84.801462487169445, 27.816425357270205 ], [ 84.803763365573843, 27.817939248485782 ], [ 84.804023054966933, 27.818062827946573 ], [ 84.806018067760988, 27.818701833602052 ], [ 84.806315513533207, 27.818754286224923 ], [ 84.809259537616185, 27.818874288595264 ], [ 84.809611196429856, 27.818833463772297 ], [ 84.80992557941002, 27.818687546147657 ], [ 84.810742582170604, 27.818127542675022 ], [ 84.810968081717391, 27.81791248378611 ], [ 84.811103835413192, 27.817644381651654 ], [ 84.811317965933867, 27.816926822409535 ], [ 84.81149341134396, 27.81671964569362 ], [ 84.812327156571698, 27.816143451510001 ], [ 84.813572097599234, 27.815556680698371 ], [ 84.816861433987867, 27.814304399800104 ], [ 84.817107750266274, 27.814170973318472 ], [ 84.817301894938751, 27.813981318250772 ], [ 84.818335890106695, 27.81262531176883 ], [ 84.81846894500633, 27.812375237670889 ], [ 84.818510526142418, 27.812101073148369 ], [ 84.818482441043429, 27.810844788449128 ], [ 84.819070016745869, 27.809477106845392 ], [ 84.81987677032383, 27.809195302645168 ], [ 84.820897133685236, 27.809264255360599 ], [ 84.820893871348829, 27.809436306809733 ], [ 84.820473779584077, 27.811445313123251 ], [ 84.81978336429512, 27.813458890833065 ], [ 84.819740544798137, 27.813767438679779 ], [ 84.819818053637448, 27.814070591984148 ], [ 84.820528042357296, 27.815577596109652 ], [ 84.820548510372461, 27.815618200569325 ], [ 84.82203549102536, 27.818383209236764 ], [ 84.822175741523353, 27.818576180878232 ], [ 84.822366265032628, 27.818731400382241 ], [ 84.824223270294084, 27.819895408528591 ], [ 84.824577969060314, 27.82003675669624 ], [ 84.827385989829054, 27.820617762565806 ], [ 84.827687299815906, 27.820639013591926 ], [ 84.827982284620873, 27.82058042204358 ], [ 84.829807297259876, 27.819952417965489 ], [ 84.829994533458532, 27.819867204189077 ], [ 84.832334544187532, 27.818513195497271 ], [ 84.832501541972078, 27.818392325615481 ], [ 84.836165544425882, 27.815107306752466 ], [ 84.836316087348123, 27.814934810112174 ], [ 84.836415618411181, 27.814735211192485 ], [ 84.836757610624502, 27.81373820829776 ], [ 84.836799729131045, 27.813418107421363 ], [ 84.836648499994197, 27.811290046076969 ], [ 84.837345393038177, 27.809296578953408 ], [ 84.838676857955647, 27.80807080482553 ], [ 84.838903860396982, 27.807744255190084 ], [ 84.83964084688489, 27.805887249342028 ], [ 84.839666885738097, 27.805811083459709 ], [ 84.840319394040762, 27.803548033208976 ], [ 84.841716357635377, 27.803272738336901 ], [ 84.843374685270433, 27.803533261447015 ], [ 84.84544094927638, 27.804378667850877 ], [ 84.847652255893124, 27.808427184487417 ], [ 84.847767991566371, 27.808591420098843 ], [ 84.848717987793947, 27.809663425362313 ], [ 84.848948495217755, 27.809853553235939 ], [ 84.849233392881246, 27.809971813387246 ], [ 84.849545327938259, 27.810006851681923 ], [ 84.851801346667244, 27.809946852245027 ], [ 84.852012105111939, 27.809921416370582 ], [ 84.856041946603085, 27.809044851926778 ], [ 84.859483550508045, 27.80866332641893 ], [ 84.859843394354428, 27.80856033319867 ], [ 84.861474403533052, 27.807770327981782 ], [ 84.861693945430645, 27.80762696957154 ], [ 84.863436947381487, 27.806129960840988 ], [ 84.863561688754345, 27.806000412260616 ], [ 84.864571998648628, 27.804724374214356 ], [ 84.865469285114543, 27.803792604824711 ], [ 84.866338407666021, 27.803344771949472 ], [ 84.867742056464422, 27.803403649415372 ], [ 84.869713305005376, 27.803789542717706 ], [ 84.870925986521229, 27.804435760414282 ], [ 84.869918220323058, 27.806086548645968 ], [ 84.869815999076039, 27.806335682726136 ], [ 84.86979965038833, 27.806600481336496 ], [ 84.869870587411754, 27.806858068197418 ], [ 84.87015758267718, 27.807483069854548 ], [ 84.870360488636919, 27.807762641017945 ], [ 84.870663558669264, 27.807957807495988 ], [ 84.873834575637758, 27.809289818356675 ], [ 84.874033052961096, 27.809351748020131 ], [ 84.874704057889957, 27.809493749428935 ], [ 84.874973949876093, 27.809517731216268 ], [ 84.875715062103097, 27.809495019067132 ], [ 84.877153067828601, 27.80980751421621 ], [ 84.878582323448796, 27.810273176110098 ], [ 84.879672935452831, 27.810793911517148 ], [ 84.880006423712928, 27.810891806226678 ], [ 84.882094440125272, 27.811162809412025 ], [ 84.882502435718393, 27.811141810867209 ], [ 84.883257441534667, 27.810962809731937 ], [ 84.88353279327599, 27.810856690019019 ], [ 84.883761194213093, 27.810683599816532 ], [ 84.884027884564532, 27.810411342201849 ], [ 84.884517524550532, 27.810363463759167 ], [ 84.884739298573393, 27.810384162959927 ], [ 84.885142736256597, 27.810727147725913 ], [ 84.885349993408639, 27.810863132147471 ], [ 84.885589080239924, 27.810948336621763 ], [ 84.88586208223154, 27.811011337249006 ], [ 84.886225893099819, 27.811035061357394 ], [ 84.887517903695681, 27.810911060962287 ], [ 84.887650443753216, 27.810890359873316 ], [ 84.893535489667144, 27.809608352217836 ], [ 84.89395520832926, 27.809416428206472 ], [ 84.894173398651873, 27.809249773322634 ], [ 84.894755557231704, 27.809011500493991 ], [ 84.896599431870527, 27.808980111071293 ], [ 84.896876306132484, 27.808940952757883 ], [ 84.897130562170659, 27.80883592291945 ], [ 84.898123576559911, 27.808265604019571 ], [ 84.898972318551387, 27.807978835906962 ], [ 84.899248057830292, 27.807967769635951 ], [ 84.90007088572375, 27.808168212770504 ], [ 84.900275060719295, 27.808198485284979 ], [ 84.902575468322667, 27.808327611286174 ], [ 84.904142918518446, 27.809044390023875 ], [ 84.90458999577055, 27.809144153401689 ], [ 84.906134008546374, 27.809167154327092 ], [ 84.906396982127802, 27.809140369576006 ], [ 84.906643218432748, 27.809054023195639 ], [ 84.908342227810422, 27.80821601772686 ], [ 84.908555099882548, 27.808075869225107 ], [ 84.90871992960956, 27.807891510349425 ], [ 84.909056927343642, 27.807392508064833 ], [ 84.909160859612001, 27.807181484413551 ], [ 84.909201306115492, 27.806953936445215 ], [ 84.909237295809106, 27.805840935625415 ], [ 84.909221409602253, 27.805753875585992 ], [ 84.910132233244923, 27.805767345516248 ], [ 84.911250693564583, 27.806329490891603 ], [ 84.911663751484213, 27.806443018424034 ], [ 84.91230975670868, 27.806492019114046 ], [ 84.91267791480746, 27.806459762550766 ], [ 84.913723922695198, 27.806190760796394 ], [ 84.914043146435503, 27.806050901550357 ], [ 84.914878149514891, 27.805504898121374 ], [ 84.915117628027502, 27.805283348566338 ], [ 84.915320627016726, 27.805016347279611 ], [ 84.915459733627841, 27.804745846174157 ], [ 84.915860777177045, 27.80342292233653 ], [ 84.916429745490802, 27.802489239384208 ], [ 84.918070782739704, 27.801674930968588 ], [ 84.919100016720833, 27.801368644029175 ], [ 84.919384967348506, 27.801236052530076 ], [ 84.9217266372777, 27.799681624764165 ], [ 84.923265825380696, 27.799144554451949 ], [ 84.924920066545553, 27.799505735489486 ], [ 84.926052617633886, 27.800110660667713 ], [ 84.926924874683252, 27.800809392631599 ], [ 84.927096350200401, 27.800920246930492 ], [ 84.930918790167865, 27.802884229584755 ], [ 84.933114002205045, 27.804935081747644 ], [ 84.933353193180579, 27.805100250362258 ], [ 84.935801204145307, 27.806319259724788 ], [ 84.936253629319495, 27.806433470162943 ], [ 84.937068636040678, 27.806464470794204 ], [ 84.937479331140906, 27.806404100291026 ], [ 84.938726631964684, 27.805973391198894 ], [ 84.93883950129397, 27.806000555466515 ], [ 84.939292878308322, 27.806548970360289 ], [ 84.939920189304956, 27.808071412491614 ], [ 84.939985628941088, 27.808198682843177 ], [ 84.942332605618915, 27.811960696583405 ], [ 84.942360902882172, 27.812003260263019 ], [ 84.944323887938793, 27.81477927156612 ], [ 84.94436292400745, 27.814830488769189 ], [ 84.945404918662945, 27.816101494598563 ], [ 84.94548710293283, 27.816189440766141 ], [ 84.946653101301465, 27.817287446837476 ], [ 84.946990930350509, 27.817497226673389 ], [ 84.948773940751408, 27.818177232333706 ], [ 84.94913832173502, 27.818249741228747 ], [ 84.950609333822214, 27.818295742174076 ], [ 84.951002446547506, 27.818238478870974 ], [ 84.953207963014208, 27.817500496689881 ], [ 84.953839214661201, 27.817770800453502 ], [ 84.955590549986866, 27.819231974932876 ], [ 84.955833729158641, 27.819382190162727 ], [ 84.956123730663791, 27.819510191120123 ], [ 84.956352177686981, 27.819582285136438 ], [ 84.956593338030899, 27.819604154802498 ], [ 84.959081358596364, 27.819564155551166 ], [ 84.959528634983855, 27.819463725073753 ], [ 84.960922643157588, 27.818823720806368 ], [ 84.961026599775664, 27.818768782230602 ], [ 84.963532610411278, 27.817257772552928 ], [ 84.963691736340436, 27.817138972145685 ], [ 84.965228736769973, 27.815728964101233 ], [ 84.965457930985565, 27.815398888508348 ], [ 84.966319643859279, 27.813208211249499 ], [ 84.966664303778458, 27.812645762105952 ], [ 84.966761018912464, 27.812739824924979 ], [ 84.967016184450301, 27.812919273092692 ], [ 84.967322102940031, 27.813017706046612 ], [ 84.96849211189047, 27.813213708141873 ], [ 84.968859321124768, 27.813215109517156 ], [ 84.969203050260276, 27.81310022349124 ], [ 84.969478291239156, 27.812884093313265 ], [ 84.970336289240421, 27.811912088233733 ], [ 84.970498865722107, 27.811645241139626 ], [ 84.971133853306114, 27.80998323607146 ], [ 84.971187326131954, 27.809665956788248 ], [ 84.971116934508061, 27.807578843092113 ], [ 84.97162924683235, 27.806788592083716 ], [ 84.972668647909657, 27.806290191936373 ], [ 84.972836033135678, 27.806189612839734 ], [ 84.973255034184703, 27.805879610896515 ], [ 84.973432465958766, 27.80570954144957 ], [ 84.973555268273529, 27.805504866255944 ], [ 84.973685266198885, 27.805198865271674 ], [ 84.973750255884056, 27.804852175706284 ], [ 84.973730119241964, 27.80427186998552 ], [ 84.973909505768987, 27.803230699903072 ], [ 84.974761143264189, 27.80295473491514 ], [ 84.976014757589098, 27.802764585425795 ], [ 84.977460426853369, 27.802836350745682 ], [ 84.978254266026838, 27.803036281321543 ], [ 84.97872537627623, 27.803346303022643 ], [ 84.978982008811528, 27.803468918827498 ], [ 84.979267244067401, 27.803521641432678 ], [ 84.979407883998689, 27.80352926666168 ], [ 84.979936973388192, 27.803747525536128 ], [ 84.980192722389774, 27.803818367815115 ], [ 84.98154959772063, 27.804024982622742 ], [ 84.981772873111254, 27.804153955732165 ], [ 84.982895924405213, 27.805129464980709 ], [ 84.983069058728432, 27.805250199762757 ], [ 84.985246067026239, 27.806454208591489 ], [ 84.985552342685665, 27.806566904540269 ], [ 84.987706358561823, 27.807011908960575 ], [ 84.988153322583372, 27.807014382151227 ], [ 84.989502333240367, 27.806751380615108 ], [ 84.989781030002476, 27.806657170834775 ], [ 84.990632034599813, 27.806233168075583 ], [ 84.990877162300166, 27.806062315547944 ], [ 84.992206336341781, 27.804798458137402 ], [ 84.992233582094698, 27.804781747389786 ], [ 84.993116234084042, 27.805055114186938 ], [ 84.993409934283918, 27.805104616399436 ], [ 84.996142956787892, 27.805200618355688 ], [ 84.996576617867447, 27.805130671979637 ], [ 84.998198628664341, 27.804523667924595 ], [ 84.998366160906258, 27.804443793178262 ], [ 84.999862204287368, 27.803560810276817 ], [ 85.001217380785249, 27.80341368589454 ], [ 85.002134853701406, 27.803707401597869 ], [ 85.00278495361394, 27.804691892602271 ], [ 85.00293413640658, 27.804865548439743 ], [ 85.003125893043432, 27.805002221423855 ], [ 85.005574902332583, 27.806350231309761 ], [ 85.005780826155558, 27.80643683677269 ], [ 85.006448830535362, 27.806639838541159 ], [ 85.00670619092071, 27.806686126174004 ], [ 85.007360637336362, 27.806726830178786 ], [ 85.010457520662328, 27.807871796660244 ], [ 85.011566358883442, 27.808510362110145 ], [ 85.011768532169484, 27.808587344412388 ], [ 85.011598830144962, 27.808638932014279 ], [ 85.011305211455749, 27.808865605608542 ], [ 85.011074210831154, 27.809128604289288 ], [ 85.01094944380128, 27.809312018367933 ], [ 85.010876852511743, 27.809516424981073 ], [ 85.010524838252664, 27.811172421706512 ], [ 85.010540690158066, 27.811569957080533 ], [ 85.011086674226078, 27.813411960142666 ], [ 85.011194889732906, 27.813641926109621 ], [ 85.011593344411949, 27.814239917980146 ], [ 85.011594506176166, 27.814352784926054 ], [ 85.011708680614007, 27.814636014206631 ], [ 85.012051975331843, 27.815179572699915 ], [ 85.012208925575592, 27.815366497353729 ], [ 85.01250492558988, 27.815637414915766 ], [ 85.012580476293394, 27.815823094376892 ], [ 85.012589297614213, 27.815859068395763 ], [ 85.012599456446736, 27.815896031708579 ], [ 85.012615022201814, 27.815946318232026 ], [ 85.012634927437858, 27.816004047244625 ], [ 85.01265462470441, 27.816055574003752 ], [ 85.012679061082252, 27.816113684099729 ], [ 85.012701262073207, 27.816162145644967 ], [ 85.012729788893054, 27.816219589054445 ], [ 85.012754944877074, 27.81626653506094 ], [ 85.012775235166188, 27.816301749711219 ], [ 85.013015870368477, 27.816893154096938 ], [ 85.013937101530459, 27.820026226356585 ], [ 85.014053377562078, 27.82026906086589 ], [ 85.014424890728193, 27.820808705218599 ], [ 85.01457505379571, 27.82134481179698 ], [ 85.014649271593086, 27.822088361776544 ], [ 85.014648727923202, 27.822091084213682 ], [ 85.014627807913314, 27.822204245909944 ], [ 85.014621194364253, 27.822246133244693 ], [ 85.014607150334228, 27.822353267141459 ], [ 85.014601539860976, 27.822413621016199 ], [ 85.014596332327315, 27.822508234251153 ], [ 85.01459522356042, 27.822565260950025 ], [ 85.014595979569691, 27.822612180015245 ], [ 85.014597972106486, 27.822657225793851 ], [ 85.014601205500583, 27.822701878358025 ], [ 85.014606284993619, 27.822751020248759 ], [ 85.014612015914281, 27.82279363852988 ], [ 85.014620891549967, 27.822846371347421 ], [ 85.014629139505175, 27.82288711084621 ], [ 85.014642490815433, 27.822942885750891 ], [ 85.014653295297236, 27.822981919401574 ], [ 85.014671695776755, 27.823039962582165 ], [ 85.014685079114187, 27.823077346656213 ], [ 85.014708845374528, 27.823136520259013 ], [ 85.01472483639256, 27.823172344511306 ], [ 85.014751273781684, 27.823225887008864 ], [ 85.014668553756906, 27.823275090759267 ], [ 85.014630015754776, 27.823300866138119 ], [ 85.014560463018739, 27.823351838144891 ], [ 85.014520435608574, 27.823383929935908 ], [ 85.014470238537001, 27.823427048494043 ], [ 85.014427034526037, 27.823466803241107 ], [ 85.014410420821108, 27.82348245998427 ], [ 85.014370468404479, 27.823521022433777 ], [ 85.014333426354241, 27.823558832049081 ], [ 85.014311049938357, 27.823582996152684 ], [ 85.014250016491218, 27.823656136290971 ], [ 85.01423231005522, 27.823679759322328 ], [ 85.014161269014465, 27.823790858541347 ], [ 85.014149109085437, 27.823813465797176 ], [ 85.014100609317239, 27.823920827766873 ], [ 85.014091588053446, 27.823945213774284 ], [ 85.014070316779197, 27.824011031269684 ], [ 85.014062879621861, 27.82403783696137 ], [ 85.014047947200851, 27.824101419610766 ], [ 85.014042822640249, 27.824127986941381 ], [ 85.014032357642023, 27.824199106834509 ], [ 85.014029832627514, 27.824223892241541 ], [ 85.014025713303312, 27.824310670162522 ], [ 85.014025856885851, 27.824332055654661 ], [ 85.014034612587622, 27.824445058699375 ], [ 85.014037316933212, 27.824463225019038 ], [ 85.014076025601724, 27.824617598827643 ], [ 85.014081239871871, 27.82463221675231 ], [ 85.014187763961061, 27.824837306550993 ], [ 85.014195427080324, 27.824848219074131 ], [ 85.014376472321544, 27.825040314291723 ], [ 85.014384708203764, 27.825046920457751 ], [ 85.014543588713863, 27.825151121003572 ], [ 85.014545431724855, 27.825164280975681 ], [ 85.014571262362452, 27.825283072723433 ], [ 85.014577354915261, 27.825303594425719 ], [ 85.014631350653232, 27.825440040938943 ], [ 85.014640276410034, 27.82545788072018 ], [ 85.01472617496708, 27.825589664940303 ], [ 85.014699351819658, 27.825686735538326 ], [ 85.014674104177914, 27.825982620297879 ], [ 85.014756725507411, 27.826801472660737 ], [ 85.01475672608926, 27.826802444601942 ], [ 85.014758213108578, 27.826845841089686 ], [ 85.014761838795494, 27.826896925223426 ], [ 85.014755389976571, 27.826963094359609 ], [ 85.014753075373818, 27.827006327866297 ], [ 85.014753424788438, 27.82709821718116 ], [ 85.014755754473754, 27.827136307683556 ], [ 85.01477177827222, 27.827254252153111 ], [ 85.014778777727656, 27.827287306505973 ], [ 85.014820884934551, 27.827425093081605 ], [ 85.014830358975814, 27.827448568384401 ], [ 85.014885654341199, 27.827560908908364 ], [ 85.014900317104676, 27.827585918096297 ], [ 85.014960147972786, 27.827675050691166 ], [ 85.015023498220799, 27.827758158175563 ], [ 85.015068563622989, 27.827818142005263 ], [ 85.015104516726822, 27.827862972758322 ], [ 85.015161307968512, 27.827929401803942 ], [ 85.015188292426544, 27.827959603336168 ], [ 85.015245973021948, 27.828021401160928 ], [ 85.015258948085986, 27.828035025798783 ], [ 85.015390302605311, 27.828170221452154 ], [ 85.015434393162138, 27.828219270219961 ], [ 85.01544151512536, 27.828228031504239 ], [ 85.015446635796536, 27.828234929699533 ], [ 85.015447857510864, 27.828236757933382 ], [ 85.015448795988448, 27.828238341863369 ], [ 85.01562272015282, 27.828450131801805 ], [ 85.015857798357644, 27.828608520564025 ], [ 85.015970850351493, 27.828645993758386 ], [ 85.016033216928832, 27.828690897830512 ], [ 85.016147206104051, 27.828773800163937 ], [ 85.016289545679854, 27.82887732046148 ], [ 85.016307867556819, 27.828890645456568 ], [ 85.016492150223627, 27.828997308934657 ], [ 85.016748061984813, 27.829112469881494 ], [ 85.018140515521466, 27.83019405978914 ], [ 85.018301164118654, 27.8305310083006 ], [ 85.01830737608168, 27.830569082782969 ], [ 85.018357662271328, 27.830719946537798 ], [ 85.018511851916898, 27.830996603477271 ], [ 85.018515346470735, 27.83100084695867 ], [ 85.018517238573978, 27.831007255859831 ], [ 85.01862424225277, 27.831208642158678 ], [ 85.019225906452206, 27.832470604597489 ], [ 85.018845231441546, 27.832405827690973 ], [ 85.018826769514874, 27.832389355883002 ], [ 85.018799658368664, 27.83236938357232 ], [ 85.018677782363056, 27.832292321096805 ], [ 85.018644289286726, 27.832274290331114 ], [ 85.018546165683631, 27.832227795747134 ], [ 85.018506802306206, 27.832211538789664 ], [ 85.018446819863357, 27.832188818871408 ], [ 85.018384039349115, 27.832167129497098 ], [ 85.018347499775871, 27.832155217439507 ], [ 85.018291832904907, 27.832138138797884 ], [ 85.01822121620188, 27.83211899839506 ], [ 85.018166031041005, 27.832105970478384 ], [ 85.018088721382242, 27.832090563589741 ], [ 85.018034772019377, 27.832081762374465 ], [ 85.017949370593186, 27.832071140815792 ], [ 85.017897174256689, 27.832066648633571 ], [ 85.017848723141697, 27.832063517060327 ], [ 85.017787707075016, 27.832060876305476 ], [ 85.017716950016009, 27.832060009405794 ], [ 85.017678384684032, 27.832060732353785 ], [ 85.017554364022914, 27.832069840279384 ], [ 85.017520273840148, 27.83207422732794 ], [ 85.017352623125802, 27.832108912437661 ], [ 85.017323547206445, 27.832117293506869 ], [ 85.017166134295906, 27.832176088098642 ], [ 85.017148433757015, 27.832184319438571 ], [ 85.017047575038816, 27.832238055140195 ], [ 85.017028580635511, 27.832249554574208 ], [ 85.016948310251649, 27.832303517113942 ], [ 85.016900588454547, 27.832339037552114 ], [ 85.016817048062421, 27.832397040637979 ], [ 85.016774351718638, 27.832428389057995 ], [ 85.016726438646387, 27.832465567901973 ], [ 85.016648621825183, 27.832532794994179 ], [ 85.016607409827785, 27.832572420977378 ], [ 85.016536790920654, 27.832648229925759 ], [ 85.016520210588837, 27.83266814769371 ], [ 85.016473605172735, 27.832729206049702 ], [ 85.016459452573457, 27.83274948539189 ], [ 85.016419628224526, 27.832811971225098 ], [ 85.016405484757996, 27.832836379375223 ], [ 85.016377590021165, 27.832888557408616 ], [ 85.016364015079915, 27.832916199062545 ], [ 85.016336357593488, 27.832978776474842 ], [ 85.016309824563848, 27.83304607475819 ], [ 85.016289095016234, 27.833105048302038 ], [ 85.016269832730984, 27.833167253922426 ], [ 85.016254327338018, 27.833224586474188 ], [ 85.016239844710569, 27.833287052120372 ], [ 85.016228183943923, 27.833347757414955 ], [ 85.01621883824167, 27.833408925193154 ], [ 85.016211509033212, 27.833475098579793 ], [ 85.016207442683864, 27.833534004022539 ], [ 85.016205736586059, 27.833607177109492 ], [ 85.016206977210175, 27.83366274941427 ], [ 85.016212958993449, 27.833744277307257 ], [ 85.016219457296771, 27.833796381301617 ], [ 85.016236091383817, 27.833887189299297 ], [ 85.016247799459748, 27.833935446169082 ], [ 85.016278789518722, 27.834035087739093 ], [ 85.016295645753104, 27.834079258349764 ], [ 85.016335762759056, 27.834168463047643 ], [ 85.016352915776466, 27.83420139978071 ], [ 85.016381807397366, 27.834252555051698 ], [ 85.016408053739951, 27.834295567437977 ], [ 85.016434450586146, 27.834336261889451 ], [ 85.016452576490281, 27.83436259677843 ], [ 85.016492348258907, 27.834416023041591 ], [ 85.016513173850171, 27.83444194911921 ], [ 85.01655367085695, 27.834489016159466 ], [ 85.016577395522546, 27.834514789875886 ], [ 85.016616682961654, 27.834554989238264 ], [ 85.016643728834509, 27.834581066978071 ], [ 85.016667740938544, 27.834602732734183 ], [ 85.017031502345759, 27.835012337846702 ], [ 85.017049131176947, 27.835039587638541 ], [ 85.01708883274982, 27.835097689924915 ], [ 85.017118286482997, 27.835138302568204 ], [ 85.017156587383681, 27.835188131854462 ], [ 85.017183582418625, 27.835221587241811 ], [ 85.017304152242033, 27.835364033462504 ], [ 85.017325786391339, 27.83538869165131 ], [ 85.017377299628833, 27.835445352724815 ], [ 85.01739684480556, 27.83546620172045 ], [ 85.017445950951469, 27.835517010124004 ], [ 85.017469819398812, 27.835540840185622 ], [ 85.017518514114087, 27.835587759435345 ], [ 85.017547110091527, 27.835614212951974 ], [ 85.017594940396776, 27.83565669597429 ], [ 85.01762835305442, 27.835685052265486 ], [ 85.017675737516399, 27.835723472368251 ], [ 85.017714387305048, 27.835753259353012 ], [ 85.017761585123438, 27.835787821503846 ], [ 85.01779243611972, 27.835809534701447 ], [ 85.017862729104706, 27.835857066438585 ], [ 85.017888470821688, 27.83587391071789 ], [ 85.017950266473974, 27.835913028684306 ], [ 85.017984155441567, 27.835933576567136 ], [ 85.018041897933202, 27.835967088042704 ], [ 85.018084098985142, 27.835990292161672 ], [ 85.01813873114429, 27.836018714256369 ], [ 85.018190232172188, 27.836043758990055 ], [ 85.01824315910423, 27.836067756232534 ], [ 85.018305219147251, 27.836093586189442 ], [ 85.018356097822988, 27.836112928943344 ], [ 85.018429460789221, 27.836137881202667 ], [ 85.018478563420828, 27.836152672645916 ], [ 85.018563980900396, 27.836174744982767 ], [ 85.018611459923719, 27.836185031523382 ], [ 85.018706036751723, 27.836201338911476 ], [ 85.018736311684904, 27.836205244447516 ], [ 85.018825931503855, 27.836213216166033 ], [ 85.018857896448239, 27.836214790561215 ], [ 85.018938923348557, 27.83621590144265 ], [ 85.018972901843014, 27.836215161072491 ], [ 85.019043175434618, 27.836211459169451 ], [ 85.019079806217789, 27.836208393349164 ], [ 85.019154547562707, 27.836199638218471 ], [ 85.01921729915027, 27.836190168283185 ], [ 85.019555320884933, 27.836267179983455 ], [ 85.019579346744038, 27.836278544411741 ], [ 85.019686374039267, 27.836322286297072 ], [ 85.019730943478947, 27.836337784733043 ], [ 85.019827904363467, 27.836366587442328 ], [ 85.019879432542567, 27.836379369169066 ], [ 85.019947325517663, 27.836393991715383 ], [ 85.019997414655663, 27.836403170040619 ], [ 85.020028771212438, 27.836408460368737 ], [ 85.020038989680245, 27.836410036838526 ], [ 85.020072555508307, 27.836429878299654 ], [ 85.020117060455846, 27.836454468726007 ], [ 85.020175282587303, 27.836483221673141 ], [ 85.020218524527948, 27.836525756394316 ], [ 85.019980712951053, 27.837018259828795 ], [ 85.019959733594533, 27.837053163681478 ], [ 85.019931289033266, 27.837104807601463 ], [ 85.019911588489748, 27.837143674294381 ], [ 85.019124722052752, 27.838463397753443 ], [ 85.019117097671639, 27.838474174837408 ], [ 85.019067444970318, 27.838552826078587 ], [ 85.019049569176232, 27.838584786691264 ], [ 85.019038362040618, 27.838608239414448 ], [ 85.018621099559098, 27.839308067429208 ], [ 85.018609867600688, 27.839320660098377 ], [ 85.018566740937402, 27.839370561371215 ], [ 85.018548341637114, 27.839392533262156 ], [ 85.018506890545424, 27.839443634462967 ], [ 85.018489203179399, 27.839466154336378 ], [ 85.018449622816817, 27.839518219122571 ], [ 85.018432586583529, 27.839541386999393 ], [ 85.018395075711112, 27.839594148397275 ], [ 85.018378616562046, 27.839618117262035 ], [ 85.01834328882984, 27.83967141085672 ], [ 85.018327362157933, 27.839696333665472 ], [ 85.018294340744873, 27.839749973520327 ], [ 85.018278931913528, 27.839776002035137 ], [ 85.018248318258799, 27.839829825364841 ], [ 85.018233491869793, 27.839857013578069 ], [ 85.018205487901383, 27.839910635234656 ], [ 85.018191285472355, 27.839939106295301 ], [ 85.01816581922823, 27.839992631735939 ], [ 85.018152280690117, 27.840022568151024 ], [ 85.01812940919713, 27.84007587636717 ], [ 85.018116626102767, 27.840107418880173 ], [ 85.018096393831513, 27.840160409439047 ], [ 85.018084505877681, 27.84019364172865 ], [ 85.018066954467486, 27.8402462024249 ], [ 85.018056124001632, 27.840281201997669 ], [ 85.018041272908704, 27.840333268136646 ], [ 85.018031685268014, 27.840370104436719 ], [ 85.018019555193462, 27.840421598707284 ], [ 85.018011409135966, 27.840460390374339 ], [ 85.018002018472373, 27.840511250773517 ], [ 85.017998478444198, 27.840531918948436 ], [ 85.017974682581496, 27.840682558768385 ], [ 85.017652537651429, 27.841382214909075 ], [ 85.017589314131598, 27.841583298349395 ], [ 85.017291299441681, 27.843261295419765 ], [ 85.017284074412075, 27.843493160612024 ], [ 85.017343586686849, 27.843719002038998 ], [ 85.018010574231468, 27.845299005896674 ], [ 85.01825107210253, 27.84562697104575 ], [ 85.018986557854134, 27.846266593035296 ], [ 85.01898696006711, 27.84628372069459 ], [ 85.018990770125058, 27.846336855342038 ], [ 85.019007768753667, 27.846453466048345 ], [ 85.019013616278073, 27.846479913110439 ], [ 85.019049226806743, 27.846598013995806 ], [ 85.019057970748079, 27.846620729533843 ], [ 85.019125321988241, 27.846757530196442 ], [ 85.019137141791276, 27.846776976126907 ], [ 85.019243435676628, 27.846918195885294 ], [ 85.019258466573902, 27.846934585314376 ], [ 85.019365677570633, 27.847034727097554 ], [ 85.019401271065163, 27.847063240991517 ], [ 85.019520539451676, 27.847145371093195 ], [ 85.019535766354537, 27.847154330781851 ], [ 85.019666588976165, 27.847219500254365 ], [ 85.019680868912545, 27.84722542765827 ], [ 85.019861739612878, 27.847282692237677 ], [ 85.019881092254977, 27.847287038260685 ], [ 85.020052563881691, 27.847311915141965 ], [ 85.020074250141946, 27.84731338515515 ], [ 85.020190474219802, 27.847313586224381 ], [ 85.020261059024776, 27.847374970618393 ], [ 85.020502897628461, 27.84753067116004 ], [ 85.023388911833834, 27.848863681690919 ], [ 85.023537306376312, 27.848919416658379 ], [ 85.024191666385775, 27.849112397227369 ], [ 85.024192211716354, 27.849115459814929 ], [ 85.024197216050553, 27.849137641399121 ], [ 85.024220429062396, 27.849220147653583 ], [ 85.024226880893394, 27.849239212169781 ], [ 85.02426474194786, 27.849332255454698 ], [ 85.024274283506244, 27.849352208913935 ], [ 85.024315650123597, 27.849428545530795 ], [ 85.024328560967618, 27.849449761125115 ], [ 85.024378540720988, 27.84952329320145 ], [ 85.024421187309144, 27.849579774390051 ], [ 85.024451654574079, 27.849617947038567 ], [ 85.024475880700749, 27.849646690348894 ], [ 85.024517722349941, 27.849693067668863 ], [ 85.024544909234493, 27.849721246929168 ], [ 85.024586801780217, 27.84976206977819 ], [ 85.02461707102097, 27.849789810361443 ], [ 85.02465774488951, 27.849825057307871 ], [ 85.024691315154172, 27.84985256268487 ], [ 85.024729387137555, 27.849882230074506 ], [ 85.024765968054766, 27.849909331838461 ], [ 85.024800432227323, 27.849933758034435 ], [ 85.024841158807547, 27.84996135863652 ], [ 85.024883900240411, 27.849988794594733 ], [ 85.024984289023308, 27.850049772694891 ], [ 85.025052834235964, 27.850087939322766 ], [ 85.025103609171254, 27.850113766933035 ], [ 85.025177646899976, 27.850147918110522 ], [ 85.025242648447005, 27.850174948727087 ], [ 85.025287925563816, 27.850209189478722 ], [ 85.025356973485032, 27.850257003349267 ], [ 85.025385848988833, 27.850275277025148 ], [ 85.025463818197338, 27.850319992229711 ], [ 85.025491084731982, 27.850334104237895 ], [ 85.025561200284187, 27.850367200335292 ], [ 85.025611923876568, 27.850388927222912 ], [ 85.025675550465067, 27.850413832106035 ], [ 85.025719745861551, 27.850429548177726 ], [ 85.025806792222212, 27.85045649618905 ], [ 85.025847547469084, 27.850467296094706 ], [ 85.025959469844139, 27.850490910133534 ], [ 85.025997395928371, 27.850496918130499 ], [ 85.026108439753187, 27.850508944441998 ], [ 85.026150107748549, 27.850511397068026 ], [ 85.026246430824372, 27.850512994759441 ], [ 85.026286373801057, 27.850511971708425 ], [ 85.026393769755714, 27.850504135651086 ], [ 85.026430726001479, 27.850499673919398 ], [ 85.026553093674423, 27.850478022991588 ], [ 85.026586426081394, 27.850470205516142 ], [ 85.026696536178065, 27.850438309055949 ], [ 85.026722785679766, 27.85042920259648 ], [ 85.026801119306583, 27.850398585942528 ], [ 85.026827248958739, 27.850387181926259 ], [ 85.026899242951103, 27.850352490044198 ], [ 85.02692452815829, 27.850339105694879 ], [ 85.0269928416444, 27.850299558477026 ], [ 85.027016677557057, 27.850284514537314 ], [ 85.027082853347224, 27.850238988133064 ], [ 85.027104607944423, 27.850222704226987 ], [ 85.027169391763422, 27.850169780644876 ], [ 85.027188837074434, 27.85015245476032 ], [ 85.027226774442781, 27.850115338395788 ], [ 85.027809943687743, 27.850504417915818 ], [ 85.027822010917916, 27.850812508331629 ], [ 85.027822064813435, 27.850819678673659 ], [ 85.027822927729304, 27.85085133527614 ], [ 85.027825375787998, 27.850903393756422 ], [ 85.02787841290484, 27.852252513230013 ], [ 85.027997818782694, 27.852646608513755 ], [ 85.028972808360493, 27.854266614194593 ], [ 85.029205471811224, 27.854524703228723 ], [ 85.031192473776471, 27.856045712796202 ], [ 85.03145863053706, 27.856192718731982 ], [ 85.031762550549814, 27.856260581260333 ], [ 85.034401483566057, 27.856475026839593 ], [ 85.034680238710607, 27.856525766088598 ], [ 85.034717106694785, 27.856536564394606 ], [ 85.034861358382102, 27.85657519524807 ], [ 85.034904394725345, 27.856585808499968 ], [ 85.035062893181887, 27.856621578340022 ], [ 85.03509783230551, 27.856628881590616 ], [ 85.035280700094233, 27.856664086013627 ], [ 85.035314196656074, 27.856670012100057 ], [ 85.035364332594966, 27.856678105193598 ], [ 85.035379813534419, 27.856734339382971 ], [ 85.035389996480589, 27.856764704704524 ], [ 85.035438779147697, 27.856880509790184 ], [ 85.035454091643302, 27.856910435589022 ], [ 85.035513375444751, 27.857009455633253 ], [ 85.03553392616503, 27.857039166355662 ], [ 85.035596255229805, 27.857119245048271 ], [ 85.035622332119374, 27.857149159012152 ], [ 85.035678334736886, 27.857208025501631 ], [ 85.035706882435548, 27.857235556084632 ], [ 85.035752998331702, 27.857277234942121 ], [ 85.035787539207405, 27.857306493325435 ], [ 85.035830563838786, 27.857340911888798 ], [ 85.035955749236592, 27.857435456479028 ], [ 85.035977032164368, 27.857451092166862 ], [ 85.036009979498488, 27.85747463426155 ], [ 85.036074419957487, 27.857517066899742 ], [ 85.036112518738108, 27.85754013996111 ], [ 85.036167075326503, 27.857570966389105 ], [ 85.036213803145756, 27.85759554846231 ], [ 85.03624227206069, 27.857609978792034 ], [ 85.036263852679923, 27.857620511003688 ], [ 85.03627639658211, 27.857635518281299 ], [ 85.036306180902656, 27.857668421481598 ], [ 85.0363989994962, 27.857757870742297 ], [ 85.03641633317693, 27.857772464661654 ], [ 85.036531083961449, 27.857855833629753 ], [ 85.036548200806948, 27.857866516847675 ], [ 85.036710429623326, 27.857949077650694 ], [ 85.03672768711175, 27.857956071838235 ], [ 85.036934643290024, 27.858017076945639 ], [ 85.03695223306373, 27.858020452507859 ], [ 85.037124593708356, 27.858040009356607 ], [ 85.037164834591778, 27.858041487270789 ], [ 85.037313831658267, 27.858037223965791 ], [ 85.037347660130081, 27.85803403515369 ], [ 85.03755864407411, 27.857993644450051 ], [ 85.037585098770506, 27.857985888042542 ], [ 85.0377912773871, 27.857901709587466 ], [ 85.037801656407751, 27.857896147476012 ], [ 85.037951657477294, 27.857798032680986 ], [ 85.037960105861771, 27.85779136285861 ], [ 85.038100967931442, 27.857654694779267 ], [ 85.038109088414444, 27.857644975421753 ], [ 85.03819565181449, 27.857521754006775 ], [ 85.038203227386049, 27.857508743784422 ], [ 85.038258763881174, 27.857394766383578 ], [ 85.038275616745779, 27.857352396114294 ], [ 85.03829587658457, 27.857295548497049 ], [ 85.038304249570459, 27.857269041764027 ], [ 85.038324202972561, 27.857193544747872 ], [ 85.038324811043594, 27.857190699675161 ], [ 85.040269337739289, 27.857543216941533 ], [ 85.040348587432064, 27.857578713488945 ], [ 85.040371580599313, 27.857588691366395 ], [ 85.040455306546008, 27.857623869995621 ], [ 85.040477070681874, 27.857632736985533 ], [ 85.040564712294085, 27.857667337668811 ], [ 85.040585088858293, 27.857675146479135 ], [ 85.040677272251884, 27.857709416350826 ], [ 85.040704624082181, 27.857719172460616 ], [ 85.040904406302886, 27.857787457194441 ], [ 85.040933783265388, 27.8577970388876 ], [ 85.041171447674841, 27.857870882608879 ], [ 85.041190176587719, 27.857876520461264 ], [ 85.041398499095592, 27.857937227009483 ], [ 85.041429315312982, 27.857945727420894 ], [ 85.041507446656198, 27.857966075443358 ], [ 85.041536726745207, 27.857973279938008 ], [ 85.041608323484695, 27.857989875672388 ], [ 85.041644518046553, 27.857997638314217 ], [ 85.041736352723376, 27.858015756825552 ], [ 85.041771725057316, 27.858022151377689 ], [ 85.041871426680842, 27.858038540511693 ], [ 85.041901084105106, 27.858043012798351 ], [ 85.042011096883627, 27.858058116050582 ], [ 85.042033637660964, 27.858060980988832 ], [ 85.042166089904725, 27.858076470391318 ], [ 85.042204954734657, 27.858080340179107 ], [ 85.042272948753521, 27.858085934106136 ], [ 85.042327017442389, 27.858089091705018 ], [ 85.042403168518135, 27.858091727619851 ], [ 85.042453696754706, 27.858092358049149 ], [ 85.042678810849822, 27.858090186526265 ], [ 85.042794578112833, 27.858118980764971 ], [ 85.042807461554318, 27.858124876567107 ], [ 85.042851162431575, 27.858143713709815 ], [ 85.042912292282594, 27.85816847630548 ], [ 85.042994408765708, 27.858197967000773 ], [ 85.043054346914701, 27.858216834067044 ], [ 85.043174059397415, 27.858247315788805 ], [ 85.04322939415627, 27.858258192147186 ], [ 85.04333168712219, 27.858273475138819 ], [ 85.043412023016586, 27.85828175423655 ], [ 85.043463547051417, 27.858285370374652 ], [ 85.043566386763288, 27.858310949239929 ], [ 85.043804228853801, 27.858343774783176 ], [ 85.044044081452441, 27.858325917155955 ], [ 85.044737332606516, 27.858199483069342 ], [ 85.044778386536407, 27.858199492710447 ], [ 85.04484053723543, 27.858197814966196 ], [ 85.044887326705279, 27.85819527551838 ], [ 85.044934396184246, 27.85819174236547 ], [ 85.044978924985102, 27.858187470621036 ], [ 85.045014424501829, 27.858183501510727 ], [ 85.045117220546274, 27.858170368815262 ], [ 85.045137415673565, 27.858167604084709 ], [ 85.045241006059157, 27.858152472798803 ], [ 85.04526138048756, 27.858149307015534 ], [ 85.045318292236828, 27.858139931977465 ], [ 85.045335662130924, 27.858141359213672 ], [ 85.045371504169523, 27.858143736474247 ], [ 85.045441314526073, 27.858147263610686 ], [ 85.045482249057926, 27.858148596236454 ], [ 85.045548219482768, 27.858149560084097 ], [ 85.045593862706099, 27.858149314874272 ], [ 85.045657122399859, 27.858147710684651 ], [ 85.045707157842628, 27.858145342487973 ], [ 85.045767723557418, 27.858141141623371 ], [ 85.04582145448191, 27.858136133381624 ], [ 85.04587967698329, 27.8581293101327 ], [ 85.045936377367909, 27.858121209170335 ], [ 85.045983019882698, 27.858113336580455 ], [ 85.046102834538146, 27.858095201132585 ], [ 85.046174004751919, 27.858082082871594 ], [ 85.046227780102967, 27.858070371966168 ], [ 85.046335586332987, 27.858041170445919 ], [ 85.046362285856148, 27.858032471834587 ], [ 85.046461772406815, 27.857994598834562 ], [ 85.046485132403049, 27.857984363848292 ], [ 85.046594509962446, 27.857928687700884 ], [ 85.046614934739068, 27.857916736166494 ], [ 85.046726209197303, 27.857841366512165 ], [ 85.046743881498926, 27.857827586412231 ], [ 85.04684841042716, 27.857733141666575 ], [ 85.046869136978941, 27.857711434359327 ], [ 85.046942829179287, 27.857624040528034 ], [ 85.046963303232175, 27.857596422185118 ], [ 85.047008373767454, 27.857529497566944 ], [ 85.047028896894076, 27.857495798290557 ], [ 85.047054012550774, 27.857451715829601 ], [ 85.047079088589399, 27.857404540643955 ], [ 85.047111988695804, 27.857335321525991 ], [ 85.047128812215064, 27.857295360979311 ], [ 85.047165056351091, 27.857190116605835 ], [ 85.047177679311474, 27.857143463554628 ], [ 85.047194493703429, 27.857066896023078 ], [ 85.047203014370567, 27.85701662290494 ], [ 85.047208233001868, 27.856981042401912 ], [ 85.047212153845649, 27.856949416562873 ], [ 85.047242049427226, 27.856907197888408 ], [ 85.04726591380431, 27.856871719136198 ], [ 85.047296801369527, 27.85682331492524 ], [ 85.047331817693959, 27.856763307871606 ], [ 85.047355254934942, 27.856719173239377 ], [ 85.047392542105044, 27.85663923636994 ], [ 85.047409477976331, 27.856597356952257 ], [ 85.047437045457698, 27.856517847206298 ], [ 85.047445625522528, 27.856488327673016 ], [ 85.047452803870584, 27.856459696159455 ], [ 85.047595466713446, 27.856354891926376 ], [ 85.047604024975641, 27.856349917032055 ], [ 85.047639019623219, 27.856328075867587 ], [ 85.047687406515067, 27.85629592407571 ], [ 85.047722834057822, 27.856270888924282 ], [ 85.047763488744906, 27.856240585605562 ], [ 85.047799899286673, 27.856211972591364 ], [ 85.047813551560722, 27.856200568350364 ], [ 85.048287288079678, 27.856173938175715 ], [ 85.04916918179822, 27.856444089787001 ], [ 85.049389164532968, 27.856487944360925 ], [ 85.050825842257254, 27.85662817420679 ], [ 85.051408994532906, 27.856901984585448 ], [ 85.053497621437131, 27.858372337328742 ], [ 85.053819693130436, 27.858517418913191 ], [ 85.05382395532871, 27.858519775534951 ], [ 85.053900292505148, 27.858558024217821 ], [ 85.053979658961481, 27.858593870591388 ], [ 85.054048468008318, 27.858622127674479 ], [ 85.054091398117265, 27.858638057096996 ], [ 85.054147696232235, 27.858657222895047 ], [ 85.054196078039894, 27.858672245535914 ], [ 85.054255915810174, 27.858689000425599 ], [ 85.054392453850184, 27.85872314799866 ], [ 85.054429906256203, 27.858731833386791 ], [ 85.054502133456907, 27.858747282578072 ], [ 85.054550866444487, 27.858756587957458 ], [ 85.054625597270487, 27.85876916018799 ], [ 85.054672273256202, 27.858776015586916 ], [ 85.054749754703096, 27.858785753141252 ], [ 85.054772228972311, 27.858788133163792 ], [ 85.054782921145744, 27.858790872218474 ], [ 85.054879069955902, 27.85881391165616 ], [ 85.054918516579889, 27.85882261511497 ], [ 85.055019184868442, 27.85884293413368 ], [ 85.055056142766972, 27.858849754228999 ], [ 85.055161453923944, 27.858867379826684 ], [ 85.055195936906827, 27.858872606174284 ], [ 85.055246739491054, 27.85887950766443 ], [ 85.055311830511457, 27.858915103606432 ], [ 85.055351960020161, 27.858974090353357 ], [ 85.055373864882881, 27.859003301212237 ], [ 85.055426921378071, 27.859067689655078 ], [ 85.055448926965212, 27.859092056651388 ], [ 85.055512186475966, 27.859155718517894 ], [ 85.055545234102937, 27.859185978092096 ], [ 85.055619759403299, 27.859247695413043 ], [ 85.055651811188824, 27.859271685115587 ], [ 85.055763976240229, 27.859344587599892 ], [ 85.055782162003112, 27.859354787223786 ], [ 85.055915126589269, 27.859417624018739 ], [ 85.055935228582982, 27.85942548440439 ], [ 85.056067186255049, 27.859467678852404 ], [ 85.056089393034398, 27.859473273946939 ], [ 85.056209579310348, 27.859496668739549 ], [ 85.056234266847284, 27.859500096791795 ], [ 85.056263129949954, 27.859502382528685 ], [ 85.056285730829103, 27.859541642317961 ], [ 85.056376348708412, 27.859717070600674 ], [ 85.056387168659398, 27.859737348174676 ], [ 85.056431341194468, 27.859817540074086 ], [ 85.05645725353051, 27.859861480247595 ], [ 85.056507970478449, 27.859942017046997 ], [ 85.056539089698077, 27.859988150723343 ], [ 85.056564435882819, 27.860023305636453 ], [ 85.05659056635362, 27.860057774182028 ], [ 85.056616336133047, 27.860090132937749 ], [ 85.056636198078706, 27.860114218035008 ], [ 85.056763382890992, 27.860263210440429 ], [ 85.05678611585374, 27.860288863648652 ], [ 85.056834736464481, 27.860341733156865 ], [ 85.056857614323221, 27.860365743493773 ], [ 85.056903224277434, 27.860411952864126 ], [ 85.056932711755636, 27.860440562905989 ], [ 85.056978727476377, 27.860483326085447 ], [ 85.057015803154357, 27.86051605208948 ], [ 85.057060833002069, 27.860553803564205 ], [ 85.05710556070099, 27.860589146451048 ], [ 85.057150131922498, 27.860622327728471 ], [ 85.057203228193799, 27.860659259940299 ], [ 85.057247643485923, 27.860688092774144 ], [ 85.057303232603076, 27.860721728119973 ], [ 85.0573474350998, 27.860746610592859 ], [ 85.057397650456437, 27.860773110754852 ], [ 85.057445100898192, 27.86079653817162 ], [ 85.05749305677422, 27.860818750860368 ], [ 85.0575438548249, 27.860840771547558 ], [ 85.057588983891904, 27.860859135037604 ], [ 85.057643298795597, 27.860879824472867 ], [ 85.057685133485677, 27.860894791621124 ], [ 85.057742920524632, 27.860914151876866 ], [ 85.057781193327031, 27.860926203086365 ], [ 85.057843096222612, 27.860944465227433 ], [ 85.057877517861456, 27.860954020311301 ], [ 85.057944089049315, 27.860971352748564 ], [ 85.057974287414794, 27.860978767543216 ], [ 85.058046961137435, 27.860995543327014 ], [ 85.058100649244807, 27.861006563622738 ], [ 85.058147319915989, 27.861014964796571 ], [ 85.058218172064642, 27.861025415260794 ], [ 85.058270955223534, 27.861031504644938 ], [ 85.058335606386805, 27.861037100971654 ], [ 85.058474413074379, 27.861045142779773 ], [ 85.058516845124885, 27.861058463713292 ], [ 85.058552511167264, 27.861069004755873 ], [ 85.058596449918909, 27.86108119281996 ], [ 85.058660052707893, 27.861096838584803 ], [ 85.058781204252981, 27.861122904966926 ], [ 85.058799863015679, 27.861126373959419 ], [ 85.058816650736972, 27.86113427617807 ], [ 85.058818298892845, 27.861134532031855 ], [ 85.058877078950616, 27.861162200438304 ], [ 85.058966890137029, 27.861176141688777 ], [ 85.05899841782157, 27.861190982047816 ], [ 85.059000067092356, 27.861191238095664 ], [ 85.059058841284838, 27.86121890390794 ], [ 85.059100043312753, 27.861225299788639 ], [ 85.059186272185087, 27.861267019368466 ], [ 85.059316703897991, 27.861283124117762 ], [ 85.059427473912535, 27.861300318370059 ], [ 85.059531595263437, 27.86132359708742 ], [ 85.059738889612049, 27.861341623749443 ], [ 85.05989210852573, 27.861344618887902 ], [ 85.059931286732834, 27.861342752416238 ], [ 85.060065591242406, 27.86132833272352 ], [ 85.060260735205844, 27.861295536236589 ], [ 85.060501596990264, 27.861316480663511 ], [ 85.060578067611047, 27.861320549361569 ], [ 85.060981798940503, 27.861328465236628 ], [ 85.061268277314539, 27.861346005132614 ], [ 85.061399871361616, 27.861377452009783 ], [ 85.06161110923648, 27.861471013902197 ], [ 85.061919123165978, 27.861513539221814 ], [ 85.061977946547785, 27.861513539211067 ], [ 85.06221337586004, 27.861542292954471 ], [ 85.064950212983419, 27.861567719643503 ], [ 85.06512816836937, 27.861598009470736 ], [ 85.06523375891669, 27.861610919442413 ], [ 85.065362796380143, 27.861620598370219 ], [ 85.065506954297973, 27.861622282091592 ], [ 85.065538298077342, 27.861620666905701 ], [ 85.065549990839045, 27.861619621013041 ], [ 85.065591347010255, 27.861631969462724 ], [ 85.065999374817324, 27.861975488992563 ], [ 85.06626270855179, 27.862701016987725 ], [ 85.066467980233654, 27.863021319914985 ], [ 85.066626979917828, 27.863181320799818 ], [ 85.06689810343498, 27.863374358477657 ], [ 85.067226580795463, 27.863474867631052 ], [ 85.067573956246846, 27.863471081263722 ], [ 85.067899561197024, 27.863363442548291 ], [ 85.068165275934945, 27.863164553085735 ], [ 85.068426275459885, 27.8628885515738 ], [ 85.068594113954418, 27.862637711932177 ], [ 85.068999094534391, 27.861720793817486 ], [ 85.069010551386, 27.861703860449296 ], [ 85.069024714996885, 27.861679274604281 ], [ 85.069025332467618, 27.861678067099543 ], [ 85.069049847462182, 27.861683459992335 ], [ 85.069091001057302, 27.861691710662829 ], [ 85.069146909319542, 27.861701839361317 ], [ 85.069191592997711, 27.861709013615929 ], [ 85.069245800650734, 27.861716608729616 ], [ 85.069294580181619, 27.861722370377048 ], [ 85.069346953533454, 27.861727411986305 ], [ 85.069400214744476, 27.861731281892034 ], [ 85.069450656457704, 27.861733761415955 ], [ 85.069508655866159, 27.861735136802089 ], [ 85.069556863311107, 27.86173505542051 ], [ 85.069619719952968, 27.861733218235003 ], [ 85.069628588602484, 27.861732714275018 ], [ 85.069763303785692, 27.861698704992488 ], [ 85.069819466375563, 27.861706238986013 ], [ 85.070147246629972, 27.861702646418369 ], [ 85.070456654730677, 27.86160642133888 ], [ 85.071776662089263, 27.860967417116097 ], [ 85.072043244400106, 27.860781023957706 ], [ 85.072225868465495, 27.860526993232909 ], [ 85.07323551657808, 27.858408848575827 ], [ 85.073517355226826, 27.857964584739115 ], [ 85.073565236712227, 27.85792619535815 ], [ 85.07359329234643, 27.857900933061501 ], [ 85.073629591191363, 27.857866491659138 ], [ 85.073864268210556, 27.85763181273586 ], [ 85.073917988426842, 27.857560233177097 ], [ 85.073925918564086, 27.857551799989807 ], [ 85.073964045586067, 27.857508653903601 ], [ 85.073995768566888, 27.857470416638964 ], [ 85.074031614817841, 27.85742427364961 ], [ 85.074060062278733, 27.857385105311714 ], [ 85.074094292658103, 27.857334402353416 ], [ 85.074118944267838, 27.857295017647495 ], [ 85.074151540803143, 27.857238318659267 ], [ 85.074172836026548, 27.857197810437778 ], [ 85.074198085911149, 27.857145544334415 ], [ 85.074217962910879, 27.857100537394807 ], [ 85.074236996912603, 27.857053674955811 ], [ 85.074255003025414, 27.857005191782786 ], [ 85.074269862640747, 27.856961497339871 ], [ 85.074285589451733, 27.856910642257287 ], [ 85.074297441640525, 27.856868343524084 ], [ 85.074310510398661, 27.856816381005302 ], [ 85.074319985661234, 27.856773953870107 ], [ 85.074330181487937, 27.856721781570766 ], [ 85.074337519399108, 27.856677845278192 ], [ 85.074344656755031, 27.856626424435593 ], [ 85.074349766246456, 27.856579594154571 ], [ 85.074353735984928, 27.856529700263394 ], [ 85.074356152645592, 27.85647946909646 ], [ 85.074356928076739, 27.856433129611077 ], [ 85.074355964967594, 27.85637818968916 ], [ 85.074353695754937, 27.856334405872342 ], [ 85.074348104733915, 27.856272691004818 ], [ 85.074342814291555, 27.856231862070523 ], [ 85.074330588551206, 27.856161832977691 ], [ 85.074322314436955, 27.856124247334257 ], [ 85.074300533710044, 27.856044664952854 ], [ 85.074289350962459, 27.856010616043452 ], [ 85.074253939257545, 27.855920731087185 ], [ 85.074239891733882, 27.855890323304422 ], [ 85.074185662973008, 27.855790781702019 ], [ 85.074170456382006, 27.855766746238043 ], [ 85.075444479086556, 27.855790127084727 ], [ 85.075531760015039, 27.855836267668732 ], [ 85.075579618367414, 27.855860036910503 ], [ 85.075664882867514, 27.855899738202805 ], [ 85.075730319189702, 27.855927605259787 ], [ 85.075809746623861, 27.855958379112369 ], [ 85.075888715500696, 27.85598555130349 ], [ 85.075936294581439, 27.85599992526155 ], [ 85.0759841433552, 27.856013218750693 ], [ 85.075992506775748, 27.856015342316635 ], [ 85.076075743424653, 27.856074109230367 ], [ 85.076122601566439, 27.856105277143595 ], [ 85.076185679888624, 27.856144765195566 ], [ 85.076247548144764, 27.856180577136662 ], [ 85.076278402371159, 27.856197048740963 ], [ 85.076334322778379, 27.856224807244022 ], [ 85.076363975938662, 27.856238454524174 ], [ 85.076430275319652, 27.856266316423223 ], [ 85.07645918369964, 27.856277347893712 ], [ 85.07653546561103, 27.856303279813218 ], [ 85.076563884379624, 27.85631179288762 ], [ 85.076677686453394, 27.856339453691636 ], [ 85.07672624859822, 27.856348599606985 ], [ 85.076844473463581, 27.856363855730777 ], [ 85.076858079883792, 27.856385261491415 ], [ 85.076961300711375, 27.856518246385182 ], [ 85.076988929065351, 27.856547785601713 ], [ 85.077071546047208, 27.85662612353002 ], [ 85.07710463459118, 27.856653974547026 ], [ 85.077147339372701, 27.856687939874028 ], [ 85.077220081396533, 27.856742589075552 ], [ 85.07723113140996, 27.856750772052013 ], [ 85.077289635237861, 27.856793476288541 ], [ 85.077345270415165, 27.856831307203301 ], [ 85.077411671238721, 27.856873311976834 ], [ 85.077460374579886, 27.856902276465505 ], [ 85.07753606300075, 27.856944530680945 ], [ 85.077574547489604, 27.856964976136357 ], [ 85.077666903608474, 27.857011613036352 ], [ 85.077710105511017, 27.857032218337363 ], [ 85.077729291861672, 27.857040845706898 ], [ 85.077797470984919, 27.857095432825233 ], [ 85.078037129158318, 27.857238262377034 ], [ 85.078417377179562, 27.857400721504852 ], [ 85.078450170806406, 27.857421711664099 ], [ 85.078492516670778, 27.857447398108842 ], [ 85.078554842446209, 27.857483188091706 ], [ 85.078593617049322, 27.857504374446513 ], [ 85.07866193118663, 27.85753985073196 ], [ 85.078695926230338, 27.857556735855709 ], [ 85.078772242982282, 27.857592952592437 ], [ 85.078809499878147, 27.857609766803026 ], [ 85.078886141219115, 27.857642610090927 ], [ 85.078923674900835, 27.857657866690158 ], [ 85.079015078795564, 27.857693041746764 ], [ 85.079063391903034, 27.857710340196508 ], [ 85.079131320125953, 27.857732879524512 ], [ 85.079193674850416, 27.857751546796436 ], [ 85.079269512072003, 27.857771843499599 ], [ 85.079304612166439, 27.85778036560469 ], [ 85.081157389680513, 27.858571377245436 ], [ 85.081399022128522, 27.858643029079722 ], [ 85.08165311689325, 27.858658971380063 ], [ 85.081664460996095, 27.858658413258883 ], [ 85.081853926373384, 27.858687865575611 ], [ 85.082038317495218, 27.858696246516732 ], [ 85.082362310575775, 27.858664404772565 ], [ 85.082453243567286, 27.858627086709213 ], [ 85.082478987387091, 27.858673783177668 ], [ 85.082700061454915, 27.85887651003215 ], [ 85.082980803307677, 27.859008598086959 ], [ 85.083293731477298, 27.859057117367509 ], [ 85.083354641785647, 27.859057963928048 ], [ 85.083669124029242, 27.859018164682986 ], [ 85.08395437591092, 27.858893942994349 ], [ 85.084182474385571, 27.858697458763451 ], [ 85.084258252162741, 27.858570235769783 ], [ 85.084314418854234, 27.858569717266906 ], [ 85.084370525108724, 27.858613349145475 ], [ 85.084400320067488, 27.858632888895752 ], [ 85.084517284328001, 27.85869913154551 ], [ 85.084546158533954, 27.858713117359265 ], [ 85.084689965392329, 27.858770394197983 ], [ 85.084707339524385, 27.858775919413119 ], [ 85.084833495618852, 27.858808033442816 ], [ 85.084852346728255, 27.85881167946857 ], [ 85.084969274388911, 27.858828019049618 ], [ 85.084989627768451, 27.858829790747311 ], [ 85.085093717415461, 27.858834076268902 ], [ 85.085115626798896, 27.85883397799309 ], [ 85.085244685103206, 27.858826074174694 ], [ 85.085293208437307, 27.858820324159616 ], [ 85.085418411283428, 27.858798294551583 ], [ 85.085475790796536, 27.858784818707523 ], [ 85.085563637868631, 27.858760350639884 ], [ 85.085570203723378, 27.858758226783937 ], [ 85.085589516269209, 27.858758815796531 ], [ 85.08562717455284, 27.858758447018761 ], [ 85.085663820264443, 27.858764457038422 ], [ 85.085717581903452, 27.858771955900217 ], [ 85.085734856976032, 27.85877394556945 ], [ 85.08575573742668, 27.858777060114736 ], [ 85.085780362639312, 27.858787258985167 ], [ 85.085839874443607, 27.858808977037121 ], [ 85.085915534614543, 27.85883351892177 ], [ 85.085982290107907, 27.858852541624291 ], [ 85.08603536422136, 27.8588653835983 ], [ 85.086055390580896, 27.858876482063774 ], [ 85.086090330775448, 27.858897043523925 ], [ 85.086107273927922, 27.858907951188478 ], [ 85.086157579269525, 27.858952000653691 ], [ 85.086184159899872, 27.858974449635276 ], [ 85.086218191098069, 27.859002169056875 ], [ 85.086280670864468, 27.85904908831963 ], [ 85.086317563730233, 27.85907460210251 ], [ 85.086417513549051, 27.859135573511242 ], [ 85.086452901532127, 27.859154502766998 ], [ 85.086545473070657, 27.859198396204093 ], [ 85.086601218943997, 27.859221623849475 ], [ 85.086718563180952, 27.85926282265617 ], [ 85.086762843653503, 27.859275604897611 ], [ 85.086954285708032, 27.859313178935054 ], [ 85.086991941504991, 27.859317236246156 ], [ 85.087087420254306, 27.859322331630139 ], [ 85.087224754988227, 27.859459814826604 ], [ 85.087221690949306, 27.860569789649055 ], [ 85.087280865833293, 27.860875566576595 ], [ 85.08745270018143, 27.861303061263051 ], [ 85.087451911008117, 27.861309640641998 ], [ 85.087447950164076, 27.861351197360886 ], [ 85.087444852552011, 27.86139833415638 ], [ 85.087443484460579, 27.861436113026901 ], [ 85.087443103681821, 27.861480374623657 ], [ 85.08744390636501, 27.861522620107582 ], [ 85.087445710049906, 27.861563259283344 ], [ 85.087454413269612, 27.861687936084778 ], [ 85.087460908049763, 27.86187230696223 ], [ 85.087462493187402, 27.861901832977896 ], [ 85.087468288785843, 27.861982132360868 ], [ 85.087472794866642, 27.862027000231954 ], [ 85.087478311242776, 27.862069825492796 ], [ 85.087484828131352, 27.86211170892182 ], [ 85.087492038831456, 27.862151206837328 ], [ 85.087502164307622, 27.862198614561869 ], [ 85.087511207435782, 27.862235536993403 ], [ 85.087525787552636, 27.862287574403084 ], [ 85.087536759074297, 27.862322297202788 ], [ 85.087549400295458, 27.862359247333309 ], [ 85.08756428550879, 27.862399630507394 ], [ 85.087585108414345, 27.862450844177342 ], [ 85.087597536080139, 27.862478745598438 ], [ 85.087636860373024, 27.862556169590437 ], [ 85.087659871337564, 27.862596319802591 ], [ 85.087710341017313, 27.862674468336987 ], [ 85.087737695006211, 27.862712312508712 ], [ 85.087798802495115, 27.86278796332649 ], [ 85.087829415873415, 27.862822006384484 ], [ 85.087905742886235, 27.862897713344651 ], [ 85.087938570772437, 27.862926797371589 ], [ 85.088027754804941, 27.86299703520627 ], [ 85.088052341018539, 27.863014218768843 ], [ 85.088133115830004, 27.863065207641828 ], [ 85.088162077301774, 27.863081661290934 ], [ 85.088229868028307, 27.863116967764899 ], [ 85.088263693908743, 27.863133055652565 ], [ 85.088312580227367, 27.863154822332511 ], [ 85.088357225136122, 27.863173381322774 ], [ 85.088424707853505, 27.863198837385287 ], [ 85.088456212423509, 27.863209545955467 ], [ 85.088554145135831, 27.863237864057748 ], [ 85.088590068034435, 27.863246487787872 ], [ 85.088689589057665, 27.863265677561404 ], [ 85.088753005255711, 27.863274974276315 ], [ 85.088823321462499, 27.863305529260892 ], [ 85.08895944066191, 27.863366396897291 ], [ 85.089020690806578, 27.863396710622737 ], [ 85.08902486434684, 27.863399026153473 ], [ 85.089077273129718, 27.86344979095454 ], [ 85.089125943640454, 27.8634938128017 ], [ 85.08916227767287, 27.863524502791499 ], [ 85.089203836834187, 27.863557719877818 ], [ 85.08927520139693, 27.863611677038797 ], [ 85.089319722433416, 27.863643464390332 ], [ 85.089369855387233, 27.863677241536163 ], [ 85.089448589805386, 27.863725279767223 ], [ 85.089496007049163, 27.863751382599602 ], [ 85.089610833272886, 27.863805870555989 ], [ 85.08965587730637, 27.863824050221574 ], [ 85.089716239766616, 27.863846358148159 ], [ 85.089757387385021, 27.863860201614564 ], [ 85.089802132348751, 27.863873759006498 ], [ 85.089814568255221, 27.863885518456332 ], [ 85.089835410975738, 27.863902757250489 ], [ 85.089912226268453, 27.863960259757505 ], [ 85.089936801531536, 27.863976881516219 ], [ 85.089982263743806, 27.864005907078667 ], [ 85.090025230519501, 27.864031773914434 ], [ 85.090045545071021, 27.864043690486426 ], [ 85.09007741102188, 27.864061899563762 ], [ 85.09029908227167, 27.864157038807289 ], [ 85.090316766211203, 27.864162393467311 ], [ 85.09050120889097, 27.86419755448642 ], [ 85.090532550309717, 27.864214151348186 ], [ 85.090568003787183, 27.864231101424057 ], [ 85.090658112183974, 27.864269231773402 ], [ 85.090690850417658, 27.864281369287468 ], [ 85.090748496634305, 27.864298402261273 ], [ 85.090749810331431, 27.864299220033661 ], [ 85.090769659726703, 27.864309532070504 ], [ 85.090846113098621, 27.8643398487689 ], [ 85.090875495312716, 27.864363243308485 ], [ 85.090910131766307, 27.864388748169993 ], [ 85.091019618833883, 27.864459004903001 ], [ 85.091050658047109, 27.864476253829604 ], [ 85.09121497133269, 27.864550068508258 ], [ 85.091244933811225, 27.864560618843242 ], [ 85.09144629501597, 27.864610926489441 ], [ 85.091483123781316, 27.864616573969496 ], [ 85.091656546620342, 27.864629713538559 ], [ 85.091698927971933, 27.864629684602921 ], [ 85.091815543095223, 27.864623633196896 ], [ 85.091858170787987, 27.864619223452852 ], [ 85.091879436893308, 27.864616538255753 ], [ 85.092270098634259, 27.864666246070726 ], [ 85.092613879985564, 27.864657697239757 ], [ 85.093179884509539, 27.864556696611793 ], [ 85.093450238505199, 27.86447174814278 ], [ 85.09368308524391, 27.864323011082639 ], [ 85.093859855591816, 27.864172226408009 ], [ 85.093866214260103, 27.864167045902157 ], [ 85.09388253221266, 27.864153089970461 ], [ 85.093895560057703, 27.864147232303722 ], [ 85.093968694262884, 27.864203167047698 ], [ 85.093987689490092, 27.864214085914522 ], [ 85.094219164180103, 27.864312787103568 ], [ 85.09424229803399, 27.864319613605947 ], [ 85.094444862755694, 27.864359535702032 ], [ 85.094472563472607, 27.864362401189361 ], [ 85.094609325159922, 27.864368288269773 ], [ 85.094633810411452, 27.864367873054839 ], [ 85.094720652341579, 27.864363086613697 ], [ 85.094749081315527, 27.864360429098365 ], [ 85.094826672262229, 27.864350471342853 ], [ 85.094903314173024, 27.864337934002293 ], [ 85.09493714265723, 27.864335807966047 ], [ 85.094984956819474, 27.864331790990715 ], [ 85.095038871100044, 27.864326115343193 ], [ 85.095115648983352, 27.864336496677723 ], [ 85.095160702918633, 27.864340478047556 ], [ 85.095338381555564, 27.864342293135103 ], [ 85.095361608595027, 27.864340718792874 ], [ 85.095543290954339, 27.864313504825915 ], [ 85.095563622813515, 27.864308739957867 ], [ 85.09576438776179, 27.864240801824597 ], [ 85.095782245603445, 27.864232743956869 ], [ 85.095969522965163, 27.864123626318637 ], [ 85.095985100339163, 27.864112181569112 ], [ 85.09609709931145, 27.86401614142919 ], [ 85.096110756488571, 27.86400248438115 ], [ 85.096239725373806, 27.86384073557436 ], [ 85.09624771755999, 27.863827929837239 ], [ 85.096324324139715, 27.863659826345536 ], [ 85.096375348943155, 27.863603954688113 ], [ 85.096388123259459, 27.863586830784207 ], [ 85.096517166371527, 27.863339137604392 ], [ 85.09652285991082, 27.863321658738741 ], [ 85.096562889167828, 27.863075774586747 ], [ 85.096563041827736, 27.863051467890962 ], [ 85.09654994802159, 27.862901895039709 ], [ 85.096545242889619, 27.862876126076404 ], [ 85.096492138789955, 27.862700136086449 ], [ 85.096486158480872, 27.862686149251562 ], [ 85.096382471771363, 27.862506971876073 ], [ 85.096372890308487, 27.862494168090901 ], [ 85.096317127695471, 27.862433836480182 ], [ 85.09754340404524, 27.861810602285978 ], [ 85.09761190636992, 27.861798792702555 ], [ 85.09764379985954, 27.861792820763149 ], [ 85.097690959416681, 27.861783285212397 ], [ 85.097734643358109, 27.861773541873159 ], [ 85.097786374654206, 27.861760913432555 ], [ 85.097828818858616, 27.861749661726954 ], [ 85.098008548386488, 27.861698196465227 ], [ 85.098047197781725, 27.861688580502069 ], [ 85.098049725039957, 27.861688085792306 ], [ 85.09807095430773, 27.861684685343725 ], [ 85.098306468558846, 27.86165345860206 ], [ 85.098362361774377, 27.86164462155925 ], [ 85.098427014814774, 27.86163273330197 ], [ 85.098483311918514, 27.861620885557105 ], [ 85.098540951073218, 27.861607202990037 ], [ 85.098585795846333, 27.8615955689225 ], [ 85.09866273201537, 27.861573890303685 ], [ 85.098690875448568, 27.861565556188619 ], [ 85.098763433759501, 27.861543017566031 ], [ 85.098793945796274, 27.861533049682244 ], [ 85.098862723559918, 27.861509463463094 ], [ 85.098895353606025, 27.861497691757215 ], [ 85.098960665487795, 27.861472948574978 ], [ 85.098995220092874, 27.861459175354284 ], [ 85.099057419902365, 27.86143313389238 ], [ 85.099093625788825, 27.861417185452741 ], [ 85.099152754525747, 27.861389823719655 ], [ 85.09919037582641, 27.861371506477532 ], [ 85.099246557399056, 27.861342764818389 ], [ 85.099285243448691, 27.861321940554109 ], [ 85.099338560826723, 27.8612917777013 ], [ 85.099390634147596, 27.861260259232616 ], [ 85.099417108371512, 27.861243142981177 ], [ 85.099472717906721, 27.861233478788147 ], [ 85.099534671317812, 27.861220911137284 ], [ 85.099579632708398, 27.861210464725442 ], [ 85.099644547498215, 27.861193307461228 ], [ 85.099684103963185, 27.861181562786101 ], [ 85.099704731622666, 27.861175218427537 ], [ 85.099779116839386, 27.861151541147958 ], [ 85.099886157259505, 27.861111184251044 ], [ 85.099925580986252, 27.861093890214214 ], [ 85.099959592831439, 27.861076052315997 ], [ 85.100005324803206, 27.861062581474275 ], [ 85.100069357609641, 27.86104157176673 ], [ 85.100120810560313, 27.861022920041801 ], [ 85.10015264018763, 27.861010815180084 ], [ 85.100251113665593, 27.860971586990278 ], [ 85.100270008684731, 27.860963852340575 ], [ 85.100306378456736, 27.860948561107875 ], [ 85.100352960315917, 27.860927657859314 ], [ 85.10039272231603, 27.860908659973923 ], [ 85.100434109081974, 27.860887759857221 ], [ 85.100506665803763, 27.860849091740391 ], [ 85.100556766898464, 27.860848412078571 ], [ 85.100581997652242, 27.86084701152696 ], [ 85.100672699449206, 27.860838327176495 ], [ 85.100695425275688, 27.860835227954581 ], [ 85.100707790187982, 27.860832964303242 ], [ 85.10074888964283, 27.860838267855168 ], [ 85.100824672319007, 27.860845477934443 ], [ 85.10088865984352, 27.860849414009863 ], [ 85.100984651530268, 27.860851274257101 ], [ 85.101015115680909, 27.860850583738504 ], [ 85.101097476067977, 27.860845734156758 ], [ 85.101125824567646, 27.860843032663727 ], [ 85.101217266782655, 27.860830551091951 ], [ 85.101243944131639, 27.860825795111012 ], [ 85.1013409899397, 27.860804022012786 ], [ 85.101366232506294, 27.860797166066977 ], [ 85.101434405836414, 27.860774738085219 ], [ 85.101452068519194, 27.860772950706529 ], [ 85.101512407219488, 27.86076520742812 ], [ 85.101541914807996, 27.860760613087901 ], [ 85.101616715853325, 27.860746366240896 ], [ 85.101642717020852, 27.860740495350715 ], [ 85.101716016703435, 27.86072130798194 ], [ 85.101763883873375, 27.860707017525424 ], [ 85.101818586523166, 27.860689117506467 ], [ 85.101869164089621, 27.86067108569074 ], [ 85.101914200416658, 27.860653896567992 ], [ 85.101968442413678, 27.860631800804551 ], [ 85.102003397632885, 27.860616836820167 ], [ 85.102064669637429, 27.860589312870449 ], [ 85.102100363434573, 27.860571366624871 ], [ 85.102223932708171, 27.8605353010424 ], [ 85.102252835352843, 27.86052462551952 ], [ 85.102325255741974, 27.86049485863747 ], [ 85.102328171909988, 27.860493533965819 ], [ 85.102362190176564, 27.860488322230275 ], [ 85.102564660486394, 27.860463755712743 ], [ 85.102586443871672, 27.860460580394836 ], [ 85.102594729874852, 27.86046088843344 ], [ 85.102656223608307, 27.860460321253925 ], [ 85.102761812615455, 27.860454448377105 ], [ 85.102830228951845, 27.860447447910886 ], [ 85.102891252338907, 27.860439528251263 ], [ 85.102996002978699, 27.86042303181657 ], [ 85.10300927042671, 27.860420861592591 ], [ 85.10309605960208, 27.860406134112498 ], [ 85.103204620060509, 27.860382135908541 ], [ 85.103233083499518, 27.860374341127272 ], [ 85.103339761572457, 27.860339199154946 ], [ 85.103364355862354, 27.860329672541162 ], [ 85.103379028559289, 27.860323075962484 ], [ 85.103443117562136, 27.860335404646211 ], [ 85.103473806435574, 27.860340228940533 ], [ 85.103528562518605, 27.860347474414407 ], [ 85.103542905619619, 27.86034901841639 ], [ 85.103591164780752, 27.860357870796822 ], [ 85.103625018979727, 27.860362975935864 ], [ 85.1037003136138, 27.860371769940443 ], [ 85.103733342731772, 27.860374515486633 ], [ 85.103813865795118, 27.860378350518658 ], [ 85.103850067605151, 27.860378795051144 ], [ 85.103914899342968, 27.860377750766521 ], [ 85.103955100265196, 27.860375960696484 ], [ 85.104000863317239, 27.860373000328558 ], [ 85.104051673825495, 27.860368685697456 ], [ 85.104131110062738, 27.860359114965711 ], [ 85.104187830550728, 27.860350241946776 ], [ 85.104272659335606, 27.860333618478013 ], [ 85.104343067627326, 27.860316984440836 ], [ 85.10541799414878, 27.860451882758497 ], [ 85.105475306020494, 27.86051440382677 ], [ 85.105507222162444, 27.860545182370686 ], [ 85.105629344171632, 27.860645148920266 ], [ 85.105654996687605, 27.860662933385392 ], [ 85.105669979391791, 27.860672044667126 ], [ 85.105707125254966, 27.860717818131388 ], [ 85.105738243845437, 27.860752015048934 ], [ 85.105843570035816, 27.860851345046967 ], [ 85.105862807631539, 27.86086693590428 ], [ 85.105947771088594, 27.860928660499258 ], [ 85.105970920664817, 27.860943699516806 ], [ 85.105976788260094, 27.86094710128004 ], [ 85.105984102625996, 27.860958680685453 ], [ 85.106011226773333, 27.860997131066831 ], [ 85.106045287033524, 27.861042327174864 ], [ 85.106088463982729, 27.861096044867868 ], [ 85.106124024468386, 27.861137681831487 ], [ 85.106149451034668, 27.861165727781433 ], [ 85.106208753548643, 27.861225528070182 ], [ 85.106234649035372, 27.861249424669104 ], [ 85.10690777843871, 27.862186129456237 ], [ 85.106957191324, 27.862299073879761 ], [ 85.107100677271148, 27.862524487002169 ], [ 85.107141771000187, 27.86255975641744 ], [ 85.107158890683777, 27.862592709143176 ], [ 85.107197651384269, 27.86263110750415 ], [ 85.10719898742181, 27.862633591116097 ], [ 85.107211419684617, 27.862645366877704 ], [ 85.107221196685344, 27.862688446573198 ], [ 85.107224781947366, 27.862696763117981 ], [ 85.107256613458517, 27.862769522054826 ], [ 85.107275084227751, 27.862808952188871 ], [ 85.107311503321355, 27.862881789424989 ], [ 85.107330362901237, 27.862917394813152 ], [ 85.107340506382855, 27.86293550904243 ], [ 85.107340918456529, 27.862938886681338 ], [ 85.107351898112668, 27.863005552553084 ], [ 85.107356922030192, 27.86302972102483 ], [ 85.107374705163309, 27.863099610035313 ], [ 85.107381604140542, 27.863122464076302 ], [ 85.107403030426568, 27.8631844503544 ], [ 85.107412166154347, 27.863207849500601 ], [ 85.107448600023574, 27.863288421332538 ], [ 85.107457673552474, 27.863305992383868 ], [ 85.107531132391998, 27.863424064529607 ], [ 85.10754255322432, 27.863439559624602 ], [ 85.107633627524535, 27.863545211213143 ], [ 85.107648974254602, 27.863560527340326 ], [ 85.107757411155077, 27.86365376641384 ], [ 85.107808033255708, 27.863691240274864 ], [ 85.107871871989417, 27.863733955436068 ], [ 85.107892129509466, 27.863755045953262 ], [ 85.107918321770185, 27.863779175471347 ], [ 85.107963658466971, 27.863813953639614 ], [ 85.107978527030184, 27.863838275221983 ], [ 85.107997822376547, 27.86386619612183 ], [ 85.108073940863434, 27.863961815883904 ], [ 85.108091785756699, 27.863981400623462 ], [ 85.108120376519949, 27.864010378766743 ], [ 85.108124910913403, 27.864017849884839 ], [ 85.108151532081408, 27.864059074841791 ], [ 85.108173542464385, 27.864091170787539 ], [ 85.108222306388114, 27.864155828348888 ], [ 85.108241647944467, 27.864179224874366 ], [ 85.108285004939361, 27.864228050954662 ], [ 85.108308491218381, 27.864252702811228 ], [ 85.108345734419686, 27.864289682314588 ], [ 85.108347323100688, 27.864291175042567 ], [ 85.108377687211174, 27.864360898470387 ], [ 85.108390757223745, 27.864386868515925 ], [ 85.108438841033148, 27.864470451370376 ], [ 85.108453122639673, 27.864492381435049 ], [ 85.108507845540558, 27.864567545153569 ], [ 85.108529469563791, 27.864594242595601 ], [ 85.108573394854758, 27.86464462105371 ], [ 85.10859864008431, 27.864671554066568 ], [ 85.108640185576135, 27.864713195642249 ], [ 85.108669220410476, 27.864740549733234 ], [ 85.108706990488685, 27.864774303550654 ], [ 85.108740340455213, 27.864802575062182 ], [ 85.108797887199827, 27.864847790269401 ], [ 85.108822131132726, 27.864865433035874 ], [ 85.108842286479415, 27.864879196143505 ], [ 85.108913145659997, 27.864948097058786 ], [ 85.108940908792945, 27.864971909515198 ], [ 85.109052568139816, 27.86505480505275 ], [ 85.109096641791709, 27.865083018684135 ], [ 85.109225667456784, 27.865153265437218 ], [ 85.109263534974914, 27.865170575120956 ], [ 85.109372219301989, 27.865211594957948 ], [ 85.110669798452207, 27.866531901504676 ], [ 85.110731900036257, 27.866644474126005 ], [ 85.110732375848357, 27.866644910220845 ], [ 85.110740915643035, 27.866695766747092 ], [ 85.110764094179657, 27.866737252987306 ], [ 85.110795869290087, 27.86693525226865 ], [ 85.110935713240366, 27.867188748043336 ], [ 85.110994525228463, 27.867242650381989 ], [ 85.111025208825296, 27.86729827045114 ], [ 85.111055197238471, 27.867325755363289 ], [ 85.111060658130143, 27.867330760365149 ], [ 85.11106294695675, 27.867345022484781 ], [ 85.111202792013003, 27.867598518030714 ], [ 85.111231520632657, 27.86762484817811 ], [ 85.111769492483774, 27.86875290253877 ], [ 85.111797173065568, 27.868925375615259 ], [ 85.111819668113512, 27.868966151027855 ], [ 85.111826223351741, 27.869006995671032 ], [ 85.111848719606613, 27.869047773261887 ], [ 85.111855275610054, 27.869088621433917 ], [ 85.111866159612177, 27.86910834964247 ], [ 85.111864762738207, 27.869188904391631 ], [ 85.111909621470886, 27.869468402664058 ], [ 85.111932113822178, 27.869509171977423 ], [ 85.111938668012556, 27.869550010373644 ], [ 85.11207851196059, 27.869803501054559 ], [ 85.112108505987621, 27.869830990983278 ], [ 85.112108509039601, 27.869830996530126 ], [ 85.112199687235588, 27.869914559664036 ], [ 85.112255828484805, 27.869966013733595 ], [ 85.112678676372553, 27.871081783614827 ], [ 85.112678611452949, 27.871082464721972 ], [ 85.112672913131263, 27.871108928059186 ], [ 85.112665695586912, 27.871146795856557 ], [ 85.112658833098649, 27.871188124338378 ], [ 85.112652058205526, 27.871238816773658 ], [ 85.112647647690991, 27.871282286085734 ], [ 85.112644295563371, 27.871328632337484 ], [ 85.112642310359405, 27.871374492099431 ], [ 85.112641589631224, 27.871416085692537 ], [ 85.112642008974518, 27.871464772415482 ], [ 85.112644147706689, 27.871516806018175 ], [ 85.112651957425825, 27.871622831202615 ], [ 85.11265705912362, 27.871671677866768 ], [ 85.11267574162234, 27.871809672046698 ], [ 85.112679855422073, 27.871836625367251 ], [ 85.11269942069535, 27.871951759454959 ], [ 85.112709579468188, 27.872001906042058 ], [ 85.112719619672973, 27.872044528114436 ], [ 85.112732151603183, 27.872091440790875 ], [ 85.112743515127434, 27.872129432359447 ], [ 85.11276397977538, 27.872189385103294 ], [ 85.112787576581283, 27.87225075743677 ], [ 85.112814478767575, 27.872313088672854 ], [ 85.112843928736964, 27.872374433726478 ], [ 85.112874451733219, 27.87243225406953 ], [ 85.112909300246031, 27.87249261531425 ], [ 85.112943656302306, 27.872547354829035 ], [ 85.112983223151716, 27.872605548835274 ], [ 85.113032745024043, 27.87267163030463 ], [ 85.113065311643282, 27.872711196274842 ], [ 85.113099070277357, 27.872749735028044 ], [ 85.11310496544148, 27.872784121086646 ], [ 85.113130790141781, 27.872890883395005 ], [ 85.113135766100754, 27.872906720339412 ], [ 85.113182075361919, 27.873022837779082 ], [ 85.113188470536457, 27.873035952444933 ], [ 85.113282192884256, 27.873186780371746 ], [ 85.113298629524692, 27.873208123993592 ], [ 85.113406981943015, 27.873326077025897 ], [ 85.113431334615953, 27.873348435943619 ], [ 85.113449539130315, 27.873362569550086 ], [ 85.113449580280701, 27.873362656299005 ], [ 85.113577508311209, 27.873558974861858 ], [ 85.113594988254491, 27.87357936889061 ], [ 85.113786968111185, 27.873750085904792 ], [ 85.113796094472264, 27.873756271755191 ], [ 85.113965375035647, 27.873849219670916 ], [ 85.113976900165511, 27.873854234433463 ], [ 85.113993039670035, 27.873859663293356 ], [ 85.11400569267019, 27.873877306211394 ], [ 85.11402721738034, 27.873905342581825 ], [ 85.114072745278733, 27.87396008757409 ], [ 85.114111912729641, 27.874003645894142 ], [ 85.114173939131405, 27.87406643003996 ], [ 85.114184530683787, 27.874076199128002 ], [ 85.114200949788156, 27.874121683099233 ], [ 85.114208671792937, 27.874139293924422 ], [ 85.11425649698073, 27.874232382357373 ], [ 85.114265547452973, 27.874247643272714 ], [ 85.114314226300365, 27.87431796720956 ], [ 85.114317782330005, 27.874326673598297 ], [ 85.114330497445806, 27.874352755605862 ], [ 85.114379677178007, 27.874440292488952 ], [ 85.114408996783681, 27.874486085013469 ], [ 85.114440436381088, 27.874531956345262 ], [ 85.114462649611298, 27.874562295245301 ], [ 85.114521802314826, 27.874634919814582 ], [ 85.114543992542821, 27.874659494317427 ], [ 85.114640143813688, 27.874751945645674 ], [ 85.114662565016104, 27.874770692436243 ], [ 85.114792870639576, 27.874862964412046 ], [ 85.114816991541986, 27.874877337592668 ], [ 85.114939005700663, 27.874939613038009 ], [ 85.114968056616178, 27.874952147592136 ], [ 85.115067638981742, 27.874989434381387 ], [ 85.11510196938184, 27.875000416651243 ], [ 85.115170701507168, 27.875019981663044 ], [ 85.115217218688883, 27.875031620569509 ], [ 85.115290525672094, 27.875047376748462 ], [ 85.115339034759458, 27.875056122456442 ], [ 85.115429395852772, 27.875068679081544 ], [ 85.115488686185103, 27.875074501923184 ], [ 85.115535251401425, 27.875078113193361 ], [ 85.115593135199148, 27.875081411508031 ], [ 85.115654384938367, 27.875083254910827 ], [ 85.115698015873448, 27.875083397355411 ], [ 85.115789339129449, 27.875080040026241 ], [ 85.115828084344784, 27.875077058986889 ], [ 85.115944189735018, 27.875062080652928 ], [ 85.115978738897851, 27.875055794235621 ], [ 85.116074466422816, 27.875034014962672 ], [ 85.116105265843672, 27.875025569100067 ], [ 85.116174685776414, 27.87500405754648 ], [ 85.116202288165852, 27.874994494936921 ], [ 85.116281136364989, 27.874963694804503 ], [ 85.116305809362174, 27.874952925251581 ], [ 85.116393029158189, 27.874910009084918 ], [ 85.116414840396232, 27.874897997417396 ], [ 85.116501970354633, 27.874844220983867 ], [ 85.116520643898127, 27.87483136052332 ], [ 85.116588949949076, 27.874779877133754 ], [ 85.116607978885185, 27.874764201297914 ], [ 85.116680136402692, 27.874698378521874 ], [ 85.116721097700818, 27.874656991311117 ], [ 85.116736712344007, 27.874639946784495 ], [ 85.117568011489382, 27.87478778557843 ], [ 85.117585444348293, 27.874800450817272 ], [ 85.117612986676022, 27.874819765057122 ], [ 85.117658159163284, 27.874850332142895 ], [ 85.117704534891587, 27.874879920851043 ], [ 85.117740939907691, 27.874901796538019 ], [ 85.11783383990425, 27.874951414514484 ], [ 85.117851066910845, 27.874959536403299 ], [ 85.117961455849212, 27.875004288522103 ], [ 85.117970168259617, 27.87500727560645 ], [ 85.117979181068151, 27.875027498285448 ], [ 85.118000902722159, 27.875071355260047 ], [ 85.118033968160091, 27.875131888074453 ], [ 85.118060596065447, 27.875176336354833 ], [ 85.118097568376569, 27.875232993947805 ], [ 85.11813212317773, 27.875281776696152 ], [ 85.118134889497014, 27.87528564382087 ], [ 85.11814369337965, 27.875302275326611 ], [ 85.118156701167806, 27.875323295444296 ], [ 85.118268046291803, 27.875467916003242 ], [ 85.118289384432558, 27.875490553335631 ], [ 85.118410551998423, 27.875598954109815 ], [ 85.118452946165931, 27.875630944128407 ], [ 85.118485167244387, 27.875654266400705 ], [ 85.118504765528982, 27.875667868790167 ], [ 85.118572012621001, 27.875710739371986 ], [ 85.118595080334558, 27.875724214923459 ], [ 85.118653303698522, 27.875755791264755 ], [ 85.118654154989855, 27.875756218741046 ], [ 85.11868148608221, 27.875779241937828 ], [ 85.118703135897476, 27.875795782764932 ], [ 85.118844266120391, 27.875886148190315 ], [ 85.118864446540371, 27.875896864252883 ], [ 85.118991943692805, 27.875954161990613 ], [ 85.119016027370463, 27.875963155230547 ], [ 85.119139134082005, 27.876001068602445 ], [ 85.119141705419025, 27.876001699587064 ], [ 85.119149388801489, 27.876007116720764 ], [ 85.119225897857774, 27.876056093407062 ], [ 85.119246435685099, 27.876067993820911 ], [ 85.119336428710156, 27.876114479491513 ], [ 85.119355730876748, 27.876123306364782 ], [ 85.119489364158582, 27.876174026146309 ], [ 85.119516490228079, 27.876182337925744 ], [ 85.119578949572585, 27.876198021503534 ], [ 85.11966262965025, 27.876232382710121 ], [ 85.119692042667239, 27.876241881715298 ], [ 85.119780977301062, 27.876259344378997 ], [ 85.119864092117325, 27.876291853197369 ], [ 85.119900525816661, 27.876303830435489 ], [ 85.120077858897815, 27.876346386370969 ], [ 85.120104724375921, 27.876350562973201 ], [ 85.120125261905869, 27.876352968814718 ], [ 85.120204940662745, 27.876375484717308 ], [ 85.120250744280369, 27.876385346094942 ], [ 85.120280389947425, 27.876389847199061 ], [ 85.120301670031324, 27.876404260133732 ], [ 85.12030342030738, 27.876407547694932 ], [ 85.120337753097232, 27.876466348478786 ], [ 85.120357573702691, 27.876497446236741 ], [ 85.1204035585572, 27.876562900335145 ], [ 85.120424597873154, 27.876590177396242 ], [ 85.120486051690619, 27.876661888127877 ], [ 85.120508250075261, 27.87668526967261 ], [ 85.120568504747681, 27.876743371458435 ], [ 85.120592266846018, 27.876764361103472 ], [ 85.12067935972172, 27.876832938494335 ], [ 85.120699299431649, 27.876846911644304 ], [ 85.120813663161528, 27.876916362599662 ], [ 85.120830919048885, 27.876925372557302 ], [ 85.120927976025968, 27.876969989841339 ], [ 85.120946726342154, 27.876977502200305 ], [ 85.121044887112291, 27.87701150325471 ], [ 85.121064603355407, 27.877017305044976 ], [ 85.121166656592507, 27.877042174444632 ], [ 85.12118668502707, 27.877046070844585 ], [ 85.121327775118871, 27.877064412145618 ], [ 85.121355679097562, 27.877066275192082 ], [ 85.121495612697515, 27.87706702602356 ], [ 85.121528892579505, 27.877065162891274 ], [ 85.121650328035628, 27.877051800437389 ], [ 85.121677073823861, 27.877047389903289 ], [ 85.121769098916928, 27.877028239204609 ], [ 85.121809361958555, 27.877018082683147 ], [ 85.121863492215766, 27.877002963690657 ], [ 85.121933783363204, 27.876981395683647 ], [ 85.121969777031325, 27.876968670543913 ], [ 85.122838519604372, 27.877129719809798 ], [ 85.123691943084566, 27.878628021222049 ], [ 85.125127476486526, 27.882768672910082 ], [ 85.125246052471553, 27.882994125607386 ], [ 85.125429425512252, 27.883182225051922 ], [ 85.127220338777136, 27.884574023534295 ], [ 85.127220976093881, 27.884574738649114 ], [ 85.127271609938447, 27.884627279617213 ], [ 85.127295752548079, 27.884650469976386 ], [ 85.127353374142956, 27.884701550633682 ], [ 85.127376709788024, 27.884720641818163 ], [ 85.12745225616716, 27.884776687442002 ], [ 85.127480060908539, 27.88479536011689 ], [ 85.127537736460567, 27.884831368351097 ], [ 85.127543526791868, 27.884834722900319 ], [ 85.127598996142467, 27.88488715148312 ], [ 85.127632859916545, 27.884917672871023 ], [ 85.127677184642693, 27.8849557691209 ], [ 85.127771440535255, 27.88502741564043 ], [ 85.127778813674198, 27.885032360538638 ], [ 85.127790763520935, 27.885047697029133 ], [ 85.127807870395444, 27.885065771278789 ], [ 85.127899551116698, 27.88515071215371 ], [ 85.127919060594763, 27.885166573676038 ], [ 85.127965732303764, 27.885202269827598 ], [ 85.128012952076887, 27.885236225952081 ], [ 85.12803743655185, 27.885253288085377 ], [ 85.128057192419206, 27.885266625834053 ], [ 85.128070905527778, 27.885328315277253 ], [ 85.128077802912429, 27.885352291072326 ], [ 85.128114271215537, 27.885453699439037 ], [ 85.128123192058112, 27.885474239027452 ], [ 85.128168321121692, 27.885563428219914 ], [ 85.128182923091487, 27.885588550103094 ], [ 85.128220089860505, 27.885647044833906 ], [ 85.128237353814427, 27.885671998003762 ], [ 85.128284536874403, 27.885732466905537 ], [ 85.12831098696914, 27.885797957423225 ], [ 85.128329195393349, 27.885834374875099 ], [ 85.128406842587708, 27.885961217500952 ], [ 85.128419744395231, 27.885978781535368 ], [ 85.128495254787509, 27.886068799694051 ], [ 85.128511866258833, 27.88608622547876 ], [ 85.128581781132866, 27.886152494327952 ], [ 85.128602355345052, 27.886170126429349 ], [ 85.128657214086587, 27.886213840180307 ], [ 85.128684515480515, 27.886234056240824 ], [ 85.128735483041353, 27.886269415468622 ], [ 85.12877017049793, 27.886291938342502 ], [ 85.128887908376853, 27.8863578906162 ], [ 85.12891695279103, 27.886371785919096 ], [ 85.129113456870115, 27.886443385496761 ], [ 85.129131097828306, 27.886447967667205 ], [ 85.12929979038509, 27.886475782433454 ], [ 85.129300754153689, 27.886476238538872 ], [ 85.129335960795686, 27.886489841971514 ], [ 85.129449958563839, 27.886526862012317 ], [ 85.129476440990246, 27.886533899467913 ], [ 85.129476870094109, 27.886534202295461 ], [ 85.129538640121709, 27.886574520376531 ], [ 85.129563304697129, 27.886589379507967 ], [ 85.129621254218179, 27.886621812063662 ], [ 85.129645469289201, 27.886634371628087 ], [ 85.129670561607554, 27.886665863423151 ], [ 85.12968467272691, 27.886681988973915 ], [ 85.129760124405081, 27.886758825080943 ], [ 85.129810199765728, 27.886804348459474 ], [ 85.129868192389466, 27.886853081774738 ], [ 85.129895966613361, 27.886874648706588 ], [ 85.129940535011102, 27.886907317134007 ], [ 85.129971365695852, 27.886928635831424 ], [ 85.1300306543516, 27.886966668456257 ], [ 85.13010406596625, 27.887010276556541 ], [ 85.130158221162304, 27.887040301783284 ], [ 85.130197874546297, 27.887060777197149 ], [ 85.130241890430881, 27.887082229961553 ], [ 85.130283384345304, 27.887101283659128 ], [ 85.130327037408165, 27.88712016809264 ], [ 85.130339003930857, 27.887125033940134 ], [ 85.130354938496652, 27.887139397539752 ], [ 85.130396295001347, 27.887174631030653 ], [ 85.130439902047868, 27.887209738551192 ], [ 85.130536202354278, 27.887278281428973 ], [ 85.130589503778879, 27.887311707341063 ], [ 85.130660721569953, 27.887352523202939 ], [ 85.130713115869966, 27.887379870345576 ], [ 85.130745786707237, 27.887396209718151 ], [ 85.130887351507482, 27.887463982897533 ], [ 85.130972666890543, 27.887504931953423 ], [ 85.13100733822013, 27.88752081665687 ], [ 85.131193642478763, 27.887602186272701 ], [ 85.131202037797578, 27.887606270723591 ], [ 85.131277169828266, 27.887654454890374 ], [ 85.131331044410402, 27.887686728532451 ], [ 85.13137532680426, 27.887711462884894 ], [ 85.131473828406541, 27.887759931055147 ], [ 85.131508737628437, 27.887774925143972 ], [ 85.131542534622085, 27.887788076367126 ], [ 85.131558065270468, 27.887799223993156 ], [ 85.131563744640843, 27.887810091405925 ], [ 85.13159877941726, 27.887870977636897 ], [ 85.13163230354543, 27.887924164510935 ], [ 85.131680290795771, 27.887992881184655 ], [ 85.131705946402263, 27.888026189097065 ], [ 85.131790153247465, 27.888121169562101 ], [ 85.131808744371554, 27.888139470134458 ], [ 85.131893171989319, 27.888213404261794 ], [ 85.131916264071847, 27.888231390404101 ], [ 85.132002452969459, 27.888291535006033 ], [ 85.132033652963983, 27.888310983745431 ], [ 85.132112498487956, 27.888388369038037 ], [ 85.132136982617453, 27.888411564765349 ], [ 85.132184368077105, 27.888454900281307 ], [ 85.13222809618712, 27.888492562725816 ], [ 85.132275547710236, 27.888531048316857 ], [ 85.132314215030775, 27.888560857237902 ], [ 85.132369281147916, 27.88860119227936 ], [ 85.132406363145932, 27.888627092921933 ], [ 85.132579408555898, 27.888742284802387 ], [ 85.132614130316654, 27.888766500079168 ], [ 85.132624626785571, 27.88877454336852 ], [ 85.132663664326103, 27.888817045168945 ], [ 85.132714964554808, 27.888868735496278 ], [ 85.132735556434611, 27.888887951996818 ], [ 85.132788671976769, 27.888933472050862 ], [ 85.134253395633081, 27.891484547510533 ], [ 85.134251668813263, 27.89150363273211 ], [ 85.134249255701292, 27.891538966080233 ], [ 85.134246755260108, 27.891593136556306 ], [ 85.134245903982801, 27.891631796086525 ], [ 85.134246005114662, 27.89167996965643 ], [ 85.134246442148253, 27.891693131192355 ], [ 85.13406377058287, 27.894755241856398 ], [ 85.134072199767814, 27.894928390396675 ], [ 85.134278185596358, 27.896232666356976 ], [ 85.134274049917735, 27.896280997859453 ], [ 85.134271797062212, 27.896328715364199 ], [ 85.134271592935136, 27.8963997457513 ], [ 85.134273430088271, 27.896444061265218 ], [ 85.134280767290988, 27.896524060828295 ], [ 85.134286294425124, 27.896562891443388 ], [ 85.134299428113451, 27.896632908640957 ], [ 85.134309317321865, 27.896675276448629 ], [ 85.134323833585697, 27.896729106578128 ], [ 85.134338129996934, 27.896775756727589 ], [ 85.13435002258899, 27.896811615683482 ], [ 85.134371818801057, 27.896872643589518 ], [ 85.13437972908774, 27.896892882417653 ], [ 85.134435216499782, 27.897226796275483 ], [ 85.134448331817381, 27.897290035011238 ], [ 85.13501883519821, 27.899579684141091 ], [ 85.135019735431527, 27.899606828883964 ], [ 85.135022754814031, 27.899654671814243 ], [ 85.13502959373595, 27.899728092963787 ], [ 85.135034474292283, 27.89976907757012 ], [ 85.135045929251746, 27.899847998597348 ], [ 85.135051631930523, 27.899882129405658 ], [ 85.13506801473325, 27.899968745732519 ], [ 85.135073694141383, 27.899996172571065 ], [ 85.135086665347302, 27.900053794115173 ], [ 85.135097298014955, 27.900095791720933 ], [ 85.135110080595794, 27.900141193943593 ], [ 85.135134983606378, 27.900215813691851 ], [ 85.135150437638359, 27.900255718111513 ], [ 85.135187164079682, 27.900337380050644 ], [ 85.135208929206215, 27.900379668483833 ], [ 85.135225478653965, 27.900409022570877 ], [ 85.135506292204568, 27.901536033181056 ], [ 85.135645920913646, 27.901832154050304 ], [ 85.136245342198961, 27.902652910734314 ], [ 85.13662456082244, 27.904696433505158 ], [ 85.136437867055918, 27.906492426843762 ], [ 85.136171341206563, 27.907132015630896 ], [ 85.136160108591966, 27.907139769120512 ], [ 85.136144868009197, 27.907151219231924 ], [ 85.136035006440963, 27.907247379408609 ], [ 85.136023557398872, 27.907259050474888 ], [ 85.135894577371673, 27.90742476450183 ], [ 85.135887479279504, 27.90743649894674 ], [ 85.135796245630132, 27.90764677059116 ], [ 85.135792698280127, 27.90765949887318 ], [ 85.135765196003362, 27.90781609498594 ], [ 85.135764012295354, 27.90783180453186 ], [ 85.135767234892299, 27.907985767543604 ], [ 85.135771964512799, 27.908026013191865 ], [ 85.135781052829515, 27.908068605052037 ], [ 85.134778595954131, 27.910474213125724 ], [ 85.133088694411612, 27.913239540837193 ], [ 85.133037315424005, 27.913279810765054 ], [ 85.132795229473373, 27.91356297599993 ], [ 85.132597422476721, 27.913925617613931 ], [ 85.132510152318332, 27.914202440069158 ], [ 85.132436647736114, 27.914374295403878 ], [ 85.132410960550757, 27.914614758953039 ], [ 85.132458950473847, 27.915689758771826 ], [ 85.132550827922643, 27.916030556451943 ], [ 85.132781935911737, 27.916314563612179 ], [ 85.135325936447543, 27.918417576303703 ], [ 85.13550841436269, 27.918537623565143 ], [ 85.135549142100786, 27.918558601113666 ], [ 85.135571446254318, 27.918608442914035 ], [ 85.135586205417638, 27.918638059646234 ], [ 85.135611419233456, 27.918683772864409 ], [ 85.135604214022621, 27.918720886059354 ], [ 85.135597648821971, 27.918728852626948 ], [ 85.135539945653377, 27.918807076900617 ], [ 85.13551061998416, 27.918851718540637 ], [ 85.135477895153016, 27.918905662839371 ], [ 85.135451108878371, 27.918953651813311 ], [ 85.135424266836836, 27.919005848243824 ], [ 85.135400252613167, 27.919056770764424 ], [ 85.135378313657668, 27.919107532672271 ], [ 85.13535731086327, 27.91916087938117 ], [ 85.135339482151679, 27.919210761523722 ], [ 85.135321694336142, 27.919266038821608 ], [ 85.13530743735258, 27.919315624126064 ], [ 85.135293101255911, 27.919372121367463 ], [ 85.135282086988894, 27.919422051549937 ], [ 85.135271375910833, 27.919479084304154 ], [ 85.135263469144832, 27.919530122739946 ], [ 85.135256517359963, 27.919586971753624 ], [ 85.13525515605221, 27.919598833344477 ], [ 85.135247965282957, 27.919665877031264 ], [ 85.135244362980444, 27.919711896094054 ], [ 85.13524267694909, 27.919746022725885 ], [ 85.135243643582584, 27.919841374092776 ], [ 85.135245829527264, 27.919872719399489 ], [ 85.135269525691101, 27.9200183819693 ], [ 85.135276214853576, 27.920044324700534 ], [ 85.135326656456684, 27.920185502252561 ], [ 85.13533422209774, 27.920201875326299 ], [ 85.135383665261713, 27.920293745621276 ], [ 85.135393944521041, 27.920310364808255 ], [ 85.135446347968823, 27.920386010762659 ], [ 85.13545927868465, 27.920402768727115 ], [ 85.135511774824081, 27.920464889333505 ], [ 85.135527233691306, 27.920481630080982 ], [ 85.135604713436663, 27.920556498777248 ], [ 85.135642750392208, 27.920589331194815 ], [ 85.1357460270563, 27.920667280120419 ], [ 85.135790031631529, 27.920696235054514 ], [ 85.135918966413087, 27.920768434564422 ], [ 85.13594333779227, 27.920779909069068 ], [ 85.136088389884577, 27.92083583061644 ], [ 85.136115690237048, 27.920844179773727 ], [ 85.136251310562372, 27.920876538240762 ], [ 85.136281748026519, 27.920881828936729 ], [ 85.136399443899066, 27.920896002842461 ], [ 85.136433455055496, 27.92089831137362 ], [ 85.13652488324297, 27.920900848455645 ], [ 85.136558889334864, 27.920900431427441 ], [ 85.136626514565933, 27.92089759819206 ], [ 85.136665282551547, 27.920894821537754 ], [ 85.136723052242445, 27.920889202627567 ], [ 85.13685686543991, 27.920872734702961 ], [ 85.136928556507101, 27.920864138553192 ], [ 85.136981402203332, 27.920856537783134 ], [ 85.137038672295361, 27.920846918819588 ], [ 85.137112633396995, 27.920831936086788 ], [ 85.137163258548711, 27.92081989790222 ], [ 85.137253312926163, 27.920794441768372 ], [ 85.137298339566229, 27.920779632123327 ], [ 85.137393944300015, 27.920743138943578 ], [ 85.137459435352199, 27.92071452659901 ], [ 85.137535746111197, 27.920677503692275 ], [ 85.137564665323836, 27.920662010431769 ], [ 85.137620029462951, 27.920630126764692 ], [ 85.137646350644587, 27.920613866446285 ], [ 85.137726959134525, 27.920558543404031 ], [ 85.137747047431063, 27.920543268203083 ], [ 85.137768591796487, 27.920524926781557 ], [ 85.13779376193169, 27.920531462616463 ], [ 85.137820518549802, 27.920538059157817 ], [ 85.137904447720899, 27.920557657724423 ], [ 85.137963126979557, 27.920569720236823 ], [ 85.138045406743458, 27.920584366219188 ], [ 85.13813031643673, 27.920596186788586 ], [ 85.138204183925026, 27.920603642666784 ], [ 85.138215672025424, 27.920604743502768 ], [ 85.138409423395984, 27.920622319496374 ], [ 85.138452618960557, 27.920625412654655 ], [ 85.138526666423516, 27.920629305131914 ], [ 85.138594370711417, 27.920630855290494 ], [ 85.13863503627627, 27.920630581910324 ], [ 85.138699421597465, 27.92062833395979 ], [ 85.13873708841183, 27.92062595426157 ], [ 85.138748410903801, 27.920624872986856 ], [ 85.138755492082581, 27.920625539147338 ], [ 85.138773061630815, 27.920622518875096 ], [ 85.138809987394481, 27.920618992569096 ], [ 85.138845382707458, 27.920614459529016 ], [ 85.138844692147288, 27.920610205424136 ], [ 85.138946297670898, 27.92059273907844 ], [ 85.13894735120482, 27.92059687165218 ], [ 85.138958252692632, 27.920594679053234 ], [ 85.139021413181339, 27.920579826462721 ], [ 85.139050317209225, 27.920574857743539 ], [ 85.139063027738175, 27.920568866806324 ], [ 85.139083294353554, 27.920563398167701 ], [ 85.139164353375733, 27.920538154287136 ], [ 85.139208338287602, 27.92052257185108 ], [ 85.139283547590153, 27.920492734241929 ], [ 85.139317650428012, 27.920477703218051 ], [ 85.139369389498526, 27.920453221727659 ], [ 85.139401784666575, 27.920436810292539 ], [ 85.13945426279723, 27.920408320953037 ], [ 85.139484592542175, 27.920390713794394 ], [ 85.139538226802742, 27.920357338088721 ], [ 85.139566268459063, 27.920338663059297 ], [ 85.139620841081907, 27.920299636990176 ], [ 85.13964636527237, 27.920280057951352 ], [ 85.139701483444824, 27.920234503882646 ], [ 85.139724446765115, 27.92021406356999 ], [ 85.1397363760655, 27.920202562264439 ], [ 85.140150147200941, 27.920191844822352 ], [ 85.140634772218149, 27.920456740892551 ], [ 85.141413315710409, 27.921003454236871 ], [ 85.141873921437963, 27.921474631658008 ], [ 85.142128833994661, 27.921662300398904 ], [ 85.142641836247236, 27.921928302427776 ], [ 85.143006942855592, 27.922041863930779 ], [ 85.144842179624789, 27.922280331617308 ], [ 85.145451747512681, 27.922460616027362 ], [ 85.145452676608457, 27.922488927643407 ], [ 85.145456053760668, 27.922523695758297 ], [ 85.145472802923777, 27.922626532462417 ], [ 85.14547797809557, 27.922649061092173 ], [ 85.145499754264449, 27.922726289970292 ], [ 85.14550752562937, 27.922749460927403 ], [ 85.145533453198169, 27.922816908036818 ], [ 85.145543847602838, 27.922840815538606 ], [ 85.145571676262037, 27.922898724561925 ], [ 85.145584772064964, 27.922923540229373 ], [ 85.145625167682681, 27.922992244193527 ], [ 85.145659253103915, 27.923044604405654 ], [ 85.145703114288466, 27.923106113307465 ], [ 85.145753321419576, 27.923170609550805 ], [ 85.14577254704173, 27.923194468187056 ], [ 85.145805242525356, 27.923233679576146 ], [ 85.145837698149251, 27.923270563049158 ], [ 85.145862852951907, 27.923297670002697 ], [ 85.145918486859202, 27.923352842266585 ], [ 85.145942673676927, 27.923374932864817 ], [ 85.146025882381608, 27.923442915508343 ], [ 85.146049483616977, 27.923460146511868 ], [ 85.146167528943906, 27.923534481412357 ], [ 85.146192519320223, 27.92354795153906 ], [ 85.146311874540373, 27.923603034449812 ], [ 85.146341872186127, 27.923614708351749 ], [ 85.146456629745259, 27.92365223039317 ], [ 85.146516712279194, 27.923668301041623 ], [ 85.146521601940066, 27.923690344506468 ], [ 85.14653476523452, 27.923739092772205 ], [ 85.146551306831725, 27.923792948298683 ], [ 85.14656832602148, 27.923842293556309 ], [ 85.146592532827569, 27.923904324781287 ], [ 85.146613580019832, 27.923952517644668 ], [ 85.146644498546252, 27.924015986321109 ], [ 85.146671794780659, 27.924066603398064 ], [ 85.146700968008489, 27.924116629614975 ], [ 85.146735029071095, 27.924170824884737 ], [ 85.146758274408583, 27.924205925901003 ], [ 85.146804144900926, 27.924271746012636 ], [ 85.146830806640565, 27.924308026954584 ], [ 85.146851613024566, 27.924334907357803 ], [ 85.146887488776727, 27.924378412137198 ], [ 85.146912598057881, 27.924407026332144 ], [ 85.146944093639263, 27.924441162602267 ], [ 85.146977010953464, 27.92447511115174 ], [ 85.146977314051625, 27.924490829808576 ], [ 85.146984462599917, 27.924583340123242 ], [ 85.146989433092727, 27.924619975209232 ], [ 85.147015780427182, 27.924742315570779 ], [ 85.14702523474007, 27.924774128617269 ], [ 85.147063968883316, 27.924878325210326 ], [ 85.14708357132875, 27.924921948300035 ], [ 85.147117367727589, 27.92498907578727 ], [ 85.147140938129183, 27.925031197303912 ], [ 85.147182278174796, 27.925097862782621 ], [ 85.147186535306275, 27.925104090995106 ], [ 85.147195804291258, 27.925127401687959 ], [ 85.1471958462066, 27.925127499809275 ], [ 85.147234741891083, 27.925244949901707 ], [ 85.147758272068813, 27.92618834859914 ], [ 85.147833470435245, 27.927097607133689 ], [ 85.147786069953341, 27.927177681960249 ], [ 85.147258328068105, 27.927405221819814 ], [ 85.147015817028347, 27.927551545016303 ], [ 85.146830444686145, 27.927753281618731 ], [ 85.146397441751972, 27.928395278795435 ], [ 85.146258835811366, 27.928762614028383 ], [ 85.146220467985898, 27.929079810193691 ], [ 85.145969174703936, 27.929567467574458 ], [ 85.145886247531976, 27.929821616252038 ], [ 85.145889887428908, 27.93008620259323 ], [ 85.145979782196349, 27.930338475696423 ], [ 85.146257637023766, 27.93084460724813 ], [ 85.146725770279133, 27.932523876189219 ], [ 85.146759204172866, 27.93262032678793 ], [ 85.147447234302007, 27.934270686962531 ], [ 85.147520759228527, 27.934715165793811 ], [ 85.147624838871991, 27.935000789055792 ], [ 85.147882835990217, 27.935440790623886 ], [ 85.148087073507838, 27.935680628327706 ], [ 85.148368705445492, 27.93584754796678 ], [ 85.148696456371709, 27.935923012778563 ], [ 85.149033929340632, 27.93589864243669 ], [ 85.149475387796983, 27.935799141686132 ], [ 85.14995950586227, 27.936167930533298 ], [ 85.15014285409498, 27.936279204594886 ], [ 85.152240301081406, 27.937272686169326 ], [ 85.154648490969819, 27.939156659591312 ], [ 85.15589129728022, 27.940264821467498 ], [ 85.15607440743176, 27.940557707340691 ], [ 85.156063315450922, 27.940904373077807 ], [ 85.156135341811435, 27.94123778147701 ], [ 85.156035284379612, 27.941375199414292 ], [ 85.155953125131177, 27.941615435880557 ], [ 85.155948680779446, 27.941866476994981 ], [ 85.155978678837229, 27.942080477089547 ], [ 85.156082517431585, 27.942380188631304 ], [ 85.156295581492572, 27.942630245551374 ], [ 85.156592141985911, 27.942800451024926 ], [ 85.156804509762168, 27.94284351136362 ], [ 85.156829317257049, 27.9428782261006 ], [ 85.156857919075435, 27.942916099943815 ], [ 85.156941531850705, 27.943020987812773 ], [ 85.156968142321361, 27.943052859602172 ], [ 85.157063597994451, 27.943162084438164 ], [ 85.15708717015751, 27.943188051341046 ], [ 85.157196378988772, 27.943303905708685 ], [ 85.157215413861238, 27.943323520066659 ], [ 85.157348239430178, 27.943456482847097 ], [ 85.157376732015592, 27.943483845102367 ], [ 85.157427861857954, 27.943530956457145 ], [ 85.157453294445034, 27.943553574400969 ], [ 85.157483386526337, 27.943579404530478 ], [ 85.157510425208741, 27.943628980273786 ], [ 85.157549167565975, 27.943706103930705 ], [ 85.157589164653729, 27.943792248172215 ], [ 85.15763136554942, 27.943890101174869 ], [ 85.15767055610489, 27.943986888840669 ], [ 85.157713705679313, 27.944099058815599 ], [ 85.157882759467071, 27.944561724345821 ], [ 85.157886727008631, 27.944572357507493 ], [ 85.157960350058403, 27.944765641052502 ], [ 85.157966593727309, 27.944781542180873 ], [ 85.158008351277005, 27.944884779981855 ], [ 85.158014440309643, 27.944899434166686 ], [ 85.158055230832815, 27.944995045745824 ], [ 85.158062483217648, 27.945011553927131 ], [ 85.158103098474982, 27.945101389122208 ], [ 85.158111551284705, 27.945119513181343 ], [ 85.158152413481417, 27.945204502677786 ], [ 85.158154475052797, 27.945208760250907 ], [ 85.1582845551129, 27.945475511469812 ], [ 85.158291240235826, 27.945488920445669 ], [ 85.158356222149166, 27.945616452168171 ], [ 85.158370452887425, 27.945643204556543 ], [ 85.158438768355637, 27.945766360535526 ], [ 85.158448505914834, 27.945782933448484 ], [ 85.158415202837475, 27.945813416676902 ], [ 85.158277629903353, 27.94605363403128 ], [ 85.15819162824306, 27.946283633378741 ], [ 85.158139958883083, 27.94658110394062 ], [ 85.158201331782209, 27.946877116936502 ], [ 85.158368919571743, 27.947138738615237 ], [ 85.158624077330472, 27.947336861294648 ], [ 85.159336624317788, 27.947725605923836 ], [ 85.159990021290795, 27.948271079535772 ], [ 85.160236184897983, 27.948830257062404 ], [ 85.160236572404827, 27.948853168830684 ], [ 85.160238220527788, 27.948892744842738 ], [ 85.16024331628185, 27.948969470887722 ], [ 85.160249916460899, 27.949031875022417 ], [ 85.160261952256917, 27.949114667318128 ], [ 85.160270518833499, 27.949163165711539 ], [ 85.16028950942696, 27.949254392544166 ], [ 85.160297339845201, 27.949288346304687 ], [ 85.160319794679708, 27.949377014905501 ], [ 85.16032391477134, 27.949392634496078 ], [ 85.160380890797938, 27.949600299524146 ], [ 85.160400456924663, 27.949686133182105 ], [ 85.160411305408857, 27.949748394290481 ], [ 85.160423395088827, 27.949832910023535 ], [ 85.160474446561139, 27.950266252754364 ], [ 85.160477840957, 27.950291596810423 ], [ 85.160491813480064, 27.950384676097098 ], [ 85.160495585471935, 27.950407560093382 ], [ 85.160510775360507, 27.950492137202374 ], [ 85.160516502156526, 27.950521001849101 ], [ 85.16053435249583, 27.950603141920951 ], [ 85.160538368883223, 27.950674068483657 ], [ 85.160633830733971, 27.951069677442096 ], [ 85.160647052842691, 27.95115794019722 ], [ 85.160648324053824, 27.95116862343351 ], [ 85.160668924695671, 27.951565680937577 ], [ 85.1606692751796, 27.951583148394594 ], [ 85.160672077359905, 27.951667073469942 ], [ 85.160673738862513, 27.951698421977579 ], [ 85.16068099087984, 27.951798246564344 ], [ 85.160719216371788, 27.952535006355433 ], [ 85.160586918928303, 27.952946008155244 ], [ 85.16054912231634, 27.953240218920627 ], [ 85.160562047469668, 27.953464022954389 ], [ 85.160442732951225, 27.953603048693939 ], [ 85.160296843043156, 27.953839483657763 ], [ 85.160236122265744, 27.954103636119232 ], [ 85.160233685841291, 27.954145685231957 ], [ 85.160218652034331, 27.954202190939178 ], [ 85.160211305088481, 27.954239641903868 ], [ 85.160203549347557, 27.954286383867256 ], [ 85.160197551635548, 27.954330514024196 ], [ 85.160190974383383, 27.954404126904368 ], [ 85.160188966795417, 27.954450714599041 ], [ 85.160188911718322, 27.954518421451002 ], [ 85.160190921379112, 27.954566886756783 ], [ 85.160196065261232, 27.95463021970593 ], [ 85.160202058389117, 27.954679678650038 ], [ 85.160211653102678, 27.954739777353378 ], [ 85.160218278702374, 27.954773156366773 ], [ 85.160230553682226, 27.954825777817867 ], [ 85.160240106598636, 27.954861360100491 ], [ 85.160259423540424, 27.954923408628535 ], [ 85.16028851805261, 27.955005360434729 ], [ 85.160310249746274, 27.955060320098415 ], [ 85.160333005363867, 27.955112424487162 ], [ 85.160356471717861, 27.95516176056303 ], [ 85.160383160238084, 27.955213528560542 ], [ 85.160409091107681, 27.955260219038074 ], [ 85.160439379909292, 27.955311008145184 ], [ 85.160468082470686, 27.955355974221224 ], [ 85.160501532812859, 27.955405046662754 ], [ 85.160541905879867, 27.95545970301162 ], [ 85.160560660703396, 27.955483191513 ], [ 85.160591535639625, 27.955518893661463 ], [ 85.16060727839627, 27.955584100401101 ], [ 85.160484393645973, 27.955796409676719 ], [ 85.160465469624654, 27.955823645283292 ], [ 85.160431361152959, 27.955876819632888 ], [ 85.160400553165232, 27.955923819338643 ], [ 85.160359743485884, 27.955992758537654 ], [ 85.160328123698164, 27.956052277123604 ], [ 85.160302732176078, 27.956104238820828 ], [ 85.160290935321257, 27.956130618125016 ], [ 85.160189106716828, 27.956306581391207 ], [ 85.160095037142895, 27.95654861411743 ], [ 85.160087134505289, 27.95669588016754 ], [ 85.160079452170336, 27.956742699251404 ], [ 85.160070480036367, 27.956821466399994 ], [ 85.160066313473891, 27.956886395036395 ], [ 85.160065383853052, 27.956971599854601 ], [ 85.160066414763293, 27.956995970476349 ], [ 85.160073904954473, 27.957076545122369 ], [ 85.160077040098031, 27.95709831768702 ], [ 85.160092672450133, 27.957178175539706 ], [ 85.160099121884755, 27.957204147407925 ], [ 85.16012356692606, 27.957284684260564 ], [ 85.160131604888448, 27.957307004305576 ], [ 85.160177416851212, 27.957411384654993 ], [ 85.160186999577761, 27.957429757180972 ], [ 85.160244957236685, 27.957525339086942 ], [ 85.16025823014914, 27.957544386364745 ], [ 85.160329894628717, 27.957634426679324 ], [ 85.160374310486986, 27.957683561936605 ], [ 85.160410450803951, 27.957723629132371 ], [ 85.160456947351804, 27.957771625106425 ], [ 85.160476666498184, 27.957790591592691 ], [ 85.160588885604483, 27.957883383234847 ], [ 85.160609330838923, 27.957897893072666 ], [ 85.160817590500415, 27.958012173013763 ], [ 85.160837533263049, 27.958020354280546 ], [ 85.161054673207886, 27.958084250741731 ], [ 85.161056490118895, 27.958084589898675 ], [ 85.161064871190646, 27.958086408673378 ], [ 85.16132955638021, 27.95811196714774 ], [ 85.161357430924369, 27.958111396566309 ], [ 85.161543769353614, 27.958092205101099 ], [ 85.16157744500633, 27.958085897356 ], [ 85.161708850766274, 27.958052959885745 ], [ 85.161744975279177, 27.958041528086614 ], [ 85.161840129733292, 27.958004354021092 ], [ 85.161885409248441, 27.957995293817511 ], [ 85.161924125987312, 27.957986530919932 ], [ 85.162037989844762, 27.957954321266161 ], [ 85.162072515570685, 27.957942527788759 ], [ 85.162215179263811, 27.957882101423994 ], [ 85.162244568383855, 27.957867058073273 ], [ 85.162264025582928, 27.957856840787347 ], [ 85.162284901206945, 27.957845598643345 ], [ 85.16241755915145, 27.957747549585555 ], [ 85.162455028935966, 27.957804035033888 ], [ 85.162486860235617, 27.957848946216473 ], [ 85.162540772946315, 27.957920270314972 ], [ 85.162574276637599, 27.95796198405942 ], [ 85.16264109367556, 27.958040368128934 ], [ 85.162668041512973, 27.958070615469882 ], [ 85.162753052919811, 27.958161953790455 ], [ 85.162791844623214, 27.958201256838127 ], [ 85.162827336100818, 27.958235181829927 ], [ 85.162864827075623, 27.958269175115561 ], [ 85.162898859619418, 27.95829844731141 ], [ 85.162949421963305, 27.958339106778936 ], [ 85.162992946243605, 27.958371814153008 ], [ 85.163045836950715, 27.958408957683339 ], [ 85.163095748977071, 27.958441679015479 ], [ 85.163140196146983, 27.958469222350079 ], [ 85.163197537116758, 27.958502772928583 ], [ 85.163229378676078, 27.95852066078626 ], [ 85.163305576283719, 27.958561730674258 ], [ 85.163333240711651, 27.958576116290704 ], [ 85.163389508456717, 27.958604326969962 ], [ 85.163424900892181, 27.958621260619115 ], [ 85.163486407810311, 27.958649309259879 ], [ 85.163517103265463, 27.958662732109715 ], [ 85.163585160149566, 27.958691239052623 ], [ 85.163609818081866, 27.958701212904806 ], [ 85.163689595113169, 27.958732348103858 ], [ 85.163724967396817, 27.95874545212402 ], [ 85.163767409291012, 27.958760347137694 ], [ 85.163813327831051, 27.958775337902573 ], [ 85.163829802155618, 27.958780319846788 ], [ 85.163841326083983, 27.958786089463203 ], [ 85.163872902894909, 27.958800685120863 ], [ 85.163927181034964, 27.958823983856085 ], [ 85.163962002897165, 27.958837815085232 ], [ 85.164022101158693, 27.958859667625298 ], [ 85.164088748045387, 27.958881720874395 ], [ 85.164129141599304, 27.958894233712673 ], [ 85.164162931202711, 27.958903997477535 ], [ 85.164183193908215, 27.95891594666853 ], [ 85.164217749168927, 27.958935445331772 ], [ 85.164285557973884, 27.958972026670722 ], [ 85.164361062182039, 27.959008960995181 ], [ 85.164428878143326, 27.959038878495896 ], [ 85.164437462031458, 27.959042366373179 ], [ 85.164450116520428, 27.959058930891612 ], [ 85.164488027783563, 27.959105313921675 ], [ 85.164526858416068, 27.959149779718331 ], [ 85.164565608952216, 27.959191508587207 ], [ 85.164620344868638, 27.959246977420584 ], [ 85.164682050315008, 27.959304229086957 ], [ 85.164719069430049, 27.959335686778324 ], [ 85.164810560307828, 27.959404716712907 ], [ 85.164832365258917, 27.95941929011174 ], [ 85.16491039772194, 27.959466563942836 ], [ 85.164934482686007, 27.959479741828488 ], [ 85.165009891989499, 27.959517171540146 ], [ 85.165036499614459, 27.959529089809173 ], [ 85.165105736801465, 27.959557264768684 ], [ 85.165135366389265, 27.95956814847565 ], [ 85.165210971678007, 27.959592851932573 ], [ 85.165267342029168, 27.959609048607472 ], [ 85.165317266797217, 27.959622148925153 ], [ 85.165460145977477, 27.959656132597818 ], [ 85.165519204143067, 27.959670508171069 ], [ 85.165582522219296, 27.95968399995942 ], [ 85.165652620844881, 27.959696842725407 ], [ 85.165711354060548, 27.959706016898405 ], [ 85.165925696941287, 27.959733767442692 ], [ 85.165959976115914, 27.959739140271285 ], [ 85.165962793273479, 27.959739745571756 ], [ 85.165974260132643, 27.959743138672692 ], [ 85.165987557860518, 27.959747478868195 ], [ 85.165996923119579, 27.959754323260636 ], [ 85.166027094045916, 27.959773595272861 ], [ 85.166167078157997, 27.9598486237741 ], [ 85.166203549715462, 27.959864771434859 ], [ 85.166265768133059, 27.959888455871919 ], [ 85.166274383760197, 27.959908182819991 ], [ 85.166275012013998, 27.959909389949903 ], [ 85.16631154655424, 27.960000545755527 ], [ 85.16638972243382, 27.960150482088181 ], [ 85.166406836586859, 27.960176701972465 ], [ 85.166427997769063, 27.960219429969808 ], [ 85.166439626093222, 27.960242057992744 ], [ 85.166485699991611, 27.96032853882415 ], [ 85.166500587037746, 27.960355325733467 ], [ 85.166546217760114, 27.960434116975613 ], [ 85.166577065655403, 27.960483516617909 ], [ 85.166603122973612, 27.960522328212189 ], [ 85.166605557226106, 27.960529376755961 ], [ 85.16662044407164, 27.960569161354378 ], [ 85.166633313259453, 27.960601057521753 ], [ 85.166660881730053, 27.960662249213971 ], [ 85.166684510469565, 27.960709603741329 ], [ 85.166709416775632, 27.96075591587466 ], [ 85.166738733878901, 27.9608066654929 ], [ 85.166759535894897, 27.960840842589086 ], [ 85.166793966360203, 27.960894610520199 ], [ 85.166806871374206, 27.960914186573106 ], [ 85.166864370781212, 27.960998947799482 ], [ 85.16686957123251, 27.961006529467269 ], [ 85.166946650174054, 27.961117664634028 ], [ 85.166972195767002, 27.961152659371464 ], [ 85.167001870812882, 27.961191323261183 ], [ 85.167028521565811, 27.961224418024209 ], [ 85.167056984416277, 27.961258130121323 ], [ 85.167114054971208, 27.961319836437795 ], [ 85.167148559754864, 27.961353947584769 ], [ 85.167187144766743, 27.961389433129856 ], [ 85.167198238494223, 27.961437241938043 ], [ 85.167201061581025, 27.961465769755691 ], [ 85.167207541572509, 27.96150490343371 ], [ 85.16720768198536, 27.961505508157064 ], [ 85.167191280895224, 27.961532674609419 ], [ 85.167088443859811, 27.961791135811623 ], [ 85.167077750953126, 27.962065087557004 ], [ 85.167160189500109, 27.962329249942751 ], [ 85.167308687434797, 27.962622304478632 ], [ 85.167310629787067, 27.962635749421807 ], [ 85.167315223065387, 27.962653909729596 ], [ 85.167356721663054, 27.962758201135319 ], [ 85.167353684591305, 27.962805072454657 ], [ 85.167351388395829, 27.962812435295113 ], [ 85.167332388605033, 27.962884831987228 ], [ 85.167320815379554, 27.962938923726011 ], [ 85.167307605473397, 27.963021143269639 ], [ 85.167301670608111, 27.963076059170959 ], [ 85.167298203281632, 27.963118789979159 ], [ 85.167295432206231, 27.963169815044711 ], [ 85.167294276535557, 27.963219450160615 ], [ 85.167294643552069, 27.963267083116918 ], [ 85.167297107201264, 27.963324005733934 ], [ 85.167300614289303, 27.96336843071235 ], [ 85.167305416641284, 27.963413220669068 ], [ 85.167311414165596, 27.963457441834457 ], [ 85.167311366709583, 27.963458175003872 ], [ 85.167355652150164, 27.963778306727413 ], [ 85.167392139871922, 27.963882338421104 ], [ 85.167411890412353, 27.963973136901554 ], [ 85.167424027843808, 27.964015288896025 ], [ 85.167450441289731, 27.964092465563738 ], [ 85.167472107647214, 27.964146897203484 ], [ 85.167493696521717, 27.964196441362702 ], [ 85.167525883778495, 27.964264301167276 ], [ 85.167560625530612, 27.964330021924599 ], [ 85.16759593311393, 27.964390374083152 ], [ 85.167645149943652, 27.964465433841852 ], [ 85.167682843629848, 27.964517036690403 ], [ 85.167733868439925, 27.964580675867676 ], [ 85.16775348411575, 27.964603026083015 ], [ 85.167796674944114, 27.964649006334792 ], [ 85.167816746394692, 27.964668987300481 ], [ 85.167882009531269, 27.964728238440603 ], [ 85.167908751897798, 27.964750384829976 ], [ 85.167990942608441, 27.964811577775123 ], [ 85.168021429172484, 27.964831942886505 ], [ 85.168101715108293, 27.964880420985814 ], [ 85.168136150889012, 27.964899142913907 ], [ 85.168210594621115, 27.964935899796316 ], [ 85.168249392482394, 27.964953207846168 ], [ 85.168313429209817, 27.964979346841904 ], [ 85.168354578749884, 27.964994632144538 ], [ 85.168406984614464, 27.965012604251179 ], [ 85.168453984766614, 27.965027410595209 ], [ 85.168506975060822, 27.96504266569584 ], [ 85.168645728091505, 27.965078910734597 ], [ 85.168685811518145, 27.965088595613089 ], [ 85.168772737588327, 27.965107913263097 ], [ 85.168783933540453, 27.965110341498512 ], [ 85.168869733802168, 27.965128493447267 ], [ 85.168913528892304, 27.965136656097805 ], [ 85.168957560235967, 27.965178854364702 ], [ 85.168966911774959, 27.965195772258767 ], [ 85.169188357725631, 27.965398375255315 ], [ 85.169254576748685, 27.965429451609619 ], [ 85.16931651562706, 27.965553424115821 ], [ 85.16932486304681, 27.96556694958058 ], [ 85.169400773473768, 27.965671988702915 ], [ 85.169412148104286, 27.96568556166666 ], [ 85.169490821148102, 27.965768522191599 ], [ 85.169504594324991, 27.96578138974338 ], [ 85.169628419120897, 27.965879593649799 ], [ 85.169646637883901, 27.965891821824698 ], [ 85.169782364328242, 27.965968724379849 ], [ 85.169807608969691, 27.965980642604841 ], [ 85.169918454837784, 27.966025625686818 ], [ 85.169936996293131, 27.966031986619136 ], [ 85.170060951106748, 27.966066604345698 ], [ 85.170081182303434, 27.966071014927817 ], [ 85.170197359571574, 27.96609006481135 ], [ 85.170219085117395, 27.966092478220222 ], [ 85.170325983902217, 27.966099296799406 ], [ 85.170348916640293, 27.966099683042017 ], [ 85.170427812216502, 27.966097604035884 ], [ 85.170433783608019, 27.966494601153336 ], [ 85.170458100733384, 27.96657982729937 ], [ 85.170487888177192, 27.96670012812848 ], [ 85.170491988304249, 27.966710674647373 ], [ 85.170493781323103, 27.966827549361081 ], [ 85.170496711691783, 27.966850448013641 ], [ 85.170566961133602, 27.967092571315742 ], [ 85.170573264931178, 27.967106144437974 ], [ 85.170674119621765, 27.967271772785079 ], [ 85.170684893121035, 27.967285750088447 ], [ 85.170781841562615, 27.96739297864076 ], [ 85.170797037614179, 27.967407383858252 ], [ 85.170874302564499, 27.967473292163451 ], [ 85.170895150794991, 27.96748928778333 ], [ 85.17101432300575, 27.967567987284429 ], [ 85.171024492457079, 27.96757372867086 ], [ 85.171225423800252, 27.967661241946718 ], [ 85.171237104027497, 27.96766497734772 ], [ 85.171242628591301, 27.967666214535381 ], [ 85.171272163476857, 27.967690337755403 ], [ 85.171300973634516, 27.967709355962992 ], [ 85.17142973007418, 27.967781712512213 ], [ 85.171446171480241, 27.967789484783335 ], [ 85.171566993044152, 27.967837904893042 ], [ 85.171586184971787, 27.967844294115807 ], [ 85.171725323718604, 27.96788079563278 ], [ 85.171773677642904, 27.967890209633364 ], [ 85.171786900639276, 27.967905964617415 ], [ 85.171805571816279, 27.967926300953955 ], [ 85.171862330313502, 27.967983068201267 ], [ 85.171882967041554, 27.968002037229386 ], [ 85.17194618511482, 27.968055365586313 ], [ 85.171968022653644, 27.968072264941437 ], [ 85.172095417555099, 27.968156262051767 ], [ 85.172115121682168, 27.968167245289212 ], [ 85.172159637181736, 27.968186976054316 ], [ 85.172225196684451, 27.968264458374843 ], [ 85.172240690994869, 27.968280846532178 ], [ 85.172324991171536, 27.96835980852828 ], [ 85.172340378708583, 27.9683725826496 ], [ 85.172470641357407, 27.96846420653522 ], [ 85.172497827056034, 27.968480302367436 ], [ 85.172611507153178, 27.968538563687794 ], [ 85.172652317765838, 27.968556465852298 ], [ 85.172744705853177, 27.968592052092287 ], [ 85.172783979956208, 27.968605167837897 ], [ 85.172908865840213, 27.968638921345207 ], [ 85.172954307902714, 27.968648420627897 ], [ 85.173044955721622, 27.968663552244102 ], [ 85.173091950652235, 27.968669451376932 ], [ 85.173136621958051, 27.968674166090043 ], [ 85.173236716224181, 27.968682740482748 ], [ 85.173241255505445, 27.96868312024208 ], [ 85.173376499632326, 27.968694162117639 ], [ 85.173422097914184, 27.968696968581231 ], [ 85.173482734039382, 27.968699485750495 ], [ 85.173518513454269, 27.968700410728911 ], [ 85.173575913124949, 27.968700996904463 ], [ 85.173615739508264, 27.96870071077376 ], [ 85.173670817707659, 27.9686993564486 ], [ 85.173714396715226, 27.968697453061328 ], [ 85.173767134417986, 27.968694140838348 ], [ 85.173814071996034, 27.968690219582655 ], [ 85.17386473377087, 27.968684932220047 ], [ 85.173914662628931, 27.968678602677098 ], [ 85.173963423629786, 27.968671320843089 ], [ 85.173982559707596, 27.96866816974477 ], [ 85.174018662209178, 27.968669363306933 ], [ 85.174142807143284, 27.968670920803973 ], [ 85.174265771747244, 27.96872313976327 ], [ 85.174292166790124, 27.968733939951356 ], [ 85.174361664888039, 27.968761313913724 ], [ 85.174420866819133, 27.968782680862383 ], [ 85.174495169632593, 27.96880711057565 ], [ 85.174585614031415, 27.968832651880525 ], [ 85.174653487464255, 27.968848762905026 ], [ 85.174765093444776, 27.968869379249647 ], [ 85.174779072701313, 27.968871242626129 ], [ 85.174836178174132, 27.9689724721426 ], [ 85.174851742312839, 27.969014089920549 ], [ 85.174857391963357, 27.969027311244492 ], [ 85.174951080051784, 27.969192913619604 ], [ 85.17495825421824, 27.969202887303357 ], [ 85.174980632371117, 27.969229307360795 ], [ 85.174982155716989, 27.969238846342421 ], [ 85.174991288339967, 27.969285737402664 ], [ 85.17501591708151, 27.96938107832408 ], [ 85.175029280730485, 27.969422389558002 ], [ 85.175082409157667, 27.969549651188149 ], [ 85.175100382847987, 27.969584425579736 ], [ 85.175149886953903, 27.969668292391884 ], [ 85.175180343808776, 27.969713897839821 ], [ 85.175239455316429, 27.969792675409728 ], [ 85.175251794911603, 27.96980738520811 ], [ 85.175322085949716, 27.969882351622037 ], [ 85.175334467754482, 27.969894192101307 ], [ 85.175434271776524, 27.969977576218305 ], [ 85.175455970839749, 27.969993397458715 ], [ 85.175561673249533, 27.970060886722838 ], [ 85.175586662689327, 27.970074776970154 ], [ 85.175725006787545, 27.970139106935601 ], [ 85.175741447763897, 27.970145374280364 ], [ 85.17589912559616, 27.970192334057906 ], [ 85.175918382230904, 27.970196549490616 ], [ 85.175962601806873, 27.970203105679325 ], [ 85.176014779827895, 27.970223974521222 ], [ 85.176048105180499, 27.970235110768847 ], [ 85.176060234411608, 27.970238340384853 ], [ 85.176066305954322, 27.970241655277778 ], [ 85.176172872141748, 27.970292343053639 ], [ 85.176190604620459, 27.970299607559483 ], [ 85.176322874962722, 27.970344167636508 ], [ 85.176339219707515, 27.970348545656634 ], [ 85.176471074752385, 27.970375511196472 ], [ 85.176491526160319, 27.970378437410119 ], [ 85.176514952130972, 27.970380686759608 ], [ 85.176532990783414, 27.970413313858824 ], [ 85.17656302354311, 27.970440786271361 ], [ 85.176754464423496, 27.970615906003399 ], [ 85.176784497295301, 27.970643378372092 ], [ 85.177065646019571, 27.970775291981177 ], [ 85.177378948415353, 27.970823614200075 ], [ 85.177470412781759, 27.970824826152981 ], [ 85.177663362146461, 27.970800308355837 ], [ 85.177684284618593, 27.970800585551967 ], [ 85.177715077664047, 27.970796672730046 ], [ 85.177835305844894, 27.97086042301315 ], [ 85.177853853016273, 27.970868639386001 ], [ 85.178032168719369, 27.970929796555794 ], [ 85.178083101901478, 27.970942529199721 ], [ 85.178182315485927, 27.97096263233977 ], [ 85.178242945888854, 27.970972110884755 ], [ 85.17835489015502, 27.970983974775304 ], [ 85.178422123878889, 27.970987759432241 ], [ 85.178511342595954, 27.970989296713398 ], [ 85.178586545275905, 27.970987660055414 ], [ 85.178647299063826, 27.97098472053916 ], [ 85.178745591447424, 27.970977339337434 ], [ 85.178751459934276, 27.970976883407584 ], [ 85.178832606691984, 27.970970368919215 ], [ 85.178938935506764, 27.970956771774873 ], [ 85.178963626149738, 27.970952421130878 ], [ 85.179010997874371, 27.970941549482177 ], [ 85.179070466493386, 27.970947221250245 ], [ 85.1791112614235, 27.970950375335548 ], [ 85.179170811618235, 27.970953908097954 ], [ 85.179213615294316, 27.970955643699202 ], [ 85.179271843423294, 27.970956913555518 ], [ 85.179273264234908, 27.970956916569666 ], [ 85.179424895493227, 27.971047815514869 ], [ 85.179427869238395, 27.971050789278014 ], [ 85.179508516020789, 27.971131436269999 ], [ 85.179532795986646, 27.971155716121544 ], [ 85.179562715338832, 27.971200595631664 ], [ 85.179589493760602, 27.971242676048732 ], [ 85.17962261250851, 27.971311462529933 ], [ 85.17964242271114, 27.971350070218421 ], [ 85.179692750839465, 27.971442340361058 ], [ 85.179725020938847, 27.971501917367057 ], [ 85.179754203443167, 27.971573548586893 ], [ 85.179761382600631, 27.971590628925654 ], [ 85.179782732693369, 27.971639899158802 ], [ 85.17978273223784, 27.971686812773061 ], [ 85.179794985778429, 27.971826518024493 ], [ 85.179801961301777, 27.971866039536547 ], [ 85.179846765942884, 27.971981985384577 ], [ 85.179638733603824, 27.972687461503689 ], [ 85.179627432194465, 27.97310204919356 ], [ 85.179639991045192, 27.973154967772793 ], [ 85.179633550611484, 27.973177104478541 ], [ 85.179621113444995, 27.973231287897597 ], [ 85.179609610070813, 27.973291880335871 ], [ 85.179598758508007, 27.973363930304206 ], [ 85.179601650134813, 27.973364273613356 ], [ 85.179580972748781, 27.973469957062768 ], [ 85.179580063673228, 27.973524093608614 ], [ 85.179580234526654, 27.973558866386462 ], [ 85.17958109876578, 27.973591331865478 ], [ 85.17958094738033, 27.97362442781867 ], [ 85.17958179469953, 27.973665110571275 ], [ 85.179583910371235, 27.973710858022073 ], [ 85.179586831594648, 27.973751559560135 ], [ 85.179591246402822, 27.973796897935237 ], [ 85.179599615075489, 27.97385826102807 ], [ 85.179605771373829, 27.97389329812378 ], [ 85.179621572046756, 27.973964361749093 ], [ 85.179631832482627, 27.974002401553992 ], [ 85.179647948178939, 27.974055063793912 ], [ 85.179661834042037, 27.974095557582302 ], [ 85.179670845770929, 27.974120529065459 ], [ 85.179689048892214, 27.974168557187479 ], [ 85.17969051182466, 27.974208527368223 ], [ 85.179697990149734, 27.974292316125435 ], [ 85.179702410842239, 27.974323383717223 ], [ 85.179720674504352, 27.974414150842751 ], [ 85.179727730087009, 27.974441160576575 ], [ 85.179762337659284, 27.974544921716046 ], [ 85.179772559530306, 27.974569947293467 ], [ 85.179814373492462, 27.974657592433864 ], [ 85.1798289637062, 27.974684175735145 ], [ 85.179878231486967, 27.974763551292689 ], [ 85.17988377879135, 27.974771514332936 ], [ 85.179886365881288, 27.974780680005221 ], [ 85.179895702563513, 27.974810599720772 ], [ 85.179933512664505, 27.97490923418038 ], [ 85.17994658534225, 27.974937809910003 ], [ 85.18002268224302, 27.975068785408126 ], [ 85.179997955259736, 27.975696150153656 ], [ 85.179956360655993, 27.975795269989174 ], [ 85.179938269492723, 27.975833964117605 ], [ 85.179903822454477, 27.975912872899247 ], [ 85.179893831567895, 27.9759367544847 ], [ 85.179830488756991, 27.976094972173701 ], [ 85.179810687491198, 27.976141818637 ], [ 85.179795013180524, 27.976174990348685 ], [ 85.17978653417191, 27.97619043816972 ], [ 85.179781013812288, 27.976199118764068 ], [ 85.179716748077254, 27.976293083490596 ], [ 85.179687492691841, 27.976338811084553 ], [ 85.179653990268875, 27.976394924014052 ], [ 85.179622091841878, 27.976453336104374 ], [ 85.179606211279591, 27.976485296463871 ], [ 85.179586177434373, 27.976528627281557 ], [ 85.179571521803368, 27.976562826648156 ], [ 85.179549124622142, 27.976620976237033 ], [ 85.179522817337798, 27.976697720207614 ], [ 85.179505474278372, 27.976755011650685 ], [ 85.179484439004071, 27.976834889302999 ], [ 85.179477902708086, 27.976861517599239 ], [ 85.179441104218242, 27.97702312371197 ], [ 85.179390380827684, 27.977143997229078 ], [ 85.179376830526323, 27.977166638301288 ], [ 85.179275928531879, 27.977327151684555 ], [ 85.179259162943808, 27.977354952677441 ], [ 85.179210122996977, 27.977439802163804 ], [ 85.179184040326945, 27.977488454409674 ], [ 85.179143799484194, 27.977569680506051 ], [ 85.179114391252511, 27.977636039589253 ], [ 85.179084467897979, 27.977712273501123 ], [ 85.179058555330371, 27.977789125640726 ], [ 85.179048266446301, 27.977825445813075 ], [ 85.179032436662567, 27.97789176653448 ], [ 85.179024294145862, 27.977933567881784 ], [ 85.179014735037327, 27.97799524599689 ], [ 85.17901045862537, 27.978032253864662 ], [ 85.179008387996674, 27.97803501825522 ], [ 85.178985180477142, 27.978070737782055 ], [ 85.178929843472531, 27.978169374899402 ], [ 85.178909176402087, 27.978212651087482 ], [ 85.178880301428407, 27.978280601280961 ], [ 85.17886412467918, 27.978323866529216 ], [ 85.17885582181016, 27.978347489248637 ], [ 85.178812759616079, 27.978396969651858 ], [ 85.178784390835901, 27.978432265213208 ], [ 85.17875679943009, 27.978468412440748 ], [ 85.178730566048657, 27.978504637841972 ], [ 85.178704440659914, 27.978542753729279 ], [ 85.178680636232684, 27.978579499526827 ], [ 85.17865577878446, 27.978620258489446 ], [ 85.178634603683889, 27.97865721598555 ], [ 85.178611096082193, 27.978701133972027 ], [ 85.178592744371173, 27.978737946554208 ], [ 85.178570791923576, 27.978785612713789 ], [ 85.178555318595244, 27.978822153863828 ], [ 85.178535336637964, 27.978874084500198 ], [ 85.178522819045313, 27.978910167530039 ], [ 85.178505416802793, 27.97896682294456 ], [ 85.178495903053431, 27.979002307707294 ], [ 85.178492895187361, 27.97901544725611 ], [ 85.178246744442035, 27.979322216179973 ], [ 85.17824173145857, 27.979326361262768 ], [ 85.178187058530753, 27.9793734961493 ], [ 85.178169177603451, 27.979389808948294 ], [ 85.178144655527333, 27.979406469026884 ], [ 85.178112526787999, 27.979431069921695 ], [ 85.178042119104191, 27.979490416692173 ], [ 85.178009051670841, 27.979521085099396 ], [ 85.177975350925536, 27.979553922238004 ], [ 85.177942643684815, 27.979587411122367 ], [ 85.177913439158999, 27.979618710616325 ], [ 85.177881038363424, 27.979655072513054 ], [ 85.1778558137907, 27.979684607864694 ], [ 85.177823638615322, 27.979723933756457 ], [ 85.177792331549085, 27.979764476578652 ], [ 85.177728385561025, 27.979852325386368 ], [ 85.177696793873395, 27.97989872707026 ], [ 85.177631707990557, 27.980001154643862 ], [ 85.177605888242738, 27.980044499218579 ], [ 85.177546757830754, 27.980150645348079 ], [ 85.177526865797105, 27.980188538366455 ], [ 85.177500839860215, 27.980241273414567 ], [ 85.177488063064317, 27.980268352509118 ], [ 85.177464522468412, 27.980320614198401 ], [ 85.177452203484378, 27.980349376154546 ], [ 85.177431231789313, 27.980400971562332 ], [ 85.177419472530033, 27.980431612846317 ], [ 85.177401097501942, 27.980482462924737 ], [ 85.177390010736957, 27.980515271928454 ], [ 85.177374273794911, 27.980565271638678 ], [ 85.177364076537174, 27.980600377043906 ], [ 85.177351002489786, 27.980649441883756 ], [ 85.177343302950689, 27.980680819237598 ], [ 85.177328172934494, 27.980748223088703 ], [ 85.177322397650741, 27.980776253757877 ], [ 85.177310287650457, 27.980840770908021 ], [ 85.177305089316562, 27.980871778816287 ], [ 85.177295947034239, 27.980933678413681 ], [ 85.177291640501579, 27.980967886494398 ], [ 85.177285454127684, 27.981027266753447 ], [ 85.177282426410898, 27.981064886803395 ], [ 85.177279186729606, 27.981121873046877 ], [ 85.177277905676107, 27.981163152408804 ], [ 85.177277820258482, 27.981179425152451 ], [ 85.177218998022951, 27.981299815326558 ], [ 85.177210249094074, 27.981318280408381 ], [ 85.177202499226283, 27.981335158644836 ], [ 85.17714970429256, 27.981391684915245 ], [ 85.177133965585597, 27.981410587990844 ], [ 85.177098824955507, 27.981458081833239 ], [ 85.176950657728554, 27.981453765043913 ], [ 85.1769187120113, 27.98145328024804 ], [ 85.176852884657691, 27.981453199896347 ], [ 85.176786678828279, 27.981455034960966 ], [ 85.176726241414798, 27.981458462634055 ], [ 85.176638946904617, 27.981466786300338 ], [ 85.176584624251078, 27.981474084480219 ], [ 85.176500276659198, 27.98148867781747 ], [ 85.176494744396706, 27.981489852488235 ], [ 85.176452502715279, 27.981466365688142 ], [ 85.176431101123384, 27.981457315244349 ], [ 85.176210800987121, 27.981390377438085 ], [ 85.176184069376745, 27.981385195567348 ], [ 85.176031646668491, 27.981366236643428 ], [ 85.176000942086532, 27.981364505445573 ], [ 85.175878993723103, 27.981364136689344 ], [ 85.175844515148938, 27.981365871434232 ], [ 85.175746883713032, 27.98137499887191 ], [ 85.175709109297443, 27.981380177922883 ], [ 85.175582673753993, 27.981404919290881 ], [ 85.175546508068095, 27.981414175359081 ], [ 85.175408450964142, 27.981459347539623 ], [ 85.175369529169359, 27.98147500885112 ], [ 85.175274915948918, 27.981518522718439 ], [ 85.17524218522685, 27.981535564444076 ], [ 85.175235722389445, 27.981531369899393 ], [ 85.175185868383736, 27.981500222761635 ], [ 85.17515179911986, 27.981479838699855 ], [ 85.175103256023704, 27.981452044474057 ], [ 85.175064333815655, 27.981430842423382 ], [ 85.175016720808429, 27.981406195706505 ], [ 85.174972599745686, 27.98138463864084 ], [ 85.174925903532582, 27.981363143768373 ], [ 85.174876300091753, 27.981341805138978 ], [ 85.174830401631453, 27.981323407284449 ], [ 85.174775051127256, 27.981302943096924 ], [ 85.174729869620236, 27.981287610503038 ], [ 85.174657757816334, 27.981265850837485 ], [ 85.174628595878289, 27.981258120309974 ], [ 85.17455414527322, 27.981241078183228 ], [ 85.174520870769584, 27.981234642238821 ], [ 85.174459884549734, 27.981224566125977 ], [ 85.174446805931055, 27.981222769944093 ], [ 85.174380281517202, 27.981193154001939 ], [ 85.174355376129, 27.981183309477476 ], [ 85.174265028691181, 27.981152090093889 ], [ 85.174242009505818, 27.981145238828756 ], [ 85.174154138641867, 27.981122932508104 ], [ 85.174119099371637, 27.981115532658748 ], [ 85.174051858413449, 27.98110344491268 ], [ 85.174015905249462, 27.981098095957663 ], [ 85.173949033184101, 27.981090162273961 ], [ 85.173912594053846, 27.981086927652484 ], [ 85.17384535399384, 27.981082951884705 ], [ 85.173808847071157, 27.981081870540528 ], [ 85.173740748656513, 27.981081879566823 ], [ 85.173704622121718, 27.981082959256522 ], [ 85.173635102858057, 27.98108715831734 ], [ 85.17359967514632, 27.981090384318378 ], [ 85.173528198242494, 27.98109917862126 ], [ 85.173493804309317, 27.981104521089186 ], [ 85.173420051919976, 27.981118498340678 ], [ 85.173386978133138, 27.981125915054257 ], [ 85.173341136063996, 27.981137214530552 ], [ 85.173296530050948, 27.981149214214994 ], [ 85.173137362402443, 27.981205421404141 ], [ 85.173111228818598, 27.981217001308199 ], [ 85.17291456057977, 27.981331082100478 ], [ 85.172897760281529, 27.981343507045899 ], [ 85.172780096657092, 27.981445966687176 ], [ 85.172763413772344, 27.981463062572551 ], [ 85.172692374323447, 27.981544892736867 ], [ 85.172675653971268, 27.981566620508442 ], [ 85.172636775544689, 27.981621243097454 ], [ 85.172616237361197, 27.981652525150611 ], [ 85.172569702165347, 27.981732280927297 ], [ 85.172553253872934, 27.98176427702888 ], [ 85.172498675977664, 27.981897135539999 ], [ 85.172487405140132, 27.981933112660702 ], [ 85.172459562701931, 27.982052947743572 ], [ 85.172453384772339, 27.982093158361984 ], [ 85.17244433011787, 27.982194303735984 ], [ 85.172443161975082, 27.982239277405228 ], [ 85.172444910019379, 27.982316913607448 ], [ 85.172448148260671, 27.982362464760527 ], [ 85.172454287049675, 27.98241971820719 ], [ 85.172461734215247, 27.982471588461767 ], [ 85.172470476474118, 27.982521358906247 ], [ 85.172506642038684, 27.982695223609422 ], [ 85.172508796217429, 27.982705261298218 ], [ 85.172531266404292, 27.982806830957607 ], [ 85.172545462670882, 27.982861842705326 ], [ 85.172557231118944, 27.982901679047227 ], [ 85.172573359141069, 27.982950597786683 ], [ 85.172586280270764, 27.98298604357084 ], [ 85.172614611040999, 27.983054250769541 ], [ 85.172624944409961, 27.983076343461171 ], [ 85.172664612789589, 27.983151253906168 ], [ 85.172677644867633, 27.98317319023062 ], [ 85.172720579916444, 27.983238646172708 ], [ 85.17273644810615, 27.983260658084024 ], [ 85.172779189154582, 27.983315388244641 ], [ 85.172798207258552, 27.983337917609582 ], [ 85.172848033173921, 27.983392392998596 ], [ 85.17288682707121, 27.983431588480389 ], [ 85.172909093391468, 27.983452960792576 ], [ 85.173055151007873, 27.983683993098307 ], [ 85.173062379479532, 27.983692113930324 ], [ 85.173235582500141, 27.983844748689076 ], [ 85.173325983138724, 27.983892969401563 ], [ 85.17334355302512, 27.983910936587662 ], [ 85.173365154901077, 27.983930913715014 ], [ 85.173451257323165, 27.984001840245121 ], [ 85.173472103758499, 27.984017120777718 ], [ 85.17347958753281, 27.984021853485739 ], [ 85.17350575674017, 27.984053717182164 ], [ 85.173557446099892, 27.984113589779056 ], [ 85.173593396962474, 27.98415289703178 ], [ 85.173644825225807, 27.984206009312171 ], [ 85.173689407105428, 27.984249138450668 ], [ 85.173741299669331, 27.984296181413438 ], [ 85.173795986133456, 27.984342212609544 ], [ 85.173848271848499, 27.984383064373581 ], [ 85.173914372448237, 27.98443050687618 ], [ 85.173967241032315, 27.984465310741452 ], [ 85.174045695855241, 27.984512101862212 ], [ 85.174099259886972, 27.984540933320179 ], [ 85.174155404585917, 27.984569032555125 ], [ 85.174225419090348, 27.984601520828281 ], [ 85.174318181671481, 27.984639426595994 ], [ 85.174319950773452, 27.984640055915616 ], [ 85.174332996544152, 27.984650384663798 ], [ 85.174360501787604, 27.984668581831894 ], [ 85.17450007973666, 27.984746156911719 ], [ 85.174532191019097, 27.984760935259462 ], [ 85.174665741532863, 27.984811998421709 ], [ 85.17470242662165, 27.984823339460466 ], [ 85.174822343574959, 27.984853237898228 ], [ 85.174832175485577, 27.98485512100898 ], [ 85.174887290176073, 27.984873226188498 ], [ 85.174936230528473, 27.984887840661195 ], [ 85.174987769325909, 27.984901891987132 ], [ 85.175040941394613, 27.984915029286693 ], [ 85.175102467762429, 27.984928411911817 ], [ 85.175216468677803, 27.984949889389792 ], [ 85.175266048033478, 27.984958094556522 ], [ 85.175455687439225, 27.984985176401473 ], [ 85.175467043095495, 27.984986739724647 ], [ 85.175551811630143, 27.984997974020953 ], [ 85.175579412910878, 27.985001289442412 ], [ 85.175660912610709, 27.985010071597245 ], [ 85.175690942585646, 27.985012906434264 ], [ 85.175769618914089, 27.985019285681823 ], [ 85.17580206752389, 27.985021452353283 ], [ 85.175878183448077, 27.985025448431177 ], [ 85.175913007320617, 27.985026745286618 ], [ 85.175986859485917, 27.985028370256199 ], [ 85.176024031395613, 27.98502858457843 ], [ 85.176095675772672, 27.98502783467309 ], [ 85.176135073300102, 27.985026743818519 ], [ 85.176204626798224, 27.985023618787253 ], [ 85.176246164829664, 27.985020994290018 ], [ 85.176313712910485, 27.985015489854547 ], [ 85.176350707938454, 27.985011867761809 ], [ 85.176471208268381, 27.984998083207842 ], [ 85.176533579416642, 27.984989191429584 ], [ 85.176577514467795, 27.984981677969532 ], [ 85.176636085669472, 27.984970059826505 ], [ 85.176675385579983, 27.984961175379432 ], [ 85.176751124728, 27.984941241206737 ], [ 85.176761973773097, 27.98493797362039 ], [ 85.176823755267108, 27.984965271226194 ], [ 85.176856678589289, 27.984979169880258 ], [ 85.176919774089825, 27.985004584436695 ], [ 85.176954392796816, 27.985017847011154 ], [ 85.177011646742102, 27.985038671705951 ], [ 85.177055867662517, 27.985053698017662 ], [ 85.177112700900508, 27.985071674300084 ], [ 85.17716716525986, 27.985087381109807 ], [ 85.177221005517893, 27.985101432519269 ], [ 85.17728423274869, 27.985115991893839 ], [ 85.17733586144692, 27.985126321017887 ], [ 85.177407365517581, 27.985138257088416 ], [ 85.177457211263416, 27.98514494812461 ], [ 85.177515491858998, 27.98515124916586 ], [ 85.177628226893589, 27.985160513653135 ], [ 85.177668815343381, 27.985163122946524 ], [ 85.177779634168644, 27.985168270095357 ], [ 85.177822088241811, 27.985169453069307 ], [ 85.17786151803648, 27.985169820095681 ], [ 85.177865850665484, 27.985171213714548 ], [ 85.177893807046502, 27.985178285959385 ], [ 85.177906052847007, 27.985180452721298 ], [ 85.177909061409466, 27.985186066542223 ], [ 85.177942192138786, 27.985243820820088 ], [ 85.177955121922054, 27.985265619143615 ], [ 85.178024996582252, 27.985379618781085 ], [ 85.178035583454829, 27.985396459805404 ], [ 85.178070417497636, 27.98545050669826 ], [ 85.178098767338312, 27.985491876793656 ], [ 85.178141051793475, 27.985550008619196 ], [ 85.178169558906617, 27.985587137259852 ], [ 85.17828847868023, 27.985734026057589 ], [ 85.178296626880666, 27.985883578011155 ], [ 85.178293962370716, 27.985944172659149 ], [ 85.178293208943415, 27.985973686587769 ], [ 85.178292515700278, 27.986071395532605 ], [ 85.178293323834453, 27.986113498460217 ], [ 85.178295579080512, 27.986163061552428 ], [ 85.17829821219128, 27.986201046481479 ], [ 85.178302502195919, 27.986247075367508 ], [ 85.178307672940079, 27.986290019261588 ], [ 85.178314074228226, 27.986333344329143 ], [ 85.178322500231261, 27.986380614043473 ], [ 85.178324132974311, 27.986388425654198 ], [ 85.178337654354507, 27.986636596552895 ], [ 85.17833959723761, 27.986645928429326 ], [ 85.178336498287052, 27.986691430832522 ], [ 85.178335066568252, 27.986743086644985 ], [ 85.178336285528744, 27.986814716122577 ], [ 85.178339121999585, 27.986860609328197 ], [ 85.178344710303946, 27.986917751333824 ], [ 85.178357799109506, 27.987015438905253 ], [ 85.178364599633227, 27.987057660297385 ], [ 85.178380115314084, 27.987140043370086 ], [ 85.178392431917956, 27.987194919416822 ], [ 85.178411523911478, 27.987268068820885 ], [ 85.178432015633021, 27.987334827935261 ], [ 85.178455057270128, 27.987399940782453 ], [ 85.178489921778421, 27.987483716394664 ], [ 85.178509704406366, 27.987524863268401 ], [ 85.178553073287475, 27.98760411091726 ], [ 85.178579729527215, 27.987647316234387 ], [ 85.178617689528679, 27.987703847054082 ], [ 85.178649824544408, 27.987747961530431 ], [ 85.178669537860287, 27.987774018274461 ], [ 85.178707903739323, 27.987822872044667 ], [ 85.178701080217522, 27.987854025319102 ], [ 85.178693073740646, 27.987895790370519 ], [ 85.178687244628676, 27.987931205665472 ], [ 85.178680236407828, 27.987985041086333 ], [ 85.178677460872734, 27.988013952086266 ], [ 85.178673959071915, 27.988107056030277 ], [ 85.178674544359197, 27.988135498041874 ], [ 85.178695407328931, 27.988301627347806 ], [ 85.178700419449456, 27.98832315819083 ], [ 85.178735438841471, 27.988406316611169 ], [ 85.178751727132266, 27.988466296477352 ], [ 85.17875960323282, 27.988490063683145 ], [ 85.178769558439583, 27.988515679983053 ], [ 85.178767288221366, 27.988537966656562 ], [ 85.178763470304347, 27.988596856318335 ], [ 85.178762311596955, 27.988638326810168 ], [ 85.178764560466959, 27.988724718785402 ], [ 85.178768043720822, 27.988768192890291 ], [ 85.178786916317492, 27.988888500838968 ], [ 85.178795820000602, 27.988926377399768 ], [ 85.178843752009328, 27.989069672191256 ], [ 85.178858261372014, 27.989102726175183 ], [ 85.178945232228969, 27.989255935675441 ], [ 85.178965519049115, 27.989284533946972 ], [ 85.179073517218896, 27.989410675465603 ], [ 85.179103383820447, 27.989439841003311 ], [ 85.179194196774091, 27.989518121334299 ], [ 85.179233051473247, 27.989547672108962 ], [ 85.179304053317608, 27.989596998363648 ], [ 85.17935157923101, 27.989627097124309 ], [ 85.179396386630813, 27.989653908075049 ], [ 85.179468781323706, 27.989694784956534 ], [ 85.179526418376227, 27.989725010145811 ], [ 85.179563226602568, 27.989742888204781 ], [ 85.179593465250449, 27.989755825310414 ], [ 85.17960335100372, 27.989789700804202 ], [ 85.1796462673815, 27.98990445731544 ], [ 85.179666602129942, 27.989948675250115 ], [ 85.179722632113936, 27.990051411492946 ], [ 85.179749194937088, 27.990093157872447 ], [ 85.179823516437764, 27.990193674660379 ], [ 85.179854379106303, 27.990229900655571 ], [ 85.179942869493104, 27.990320552030514 ], [ 85.179946364566007, 27.990323684942258 ], [ 85.180032270486748, 27.990743780476798 ], [ 85.180027315833641, 27.990768624625307 ], [ 85.180021445860561, 27.990801601758662 ], [ 85.180009331537931, 27.990878909790776 ], [ 85.180002334475191, 27.990937543697548 ], [ 85.179996300855422, 27.991010922529249 ], [ 85.179993604746286, 27.991077878501336 ], [ 85.179993713452248, 27.991146566359877 ], [ 85.179997555825267, 27.991223691060668 ], [ 85.180003802582547, 27.991287278166979 ], [ 85.180019493864762, 27.991384936420292 ], [ 85.180029828444844, 27.991431053393534 ], [ 85.180056703396829, 27.99152454117149 ], [ 85.180074409307935, 27.991574756390456 ], [ 85.180099239361851, 27.991637071529503 ], [ 85.180120336279714, 27.99168442476202 ], [ 85.180133275402937, 27.991712113476407 ], [ 85.180176585931775, 27.991800611699254 ], [ 85.180177359971708, 27.991802510192258 ], [ 85.180181115694083, 27.991814447478962 ], [ 85.180190130861078, 27.991849201700873 ], [ 85.180235109032836, 27.99206270023296 ], [ 85.180238511242422, 27.992078106552658 ], [ 85.180255907732061, 27.992153407342574 ], [ 85.180263583694952, 27.992183934422574 ], [ 85.180280929016817, 27.99224769730089 ], [ 85.180292312846476, 27.992285865071938 ], [ 85.180310908283957, 27.992343118702191 ], [ 85.180332593885012, 27.99240217071031 ], [ 85.180360976095628, 27.992471288745907 ], [ 85.180390381946921, 27.992535190125395 ], [ 85.180428589942778, 27.992609918925737 ], [ 85.180438129552556, 27.992627332713241 ], [ 85.180791776442732, 27.993600944730463 ], [ 85.180791152631045, 27.993614592896616 ], [ 85.180791988852036, 27.993702903217589 ], [ 85.180794779181895, 27.99374603689807 ], [ 85.180813167841208, 27.993872685202511 ], [ 85.180821724342024, 27.993910348579242 ], [ 85.180848031301522, 27.99400138543114 ], [ 85.18086595974242, 27.994052255991456 ], [ 85.180877993960877, 27.994081122761514 ], [ 85.180878987450043, 27.99408670706196 ], [ 85.180888226543971, 27.994131554137528 ], [ 85.180897309737674, 27.994170719337685 ], [ 85.180909346205013, 27.994217360545509 ], [ 85.180919154642822, 27.994252172690381 ], [ 85.180934146043271, 27.994301215674568 ], [ 85.180948194150957, 27.994343126736723 ], [ 85.180986105494071, 27.994446958072203 ], [ 85.181000109154766, 27.994482733431422 ], [ 85.181062786004546, 27.994632630736351 ], [ 85.181078872909737, 27.994668706651186 ], [ 85.181103272309429, 27.994720162773781 ], [ 85.181131082445603, 27.994773827882486 ], [ 85.181162470876174, 27.994829520629096 ], [ 85.181191597610848, 27.994877519363683 ], [ 85.181286974600042, 27.995023920113589 ], [ 85.18128773364748, 27.995060609145547 ], [ 85.181289568700947, 27.99510070679894 ], [ 85.181293429672266, 27.995155173465658 ], [ 85.181304502510216, 27.995242790016544 ], [ 85.181313868913705, 27.995294117612676 ], [ 85.181346237723076, 27.995416626328684 ], [ 85.181361617319084, 27.995460735165043 ], [ 85.181407929167477, 27.995568589936656 ], [ 85.181433600045125, 27.995618518693959 ], [ 85.181468721090056, 27.995680417165353 ], [ 85.181503415021155, 27.995736128300845 ], [ 85.181541609027633, 27.995792503201493 ], [ 85.181559301541739, 27.995816584222027 ], [ 85.181604642449443, 27.995873381786886 ], [ 85.181626211897026, 27.995898304650623 ], [ 85.181679285549279, 27.995954629603318 ], [ 85.181703399744549, 27.995998918016966 ], [ 85.181720724327533, 27.996021959916209 ], [ 85.181751559218029, 27.996115452753845 ], [ 85.181764956559192, 27.996153012968904 ], [ 85.181782672305786, 27.996199154350908 ], [ 85.181799000382739, 27.996238642205558 ], [ 85.181816938919724, 27.996279084698088 ], [ 85.181826342767437, 27.996299546966533 ], [ 85.181877658600442, 27.996407411646654 ], [ 85.181886335287118, 27.99642511878676 ], [ 85.181916861660426, 27.996485637238504 ], [ 85.181934056288654, 27.996517990297271 ], [ 85.181964988032277, 27.996573321263853 ], [ 85.18199112564244, 27.996617024515142 ], [ 85.182021718029176, 27.996664955205546 ], [ 85.182051058697425, 27.996708072504692 ], [ 85.182077409843913, 27.996744461303752 ], [ 85.182103234221771, 27.996778403653718 ], [ 85.182132458357472, 27.99681499558988 ], [ 85.182157847896576, 27.996845413162006 ], [ 85.182190127277309, 27.996882435358835 ], [ 85.182214425744988, 27.996909232566775 ], [ 85.182250091528743, 27.996947066634732 ], [ 85.182282517012595, 27.996979821859544 ], [ 85.18236396965807, 27.997058199444506 ], [ 85.182396418056101, 27.997088018205556 ], [ 85.182508362032067, 27.997186269762778 ], [ 85.182526107100799, 27.99720147092648 ], [ 85.182604278017109, 27.997266828580393 ], [ 85.18289594071355, 27.997960693448515 ], [ 85.182832322881438, 27.998872185454736 ], [ 85.182679251511615, 27.999185431471822 ], [ 85.182667393739081, 27.99919910908535 ], [ 85.182649762028532, 27.99922219139086 ], [ 85.182562625674649, 27.999361269248308 ], [ 85.182551105991436, 27.999384213051076 ], [ 85.182534325944246, 27.999431196442579 ], [ 85.18247751956639, 27.999498936064018 ], [ 85.182453664214449, 27.999531523931179 ], [ 85.182379231110261, 27.999652535226083 ], [ 85.182363309658655, 27.99968390496123 ], [ 85.182327809152454, 27.999763801903971 ], [ 85.182313959437579, 27.999799920772034 ], [ 85.182291905641591, 27.99986548707831 ], [ 85.18227989019266, 27.999906873571849 ], [ 85.182267000191757, 27.999957183261117 ], [ 85.182255965564948, 28.000006767258196 ], [ 85.182241338375761, 28.000095479143525 ], [ 85.182237542635121, 28.000130605393871 ], [ 85.182183202544607, 28.000355346660463 ], [ 85.182159772401477, 28.000399255845622 ], [ 85.18212122856086, 28.000481830445867 ], [ 85.182102465543579, 28.000528430611428 ], [ 85.182064327069497, 28.000648956236628 ], [ 85.182054115571489, 28.000692682307175 ], [ 85.182037170738383, 28.00079373740866 ], [ 85.182033128577004, 28.000833009240235 ], [ 85.182029322973023, 28.000889459088054 ], [ 85.182027972642715, 28.00093161292417 ], [ 85.182027924786141, 28.00098136251037 ], [ 85.182029275331899, 28.001026223391126 ], [ 85.18203182635942, 28.001070389812654 ], [ 85.182035866628041, 28.00111765345693 ], [ 85.182042454880545, 28.001172467775945 ], [ 85.182046664306299, 28.001199603077978 ], [ 85.182058277342477, 28.00125947254978 ], [ 85.182065197731163, 28.001289139046982 ], [ 85.182081373351281, 28.001348339483371 ], [ 85.182089379909499, 28.001373849653223 ], [ 85.182076092038187, 28.001453968435847 ], [ 85.182068473889615, 28.001513608818072 ], [ 85.182062111257778, 28.001584380580702 ], [ 85.182058932687326, 28.001664436417972 ], [ 85.182059295334142, 28.001699522171105 ], [ 85.182063432568668, 28.001772987980566 ], [ 85.182066735010608, 28.001805212065808 ], [ 85.182079856686428, 28.001889235257476 ], [ 85.182086157605298, 28.001919160691621 ], [ 85.182111115315465, 28.002010854241682 ], [ 85.182120479941304, 28.002038775190005 ], [ 85.182135462297083, 28.002075983520534 ], [ 85.182128836722768, 28.002097335235099 ], [ 85.182121182326796, 28.002126846413923 ], [ 85.182118242700653, 28.00213155680164 ], [ 85.182074925809928, 28.002209625792783 ], [ 85.182064209855653, 28.002231546830629 ], [ 85.182030982303232, 28.002309102628811 ], [ 85.182023351823503, 28.002329719787866 ], [ 85.181996422029457, 28.002417031766516 ], [ 85.181979964228802, 28.002483278546954 ], [ 85.181962607534246, 28.002575765848 ], [ 85.181954487334423, 28.00263923228437 ], [ 85.18194830862096, 28.002718623456985 ], [ 85.181947468376663, 28.002748620489538 ], [ 85.181947981524658, 28.002807439941812 ], [ 85.181949286275668, 28.002836131491232 ], [ 85.181954785771254, 28.002900251787864 ], [ 85.181958230255375, 28.002927527682775 ], [ 85.181970125124082, 28.002997092273141 ], [ 85.181975700453989, 28.003022876587828 ], [ 85.181988604015018, 28.003074370755147 ], [ 85.181996343083753, 28.003101488666204 ], [ 85.182025126534157, 28.003185098654615 ], [ 85.182032478195595, 28.003203255292675 ], [ 85.182034884548415, 28.003207973485978 ], [ 85.182027237042718, 28.003273746578483 ], [ 85.182023023427192, 28.003335634818463 ], [ 85.182021981103944, 28.003426052121231 ], [ 85.182023023531514, 28.003449233305709 ], [ 85.182031591561852, 28.00353551949464 ], [ 85.182034761262813, 28.003556089984286 ], [ 85.182056363551084, 28.003654875191046 ], [ 85.182057502798727, 28.003658877026577 ], [ 85.182049915421331, 28.003724088850717 ], [ 85.182049293485647, 28.003755194298179 ], [ 85.182057144719622, 28.003884262681833 ], [ 85.182061791257397, 28.003916919676676 ], [ 85.182090714747375, 28.004044876339453 ], [ 85.182100043663567, 28.004074750670096 ], [ 85.182116664534206, 28.004110493759256 ], [ 85.182105502546761, 28.004840934402615 ], [ 85.182103045895985, 28.004852598684455 ], [ 85.182100445052285, 28.004865462431422 ], [ 85.182092752206302, 28.004905163359808 ], [ 85.182085917409822, 28.004946011038641 ], [ 85.182079596912715, 28.00499081916475 ], [ 85.182075228773897, 28.005028029471578 ], [ 85.182070628271845, 28.005077061089786 ], [ 85.182066348504648, 28.005089824292973 ], [ 85.182049047019049, 28.005144521765825 ], [ 85.18203901285618, 28.005178817670771 ], [ 85.182023855865637, 28.005235147200448 ], [ 85.182013774561938, 28.00527697849153 ], [ 85.182009004346753, 28.005299352500764 ], [ 85.181997239571189, 28.005334783833039 ], [ 85.181990738627803, 28.005359936404563 ], [ 85.181968778933623, 28.005483961693312 ], [ 85.181963323929907, 28.005539955680224 ], [ 85.181959607131546, 28.005627705241405 ], [ 85.181959759209136, 28.005639866093773 ], [ 85.181959528771273, 28.005641780981449 ], [ 85.181957067485484, 28.005675117368291 ], [ 85.181956259982101, 28.005780924913932 ], [ 85.18195733608195, 28.005799314405024 ], [ 85.181966751440569, 28.005872092827246 ], [ 85.181917815662302, 28.005926932865009 ], [ 85.18190113294115, 28.005947980756563 ], [ 85.18184363269053, 28.006029422023744 ], [ 85.18182987861168, 28.006051426464424 ], [ 85.181799935396555, 28.006103199320094 ], [ 85.181783505483821, 28.006134014395897 ], [ 85.181752949150422, 28.006197497559914 ], [ 85.181738981868961, 28.006229892951048 ], [ 85.18170317870468, 28.006330052949778 ], [ 85.181693170940576, 28.006364990643803 ], [ 85.181672257015791, 28.006458397767528 ], [ 85.181666105459954, 28.006496217536377 ], [ 85.181657024811358, 28.006578647769448 ], [ 85.181654619636248, 28.006620016894779 ], [ 85.181653468648577, 28.006684413147617 ], [ 85.181654344083071, 28.006723584837339 ], [ 85.181656844195686, 28.006771408732757 ], [ 85.181660477839927, 28.0068155723947 ], [ 85.181665325236239, 28.006859599687719 ], [ 85.181679999361279, 28.006965890182773 ], [ 85.18166634947724, 28.00700122929344 ], [ 85.181644700907711, 28.007064816104517 ], [ 85.181634883858877, 28.007098019051018 ], [ 85.18161846508545, 28.007163323509225 ], [ 85.181612123131501, 28.007193828915554 ], [ 85.181602402887222, 28.007250681448607 ], [ 85.181595034168282, 28.007305506644112 ], [ 85.181590113817734, 28.007352563710135 ], [ 85.18158644829029, 28.007401524900889 ], [ 85.181584212085497, 28.007460198644889 ], [ 85.181584148034247, 28.007504690611558 ], [ 85.181587230757358, 28.007576068721086 ], [ 85.181590780778762, 28.007616431863049 ], [ 85.181604545015844, 28.007709737721559 ], [ 85.181321250256275, 28.00876551043061 ], [ 85.181264005722738, 28.008846370934336 ], [ 85.181245125535, 28.008877491914642 ], [ 85.181183906645373, 28.008999150742945 ], [ 85.181168474263984, 28.009037128302651 ], [ 85.181139139983912, 28.009122261060572 ], [ 85.181127807139148, 28.009162077963676 ], [ 85.181117911355855, 28.009200330858668 ], [ 85.181114678385839, 28.009214205097066 ], [ 85.181069972596234, 28.009279686100189 ], [ 85.181038470268419, 28.009329295077915 ], [ 85.181001604592524, 28.009391889034198 ], [ 85.180966697375311, 28.009457446269632 ], [ 85.180938354634051, 28.009516730845586 ], [ 85.180921404505085, 28.009554533685563 ], [ 85.180893231640496, 28.009621737888867 ], [ 85.18088196431215, 28.009650047664458 ], [ 85.180854254110301, 28.009723541896953 ], [ 85.180848426927099, 28.009739487704373 ], [ 85.18080593542058, 28.009859552099588 ], [ 85.180752695436624, 28.010004760826135 ], [ 85.180745451554515, 28.010025351217806 ], [ 85.180720758128359, 28.010098607389693 ], [ 85.180707928057657, 28.010140276691963 ], [ 85.180687593462153, 28.01021313481256 ], [ 85.180673445152365, 28.010272242276482 ], [ 85.180660138728769, 28.010338710076507 ], [ 85.18064851755932, 28.010416036260352 ], [ 85.18064487831812, 28.010452084261207 ], [ 85.180642138996305, 28.010490879298761 ], [ 85.180619153662647, 28.010559704536298 ], [ 85.180606176724027, 28.01060819944216 ], [ 85.180592694529096, 28.010667302715063 ], [ 85.180582480472864, 28.010721298666496 ], [ 85.180574971866164, 28.010768642215368 ], [ 85.180567189737317, 28.010829317070691 ], [ 85.180563635521111, 28.010862457614252 ], [ 85.180557364674314, 28.010935115016636 ], [ 85.180544873909895, 28.01105937139485 ], [ 85.180541292864874, 28.011112974324515 ], [ 85.180539192397404, 28.011176225151669 ], [ 85.180540410540246, 28.011254342842044 ], [ 85.180542409928151, 28.011285362914588 ], [ 85.180550377220584, 28.01135770831895 ], [ 85.180554778380113, 28.011385891232642 ], [ 85.180572450174168, 28.011469706132253 ], [ 85.180579329638547, 28.011495520380254 ], [ 85.180610069216542, 28.011588335735741 ], [ 85.180619489300128, 28.011612006857078 ], [ 85.180672882444838, 28.011722226052605 ], [ 85.180696136168962, 28.01176259736496 ], [ 85.1807514582203, 28.01184703019527 ], [ 85.180766127730976, 28.01186686463506 ], [ 85.180786624961428, 28.012061833160935 ], [ 85.180824104091215, 28.012234306404686 ], [ 85.180951447204507, 28.012615812740901 ], [ 85.180952039881319, 28.012622357191866 ], [ 85.180959288595886, 28.01268247837131 ], [ 85.180965231892145, 28.012723053405661 ], [ 85.180985300885837, 28.012839370302018 ], [ 85.180981485876671, 28.012868879730583 ], [ 85.180953163901933, 28.013043717046422 ], [ 85.180947708097918, 28.013083718370353 ], [ 85.180941731212556, 28.013137599854339 ], [ 85.180938042859097, 28.013182120961019 ], [ 85.180935421626174, 28.013229897422132 ], [ 85.180934423260041, 28.013291891341236 ], [ 85.180935623815571, 28.013344974391917 ], [ 85.18094168747723, 28.013426910676948 ], [ 85.180947785923763, 28.013475426177333 ], [ 85.180965220197649, 28.013569085564701 ], [ 85.18097633795773, 28.013613978204123 ], [ 85.18100845498094, 28.013715147303067 ], [ 85.181024716387029, 28.013756886204412 ], [ 85.18105894701408, 28.013833285418247 ], [ 85.181079099177239, 28.013872903567492 ], [ 85.181101469842361, 28.013914069941091 ], [ 85.181126591382991, 28.013957454901977 ], [ 85.181148082490708, 28.013992629305299 ], [ 85.181190485703382, 28.014058501578084 ], [ 85.181217317987972, 28.01409782403865 ], [ 85.181260510665751, 28.014157629495116 ], [ 85.181294181384615, 28.014201369357785 ], [ 85.181337785814236, 28.014254589488935 ], [ 85.181380912963249, 28.014303584955794 ], [ 85.181424720854253, 28.014349967016557 ], [ 85.18148076495099, 28.014404596252408 ], [ 85.181524521213447, 28.014443888682568 ], [ 85.181598025702229, 28.014503718500155 ], [ 85.181641687885545, 28.01453590539035 ], [ 85.181738280026579, 28.014598954475293 ], [ 85.181781750684223, 28.014623964135886 ], [ 85.181906938012645, 28.014685348381875 ], [ 85.181950141604375, 28.014703136485753 ], [ 85.182082462728047, 28.014747965889516 ], [ 85.182103333853163, 28.014753593678709 ], [ 85.182215222827395, 28.014777716876146 ], [ 85.182237701122801, 28.014781381370778 ], [ 85.182339664492872, 28.014793310627034 ], [ 85.182363978099602, 28.014795050942002 ], [ 85.182452270430844, 28.014797952967218 ], [ 85.182478853027945, 28.014797801009351 ], [ 85.182573411861128, 28.014793347308878 ], [ 85.182626941496537, 28.014788599875313 ], [ 85.182674749598831, 28.014782882127129 ], [ 85.182717214762462, 28.014803190580277 ], [ 85.182881022357307, 28.014888636376117 ], [ 85.182891369912568, 28.014894047175279 ], [ 85.18316195956217, 28.015171285533047 ], [ 85.183175411135238, 28.015230632825588 ], [ 85.183193850609371, 28.015292917104176 ], [ 85.183203095252352, 28.015318493573503 ], [ 85.183209478702665, 28.0153575655062 ], [ 85.18321556491658, 28.015389065555553 ], [ 85.183232002214936, 28.01545790445542 ], [ 85.183241248636264, 28.015490336126074 ], [ 85.183261240360096, 28.015551339194094 ], [ 85.183273702480918, 28.015584910786949 ], [ 85.183295394454916, 28.015637746664932 ], [ 85.183311213371439, 28.015672837277183 ], [ 85.18334222507265, 28.015734776601992 ], [ 85.183382981948213, 28.015808578167515 ], [ 85.183413961647176, 28.015860349078803 ], [ 85.183480503084937, 28.015963327309301 ], [ 85.183504953110003, 28.015999207328679 ], [ 85.18352383706646, 28.016025518576971 ], [ 85.183560785038736, 28.016073513809811 ], [ 85.18358391481145, 28.016101574218062 ], [ 85.183616063466445, 28.01613853039267 ], [ 85.183628772028925, 28.016152383124112 ], [ 85.183629975845605, 28.016157176546333 ], [ 85.183642011279488, 28.016200112027448 ], [ 85.183656406030849, 28.016246571174058 ], [ 85.183682088885377, 28.016317779582465 ], [ 85.183698354386706, 28.016357175436529 ], [ 85.183742635376674, 28.016448505012836 ], [ 85.183761481960559, 28.016482140203475 ], [ 85.183815830132133, 28.016567229391473 ], [ 85.183851534464154, 28.016616674902895 ], [ 85.183893002560595, 28.016669811894108 ], [ 85.183940299589878, 28.016726005881022 ], [ 85.183992986869924, 28.016783517229879 ], [ 85.184018386791692, 28.016809026504585 ], [ 85.18404556632575, 28.016833743731059 ], [ 85.184379891428378, 28.017501913350987 ], [ 85.184350182739621, 28.017562244796661 ], [ 85.184347226876469, 28.017564258680256 ], [ 85.184327668976849, 28.017579357601164 ], [ 85.184206709987734, 28.017690229448654 ], [ 85.184191764374759, 28.01770651017388 ], [ 85.18418774017286, 28.017711786541234 ], [ 85.184123315508899, 28.017744539648916 ], [ 85.184040469668545, 28.01779151895391 ], [ 85.184014732557756, 28.017807720200008 ], [ 85.183891556133275, 28.017899041061 ], [ 85.183880291899726, 28.017908831096005 ], [ 85.183774251215169, 28.018016923458948 ], [ 85.183765809390763, 28.018027052218702 ], [ 85.183666730947891, 28.018172973938995 ], [ 85.183660974467003, 28.018183610183996 ], [ 85.183590245325533, 28.018358470573546 ], [ 85.18358712689944, 28.018369705735878 ], [ 85.183559746130882, 28.018527154804001 ], [ 85.18355851945644, 28.018543948934379 ], [ 85.183558478975414, 28.018631520591363 ], [ 85.183494942229487, 28.018645389244195 ], [ 85.183466437301021, 28.018652649992742 ], [ 85.183430562164972, 28.018663083035396 ], [ 85.183416496720767, 28.018659983344591 ], [ 85.183382635389052, 28.01865447096014 ], [ 85.183211593209464, 28.018639728051234 ], [ 85.183181575311252, 28.018639402408485 ], [ 85.182952800523893, 28.018659995700222 ], [ 85.182927513397814, 28.018664882071601 ], [ 85.18272762439139, 28.018723285762501 ], [ 85.182700144706004, 28.018734226653155 ], [ 85.18258363897958, 28.018788921395448 ], [ 85.182564064245597, 28.018799606285839 ], [ 85.182513899044821, 28.018810721300056 ], [ 85.182481575386092, 28.018818386621415 ], [ 85.182430354742195, 28.01883133816073 ], [ 85.18236533417209, 28.01884989574928 ], [ 85.182319874152967, 28.018864382753161 ], [ 85.18223807233899, 28.018894072442684 ], [ 85.182197979290393, 28.018910463332162 ], [ 85.182147079510386, 28.01893282195071 ], [ 85.182106087564421, 28.018952111389954 ], [ 85.182050067186708, 28.018980529188315 ], [ 85.182023450709096, 28.018995044318352 ], [ 85.18190834358937, 28.019068071729052 ], [ 85.181883242205018, 28.019086467652784 ], [ 85.181876448976723, 28.019091998530666 ], [ 85.181748239084015, 28.019167328518762 ], [ 85.181727211847701, 28.019181834529128 ], [ 85.181643171003373, 28.019246664974922 ], [ 85.181622726225967, 28.019264270544166 ], [ 85.181555565072401, 28.019327981366178 ], [ 85.181536042213537, 28.01934839588241 ], [ 85.181481444417315, 28.019410836123619 ], [ 85.181463256430106, 28.019433631869433 ], [ 85.181417896126277, 28.019495735715456 ], [ 85.18140140204892, 28.019520486064707 ], [ 85.18136291301353, 28.019583886453969 ], [ 85.18134862876262, 28.019609846479781 ], [ 85.181315631395876, 28.019676510234326 ], [ 85.181303950458201, 28.019702958658552 ], [ 85.181275730523893, 28.019775882641824 ], [ 85.181266982576915, 28.019802082902093 ], [ 85.181240311397275, 28.019902867353441 ], [ 85.181232703950471, 28.019941439345242 ], [ 85.181218942621086, 28.020048599450561 ], [ 85.18121636622007, 28.020091154767453 ], [ 85.181216256624779, 28.020186132459937 ], [ 85.181218845799307, 28.020230598103087 ], [ 85.181229512152967, 28.020322375244103 ], [ 85.181237104917244, 28.020365805207675 ], [ 85.181253835192607, 28.020440525595323 ], [ 85.181264598961548, 28.020479836240511 ], [ 85.18128763966709, 28.020551088666746 ], [ 85.181299779801947, 28.020583539796345 ], [ 85.181341501514481, 28.02067721954398 ], [ 85.181355581734721, 28.020704304987941 ], [ 85.181428060472129, 28.020820421626414 ], [ 85.181444198032381, 28.020842305376668 ], [ 85.181530424752751, 28.020943041550051 ], [ 85.181547469006688, 28.02096029497821 ], [ 85.181621410668058, 28.021027705380476 ], [ 85.181639827012745, 28.021042830881672 ], [ 85.181731282171185, 28.021109604578196 ], [ 85.181749959065726, 28.021121693990469 ], [ 85.181871024174797, 28.021189032477228 ], [ 85.181889324596369, 28.021197685693256 ], [ 85.182063444831286, 28.021262397807085 ], [ 85.182085622065912, 28.021268564547967 ], [ 85.18226094735121, 28.021302588301154 ], [ 85.182286482757434, 28.021305480152328 ], [ 85.182433404835322, 28.021312595136688 ], [ 85.182461829704494, 28.021312143621753 ], [ 85.182581629698092, 28.02130370850988 ], [ 85.182598478399186, 28.021313419348644 ], [ 85.1826130036347, 28.021320756362812 ], [ 85.182677258732653, 28.021345998344117 ], [ 85.182685394138275, 28.021396162985987 ], [ 85.182683559323181, 28.021443016605346 ], [ 85.182684614466666, 28.021526031047962 ], [ 85.182686242594599, 28.021551219807652 ], [ 85.18269588858405, 28.021633783753824 ], [ 85.182699643418061, 28.021655933144494 ], [ 85.18272457888034, 28.021760485539065 ], [ 85.182735596323965, 28.021796114648978 ], [ 85.182776922227163, 28.02190301394543 ], [ 85.182793320481778, 28.021938101447319 ], [ 85.182844819110841, 28.022032408630185 ], [ 85.182866696276875, 28.022067169701174 ], [ 85.182922767261431, 28.022146328073408 ], [ 85.182950340171629, 28.022181113928223 ], [ 85.182951246486425, 28.022182156537834 ], [ 85.182947449017519, 28.022193985543826 ], [ 85.182942493620942, 28.022212613796789 ], [ 85.182925025733041, 28.022295378910723 ], [ 85.182920476328462, 28.022324347635564 ], [ 85.18291292912582, 28.022389762638191 ], [ 85.182910607210729, 28.022421135226654 ], [ 85.182908424251295, 28.0224780569953 ], [ 85.182908330757201, 28.022511838875047 ], [ 85.182909712021797, 28.022561125407368 ], [ 85.182911846712841, 28.022597391480588 ], [ 85.182923091038973, 28.022692093852591 ], [ 85.182930334702633, 28.022732499450665 ], [ 85.182954430927623, 28.022831046759844 ], [ 85.182955411304533, 28.022834195273465 ], [ 85.182959835745322, 28.022925549877673 ], [ 85.182963782585503, 28.022958815103998 ], [ 85.182955397610741, 28.022989453025989 ], [ 85.182948315496347, 28.023020563205595 ], [ 85.182930334754957, 28.023140542512234 ], [ 85.182928430930787, 28.023166457968248 ], [ 85.182937645936278, 28.023359717299076 ], [ 85.182941141608282, 28.023380287538959 ], [ 85.183011335301089, 28.023599827096035 ], [ 85.183016930593652, 28.023611465368635 ], [ 85.183111359763942, 28.023764775378826 ], [ 85.183120010901973, 28.023776065097795 ], [ 85.183223164461808, 28.023889699105681 ], [ 85.183234884305818, 28.023900662095137 ], [ 85.183332025098196, 28.023980425002676 ], [ 85.183345982193927, 28.023990471327455 ], [ 85.183357241535262, 28.024021027279062 ], [ 85.183366024692631, 28.024041172876398 ], [ 85.183421017418198, 28.024146586491668 ], [ 85.183431709980667, 28.02416403909027 ], [ 85.183513777954957, 28.024277028932445 ], [ 85.183526499943682, 28.024291969706926 ], [ 85.183601821646263, 28.024370634140716 ], [ 85.183625012972485, 28.024392220153004 ], [ 85.183679361578228, 28.024439169014471 ], [ 85.183680223582343, 28.024439859972588 ], [ 85.183680850642517, 28.024442738483522 ], [ 85.183703562043434, 28.024525708938164 ], [ 85.183710930616215, 28.024547976474931 ], [ 85.183740672105387, 28.024624859386478 ], [ 85.183744863034391, 28.02463428714216 ], [ 85.183742757174585, 28.02466668997198 ], [ 85.183741107244757, 28.02471095225026 ], [ 85.183740609485724, 28.024762767383208 ], [ 85.183745156578325, 28.024856044225281 ], [ 85.18375048178244, 28.024905643164647 ], [ 85.183758520236751, 28.024955007595775 ], [ 85.183740179529252, 28.024981125033609 ], [ 85.183719585522098, 28.025012536716215 ], [ 85.183669529798976, 28.025099367235821 ], [ 85.183654356596705, 28.025129616901825 ], [ 85.183603496514493, 28.025255318470666 ], [ 85.183594565492996, 28.02528388362617 ], [ 85.183566318256609, 28.025406893923702 ], [ 85.183560279825016, 28.025447437018869 ], [ 85.183552087559761, 28.025595995404089 ], [ 85.183553296144282, 28.025627890280113 ], [ 85.183583735492661, 28.02581872206208 ], [ 85.183590581257732, 28.025842752436823 ], [ 85.183646139702631, 28.025985932852649 ], [ 85.183658523796922, 28.026010833336215 ], [ 85.183726465898459, 28.026124670713841 ], [ 85.183743929678229, 28.026149471395936 ], [ 85.183822026363003, 28.026245678024779 ], [ 85.183843281781947, 28.026268531656211 ], [ 85.183944107758279, 28.026362314252797 ], [ 85.183966270994873, 28.026380165737621 ], [ 85.184073342657769, 28.026455414455324 ], [ 85.184099472670184, 28.026471367215191 ], [ 85.184230932436776, 28.026539363312185 ], [ 85.184244610903804, 28.026545269395676 ], [ 85.184403964626767, 28.026599913674993 ], [ 85.18441881455847, 28.026603769467933 ], [ 85.184574411630081, 28.026632681551693 ], [ 85.184590587875775, 28.026634531513739 ], [ 85.184630787079698, 28.026636682343682 ], [ 85.18464866951301, 28.026650414043733 ], [ 85.184669474719925, 28.026665142971627 ], [ 85.184755550253939, 28.026719824889184 ], [ 85.184785491924714, 28.02673682692852 ], [ 85.184876206417584, 28.026782691650052 ], [ 85.184911208274912, 28.026798333719118 ], [ 85.184980674618075, 28.026826527166456 ], [ 85.185018054541075, 28.02684021609544 ], [ 85.185045833071925, 28.026849884263012 ], [ 85.185050966064935, 28.026854699172873 ], [ 85.185083905493372, 28.026880824133297 ], [ 85.18520700602275, 28.02696439916523 ], [ 85.185247862931831, 28.02698798715414 ], [ 85.185347610264017, 28.027038695708818 ], [ 85.185394919065644, 28.02705968854638 ], [ 85.185453208117465, 28.02708354375488 ], [ 85.185534930920824, 28.027114252298922 ], [ 85.185571502834463, 28.027127259241158 ], [ 85.185598517518216, 28.027136332138792 ], [ 85.185669321208238, 28.027157507244706 ], [ 85.185684591816951, 28.027161526212801 ], [ 85.185684915860449, 28.02716179798534 ], [ 85.185724939301565, 28.027193007032274 ], [ 85.185800433312579, 28.027246457206346 ], [ 85.185821114829153, 28.027259724134769 ], [ 85.185893585532554, 28.027302154680115 ], [ 85.185913779339614, 28.027312908990336 ], [ 85.186002002028431, 28.027354798002019 ], [ 85.186022035754362, 28.027363212781118 ], [ 85.186069415542988, 28.027380365411968 ], [ 85.186152878192331, 28.027423500147254 ], [ 85.186153513150771, 28.027427956183285 ], [ 85.186168698385387, 28.027513655068226 ], [ 85.186178431686599, 28.027560493634873 ], [ 85.186188982628693, 28.027604691625431 ], [ 85.186218005277439, 28.027700136441091 ], [ 85.186232295217906, 28.027738612491952 ], [ 85.18630213796655, 28.027882973818436 ], [ 85.186320060733777, 28.027912599455856 ], [ 85.186427735629039, 28.028055847970027 ], [ 85.186441595011402, 28.028070938882792 ], [ 85.186546015532358, 28.028168721134627 ], [ 85.186562997307277, 28.028182413814996 ], [ 85.186668651784458, 28.028256873175227 ], [ 85.186688917420383, 28.028269303314524 ], [ 85.186786124678122, 28.028322041298974 ], [ 85.186810040587559, 28.028333434834369 ], [ 85.186913424446359, 28.028376241608761 ], [ 85.186961220720136, 28.028393204512408 ], [ 85.187027057200979, 28.02841426835521 ], [ 85.187134578823731, 28.028445002433127 ], [ 85.187214934064798, 28.028471399545474 ], [ 85.18728521818737, 28.028491940681374 ], [ 85.187363071215813, 28.028511938921671 ], [ 85.187445373738186, 28.028529818979276 ], [ 85.187490166651529, 28.028537811209379 ], [ 85.187549390842719, 28.028546772044358 ], [ 85.187599373937175, 28.028552992581744 ], [ 85.187660617092448, 28.028558942196998 ], [ 85.18780247564635, 28.028568875578724 ], [ 85.187830177159341, 28.028570478057695 ], [ 85.187919253827786, 28.028574548320936 ], [ 85.187953829933619, 28.028575605312231 ], [ 85.188041569910055, 28.028576962178576 ], [ 85.188077313268622, 28.028576957435678 ], [ 85.188163565007372, 28.028575600713353 ], [ 85.188200569667515, 28.028574420319181 ], [ 85.188285209077108, 28.028570350178931 ], [ 85.188314240975203, 28.028568584121732 ], [ 85.188404694422914, 28.028561926491506 ], [ 85.188459340907244, 28.028556581128527 ], [ 85.18850889278535, 28.02855052698974 ], [ 85.190611556901032, 28.029608395254801 ], [ 85.191521924028379, 28.030817109803809 ], [ 85.191589099489974, 28.031008158827774 ], [ 85.191587637951116, 28.031028054544279 ], [ 85.191585964182451, 28.031059036150651 ], [ 85.19158397553791, 28.031116468610495 ], [ 85.191583512141989, 28.031149289237757 ], [ 85.191583895565117, 28.031209381831268 ], [ 85.191584635888105, 28.0312390750838 ], [ 85.191587392995061, 28.031302461368284 ], [ 85.19158895768696, 28.031328594569739 ], [ 85.191594140513018, 28.031396542302105 ], [ 85.191596752082191, 28.031424378264486 ], [ 85.191610636131117, 28.031549002138878 ], [ 85.191612916406328, 28.03156751642895 ], [ 85.191649983578799, 28.031842195277044 ], [ 85.191660639278567, 28.031950848987218 ], [ 85.191665450588815, 28.032031790228238 ], [ 85.191669020396432, 28.032125240271895 ], [ 85.19167093545127, 28.032226309404177 ], [ 85.191671144066831, 28.03233574653807 ], [ 85.191667456335253, 28.032556104929913 ], [ 85.191660481662893, 28.032795335415003 ], [ 85.191650498077379, 28.032814000580615 ], [ 85.191632183259671, 28.032850284317433 ], [ 85.191608690864925, 28.032899716592887 ], [ 85.191588671226995, 28.032945247894546 ], [ 85.191568947919535, 28.032993961783323 ], [ 85.191548996119053, 28.033048656143539 ], [ 85.191533781999098, 28.033095395224482 ], [ 85.191516218381494, 28.033157551712158 ], [ 85.191505296827756, 28.033202984575986 ], [ 85.191491917964115, 28.033271473037995 ], [ 85.191485202318759, 28.033315977584866 ], [ 85.191478514681492, 28.033374977472683 ], [ 85.191473459747485, 28.033441446603387 ], [ 85.191471379267895, 28.033483135460731 ], [ 85.19146969172256, 28.033553994336078 ], [ 85.191469666709779, 28.033591041226551 ], [ 85.191471352782415, 28.033666100409754 ], [ 85.19147278667576, 28.033699280192753 ], [ 85.191477840200733, 28.0337782399818 ], [ 85.191483724871588, 28.033836616201363 ], [ 85.191492248215823, 28.033898457553889 ], [ 85.191507639475532, 28.033979383858931 ], [ 85.191523059737804, 28.034042747346227 ], [ 85.191544152438098, 28.03411485151511 ], [ 85.191566623180591, 28.034180408789812 ], [ 85.19159054724193, 28.034242100413998 ], [ 85.191620516525191, 28.03431115873552 ], [ 85.191641964173726, 28.034356808875685 ], [ 85.191671834687099, 28.034415781658954 ], [ 85.191689021749198, 28.034447996630824 ], [ 85.191725540451444, 28.034513089964715 ], [ 85.191742259188985, 28.034541605847032 ], [ 85.191799175393953, 28.03463459934839 ], [ 85.191808817363011, 28.034674343841253 ], [ 85.191825452912823, 28.03475214643305 ], [ 85.191837978191757, 28.034821073331027 ], [ 85.191846764069595, 28.034884546269904 ], [ 85.191855888568739, 28.034962980613368 ], [ 85.191850798369757, 28.034971897080929 ], [ 85.191837373052465, 28.034998631157702 ], [ 85.191800967923967, 28.035082010415032 ], [ 85.1917856245107, 28.035123086593604 ], [ 85.191765126343313, 28.035185379443771 ], [ 85.191751737081162, 28.035232275218505 ], [ 85.191739676835681, 28.035279890161789 ], [ 85.19172793669442, 28.035332903846768 ], [ 85.191721947039724, 28.035362559103781 ], [ 85.19170779021762, 28.035440082800882 ], [ 85.191703766448768, 28.035464171499395 ], [ 85.191694718411625, 28.035523883578421 ], [ 85.191689905244431, 28.035561656719992 ], [ 85.191683459029605, 28.035623979613092 ], [ 85.191681797745332, 28.035644403882277 ], [ 85.191677968517027, 28.035657686590032 ], [ 85.191668168320959, 28.035694955825612 ], [ 85.191641357982618, 28.035807662741949 ], [ 85.191634536711589, 28.035839085724273 ], [ 85.191600538420929, 28.036012175358131 ], [ 85.191597006059851, 28.036031381377214 ], [ 85.191576022599023, 28.036153757374041 ], [ 85.191571148629492, 28.036186106027589 ], [ 85.191554819846502, 28.036311740767779 ], [ 85.191551386639475, 28.036342895649195 ], [ 85.191539741476205, 28.036471580142887 ], [ 85.19153759200907, 28.036501595138535 ], [ 85.191530652923973, 28.036633082406073 ], [ 85.191529649342613, 28.036662045045944 ], [ 85.191527431193734, 28.036796116886144 ], [ 85.19152745770144, 28.03682412157853 ], [ 85.191529970049615, 28.036960390055111 ], [ 85.191530931459482, 28.036987539511539 ], [ 85.191538168144845, 28.037125644457298 ], [ 85.191539989698114, 28.03715205447326 ], [ 85.19155192756989, 28.037291556981636 ], [ 85.191553414505279, 28.037307142310947 ], [ 85.191561186266483, 28.037380982399462 ], [ 85.191515188763361, 28.037514845750366 ], [ 85.19147176320638, 28.037813395906785 ], [ 85.191486759983874, 28.038152395926687 ], [ 85.1915527586699, 28.038438601607844 ], [ 85.191718351115441, 28.038691101156846 ], [ 85.191821295391208, 28.038801865214925 ], [ 85.191819232548539, 28.038807793376545 ], [ 85.191774268893084, 28.039052067082697 ], [ 85.19180579786763, 28.03929799115388 ], [ 85.191911447831373, 28.039527063796282 ], [ 85.192243591577039, 28.040034673592892 ], [ 85.192255591325804, 28.040335880055906 ], [ 85.192295496997687, 28.040556237613639 ], [ 85.192395137799565, 28.040761165500239 ], [ 85.192901133413059, 28.041525168436067 ], [ 85.19303532848501, 28.041684513539902 ], [ 85.193368315921234, 28.042000280036056 ], [ 85.193793114262306, 28.042625094717899 ], [ 85.194024093041719, 28.042860385378209 ], [ 85.19437875931979, 28.043115100261009 ], [ 85.194409818232998, 28.043139752047814 ], [ 85.194463276692616, 28.043179344580363 ], [ 85.194500380765305, 28.043204964499044 ], [ 85.19453612077146, 28.04322811445585 ], [ 85.195245170789718, 28.043737341470454 ], [ 85.195271360023597, 28.043764482524139 ], [ 85.195297347112657, 28.043790389402531 ], [ 85.195424201728571, 28.04391206105737 ], [ 85.195434003233387, 28.043921330200224 ], [ 85.195541146251657, 28.044021234979489 ], [ 85.195554365210114, 28.044033332700181 ], [ 85.195653612525476, 28.044122480853307 ], [ 85.195669939573705, 28.044136818911181 ], [ 85.195763722332416, 28.044217337036709 ], [ 85.19578315219556, 28.044233586045692 ], [ 85.195875161557694, 28.044308533299422 ], [ 85.195897804784082, 28.044326432989923 ], [ 85.195987305140875, 28.044395087658078 ], [ 85.196013047038846, 28.044414184650101 ], [ 85.196100864962858, 28.044477179398481 ], [ 85.196129785050331, 28.044497170959186 ], [ 85.196216425142566, 28.044554866187166 ], [ 85.196259729377047, 28.04458216429925 ], [ 85.196334388406697, 28.044626671268485 ], [ 85.196383972815141, 28.044654424197464 ], [ 85.196470245990739, 28.044699681990256 ], [ 85.196505438229138, 28.044717315662449 ], [ 85.19658909259401, 28.044757308255306 ], [ 85.196605621885553, 28.044765037349539 ], [ 85.196787586178758, 28.044848238837854 ], [ 85.196845609186866, 28.044876626220777 ], [ 85.196878161268657, 28.044894286317891 ], [ 85.196897673630815, 28.044906266030392 ], [ 85.196910783427967, 28.044915355967266 ], [ 85.196931180241535, 28.044930988766875 ], [ 85.196957493459678, 28.044953038943827 ], [ 85.196990950499455, 28.044983363024809 ], [ 85.197027800268202, 28.045019001997762 ], [ 85.197072410435666, 28.045064437762736 ], [ 85.197295951078829, 28.045303949510465 ], [ 85.197310331607184, 28.04531901864209 ], [ 85.19741051443836, 28.045421699628555 ], [ 85.197433013230551, 28.045444001069864 ], [ 85.197488972113618, 28.045497651273045 ], [ 85.197510936730424, 28.045518060153547 ], [ 85.197564543021301, 28.045566335000476 ], [ 85.197590601135673, 28.045588974729732 ], [ 85.197642913185604, 28.045632822173896 ], [ 85.197673102581064, 28.045657129377823 ], [ 85.197724669180005, 28.045697006054301 ], [ 85.197756554754861, 28.045720663613654 ], [ 85.197809420346601, 28.045758285785897 ], [ 85.197838791211097, 28.045778417570347 ], [ 85.197895489054616, 28.045815834609737 ], [ 85.197922958416441, 28.045833340944828 ], [ 85.197984088185336, 28.045870947876942 ], [ 85.1980089165625, 28.04588574731293 ], [ 85.198075695463601, 28.04592430013313 ], [ 85.198102870882337, 28.045939452988026 ], [ 85.198121398399465, 28.045949425507086 ], [ 85.199066487772356, 28.046622224608459 ], [ 85.199123860088889, 28.046684475061635 ], [ 85.199136270406726, 28.046697681729849 ], [ 85.199232955840614, 28.046798600896196 ], [ 85.19925215584918, 28.046818069158039 ], [ 85.199306314719323, 28.046871421607058 ], [ 85.199325015526384, 28.046889349920363 ], [ 85.199376787733144, 28.046937655097459 ], [ 85.199398793305107, 28.046957561733407 ], [ 85.199449208528421, 28.047001780740246 ], [ 85.199474583250677, 28.04702328172495 ], [ 85.19952417698471, 28.047063876430613 ], [ 85.19955995011874, 28.047091810672679 ], [ 85.199615259934902, 28.047133001028701 ], [ 85.199654638030069, 28.047160881440526 ], [ 85.19971859827703, 28.047203909809692 ], [ 85.199756909585403, 28.047228460699952 ], [ 85.19984508881322, 28.047282247271596 ], [ 85.200170763971371, 28.048045485724476 ], [ 85.20029087344767, 28.048246167242002 ], [ 85.200974859819013, 28.04910636811546 ], [ 85.201064906385724, 28.049402807397684 ], [ 85.201167173881686, 28.049620777040577 ], [ 85.201697844662178, 28.050432402423745 ], [ 85.201924040453321, 28.051143942666034 ], [ 85.202138797009155, 28.051494514254969 ], [ 85.204364651277913, 28.053742569255611 ], [ 85.204532478760029, 28.054030490680912 ], [ 85.2048346572697, 28.054343796969821 ], [ 85.205269499875712, 28.054626560936185 ], [ 85.205454510695986, 28.054859366002969 ], [ 85.205505520234539, 28.054934414076168 ], [ 85.205538517195635, 28.054979828408531 ], [ 85.205605459562207, 28.055066171338201 ], [ 85.205603583810557, 28.055108834919348 ], [ 85.205693763182467, 28.055516975515729 ], [ 85.206321361027094, 28.056743544618037 ], [ 85.206379225078592, 28.057380115759837 ], [ 85.206255005331812, 28.057733080611168 ], [ 85.206208826412279, 28.057993739169472 ], [ 85.206249615782937, 28.058255104430192 ], [ 85.206316809561187, 28.05845909176853 ], [ 85.206311380638482, 28.058465643541041 ], [ 85.206284181886716, 28.058500124334355 ], [ 85.206249533835447, 28.058546305093458 ], [ 85.206219364045296, 28.0585890614474 ], [ 85.206189952304541, 28.058633456033203 ], [ 85.206158838193176, 28.058684052815476 ], [ 85.206134148226226, 28.058727444174039 ], [ 85.206104047940414, 28.058785342657988 ], [ 85.206083753770159, 28.058828308629781 ], [ 85.206056592610707, 28.058892565444459 ], [ 85.206040534954013, 28.058935447794752 ], [ 85.206020064857157, 28.05899745039887 ], [ 85.205996720041938, 28.059078858858982 ], [ 85.205984070863508, 28.059128874406621 ], [ 85.205964390568766, 28.059218544164146 ], [ 85.205956293953591, 28.05926074936912 ], [ 85.205940010697446, 28.059359778851054 ], [ 85.205935122765695, 28.059394099837299 ], [ 85.205921590981532, 28.059506382903123 ], [ 85.205918757677452, 28.059533860843505 ], [ 85.205914550345028, 28.059582923963998 ], [ 85.205414158720473, 28.060276639731274 ], [ 85.205295175255046, 28.060508136572409 ], [ 85.205253764219691, 28.060759893846651 ], [ 85.205250173755616, 28.061683987566653 ], [ 85.20524257547406, 28.06174049827014 ], [ 85.204875094594342, 28.062143498454677 ], [ 85.204711269341061, 28.06239950969859 ], [ 85.20464905169213, 28.062688671929212 ], [ 85.204695063886803, 28.06298021078948 ], [ 85.204844410104982, 28.063243098866796 ], [ 85.204967671444678, 28.063350468975642 ], [ 85.204967819411408, 28.063371370104456 ], [ 85.204967707615154, 28.063378475886111 ], [ 85.204876943283892, 28.063575214873687 ], [ 85.2048495506194, 28.063613472140368 ], [ 85.20481009702965, 28.063674288148832 ], [ 85.204772017095081, 28.063738890566551 ], [ 85.204733802974062, 28.063810638168107 ], [ 85.204711598296726, 28.063855433720956 ], [ 85.204679176818914, 28.063925971953125 ], [ 85.204669997501213, 28.063946669126047 ], [ 85.204606171198321, 28.064095955832805 ], [ 85.204590991604164, 28.064127743237044 ], [ 85.204477745502075, 28.064242057926744 ], [ 85.204445874717138, 28.064275859397949 ], [ 85.204388951963807, 28.064339316584011 ], [ 85.204355252205247, 28.064379087693826 ], [ 85.204233979158062, 28.064530739911135 ], [ 85.204213942369421, 28.064556746099573 ], [ 85.204167969899345, 28.064618709374166 ], [ 85.204151165901038, 28.06464213553809 ], [ 85.204110881484169, 28.064700250170208 ], [ 85.204092176176331, 28.064728361811159 ], [ 85.204055690031225, 28.064785533406166 ], [ 85.204035764909534, 28.064818314893046 ], [ 85.204003748374745, 28.064873695793825 ], [ 85.203983529460928, 28.064910725064429 ], [ 85.203955667165047, 28.064964865266671 ], [ 85.203935876086021, 28.06500598968065 ], [ 85.203912002955562, 28.065059211015811 ], [ 85.203889356966869, 28.065114959443935 ], [ 85.203862089057722, 28.065189693695483 ], [ 85.20384318826251, 28.065248150712669 ], [ 85.203818907429635, 28.065334074089048 ], [ 85.203808389603267, 28.065375380397651 ], [ 85.203788246243477, 28.06546413030928 ], [ 85.203783911174156, 28.065484428111315 ], [ 85.203746369609135, 28.065671919918763 ], [ 85.203722293703066, 28.065791971940779 ], [ 85.203719147917965, 28.065808552589765 ], [ 85.203697351674933, 28.065930357349796 ], [ 85.203694608329215, 28.065946646532165 ], [ 85.203675130419555, 28.06606999597647 ], [ 85.203672764749427, 28.066086020713243 ], [ 85.203655622164788, 28.066210811281255 ], [ 85.203653614855398, 28.066226576824928 ], [ 85.203638819336732, 28.066352714814439 ], [ 85.203637149457492, 28.066368256268142 ], [ 85.20362471735514, 28.066495615548156 ], [ 85.203623370017496, 28.06651093506359 ], [ 85.203613311458923, 28.066639396641328 ], [ 85.203612269692371, 28.06665454200801 ], [ 85.203604598127114, 28.066783970689556 ], [ 85.203603873407246, 28.066798398950166 ], [ 85.203595638817745, 28.066998302416081 ], [ 85.203595060727793, 28.067018575740391 ], [ 85.203592432082729, 28.067184533899574 ], [ 85.203592459625767, 28.067211517809902 ], [ 85.203593828895123, 28.067288113905573 ], [ 85.203569093130668, 28.067370331644629 ], [ 85.203537308656635, 28.067667652700187 ], [ 85.203583261322365, 28.068235134599803 ], [ 85.203583508623581, 28.068249409977373 ], [ 85.203586681926566, 28.068331480787993 ], [ 85.203589085705971, 28.068369817217697 ], [ 85.20359582450638, 28.068447458439636 ], [ 85.203600618636955, 28.068489689730477 ], [ 85.20361097464189, 28.068563463377689 ], [ 85.20361416141732, 28.068584201026404 ], [ 85.2036146689221, 28.068587239613791 ], [ 85.203618082058199, 28.068606272117112 ], [ 85.203631770485146, 28.068677677437528 ], [ 85.203638327422112, 28.068708607675983 ], [ 85.203655904821218, 28.068784236568252 ], [ 85.203663545815459, 28.068814477157773 ], [ 85.203684401288626, 28.068890846566045 ], [ 85.203692946526616, 28.068920002216231 ], [ 85.203716945018215, 28.068996607694231 ], [ 85.203726402239568, 28.06902498390226 ], [ 85.203753397950607, 28.069101355156867 ], [ 85.203763848445107, 28.069129313072334 ], [ 85.203793620027326, 28.069204811864132 ], [ 85.203805191962672, 28.069232677512183 ], [ 85.203837505124312, 28.0693067096534 ], [ 85.203850408318345, 28.069334854890268 ], [ 85.203884997532626, 28.069406807734889 ], [ 85.203902074212991, 28.069440411591668 ], [ 85.20392210855114, 28.069477778927954 ], [ 85.203943430696853, 28.069515273037254 ], [ 85.203965631171229, 28.069552151601457 ], [ 85.203988323659345, 28.069587869976377 ], [ 85.20401273685178, 28.069624334378961 ], [ 85.204036388469561, 28.069657956944557 ], [ 85.204037044286821, 28.069658845166582 ], [ 85.204040442572733, 28.069665564321721 ], [ 85.20406659378871, 28.069712169974753 ], [ 85.204102535274629, 28.0697706995036 ], [ 85.204133950228936, 28.06981764296663 ], [ 85.204169995723973, 28.069867678422412 ], [ 85.204207259131309, 28.069915835518849 ], [ 85.20423813527519, 28.069953606676421 ], [ 85.204243594408425, 28.069959934047919 ], [ 85.204247679205224, 28.069969392339555 ], [ 85.204263650450429, 28.070004187753327 ], [ 85.204316458604751, 28.07011271151643 ], [ 85.20433287439694, 28.070144718145801 ], [ 85.20439230693529, 28.070254851033479 ], [ 85.204409069827676, 28.070284501781355 ], [ 85.204474725116867, 28.070395495794706 ], [ 85.204491885225764, 28.070423307168536 ], [ 85.204563250697888, 28.070534293730848 ], [ 85.204580929504147, 28.070560730828337 ], [ 85.204657498536804, 28.070670911833741 ], [ 85.204675907980928, 28.070696433174582 ], [ 85.204756909813369, 28.070804680367274 ], [ 85.204776280164211, 28.070829645799567 ], [ 85.204802600577267, 28.070862377853459 ], [ 85.204806250813505, 28.070871743537136 ], [ 85.204861269904967, 28.071008408933594 ], [ 85.20487222318603, 28.071034352084258 ], [ 85.204904475022587, 28.071107311059745 ], [ 85.204915639852018, 28.071131528470303 ], [ 85.20494774791284, 28.071198390261081 ], [ 85.204961499853553, 28.071225757926026 ], [ 85.20499410244507, 28.071287846685077 ], [ 85.205010668288253, 28.071317924365186 ], [ 85.205044113645755, 28.071375897133617 ], [ 85.205055274637729, 28.071394694057339 ], [ 85.20527954174517, 28.07176184785714 ], [ 85.20528847802143, 28.071776166029519 ], [ 85.205351249848022, 28.071874624879744 ], [ 85.205378610081851, 28.071942981610675 ], [ 85.205380285604548, 28.071946527134468 ], [ 85.205377688602667, 28.071973871188764 ], [ 85.205374955291603, 28.072012579551735 ], [ 85.205371971651218, 28.072076996875708 ], [ 85.205371115436961, 28.072112602451284 ], [ 85.205370994987049, 28.072179770049992 ], [ 85.205371596923385, 28.072212276654923 ], [ 85.20537432946557, 28.072282624874244 ], [ 85.205376013966003, 28.072312035267664 ], [ 85.205381610666691, 28.072385933364561 ], [ 85.205384038706256, 28.072412235892912 ], [ 85.205392559033626, 28.072490452648324 ], [ 85.205393107291869, 28.072495346252111 ], [ 85.205401848007085, 28.072571261878306 ], [ 85.205417743660178, 28.072662668057248 ], [ 85.20542775720979, 28.072705533761123 ], [ 85.205459023537387, 28.072808386652827 ], [ 85.205470565049382, 28.072839028501427 ], [ 85.205497576993537, 28.072902659284317 ], [ 85.205510928760418, 28.072930843006088 ], [ 85.205547890556531, 28.073000405618615 ], [ 85.205562843153558, 28.073025692578884 ], [ 85.205613534107101, 28.073102050822989 ], [ 85.205629951894991, 28.073124215432184 ], [ 85.205681028929973, 28.073187108498246 ], [ 85.205701560789379, 28.073210227563056 ], [ 85.205702514959185, 28.073211158846444 ], [ 85.205710571802584, 28.073251065280729 ], [ 85.205854980439085, 28.07357825353273 ], [ 85.206129329322295, 28.073831717626302 ], [ 85.206920079588784, 28.074321739796599 ], [ 85.20692681455499, 28.074330177296723 ], [ 85.206955736588185, 28.074364656041041 ], [ 85.207010035946055, 28.074423968953035 ], [ 85.207043288127096, 28.074457302169261 ], [ 85.207098093252682, 28.0745081067436 ], [ 85.207135901680871, 28.074540526607361 ], [ 85.207188698588695, 28.074582735484817 ], [ 85.20723152268512, 28.074614638762366 ], [ 85.207278832133355, 28.074647813099961 ], [ 85.207324740864493, 28.074678087979937 ], [ 85.207364901152133, 28.074703258358383 ], [ 85.207417498088191, 28.074734560962227 ], [ 85.207460056236158, 28.074758554139468 ], [ 85.207498337343182, 28.074778972601926 ], [ 85.20764161346878, 28.074898284179788 ], [ 85.207666303570974, 28.074921877838737 ], [ 85.207710232108496, 28.074961350085598 ], [ 85.207736784337797, 28.074983785817249 ], [ 85.207805982089099, 28.075037190155506 ], [ 85.207821761101314, 28.075048300008717 ], [ 85.208136217221835, 28.075310159673485 ], [ 85.20816894267702, 28.075339403060578 ], [ 85.208213699380792, 28.075377043483112 ], [ 85.20825585714303, 28.075410404905501 ], [ 85.208649331026365, 28.075737448860323 ], [ 85.209056879229919, 28.075944432831562 ], [ 85.209324441625213, 28.076014509076398 ], [ 85.209330380196548, 28.07601775678329 ], [ 85.209377368006642, 28.076041942391598 ], [ 85.20941952564084, 28.076062327090682 ], [ 85.209464814123848, 28.076082939264818 ], [ 85.209511695659529, 28.076102978566205 ], [ 85.209565017603353, 28.076124120061618 ], [ 85.209684033704733, 28.076167717424113 ], [ 85.209737370240958, 28.076185719433049 ], [ 85.209780839655423, 28.07619916578415 ], [ 85.209837559792092, 28.076215077193197 ], [ 85.209886882273182, 28.076227518713427 ], [ 85.209933990678437, 28.076238328720148 ], [ 85.210088876662766, 28.076270385760441 ], [ 85.210103053900568, 28.076276116577727 ], [ 85.210113158999491, 28.07654093757769 ], [ 85.210248800912936, 28.076835257272357 ], [ 85.210396799781194, 28.077042258187426 ], [ 85.210598341099313, 28.077247500717551 ], [ 85.210859713228828, 28.077390107580889 ], [ 85.211157137974425, 28.077457105013714 ], [ 85.211463556684237, 28.077442397882873 ], [ 85.211998243652488, 28.07734357032578 ], [ 85.21301806161253, 28.077722561822164 ], [ 85.213093426471048, 28.077798662354471 ], [ 85.213120974442731, 28.077822892447475 ], [ 85.213160639867169, 28.077852245570828 ], [ 85.213178029898003, 28.077890686282444 ], [ 85.213192555427653, 28.077914566275098 ], [ 85.213255808203598, 28.078005278145373 ], [ 85.213281293153869, 28.07803741227827 ], [ 85.21334587560878, 28.078110535163901 ], [ 85.213369418484064, 28.078134536171731 ], [ 85.213381730041291, 28.078145890226523 ], [ 85.213383171843759, 28.078148331871301 ], [ 85.213400300561602, 28.078175144485837 ], [ 85.21345890691677, 28.07825642231732 ], [ 85.21349441740918, 28.078300309911025 ], [ 85.213548536250983, 28.07836145312443 ], [ 85.213591452888267, 28.078405860386141 ], [ 85.21364008907878, 28.078452731130575 ], [ 85.213691274919242, 28.078498691788791 ], [ 85.213729147522344, 28.078530986222233 ], [ 85.213795584671715, 28.078584780327773 ], [ 85.21384334792117, 28.078621117070735 ], [ 85.213867738582152, 28.078638540979561 ], [ 85.213894678865813, 28.078656794598405 ], [ 85.213939793475006, 28.078700318602259 ], [ 85.213955942238996, 28.078714113753961 ], [ 85.214031699557935, 28.078772714719442 ], [ 85.214050959178749, 28.078786186658 ], [ 85.214112359781296, 28.078824810991495 ], [ 85.214128513689474, 28.078841655287778 ], [ 85.214154778849789, 28.078867435182403 ], [ 85.214217637116434, 28.078923925940298 ], [ 85.214266959651638, 28.078964515890796 ], [ 85.214290915383543, 28.078982971821794 ], [ 85.214297012212356, 28.078991550307734 ], [ 85.214328839708088, 28.079033661799116 ], [ 85.214359865589302, 28.079072318741236 ], [ 85.214402122876834, 28.079121332072429 ], [ 85.214437012573867, 28.079159053782806 ], [ 85.214487551668597, 28.079209698877651 ], [ 85.214527680568509, 28.079246996900689 ], [ 85.214592523789989, 28.079302168101879 ], [ 85.214619248911234, 28.07932297675724 ], [ 85.214701767042754, 28.079380811160409 ], [ 85.214731526344309, 28.07939953665905 ], [ 85.214813936762198, 28.079446278105902 ], [ 85.21484703828537, 28.079463121189438 ], [ 85.214924479879812, 28.079498703452497 ], [ 85.214961553215716, 28.07951398727031 ], [ 85.215048861243346, 28.079545702310927 ], [ 85.215121954160125, 28.079568805340454 ], [ 85.215148126776782, 28.079576191799863 ], [ 85.215151270557456, 28.079608825443561 ], [ 85.215216936697985, 28.079859476003897 ], [ 85.215359700089209, 28.0800834963099 ], [ 85.215382347271344, 28.080102981187835 ], [ 85.215314367259879, 28.080210850129049 ], [ 85.215260033774385, 28.080530312090783 ], [ 85.215267031791271, 28.08073531209395 ], [ 85.215334851230949, 28.081033016965414 ], [ 85.215510195875936, 28.081293902483822 ], [ 85.215773202549627, 28.081488413929012 ], [ 85.216094076107325, 28.081594515654835 ], [ 85.21643646587367, 28.081600187517939 ], [ 85.216479666987723, 28.081594380294838 ], [ 85.216551613440274, 28.081657219511889 ], [ 85.216809545330307, 28.081779090283852 ], [ 85.217095897886779, 28.081830904571717 ], [ 85.217180679368909, 28.081824347671521 ], [ 85.217237725069197, 28.081853188760554 ], [ 85.217301145698173, 28.081882047324676 ], [ 85.217349738077601, 28.08190273531557 ], [ 85.217448566905489, 28.081941989233155 ], [ 85.217499478491291, 28.081960759045387 ], [ 85.217504729133807, 28.081962548464009 ], [ 85.217521762096069, 28.081989223898052 ], [ 85.21756205109638, 28.082047116361245 ], [ 85.217584608015372, 28.082076951010919 ], [ 85.217628292176656, 28.082130394419185 ], [ 85.217650712461307, 28.082155812380694 ], [ 85.217654090707953, 28.082159345324712 ], [ 85.217685397189967, 28.082287507081912 ], [ 85.217866302357137, 28.082547258225787 ], [ 85.218134516748535, 28.082738639682056 ], [ 85.218459337126035, 28.082839743114036 ], [ 85.218788539320059, 28.08283902733092 ], [ 85.219108295463641, 28.083014328024035 ], [ 85.219752464850956, 28.08381300344459 ], [ 85.219954014328877, 28.083999379726009 ], [ 85.220206831648142, 28.084127495332783 ], [ 85.220490211386988, 28.08418685762209 ], [ 85.220630212540371, 28.084197857713676 ], [ 85.220917561651206, 28.084184204010544 ], [ 85.221189107898141, 28.084099744555004 ], [ 85.221423130583645, 28.083951235049302 ], [ 85.22152214947215, 28.083839461495469 ], [ 85.221543590429334, 28.083849084220454 ], [ 85.221637174892891, 28.083885962397655 ], [ 85.221690951088306, 28.083904338980016 ], [ 85.221751037523219, 28.083922979276345 ], [ 85.221842222395637, 28.083948457104245 ], [ 85.221854801792247, 28.083952401794594 ], [ 85.221954474518384, 28.083986871453352 ], [ 85.221968681521474, 28.083992385695286 ], [ 85.221999025741709, 28.084047411113012 ], [ 85.222011454355979, 28.084069196939364 ], [ 85.222038667292736, 28.084115337601347 ], [ 85.222068545863095, 28.084162499481209 ], [ 85.222099928370938, 28.084208732976464 ], [ 85.222150783050807, 28.084276529771287 ], [ 85.222182409357444, 28.084314825530985 ], [ 85.22223693536597, 28.084375235194557 ], [ 85.222305503751627, 28.084444859859175 ], [ 85.222352343269662, 28.084489303641565 ], [ 85.222423871049116, 28.084552744033378 ], [ 85.222477891588937, 28.084597302032318 ], [ 85.222551184212008, 28.084653502109564 ], [ 85.222614548735919, 28.084698305756376 ], [ 85.222688733831859, 28.08474660352277 ], [ 85.222750780061901, 28.084783957876812 ], [ 85.222800327824771, 28.08481147819084 ], [ 85.222849520976851, 28.084837126943505 ], [ 85.222903954304428, 28.084863715081848 ], [ 85.222948180252359, 28.084884081794023 ], [ 85.2230081420077, 28.084910061943141 ], [ 85.223046291561573, 28.084925733934224 ], [ 85.223113659973663, 28.084951923690085 ], [ 85.223163603794063, 28.084969955870939 ], [ 85.223252641426626, 28.084999688673772 ], [ 85.223316901664631, 28.085019003450839 ], [ 85.223412063733321, 28.085044502542225 ], [ 85.223471780791542, 28.085058762669359 ], [ 85.223573252599394, 28.085080082776848 ], [ 85.223628034988423, 28.085090190722866 ], [ 85.223726511978484, 28.085105868469373 ], [ 85.223850263296143, 28.085127773678462 ], [ 85.223916125199125, 28.085137451167309 ], [ 85.2239723910387, 28.08514404481193 ], [ 85.224075696639545, 28.085151428894271 ], [ 85.224105034309517, 28.085152195851084 ], [ 85.224166254048527, 28.085151137923731 ], [ 85.2241824107996, 28.085165767097092 ], [ 85.224242902047763, 28.085216982276098 ], [ 85.224291211465754, 28.08525534976777 ], [ 85.224359354705626, 28.085306093582432 ], [ 85.224403441011063, 28.085337120508548 ], [ 85.224480183757123, 28.085388127188679 ], [ 85.224518247815283, 28.085412234738161 ], [ 85.224606697324049, 28.085465574149424 ], [ 85.224651640237425, 28.08549117322648 ], [ 85.224689945689036, 28.085511752648021 ], [ 85.224724094234517, 28.085529305058497 ], [ 85.224761401660231, 28.085547633135068 ], [ 85.224837839697514, 28.085611230178881 ], [ 85.22486187832537, 28.085630600175385 ], [ 85.224906813322121, 28.085665663421928 ], [ 85.224934412717872, 28.085686438700634 ], [ 85.225001953737561, 28.085735473703782 ], [ 85.225000377649607, 28.085793683564575 ], [ 85.225000479953579, 28.085840507128204 ], [ 85.225001800831365, 28.085882505579772 ], [ 85.225005732744648, 28.085940482484062 ], [ 85.225009626678272, 28.085977806915682 ], [ 85.225022232033751, 28.08605861207883 ], [ 85.225037743444005, 28.086133071632293 ], [ 85.225037426653728, 28.086144064469114 ], [ 85.225037210380833, 28.08618073566134 ], [ 85.225037745907883, 28.086212204694242 ], [ 85.225043430868297, 28.086294806575069 ], [ 85.225047245814906, 28.08632635594401 ], [ 85.225071559958366, 28.086448054228637 ], [ 85.225079172075141, 28.086475181863669 ], [ 85.225119170478223, 28.08658643819561 ], [ 85.225130278144604, 28.086611582290342 ], [ 85.225165742472399, 28.086682680700612 ], [ 85.225180568484106, 28.086709247370781 ], [ 85.22521430968925, 28.086764742505814 ], [ 85.225233048801556, 28.086793141284922 ], [ 85.225261667411559, 28.086833976201774 ], [ 85.225285761197895, 28.086866395288837 ], [ 85.225332442944293, 28.086924126017287 ], [ 85.225350180209574, 28.086944331782053 ], [ 85.225421092415857, 28.087016807526801 ], [ 85.225442995216596, 28.087036924576584 ], [ 85.225473567785315, 28.087062754991326 ], [ 85.225478476231203, 28.087073587367822 ], [ 85.225533540022226, 28.087175982405753 ], [ 85.225554062649223, 28.087208681047425 ], [ 85.22566085467929, 28.087346860219132 ], [ 85.225684393412394, 28.087371957497155 ], [ 85.225788979612958, 28.087468018566906 ], [ 85.225812761863679, 28.087486850378163 ], [ 85.225865693198855, 28.087525663212624 ], [ 85.225865737101969, 28.087525703850346 ], [ 85.22590981158028, 28.087565266239558 ], [ 85.225936577492391, 28.087588425002284 ], [ 85.225983082662523, 28.087627209284527 ], [ 85.226009795298012, 28.087648708504226 ], [ 85.22605870506554, 28.087686692679288 ], [ 85.226085244897206, 28.087706603910355 ], [ 85.2261365351428, 28.08774376961345 ], [ 85.226162831437264, 28.087762192296196 ], [ 85.226216456928128, 28.087798505547369 ], [ 85.22624243984518, 28.087815528123638 ], [ 85.226298359328808, 28.08785096040927 ], [ 85.226323967642628, 28.087866667281045 ], [ 85.226382124708991, 28.087901183574193 ], [ 85.226410026567123, 28.08791679021925 ], [ 85.226412194855087, 28.087922840835905 ], [ 85.226458506798409, 28.088028548444584 ], [ 85.22646626199419, 28.088043408704007 ], [ 85.22652768390347, 28.088143873962963 ], [ 85.226536165021685, 28.088155865608876 ], [ 85.226655044359404, 28.08829280582777 ], [ 85.226667300858068, 28.088304426622553 ], [ 85.226818739102271, 28.08842214008979 ], [ 85.226835207653323, 28.088432578926525 ], [ 85.226983167610015, 28.088510503035724 ], [ 85.227040615269658, 28.088535190416451 ], [ 85.227068474997694, 28.088547673372343 ], [ 85.227118133647906, 28.088568451600835 ], [ 85.227155883884919, 28.088583156204113 ], [ 85.227223894555109, 28.088607099393631 ], [ 85.227308302022834, 28.088633741132714 ], [ 85.227376360098859, 28.088652864737238 ], [ 85.227463333218523, 28.088674356618874 ], [ 85.227497203271923, 28.088682172117927 ], [ 85.227684038693297, 28.088722254695917 ], [ 85.227714369508504, 28.088728328209807 ], [ 85.227763479493632, 28.088737464942366 ], [ 85.22784291107881, 28.088749353371071 ], [ 85.227898738369944, 28.088755705160047 ], [ 85.227924041271081, 28.088757935276217 ], [ 85.227939423005935, 28.088774597588444 ], [ 85.227978224166606, 28.08881219241329 ], [ 85.228032579522022, 28.088860996109752 ], [ 85.228121045620668, 28.0889346077171 ], [ 85.228131305821407, 28.088943028321335 ], [ 85.22816487267454, 28.088970199570046 ], [ 85.228231796766096, 28.089019878318251 ], [ 85.228271202977538, 28.089046667411381 ], [ 85.228326606090377, 28.089081784943303 ], [ 85.228372748982196, 28.089109011179577 ], [ 85.228401003685832, 28.089125092725059 ], [ 85.228475121868158, 28.0891657625316 ], [ 85.22851117981746, 28.089201951375937 ], [ 85.228538811673204, 28.089228587251114 ], [ 85.228576286916891, 28.089263288601423 ], [ 85.228613761086805, 28.089296234702299 ], [ 85.228669666636392, 28.089342899004979 ], [ 85.228695982727487, 28.08936410823642 ], [ 85.228752214969163, 28.089407861727821 ], [ 85.228780858681148, 28.089429333478058 ], [ 85.22883727992857, 28.08947007059399 ], [ 85.22886855666917, 28.089491766838023 ], [ 85.228925055288087, 28.089529406717684 ], [ 85.228953491081015, 28.089547678817201 ], [ 85.229024547047374, 28.089591699406025 ], [ 85.229058006891734, 28.089611566498679 ], [ 85.22911932683995, 28.089646437480656 ], [ 85.229164770429335, 28.089670819575797 ], [ 85.2292219419665, 28.089699714005771 ], [ 85.229279286958416, 28.089726586126815 ], [ 85.229333553238988, 28.089750085005495 ], [ 85.229430861835596, 28.089786799221276 ], [ 85.229488273691231, 28.089805399390702 ], [ 85.229582066414437, 28.089831308706611 ], [ 85.229667933997519, 28.089851051214161 ], [ 85.229700747173808, 28.089867021489862 ], [ 85.229721368919769, 28.089878568680803 ], [ 85.229747733627306, 28.089895204957635 ], [ 85.229778206691094, 28.089916613119183 ], [ 85.229812983428303, 28.089943566759377 ], [ 85.229832562496071, 28.089960102363648 ], [ 85.229861553470371, 28.089986269813238 ], [ 85.229954097388614, 28.090075429705475 ], [ 85.229977777180608, 28.090100201232179 ], [ 85.229998341541545, 28.090123239056368 ], [ 85.230011450172128, 28.090139133050286 ], [ 85.230020777774399, 28.090168970067833 ], [ 85.23003543192057, 28.090211706866953 ], [ 85.230050928787861, 28.090253184303226 ], [ 85.230093607061875, 28.090348787706738 ], [ 85.230114113838695, 28.090388030271335 ], [ 85.230175474424172, 28.090488300638555 ], [ 85.23018706828924, 28.090504683076389 ], [ 85.230244618868568, 28.090577727169173 ], [ 85.230257295752949, 28.090592234691773 ], [ 85.230342055266149, 28.090677540234861 ], [ 85.230377716650096, 28.090709169153602 ], [ 85.230457986856607, 28.090773180536132 ], [ 85.230509847341679, 28.090810319551185 ], [ 85.230587326693055, 28.090860639305518 ], [ 85.23062426349729, 28.090882330300182 ], [ 85.230728757264075, 28.090936067956381 ], [ 85.230772309250227, 28.090955498704862 ], [ 85.230852056945395, 28.090987346623727 ], [ 85.230897827204473, 28.091003565151503 ], [ 85.230935965178148, 28.091016299857177 ], [ 85.230968305922929, 28.091026447830981 ], [ 85.231082609963778, 28.091113197910413 ], [ 85.23112322466848, 28.091142451762472 ], [ 85.231168053548274, 28.091173078737548 ], [ 85.231215289286752, 28.09120347637176 ], [ 85.231256794134438, 28.091228606787581 ], [ 85.231297103154603, 28.09125179507382 ], [ 85.231391239648133, 28.09130318933488 ], [ 85.231425748405499, 28.091321208855234 ], [ 85.231505983976135, 28.091361241212571 ], [ 85.23155323860837, 28.091383389709751 ], [ 85.231627590940207, 28.091416053230684 ], [ 85.231687341068579, 28.091440205097332 ], [ 85.231757451036017, 28.091466155383252 ], [ 85.231835221542639, 28.091491693494785 ], [ 85.231887748037181, 28.091506813845307 ], [ 85.231965026055562, 28.091526106262847 ], [ 85.23202464529848, 28.091538762173677 ], [ 85.232064905752523, 28.091546259965725 ], [ 85.2321547295046, 28.091721122939056 ], [ 85.232341817768017, 28.091914014627815 ], [ 85.232582185188633, 28.092052925813331 ], [ 85.232954836963955, 28.092206933739163 ], [ 85.233091354693073, 28.092416079231583 ], [ 85.233305436579158, 28.092645814129831 ], [ 85.233592227237082, 28.092801177832108 ], [ 85.233777228397358, 28.092867178410469 ], [ 85.234022940874326, 28.092924516566281 ], [ 85.234277011813418, 28.092926084109568 ], [ 85.235252880291725, 28.092823294823653 ], [ 85.235427220319579, 28.092885040557267 ], [ 85.23544659760995, 28.09289170068983 ], [ 85.235734681822194, 28.09298772855951 ], [ 85.23601876189062, 28.093082422010944 ], [ 85.236281393450227, 28.093136147439306 ], [ 85.23655071759147, 28.093126840018822 ], [ 85.236612695644737, 28.093117304485741 ], [ 85.237046586459016, 28.093050553183541 ], [ 85.237258707089381, 28.092996368520261 ], [ 85.237431245497618, 28.092933627471663 ], [ 85.237533635274062, 28.092945816897988 ], [ 85.238035654544205, 28.093044575522786 ], [ 85.238251119794427, 28.093102383449974 ], [ 85.238400153514903, 28.093188364701618 ], [ 85.238413282588098, 28.093223376663328 ], [ 85.238429186170364, 28.093329405807648 ], [ 85.238490883891288, 28.093540645518015 ], [ 85.238607956465998, 28.093732575413654 ], [ 85.238625027140941, 28.093753912814158 ], [ 85.238798657876615, 28.093970955108954 ], [ 85.23900442939096, 28.09416151286106 ], [ 85.23926355845353, 28.094291145371823 ], [ 85.239553892837534, 28.094348770654577 ], [ 85.239850612543336, 28.094329462457562 ], [ 85.240128351629508, 28.094234871398367 ], [ 85.240223712627639, 28.094187190555505 ], [ 85.240317200309065, 28.094134294460378 ], [ 85.240736790391281, 28.093867282830221 ], [ 85.240844225621572, 28.09378849002292 ], [ 85.240904359438645, 28.0937378504875 ], [ 85.24098541110105, 28.093694885209096 ], [ 85.241000444677596, 28.093695235405523 ], [ 85.241452815875334, 28.093803963183799 ], [ 85.24166126551647, 28.093833931341948 ], [ 85.243586281427881, 28.09393093284255 ], [ 85.243803220132776, 28.093921270566096 ], [ 85.245051773405535, 28.093745854946196 ], [ 85.245244874816279, 28.093749877866848 ], [ 85.245541803257098, 28.093763689434692 ], [ 85.245703667622607, 28.093799659100284 ], [ 85.24572713781059, 28.09380461320557 ], [ 85.246013223691421, 28.093861830657826 ], [ 85.246268947058269, 28.093883497394721 ], [ 85.246612248647125, 28.093873961303185 ], [ 85.246789318310789, 28.093855177909322 ], [ 85.247199372239066, 28.093778888768988 ], [ 85.247269031922826, 28.093757838317128 ], [ 85.247621508689917, 28.093710480698476 ], [ 85.248078272466515, 28.093716992750736 ], [ 85.248310360488148, 28.093776887280438 ], [ 85.248419269953914, 28.093808652982439 ], [ 85.248522521341656, 28.09383876790687 ], [ 85.248616571867359, 28.093861831504579 ], [ 85.248711652401539, 28.093880847657577 ], [ 85.248920147901174, 28.094002470074869 ], [ 85.249167311842939, 28.094107473684812 ], [ 85.249367569453312, 28.094164689582751 ], [ 85.249700097384391, 28.094207983732449 ], [ 85.250093613369131, 28.094200957266278 ], [ 85.25115134187125, 28.094349746901592 ], [ 85.251409167496519, 28.094564602354925 ], [ 85.251801642568651, 28.094768079056699 ], [ 85.252593598209188, 28.094988213724577 ], [ 85.253234695622567, 28.095322455601455 ], [ 85.253405619401136, 28.095549242697526 ], [ 85.253685158015529, 28.095733027374962 ], [ 85.254237705563611, 28.095979549657439 ], [ 85.254404990368499, 28.096084103354034 ], [ 85.254620200224778, 28.096186774653415 ], [ 85.255073375151866, 28.096344126584505 ], [ 85.255409628986911, 28.096405715119438 ], [ 85.255498829247159, 28.096408418459625 ], [ 85.255811135724443, 28.096455264577585 ], [ 85.256180932458619, 28.096512156235175 ], [ 85.256275968493114, 28.096522720076319 ], [ 85.256354193694847, 28.096528115134017 ], [ 85.256448358856431, 28.096534609589863 ], [ 85.256650456521172, 28.096586577641425 ], [ 85.256858179521529, 28.096653049316227 ], [ 85.257133133948528, 28.096704458167252 ], [ 85.257752984419412, 28.096742603134704 ], [ 85.257853613581688, 28.09674437094975 ], [ 85.258182970281297, 28.096735703302382 ], [ 85.25836999889907, 28.096741548288183 ], [ 85.258598194717152, 28.096783038770148 ], [ 85.259121013758431, 28.09688106773077 ], [ 85.259342913527945, 28.096961230798875 ], [ 85.25944763912814, 28.097057229743903 ], [ 85.259474112197296, 28.097092968796094 ], [ 85.259473148298156, 28.097152694570148 ], [ 85.259518448690542, 28.097432152247737 ], [ 85.259658915757143, 28.097685518641452 ], [ 85.259689006617691, 28.097712977161859 ], [ 85.259689008101731, 28.09771297979789 ], [ 85.259775298080342, 28.097791719760398 ], [ 85.259880800107211, 28.097887992140251 ], [ 85.259880803642304, 28.097887993809586 ], [ 85.259910896829496, 28.097915453847868 ], [ 85.260192483853359, 28.098047213078949 ], [ 85.260194129910275, 28.098047465718818 ], [ 85.260218628166697, 28.098058929307182 ], [ 85.260244031142335, 28.098082110484384 ], [ 85.260244037910184, 28.098082113638682 ], [ 85.260274136052729, 28.098109578447193 ], [ 85.26055571934981, 28.098241338535871 ], [ 85.26070049182907, 28.098263558363442 ], [ 85.260717696176087, 28.098294589699332 ], [ 85.260747787480739, 28.098322048004658 ], [ 85.260747788964807, 28.098322050640686 ], [ 85.260834080216938, 28.098400789986407 ], [ 85.260939583800891, 28.09849706161215 ], [ 85.260939587336011, 28.098497063281453 ], [ 85.260969680967335, 28.09852452310464 ], [ 85.261251270957615, 28.098656280278615 ], [ 85.261252919261125, 28.098656533205332 ], [ 85.261311872823043, 28.098684118524677 ], [ 85.261381108169658, 28.098694744462222 ], [ 85.261474279174323, 28.09874269793178 ], [ 85.261565094131797, 28.09876918558491 ], [ 85.261573286584763, 28.098771575426639 ], [ 85.261595523112277, 28.098778060433986 ], [ 85.261777841105754, 28.098831236294018 ], [ 85.261831887040131, 28.098846999374913 ], [ 85.261977378354203, 28.098864179583575 ], [ 85.262280315718158, 28.099005175215822 ], [ 85.262370044529163, 28.099134126562316 ], [ 85.262400071585134, 28.099239020186932 ], [ 85.262371035963469, 28.09937678732377 ], [ 85.262384545408636, 28.099592681707595 ], [ 85.262399445550543, 28.099667181942472 ], [ 85.262563724510755, 28.10002193039205 ], [ 85.262659405370982, 28.10014495094681 ], [ 85.262698645565379, 28.100282028654458 ], [ 85.262785402712666, 28.100481849202723 ], [ 85.262874054998903, 28.100595446822087 ], [ 85.262874959547901, 28.100597198269632 ], [ 85.263009059115603, 28.100805800392511 ], [ 85.26323596889759, 28.10104789986574 ], [ 85.263491604374593, 28.101239627700547 ], [ 85.263659203955683, 28.101396054585326 ], [ 85.26377180069025, 28.101508917436369 ], [ 85.263918997046162, 28.101607458466383 ], [ 85.263917657653224, 28.101608774930188 ], [ 85.264252669513098, 28.101876786033539 ], [ 85.26502568324554, 28.102501146671521 ], [ 85.265175691931375, 28.102601498270001 ], [ 85.265206948254431, 28.102618638931698 ], [ 85.265976384110175, 28.103330695096119 ], [ 85.265988383756877, 28.103320499579954 ], [ 85.26611261463573, 28.103449302572677 ], [ 85.266514918412852, 28.103717506529044 ], [ 85.266540173048298, 28.103733811047324 ], [ 85.266778575550333, 28.103882814142768 ], [ 85.266923062852598, 28.103951794156128 ], [ 85.267138952894214, 28.104085610742139 ], [ 85.26740902980788, 28.104204660506323 ], [ 85.267505701512562, 28.104232365274456 ], [ 85.267597885336514, 28.104279042261275 ], [ 85.267884531928232, 28.104395066039924 ], [ 85.268236791976733, 28.104739857561974 ], [ 85.268558624229598, 28.10495089865563 ], [ 85.269279435454237, 28.105250869879324 ], [ 85.269597190829089, 28.105673957463885 ], [ 85.269598874003847, 28.105677011055658 ], [ 85.26962096804121, 28.10571228554662 ], [ 85.2696454113252, 28.105749217944378 ], [ 85.269661051817479, 28.105771614921174 ], [ 85.269667201894251, 28.105788524964378 ], [ 85.269679876975133, 28.105821218425746 ], [ 85.269692220391036, 28.105851176960741 ], [ 85.269731206219831, 28.105933046561667 ], [ 85.269757465985222, 28.105981398266824 ], [ 85.269812420490183, 28.106069614732331 ], [ 85.269847759358328, 28.106119535790288 ], [ 85.269875562843936, 28.106155467818009 ], [ 85.270035683231242, 28.106542082309275 ], [ 85.270273058375949, 28.106870576946037 ], [ 85.271390350234981, 28.107856652723456 ], [ 85.271421570408663, 28.107888151026202 ], [ 85.271455930327889, 28.107917702894913 ], [ 85.271550248469893, 28.107989450399991 ], [ 85.271566790141335, 28.108000553731298 ], [ 85.27164646013955, 28.108048936086227 ], [ 85.271666014876402, 28.108059639681674 ], [ 85.271750479016191, 28.108101100781884 ], [ 85.271810408463892, 28.108127306256815 ], [ 85.271859151185623, 28.108146127811715 ], [ 85.272556702227547, 28.108478105306272 ], [ 85.272802164047533, 28.108560831733019 ], [ 85.273063327307923, 28.108585115394629 ], [ 85.273177109415471, 28.108582603880858 ], [ 85.273212341164154, 28.108622311513724 ], [ 85.273351344528265, 28.108864471966342 ], [ 85.273358561341695, 28.108901949050029 ], [ 85.273366026686034, 28.108932412615726 ], [ 85.273382670851106, 28.10899085187161 ], [ 85.273391875701847, 28.109019153325825 ], [ 85.273415907204878, 28.109083781176935 ], [ 85.273426775004339, 28.109109680395651 ], [ 85.273460745113482, 28.109181090761766 ], [ 85.273473217950851, 28.109204454348603 ], [ 85.273516458119829, 28.109276773185744 ], [ 85.273530851742521, 28.109298413741953 ], [ 85.273572997113078, 28.109356566624726 ], [ 85.273590610681495, 28.109378937219248 ], [ 85.273665531516542, 28.109462983557027 ], [ 85.273686361591615, 28.109483694356129 ], [ 85.273705090516501, 28.109500276898423 ], [ 85.273708394679687, 28.109505776194055 ], [ 85.273723335732186, 28.109527952390692 ], [ 85.273725537620464, 28.10954283015899 ], [ 85.273739302211553, 28.109613770003079 ], [ 85.273757866974123, 28.109690897349669 ], [ 85.273778923192907, 28.109763469267897 ], [ 85.27380619741453, 28.109843533752095 ], [ 85.273827794122155, 28.109900097765543 ], [ 85.273843542586178, 28.109937249227389 ], [ 85.273862142043043, 28.109978073238448 ], [ 85.273879133934457, 28.110012897497732 ], [ 85.273919136127716, 28.110085724074679 ], [ 85.273943748201461, 28.110125849799346 ], [ 85.273989256298606, 28.110192935288183 ], [ 85.273997492956767, 28.110203964112781 ], [ 85.273998584745215, 28.110207227979775 ], [ 85.274014422021352, 28.11025053513475 ], [ 85.274028655059951, 28.110286349870343 ], [ 85.274074714697491, 28.110383676637603 ], [ 85.274093449061198, 28.110417559855172 ], [ 85.274188921100986, 28.110556805721409 ], [ 85.274210897777493, 28.110583161490343 ], [ 85.274339918042529, 28.110710565120311 ], [ 85.274362720029018, 28.110729178900044 ], [ 85.274430075757948, 28.110779264030125 ], [ 85.274535793952893, 28.110916794850709 ], [ 85.274554017831505, 28.110936165928745 ], [ 85.274632264447675, 28.111010406879949 ], [ 85.274666054506753, 28.111039049235643 ], [ 85.27469452067983, 28.111062276906406 ], [ 85.274741279103253, 28.111098999948968 ], [ 85.274793208480233, 28.111137138254076 ], [ 85.274850476792579, 28.111176435638271 ], [ 85.274868652784605, 28.111187796691389 ], [ 85.274892834744819, 28.111224001772094 ], [ 85.274913238125322, 28.111247050785273 ], [ 85.275017318169944, 28.111347863128056 ], [ 85.27505693056149, 28.111380829357547 ], [ 85.275096883674337, 28.111412369512745 ], [ 85.275141492016203, 28.111445763178772 ], [ 85.275219413059105, 28.111498608090358 ], [ 85.27527147161841, 28.111530508872097 ], [ 85.275338813001341, 28.111568406136033 ], [ 85.275385030363438, 28.111592215980718 ], [ 85.275392541173147, 28.11161723053916 ], [ 85.275399849589405, 28.111637826957455 ], [ 85.275439804228242, 28.111731804004936 ], [ 85.275448565627613, 28.111749380026975 ], [ 85.275515697218026, 28.111861855662628 ], [ 85.27552586021902, 28.111876314975692 ], [ 85.275606254599367, 28.111975140601125 ], [ 85.275620646271037, 28.111990524896274 ], [ 85.275706551189032, 28.112071613002666 ], [ 85.275720849553608, 28.112083542299924 ], [ 85.275821475889813, 28.112154464332285 ], [ 85.275808804550721, 28.112235595693111 ], [ 85.275805212441895, 28.112270150031605 ], [ 85.27580098108605, 28.112363140430311 ], [ 85.275801388855612, 28.112395232550632 ], [ 85.275810360161543, 28.112505046537176 ], [ 85.275814745565867, 28.112534031784779 ], [ 85.275842043999546, 28.112638471275801 ], [ 85.275808720463573, 28.112757197410403 ], [ 85.27580320232282, 28.112784892996043 ], [ 85.275789466175226, 28.112888490618456 ], [ 85.275787576727026, 28.112916757988788 ], [ 85.275787768058208, 28.113026320939355 ], [ 85.275789640565222, 28.113052938948318 ], [ 85.275808814222643, 28.113179763232761 ], [ 85.275814348955194, 28.113203459022834 ], [ 85.275872261620322, 28.113369168931676 ], [ 85.27588649018908, 28.113399279724042 ], [ 85.27596677908312, 28.113535367486435 ], [ 85.2759900595658, 28.113567773410242 ], [ 85.276052111306441, 28.113642319140641 ], [ 85.276128058757465, 28.113893056845608 ], [ 85.276335167835768, 28.114243069562281 ], [ 85.27662916709987, 28.11455007117668 ], [ 85.276908167022498, 28.114753572294884 ], [ 85.277275168759815, 28.114935573654328 ], [ 85.277544430550876, 28.115027549248857 ], [ 85.277831984492821, 28.115048827178171 ], [ 85.278114716935619, 28.114997697115719 ], [ 85.278401719005231, 28.11490669651263 ], [ 85.27869354555574, 28.114762542279038 ], [ 85.278893666086915, 28.114565377864366 ], [ 85.278906723823681, 28.114570041324853 ], [ 85.279166794326429, 28.114629080509442 ], [ 85.279435228237347, 28.11462577488383 ], [ 85.279479622381217, 28.1146145232781 ], [ 85.279670436608015, 28.114788562969903 ], [ 85.279947812728963, 28.114918286300803 ], [ 85.279968379577312, 28.115044997839469 ], [ 85.280108916532342, 28.115298345804742 ], [ 85.280164437492758, 28.115348985165046 ], [ 85.280287780377691, 28.115571335771012 ], [ 85.280317879080116, 28.115598787952493 ], [ 85.280347977797859, 28.115626240127931 ], [ 85.280404668974995, 28.115677946466992 ], [ 85.280486308844843, 28.11582512142181 ], [ 85.280486254607951, 28.115828520500134 ], [ 85.280498545503221, 28.115904241615187 ], [ 85.280492154757212, 28.115935869251 ], [ 85.28049025451007, 28.115981993544398 ], [ 85.280483231114573, 28.11601800483546 ], [ 85.280482712046933, 28.116050534964202 ], [ 85.28048742814029, 28.116050594119603 ], [ 85.280481729733737, 28.116188908183172 ], [ 85.280486927305788, 28.11623295129489 ], [ 85.280559669854654, 28.116486071441365 ], [ 85.280711133264305, 28.116710115325919 ], [ 85.280761790326196, 28.116751153545486 ], [ 85.280791671275907, 28.116912350200188 ], [ 85.280899778954463, 28.117193704975847 ], [ 85.281105121031402, 28.117428657060064 ], [ 85.281385419583017, 28.117591715666432 ], [ 85.281710264113741, 28.1176651897139 ], [ 85.28192086757754, 28.117650011537766 ], [ 85.282080178350355, 28.117763028674378 ], [ 85.282248137920462, 28.117849211160145 ], [ 85.282259916152853, 28.117857982017298 ], [ 85.282793070242803, 28.118129470598518 ], [ 85.282813503168867, 28.118152084420981 ], [ 85.28284147188235, 28.118202501165712 ], [ 85.282871577669326, 28.118229958955435 ], [ 85.282871579747578, 28.118229962681653 ], [ 85.282930657926087, 28.118283842700471 ], [ 85.282961176230671, 28.118311676651405 ], [ 85.282979063648185, 28.118339730797896 ], [ 85.283113486355745, 28.118483917863589 ], [ 85.283343901734625, 28.118665955271677 ], [ 85.283625263276676, 28.118778396400248 ], [ 85.283931701349033, 28.118810902795673 ], [ 85.28442044079128, 28.118796546504399 ], [ 85.284652370508127, 28.118905001611655 ], [ 85.284654023250368, 28.118905254954921 ], [ 85.284713002948905, 28.118932834966788 ], [ 85.284714655691758, 28.118933088309344 ], [ 85.284749863229663, 28.118949551994213 ], [ 85.28492822687933, 28.119122307723746 ], [ 85.285214667803174, 28.119316023286128 ], [ 85.285559282292652, 28.119409134182956 ], [ 85.285919862843372, 28.119446998810915 ], [ 85.285922461490983, 28.119447621262378 ], [ 85.286232018207542, 28.119479906001398 ], [ 85.286261509135272, 28.119493695965037 ], [ 85.286263157626919, 28.119493948604383 ], [ 85.286322129488312, 28.11952152477765 ], [ 85.28632378935329, 28.11952177918295 ], [ 85.286382775708205, 28.119549361288072 ], [ 85.28643917783954, 28.119558005743162 ], [ 85.286512936611985, 28.11983295492389 ], [ 85.286779011631538, 28.120401268592399 ], [ 85.286759179103171, 28.120550196663665 ], [ 85.286783186457896, 28.120877117345117 ], [ 85.286937259550456, 28.121174894532246 ], [ 85.287331257294056, 28.121671896779194 ], [ 85.287609251805677, 28.121909592141673 ], [ 85.287989253268819, 28.122128593735646 ], [ 85.288214452584796, 28.122225792728411 ], [ 85.288459607414339, 28.122271291786269 ], [ 85.288959065093565, 28.122308131750589 ], [ 85.289582985096743, 28.122598123907665 ], [ 85.289628601853693, 28.122844293758885 ], [ 85.2897320395913, 28.123117895137778 ], [ 85.289927604573549, 28.123348561051742 ], [ 85.290218604593392, 28.123596562578189 ], [ 85.290476312017105, 28.12375642836701 ], [ 85.291527016320316, 28.124212623526756 ], [ 85.292672407140387, 28.125318485119113 ], [ 85.292709002689477, 28.125357640528602 ], [ 85.292715999285988, 28.12536987888619 ], [ 85.292726865154904, 28.125382284479983 ], [ 85.292842473406338, 28.12548268199809 ], [ 85.293396243107708, 28.126017340857345 ], [ 85.293688226487546, 28.126212993612576 ], [ 85.293789819118231, 28.126258343454541 ], [ 85.293916102662152, 28.126378822447361 ], [ 85.294122047483725, 28.126498346843288 ], [ 85.294360451523261, 28.126602648210415 ], [ 85.29459154338528, 28.126674616483349 ], [ 85.294824430393362, 28.126720181548592 ], [ 85.295721572235948, 28.127120654421056 ], [ 85.296237988606805, 28.127468660741705 ], [ 85.29678039408752, 28.128236490083843 ], [ 85.297189210607144, 28.129176602712541 ], [ 85.297314139979719, 28.129380778499947 ], [ 85.297493721437988, 28.129549919994297 ], [ 85.298360706809873, 28.130179885151009 ], [ 85.29842124713025, 28.130251372670099 ], [ 85.298635874014337, 28.131171648675664 ], [ 85.298604955193241, 28.131338056039823 ], [ 85.298581018176264, 28.131384979103768 ], [ 85.298568371433362, 28.131413818182214 ], [ 85.298533020657246, 28.131510111290819 ], [ 85.29852498724965, 28.131537044727818 ], [ 85.298501608711049, 28.131638798437272 ], [ 85.298493204729013, 28.131690409463769 ], [ 85.298483888649386, 28.131776893372638 ], [ 85.298481043988332, 28.131830452407648 ], [ 85.298481058077826, 28.131915599333983 ], [ 85.29848389701344, 28.131968719031686 ], [ 85.298493644828881, 28.132057647313879 ], [ 85.298502052436291, 28.132108195468749 ], [ 85.298520377553757, 28.132191198186693 ], [ 85.298537337497066, 28.132252594863022 ], [ 85.298569443741968, 28.132346425733569 ], [ 85.298578954708631, 28.13236960514179 ], [ 85.29861913336164, 28.132453940505822 ], [ 85.298629955394034, 28.132473782536696 ], [ 85.298699140482697, 28.132581166149464 ], [ 85.298722292918981, 28.132611985718633 ], [ 85.298810228051792, 28.132712805770016 ], [ 85.298839283854221, 28.132741654467821 ], [ 85.298934214632169, 28.132824330364311 ], [ 85.29895778248418, 28.132842328868385 ], [ 85.29903650029938, 28.132895755452768 ], [ 85.299245942481377, 28.133201450300444 ], [ 85.299453180049582, 28.133417897799337 ], [ 85.300244234187815, 28.134019497741171 ], [ 85.302356163012192, 28.136587446302642 ], [ 85.303232907244492, 28.138211892308195 ], [ 85.303262594458516, 28.138299180311467 ], [ 85.303257189601524, 28.138320401591294 ], [ 85.303251839649462, 28.138348100452419 ], [ 85.303237480783139, 28.138480718750671 ], [ 85.303236862833742, 28.138505845450812 ], [ 85.303249051689519, 28.138666103301166 ], [ 85.303253156613138, 28.138689173952631 ], [ 85.303304026725058, 28.138861828369723 ], [ 85.303312908544356, 28.138883099043326 ], [ 85.303389262446402, 28.139026032773724 ], [ 85.303413621565568, 28.139062887062067 ], [ 85.303503047175639, 28.139177019247459 ], [ 85.303530897379616, 28.139207291562244 ], [ 85.303627016260634, 28.139293608407701 ], [ 85.303744091125978, 28.139484071997419 ], [ 85.306037083168746, 28.142000084839424 ], [ 85.306237150795639, 28.142167239533659 ], [ 85.306897152661762, 28.142585242473878 ], [ 85.307068937640025, 28.142673004908783 ], [ 85.307844336365392, 28.142984334240563 ], [ 85.307955522211984, 28.143076814306337 ], [ 85.308051364471979, 28.143164169073298 ], [ 85.308072317873993, 28.14317396076482 ], [ 85.308138625470917, 28.143229112832032 ], [ 85.308147250419211, 28.1432385580488 ], [ 85.308780965572126, 28.143763384655301 ], [ 85.309110909248986, 28.143946381955534 ], [ 85.309294195520593, 28.144008794239436 ], [ 85.309359972408288, 28.144039531231307 ], [ 85.309404457360131, 28.144046340413652 ], [ 85.30941117931215, 28.144048629413383 ], [ 85.30961725913879, 28.144162019541955 ], [ 85.30990540748526, 28.144230370515555 ], [ 85.310203537523847, 28.144221761234416 ], [ 85.31031316926267, 28.144204118882847 ], [ 85.310531973201321, 28.144224493466027 ], [ 85.310552481268658, 28.144389944718917 ], [ 85.31062633050108, 28.144641907127948 ], [ 85.310778253342605, 28.144864699008775 ], [ 85.310801712819483, 28.144883595930832 ], [ 85.310822486210569, 28.144921011162484 ], [ 85.31085260086337, 28.144948457219694 ], [ 85.310882715531505, 28.14497590327084 ], [ 85.310912830215003, 28.145003349315925 ], [ 85.311044563765677, 28.145123408949807 ], [ 85.311074678531625, 28.145150854962306 ], [ 85.311104793312921, 28.145178300968738 ], [ 85.311134908109551, 28.145205746969115 ], [ 85.3112093173673, 28.145240516085163 ], [ 85.311813443364116, 28.14600412068387 ], [ 85.311992794455136, 28.146177438187436 ], [ 85.31270579541652, 28.146707441637393 ], [ 85.312852475522277, 28.146798283522784 ], [ 85.316064894663356, 28.148435608315776 ], [ 85.316064894763755, 28.148435608407258 ], [ 85.316093426895208, 28.148461609151571 ], [ 85.316093426995593, 28.148461609243054 ], [ 85.316123543897874, 28.148489054136903 ], [ 85.316123544100066, 28.148489054229636 ], [ 85.316153661017708, 28.148516499117417 ], [ 85.316277315675578, 28.1485742717642 ], [ 85.316305093261889, 28.148599584788712 ], [ 85.316490575826094, 28.148686243617647 ], [ 85.316517183640968, 28.148710490550446 ], [ 85.31676449425899, 28.148826035207964 ], [ 85.316789932416043, 28.148849216133396 ], [ 85.317071720584849, 28.148980867954986 ], [ 85.317080106838119, 28.148982151084549 ], [ 85.317868508349292, 28.149476737634835 ], [ 85.317875771002775, 28.149521373949533 ], [ 85.318016439856308, 28.149774687640605 ], [ 85.318238541105018, 28.149977074639942 ], [ 85.31852033408903, 28.150108723663319 ], [ 85.318788958558741, 28.150149820970448 ], [ 85.318824898941841, 28.150166611548197 ], [ 85.318872425239277, 28.150173882581665 ], [ 85.318976758635586, 28.150222624839092 ], [ 85.318980091082921, 28.150223134670441 ], [ 85.320922420615545, 28.151634806533536 ], [ 85.321129165813616, 28.151751283109785 ], [ 85.321361317013995, 28.151820618004532 ], [ 85.321461528990838, 28.151839031807299 ], [ 85.32148675948126, 28.151850818177738 ], [ 85.32148841283643, 28.151851071101085 ], [ 85.321547420439501, 28.151878636317448 ], [ 85.321549073795268, 28.151878889240081 ], [ 85.321608081430185, 28.151906454431515 ], [ 85.32160973641264, 28.151906707553866 ], [ 85.321668738211272, 28.151934270301975 ], [ 85.321982644196098, 28.151982288655674 ], [ 85.32216589408938, 28.151984534362029 ], [ 85.322217487374544, 28.151977938353138 ], [ 85.322858192117494, 28.152095666554438 ], [ 85.323688525992736, 28.152504681618431 ], [ 85.32377537877224, 28.152661061728121 ], [ 85.323805498944594, 28.152688505142521 ], [ 85.323997497030845, 28.152863440026088 ], [ 85.324027617316389, 28.15289088339571 ], [ 85.324089449438318, 28.152919766358934 ], [ 85.324238881341259, 28.153055917153818 ], [ 85.324269001742522, 28.15308336047455 ], [ 85.324299122159132, 28.153110803789211 ], [ 85.324299124181223, 28.153110804716448 ], [ 85.324329242605145, 28.153138246195482 ], [ 85.324391072932002, 28.153167128103846 ], [ 85.324420025532149, 28.153193507325962 ], [ 85.324605522955025, 28.153280155727934 ], [ 85.324622072292584, 28.153295234054251 ], [ 85.324722479317515, 28.153386719148937 ], [ 85.32472248609082, 28.153386722300262 ], [ 85.324752616147109, 28.153414174121483 ], [ 85.324782736780961, 28.153441617337752 ], [ 85.32481438065625, 28.153456398505021 ], [ 85.324970818938425, 28.153641678736211 ], [ 85.325051225188403, 28.153725686059353 ], [ 85.326967151671568, 28.155495919805702 ], [ 85.327004447090729, 28.155725008227122 ], [ 85.327033908373593, 28.155778048852099 ], [ 85.327034148000649, 28.155779520678813 ], [ 85.327174846317774, 28.156032826016169 ], [ 85.327233920953006, 28.156086646146118 ], [ 85.327264795290958, 28.156142229613916 ], [ 85.327486931524533, 28.156344603335555 ], [ 85.327768757834889, 28.156476232841857 ], [ 85.328082686027614, 28.156524232968721 ], [ 85.32814377211065, 28.156524977752039 ], [ 85.328197586661872, 28.156518094850608 ], [ 85.328205732807859, 28.156532760277045 ], [ 85.328263637587042, 28.156585513484803 ], [ 85.328325381182566, 28.156696669722983 ], [ 85.328547516326552, 28.156899041248963 ], [ 85.328829340761558, 28.157030670246588 ], [ 85.328830994217796, 28.157030923085234 ], [ 85.328890006645082, 28.157058485319524 ], [ 85.329134034994624, 28.157095798862528 ], [ 85.329690696987583, 28.15739963912365 ], [ 85.32969670023013, 28.157436508133575 ], [ 85.329726163295319, 28.157489548243383 ], [ 85.329726402962024, 28.157491020066768 ], [ 85.329867109791095, 28.157744322943792 ], [ 85.329897232944006, 28.157771765126025 ], [ 85.330089250029459, 28.15794669215521 ], [ 85.330119373295574, 28.157974134292637 ], [ 85.330345932020393, 28.158079946713947 ], [ 85.330985817775243, 28.15879395181236 ], [ 85.330989021769611, 28.1587916964458 ], [ 85.331006772310303, 28.158812649212315 ], [ 85.331016502563998, 28.158828405682115 ], [ 85.331106594801511, 28.158928718269522 ], [ 85.331109158779157, 28.158926909597497 ], [ 85.33116179468901, 28.158983446128278 ], [ 85.331169415990189, 28.158995694251388 ], [ 85.331177667078776, 28.159002129587503 ], [ 85.331191270157632, 28.159021258931809 ], [ 85.331209033214421, 28.159038009629199 ], [ 85.331330124436676, 28.159132009969969 ], [ 85.331383724829877, 28.159180838139537 ], [ 85.331448353388438, 28.159211021354889 ], [ 85.332131135524989, 28.159645102713842 ], [ 85.332158612082608, 28.159694563127633 ], [ 85.332380761070965, 28.159896929017016 ], [ 85.332662598693673, 28.160028550519158 ], [ 85.332851531182101, 28.160057433347443 ], [ 85.333875192228916, 28.160517023625651 ], [ 85.334102378310419, 28.160837219822618 ], [ 85.334104048147239, 28.160847472448975 ], [ 85.334106191266457, 28.16085133015401 ], [ 85.334132077029039, 28.16101026259533 ], [ 85.334161543217391, 28.161063301859226 ], [ 85.334161782950545, 28.161064773677037 ], [ 85.334191249167375, 28.161117812935402 ], [ 85.334191488901013, 28.161119284753184 ], [ 85.334220955146321, 28.161172324006007 ], [ 85.334221194880456, 28.16117379582375 ], [ 85.334339058659708, 28.161385949964117 ], [ 85.33434001703786, 28.161391834339575 ], [ 85.334369485287397, 28.161444878280331 ], [ 85.334369725212255, 28.161446351092906 ], [ 85.334387673129456, 28.161478657165045 ], [ 85.334426620408223, 28.161717785146561 ], [ 85.334567337821966, 28.161971079620315 ], [ 85.334593957635803, 28.16199532823962 ], [ 85.334686590446239, 28.162162064565738 ], [ 85.334716718473231, 28.162189507971114 ], [ 85.334716719959957, 28.162189510606435 ], [ 85.334803116518174, 28.162268207224056 ], [ 85.334908748855526, 28.162364426608008 ], [ 85.334908752393943, 28.162364428275527 ], [ 85.334938882750407, 28.16239187319724 ], [ 85.335000710163825, 28.162420744532813 ], [ 85.335029654687901, 28.162447110614366 ], [ 85.335029663584876, 28.16244711478376 ], [ 85.335059796700008, 28.162474562601716 ], [ 85.335121632573319, 28.162503438680588 ], [ 85.335150576950156, 28.162529804465301 ], [ 85.335150582510934, 28.16252980705989 ], [ 85.335180710953722, 28.162557251005275 ], [ 85.335210259459359, 28.162571049922477 ], [ 85.335334636469625, 28.162794920675026 ], [ 85.335355071287552, 28.162920375091208 ], [ 85.33538453906101, 28.162973415034202 ], [ 85.335384779002126, 28.162974887845426 ], [ 85.335525507867047, 28.163228186873745 ], [ 85.335593022353393, 28.163289683167726 ], [ 85.335603220124, 28.163352289230861 ], [ 85.335498412300453, 28.163528563811269 ], [ 85.335444263876809, 28.163806792071075 ], [ 85.335442588007098, 28.163915071157273 ], [ 85.335488105535106, 28.164194510887313 ], [ 85.335510743325116, 28.164235256750992 ], [ 85.335517395944905, 28.164276097197657 ], [ 85.33554686187766, 28.164329131672478 ], [ 85.335547101449265, 28.16433060231282 ], [ 85.335687830392146, 28.164583899931326 ], [ 85.335717956921712, 28.164611340951549 ], [ 85.335909995531551, 28.164786260573521 ], [ 85.335940122174378, 28.164813701548898 ], [ 85.336132756896291, 28.164903654465736 ], [ 85.336259818296455, 28.165132348053525 ], [ 85.336481985640347, 28.165334707845922 ], [ 85.336763842227455, 28.165466321710486 ], [ 85.336809723173943, 28.165473334093384 ], [ 85.336855060712892, 28.165494504530066 ], [ 85.337169016076942, 28.165542488705288 ], [ 85.337230107549544, 28.165543230556533 ], [ 85.337301831220628, 28.165534054178121 ], [ 85.337565695980615, 28.165574380993768 ], [ 85.337680949079584, 28.165575779828323 ], [ 85.337760301587707, 28.165648055100966 ], [ 85.337790433074716, 28.16567549926592 ], [ 85.338072294531827, 28.165807109841385 ], [ 85.338162400992033, 28.165820880070797 ], [ 85.338194053155078, 28.165835659650245 ], [ 85.338241587996094, 28.165842924295436 ], [ 85.338345945792682, 28.165891652709181 ], [ 85.338347599310865, 28.165891905438091 ], [ 85.338406627844265, 28.165919467382043 ], [ 85.338666574720108, 28.165959191521836 ], [ 85.338694404444624, 28.165968007577195 ], [ 85.338756282243224, 28.165986162931233 ], [ 85.338808109811652, 28.166000025988115 ], [ 85.338910776675235, 28.166024869034839 ], [ 85.338981357271393, 28.166039576644259 ], [ 85.339024720911496, 28.166047180030603 ], [ 85.339085866284464, 28.166056196883556 ], [ 85.339126298821725, 28.166061043658939 ], [ 85.339157398753585, 28.166064340903784 ], [ 85.339217211070718, 28.1660698568116 ], [ 85.339276039087622, 28.166073759366352 ], [ 85.339311673582088, 28.166075205049449 ], [ 85.339418683364357, 28.166074558123668 ], [ 85.339451248379433, 28.166072842104217 ], [ 85.339597068207155, 28.166055726458726 ], [ 85.339619705967237, 28.166051576743072 ], [ 85.339649181001704, 28.166051468819564 ], [ 85.339666295822582, 28.166050895143968 ], [ 85.339845267635425, 28.16616349368115 ], [ 85.33984933277705, 28.166169203965836 ], [ 85.33980349956758, 28.166404751862682 ], [ 85.339801827903585, 28.166513031147872 ], [ 85.339847357576062, 28.166792469855316 ], [ 85.339869996362779, 28.166833212896332 ], [ 85.339876649997279, 28.166874049664582 ], [ 85.339906120537307, 28.166927087837283 ], [ 85.33990636035837, 28.16692855964774 ], [ 85.340047102885265, 28.167181853273576 ], [ 85.340106189486178, 28.167235667751321 ], [ 85.340137070244694, 28.167291243465115 ], [ 85.340317841213619, 28.167455884131897 ], [ 85.340359249470026, 28.167493597402984 ], [ 85.340456960542127, 28.167582589175549 ], [ 85.340475040439514, 28.167693550015521 ], [ 85.34051572264238, 28.167766764333052 ], [ 85.340515309220379, 28.1677935530839 ], [ 85.340503749158415, 28.167812996787628 ], [ 85.340449610824123, 28.168091227319692 ], [ 85.340446686337643, 28.168280716083103 ], [ 85.340492218198392, 28.168560154609899 ], [ 85.340514857571378, 28.168600897560381 ], [ 85.340521511525665, 28.168641734302231 ], [ 85.340550982828887, 28.16869477235705 ], [ 85.340551222661489, 28.168696244166551 ], [ 85.34056217846468, 28.168715960753481 ], [ 85.34056009961472, 28.168850663258336 ], [ 85.34057115048482, 28.168918484404191 ], [ 85.340558010771275, 28.168986012368201 ], [ 85.340556339672176, 28.169094292556395 ], [ 85.340601872050286, 28.169373731041635 ], [ 85.340604016257672, 28.169377589748901 ], [ 85.340606481940483, 28.169392722182412 ], [ 85.340580202172973, 28.169527779002468 ], [ 85.340578531072239, 28.169636058280979 ], [ 85.340624063661807, 28.169915496749837 ], [ 85.340653535332095, 28.169968534790097 ], [ 85.340653775168008, 28.169970006599335 ], [ 85.340725739407247, 28.170099515112174 ], [ 85.340910072584919, 28.172185903189508 ], [ 85.340910102204404, 28.172186716065465 ], [ 85.340929885605661, 28.172410354661324 ], [ 85.340899981249208, 28.172564041728211 ], [ 85.340899694584337, 28.172582617484512 ], [ 85.340866509180898, 28.172753159317807 ], [ 85.34086483814265, 28.172861438561064 ], [ 85.340910372395058, 28.173140876898124 ], [ 85.340926180493994, 28.17316932470413 ], [ 85.340939249356722, 28.173249526325254 ], [ 85.340964487536212, 28.173294944134355 ], [ 85.340948544640327, 28.173376875523449 ], [ 85.340946873654929, 28.173485153859023 ], [ 85.340973875246746, 28.173650862412654 ], [ 85.340972172083482, 28.17378376368675 ], [ 85.340961275774788, 28.173802089937546 ], [ 85.340938109893159, 28.173921139623328 ], [ 85.340928638824394, 28.173937068785712 ], [ 85.340874497639177, 28.174215299163169 ], [ 85.340872408722035, 28.174350648188597 ], [ 85.340900319264989, 28.174521930377999 ], [ 85.340897525864861, 28.17470292585589 ], [ 85.340931042556761, 28.174908611237637 ], [ 85.340913181179275, 28.174938651575395 ], [ 85.34085903930962, 28.175216881884623 ], [ 85.340859033653956, 28.175217248319509 ], [ 85.340816104227741, 28.175289449229911 ], [ 85.340808192219654, 28.17533010813931 ], [ 85.340784302209087, 28.17537028748723 ], [ 85.340730159730626, 28.17564851770528 ], [ 85.340727652659794, 28.175810936489565 ], [ 85.340768131465296, 28.176059347817404 ], [ 85.340753187241788, 28.176136145212045 ], [ 85.340752351562287, 28.176190283901711 ], [ 85.340797886462994, 28.176469722193453 ], [ 85.340827359843814, 28.176522760227549 ], [ 85.340827599691892, 28.176524232035856 ], [ 85.340912565005397, 28.176677128728148 ], [ 85.340896321534245, 28.176760600855133 ], [ 85.340895485891039, 28.176814740446115 ], [ 85.340941021343454, 28.17709417869283 ], [ 85.340970494754529, 28.177147216248095 ], [ 85.340970734788286, 28.177148689412121 ], [ 85.34100020862266, 28.177201727778865 ], [ 85.341000448289975, 28.177203198321166 ], [ 85.341018400622289, 28.177235503649115 ], [ 85.341039744000824, 28.177366480619909 ], [ 85.341039039492301, 28.177412127061871 ], [ 85.341041951282591, 28.177493762811693 ], [ 85.341061603102943, 28.177719865019217 ], [ 85.341031936868191, 28.177872313560421 ], [ 85.34103068344659, 28.177953522939134 ], [ 85.341040720203281, 28.17801511460306 ], [ 85.34101787882679, 28.178053529386219 ], [ 85.340963735220711, 28.178331759560503 ], [ 85.340963317388869, 28.178358829350771 ], [ 85.340970359986116, 28.178402047020722 ], [ 85.340856774942495, 28.178593073958336 ], [ 85.340833037239847, 28.178715054386462 ], [ 85.340761365446468, 28.178835591201924 ], [ 85.340746111110889, 28.178913977700226 ], [ 85.340690192580112, 28.178962189401176 ], [ 85.340659225058602, 28.178988888873015 ], [ 85.340510699567773, 28.17923867537667 ], [ 85.340456553896047, 28.179516905223064 ], [ 85.340454473998136, 28.179651605884025 ], [ 85.340442914633158, 28.179671045459965 ], [ 85.340442628873461, 28.179672514054886 ], [ 85.34041152672026, 28.17972482029916 ], [ 85.340410956315523, 28.179727751184853 ], [ 85.340366927402215, 28.179801797205005 ], [ 85.340340770820632, 28.179824348482416 ], [ 85.340309802956469, 28.179851047857721 ], [ 85.340278835076944, 28.179877747225273 ], [ 85.340181068686135, 28.180042165696349 ], [ 85.340167709003566, 28.180053683878988 ], [ 85.340042267505197, 28.180108415704883 ], [ 85.33981389688401, 28.180305306573899 ], [ 85.339665367492074, 28.180555091953348 ], [ 85.339643510788164, 28.180667397510536 ], [ 85.339627450263663, 28.18067440496792 ], [ 85.339547314513922, 28.180684657057995 ], [ 85.339379641876221, 28.180659037232278 ], [ 85.339257441610002, 28.180657555595538 ], [ 85.339231633073808, 28.180660857502875 ], [ 85.339013467948547, 28.180627520538629 ], [ 85.338992502977163, 28.180627266142466 ], [ 85.338884598420549, 28.180610777507987 ], [ 85.338657877745931, 28.180504927508288 ], [ 85.338343878178947, 28.180456944962643 ], [ 85.338283177385193, 28.18045620809534 ], [ 85.338074232063363, 28.180339124347178 ], [ 85.337789214997812, 28.180268602375975 ], [ 85.337767539921657, 28.180266159648092 ], [ 85.337735483716827, 28.180262547751216 ], [ 85.337617954600915, 28.180255391091951 ], [ 85.337024716617677, 28.180249742020479 ], [ 85.336804195642856, 28.180162233792874 ], [ 85.336756324290107, 28.180120346614945 ], [ 85.336389123748788, 28.179914483897122 ], [ 85.336157913596267, 28.179839900225936 ], [ 85.335902950533608, 28.17978926117657 ], [ 85.335537486888796, 28.179759427077428 ], [ 85.335208635833922, 28.17978006250317 ], [ 85.335066925759946, 28.179809896463269 ], [ 85.334784081016835, 28.179911040325241 ], [ 85.334627454177252, 28.179993082997523 ], [ 85.334474984378758, 28.180090847767648 ], [ 85.334366984207151, 28.180174602668338 ], [ 85.334181662155814, 28.180364815746604 ], [ 85.334062719893183, 28.180592935310383 ], [ 85.334019380779225, 28.180841272570326 ], [ 85.33401929816921, 28.180846601688941 ], [ 85.334064818702842, 28.18112604708767 ], [ 85.3340942880711, 28.181179081916468 ], [ 85.33409452764775, 28.18118055255664 ], [ 85.334235272998725, 28.181433851865698 ], [ 85.334457468391179, 28.181636215755852 ], [ 85.334519319689278, 28.181665094717236 ], [ 85.334548280179476, 28.181691470296339 ], [ 85.334830176000338, 28.181823089567811 ], [ 85.334831828837366, 28.181823342157102 ], [ 85.334890854389272, 28.181850901700773 ], [ 85.335166185112058, 28.181892982873773 ], [ 85.335218202111847, 28.181917269700804 ], [ 85.335247162846287, 28.181943645141253 ], [ 85.335510773235953, 28.182066724905166 ], [ 85.33551431571577, 28.182092937039311 ], [ 85.335526645497723, 28.182161627186357 ], [ 85.335533668422627, 28.182192923511717 ], [ 85.33554988112185, 28.182253990763385 ], [ 85.335558365660432, 28.182281604638305 ], [ 85.335584866383371, 28.18235525112453 ], [ 85.33559494162202, 28.182379594751932 ], [ 85.335636654425201, 28.182466130962119 ], [ 85.335648364783736, 28.182487296031901 ], [ 85.335712188904509, 28.182586289792564 ], [ 85.33573317453353, 28.182614533076066 ], [ 85.335818726808654, 28.182713928065969 ], [ 85.335842491115073, 28.182737893907049 ], [ 85.335988061671202, 28.18285851844395 ], [ 85.335989356480951, 28.182859397690567 ], [ 85.336002184864071, 28.18287404678496 ], [ 85.336017413651362, 28.182888485898751 ], [ 85.336137960762656, 28.182985833560689 ], [ 85.336157241763004, 28.182999062939956 ], [ 85.336293127392608, 28.183077795729755 ], [ 85.3363339681257, 28.183097533295225 ], [ 85.336388795634235, 28.183121037734448 ], [ 85.336416094422688, 28.18314395072251 ], [ 85.336486401670726, 28.183197788348036 ], [ 85.336519942835139, 28.18322119151745 ], [ 85.336604685999731, 28.183274351309805 ], [ 85.336636536157187, 28.183292244034131 ], [ 85.336726706376524, 28.183337375602669 ], [ 85.336758475283887, 28.183351438935027 ], [ 85.336826252179563, 28.183378746452096 ], [ 85.336862740709535, 28.183392044035067 ], [ 85.336931636419507, 28.18341461400901 ], [ 85.33704238369144, 28.183446922321025 ], [ 85.337067173647242, 28.183453844827799 ], [ 85.337124051025313, 28.183469023564442 ], [ 85.33716005875624, 28.183477997248414 ], [ 85.33721910437103, 28.183491680683172 ], [ 85.337253477604847, 28.183499083822333 ], [ 85.337314843732756, 28.183511304486466 ], [ 85.337347280676809, 28.183517274747349 ], [ 85.337411192692954, 28.183528080499638 ], [ 85.337455855525732, 28.183534723498433 ], [ 85.33759213174541, 28.183552241836399 ], [ 85.337643269300798, 28.183557649653043 ], [ 85.337795347571927, 28.183570285887406 ], [ 85.337861200712553, 28.183573855796411 ], [ 85.337905303022922, 28.183574977967382 ], [ 85.337981496666941, 28.183574390059441 ], [ 85.338026502017826, 28.183572549439727 ], [ 85.338031362292952, 28.183578190649254 ], [ 85.33805261802992, 28.183600546300369 ], [ 85.338105398302176, 28.18365077584841 ], [ 85.338161623724687, 28.183731859065546 ], [ 85.338173161791858, 28.183746554572551 ], [ 85.338235270002045, 28.183817796374861 ], [ 85.338264818622775, 28.183848404001346 ], [ 85.338320247088944, 28.183901371479156 ], [ 85.338348247286163, 28.183926067908427 ], [ 85.338426880208885, 28.183988573384216 ], [ 85.338454253596481, 28.184008160386231 ], [ 85.338562673622363, 28.184075899672386 ], [ 85.338589628987023, 28.184090509735746 ], [ 85.338728832560975, 28.184153500900049 ], [ 85.338762997332097, 28.184166134429699 ], [ 85.338887906790831, 28.184204103853684 ], [ 85.338928327460266, 28.184213846768159 ], [ 85.338993100522387, 28.184227461692878 ], [ 85.339046429751733, 28.184237051667857 ], [ 85.339159437439719, 28.184251585487399 ], [ 85.33919498500201, 28.184254366016436 ], [ 85.339402768907874, 28.184251761385063 ], [ 85.339432390212693, 28.184248693990664 ], [ 85.339652665402113, 28.184203493802485 ], [ 85.339665035398582, 28.184199631368607 ], [ 85.339828347533171, 28.184133790707318 ], [ 85.339839191648267, 28.184128350239462 ], [ 85.339996420292806, 28.18403108780717 ], [ 85.340009457536297, 28.184021283289155 ], [ 85.340065580561472, 28.183972275670641 ], [ 85.340066840290532, 28.183972217845987 ], [ 85.340094040005383, 28.183969768928222 ], [ 85.340209359495304, 28.183953422732582 ], [ 85.340234379110044, 28.183948558447405 ], [ 85.340352499856792, 28.183918880157737 ], [ 85.340406591694318, 28.183902107964457 ], [ 85.340478338297814, 28.183877122764155 ], [ 85.340540690695136, 28.183852956899429 ], [ 85.340647354054028, 28.183837247231438 ], [ 85.340677313880491, 28.183832425788005 ], [ 85.340733698425609, 28.183822578119084 ], [ 85.340795918215733, 28.183809904155179 ], [ 85.340848161669399, 28.183797722928485 ], [ 85.340929878501456, 28.183775379911374 ], [ 85.340976053002933, 28.183760847175961 ], [ 85.341060531424006, 28.183730419974498 ], [ 85.341102955189626, 28.183713140569306 ], [ 85.341168789177715, 28.183683723386054 ], [ 85.341214599422557, 28.183661375062776 ], [ 85.341274742106791, 28.183629599856278 ], [ 85.341332181893037, 28.183596829899024 ], [ 85.341435778221438, 28.183568556353578 ], [ 85.341562797958076, 28.183797114269403 ], [ 85.341592931179392, 28.183824554215001 ], [ 85.341683330935552, 28.183906874015257 ], [ 85.341713464117916, 28.183934313845029 ], [ 85.341713464218358, 28.183934313936494 ], [ 85.341743597416098, 28.183961753760183 ], [ 85.34174359751654, 28.183961753851641 ], [ 85.341773730830099, 28.183989193760709 ], [ 85.341785012445328, 28.183999466986698 ], [ 85.341803864159033, 28.184016633663674 ], [ 85.341833997503343, 28.184044073560557 ], [ 85.34190554587633, 28.18410922655292 ], [ 85.34193567927251, 28.18413666642925 ], [ 85.341965812684094, 28.184164106299491 ], [ 85.341965812784537, 28.184164106390966 ], [ 85.341995946111027, 28.18419154616365 ], [ 85.341995946211483, 28.184191546255118 ], [ 85.342026079553349, 28.184218986021715 ], [ 85.342026079755627, 28.184218986114416 ], [ 85.342050418648654, 28.184241149374799 ], [ 85.342052742496051, 28.184255408782168 ], [ 85.342193510691899, 28.184508700763494 ], [ 85.342223644271627, 28.18453614058274 ], [ 85.342253777866731, 28.184563580395892 ], [ 85.342291178300144, 28.18459763740298 ], [ 85.342302141677436, 28.184664906495961 ], [ 85.342300602235596, 28.184764695101961 ], [ 85.342346143621512, 28.185044132867869 ], [ 85.342486913458814, 28.185297424592459 ], [ 85.342517047327377, 28.185324864356595 ], [ 85.342547181211316, 28.185352304114648 ], [ 85.34270913271925, 28.1854997759716 ], [ 85.342709132819692, 28.185499776063065 ], [ 85.342739266701216, 28.185527215690826 ], [ 85.342739266903493, 28.185527215783523 ], [ 85.342769400800393, 28.185554655405198 ], [ 85.342797394597866, 28.185567723413065 ], [ 85.342872594700992, 28.185647551935855 ], [ 85.342885629353333, 28.185727530086762 ], [ 85.343026395559292, 28.185980817193105 ], [ 85.34305536394865, 28.186007196203345 ], [ 85.343072366607259, 28.186037789038455 ], [ 85.343092813474783, 28.186163242462261 ], [ 85.343122290416559, 28.186216280090758 ], [ 85.343122530310779, 28.186217751895299 ], [ 85.343263303410893, 28.186471042922115 ], [ 85.343293437800142, 28.186498482533079 ], [ 85.343339581515252, 28.186540499791441 ], [ 85.343339581615695, 28.186540499882909 ], [ 85.343484031239399, 28.186733725440675 ], [ 85.343611814938598, 28.186848146828083 ], [ 85.34361453403416, 28.186845762944845 ], [ 85.343626740850169, 28.186856877972915 ], [ 85.343624125937978, 28.186859170521291 ], [ 85.343641955754123, 28.186875135828874 ], [ 85.343644419605099, 28.186872975743221 ], [ 85.343651784400464, 28.186879681784291 ], [ 85.343652587989652, 28.186880413505246 ], [ 85.343657131279457, 28.186884550652984 ], [ 85.343654776050769, 28.186886615576725 ], [ 85.343672096985173, 28.186902125279651 ], [ 85.34367430528188, 28.186900189258701 ], [ 85.34368752141053, 28.186912223864553 ], [ 85.343685426279649, 28.186914060717317 ], [ 85.343837502228297, 28.187050234323202 ], [ 85.344085938450149, 28.187465303370953 ], [ 85.344146927253405, 28.187892953084123 ], [ 85.344146808622, 28.187900650470898 ], [ 85.344166195071921, 28.188019589078571 ], [ 85.344164455637454, 28.188019772539032 ], [ 85.344172638545729, 28.188080676224526 ], [ 85.344179653687064, 28.188102159249183 ], [ 85.344192355734123, 28.188180087759175 ], [ 85.344223254597409, 28.188235681631582 ], [ 85.344264592926649, 28.188362274709192 ], [ 85.344543118738926, 28.188880022582762 ], [ 85.344504419975834, 28.189078034997671 ], [ 85.344509399870589, 28.189409580194283 ], [ 85.344579397106642, 28.189718580558178 ], [ 85.344718814285287, 28.190025621644018 ], [ 85.344973796505926, 28.190267479488632 ], [ 85.345879260026422, 28.190858626969817 ], [ 85.345891743438955, 28.190935203828765 ], [ 85.346032534653958, 28.191188496418068 ], [ 85.346062671056274, 28.191215934584498 ], [ 85.346149664388491, 28.191295138921394 ], [ 85.346149767555573, 28.191295232854404 ], [ 85.346252661590185, 28.191388917137644 ], [ 85.346319670907505, 28.191536937433664 ], [ 85.346474992304294, 28.191770590816713 ], [ 85.346711274811753, 28.192027841216099 ], [ 85.346710979514569, 28.19204702794001 ], [ 85.346756534524047, 28.192326464478388 ], [ 85.34689241253534, 28.192570916882801 ], [ 85.346932357134705, 28.192815935731094 ], [ 85.347022943684237, 28.192978904975334 ], [ 85.347049574988503, 28.193142255502238 ], [ 85.347079053896621, 28.193195287856135 ], [ 85.347079293670234, 28.193196758479761 ], [ 85.347160901760972, 28.19334357427552 ], [ 85.347168039206295, 28.193387354322471 ], [ 85.347197519998872, 28.193440391188112 ], [ 85.347197759960139, 28.193441862987061 ], [ 85.347338551450704, 28.193695150370594 ], [ 85.347366347079884, 28.193720457098618 ], [ 85.347375781970996, 28.193737431000791 ], [ 85.347376501578793, 28.193741845039725 ], [ 85.347405982564666, 28.19379488186626 ], [ 85.34740622252933, 28.193796353664922 ], [ 85.347415200982738, 28.193812506016489 ], [ 85.34743469408879, 28.193932071737123 ], [ 85.347457340985571, 28.19397281373184 ], [ 85.347463998649033, 28.194013650169193 ], [ 85.347493479746561, 28.194066686979827 ], [ 85.347493719712844, 28.194068158778354 ], [ 85.347634512659724, 28.194321445899192 ], [ 85.347664650312737, 28.194348884657391 ], [ 85.347694787981141, 28.194376323409504 ], [ 85.34772492566492, 28.194403762155517 ], [ 85.347729671748766, 28.194408083208685 ], [ 85.347715303640982, 28.194494515208408 ], [ 85.347714722538825, 28.194753948395999 ], [ 85.347797476127937, 28.195002806794616 ], [ 85.348072933264319, 28.195533877939059 ], [ 85.348228723818664, 28.196379390738418 ], [ 85.348281916793766, 28.196554721084549 ], [ 85.348490855350533, 28.197041558645076 ], [ 85.3484943538854, 28.197056002521663 ], [ 85.348515620690648, 28.197128851820228 ], [ 85.348529106099846, 28.197168199099078 ], [ 85.34855472153582, 28.197233759803865 ], [ 85.348572294024876, 28.197273697903181 ], [ 85.34860080546207, 28.197332287304462 ], [ 85.348622406947555, 28.197372685560754 ], [ 85.348652777098394, 28.197425003295443 ], [ 85.348661131513921, 28.197438309875306 ], [ 85.348681908072223, 28.197486720353236 ], [ 85.348799974796876, 28.197684054496001 ], [ 85.348969129363255, 28.197849655791295 ], [ 85.349307129735095, 28.198107657399966 ], [ 85.349652591012884, 28.198280896261075 ], [ 85.349923385187765, 28.1983601209174 ], [ 85.350230797362144, 28.198770007424006 ], [ 85.350778032893174, 28.200027174903553 ], [ 85.350792603976728, 28.20011652922787 ], [ 85.350695869815908, 28.201025278881897 ], [ 85.350759242876876, 28.201433895748856 ], [ 85.350894981279865, 28.201746608606481 ], [ 85.350892243986408, 28.201782551764168 ], [ 85.35089021975871, 28.201821907185362 ], [ 85.350888254609387, 28.201895337551363 ], [ 85.350888285646278, 28.201939244658661 ], [ 85.350890250476269, 28.20200897884467 ], [ 85.350893090566345, 28.202057456109799 ], [ 85.350898986227037, 28.202123638525443 ], [ 85.350906084256835, 28.202180371782575 ], [ 85.350911730672706, 28.202215356461 ], [ 85.350920280480025, 28.20226022496967 ], [ 85.350933509188067, 28.202320366747465 ], [ 85.350933819871159, 28.202341183916705 ], [ 85.350932186291914, 28.202385118248714 ], [ 85.350926999828275, 28.202460635789887 ], [ 85.350918589389252, 28.20250411308978 ], [ 85.350912637685738, 28.202538952736163 ], [ 85.350907788730936, 28.202571638603573 ], [ 85.350900073198048, 28.202649870233685 ], [ 85.350898387404897, 28.202684082441007 ], [ 85.350901212069886, 28.202801247756479 ], [ 85.350904168258168, 28.202831507033988 ], [ 85.350924297868573, 28.202948122204919 ], [ 85.350935487381818, 28.202993050595218 ], [ 85.350966863515922, 28.203091911526439 ], [ 85.350982987554104, 28.203133476227187 ], [ 85.351029617093261, 28.203233658588726 ], [ 85.35104211158243, 28.203256504214622 ], [ 85.351090978123679, 28.20333553584922 ], [ 85.351107618724797, 28.203359522555814 ], [ 85.351163936908932, 28.203432442031186 ], [ 85.351181196602326, 28.203452596256227 ], [ 85.351283345070883, 28.203654366927161 ], [ 85.351283610149423, 28.203655010441594 ], [ 85.35129288258868, 28.203674462644646 ], [ 85.351303031468092, 28.203695035567701 ], [ 85.351364160235761, 28.203814865138192 ], [ 85.351367918493224, 28.203833363374823 ], [ 85.351378102121032, 28.203869376500428 ], [ 85.351397762052088, 28.203929866480866 ], [ 85.35140310033141, 28.203944368467042 ], [ 85.351403339783147, 28.203946687695357 ], [ 85.351408379798869, 28.20398598230922 ], [ 85.351413126726172, 28.204016930098454 ], [ 85.351432175795054, 28.204106750197909 ], [ 85.351440457190279, 28.20413720720213 ], [ 85.351489959805221, 28.204271833363741 ], [ 85.351501704231723, 28.204296899074848 ], [ 85.351582723641059, 28.204434861177496 ], [ 85.351593969356543, 28.204450542147669 ], [ 85.351677574059138, 28.204551020720221 ], [ 85.351692614715603, 28.204566698670856 ], [ 85.351759425836804, 28.204627403719151 ], [ 85.351768769242796, 28.204640677637048 ], [ 85.351784101728157, 28.204660640528932 ], [ 85.351806263766321, 28.204687273006915 ], [ 85.3519085334636, 28.204889283057103 ], [ 85.352033424083317, 28.205073468162762 ], [ 85.352049269231287, 28.205087668997852 ], [ 85.352056500907253, 28.205097485723908 ], [ 85.352067865168422, 28.205110762034913 ], [ 85.352193654609863, 28.205232694900761 ], [ 85.3522134365097, 28.205248654626104 ], [ 85.352350221356104, 28.205341540781724 ], [ 85.35237485266876, 28.205355505713783 ], [ 85.352383427958031, 28.205359632040761 ], [ 85.35243523994734, 28.205481977569871 ], [ 85.3525727620152, 28.205704906999387 ], [ 85.352774974115732, 28.205885047203868 ], [ 85.352809212345804, 28.205907960001181 ], [ 85.35283195923752, 28.206047428814475 ], [ 85.352778791304303, 28.2061368410174 ], [ 85.35272465910613, 28.20641507732703 ], [ 85.352722997653984, 28.206523357589536 ], [ 85.352768572540967, 28.206802792566922 ], [ 85.352798059494404, 28.20685582839738 ], [ 85.352798299553086, 28.206857300188229 ], [ 85.352809261174215, 28.206877015948265 ], [ 85.35280870916894, 28.206912992486849 ], [ 85.352646877272875, 28.206983600413224 ], [ 85.352418468816126, 28.207180510147595 ], [ 85.352320693437122, 28.207344936401746 ], [ 85.352262355866216, 28.207395228565979 ], [ 85.352113813839452, 28.207645026155273 ], [ 85.352059679703061, 28.207923260152075 ], [ 85.352057601934447, 28.208058609276808 ], [ 85.352061332189905, 28.208081481725202 ], [ 85.352023901528838, 28.208273863525545 ], [ 85.352012166504778, 28.208293597606705 ], [ 85.351958031689676, 28.208571831513137 ], [ 85.351957448807269, 28.208609798110395 ], [ 85.351898222260871, 28.20866817971207 ], [ 85.351880496333749, 28.208689075491119 ], [ 85.351775440324388, 28.208842661763914 ], [ 85.351763287999916, 28.208865228413178 ], [ 85.351699897946588, 28.209016414850211 ], [ 85.351687216900444, 28.209057620649304 ], [ 85.351660330147837, 28.209175408065612 ], [ 85.35165383559584, 28.209218447366496 ], [ 85.351644938241506, 28.209349577868878 ], [ 85.351645500248409, 28.209388414449375 ], [ 85.351656633489668, 28.2095103938791 ], [ 85.351659529533123, 28.209527538258808 ], [ 85.351681164840372, 28.209620219136529 ], [ 85.351650384138523, 28.209825442515495 ], [ 85.351697467131089, 28.210084449674934 ], [ 85.351826659572765, 28.210320515455322 ], [ 85.35202704336993, 28.210513688793988 ], [ 85.352163995226576, 28.210612146840681 ], [ 85.352328717269828, 28.211058438829927 ], [ 85.352537814745361, 28.211379733499783 ], [ 85.352696301266008, 28.211536636551454 ], [ 85.352702219014432, 28.211558708187191 ], [ 85.352712701326595, 28.211607052877763 ], [ 85.352742349473459, 28.211767514898099 ], [ 85.352745569107128, 28.211783982221711 ], [ 85.352761033689617, 28.211858942795754 ], [ 85.352769223889126, 28.211894568285377 ], [ 85.352789035591201, 28.211972665028178 ], [ 85.352804024306224, 28.212024511235416 ], [ 85.352826294867896, 28.212093023313802 ], [ 85.352845516567541, 28.212145963412656 ], [ 85.35285486798405, 28.21216923320674 ], [ 85.352867728899952, 28.212292528967126 ], [ 85.352830171382422, 28.212457564775406 ], [ 85.352826026639946, 28.212476858830328 ], [ 85.352808963526414, 28.212561282922877 ], [ 85.352801667006602, 28.212602982603485 ], [ 85.352789445498814, 28.212685538170799 ], [ 85.352782917171524, 28.212744689691434 ], [ 85.352777515751768, 28.212818745571361 ], [ 85.352775574094281, 28.212860060382976 ], [ 85.352771435632675, 28.213056154065967 ], [ 85.35277133791466, 28.213084347792265 ], [ 85.352772358664083, 28.213156381807426 ], [ 85.352773186294783, 28.213183145665052 ], [ 85.352776300307426, 28.213248437988629 ], [ 85.352779661367805, 28.213292874215973 ], [ 85.352787605042366, 28.213369495044635 ], [ 85.352794544407345, 28.213420461670161 ], [ 85.35280876664703, 28.213504687613945 ], [ 85.352815910456641, 28.21354171037185 ], [ 85.352834667641204, 28.21362805763577 ], [ 85.352838651702953, 28.213645471851887 ], [ 85.352891764434261, 28.213866432131748 ], [ 85.352899491320485, 28.213905476633823 ], [ 85.352904067730449, 28.213935526036135 ], [ 85.352907025972172, 28.213963267679141 ], [ 85.352909091678811, 28.213992776938273 ], [ 85.352911328017214, 28.214094271070852 ], [ 85.352908922697367, 28.214199867006045 ], [ 85.352896134829535, 28.214494425795344 ], [ 85.352895444219811, 28.214519156367793 ], [ 85.352893684362712, 28.214660575804757 ], [ 85.352894157551944, 28.214699767150567 ], [ 85.352898555193832, 28.214819905927381 ], [ 85.352901866206452, 28.214869001388603 ], [ 85.352912590535084, 28.214978014598227 ], [ 85.352917053966124, 28.215014697229158 ], [ 85.352953169546325, 28.215263633782417 ], [ 85.352957247974032, 28.215288911113696 ], [ 85.352974601026503, 28.215386575860549 ], [ 85.352978941323911, 28.215409137040687 ], [ 85.352980945578949, 28.215418812623732 ], [ 85.352977983821631, 28.215491906203077 ], [ 85.352977328357113, 28.215524736264797 ], [ 85.352977374956723, 28.215605479325429 ], [ 85.352977831696847, 28.21563204142377 ], [ 85.352980862133336, 28.215721640484979 ], [ 85.352982215044108, 28.215748383223865 ], [ 85.352999107432211, 28.21599907555645 ], [ 85.352840788055943, 28.216138582798433 ], [ 85.352694451581257, 28.216394634711733 ], [ 85.352646277585791, 28.216678436678318 ], [ 85.352649275093185, 28.216932436603891 ], [ 85.352696297066601, 28.217194153512843 ], [ 85.352827121068358, 28.217432485936463 ], [ 85.353030465036099, 28.217626879418564 ], [ 85.353288792344344, 28.217760568692572 ], [ 85.353717372830644, 28.217912809238825 ], [ 85.35379173499274, 28.217971491443272 ], [ 85.354417765766016, 28.218841879494583 ], [ 85.354542302841196, 28.218982179173121 ], [ 85.35496832273023, 28.219374973656318 ], [ 85.355010072292743, 28.219439327261625 ], [ 85.355019495177984, 28.219453549465722 ], [ 85.355064188134179, 28.219519615292306 ], [ 85.355083994304294, 28.21954771042731 ], [ 85.355124888737009, 28.219603416849935 ], [ 85.355151907159978, 28.219638395580482 ], [ 85.355191578023707, 28.21968725178094 ], [ 85.355220502560229, 28.219721159600955 ], [ 85.355289858112911, 28.219798602783381 ], [ 85.355314046851802, 28.21982460031116 ], [ 85.355391126956945, 28.21990436279264 ], [ 85.355413087282074, 28.219926352967239 ], [ 85.355460941797134, 28.219972729712126 ], [ 85.355563715983948, 28.220112648320455 ], [ 85.355775217980337, 28.220276151985981 ], [ 85.35616182134477, 28.220500187528572 ], [ 85.356179444817428, 28.22051189198919 ], [ 85.356191377511578, 28.220520382132687 ], [ 85.356208670289732, 28.22055139751831 ], [ 85.356256198160992, 28.220641981263551 ], [ 85.356278314440928, 28.221056592850477 ], [ 85.356340138587683, 28.221326313108214 ], [ 85.356522135061425, 28.221763314160111 ], [ 85.356707448589333, 28.222041367654739 ], [ 85.356985829407293, 28.222239859578224 ], [ 85.357105828586, 28.222476169147477 ], [ 85.357253630897048, 28.222685110741093 ], [ 85.357459766867777, 28.222850818997575 ], [ 85.358219774177343, 28.223311297171445 ], [ 85.358279526177, 28.223447286922234 ], [ 85.358424604055116, 28.223673834590706 ], [ 85.358764247912987, 28.224060831043307 ], [ 85.358765247069798, 28.22407988051652 ], [ 85.358819890583277, 28.22433239761844 ], [ 85.358952718279198, 28.224561016256867 ], [ 85.358956469002095, 28.224565687362542 ], [ 85.35894608628324, 28.224605654708775 ], [ 85.358920605839216, 28.224835227878369 ], [ 85.358961671910222, 28.225063022135014 ], [ 85.359228465159973, 28.225865108353851 ], [ 85.359152876388237, 28.227004049622682 ], [ 85.359152513356761, 28.227104171182013 ], [ 85.359153248084269, 28.22711660436056 ], [ 85.35914229595717, 28.227132417654875 ], [ 85.359125674633347, 28.227158117965516 ], [ 85.359076159427403, 28.227245295350741 ], [ 85.359062009376885, 28.227273973756038 ], [ 85.359025873423334, 28.227358519632801 ], [ 85.359014466337072, 28.227389868036781 ], [ 85.358990542474345, 28.227467237894338 ], [ 85.358981755183521, 28.22750158152466 ], [ 85.358967510565236, 28.22756907233051 ], [ 85.358961164430113, 28.227607098550493 ], [ 85.358952885626096, 28.227673734812534 ], [ 85.358947588226826, 28.227738387254419 ], [ 85.358945056967485, 28.227788685429299 ], [ 85.358942605771347, 28.227919119506168 ], [ 85.358939937646952, 28.227959860794876 ], [ 85.358930773826273, 28.228075067121917 ], [ 85.358928653736669, 28.228113235208596 ], [ 85.358924381221769, 28.228248427115933 ], [ 85.358923983656396, 28.228275150686194 ], [ 85.358924228280216, 28.228407745278428 ], [ 85.358924346618707, 28.228420103821851 ], [ 85.358929990360608, 28.228746152877655 ], [ 85.358929604563798, 28.228822868143148 ], [ 85.35892778602971, 28.228885972944255 ], [ 85.358923831332604, 28.22895128532657 ], [ 85.358918447888286, 28.229004551043055 ], [ 85.358911899888454, 28.229049015562929 ], [ 85.358905351667715, 28.229081946212066 ], [ 85.358902630129151, 28.2290921498095 ], [ 85.358894384483534, 28.229116561573939 ], [ 85.358879059858097, 28.229155992955228 ], [ 85.358816006260327, 28.229308848113348 ], [ 85.358803139273107, 28.22934202744738 ], [ 85.358771700133786, 28.229428535829609 ], [ 85.358757161208956, 28.229472305704519 ], [ 85.358743511604644, 28.229517596845835 ], [ 85.358732579592498, 28.22955749147658 ], [ 85.358722005478938, 28.229600306990111 ], [ 85.358712167758469, 28.229645674568339 ], [ 85.358704481206829, 28.229686775709158 ], [ 85.358696721857299, 28.229736968235304 ], [ 85.358691850396539, 28.229776762964189 ], [ 85.358686538157187, 28.229842456849617 ], [ 85.358683982611566, 28.22990710516574 ], [ 85.358683605459021, 28.229958537526223 ], [ 85.358686503210578, 28.230075134744261 ], [ 85.358686269732971, 28.230093147784682 ], [ 85.358685745279274, 28.230100723516227 ], [ 85.358684768524441, 28.230109375727285 ], [ 85.358674710583728, 28.230167876625398 ], [ 85.35865702915585, 28.230243450346837 ], [ 85.358598900694531, 28.230457880044785 ], [ 85.358594626952538, 28.230474321262164 ], [ 85.358570432469421, 28.230571544302407 ], [ 85.358562350660051, 28.230607475441694 ], [ 85.358541683215051, 28.230710203607853 ], [ 85.358532892201168, 28.230762842751069 ], [ 85.358520537785907, 28.230855649427284 ], [ 85.35852018659638, 28.230858321735191 ], [ 85.358488587978741, 28.231101934114989 ], [ 85.358485497803642, 28.231129477928246 ], [ 85.358483622820259, 28.231149270918532 ], [ 85.358433308151646, 28.231231965418562 ], [ 85.358372077266623, 28.231462722620819 ], [ 85.358380806736037, 28.231699640178963 ], [ 85.35843347056003, 28.231980890534977 ], [ 85.358256463491344, 28.232403127671759 ], [ 85.358133079621865, 28.232502074449041 ], [ 85.357942995360929, 28.232707120400587 ], [ 85.357828451205933, 28.232952260008567 ], [ 85.357741094874925, 28.233261909105419 ], [ 85.357151619829622, 28.233996012169097 ], [ 85.357027411639692, 28.234203368143937 ], [ 85.356967788714172, 28.234432079355933 ], [ 85.356933982614621, 28.234741452495172 ], [ 85.356831326544182, 28.234995423768382 ], [ 85.356784989073915, 28.235014472297461 ], [ 85.356550019289529, 28.235148486827409 ], [ 85.356365000107687, 28.235333997251495 ], [ 85.356062998472538, 28.235736995410381 ], [ 85.355914785780442, 28.236050544043351 ], [ 85.355868784092209, 28.236244543613825 ], [ 85.355874092157407, 28.236636586388205 ], [ 85.356014833100872, 28.237166592805963 ], [ 85.355932096985001, 28.237281840391404 ], [ 85.355800390839164, 28.237558253266432 ], [ 85.355778286174086, 28.237857628637695 ], [ 85.355868227158439, 28.238146876610209 ], [ 85.355960225918878, 28.238321877223644 ], [ 85.356157082045087, 28.238573392368838 ], [ 85.356180296660995, 28.238588191441366 ], [ 85.356131161111719, 28.238938953133445 ], [ 85.355898136257551, 28.239474563659108 ], [ 85.355834630107594, 28.239884923790882 ], [ 85.355886405805037, 28.240364309027644 ], [ 85.355833357444055, 28.24077272844016 ], [ 85.35581427106105, 28.240895176770763 ], [ 85.355810603695218, 28.240921570330034 ], [ 85.355801237553663, 28.240998285854833 ], [ 85.35579888827661, 28.241019975960054 ], [ 85.35579333769499, 28.241078668418865 ], [ 85.355665624258663, 28.242064109190615 ], [ 85.355690731553167, 28.242390520162193 ], [ 85.355845608046749, 28.242687551639811 ], [ 85.356289855364992, 28.24324464153753 ], [ 85.356314949541328, 28.243302872313873 ], [ 85.356324820486222, 28.24332490476224 ], [ 85.356381564487364, 28.243446862061283 ], [ 85.356393068316507, 28.243470615155434 ], [ 85.356447159473603, 28.243578029374483 ], [ 85.356463019483115, 28.24360803116689 ], [ 85.356522145012192, 28.243714731555247 ], [ 85.356543318653678, 28.243750858630271 ], [ 85.356603329216739, 28.24384783626029 ], [ 85.356629671835535, 28.243887925766661 ], [ 85.356691523167996, 28.243976722750183 ], [ 85.35672358610428, 28.244019932515897 ], [ 85.356787828805238, 28.244101328901415 ], [ 85.356822078596181, 28.244142217014733 ], [ 85.356909607537972, 28.244240774382565 ], [ 85.356940215196133, 28.244273613498539 ], [ 85.357038319154356, 28.244373950370761 ], [ 85.357093931233749, 28.244426442760552 ], [ 85.357137140288017, 28.244464098728855 ], [ 85.357213521188058, 28.244524290315244 ], [ 85.357266449608645, 28.24456196198177 ], [ 85.35732433637439, 28.244600252583005 ], [ 85.357381458885484, 28.244635314067779 ], [ 85.357409263728343, 28.244651788821471 ], [ 85.357414248996108, 28.244654638874053 ], [ 85.357435045713018, 28.24468071809742 ], [ 85.357448912929229, 28.24470714778165 ], [ 85.357467416340981, 28.244738810229414 ], [ 85.357506753353263, 28.244800127099264 ], [ 85.357529068007338, 28.244831947247359 ], [ 85.357568470675872, 28.244884009029374 ], [ 85.357594971561397, 28.244916522947271 ], [ 85.357644091931959, 28.24497207571337 ], [ 85.357702831147463, 28.245033407261591 ], [ 85.357741176154505, 28.245071231311087 ], [ 85.357865451968522, 28.245187081840257 ], [ 85.357869169682346, 28.245190529169147 ], [ 85.357938704746758, 28.245254668017857 ], [ 85.357972714663077, 28.245284596282449 ], [ 85.358047190949776, 28.245347120319138 ], [ 85.358081179314681, 28.245374394433153 ], [ 85.358160531440291, 28.245435247810157 ], [ 85.358194273140271, 28.245460019394276 ], [ 85.358278409448388, 28.245519131508242 ], [ 85.358311740852727, 28.245541576928566 ], [ 85.358400594841811, 28.245598898235439 ], [ 85.358433398907991, 28.245619199652555 ], [ 85.358526799056889, 28.245674617074954 ], [ 85.358559002246622, 28.245692957533322 ], [ 85.358656787964904, 28.245746376175155 ], [ 85.358688382243955, 28.245762947177329 ], [ 85.358790338274957, 28.245814248021457 ], [ 85.358839037091144, 28.245837229907345 ], [ 85.358896421436171, 28.245862568502019 ], [ 85.359767693295851, 28.246456778910275 ], [ 85.359985776909667, 28.246652110373354 ], [ 85.360000676030026, 28.246671663119887 ], [ 85.360011432798473, 28.246685500137403 ], [ 85.360076135153392, 28.246767093717292 ], [ 85.360099175493374, 28.246794996972021 ], [ 85.360160693395471, 28.246866579772824 ], [ 85.360192904173147, 28.246902157995578 ], [ 85.360252038679036, 28.246964195387353 ], [ 85.360279726179911, 28.246992058793282 ], [ 85.36034179054829, 28.247051986075689 ], [ 85.360358278487624, 28.247067533274812 ], [ 85.360423189737972, 28.247127309664396 ], [ 85.360439421019649, 28.247141921140397 ], [ 85.360507143948098, 28.247201516428166 ], [ 85.36052313158541, 28.247215280781315 ], [ 85.360593623993054, 28.24727465564936 ], [ 85.360616728480807, 28.247293523934367 ], [ 85.360668883526444, 28.247334816694707 ], [ 85.360696394432395, 28.24735582871217 ], [ 85.360755534789575, 28.247399394669237 ], [ 85.360784565646384, 28.24741999802113 ], [ 85.361017685861242, 28.247579344246752 ], [ 85.361040827238725, 28.247596369295476 ], [ 85.361155697230188, 28.247659878161294 ], [ 85.361153749986087, 28.247662551999106 ], [ 85.361681196548844, 28.247963755433915 ], [ 85.36184582368017, 28.248238735728229 ], [ 85.361871647849071, 28.248376633943241 ], [ 85.36194477670719, 28.248593558346162 ], [ 85.362076574211656, 28.248787539739691 ], [ 85.362171646181693, 28.248894373360603 ], [ 85.362186714582336, 28.248935365435475 ], [ 85.362198650772697, 28.248964805168953 ], [ 85.362224428699889, 28.249022139929863 ], [ 85.362244282926852, 28.249062250848347 ], [ 85.362273409629239, 28.249116164493177 ], [ 85.362296585808181, 28.249155649173051 ], [ 85.362328334869161, 28.249205771455369 ], [ 85.362354906495881, 28.249244756220286 ], [ 85.362388260394795, 28.249290511518662 ], [ 85.362418346088688, 28.249329171064694 ], [ 85.362452194781213, 28.249370148979565 ], [ 85.362485827168086, 28.249408549575559 ], [ 85.362519094408228, 28.249444575393643 ], [ 85.362523838524723, 28.249449450729873 ], [ 85.362530397656158, 28.249466962664602 ], [ 85.362709876531497, 28.249688092708201 ], [ 85.362790198535919, 28.249760765252354 ], [ 85.362698135204312, 28.251234838940327 ], [ 85.362188542361125, 28.251432242354394 ], [ 85.361856646227139, 28.251638862214183 ], [ 85.361637646240681, 28.251843861114583 ], [ 85.361435587819912, 28.252120524198691 ], [ 85.361359154950705, 28.252442973992874 ], [ 85.3613551534892, 28.252594973956871 ], [ 85.361409634470846, 28.252907822962975 ], [ 85.361582778091261, 28.253184764575767 ], [ 85.361853280157888, 28.253391721675534 ], [ 85.362062281053952, 28.253501722463842 ], [ 85.362350588556197, 28.253604630089715 ], [ 85.362660518827312, 28.25362579464846 ], [ 85.36280004349446, 28.253616369988517 ], [ 85.36285301807537, 28.254252135388576 ], [ 85.362651042925847, 28.255397823399775 ], [ 85.362652285192354, 28.255683056660018 ], [ 85.362754006694729, 28.255953697898875 ], [ 85.36278142666265, 28.256000336052733 ], [ 85.362781488242163, 28.256000648420766 ], [ 85.362799361329465, 28.256079314321681 ], [ 85.362814437066021, 28.256136106236493 ], [ 85.3628322178063, 28.256194538978278 ], [ 85.362851586445416, 28.256250818084968 ], [ 85.362876046464848, 28.256314381185931 ], [ 85.362892635344323, 28.256354371762889 ], [ 85.362921160870357, 28.256418423979344 ], [ 85.362929666731347, 28.256436920910406 ], [ 85.36295261908937, 28.256485293524612 ], [ 85.363075477283061, 28.257232083461609 ], [ 85.363101850233789, 28.257301592760609 ], [ 85.363100481318071, 28.257301829330146 ], [ 85.363103706619086, 28.257316461339499 ], [ 85.363118226288179, 28.257372703260263 ], [ 85.363136714769851, 28.257435069375955 ], [ 85.363158270431228, 28.2574982698527 ], [ 85.363180530189666, 28.257555835663876 ], [ 85.363210486885578, 28.257624125828794 ], [ 85.363236739738127, 28.257677450825362 ], [ 85.363246407162151, 28.257696483652772 ], [ 85.363285566534486, 28.257771254810883 ], [ 85.363304424724092, 28.257805363281992 ], [ 85.363324180922987, 28.257839270060543 ], [ 85.363369731719317, 28.257909517573982 ], [ 85.36339197464352, 28.257940510202168 ], [ 85.363473945348133, 28.258039218140397 ], [ 85.363497087670879, 28.258063449230839 ], [ 85.363601974143407, 28.258158170617918 ], [ 85.363616427600348, 28.258169433522436 ], [ 85.363707855129206, 28.25823287133127 ], [ 85.363724513454983, 28.258243129171344 ], [ 85.36373232065921, 28.258277074837128 ], [ 85.363847635073625, 28.258547082460066 ], [ 85.364053342676797, 28.258771034625187 ], [ 85.36454434301514, 28.259158037090341 ], [ 85.364848277628454, 28.259323550903979 ], [ 85.365220514721372, 28.259453454563264 ], [ 85.365618821192271, 28.259706601674534 ], [ 85.365793840366138, 28.259968517145676 ], [ 85.365979588189902, 28.26017200119723 ], [ 85.366223457417021, 28.260319752888972 ], [ 85.366544035795684, 28.260458483456389 ], [ 85.366851742403, 28.26078068039854 ], [ 85.367149456209106, 28.2609938090079 ], [ 85.367514978368604, 28.261094644667395 ], [ 85.367562830021939, 28.261099456842594 ], [ 85.367595491993086, 28.26111044151699 ], [ 85.367637979029922, 28.26112357769237 ], [ 85.367696007271817, 28.261139814932534 ], [ 85.367737259543418, 28.261150169286182 ], [ 85.367804304091067, 28.261164844132693 ], [ 85.367848221673469, 28.261173069727558 ], [ 85.367915636691109, 28.261183615532858 ], [ 85.36796203385957, 28.261189458349769 ], [ 85.368023999912495, 28.261195556243543 ], [ 85.368073087217837, 28.261199044966371 ], [ 85.368129060866295, 28.261201654043727 ], [ 85.368181201823162, 28.261202812865545 ], [ 85.368230327766696, 28.261202856098695 ], [ 85.368285077182065, 28.261201735653884 ], [ 85.368327112873075, 28.261200106151932 ], [ 85.368386291912714, 28.261196727283647 ], [ 85.368435595367146, 28.261192845910092 ], [ 85.368442183093237, 28.261192184171943 ], [ 85.368803438508067, 28.261331507040452 ], [ 85.368874865857805, 28.261405047750387 ], [ 85.369105893141736, 28.261541233115828 ], [ 85.369314496382529, 28.261630634763847 ], [ 85.36950514328791, 28.261692448958339 ], [ 85.369519202239871, 28.26169564423299 ], [ 85.369632542668441, 28.261944997910295 ], [ 85.369743451014386, 28.262126044521573 ], [ 85.369920790889751, 28.262350055124241 ], [ 85.370003686738428, 28.262454766917969 ], [ 85.370093369629586, 28.262589292871027 ], [ 85.370470371153431, 28.263580976881364 ], [ 85.370390202164472, 28.26378503874389 ], [ 85.370375314694954, 28.263826064630145 ], [ 85.3703426559847, 28.263924036796055 ], [ 85.370301025961012, 28.264169944671071 ], [ 85.37033677723754, 28.264416576391199 ], [ 85.370447195884978, 28.264645206673109 ], [ 85.370598247953296, 28.264867164010301 ], [ 85.370767462050452, 28.26505416712228 ], [ 85.370977954048527, 28.265189773358035 ], [ 85.370981817531316, 28.265198459163589 ], [ 85.371016830550886, 28.265270247534104 ], [ 85.371054712004991, 28.265339618928898 ], [ 85.371074454156627, 28.265372150001969 ], [ 85.371114319032344, 28.265432164616776 ], [ 85.371134982419079, 28.265460693282833 ], [ 85.371188025362599, 28.265527131901727 ], [ 85.371209945505882, 28.265552117014074 ], [ 85.371277904958959, 28.265621909217465 ], [ 85.371301288361963, 28.26564357975948 ], [ 85.371375684130015, 28.265705927999914 ], [ 85.371398624232995, 28.265723303696049 ], [ 85.37146629244144, 28.265770328416728 ], [ 85.371492320263812, 28.265786893464522 ], [ 85.37155436131988, 28.265823409862914 ], [ 85.371583945127384, 28.265839473980169 ], [ 85.37160493374077, 28.265850120233061 ], [ 85.372004310734241, 28.26637571769654 ], [ 85.372274993114814, 28.266617099863115 ], [ 85.372348414000086, 28.26666151384239 ], [ 85.372350820918243, 28.266663839632635 ], [ 85.372533941116728, 28.266837659945384 ], [ 85.372543607338073, 28.266846709230631 ], [ 85.372628330797482, 28.26692493665076 ], [ 85.37264882712266, 28.266943327039886 ], [ 85.372735932923121, 28.267019276907376 ], [ 85.372766451895828, 28.267044812386601 ], [ 85.372846844426519, 28.267109354138778 ], [ 85.372887892615665, 28.267140591231758 ], [ 85.372971587563669, 28.267200935947582 ], [ 85.373025035273827, 28.267236945498794 ], [ 85.373106318219143, 28.267288054182213 ], [ 85.373171242747503, 28.267325670062462 ], [ 85.373251314194036, 28.267368298856606 ], [ 85.373328168650517, 28.267405334729471 ], [ 85.373407683981071, 28.267439821745807 ], [ 85.373480467857462, 28.267468325909622 ], [ 85.373540699898172, 28.267489465530993 ], [ 85.373593808963406, 28.267506612171594 ], [ 85.373662090476415, 28.267526776313282 ], [ 85.373702233699873, 28.267537821942195 ], [ 85.373777213760349, 28.26755696111946 ], [ 85.373800224369191, 28.267562577159993 ], [ 85.373860870357348, 28.267576704420097 ], [ 85.373872835070287, 28.267586689695175 ], [ 85.373882143306105, 28.267595206219411 ], [ 85.373923839888377, 28.267643883639263 ], [ 85.373978254970254, 28.26771348122211 ], [ 85.374078327783181, 28.267806682063515 ], [ 85.374099635823654, 28.268134872690901 ], [ 85.374185192190296, 28.268448364286304 ], [ 85.37422513415666, 28.268528248878422 ], [ 85.374276172492046, 28.268681367953505 ], [ 85.374432778447996, 28.269243324240016 ], [ 85.374598758767021, 28.269558785000619 ], [ 85.374629690534277, 28.26959634656215 ], [ 85.374717710757125, 28.269703229488478 ], [ 85.374733072874022, 28.269795408109957 ], [ 85.3747229300822, 28.269906969622134 ], [ 85.374698066777313, 28.270081001242133 ], [ 85.374670379683522, 28.270256341530249 ], [ 85.374661037931475, 28.270353738192622 ], [ 85.37465149929281, 28.270630283755558 ], [ 85.374655421182339, 28.270741555119276 ], [ 85.374674491830717, 28.270922741682725 ], [ 85.37478921124972, 28.271262344060201 ], [ 85.374969476426401, 28.271562788574993 ], [ 85.375038514880544, 28.271705472101551 ], [ 85.375059043736044, 28.271854316462907 ], [ 85.375080000659366, 28.271956737192404 ], [ 85.375133442065419, 28.272152692015208 ], [ 85.375192147419654, 28.272402204665735 ], [ 85.375212935659988, 28.272672482878338 ], [ 85.375205721350895, 28.27298976804526 ], [ 85.375108903126758, 28.273525967441383 ], [ 85.375091565372486, 28.273567143707815 ], [ 85.374979108061197, 28.273707719778592 ], [ 85.374937560360792, 28.273818243566179 ], [ 85.374907043516671, 28.27385594635065 ], [ 85.374885264314287, 28.273887794290587 ], [ 85.374831351684634, 28.273977719732233 ], [ 85.374827419686099, 28.273985279603451 ], [ 85.374822539608743, 28.273988576283386 ], [ 85.374799584602087, 28.274005808798876 ], [ 85.374697921447819, 28.274093613467478 ], [ 85.374679854965876, 28.27411155663172 ], [ 85.374598691642305, 28.274203504726849 ], [ 85.374579499951196, 28.274228412554617 ], [ 85.374530939554447, 28.274298017327588 ], [ 85.37451319298188, 28.274326240950145 ], [ 85.374476659386801, 28.27439019356278 ], [ 85.374460501010603, 28.27442150816044 ], [ 85.374432942332021, 28.274480322645886 ], [ 85.37441855278162, 28.274514380203918 ], [ 85.374397637681795, 28.274569173003993 ], [ 85.374385137668057, 28.274605744825539 ], [ 85.374369233701827, 28.274657848449674 ], [ 85.374358930314898, 28.274696113313627 ], [ 85.374347000510056, 28.274746831436925 ], [ 85.374339101179828, 28.274786019280413 ], [ 85.374330475740138, 28.274837281131845 ], [ 85.374325189695881, 28.274876369215509 ], [ 85.374319382392599, 28.274936019966102 ], [ 85.374317745751682, 28.274963438042821 ], [ 85.37431644719544, 28.275025008176996 ], [ 85.374316953188924, 28.275053984186211 ], [ 85.374322300081573, 28.27513338596939 ], [ 85.374329775674852, 28.275197018488647 ], [ 85.37434294753055, 28.275275455953281 ], [ 85.374358364948733, 28.275345842480405 ], [ 85.374369648742402, 28.275391104254854 ], [ 85.374399619185752, 28.275498176995843 ], [ 85.374410118087923, 28.27553273507862 ], [ 85.374418853867354, 28.275559372305448 ], [ 85.374420189371435, 28.275562981380624 ], [ 85.37439213126919, 28.275766873926365 ], [ 85.374400179320631, 28.275955496803263 ], [ 85.374370488401922, 28.276049648206016 ], [ 85.374366363086793, 28.276067748214476 ], [ 85.374349542367213, 28.276173500355707 ], [ 85.37434766421984, 28.276194062934209 ], [ 85.374344435762822, 28.276278634275169 ], [ 85.374344780678129, 28.276301904615337 ], [ 85.374350886170419, 28.2763893887448 ], [ 85.374357237891047, 28.276440166324736 ], [ 85.374367253766053, 28.276501130438444 ], [ 85.374385893420865, 28.276592553580755 ], [ 85.374390841917133, 28.276615169533997 ], [ 85.374398060688392, 28.276646044855831 ], [ 85.374417001191119, 28.276713753913988 ], [ 85.37442689949583, 28.276744065481136 ], [ 85.37445142063703, 28.276809637791452 ], [ 85.374464018899957, 28.276839450824767 ], [ 85.374493307768759, 28.276901591650784 ], [ 85.374508645423973, 28.276930995061704 ], [ 85.374541489197043, 28.276988475211667 ], [ 85.374559584821398, 28.277017521563412 ], [ 85.37459469127586, 28.277069647432764 ], [ 85.374615644252358, 28.277098505768851 ], [ 85.374651649279841, 28.277144852834216 ], [ 85.374675561413298, 28.277173666957015 ], [ 85.374711245331454, 28.277214195071867 ], [ 85.37473829489079, 28.277243175575336 ], [ 85.37478202859802, 28.277287052673437 ], [ 85.374832172548679, 28.277334188128865 ], [ 85.374836808608791, 28.277338271654717 ], [ 85.375007359597888, 28.277689466372578 ], [ 85.375008183624388, 28.277707389101657 ], [ 85.375009361881141, 28.277724078368191 ], [ 85.37497118252594, 28.277771397238517 ], [ 85.374945659314449, 28.277806516356183 ], [ 85.374909273839407, 28.277860644280601 ], [ 85.374874760808893, 28.277916320767439 ], [ 85.374850751238228, 28.277957529026335 ], [ 85.374826203457829, 28.2780024580759 ], [ 85.3747962137396, 28.278062891697559 ], [ 85.374777617035022, 28.27810442959299 ], [ 85.374747001454296, 28.278183263061294 ], [ 85.374734119609897, 28.278222196677163 ], [ 85.374710155353668, 28.278311087500889 ], [ 85.374701042311386, 28.278354527879173 ], [ 85.374688751398992, 28.278431414316902 ], [ 85.374683499395914, 28.278478927557188 ], [ 85.374678911543199, 28.278546516049474 ], [ 85.374677622218059, 28.278597250508373 ], [ 85.374678440833108, 28.278659009347344 ], [ 85.37468115937132, 28.278711332956131 ], [ 85.374689355405124, 28.278791310461003 ], [ 85.374693769151079, 28.278820081166227 ], [ 85.37471123181129, 28.278901023333834 ], [ 85.374681603525332, 28.278923830300911 ], [ 85.374656192531447, 28.278946297753976 ], [ 85.374555006107769, 28.279050558853626 ], [ 85.374531836606636, 28.279078481444014 ], [ 85.37446240348018, 28.279174284085951 ], [ 85.37444136339036, 28.279207792252649 ], [ 85.374395615515496, 28.279290279827929 ], [ 85.374376514754061, 28.279329672746975 ], [ 85.374347676519051, 28.279396299124052 ], [ 85.374331037275581, 28.279439817742546 ], [ 85.374313083001582, 28.279491900238298 ], [ 85.374297539663843, 28.27954239912868 ], [ 85.374286769839912, 28.279580667239617 ], [ 85.374272355376959, 28.279637117053234 ], [ 85.374266914902663, 28.27965977079349 ], [ 85.374247021748431, 28.279748166749599 ], [ 85.374236892700452, 28.27980145677704 ], [ 85.374227831000979, 28.279859749111889 ], [ 85.374219817663217, 28.279933770087219 ], [ 85.374219232174099, 28.279943300283286 ], [ 85.37416044355848, 28.279988591121629 ], [ 85.374142978287821, 28.280003323944825 ], [ 85.374068471927714, 28.280073244777199 ], [ 85.374053945171269, 28.28008842140034 ], [ 85.373980259838945, 28.280175557225704 ], [ 85.373968514019637, 28.280191349957697 ], [ 85.373897641551125, 28.280303215439826 ], [ 85.373884334317111, 28.280328237398198 ], [ 85.373831336641516, 28.280450057426592 ], [ 85.373821698269097, 28.280478113918161 ], [ 85.373792231262144, 28.280588309890504 ], [ 85.373786160654177, 28.280619681293654 ], [ 85.373773714889936, 28.280712932428507 ], [ 85.373771100445069, 28.280748187791296 ], [ 85.37376898550157, 28.280818213685457 ], [ 85.373769453673091, 28.280852483232145 ], [ 85.373771727803387, 28.280902792324667 ], [ 85.373774743332774, 28.280942049586894 ], [ 85.373779508598474, 28.280987252356727 ], [ 85.373788496594358, 28.281054247227875 ], [ 85.373771205058787, 28.281095639840654 ], [ 85.373751562049293, 28.28114666019988 ], [ 85.373747305415137, 28.281159008383728 ], [ 85.373719882849301, 28.28117589260734 ], [ 85.37369411742911, 28.281192289088352 ], [ 85.373629552164616, 28.281234741399413 ], [ 85.373601675873118, 28.281253739694446 ], [ 85.373541713144661, 28.281296084324747 ], [ 85.373510173537852, 28.28131929123785 ], [ 85.373447352571134, 28.281367439093909 ], [ 85.373412401443844, 28.281395505515135 ], [ 85.373354419600915, 28.281444278628118 ], [ 85.373318607298131, 28.28147593741911 ], [ 85.373265133051035, 28.281525617035513 ], [ 85.373229221468904, 28.281560785397772 ], [ 85.373180039760527, 28.28161156931646 ], [ 85.373144715885061, 28.281650142984045 ], [ 85.373099607982923, 28.281702269571532 ], [ 85.37306564279109, 28.281743924170286 ], [ 85.373024540081403, 28.281797481059879 ], [ 85.372992633001914, 28.281841777109435 ], [ 85.372955433567682, 28.281896896661827 ], [ 85.372926165520596, 28.281943317281286 ], [ 85.372892799442027, 28.282000106065603 ], [ 85.372884891612074, 28.282013850639014 ], [ 85.372814939333722, 28.282138049122477 ], [ 85.372798071472658, 28.282169502996776 ], [ 85.37276525152339, 28.282233880074376 ], [ 85.372757628549195, 28.282250491545391 ], [ 85.372650321589475, 28.28228401860904 ], [ 85.372597591331868, 28.282301963053701 ], [ 85.372532099235073, 28.282326114792369 ], [ 85.372476677806077, 28.282348292648752 ], [ 85.372419441667944, 28.282373042701991 ], [ 85.372378360964333, 28.282391840219276 ], [ 85.372270840764486, 28.28244380745765 ], [ 85.372245986244195, 28.282456223149989 ], [ 85.372152742539029, 28.282504337154091 ], [ 85.372122695716129, 28.282520461806207 ], [ 85.372038339843172, 28.282567510240597 ], [ 85.372004241023703, 28.282587383790169 ], [ 85.371927206622516, 28.282634264929911 ], [ 85.371896226338251, 28.282653883132102 ], [ 85.371833993000479, 28.28269486962024 ], [ 85.371809556725054, 28.282711476777919 ], [ 85.371747743248648, 28.282754815607341 ], [ 85.371724619483231, 28.2827715216978 ], [ 85.371663350561207, 28.282817125009899 ], [ 85.371641408643697, 28.282833934253063 ], [ 85.371580821407477, 28.282881700800445 ], [ 85.3715599747688, 28.282898600704151 ], [ 85.371500193071881, 28.282948430886329 ], [ 85.371480287791201, 28.282965480173782 ], [ 85.371421479881604, 28.28301723791779 ], [ 85.371402440545424, 28.283034448055123 ], [ 85.371344760387814, 28.283087998020488 ], [ 85.37132650953221, 28.283105394618342 ], [ 85.37127011952137, 28.283160583515556 ], [ 85.371234250944553, 28.283197655986147 ], [ 85.371188648779608, 28.283247453882456 ], [ 85.371145822293997, 28.283297707234425 ], [ 85.371098771783721, 28.283357119195472 ], [ 85.371072154108063, 28.28339247225453 ], [ 85.371029578256696, 28.283452011567071 ], [ 85.371018117958243, 28.283468423640652 ], [ 85.370928917010005, 28.283599273547448 ], [ 85.370909020811112, 28.283626011983838 ], [ 85.370898209017881, 28.283634392582556 ], [ 85.370866164225845, 28.283656037281748 ], [ 85.370853862703157, 28.283663239773393 ], [ 85.370650346355688, 28.283674853097626 ], [ 85.370617484357524, 28.283677201146642 ], [ 85.370521074251272, 28.283685480906581 ], [ 85.370471502225072, 28.283690826059445 ], [ 85.370420292626093, 28.283697478222734 ], [ 85.370374355749703, 28.283704398243326 ], [ 85.37032710623393, 28.283712503707257 ], [ 85.370275388498612, 28.283722616304974 ], [ 85.370231193406894, 28.283732330324003 ], [ 85.370174708415391, 28.283746284112389 ], [ 85.370133114517017, 28.283757710482114 ], [ 85.370086846568398, 28.283771504327071 ], [ 85.370006747011161, 28.28379729085205 ], [ 85.369974727346957, 28.283808142038751 ], [ 85.369894113291423, 28.283836846421064 ], [ 85.369863704786042, 28.28384818358083 ], [ 85.369782710539269, 28.283879755981413 ], [ 85.36975376061973, 28.283891522334088 ], [ 85.369672536922224, 28.283925904987964 ], [ 85.369644936932403, 28.283938045360298 ], [ 85.3695636222932, 28.283975180356883 ], [ 85.369537233766749, 28.283987669001561 ], [ 85.369456035526895, 28.284027464055399 ], [ 85.369430760108145, 28.284040272364511 ], [ 85.369349869327607, 28.284082633191293 ], [ 85.369325587791536, 28.284095757306428 ], [ 85.369245220297586, 28.284140570063396 ], [ 85.369191060913082, 28.28417312741583 ], [ 85.369134131729368, 28.28418551848236 ], [ 85.369088247170609, 28.284196827401267 ], [ 85.369033968722988, 28.28421165945857 ], [ 85.368986695232664, 28.284225865892353 ], [ 85.368938541579496, 28.284241543774449 ], [ 85.36888953912208, 28.284258749252235 ], [ 85.368888544515116, 28.284259121381485 ], [ 85.368867554702973, 28.284262554631074 ], [ 85.368815518079003, 28.284272874848462 ], [ 85.368755816082654, 28.284286405056903 ], [ 85.368719927594384, 28.28429557017348 ], [ 85.368625314983532, 28.28429540893686 ], [ 85.368579800433537, 28.284296231205804 ], [ 85.36851285576887, 28.284298765220168 ], [ 85.368448946038768, 28.28430296905756 ], [ 85.368384780428713, 28.284308990038063 ], [ 85.368343940596532, 28.284313562150686 ], [ 85.368273193283727, 28.284322770545774 ], [ 85.368233179237265, 28.284328700991463 ], [ 85.36797789708325, 28.284371175315183 ], [ 85.367906248734073, 28.284380786269985 ], [ 85.367871633782045, 28.28438375870023 ], [ 85.367818434770015, 28.284386465321049 ], [ 85.367540402516738, 28.284391730643058 ], [ 85.367521710853694, 28.284392236407282 ], [ 85.367416903891836, 28.284395924586718 ], [ 85.367377893677812, 28.284397960898421 ], [ 85.367278789391946, 28.284404823516414 ], [ 85.367226513973947, 28.284409646454936 ], [ 85.367137258814466, 28.284419946085286 ], [ 85.367083531693055, 28.284427441117259 ], [ 85.367007336919755, 28.284439922920107 ], [ 85.366965556339252, 28.284447570961913 ], [ 85.366881639197828, 28.284464560330818 ], [ 85.36684137634218, 28.284473478868399 ], [ 85.3665929327193, 28.284533293537944 ], [ 85.366448083361092, 28.284514770076349 ], [ 85.366422312086044, 28.284516286260594 ], [ 85.365519873673691, 28.284490001862789 ], [ 85.365179686321142, 28.284462787004767 ], [ 85.365097441595779, 28.284440170003037 ], [ 85.364901377456206, 28.284386252103499 ], [ 85.364838781638028, 28.284370955290932 ], [ 85.363904252125849, 28.284170698829044 ], [ 85.363716084958895, 28.284146526196892 ], [ 85.362867380834402, 28.284108383373137 ], [ 85.362745346117904, 28.284109373182869 ], [ 85.362278082679666, 28.284137980801308 ], [ 85.362116406672669, 28.284159512306378 ], [ 85.361887495335736, 28.284206872670463 ], [ 85.361839843127314, 28.28421673235497 ], [ 85.3618320183854, 28.284218380199832 ], [ 85.361698514961802, 28.284246988486366 ], [ 85.361526209568353, 28.284298698284321 ], [ 85.361306880432494, 28.284384521122739 ], [ 85.361171132739145, 28.284455066170562 ], [ 85.360908524473828, 28.28453833248653 ], [ 85.36077242108307, 28.284578659294155 ], [ 85.360479146729858, 28.284603098670285 ], [ 85.360064064628872, 28.284603099415044 ], [ 85.359466599415953, 28.284518949057485 ], [ 85.359161327058473, 28.284516923858188 ], [ 85.358640001636061, 28.284583274561136 ], [ 85.357937496247587, 28.284668714897609 ], [ 85.357560996755339, 28.284784068410801 ], [ 85.357418727537905, 28.284857837724228 ], [ 85.357118302230219, 28.284931274916907 ], [ 85.35681304132433, 28.28505694257786 ], [ 85.35661508504154, 28.285177129945669 ], [ 85.356454971052969, 28.285243383791126 ], [ 85.356201435667245, 28.2853251697262 ], [ 85.356015690422737, 28.285404766493798 ], [ 85.355999594832639, 28.285413545774883 ], [ 85.355872276976896, 28.285454469557774 ], [ 85.355614801220597, 28.285515450747504 ], [ 85.35519393354339, 28.285566244713792 ], [ 85.355172145396068, 28.285566244805224 ], [ 85.35492862086187, 28.285485070280217 ], [ 85.354538590896169, 28.285320391740548 ], [ 85.354251429895101, 28.285242532730503 ], [ 85.354201248989696, 28.285242464203229 ], [ 85.35407653532063, 28.285189017427694 ], [ 85.353712330518093, 28.285159857327319 ], [ 85.353235529734533, 28.285198001545222 ], [ 85.352978037798863, 28.285248947588752 ], [ 85.35274394016092, 28.285356683460957 ], [ 85.352586414219971, 28.285453978707903 ], [ 85.352505964734348, 28.285475395535471 ], [ 85.352482845106053, 28.285484256067459 ], [ 85.35224353647817, 28.285613085042691 ], [ 85.352225210602569, 28.285626316349884 ], [ 85.352129531456356, 28.285719755913416 ], [ 85.351989942638426, 28.285768915720006 ], [ 85.351984155169603, 28.285770802640986 ], [ 85.351961403455064, 28.285775005193958 ], [ 85.351810172622834, 28.285799110218086 ], [ 85.351760050216697, 28.285808254688373 ], [ 85.35167724458438, 28.285825290431006 ], [ 85.351615203494717, 28.285839891076172 ], [ 85.351574921260863, 28.285850583887591 ], [ 85.351522216727929, 28.285865970180048 ], [ 85.351485037329965, 28.285877826722938 ], [ 85.351427481064235, 28.285897948585664 ], [ 85.351392795868577, 28.28591116547716 ], [ 85.351332161451936, 28.285936392132918 ], [ 85.351299651507603, 28.285951090970638 ], [ 85.351228567991569, 28.285986472344209 ], [ 85.351187357964733, 28.286008950574196 ], [ 85.351058060935557, 28.286043583455793 ], [ 85.350975752466368, 28.286069079333103 ], [ 85.350774658976704, 28.286140053525855 ], [ 85.350709165578493, 28.286152952925892 ], [ 85.350542441338945, 28.286182938324693 ], [ 85.350373261434939, 28.286209652397545 ], [ 85.350324579618814, 28.286218427831304 ], [ 85.350266279789437, 28.28623025359617 ], [ 85.350226167385586, 28.286239151837375 ], [ 85.350165923547763, 28.286253671452336 ], [ 85.350129876402235, 28.286262993854056 ], [ 85.350067123727939, 28.286280339474857 ], [ 85.350035415976137, 28.286289611129234 ], [ 85.349969098810362, 28.286310075036553 ], [ 85.349933388536769, 28.286321760820627 ], [ 85.349802582298892, 28.28636704071231 ], [ 85.34977474681925, 28.286377097512798 ], [ 85.349530275040095, 28.286469169746066 ], [ 85.349449448784938, 28.286498289915198 ], [ 85.349379881290517, 28.286520929297279 ], [ 85.349341227480309, 28.286531610884879 ], [ 85.349293560416683, 28.286541356287163 ], [ 85.349208365008153, 28.286555239287448 ], [ 85.348773333117066, 28.286568033415005 ], [ 85.34852393258268, 28.286603067593678 ], [ 85.348291911387577, 28.286691290675229 ], [ 85.348034438648526, 28.286824794953265 ], [ 85.347727902851176, 28.287069453571167 ], [ 85.347486333693752, 28.287360755503453 ], [ 85.347252936162064, 28.287522835844616 ], [ 85.347118828078393, 28.287634702475039 ], [ 85.34699485880958, 28.287758671357224 ], [ 85.346872946682097, 28.287909279436583 ], [ 85.346703484234638, 28.288171943024402 ], [ 85.34662948782497, 28.288267080390618 ], [ 85.346503276680991, 28.288393291014962 ], [ 85.346214367201881, 28.288663590549934 ], [ 85.346172557963584, 28.28872745557354 ], [ 85.346139448232037, 28.28878230573045 ], [ 85.346089505514556, 28.288872377785534 ], [ 85.34606263667952, 28.288925034040105 ], [ 85.34601773014306, 28.289021127064036 ], [ 85.3459961071149, 28.289071623940231 ], [ 85.345956529851932, 28.289173114266401 ], [ 85.345939296362943, 28.289221712955907 ], [ 85.345905269403588, 28.289328087951823 ], [ 85.345891737699816, 28.289375195721732 ], [ 85.345863649804301, 28.289485315755346 ], [ 85.345853314966561, 28.289531384051504 ], [ 85.345831441722538, 28.289644175805261 ], [ 85.345823941153824, 28.289689821326398 ], [ 85.345808539632841, 28.289803958562349 ], [ 85.345802948320525, 28.289860382370527 ], [ 85.345800477242236, 28.289899328863235 ], [ 85.345798904481541, 28.289957003011374 ], [ 85.345799292843651, 28.290000857553355 ], [ 85.345801482062001, 28.29005331083896 ], [ 85.345809276849806, 28.290157678411969 ], [ 85.345790155686203, 28.290235724235117 ], [ 85.345777308292185, 28.290302965098785 ], [ 85.345767803898596, 28.290366253427109 ], [ 85.345760652678337, 28.290431459611622 ], [ 85.345755994211444, 28.290505302613436 ], [ 85.34575501264014, 28.290564032422491 ], [ 85.345756593045209, 28.290600852651504 ], [ 85.345735224840041, 28.290761675831529 ], [ 85.345731169760356, 28.290798791120551 ], [ 85.345727135675418, 28.290845842817934 ], [ 85.345724614614781, 28.290888788410211 ], [ 85.345723290376796, 28.290930511289243 ], [ 85.345723508979759, 28.290987338130332 ], [ 85.345725195000398, 28.291030085699568 ], [ 85.345731270393841, 28.29110185776927 ], [ 85.345736367204751, 28.291141025902242 ], [ 85.345741110271305, 28.291166905564726 ], [ 85.345728476490891, 28.29126335550481 ], [ 85.345727815002448, 28.291279560591537 ], [ 85.345732900254845, 28.291407851635466 ], [ 85.345736556290987, 28.291438192275049 ], [ 85.345751256783629, 28.291522325098462 ], [ 85.345755109074261, 28.291539091707616 ], [ 85.345757112119344, 28.291570866398992 ], [ 85.345761237307073, 28.29161595414412 ], [ 85.345765725530271, 28.291653337009965 ], [ 85.345783762783384, 28.291751604418319 ], [ 85.345792742538165, 28.291787784542926 ], [ 85.345842922117498, 28.291931519110666 ], [ 85.345856583576477, 28.291961518894315 ], [ 85.345869114776647, 28.291983168029386 ], [ 85.345874527026098, 28.292005634211268 ], [ 85.345882929171339, 28.29203578506586 ], [ 85.34590658564214, 28.292107696837057 ], [ 85.345921125452392, 28.292145909920485 ], [ 85.345937145752089, 28.292185010841227 ], [ 85.34595430917669, 28.292224068842614 ], [ 85.345978927630355, 28.292275346883294 ], [ 85.34602183215712, 28.292357564784123 ], [ 85.346051029336962, 28.292409120651936 ], [ 85.346104165276969, 28.29249590810096 ], [ 85.346123056688597, 28.292525425301772 ], [ 85.346212553066081, 28.292659326852519 ], [ 85.346253897024667, 28.292716206271759 ], [ 85.346285612557637, 28.29275644126048 ], [ 85.346290236180536, 28.292773439208947 ], [ 85.346308536508431, 28.292831983085797 ], [ 85.346319575754165, 28.292863173027445 ], [ 85.346339189535939, 28.292913361921727 ], [ 85.346352916551922, 28.292945402966868 ], [ 85.346383734826176, 28.293009712162757 ], [ 85.346419723353975, 28.293077395631631 ], [ 85.346457287930676, 28.293141292410333 ], [ 85.346504289094241, 28.29321399798285 ], [ 85.346530509644737, 28.293252318987985 ], [ 85.346600895925732, 28.293349649770246 ], [ 85.346604932703912, 28.293355370308596 ], [ 85.34661004911699, 28.2933665736882 ], [ 85.346610478802575, 28.2933695799173 ], [ 85.346610724638367, 28.293396122652833 ], [ 85.346612099095651, 28.293436146533743 ], [ 85.346616909857758, 28.293517064529471 ], [ 85.346619908171078, 28.2935534581644 ], [ 85.346628821389942, 28.293638032160583 ], [ 85.346632668136266, 28.293668811346549 ], [ 85.346643648392316, 28.293744725782869 ], [ 85.346647852572104, 28.293770771804525 ], [ 85.346661907511773, 28.293849618637527 ], [ 85.34666651550225, 28.29387339953411 ], [ 85.346683664478462, 28.293955312564592 ], [ 85.346688527490755, 28.293977047913152 ], [ 85.346708811558798, 28.294062208133585 ], [ 85.346713784984644, 28.294081985528596 ], [ 85.346737224922336, 28.294170500584578 ], [ 85.346742198143701, 28.294188451351353 ], [ 85.346768895869772, 28.294280720470216 ], [ 85.34677507499697, 28.294300927063652 ], [ 85.346760600904759, 28.294527852865528 ], [ 85.346759265837292, 28.294557352119536 ], [ 85.346757039929145, 28.29464054127482 ], [ 85.34675682783444, 28.294672759949954 ], [ 85.346757840536398, 28.294747286585149 ], [ 85.346760061300884, 28.294796942615346 ], [ 85.346765533081594, 28.294869008930039 ], [ 85.346769656907142, 28.294909598200686 ], [ 85.346786349337165, 28.295040646940368 ], [ 85.34678694188716, 28.295046659775714 ], [ 85.34677563480534, 28.295095219726104 ], [ 85.346764420836038, 28.295152729006425 ], [ 85.346757998337907, 28.295193490369577 ], [ 85.346750536867106, 28.295257410207036 ], [ 85.346747226595923, 28.29530085262779 ], [ 85.346745116794764, 28.295343650322035 ], [ 85.346744033127109, 28.295391923619576 ], [ 85.346744241120348, 28.295435414059366 ], [ 85.346748632444019, 28.295572564244551 ], [ 85.346750228422536, 28.295603569402626 ], [ 85.346754456540239, 28.295663151051137 ], [ 85.346758581931567, 28.295705394317032 ], [ 85.346766659507679, 28.295770294882569 ], [ 85.346771632960412, 28.295804303699327 ], [ 85.346784519027167, 28.295880950541864 ], [ 85.346787614704141, 28.29589821380069 ], [ 85.346828583310014, 28.296113204608343 ], [ 85.346832926401845, 28.296145060047042 ], [ 85.346835243019981, 28.296175053041104 ], [ 85.346837336760998, 28.296228746674362 ], [ 85.34682554234594, 28.2962538641527 ], [ 85.346807667607649, 28.296294698733796 ], [ 85.346789378437279, 28.296339691624787 ], [ 85.346765687992573, 28.296405856769358 ], [ 85.346753663955766, 28.296444546778545 ], [ 85.346732222387857, 28.296529297884994 ], [ 85.346725139389207, 28.296565353817165 ], [ 85.346714815198226, 28.296632963784404 ], [ 85.346707127893254, 28.296703230011701 ], [ 85.346703084266423, 28.296756701037825 ], [ 85.346700592199156, 28.296816069532547 ], [ 85.346700812585439, 28.296887968449852 ], [ 85.346703346064686, 28.296940623773398 ], [ 85.346713009672854, 28.297031936272571 ], [ 85.346720652729402, 28.297078512082543 ], [ 85.346751584844995, 28.297203703128673 ], [ 85.346762017353043, 28.297235061669873 ], [ 85.346793100927783, 28.297308310733193 ], [ 85.346787184195009, 28.297315525272229 ], [ 85.346763959041965, 28.297346911213211 ], [ 85.346715076197555, 28.297420311846835 ], [ 85.346697024263165, 28.297450601637749 ], [ 85.346649944494928, 28.297541464638506 ], [ 85.346636712959139, 28.29757125416317 ], [ 85.346597741047603, 28.297678079167198 ], [ 85.346589197623842, 28.297707681795288 ], [ 85.346569732108676, 28.297791535078382 ], [ 85.346559208682862, 28.297851068908134 ], [ 85.34655183980891, 28.297902326556745 ], [ 85.346545219945924, 28.297961967227007 ], [ 85.346541086461016, 28.298015561418882 ], [ 85.34653857741219, 28.298073380129662 ], [ 85.346538182328516, 28.298131862408766 ], [ 85.346539823695437, 28.298186815468846 ], [ 85.346544450396735, 28.298252075744731 ], [ 85.346545905443264, 28.298265054003025 ], [ 85.346524641882823, 28.298300200376577 ], [ 85.346508382898378, 28.298328240572847 ], [ 85.346472282144049, 28.298393271156076 ], [ 85.3464483891062, 28.298439565973855 ], [ 85.346420623321933, 28.29849764460273 ], [ 85.346394572210556, 28.298558086657398 ], [ 85.346373615324012, 28.29861248981635 ], [ 85.346353467619082, 28.2986712708759 ], [ 85.346333344511919, 28.298738086935682 ], [ 85.346321124730608, 28.298783312721678 ], [ 85.346304108731729, 28.298854331367696 ], [ 85.346295368710386, 28.298895494274234 ], [ 85.346281333421572, 28.298971241026912 ], [ 85.346275412637823, 28.299007886235671 ], [ 85.34626417373822, 28.299089335349123 ], [ 85.346260507633318, 28.299120347594062 ], [ 85.346252245380001, 28.299204217121673 ], [ 85.346250159957393, 28.299229478496954 ], [ 85.346243950922613, 28.299322667556311 ], [ 85.346242647318491, 28.299348551909425 ], [ 85.346233701361854, 28.299610739944825 ], [ 85.346233299686091, 28.299627950821392 ], [ 85.34623121685631, 28.299793818887636 ], [ 85.3463120743682, 28.300156170450148 ], [ 85.346364096532753, 28.300264740714635 ], [ 85.346379444013863, 28.300350007827095 ], [ 85.346460168673644, 28.300798504446004 ], [ 85.346453773594547, 28.300800060923457 ], [ 85.346432605879812, 28.300805431302805 ], [ 85.346367339351133, 28.300822666849868 ], [ 85.346321308973202, 28.300835883176596 ], [ 85.346257653095336, 28.300855649788396 ], [ 85.346192466296813, 28.300878143442056 ], [ 85.346137569307828, 28.300899034111691 ], [ 85.346052748814429, 28.300935513561125 ], [ 85.345996251803797, 28.300962739158368 ], [ 85.345962703711024, 28.30098125174246 ], [ 85.345716493297829, 28.30096316019743 ], [ 85.345693577432243, 28.300961706188357 ], [ 85.345569480798261, 28.300955075211792 ], [ 85.345520272507287, 28.300953500063489 ], [ 85.34539920319682, 28.300952214020125 ], [ 85.345330198004802, 28.300953548862381 ], [ 85.345222065787453, 28.300958885758902 ], [ 85.345201616668746, 28.300960077593061 ], [ 85.345117599072765, 28.300965725507087 ], [ 85.34488810222561, 28.300976806095534 ], [ 85.344857533452242, 28.300978690118558 ], [ 85.344789727024988, 28.300983776486905 ], [ 85.344757429651693, 28.300986658247894 ], [ 85.3446968047502, 28.300992931776189 ], [ 85.344652671869852, 28.300998366243931 ], [ 85.344582671427119, 28.301008370597213 ], [ 85.344525596666543, 28.301018012022869 ], [ 85.344461061255345, 28.301030610440048 ], [ 85.34442586322379, 28.301038541882434 ], [ 85.344257555975588, 28.301050004597045 ], [ 85.344226059192735, 28.301052585217658 ], [ 85.344139374595287, 28.301060889749266 ], [ 85.344114145948751, 28.301063588614735 ], [ 85.344032904662399, 28.301073190092673 ], [ 85.344004664180943, 28.301076884477929 ], [ 85.343926923806706, 28.30108804092119 ], [ 85.343895871346817, 28.301092934679929 ], [ 85.343821799955109, 28.301105657158242 ], [ 85.343788442614411, 28.301111900564955 ], [ 85.343717522917458, 28.301126274861197 ], [ 85.343682032638313, 28.301134063490576 ], [ 85.343613942362637, 28.301150158800432 ], [ 85.343589300037507, 28.301156278045738 ], [ 85.343495353787276, 28.301180736899049 ], [ 85.343465902908051, 28.301188834758705 ], [ 85.343397789864113, 28.301208567582648 ], [ 85.343353775754522, 28.301222313561738 ], [ 85.343293262869864, 28.301242602444091 ], [ 85.3432385254021, 28.301262582082767 ], [ 85.343184552641532, 28.30128392587487 ], [ 85.343140427094525, 28.301302510796219 ], [ 85.343047004089271, 28.301344317755024 ], [ 85.342990930992698, 28.301371394883237 ], [ 85.34292288468265, 28.301406745702739 ], [ 85.342843778010845, 28.301452326754365 ], [ 85.342786194822509, 28.301488973236697 ], [ 85.342773026639335, 28.301498136174811 ], [ 85.342769084424148, 28.301498908578903 ], [ 85.34276014215132, 28.301501060548116 ], [ 85.342721802276927, 28.301499054448186 ], [ 85.342672773982457, 28.301498341869344 ], [ 85.34261028779045, 28.301499128872685 ], [ 85.342545538158802, 28.301501702621099 ], [ 85.342495015323493, 28.3015048252431 ], [ 85.342461671316457, 28.301507624163516 ], [ 85.342362414466066, 28.30152034107763 ], [ 85.342331392246166, 28.301525705936022 ], [ 85.342192931215195, 28.301558745470864 ], [ 85.34216647011317, 28.301566865004158 ], [ 85.342046977907529, 28.301611245019416 ], [ 85.341992587754063, 28.301635149911231 ], [ 85.341900142649664, 28.30168123558774 ], [ 85.341878966269192, 28.301693117621671 ], [ 85.341802810849003, 28.301740288419776 ], [ 85.341784776872387, 28.301752579530714 ], [ 85.341699600821016, 28.301817558532289 ], [ 85.341684356998073, 28.301830551360666 ], [ 85.341594733847558, 28.301917610408964 ], [ 85.34158248483331, 28.301931192830146 ], [ 85.341519374158679, 28.302013005807623 ], [ 85.341459541931755, 28.302034242775377 ], [ 85.341386504856629, 28.302063160466616 ], [ 85.341338988796835, 28.302083990832458 ], [ 85.341262304419658, 28.302121317848702 ], [ 85.341221616310008, 28.302143186870083 ], [ 85.341161363692819, 28.302178210025819 ], [ 85.3410877224768, 28.302224393860445 ], [ 85.34104730974353, 28.302251091284148 ], [ 85.340981961848797, 28.302296531128558 ], [ 85.340937136750753, 28.30232957906982 ], [ 85.340878578156804, 28.302375326097422 ], [ 85.340830891148386, 28.302415063414561 ], [ 85.340778570535562, 28.302461556761308 ], [ 85.340755813584494, 28.302482440047964 ], [ 85.340728515870651, 28.302508309929102 ], [ 85.340680894346221, 28.302556790670756 ], [ 85.340665762153407, 28.302573351335187 ], [ 85.340592729953798, 28.302664237520837 ], [ 85.340583784474106, 28.302676968354827 ], [ 85.34052642817089, 28.302770472198905 ], [ 85.340518374237476, 28.302785676734587 ], [ 85.340499537844678, 28.302827578835341 ], [ 85.340486632097992, 28.302842528454082 ], [ 85.340475061236859, 28.30285931018058 ], [ 85.340352783001293, 28.303123167750904 ], [ 85.34034628233384, 28.30314767948283 ], [ 85.340320021813938, 28.303320058550995 ], [ 85.340318691243809, 28.303351450476359 ], [ 85.340324872209138, 28.303490066213907 ], [ 85.340329038557343, 28.303521606198917 ], [ 85.340358119572784, 28.303654422352068 ], [ 85.340361919405026, 28.303666744084065 ], [ 85.340421904287453, 28.303811332941443 ], [ 85.340426482804759, 28.303820000071266 ], [ 85.34067095995897, 28.304110865087313 ], [ 85.34067800935712, 28.304116436959255 ], [ 85.340905736364974, 28.30425250252112 ], [ 85.341166246890765, 28.304329809124326 ], [ 85.341176386796505, 28.304331519817357 ], [ 85.341549089527561, 28.304333023476808 ], [ 85.341562393047269, 28.30433089011095 ], [ 85.341765257811616, 28.304278670737755 ], [ 85.341781921167879, 28.304272663208955 ], [ 85.341915483649345, 28.304214098612558 ], [ 85.341951229279019, 28.304195428227736 ], [ 85.342012105379084, 28.304161001741907 ], [ 85.342096176059613, 28.30410965757839 ], [ 85.342124010641854, 28.304093297520087 ], [ 85.342177160493549, 28.304059841679194 ], [ 85.342193283733152, 28.304048989070889 ], [ 85.342223990876619, 28.304038726020046 ], [ 85.342256889843441, 28.304027148857159 ], [ 85.342297294692514, 28.304012206253397 ], [ 85.342364131979025, 28.303984940621476 ], [ 85.342400742306012, 28.30396856298735 ], [ 85.342485530525977, 28.303926012751575 ], [ 85.342517164709903, 28.303908317502895 ], [ 85.342597954186886, 28.303858123542792 ], [ 85.342644295847208, 28.303826260116832 ], [ 85.34269174304734, 28.303791554198142 ], [ 85.342753835523155, 28.303743270919949 ], [ 85.34281164059675, 28.3036946471261 ], [ 85.342857760182554, 28.303652694805141 ], [ 85.342884524447641, 28.303626236460417 ], [ 85.342909518792879, 28.303618504030304 ], [ 85.342925007548601, 28.303612499785114 ], [ 85.342999247548704, 28.303609222824356 ], [ 85.34305819527944, 28.303605101379979 ], [ 85.343103030647768, 28.303600805626942 ], [ 85.343164740193515, 28.303593198438161 ], [ 85.343204638439772, 28.303587174939345 ], [ 85.343218529016227, 28.303584756310372 ], [ 85.34324358578121, 28.303585509968588 ], [ 85.343329200943003, 28.303584901540418 ], [ 85.343367121993396, 28.303583221099981 ], [ 85.343450022444188, 28.303576536096408 ], [ 85.343487901622026, 28.303572095328313 ], [ 85.343570813210036, 28.303559273607831 ], [ 85.343607488979799, 28.303552210033416 ], [ 85.34370644186356, 28.303528483730616 ], [ 85.343726129369671, 28.30352280866628 ], [ 85.343827552867069, 28.303488178247385 ], [ 85.343847548654423, 28.303480242581408 ], [ 85.343968926870573, 28.303423079614419 ], [ 85.344010887247592, 28.303399977981478 ], [ 85.344063409829403, 28.30336708521509 ], [ 85.344084017674192, 28.303360323214271 ], [ 85.344134652559489, 28.303341434868106 ], [ 85.344191231921329, 28.303318505105345 ], [ 85.34424037531322, 28.303296959771906 ], [ 85.34426571511689, 28.303285457554441 ], [ 85.344355871003856, 28.303243116252109 ], [ 85.344431642030671, 28.303229584222898 ], [ 85.344466082154213, 28.303222014078976 ], [ 85.344554497955727, 28.303198775468299 ], [ 85.34458337120715, 28.30318991040529 ], [ 85.344611931765471, 28.303180152870841 ], [ 85.344646352635323, 28.303171374476197 ], [ 85.344701171029385, 28.303155898570097 ], [ 85.344770529079383, 28.303134391510191 ], [ 85.344841735983039, 28.303109619004367 ], [ 85.344849190632246, 28.303106735271584 ], [ 85.344861953616416, 28.303105806874036 ], [ 85.344916527965552, 28.303101171951781 ], [ 85.344976695075573, 28.303094458448143 ], [ 85.345007985330184, 28.303090126881905 ], [ 85.345058664265082, 28.303095003119846 ], [ 85.34510743399531, 28.303098649845708 ], [ 85.345184126777681, 28.303102746442658 ], [ 85.345258083145168, 28.303127259955836 ], [ 85.345281283731012, 28.303133090565471 ], [ 85.345296847865725, 28.303136151749428 ], [ 85.345342260048739, 28.303156009751159 ], [ 85.34537693712447, 28.303169758851613 ], [ 85.345441240445751, 28.303192961091185 ], [ 85.34550625029317, 28.303214163212623 ], [ 85.345560794880996, 28.303230420021951 ], [ 85.345621686029659, 28.303246890096105 ], [ 85.345686701458661, 28.303262417579681 ], [ 85.345744380708481, 28.303274399440475 ], [ 85.345820333735787, 28.303287507740777 ], [ 85.345875156892959, 28.303295070680992 ], [ 85.345920170560888, 28.303300374584705 ], [ 85.345986846453826, 28.303306897055386 ], [ 85.346050299732354, 28.303311335061696 ], [ 85.346092990990272, 28.303313136576072 ], [ 85.346145170050534, 28.303312838977174 ], [ 85.346119859525515, 28.303347767521736 ], [ 85.346090391374005, 28.303391054914705 ], [ 85.346062552027163, 28.303434667526407 ], [ 85.346026462453523, 28.303496686803882 ], [ 85.346004755069032, 28.303537823291848 ], [ 85.345983671533801, 28.303580633044827 ], [ 85.345956243289635, 28.303640509714501 ], [ 85.345941289742854, 28.303675185222943 ], [ 85.34592350463447, 28.303719118182471 ], [ 85.345904632049397, 28.303770852004057 ], [ 85.345894679102329, 28.303794010984831 ], [ 85.345883822406535, 28.303821360874931 ], [ 85.345845732612204, 28.303944605898664 ], [ 85.345838467236348, 28.303976967464632 ], [ 85.345824289229768, 28.304060320004808 ], [ 85.345820557979948, 28.304092361601064 ], [ 85.345817103849171, 28.304129546185518 ], [ 85.345814696595014, 28.304164229505243 ], [ 85.345806984901131, 28.304198526534858 ], [ 85.345773886017923, 28.304237859752941 ], [ 85.345735577608735, 28.304286659032623 ], [ 85.34571249340469, 28.304318235037506 ], [ 85.345674753242562, 28.304374189737523 ], [ 85.345656414203475, 28.304403755658914 ], [ 85.345613467564206, 28.304481641511298 ], [ 85.345596951344532, 28.304515647161441 ], [ 85.345563895175871, 28.304593387363393 ], [ 85.345549192747086, 28.304633470638702 ], [ 85.34554828283855, 28.304636345202457 ], [ 85.345470796123735, 28.304689601206974 ], [ 85.345452758415831, 28.304704168807707 ], [ 85.34535942002006, 28.304790224138817 ], [ 85.34535187932606, 28.304798166521831 ], [ 85.345299976345018, 28.304844673443871 ], [ 85.345277264506947, 28.304868118013957 ], [ 85.345208826093668, 28.304947213011733 ], [ 85.345179679268441, 28.30498505624422 ], [ 85.345136824837155, 28.305045733723698 ], [ 85.345117539468276, 28.30507561388416 ], [ 85.345067489248507, 28.305164098242798 ], [ 85.345050125796149, 28.305199524877366 ], [ 85.345021306292381, 28.305265244617942 ], [ 85.345006344336042, 28.305303760676246 ], [ 85.344995024552105, 28.305334703505778 ], [ 85.344982759295206, 28.305370414588534 ], [ 85.344947429228185, 28.305425693532992 ], [ 85.344930970640974, 28.305454108015528 ], [ 85.344870676029075, 28.305581313994743 ], [ 85.344859394528072, 28.30561137329417 ], [ 85.344833096092017, 28.305696256237177 ], [ 85.344803909851834, 28.305759009981781 ], [ 85.344794540634169, 28.305782987182091 ], [ 85.344747028915918, 28.305961746185538 ], [ 85.344743015935435, 28.305989103148757 ], [ 85.344735192929704, 28.306137804320027 ], [ 85.344736483139656, 28.306169466352575 ], [ 85.34474640375845, 28.306266621289868 ], [ 85.34475155192473, 28.306297997995898 ], [ 85.344759799916829, 28.306340948794134 ], [ 85.34477578880886, 28.306413552956258 ], [ 85.344792605127751, 28.306491801337117 ], [ 85.344805237296086, 28.306542567354889 ], [ 85.344827698541295, 28.306621883504274 ], [ 85.344843758543831, 28.30667233388569 ], [ 85.344871127394626, 28.306749633836329 ], [ 85.344891082224478, 28.306800601996894 ], [ 85.344923006052525, 28.30687488603219 ], [ 85.344954233802724, 28.306939490908707 ], [ 85.344959158333921, 28.306988809277438 ], [ 85.344959535404925, 28.306994304270916 ], [ 85.344957261582579, 28.307006241244505 ], [ 85.34494133643463, 28.307028729276304 ], [ 85.344929327510869, 28.30704694552319 ], [ 85.344868679404357, 28.307154930552525 ], [ 85.344856912865737, 28.307179949019602 ], [ 85.344833521205317, 28.307237817134677 ], [ 85.344829429468135, 28.307243919813999 ], [ 85.344773363029887, 28.30734029895223 ], [ 85.344744267383248, 28.307398688546613 ], [ 85.344714827706781, 28.307464680607829 ], [ 85.344689389786438, 28.307528996915831 ], [ 85.344668462288936, 28.307588403105946 ], [ 85.344646718208111, 28.307658553615198 ], [ 85.344632182955195, 28.307711712111097 ], [ 85.344614169191146, 28.307787580847936 ], [ 85.344601551864884, 28.307852366152076 ], [ 85.344596995258371, 28.30788222359773 ], [ 85.344589456408713, 28.307951908512518 ], [ 85.344587283440163, 28.307985815418405 ], [ 85.344585733369655, 28.308048634520187 ], [ 85.34458606052506, 28.308070923435711 ], [ 85.344569311446847, 28.308114966549152 ], [ 85.344557463010474, 28.308152175595456 ], [ 85.344542011448965, 28.308207286306651 ], [ 85.344532384182443, 28.308246919278972 ], [ 85.344521860246573, 28.308297114291804 ], [ 85.344514359585446, 28.308339549086195 ], [ 85.344507787996051, 28.308383900646025 ], [ 85.344502279903054, 28.308429891013578 ], [ 85.344497917173854, 28.308479154400597 ], [ 85.344492635671529, 28.308571025100143 ], [ 85.344491396685669, 28.308605705654568 ], [ 85.344488768790498, 28.308793543002789 ], [ 85.344486091932552, 28.308919465908513 ], [ 85.344486258903075, 28.308959990830186 ], [ 85.344488995172881, 28.309052747546193 ], [ 85.344493822658464, 28.309119995304048 ], [ 85.344510070219499, 28.309262175896198 ], [ 85.344510802121633, 28.309275132476934 ], [ 85.344510983424229, 28.309301602705357 ], [ 85.34450281719198, 28.309547462075042 ], [ 85.344502567248597, 28.309591406397214 ], [ 85.344503831880786, 28.309649340205699 ], [ 85.344505782791686, 28.309690359843074 ], [ 85.344509640657662, 28.30974296076511 ], [ 85.344512020859739, 28.309769397830276 ], [ 85.344523139630112, 28.309873539926084 ], [ 85.344532717020016, 28.309938197236185 ], [ 85.34454516931136, 28.310003777187369 ], [ 85.34456596141608, 28.310088274375996 ], [ 85.344582553504381, 28.310142953844792 ], [ 85.344584898299843, 28.310149817670649 ], [ 85.344580165908852, 28.310189686529423 ], [ 85.344577136616579, 28.310232920095583 ], [ 85.344575264766775, 28.31027726538737 ], [ 85.344574157713211, 28.310354100123362 ], [ 85.344573058077017, 28.310363623021217 ], [ 85.34454944600958, 28.310501268322874 ], [ 85.344541588772074, 28.310559971574786 ], [ 85.344534756399597, 28.310630815505945 ], [ 85.344531626667475, 28.31067754225192 ], [ 85.34452880368363, 28.310752613749592 ], [ 85.344521917189198, 28.310775876650631 ], [ 85.344503517388148, 28.310850926062678 ], [ 85.344496620142323, 28.310886253003403 ], [ 85.344487807394515, 28.310941533914036 ], [ 85.344483216681652, 28.310978583690304 ], [ 85.344478524639484, 28.311029951074403 ], [ 85.344476240674908, 28.311068710152369 ], [ 85.344474857140554, 28.311116201087493 ], [ 85.344474882220581, 28.311156653250787 ], [ 85.344476105068026, 28.311200341616587 ], [ 85.344478438486036, 28.311242467002213 ], [ 85.344481671493156, 28.311282554851321 ], [ 85.344486312402609, 28.311326342619164 ], [ 85.344493881206205, 28.311380248409801 ], [ 85.344510079151391, 28.311472761377455 ], [ 85.344522756977199, 28.311532010814876 ], [ 85.344540160139175, 28.311600702098897 ], [ 85.34456028980172, 28.311667911280367 ], [ 85.344580601663438, 28.311726512018033 ], [ 85.344612654521171, 28.311805636957249 ], [ 85.34462506632309, 28.311832296955519 ], [ 85.344647502930712, 28.311875386091874 ], [ 85.344599381959029, 28.311912392665167 ], [ 85.344589607165446, 28.311921230306712 ], [ 85.344465339323222, 28.312057975742022 ], [ 85.344447465902689, 28.312082122263092 ], [ 85.344408375580471, 28.312145307618177 ], [ 85.344383703489143, 28.312165515716305 ], [ 85.344376676152876, 28.312172957144309 ], [ 85.344262339314042, 28.312322095856135 ], [ 85.344243809639423, 28.312352392906689 ], [ 85.344225402772523, 28.312385333814735 ], [ 85.344195303200237, 28.312419938532624 ], [ 85.344179273660515, 28.312441041662161 ], [ 85.344137056854279, 28.312501656003434 ], [ 85.344122852188576, 28.312523977053257 ], [ 85.344086033161076, 28.312587604098994 ], [ 85.344074007708912, 28.312610586028551 ], [ 85.344041950310213, 28.312679102713947 ], [ 85.344032350041644, 28.312702272000866 ], [ 85.34400409538577, 28.312781594542169 ], [ 85.343996632253521, 28.312806495445606 ], [ 85.343979866939847, 28.312872254779816 ], [ 85.343973186083034, 28.312903927453849 ], [ 85.343961786762648, 28.312972457082463 ], [ 85.343959465169704, 28.312991447765043 ], [ 85.34395368744309, 28.313073671246631 ], [ 85.343953288431095, 28.3130951445163 ], [ 85.343954226600005, 28.313136386222371 ], [ 85.34394167037857, 28.313192595956476 ], [ 85.343936237948029, 28.313227807056553 ], [ 85.343929210221006, 28.313288707280659 ], [ 85.343926594908353, 28.313322769415571 ], [ 85.343924270988524, 28.313389860332634 ], [ 85.343924510786678, 28.313422230671449 ], [ 85.343928603734682, 28.313497302291555 ], [ 85.343931695388804, 28.313527664927129 ], [ 85.343942600571651, 28.313600991784234 ], [ 85.343947707061616, 28.313627028918606 ], [ 85.343962151849382, 28.313688076001867 ], [ 85.343969473366116, 28.313714440540846 ], [ 85.343987896234722, 28.313772371802827 ], [ 85.343997272491151, 28.313798483311011 ], [ 85.344020074712475, 28.313855327519562 ], [ 85.344031271074542, 28.313880533363282 ], [ 85.344058796111725, 28.313936804764737 ], [ 85.344075243682099, 28.313967522594922 ], [ 85.344111444821863, 28.314028925806134 ], [ 85.344128799506635, 28.314055794732575 ], [ 85.344180020630631, 28.314127121724127 ], [ 85.344198139034049, 28.314149918896746 ], [ 85.344271752365472, 28.314231970070111 ], [ 85.344290549430383, 28.314250590667903 ], [ 85.344402312763776, 28.31434565298758 ], [ 85.344433260632428, 28.314368233957694 ], [ 85.344564345807484, 28.314449475795186 ], [ 85.344599891512701, 28.314468008028207 ], [ 85.344742145857936, 28.314529546974569 ], [ 85.344779788505576, 28.314542734843759 ], [ 85.344943933369805, 28.314586524797164 ], [ 85.344981232539809, 28.314593512923295 ], [ 85.345122271041049, 28.314610941940849 ], [ 85.345151814352676, 28.314612745077763 ], [ 85.34531469659963, 28.314611145126094 ], [ 85.345337013339289, 28.314609341828191 ], [ 85.345606977488416, 28.314554071110152 ], [ 85.345631348315962, 28.314545863399665 ], [ 85.345861068451953, 28.314436965448479 ], [ 85.345886067525129, 28.314421174547672 ], [ 85.346023388969996, 28.314316991810987 ], [ 85.346049173386476, 28.31429361332064 ], [ 85.346126841469712, 28.314214476868564 ], [ 85.346155405304842, 28.314181707442682 ], [ 85.34620464233835, 28.314120049723829 ], [ 85.346218599565205, 28.31410092113839 ], [ 85.346257626023259, 28.314042761400462 ], [ 85.346271955796098, 28.314019458840782 ], [ 85.346307427707757, 28.313955959535917 ], [ 85.346323348662224, 28.313924397802136 ], [ 85.346357234554986, 28.313848083719002 ], [ 85.346370557183562, 28.313813546602539 ], [ 85.34639444412791, 28.313742102510176 ], [ 85.346404937005474, 28.31370517923672 ], [ 85.346421197822337, 28.313636895899339 ], [ 85.346428605391949, 28.31359848314726 ], [ 85.346441351581532, 28.31350006302478 ], [ 85.346444982689263, 28.313445840890179 ], [ 85.346445282817072, 28.313410979280977 ], [ 85.346523598252915, 28.31335626267952 ], [ 85.346552732976136, 28.313332513143088 ], [ 85.34666813463555, 28.313221260930213 ], [ 85.346701135175536, 28.313183544481145 ], [ 85.346797920958977, 28.313050194734249 ], [ 85.346816539785507, 28.313018777520821 ], [ 85.346869720676708, 28.312913067418499 ], [ 85.346884184823992, 28.312878506523855 ], [ 85.346942611710318, 28.312815900848008 ], [ 85.346950895399516, 28.312800936083974 ], [ 85.346960602388421, 28.312776523706475 ], [ 85.347028633854464, 28.31267343642849 ], [ 85.347038024770555, 28.31265637687514 ], [ 85.347112323267666, 28.312473730852972 ], [ 85.347116894028531, 28.312457041590395 ], [ 85.347143720671255, 28.312299040203033 ], [ 85.347145242329049, 28.312276807976097 ], [ 85.347145161524594, 28.31225336750337 ], [ 85.347170113347062, 28.312162837477953 ], [ 85.347175778364317, 28.312131966348833 ], [ 85.347187510246656, 28.312035486253386 ], [ 85.347189434661175, 28.312003628532839 ], [ 85.347189366271891, 28.311906164589352 ], [ 85.34718744770494, 28.311875127609483 ], [ 85.34717384242748, 28.311769556355085 ], [ 85.347168171336762, 28.311740745470885 ], [ 85.347130405833681, 28.311608746576866 ], [ 85.347119774218285, 28.311580684234332 ], [ 85.347077898038975, 28.311487635877093 ], [ 85.347055527117078, 28.311444980827179 ], [ 85.347036031414447, 28.311409826369133 ], [ 85.347012869413604, 28.311370255434575 ], [ 85.346978054351993, 28.311315527517412 ], [ 85.346949619921915, 28.311274258318615 ], [ 85.346918232160562, 28.311231472099781 ], [ 85.34688395219618, 28.311187515790966 ], [ 85.346860054055199, 28.311158149378151 ], [ 85.346849598591717, 28.311145830215903 ], [ 85.346858307702249, 28.311133252250119 ], [ 85.346871825485508, 28.311111644552696 ], [ 85.346932179373937, 28.310996826783903 ], [ 85.34694995706171, 28.310955677822275 ], [ 85.346994876973483, 28.310821191314236 ], [ 85.347005385578569, 28.310777478794009 ], [ 85.347027127282175, 28.310620136608541 ], [ 85.34702855262617, 28.310582765903167 ], [ 85.347025192642334, 28.310473068029967 ], [ 85.34701905229204, 28.310411434549138 ], [ 85.347017111260016, 28.310393907968184 ], [ 85.347009925949905, 28.310334959344932 ], [ 85.347003528320784, 28.310292119704812 ], [ 85.346994245899509, 28.310239665200825 ], [ 85.34698925268701, 28.310215982200354 ], [ 85.346991317901924, 28.310196417697426 ], [ 85.346994313117747, 28.310163962865097 ], [ 85.34699736060027, 28.310113686747162 ], [ 85.346998357595353, 28.310079352211567 ], [ 85.346997553240271, 28.310013493504766 ], [ 85.346993559843469, 28.309938847884737 ], [ 85.346987505404229, 28.3098745098028 ], [ 85.346981267504091, 28.309828286799178 ], [ 85.346972493307277, 28.309776218752958 ], [ 85.34696321768881, 28.309730383121259 ], [ 85.3469508113009, 28.309678060260527 ], [ 85.34693867605958, 28.309633493173077 ], [ 85.346921968247301, 28.309579535890304 ], [ 85.346907184744694, 28.30953701152675 ], [ 85.346875031016197, 28.309457854173591 ], [ 85.346862414549435, 28.309430823671917 ], [ 85.346816002551762, 28.309344620034153 ], [ 85.346798411480819, 28.309315958952698 ], [ 85.346765189681179, 28.309267508722073 ], [ 85.346765239592912, 28.30924041315405 ], [ 85.346772245606331, 28.309074875470813 ], [ 85.346772826973904, 28.309055681151399 ], [ 85.346774232617037, 28.308978706639525 ], [ 85.346773899624054, 28.308936840312033 ], [ 85.346771152405026, 28.308856465485437 ], [ 85.346766719169139, 28.308795394515151 ], [ 85.346758779580398, 28.308723975281339 ], [ 85.346745732452305, 28.308643769714514 ], [ 85.346724927751794, 28.308546933747795 ], [ 85.346726346567323, 28.308529801091268 ], [ 85.34673255451149, 28.308479470299211 ], [ 85.346738603508996, 28.308440444944097 ], [ 85.346738940221528, 28.308438810207843 ], [ 85.346776366114725, 28.308344491243055 ], [ 85.34679276592864, 28.308299410262546 ], [ 85.346812049971021, 28.308241207307496 ], [ 85.346832434669977, 28.308168684207942 ], [ 85.346848356291659, 28.308100015058073 ], [ 85.346857219492421, 28.30805636770112 ], [ 85.346879146416953, 28.307930725463418 ], [ 85.346886493567482, 28.307895174126848 ], [ 85.346910662238741, 28.307790935196017 ], [ 85.346919055827357, 28.30775870710179 ], [ 85.346971322957117, 28.30769294958106 ], [ 85.346986281486096, 28.307673600880506 ], [ 85.347018649894082, 28.307630542953234 ], [ 85.347048997504714, 28.307587607648056 ], [ 85.347080132691886, 28.307540678467269 ], [ 85.347119133384709, 28.307476014213957 ], [ 85.347143176132064, 28.30743192857792 ], [ 85.347157181915193, 28.307405136205823 ], [ 85.34719119139308, 28.30733718240673 ], [ 85.347224613232527, 28.307261334969503 ], [ 85.347232707377231, 28.307240194897005 ], [ 85.347260554875618, 28.307153412177989 ], [ 85.347265595636642, 28.307134071677861 ], [ 85.347267814354083, 28.307122140669463 ], [ 85.347295745186628, 28.307050602487791 ], [ 85.347308792032109, 28.307011725452341 ], [ 85.347326400762483, 28.306951791550322 ], [ 85.347337808742523, 28.306906656716436 ], [ 85.347352785331879, 28.306833297845952 ], [ 85.347360030320459, 28.30678693757093 ], [ 85.347368775458676, 28.30670056112162 ], [ 85.347371176565858, 28.306649131617831 ], [ 85.347371361912764, 28.306578829039719 ], [ 85.347368993260957, 28.306521626367942 ], [ 85.347364938489292, 28.30646777494978 ], [ 85.347357659145771, 28.306401185673497 ], [ 85.347349694607999, 28.306346083906259 ], [ 85.347343970828689, 28.306314293286917 ], [ 85.347330664133366, 28.306253771780479 ], [ 85.347321591209024, 28.306218905562702 ], [ 85.347304705050476, 28.306162437615779 ], [ 85.347270719781591, 28.306062046424806 ], [ 85.347278801490845, 28.306050423669934 ], [ 85.347279935617522, 28.306048465120206 ], [ 85.347310690587292, 28.306021034148184 ], [ 85.347324539169179, 28.306005417435411 ], [ 85.347427383835225, 28.30586407830306 ], [ 85.347464572006302, 28.305800681612432 ], [ 85.347472820718252, 28.305786306944512 ], [ 85.347509813253822, 28.305720389947616 ], [ 85.34754316734778, 28.305654455692927 ], [ 85.347581605185241, 28.305569508397863 ], [ 85.347608674831278, 28.305502046128854 ], [ 85.347628115116763, 28.30544673103536 ], [ 85.347644949611421, 28.305393038189944 ], [ 85.34766832618017, 28.305308420419134 ], [ 85.347670400808909, 28.30530390623267 ], [ 85.347697172779732, 28.305269994507654 ], [ 85.347725319870946, 28.305232371181646 ], [ 85.347769854993132, 28.305169481175902 ], [ 85.347797312566513, 28.305128323400872 ], [ 85.347821619625606, 28.305089579887369 ], [ 85.347864414041339, 28.30501304617766 ], [ 85.347882903597394, 28.30497562205657 ], [ 85.347927441202771, 28.304867011311572 ], [ 85.347939112941347, 28.30483163180908 ], [ 85.347951136202568, 28.304781632747975 ], [ 85.347975810788654, 28.304732669525556 ], [ 85.347985046617978, 28.304712322953318 ], [ 85.348016475751592, 28.304632452600728 ], [ 85.348022771163031, 28.304613661512523 ], [ 85.348044364866723, 28.304537056780511 ], [ 85.348051031067271, 28.304508060402995 ], [ 85.348059807542981, 28.304462756541799 ], [ 85.348059838264035, 28.304462708540584 ], [ 85.348171978891031, 28.304296301016048 ], [ 85.348192199909604, 28.304264880347525 ], [ 85.348225811957121, 28.304210129223055 ], [ 85.348246052251937, 28.304175386111428 ], [ 85.348273844166954, 28.304125031827205 ], [ 85.348302394132546, 28.304068457689674 ], [ 85.348337248514909, 28.303992487974231 ], [ 85.348357087040029, 28.303945548083771 ], [ 85.348402562776045, 28.30382810832246 ], [ 85.348419399568215, 28.303809162914654 ], [ 85.348492091225495, 28.303715854477339 ], [ 85.348508084245012, 28.303692283826749 ], [ 85.348589246282287, 28.303543188373762 ], [ 85.348599043522412, 28.303519950672896 ], [ 85.348600738384462, 28.303514119665703 ], [ 85.348613618106882, 28.303499310082184 ], [ 85.348640957368104, 28.303464771642663 ], [ 85.348685808626087, 28.303402890203586 ], [ 85.348749794775131, 28.303306151096994 ], [ 85.34876878402369, 28.303276144417136 ], [ 85.348773791114965, 28.303267866054558 ], [ 85.348847745224688, 28.303112068933366 ], [ 85.348884076326016, 28.303009559571255 ], [ 85.348912452160732, 28.302909966274658 ], [ 85.348912769712427, 28.302908505658085 ], [ 85.349056767115044, 28.302749474594766 ], [ 85.349165859147845, 28.302521026280335 ], [ 85.349180206057667, 28.302473678688241 ], [ 85.349193188326069, 28.302425609842029 ], [ 85.349204183354672, 28.30237932815254 ], [ 85.349215352918378, 28.302323722140613 ], [ 85.349220191458315, 28.302294322733371 ], [ 85.349227267823409, 28.302239711119473 ], [ 85.34922882189089, 28.302223320259511 ], [ 85.349248667491096, 28.302184974630695 ], [ 85.349257079180006, 28.302166329091364 ], [ 85.349292834772555, 28.302072390178804 ], [ 85.349299027141669, 28.302052586085331 ], [ 85.349321935503795, 28.301961068298368 ], [ 85.349325897751868, 28.301940145231377 ], [ 85.349337490481759, 28.301853288199201 ], [ 85.34933921070467, 28.301831291140132 ], [ 85.349341437040749, 28.301750793806793 ], [ 85.349340912537613, 28.301727766042749 ], [ 85.349335845646252, 28.301654287292898 ], [ 85.349333078367408, 28.301630301046124 ], [ 85.34931574281012, 28.301532982872178 ], [ 85.349303511954361, 28.301482439452776 ], [ 85.349292572062168, 28.301447884768816 ], [ 85.349315735291157, 28.301367880313801 ], [ 85.349320061308148, 28.301352368686167 ], [ 85.34934895308956, 28.301244683696492 ], [ 85.349358187746887, 28.301206631910773 ], [ 85.349381397500792, 28.301099825808315 ], [ 85.349383738664514, 28.301087275678753 ], [ 85.349392515201046, 28.301061467833652 ], [ 85.349406733442862, 28.301015247288301 ], [ 85.349417831084992, 28.300974983656893 ], [ 85.349428725289712, 28.300930644390245 ], [ 85.349437953792332, 28.30088794040492 ], [ 85.349445584365284, 28.300847726359475 ], [ 85.349453043483152, 28.300802131083614 ], [ 85.349458026012215, 28.300766762123697 ], [ 85.349463867390142, 28.300717369494187 ], [ 85.349467415966757, 28.300679799367906 ], [ 85.349473898628887, 28.300588132283821 ], [ 85.349475269712812, 28.300563231320098 ], [ 85.34948294897508, 28.300368464749816 ], [ 85.349487778439453, 28.300314206780769 ], [ 85.349509243562409, 28.300263754375539 ], [ 85.34953232624477, 28.3002030499181 ], [ 85.349546025406084, 28.300162291574537 ], [ 85.349575449385981, 28.30004808347633 ], [ 85.349585373611177, 28.299993391182287 ], [ 85.349597196132152, 28.299891770811509 ], [ 85.349600438897511, 28.299829387099262 ], [ 85.349600907846607, 28.299756744361748 ], [ 85.349598284199416, 28.299689556201916 ], [ 85.349595867226824, 28.299651260633976 ], [ 85.349585321661834, 28.299530370130292 ], [ 85.349584615960268, 28.299522705838012 ], [ 85.34957841478213, 28.299458726068664 ], [ 85.349575343566343, 28.299431790080785 ], [ 85.349566890049402, 28.299367342667967 ], [ 85.34956297672548, 28.299340920479885 ], [ 85.349552308986219, 28.299276310923133 ], [ 85.349547566896632, 28.299250258298756 ], [ 85.349534743008974, 28.299185820315756 ], [ 85.349525610174695, 28.299145365581619 ], [ 85.34951460317744, 28.299101814963123 ], [ 85.349501155984001, 28.299054621751072 ], [ 85.349485932113296, 28.299006684619215 ], [ 85.349472997169883, 28.298969113551006 ], [ 85.349423931857089, 28.298836981651238 ], [ 85.349428183946884, 28.298767929782603 ], [ 85.349429683842615, 28.298723020433489 ], [ 85.349429996381573, 28.298663594823282 ], [ 85.349429362305059, 28.298647108905264 ], [ 85.349431144515023, 28.298644871900603 ], [ 85.349444611457457, 28.298626678229191 ], [ 85.349486066151613, 28.298564513840688 ], [ 85.349512273513511, 28.298546386116932 ], [ 85.349528194023563, 28.298532136168319 ], [ 85.349662969241635, 28.298382690028845 ], [ 85.34967664309444, 28.298363703745736 ], [ 85.349754038282754, 28.298234083392618 ], [ 85.349765636296922, 28.298210128204399 ], [ 85.349805162258747, 28.298113682500919 ], [ 85.349813908810503, 28.298087843651448 ], [ 85.349833767584443, 28.298019585882511 ], [ 85.349841351431721, 28.297988545504261 ], [ 85.349852971158157, 28.297932464794535 ], [ 85.349872532170593, 28.297817734842518 ], [ 85.349875487431518, 28.297799084293999 ], [ 85.349884956224059, 28.297734429351522 ], [ 85.349892593206889, 28.297654654718819 ], [ 85.349895758266783, 28.297584929237967 ], [ 85.349895850893816, 28.29751457874174 ], [ 85.349892679317776, 28.297440396917281 ], [ 85.349887507477135, 28.297377571044475 ], [ 85.349878043207411, 28.29730005158379 ], [ 85.3498669086961, 28.297232727860351 ], [ 85.349858594073581, 28.2971929767678 ], [ 85.349848808822486, 28.297151627109344 ], [ 85.349827831511519, 28.297072287154808 ], [ 85.349823206039986, 28.297045859787932 ], [ 85.349817992756883, 28.297003109415442 ], [ 85.349814679045224, 28.296956804651568 ], [ 85.349813522026679, 28.296907370244369 ], [ 85.349814722630057, 28.296855238204433 ], [ 85.349818418159003, 28.29680104535878 ], [ 85.349824676429591, 28.296745425167362 ], [ 85.34983414498052, 28.296684916492381 ], [ 85.349834584733102, 28.296682597913982 ], [ 85.349851489749966, 28.296653526602999 ], [ 85.34986818743991, 28.296623452471291 ], [ 85.349887520266549, 28.296586934330499 ], [ 85.349912963017417, 28.296533623439252 ], [ 85.349934837697091, 28.296497465780554 ], [ 85.349969578140474, 28.296434239403236 ], [ 85.349984634298764, 28.296403884957595 ], [ 85.350015889182927, 28.296332865823072 ], [ 85.350028712738293, 28.296299642468639 ], [ 85.35005060417889, 28.296235155050919 ], [ 85.350061280130348, 28.296198840904118 ], [ 85.350075775684061, 28.296142084744798 ], [ 85.350084437296005, 28.296102237396227 ], [ 85.350093233358976, 28.296055068561937 ], [ 85.35009970514983, 28.29601354590995 ], [ 85.350104679381062, 28.295975766167437 ], [ 85.350109701262966, 28.295929087252308 ], [ 85.35011286771558, 28.295891233046707 ], [ 85.350120905246783, 28.295756801518085 ], [ 85.350121819679131, 28.295737657362217 ], [ 85.350124549125468, 28.295661319507623 ], [ 85.350125025405873, 28.295625420508589 ], [ 85.350125017401709, 28.295624551320476 ], [ 85.350062761306177, 28.295321316965165 ], [ 85.349991775649372, 28.295212334071891 ], [ 85.350001568915602, 28.295112496541773 ], [ 85.349932378120087, 28.294841631072881 ], [ 85.349773411456752, 28.294602213440609 ], [ 85.349761193404191, 28.294588997798719 ], [ 85.349710486394457, 28.294538172960404 ], [ 85.349682217233649, 28.294511897487542 ], [ 85.349633500877545, 28.29446955141924 ], [ 85.349622484486304, 28.294460596926722 ], [ 85.349599902959255, 28.294364997260011 ], [ 85.349583195358406, 28.294310894475217 ], [ 85.349560899810712, 28.294247863736839 ], [ 85.349528432823178, 28.294166631487975 ], [ 85.349526578283232, 28.294128714336701 ], [ 85.349523635142575, 28.2940932265962 ], [ 85.349523822353063, 28.294076514868767 ], [ 85.349526105902456, 28.294028090763394 ], [ 85.349546626321953, 28.293773799186898 ], [ 85.349547886820162, 28.293755590307892 ], [ 85.34955398438197, 28.293650040075768 ], [ 85.349555288284037, 28.293610436277259 ], [ 85.349556157295225, 28.293503300347133 ], [ 85.34955458791562, 28.293446352814389 ], [ 85.349548548092741, 28.293350913479649 ], [ 85.349546986174104, 28.293330414813379 ], [ 85.349529567904142, 28.293134978138145 ], [ 85.349526917591106, 28.293109759863004 ], [ 85.349516097602688, 28.293020420382295 ], [ 85.349507961886772, 28.292967869694884 ], [ 85.349491447242471, 28.292880395391922 ], [ 85.349479065037499, 28.292825385992572 ], [ 85.349468807729963, 28.292786212436159 ], [ 85.349456664878247, 28.292744409802534 ], [ 85.349444917591484, 28.292707638692466 ], [ 85.349439774288186, 28.292692074555958 ], [ 85.349379357582194, 28.292515164042651 ], [ 85.349359280737147, 28.292462326209137 ], [ 85.349336905511549, 28.292408955375503 ], [ 85.34932635955262, 28.292386299361745 ], [ 85.34932138244919, 28.292346421799238 ], [ 85.349314434428294, 28.292303375975155 ], [ 85.349302070638061, 28.292242002379194 ], [ 85.349292230978776, 28.292201341151785 ], [ 85.349273136919919, 28.292134878572991 ], [ 85.349260487980246, 28.292096947685209 ], [ 85.349232363712886, 28.292024185336906 ], [ 85.349218514795993, 28.291992791967118 ], [ 85.349187458166909, 28.291929621398534 ], [ 85.349168978474438, 28.291895640567883 ], [ 85.349133513865624, 28.291836199721327 ], [ 85.349076158060825, 28.291748172792779 ], [ 85.348979803409193, 28.291592367677275 ], [ 85.348970072157428, 28.291576990723328 ], [ 85.348935304264288, 28.291523288572773 ], [ 85.348910298205112, 28.29148670201576 ], [ 85.348868502488884, 28.29142869936323 ], [ 85.348824576291506, 28.291372546655737 ], [ 85.348784669897611, 28.291325446265471 ], [ 85.348735625053678, 28.291271943861535 ], [ 85.348713425003766, 28.29124953203922 ], [ 85.348667867501874, 28.291206465419677 ], [ 85.348645663747405, 28.291186805214114 ], [ 85.348589757505948, 28.291140875721982 ], [ 85.348567443410872, 28.291123873788393 ], [ 85.348501891111894, 28.291078055558192 ], [ 85.34851931612198, 28.290712058312735 ], [ 85.348519527346767, 28.290640797976248 ], [ 85.34851024456735, 28.290418052410658 ], [ 85.348500866352367, 28.290061804095611 ], [ 85.348465655884809, 28.289846805889578 ], [ 85.348454958470697, 28.289811862473275 ], [ 85.348524457992539, 28.289714562250069 ], [ 85.348569177303631, 28.28967672257594 ], [ 85.34861751141824, 28.289655576254187 ], [ 85.348957096551899, 28.289593203073228 ], [ 85.349214943030674, 28.289512697077551 ], [ 85.349439343557677, 28.289374426934906 ], [ 85.349591921993536, 28.289250457789159 ], [ 85.349776113686048, 28.289050840411537 ], [ 85.349889042082026, 28.288813275343855 ], [ 85.349898417710435, 28.288739279996996 ], [ 85.350068546705842, 28.288689887768239 ], [ 85.350100944205209, 28.288680509668701 ], [ 85.350248189698789, 28.288697525885475 ], [ 85.350269512819168, 28.288698180606701 ], [ 85.350428295622592, 28.288692083248694 ], [ 85.350452057219997, 28.288689517554722 ], [ 85.350566654632161, 28.288671212965642 ], [ 85.350589867511118, 28.288666278817779 ], [ 85.350668938987496, 28.288646455877181 ], [ 85.350695311382168, 28.28863881542048 ], [ 85.350757508630835, 28.288618795192495 ], [ 85.350855306169862, 28.288584094525135 ], [ 85.350881087505925, 28.28857458181891 ], [ 85.350944834638497, 28.288550148031153 ], [ 85.351022877874982, 28.288516676736219 ], [ 85.351111709429318, 28.28847435802918 ], [ 85.351140091470583, 28.288460315702363 ], [ 85.351200806204659, 28.288429141518687 ], [ 85.351233716876067, 28.288411500508143 ], [ 85.351292244025672, 28.288378776473373 ], [ 85.351325379391255, 28.288359440760004 ], [ 85.351381489647778, 28.28832529316449 ], [ 85.351414872076205, 28.288304087846218 ], [ 85.351468386345019, 28.288268626439809 ], [ 85.351510483072758, 28.28823916920868 ], [ 85.351558298675386, 28.288203860976999 ], [ 85.35160013638027, 28.288171207960122 ], [ 85.351651448815772, 28.288128896210928 ], [ 85.351685851257699, 28.288099156336134 ], [ 85.351711106622147, 28.288076269064735 ], [ 85.351721794478834, 28.288074720632469 ], [ 85.351822462238985, 28.288055469773049 ], [ 85.35185658461009, 28.288047327892695 ], [ 85.351999455681934, 28.288002928207593 ], [ 85.352028530121473, 28.287991682180614 ], [ 85.352106777275921, 28.287954978828481 ], [ 85.352164563110719, 28.287942742688188 ], [ 85.35219268377206, 28.287936412320526 ], [ 85.352222045622938, 28.28792940724621 ], [ 85.352296392048444, 28.287922364160796 ], [ 85.352391463072507, 28.28792043206801 ], [ 85.352431149309609, 28.287918940351343 ], [ 85.352541661038046, 28.287912875167677 ], [ 85.35254654958824, 28.287912596438929 ], [ 85.352557818136603, 28.287911929815174 ], [ 85.352721041301407, 28.28791751409555 ], [ 85.352775085273962, 28.287918093864327 ], [ 85.352806696012209, 28.287917691116441 ], [ 85.352854227922663, 28.287929376160655 ], [ 85.352874145918634, 28.287934081290963 ], [ 85.352909063995313, 28.287941995825904 ], [ 85.352978171865374, 28.287955416377503 ], [ 85.353014922581266, 28.287961378354005 ], [ 85.353079275623671, 28.287969948947705 ], [ 85.353118189501942, 28.287974011986712 ], [ 85.353176075992693, 28.287978579454691 ], [ 85.353217775947115, 28.287980811533089 ], [ 85.353285228837407, 28.287982441762409 ], [ 85.353370968670234, 28.287982001074369 ], [ 85.353424893720756, 28.287980460027615 ], [ 85.353571314482579, 28.28797283848624 ], [ 85.353706842840936, 28.288021385459558 ], [ 85.353728409422445, 28.288028859402942 ], [ 85.353794853690744, 28.288051118860157 ], [ 85.35384280400325, 28.288065984454033 ], [ 85.353913518494423, 28.288086170885094 ], [ 85.353986101346493, 28.288104296144969 ], [ 85.354050116612257, 28.288118041034416 ], [ 85.354120750330537, 28.288130884128083 ], [ 85.354225425823842, 28.288146524203921 ], [ 85.354279351560635, 28.288153275585884 ], [ 85.354386828759161, 28.288164148085233 ], [ 85.354439168372252, 28.288168236368268 ], [ 85.354548996301673, 28.288174295236672 ], [ 85.354599852826141, 28.288175974271105 ], [ 85.354711513961092, 28.288177191606202 ], [ 85.354761102041849, 28.288176664333093 ], [ 85.354874111240193, 28.288173027966955 ], [ 85.354922607018068, 28.288170442081984 ], [ 85.355036262504782, 28.288161971533327 ], [ 85.355083942328861, 28.288157416013913 ], [ 85.355197586778843, 28.288144157511823 ], [ 85.355244663843379, 28.288137671207821 ], [ 85.355357575060168, 28.288119712619547 ], [ 85.35541084776662, 28.288109933888457 ], [ 85.355450377026941, 28.288101698288088 ], [ 85.355501135527263, 28.288089894657077 ], [ 85.355544895343854, 28.288078645138718 ], [ 85.355584042476934, 28.288067821080777 ], [ 85.355700941025006, 28.288033199258734 ], [ 85.355751946484702, 28.288032588786265 ], [ 85.355808925768827, 28.288030494793233 ], [ 85.355867893361449, 28.288026862965825 ], [ 85.355943635068414, 28.288019672691668 ], [ 85.356014976421932, 28.288010502318482 ], [ 85.356065431995702, 28.288002867108581 ], [ 85.35613822007231, 28.287990179953912 ], [ 85.35618537498847, 28.287980928500957 ], [ 85.356259594471993, 28.287964725280936 ], [ 85.356303447612731, 28.287954228679958 ], [ 85.356379080059824, 28.287934514585629 ], [ 85.356419770200773, 28.287923083614665 ], [ 85.356496798215375, 28.287899862044735 ], [ 85.356534450249939, 28.287887775456522 ], [ 85.356612858447193, 28.28786105163892 ], [ 85.356647638354715, 28.287848541931485 ], [ 85.35672741030281, 28.287818322886505 ], [ 85.356759555175572, 28.287805559607367 ], [ 85.35684067860339, 28.287771846990431 ], [ 85.35684462276204, 28.287770198772126 ], [ 85.356982942551141, 28.287712076199991 ], [ 85.357030696311455, 28.287690631939409 ], [ 85.357058466105585, 28.287677338620664 ], [ 85.357099594282957, 28.287672002958011 ], [ 85.357404752552512, 28.287624322732029 ], [ 85.357472115645095, 28.287611707312301 ], [ 85.357733480965166, 28.287554533441199 ], [ 85.358175248420125, 28.287493898042101 ], [ 85.358240464571054, 28.287483011578587 ], [ 85.358869851024139, 28.287359041825194 ], [ 85.358884294917701, 28.287356099044363 ], [ 85.359246668895949, 28.287279810275407 ], [ 85.359340280719152, 28.28725586534582 ], [ 85.359707111295506, 28.28714496337308 ], [ 85.359961075987684, 28.28709005175174 ], [ 85.360078948769782, 28.287076451483699 ], [ 85.360623747702888, 28.287084832717738 ], [ 85.360787249184838, 28.287075693627919 ], [ 85.361607359366346, 28.286970795770912 ], [ 85.361749744957791, 28.286943265595877 ], [ 85.361941206221303, 28.286893318958576 ], [ 85.362318415199653, 28.286815275950854 ], [ 85.362969502713781, 28.286853130363895 ], [ 85.36348580306192, 28.286899228752716 ], [ 85.363793223246532, 28.286885330114607 ], [ 85.363798152580287, 28.286884433896649 ], [ 85.363823378999072, 28.286896351455358 ], [ 85.363854160082809, 28.2869126707558 ], [ 85.363921845307829, 28.286950666585547 ], [ 85.363967122740078, 28.286974652182721 ], [ 85.36403148784899, 28.287006776666011 ], [ 85.364091940392811, 28.287034633310906 ], [ 85.36417674416704, 28.287070574634036 ], [ 85.364241150950349, 28.287095493155476 ], [ 85.364325644013931, 28.287125155668573 ], [ 85.364397057711869, 28.287147545709729 ], [ 85.36448027151873, 28.28717059291241 ], [ 85.364560072982769, 28.287189588539871 ], [ 85.364641328257434, 28.28720583540726 ], [ 85.364722599879556, 28.287219046543548 ], [ 85.364795527655332, 28.287228214653037 ], [ 85.364868031454833, 28.28723499850814 ], [ 85.36494383067533, 28.28723967223883 ], [ 85.365012838879935, 28.287241852083948 ], [ 85.36509062948862, 28.287241975768143 ], [ 85.36515720735585, 28.287240155313977 ], [ 85.365235847498298, 28.287235725204273 ], [ 85.365312585751909, 28.287228813993501 ], [ 85.365355578971489, 28.287223480552651 ], [ 85.365431362962468, 28.287211480904137 ], [ 85.365478643244003, 28.287202351435511 ], [ 85.365550294405438, 28.287186084831959 ], [ 85.36569810427909, 28.287147418090075 ], [ 85.365713504915036, 28.287144282699874 ], [ 85.365770444988556, 28.287135791100809 ], [ 85.365813184112582, 28.287146115711899 ], [ 85.365827997523937, 28.287157329702541 ], [ 85.365889971801636, 28.287200680999792 ], [ 85.365915078426099, 28.287216885100019 ], [ 85.365990795138416, 28.287261319270325 ], [ 85.366051578510707, 28.287293634608535 ], [ 85.366123133251406, 28.287328306507689 ], [ 85.366190519760963, 28.287357921131701 ], [ 85.366255713291665, 28.287384088242593 ], [ 85.366330270924394, 28.287411262533642 ], [ 85.366387406946629, 28.287430336371674 ], [ 85.366470763992282, 28.28745566648508 ], [ 85.366521490490982, 28.287469783114645 ], [ 85.366578519893565, 28.287484218342978 ], [ 85.366621634561184, 28.287494234306315 ], [ 85.36668857495566, 28.287508408095494 ], [ 85.366736029631127, 28.287517404591718 ], [ 85.366811734305003, 28.287530096576319 ], [ 85.366871269048318, 28.287538471928166 ], [ 85.366950377060675, 28.287547487190878 ], [ 85.367005982969033, 28.2875524568868 ], [ 85.367088868854609, 28.287557837804098 ], [ 85.367139845734783, 28.287560013307782 ], [ 85.367227133827953, 28.287561801632265 ], [ 85.367272635894537, 28.287561834724656 ], [ 85.367363849009536, 28.287560098746486 ], [ 85.367403511326287, 28.287558659595387 ], [ 85.367501376472617, 28.287553417470566 ], [ 85.367534805634648, 28.287551137909077 ], [ 85.367641332504434, 28.28754231166727 ], [ 85.367667621278557, 28.287539828758426 ], [ 85.367790849927047, 28.287526757298256 ], [ 85.367795712650604, 28.287526230972187 ], [ 85.36781756233286, 28.287523818974378 ], [ 85.367911492661761, 28.28753595603553 ], [ 85.368628489007321, 28.287628601492003 ], [ 85.368877149481833, 28.287633588494582 ], [ 85.369415215400394, 28.287585972170135 ], [ 85.369954730329667, 28.287538227600908 ], [ 85.370273113777898, 28.287462642165504 ], [ 85.371036005128857, 28.287157484846801 ], [ 85.371089376417942, 28.287134456535597 ], [ 85.372284995281589, 28.286579861891209 ], [ 85.372652995509384, 28.28640916305017 ], [ 85.372662298319526, 28.286405288338631 ], [ 85.372850017766169, 28.286339573505447 ], [ 85.372911750165102, 28.286318461068507 ], [ 85.372971618923586, 28.286300788078847 ], [ 85.373050292510712, 28.286280176155426 ], [ 85.373326420163423, 28.286212097669591 ], [ 85.373355222213647, 28.286204590366665 ], [ 85.373440563606991, 28.28618113140725 ], [ 85.373471716327458, 28.286172079219334 ], [ 85.37354721520957, 28.286148944271719 ], [ 85.37358925073238, 28.28613513983775 ], [ 85.373674375234543, 28.286105284001682 ], [ 85.373727827985249, 28.286084955844004 ], [ 85.373805283478134, 28.286053152167515 ], [ 85.373863874342959, 28.286027034840284 ], [ 85.373935201793387, 28.285992650091291 ], [ 85.3739968979758, 28.285960369031983 ], [ 85.374062850350896, 28.285923031338253 ], [ 85.374128240417051, 28.285882740645722 ], [ 85.374176094549711, 28.285850726894012 ], [ 85.37423146633013, 28.285810914589813 ], [ 85.374282738644538, 28.285771335304315 ], [ 85.374328874105771, 28.28573343944888 ], [ 85.374467908637612, 28.285611953167418 ], [ 85.374573122091817, 28.285581420667882 ], [ 85.374595794228455, 28.285574579089104 ], [ 85.37465622425195, 28.285555639416625 ], [ 85.374704746734196, 28.285539188301239 ], [ 85.374766850491767, 28.285516509625957 ], [ 85.374835489521928, 28.285488770548842 ], [ 85.374889321295896, 28.28546484630408 ], [ 85.374961032373989, 28.285429712432382 ], [ 85.375017752194296, 28.285399224393718 ], [ 85.375074006601565, 28.28536669305846 ], [ 85.375134363058422, 28.285329220547197 ], [ 85.375175240696606, 28.285302471122755 ], [ 85.375240456454108, 28.285257526900217 ], [ 85.375259729677794, 28.285243909929289 ], [ 85.375428742163578, 28.285121507132107 ], [ 85.375437903534987, 28.285115565823141 ], [ 85.375441357447514, 28.285114259764896 ], [ 85.375477396397471, 28.285102797552199 ], [ 85.375654114073299, 28.285051320108032 ], [ 85.375703852455857, 28.28503555571459 ], [ 85.375799605736276, 28.285002705018833 ], [ 85.375861980490882, 28.284979164735017 ], [ 85.375908928222501, 28.284959788877909 ], [ 85.375962571427422, 28.284935923049034 ], [ 85.376005252707614, 28.284915519019997 ], [ 85.376063355746425, 28.284885509594442 ], [ 85.376102507953945, 28.284863724269279 ], [ 85.376163022103739, 28.284827306724768 ], [ 85.376199018530855, 28.284803928852245 ], [ 85.376276619857904, 28.284748149783415 ], [ 85.37632146566628, 28.284712547265272 ], [ 85.376394819806634, 28.284648081236426 ], [ 85.376441217114248, 28.284602946058556 ], [ 85.376485167868381, 28.28455722358612 ], [ 85.376526764654827, 28.284510913117266 ], [ 85.376545250757033, 28.284489692945677 ], [ 85.376583864364562, 28.284443980451005 ], [ 85.376605645313816, 28.284434750950432 ], [ 85.376646312926241, 28.284416752278144 ], [ 85.376709718146131, 28.284386159137526 ], [ 85.376744890924442, 28.284367728705465 ], [ 85.376823974269399, 28.284321774023002 ], [ 85.376853996845611, 28.284302506202248 ], [ 85.376931881986451, 28.284247172691387 ], [ 85.376960666211247, 28.284224584301647 ], [ 85.37702248770772, 28.284171788406837 ], [ 85.377050507517353, 28.284145754224728 ], [ 85.377100804253786, 28.284095392161348 ], [ 85.377128354289994, 28.284065643139311 ], [ 85.377167998615562, 28.284019931883982 ], [ 85.377195616779616, 28.283985889602334 ], [ 85.377233307524975, 28.283936011411377 ], [ 85.3772809453029, 28.283868193907047 ], [ 85.377303012969236, 28.283835238036712 ], [ 85.377398082987185, 28.283686132991235 ], [ 85.377400228128053, 28.283684110816512 ], [ 85.377545999776757, 28.283560479749944 ], [ 85.377571356796295, 28.283538206715647 ], [ 85.377633219865629, 28.283481929470803 ], [ 85.377669741960673, 28.283446899673372 ], [ 85.377700417514475, 28.283415871821408 ], [ 85.377731598050275, 28.283382770349281 ], [ 85.377758732156622, 28.283352524387638 ], [ 85.377791527995328, 28.283313886440453 ], [ 85.377815619546269, 28.283283861534148 ], [ 85.377848612695814, 28.283240093535525 ], [ 85.377869902843614, 28.283209984802514 ], [ 85.377901981628213, 28.283161301517488 ], [ 85.377937072026839, 28.283104008485374 ], [ 85.377962860490541, 28.283058935432479 ], [ 85.377997310808951, 28.282994294814177 ], [ 85.378016082837533, 28.282956897224558 ], [ 85.378050661649567, 28.282883572535304 ], [ 85.378063415625363, 28.282855185417056 ], [ 85.378101569162752, 28.28276589206105 ], [ 85.378116238423161, 28.282729186222369 ], [ 85.378134883417886, 28.282679122616592 ], [ 85.378150670215831, 28.282632549654885 ], [ 85.378168174345205, 28.28257535544331 ], [ 85.378179890976497, 28.282533051570436 ], [ 85.378222823147212, 28.282360094629993 ], [ 85.378231638047211, 28.282327678015751 ], [ 85.378234193062355, 28.282319683489938 ], [ 85.378254848777104, 28.282274686593286 ], [ 85.378287076329656, 28.282214641057461 ], [ 85.378335173806889, 28.282134702794718 ], [ 85.378415242772405, 28.282011099107052 ], [ 85.378471953601633, 28.281927561852676 ], [ 85.378525918647085, 28.281852595426638 ], [ 85.378550053234491, 28.28187475585673 ], [ 85.378572939774855, 28.281895111913578 ], [ 85.378687625088801, 28.281993920979684 ], [ 85.378721836843013, 28.282022074615064 ], [ 85.37877901284503, 28.28206700888358 ], [ 85.378805678685254, 28.282087249034731 ], [ 85.378867023082847, 28.282132211091742 ], [ 85.378892024981852, 28.282149957202392 ], [ 85.378958172980973, 28.282195414852485 ], [ 85.378980896791845, 28.282210585629905 ], [ 85.379053134816687, 28.282257426844588 ], [ 85.379078288111828, 28.282273224975608 ], [ 85.379214761020449, 28.282356221541573 ], [ 85.379231885768107, 28.28236641175835 ], [ 85.379552533011804, 28.28255307133379 ], [ 85.379618506712873, 28.282593552252113 ], [ 85.379671993291382, 28.282628157495271 ], [ 85.379722007571985, 28.282662721701534 ], [ 85.379761889312277, 28.282692530926493 ], [ 85.379794417934278, 28.282719022792808 ], [ 85.379817782628066, 28.282739890982718 ], [ 85.379860780476037, 28.282783045570451 ], [ 85.380010203427972, 28.282945324353175 ], [ 85.380043031965911, 28.282979228460551 ], [ 85.380115765918504, 28.283050688690967 ], [ 85.380152231497249, 28.283084695931041 ], [ 85.380199483739943, 28.283126530086125 ], [ 85.380222381580026, 28.283146177918471 ], [ 85.380273127301777, 28.283188378382803 ], [ 85.380304614908411, 28.283213493489075 ], [ 85.380419247364657, 28.283301173715717 ], [ 85.380449890479113, 28.283323701617633 ], [ 85.380558297780823, 28.28340028125481 ], [ 85.380572108771602, 28.283409866241414 ], [ 85.380871835834697, 28.283614218749744 ], [ 85.381035673661344, 28.283725964903912 ], [ 85.381060007849925, 28.283742056392374 ], [ 85.381246047324126, 28.283861297898131 ], [ 85.381263546504243, 28.283872267549981 ], [ 85.381447053141159, 28.283984754298004 ], [ 85.381455273764232, 28.283989740893723 ], [ 85.381912561073179, 28.284264233471074 ], [ 85.382030722729922, 28.284337287903508 ], [ 85.382132699435161, 28.284402307557865 ], [ 85.382241164147345, 28.284474284874484 ], [ 85.38233698474761, 28.284541095371342 ], [ 85.382423360549637, 28.284604703431796 ], [ 85.382500672712226, 28.284665103479956 ], [ 85.382542381798288, 28.284700008379517 ], [ 85.382591996857258, 28.284744315125494 ], [ 85.382820834525617, 28.284961315437322 ], [ 85.382834139191871, 28.28497369482395 ], [ 85.382927426829042, 28.285058864932886 ], [ 85.382957198616381, 28.285084951517646 ], [ 85.383054399278805, 28.285166689673407 ], [ 85.383098895758977, 28.28520197081502 ], [ 85.383190336899688, 28.285270307255029 ], [ 85.383233588053059, 28.285300888860604 ], [ 85.383282989141264, 28.28533391474377 ], [ 85.383312594892331, 28.285352977714769 ], [ 85.383368297480004, 28.285387507720113 ], [ 85.383400005629184, 28.28540638952321 ], [ 85.383625642113088, 28.285535381704353 ], [ 85.383698495770972, 28.285580743340184 ], [ 85.383841325712737, 28.285676969058645 ], [ 85.383922588624671, 28.28573524324716 ], [ 85.383984633575523, 28.285784380010522 ], [ 85.383998825905465, 28.285796717539554 ], [ 85.38400739879701, 28.285804703981739 ], [ 85.384018231183234, 28.28581601243447 ], [ 85.384036445791679, 28.285837795488401 ], [ 85.38406868909648, 28.285880484559371 ], [ 85.384204427683258, 28.286069243792102 ], [ 85.384229006117479, 28.286101838178418 ], [ 85.384275159546618, 28.286160255735901 ], [ 85.384304338447549, 28.286195352193932 ], [ 85.384348076855971, 28.286245384069495 ], [ 85.384374162696858, 28.286273999396048 ], [ 85.384427534996192, 28.286330165760642 ], [ 85.384443882158052, 28.286346946081974 ], [ 85.384499471445537, 28.286402611593282 ], [ 85.384524044669035, 28.286426351148954 ], [ 85.384641946552364, 28.286536250849345 ], [ 85.384674517968506, 28.286565265303931 ], [ 85.384801524040142, 28.286673386359542 ], [ 85.384833510009912, 28.286699476634869 ], [ 85.384969880006963, 28.286806039590026 ], [ 85.385000881453266, 28.286829308091313 ], [ 85.385146665386529, 28.286934378486265 ], [ 85.385176356245722, 28.286954980647927 ], [ 85.385332347529797, 28.287059154452727 ], [ 85.385360441801097, 28.287077259541206 ], [ 85.385527360084524, 28.287181021744068 ], [ 85.385553552093555, 28.287196771719739 ], [ 85.385619917985053, 28.287235359713232 ], [ 85.385623281927224, 28.287240371679285 ], [ 85.385662500840624, 28.287294338473469 ], [ 85.385724317909194, 28.287373098835161 ], [ 85.385761853444976, 28.28741790119043 ], [ 85.385834216586446, 28.287498915157865 ], [ 85.385867952958449, 28.287534741232598 ], [ 85.385953386710213, 28.287620841770796 ], [ 85.385974639116682, 28.287641601051945 ], [ 85.386028779192046, 28.287692862726626 ], [ 85.386050168192398, 28.287712510476105 ], [ 85.386095100657556, 28.287752555409721 ], [ 85.3861258738022, 28.287778854068215 ], [ 85.386167848167091, 28.287813248704644 ], [ 85.386207989190595, 28.287844452646979 ], [ 85.386248019575447, 28.287873962554286 ], [ 85.386314235817579, 28.287918846506251 ], [ 85.386361609716346, 28.287948317718314 ], [ 85.386440358154047, 28.287992683307358 ], [ 85.386496024863561, 28.288020961903314 ], [ 85.386553499792015, 28.288048037250118 ], [ 85.386608749013433, 28.288072092615074 ], [ 85.386635814930898, 28.288083443045501 ], [ 85.386746399151249, 28.288128069273299 ], [ 85.386765353725409, 28.288136853000236 ], [ 85.38694363713779, 28.288230654962394 ], [ 85.38700910963172, 28.288267368466414 ], [ 85.387067959930135, 28.288302138985362 ], [ 85.387120000703959, 28.288334745008957 ], [ 85.387165111714239, 28.288364883691745 ], [ 85.387204438865069, 28.288393026861126 ], [ 85.387232595125454, 28.288414693551228 ], [ 85.387255858464911, 28.288434644836343 ], [ 85.387388738913032, 28.28856093392762 ], [ 85.387421463939887, 28.288590636279501 ], [ 85.38749347817901, 28.288653061149191 ], [ 85.387542936867092, 28.288693198247618 ], [ 85.387593660941576, 28.288731720909734 ], [ 85.38763255369966, 28.288759816595281 ], [ 85.387687265376286, 28.288797391762987 ], [ 85.387724436348748, 28.288821745119666 ], [ 85.387783657295657, 28.28885873452856 ], [ 85.387818059760164, 28.288879306485406 ], [ 85.38788281113213, 28.288916349417754 ], [ 85.387923157763424, 28.288938272347306 ], [ 85.388054126023235, 28.289005780867029 ], [ 85.388086732596321, 28.289021887679649 ], [ 85.388335000006151, 28.289139299650017 ], [ 85.38841245606298, 28.289177617704638 ], [ 85.388474831417909, 28.289211512402083 ], [ 85.388519534029683, 28.289239112716309 ], [ 85.388640819039423, 28.289322853728358 ], [ 85.388832026817894, 28.289462812071022 ], [ 85.388975454523603, 28.289570849373884 ], [ 85.389117938537566, 28.289681768252702 ], [ 85.389260428864503, 28.289796303175848 ], [ 85.389402885613478, 28.289914443204097 ], [ 85.389545266626087, 28.290036172227396 ], [ 85.389687527302542, 28.290161473746096 ], [ 85.389829625656361, 28.29029032695956 ], [ 85.38996476234054, 28.290416407880258 ], [ 85.390046635418599, 28.290498053511079 ], [ 85.390228250691962, 28.290691966461228 ], [ 85.39023950672464, 28.290703777346621 ], [ 85.390319233034077, 28.290785994964295 ], [ 85.390344648683453, 28.29081123229998 ], [ 85.390430322662155, 28.290893162585402 ], [ 85.390469102325781, 28.290928280636049 ], [ 85.390549821763187, 28.290997505799432 ], [ 85.390599446236251, 28.291037350485588 ], [ 85.390650723999173, 28.291075881297051 ], [ 85.390681328667782, 28.291097989509392 ], [ 85.39077335344912, 28.291161877420919 ], [ 85.390866255384751, 28.291277247455547 ], [ 85.390881848642266, 28.291296091008711 ], [ 85.390923188746072, 28.291344715421967 ], [ 85.39093240389073, 28.291355388073047 ], [ 85.391183904386622, 28.291642214951107 ], [ 85.391190208196207, 28.291649330215876 ], [ 85.39128823909121, 28.291758846823733 ], [ 85.391302652441624, 28.291774582860974 ], [ 85.39140989211181, 28.291889012763594 ], [ 85.391431839609126, 28.291911659141721 ], [ 85.391530959193886, 28.292010577789878 ], [ 85.39156058897602, 28.292038903163487 ], [ 85.39166613252435, 28.29213556805826 ], [ 85.391704701523381, 28.292169068462563 ], [ 85.391807915291849, 28.292254084394578 ], [ 85.391842026465255, 28.292280945221783 ], [ 85.391893331549639, 28.292319558941255 ], [ 85.391918645784429, 28.292337998754512 ], [ 85.391969907664176, 28.292374131883982 ], [ 85.391997253001421, 28.292392746411252 ], [ 85.39204859068974, 28.292426485186006 ], [ 85.392078011869685, 28.292445113134281 ], [ 85.392129519287721, 28.292476517321511 ], [ 85.392143001724932, 28.292484277892139 ], [ 85.392157676349612, 28.292503654423189 ], [ 85.392190319596267, 28.292544283658337 ], [ 85.392212534129371, 28.292570375535576 ], [ 85.392252006170636, 28.292613871531003 ], [ 85.39227294443846, 28.292635536979283 ], [ 85.392333461450647, 28.292692904722454 ], [ 85.392357901411344, 28.292714141190952 ], [ 85.392441608177592, 28.292778815526976 ], [ 85.392472238251742, 28.292819033735146 ], [ 85.392544533281992, 28.292902924297461 ], [ 85.392588043901171, 28.292947719237535 ], [ 85.392649606279178, 28.293005716370999 ], [ 85.392691430070144, 28.293041789572982 ], [ 85.392738577398958, 28.293079978696095 ], [ 85.392788731041421, 28.293118116463329 ], [ 85.392832753505942, 28.293149751860231 ], [ 85.392993961842762, 28.293259158032278 ], [ 85.393016678467575, 28.293275483488642 ], [ 85.39311296798148, 28.293380217976335 ], [ 85.39327912890711, 28.293571698805007 ], [ 85.393469955482772, 28.293797768254286 ], [ 85.393634692367414, 28.294001149627263 ], [ 85.393781212261047, 28.294191189899408 ], [ 85.393916540068744, 28.294376991654165 ], [ 85.394009137696258, 28.294508131517578 ], [ 85.394047068249662, 28.294566528114803 ], [ 85.394086262638751, 28.294635738363588 ], [ 85.39412953556554, 28.294723150698729 ], [ 85.394178434532051, 28.294834477966972 ], [ 85.394237580519189, 28.294982714565869 ], [ 85.394247693951655, 28.295010776091885 ], [ 85.394259405072788, 28.295047631360163 ], [ 85.39433632949148, 28.295317676388638 ], [ 85.394348847015806, 28.295357709159237 ], [ 85.394372145317803, 28.295426060112185 ], [ 85.394387086943553, 28.295466432568546 ], [ 85.394411139338544, 28.295526596833437 ], [ 85.394429129074965, 28.295568287937883 ], [ 85.394461741967334, 28.29563860033684 ], [ 85.394479545096431, 28.295674718053288 ], [ 85.394515927814524, 28.295744340142857 ], [ 85.394535080482498, 28.295779023595003 ], [ 85.394575256852846, 28.295847998971016 ], [ 85.394595532757592, 28.295881095050188 ], [ 85.394639532655447, 28.295949471891646 ], [ 85.394660663623213, 28.295980818242821 ], [ 85.394708510874466, 28.296048640144758 ], [ 85.394709253236286, 28.296049648115375 ], [ 85.394711932281567, 28.296089693053688 ], [ 85.394718878182118, 28.296158979791034 ], [ 85.394726277326541, 28.296213727891374 ], [ 85.39473460870741, 28.296262648988051 ], [ 85.394744633100558, 28.296312120928246 ], [ 85.39475720860402, 28.296365570102967 ], [ 85.39476700430987, 28.296403159820795 ], [ 85.394783724376822, 28.296461588953537 ], [ 85.394790724852925, 28.296484755081657 ], [ 85.394817767449496, 28.296569705342666 ], [ 85.394818586376957, 28.296572263254102 ], [ 85.394874891893892, 28.29674716260886 ], [ 85.394885344203402, 28.296777585660557 ], [ 85.394905744620829, 28.296833411034324 ], [ 85.394918165020783, 28.296865345706504 ], [ 85.394938337380921, 28.296914220091427 ], [ 85.394956336181039, 28.296954764077402 ], [ 85.394978732856345, 28.297001843374275 ], [ 85.395004207595747, 28.297051190091445 ], [ 85.395027665805557, 28.297093238723086 ], [ 85.395061786362518, 28.297149322030073 ], [ 85.395086634873863, 28.297186922357888 ], [ 85.395131286424117, 28.297248599647762 ], [ 85.395157712715985, 28.297282032743041 ], [ 85.395214037699745, 28.29734683133038 ], [ 85.395236107538693, 28.297369971696551 ], [ 85.395296812025322, 28.297428226033457 ], [ 85.395322028952847, 28.297450388072694 ], [ 85.395382139560368, 28.297499149817401 ], [ 85.395410765121269, 28.297520571247972 ], [ 85.395467120582552, 28.29755982084324 ], [ 85.395499708323143, 28.29758091789914 ], [ 85.395563211491691, 28.297618871820088 ], [ 85.395628086696817, 28.2976545797349 ], [ 85.395670796521088, 28.297676832131021 ], [ 85.395797136107518, 28.29773904761506 ], [ 85.39583054431786, 28.297764030720021 ], [ 85.39588198165778, 28.297805101443114 ], [ 85.395928065940467, 28.297844526816206 ], [ 85.395965206173955, 28.297878714148588 ], [ 85.395980254290038, 28.29789399663785 ], [ 85.395996443465819, 28.297912409386882 ], [ 85.396017943537117, 28.297939544779091 ], [ 85.396046178694249, 28.297978691809153 ], [ 85.396072790557838, 28.29801845863761 ], [ 85.396105778244021, 28.298070635300881 ], [ 85.396247470088809, 28.298307175076612 ], [ 85.396254358463139, 28.298318479509323 ], [ 85.396312138604316, 28.298411706369826 ], [ 85.39632764883504, 28.298435843389697 ], [ 85.396388585017149, 28.298527366382917 ], [ 85.396412108604039, 28.29856099059565 ], [ 85.39647046642807, 28.298640461140252 ], [ 85.396495560642947, 28.29867305247269 ], [ 85.396559123898342, 28.298751848591735 ], [ 85.396578394468321, 28.298774951000684 ], [ 85.396652154297001, 28.2988604947605 ], [ 85.396670762526497, 28.298881427813729 ], [ 85.396916714745899, 28.299149859801084 ], [ 85.396990763987546, 28.299233422743569 ], [ 85.397050434793186, 28.299305737794217 ], [ 85.397095302972602, 28.299365802192252 ], [ 85.397102915820284, 28.2993771239361 ], [ 85.397116880540949, 28.299399702889293 ], [ 85.397208874106781, 28.299560912966406 ], [ 85.397218737358429, 28.299577755061218 ], [ 85.397258303776979, 28.299643613448168 ], [ 85.39728119464084, 28.299679694533971 ], [ 85.397324060952712, 28.299743774021728 ], [ 85.397360258509536, 28.299794022363869 ], [ 85.397402524543011, 28.299848629419461 ], [ 85.397439597529427, 28.299893497870968 ], [ 85.397488299878248, 28.29994878332629 ], [ 85.397516963675102, 28.299979870684126 ], [ 85.397569735173221, 28.300034574840517 ], [ 85.397598324444473, 28.300062976476575 ], [ 85.397655171080117, 28.300117108423084 ], [ 85.397683461522547, 28.300142992455729 ], [ 85.397744396406551, 28.300196562267196 ], [ 85.397772144670157, 28.300220054535473 ], [ 85.397837165742089, 28.300273063985966 ], [ 85.397864203170045, 28.300294334435574 ], [ 85.397933364798874, 28.300346830183425 ], [ 85.397959560827132, 28.300366051644247 ], [ 85.398032913438954, 28.300418071276152 ], [ 85.398058133213937, 28.300435389814272 ], [ 85.398135772652921, 28.300487002134343 ], [ 85.39820318228135, 28.300528172726057 ], [ 85.398232736819281, 28.300544712975356 ], [ 85.398319570309596, 28.300587583664605 ], [ 85.398322752630747, 28.300592111635805 ], [ 85.39834280842355, 28.30061671340302 ], [ 85.398421820449755, 28.300702099843274 ], [ 85.398446866649905, 28.300726019197487 ], [ 85.398516014388505, 28.300786064138457 ], [ 85.398541341706235, 28.300806058215116 ], [ 85.398595927630126, 28.300846219274202 ], [ 85.398626296401815, 28.300867024255943 ], [ 85.398673104987878, 28.300897035476062 ], [ 85.398680785228478, 28.300926148173279 ], [ 85.39869005139235, 28.300958549843621 ], [ 85.398701758851161, 28.300996517948239 ], [ 85.398727539746403, 28.301068213830526 ], [ 85.398742655099241, 28.301104883507772 ], [ 85.398793363180317, 28.301207590889152 ], [ 85.398811018927489, 28.30123804328986 ], [ 85.398881997756206, 28.30134244819428 ], [ 85.398897209192853, 28.301361742350792 ], [ 85.398965730120239, 28.301439272869963 ], [ 85.398984982720265, 28.301458765131141 ], [ 85.399029863567961, 28.30149930956588 ], [ 85.399053724557746, 28.301548676094445 ], [ 85.39908035140752, 28.30159869507056 ], [ 85.399116262756678, 28.301659962147781 ], [ 85.399185446197663, 28.301767701956326 ], [ 85.399206553059116, 28.301799076608521 ], [ 85.399264052770349, 28.301880742570585 ], [ 85.399297263671485, 28.301924958150494 ], [ 85.399352983554252, 28.301994606344945 ], [ 85.399400696969735, 28.302049633541682 ], [ 85.399455439003034, 28.302107979119953 ], [ 85.399503469655926, 28.302155634545144 ], [ 85.399531480815426, 28.30218152161973 ], [ 85.399571161311897, 28.302216239507576 ], [ 85.399599238392952, 28.302239495667283 ], [ 85.399645560909846, 28.302275599753344 ], [ 85.399673764352457, 28.302296274439989 ], [ 85.39972739230501, 28.302332995715208 ], [ 85.399755762428441, 28.302351120084573 ], [ 85.399817319660045, 28.302387512816168 ], [ 85.399845905999271, 28.302403115424312 ], [ 85.399915621311351, 28.30243790046708 ], [ 85.399943453080454, 28.302450540074329 ], [ 85.399950969527794, 28.30245828007207 ], [ 85.400002848642316, 28.302506342250648 ], [ 85.400038192442608, 28.302537521125011 ], [ 85.400094359430199, 28.30258470125181 ], [ 85.400128950418392, 28.302612453261844 ], [ 85.400189591533163, 28.302658911449328 ], [ 85.400222904168771, 28.302683357777802 ], [ 85.400288332950893, 28.302729334146591 ], [ 85.400319722997622, 28.302750527892108 ], [ 85.400389813664987, 28.302795978542889 ], [ 85.400418791521716, 28.302814092212838 ], [ 85.400494789716532, 28.302859864736654 ], [ 85.400520863846211, 28.302875057098877 ], [ 85.40060381838488, 28.302921796423227 ], [ 85.40062630104606, 28.30293410436731 ], [ 85.400719311206402, 28.302983557921557 ], [ 85.400754122882901, 28.303001251352427 ], [ 85.400850656411109, 28.303048103594492 ], [ 85.400899813448106, 28.303070450086789 ], [ 85.401002656635086, 28.303114126257064 ], [ 85.401049265951954, 28.303132663655042 ], [ 85.401158992257876, 28.303173410517275 ], [ 85.401202270832783, 28.303188464208375 ], [ 85.40131987806167, 28.303226655330629 ], [ 85.401358741164671, 28.303238494556251 ], [ 85.401482895544703, 28.303273856184163 ], [ 85.401516710927083, 28.303282918299306 ], [ 85.401652483131897, 28.303317042227409 ], [ 85.40168063541519, 28.303323734462349 ], [ 85.401831216319806, 28.303357494628621 ], [ 85.401852271413034, 28.303362005071463 ], [ 85.402036857909863, 28.303399714465236 ], [ 85.40206295694496, 28.303404728492691 ], [ 85.402121833768959, 28.30341532711601 ], [ 85.402155199012398, 28.303420823191896 ], [ 85.402221316259215, 28.303430709624145 ], [ 85.402248360736323, 28.303434423808952 ], [ 85.402510923301648, 28.303467295918793 ], [ 85.402537221659145, 28.303471523137638 ], [ 85.402556356667063, 28.30347525696763 ], [ 85.402635753285011, 28.303493827006964 ], [ 85.402719675920011, 28.303516575178691 ], [ 85.402807938181112, 28.303543678980635 ], [ 85.402900573937416, 28.30357535684389 ], [ 85.402997572911858, 28.303611799517476 ], [ 85.403099051216117, 28.303653228920762 ], [ 85.40320510502076, 28.303699857262917 ], [ 85.403315418721078, 28.303751686166777 ], [ 85.403396331088373, 28.303792149450729 ], [ 85.403480309144399, 28.303836706706193 ], [ 85.403567737322746, 28.303885672972676 ], [ 85.403658614368197, 28.303939160680155 ], [ 85.403746468334532, 28.303993263946641 ], [ 85.403832863293573, 28.304048841381171 ], [ 85.403917428546322, 28.304105649219853 ], [ 85.404000026267411, 28.304163582248066 ], [ 85.404080545826076, 28.304222551002042 ], [ 85.404158912987839, 28.304282480161611 ], [ 85.404235024170831, 28.304343272493934 ], [ 85.404308814486953, 28.304404854954264 ], [ 85.404380164881985, 28.304467101068667 ], [ 85.404449086075246, 28.304529989306285 ], [ 85.404515518927624, 28.304593437123078 ], [ 85.404579434315792, 28.304657386873682 ], [ 85.40464080182484, 28.304721771782368 ], [ 85.40469959957241, 28.30478653410773 ], [ 85.404755820719075, 28.304851626211502 ], [ 85.404815915913204, 28.30492486960377 ], [ 85.404905141446136, 28.305034400517144 ], [ 85.404916979299145, 28.30504971585329 ], [ 85.404929755162698, 28.305102743093954 ], [ 85.404941537756869, 28.305146314831198 ], [ 85.404957346345569, 28.305198964346655 ], [ 85.40498081050508, 28.305266375914034 ], [ 85.404991073919064, 28.305292225095993 ], [ 85.40501827978099, 28.305353500993231 ], [ 85.405029648911849, 28.305376595138984 ], [ 85.405067466623763, 28.305445310568214 ], [ 85.405080144331407, 28.30546606448711 ], [ 85.405130427759289, 28.30553974777488 ], [ 85.405144543587369, 28.305558364234841 ], [ 85.405236173626875, 28.305661992111773 ], [ 85.405240398725851, 28.305666112183619 ], [ 85.405255484748039, 28.305696207980763 ], [ 85.405272842016274, 28.305727767988191 ], [ 85.40529758854214, 28.305769908183869 ], [ 85.405317429592145, 28.305801626261861 ], [ 85.405355050469581, 28.305856992489417 ], [ 85.405402983379616, 28.305922135070983 ], [ 85.405448004296105, 28.305978484175409 ], [ 85.405507960765959, 28.306047748093572 ], [ 85.405537820442902, 28.306080622221295 ], [ 85.405660706098928, 28.306209619762249 ], [ 85.405685940115319, 28.306237755514076 ], [ 85.405693703534553, 28.306247654699522 ], [ 85.405725620694511, 28.306306729889602 ], [ 85.405747313943891, 28.306351862940939 ], [ 85.40575522745489, 28.306371433395718 ], [ 85.405763514174154, 28.306444782061771 ], [ 85.405775298568031, 28.306518346212989 ], [ 85.405781809779953, 28.30654965583517 ], [ 85.405786870120878, 28.306569168054132 ], [ 85.405787418225827, 28.306658840741289 ], [ 85.405791003648758, 28.306701922637838 ], [ 85.405810675457275, 28.306823858547197 ], [ 85.405815266746814, 28.30684291151162 ], [ 85.405843337707068, 28.306935157022931 ], [ 85.405849837330265, 28.306952748572083 ], [ 85.405896269768945, 28.307056295416022 ], [ 85.405904056274991, 28.307070949929404 ], [ 85.405960396461253, 28.307162769829876 ], [ 85.4059711904209, 28.307178163410022 ], [ 85.405978945315042, 28.307187956528136 ], [ 85.405988686698151, 28.307218471222392 ], [ 85.406004127627099, 28.307260677164365 ], [ 85.406040065011467, 28.307344461465028 ], [ 85.406065036228341, 28.307394966138961 ], [ 85.406091109543965, 28.307443683651396 ], [ 85.406120114551371, 28.307493941208985 ], [ 85.406148145131937, 28.307539258943333 ], [ 85.406180990153231, 28.307588929584092 ], [ 85.406210834533027, 28.307631325538772 ], [ 85.40624725232945, 28.307680003624522 ], [ 85.406278958466658, 28.307719988898555 ], [ 85.406318694258303, 28.307767322183803 ], [ 85.406352503141591, 28.307805415364289 ], [ 85.406395105268729, 28.307850850755699 ], [ 85.406431375758842, 28.307887475509109 ], [ 85.406476388504814, 28.307930526651059 ], [ 85.406515717380884, 28.307966119799435 ], [ 85.406562610879476, 28.308006280518637 ], [ 85.406622645360599, 28.308053779402936 ], [ 85.406661145281447, 28.308081900277433 ], [ 85.406733557956954, 28.308130167242119 ], [ 85.406779214663231, 28.308157873451464 ], [ 85.40683337859312, 28.308188565581855 ], [ 85.406880535403218, 28.308213467164666 ], [ 85.406906276556327, 28.308226613658409 ], [ 85.406999302097134, 28.308272537328975 ], [ 85.407010471455834, 28.308281253676338 ], [ 85.407163064711213, 28.308413284762501 ], [ 85.407179424654828, 28.30842712918675 ], [ 85.407237055562334, 28.308474826288492 ], [ 85.407271288514096, 28.308501905901586 ], [ 85.407323331320626, 28.308541244723305 ], [ 85.407369566422275, 28.308574182943179 ], [ 85.407418806058772, 28.308607218478983 ], [ 85.40745011833603, 28.308627408971624 ], [ 85.407560404816948, 28.308695722352688 ], [ 85.407580388330288, 28.308707790480096 ], [ 85.407661485799778, 28.308755527456483 ], [ 85.407692826395859, 28.30877325459269 ], [ 85.407767452754186, 28.308813788099659 ], [ 85.407808990193644, 28.3088351733949 ], [ 85.407878283093098, 28.308868939982059 ], [ 85.40793051267957, 28.308892683555175 ], [ 85.407998792495448, 28.308921555762449 ], [ 85.408062531138583, 28.308946181430802 ], [ 85.408128154865992, 28.308969210520523 ], [ 85.408202646498609, 28.308992439482417 ], [ 85.408266313082038, 28.309009870963365 ], [ 85.408351267511904, 28.309029625962371 ], [ 85.408413367002979, 28.30904156185229 ], [ 85.408500405532465, 28.309054827207902 ], [ 85.408536509732855, 28.309058914145215 ], [ 85.40859364644561, 28.309063939523043 ], [ 85.408645337434649, 28.309067188353765 ], [ 85.408649105485111, 28.309067776944513 ], [ 85.408667053534373, 28.309071412357948 ], [ 85.408687342874387, 28.309076451824932 ], [ 85.40870944949296, 28.309082953943825 ], [ 85.408732889578943, 28.309090927873925 ], [ 85.408757024495557, 28.30910026797719 ], [ 85.408781293185314, 28.309110829178898 ], [ 85.408808203759435, 28.30912388643533 ], [ 85.408836413345639, 28.309138826095399 ], [ 85.408881104343592, 28.309234849069703 ], [ 85.408892084476008, 28.309261817581234 ], [ 85.40890230095745, 28.309294263733996 ], [ 85.408916880319438, 28.309352704261837 ], [ 85.408955562628378, 28.309534516492651 ], [ 85.408959135518089, 28.309550513552772 ], [ 85.408978333204246, 28.309632563060187 ], [ 85.408987272434089, 28.309667300375235 ], [ 85.409011052994458, 28.309751955561186 ], [ 85.409026960880482, 28.309802307420007 ], [ 85.409053006581701, 28.309876400017455 ], [ 85.409054774119653, 28.309881034452232 ], [ 85.409055747627946, 28.309930330749935 ], [ 85.409057829117998, 28.309966019853395 ], [ 85.409065159566524, 28.310037039238182 ], [ 85.409070086671093, 28.310070232718182 ], [ 85.409085898519663, 28.310149317119951 ], [ 85.409093712966623, 28.310180295235877 ], [ 85.409118116115039, 28.310259781484508 ], [ 85.409129394597613, 28.310290839687021 ], [ 85.409155365667459, 28.31035414395058 ], [ 85.409170852303461, 28.310387908149778 ], [ 85.409202978599382, 28.310450911962093 ], [ 85.409253454244848, 28.310540573949577 ], [ 85.409280151968147, 28.310584867007833 ], [ 85.409302145057893, 28.310619031024935 ], [ 85.409340903300659, 28.310674479605069 ], [ 85.40936640928858, 28.310708183670169 ], [ 85.409406252863803, 28.310757203136273 ], [ 85.409435508675813, 28.31079076768518 ], [ 85.409474427242046, 28.310832743471128 ], [ 85.409507925186119, 28.310866733784479 ], [ 85.409555913529715, 28.310912167116637 ], [ 85.409596458243954, 28.310947994432635 ], [ 85.409640331880908, 28.311022279245638 ], [ 85.409660102691404, 28.311054171541475 ], [ 85.409734645688658, 28.311168871988574 ], [ 85.409749875201513, 28.311191533241256 ], [ 85.40992277301369, 28.311440451392595 ], [ 85.409950362934794, 28.311483098914039 ], [ 85.409973394032164, 28.311521404836181 ], [ 85.41002532814619, 28.311613955292692 ], [ 85.410065004971472, 28.311688815792351 ], [ 85.410062039142701, 28.311708571445578 ], [ 85.410057596715063, 28.311743302432017 ], [ 85.410049980804544, 28.311815292458224 ], [ 85.410046142430716, 28.311868421184894 ], [ 85.410044629821371, 28.31190737785553 ], [ 85.410044274928097, 28.311958212136574 ], [ 85.410045170624869, 28.311994251116882 ], [ 85.410048749779619, 28.312052504442196 ], [ 85.410052071626836, 28.312086346132016 ], [ 85.410061065972954, 28.312150895633504 ], [ 85.410066854571753, 28.312182896088991 ], [ 85.410075776686284, 28.312225606509564 ], [ 85.410090362731481, 28.312287110970523 ], [ 85.410099315214396, 28.312321501090857 ], [ 85.410112395648525, 28.31236760767182 ], [ 85.410128441096305, 28.312417941880025 ], [ 85.410142764741096, 28.312458354653906 ], [ 85.410168354242188, 28.312522084512985 ], [ 85.410184292992056, 28.312557511757465 ], [ 85.410228808332874, 28.312643147433832 ], [ 85.410256306183769, 28.312689503175211 ], [ 85.410297706232967, 28.312752903395054 ], [ 85.410347451505089, 28.312822411885435 ], [ 85.410363403068231, 28.312844011396081 ], [ 85.410387626744935, 28.312875809618593 ], [ 85.410416086577811, 28.312911291801189 ], [ 85.410442913907303, 28.312943086046371 ], [ 85.410484432364058, 28.312989082053811 ], [ 85.410547116204867, 28.313054060830055 ], [ 85.410592764436799, 28.313098316338483 ], [ 85.410662781234436, 28.313161827271941 ], [ 85.41069025426961, 28.313185821678193 ], [ 85.410825591413129, 28.313299629160284 ], [ 85.410860052662898, 28.313329851179773 ], [ 85.410880280290939, 28.313349274329848 ], [ 85.410892439735235, 28.313362590828476 ], [ 85.410929153850375, 28.313407109513452 ], [ 85.410968724204238, 28.313457772338193 ], [ 85.411003868509425, 28.313505533895331 ], [ 85.411036842957685, 28.313553373244602 ], [ 85.411079365796155, 28.313618528764863 ], [ 85.411106083404235, 28.313662200805091 ], [ 85.411122992182726, 28.313692529399368 ], [ 85.411135991097623, 28.313718845729209 ], [ 85.411159336970044, 28.313771310420787 ], [ 85.411162950413654, 28.313780534395608 ], [ 85.411162662540363, 28.313790898468103 ], [ 85.411156970399219, 28.313881425658376 ], [ 85.411154530801582, 28.313908522136241 ], [ 85.411150568195879, 28.313936079205018 ], [ 85.411141943559727, 28.313982647856346 ], [ 85.411101486014729, 28.314179446478526 ], [ 85.411095383591771, 28.314212628977135 ], [ 85.411084894997416, 28.31427723026232 ], [ 85.411079811008932, 28.314313845618784 ], [ 85.411073096740836, 28.314371999193298 ], [ 85.411072278781774, 28.314379384270634 ], [ 85.41104553201906, 28.31463152985561 ], [ 85.411042956336416, 28.314660984950383 ], [ 85.411038266127221, 28.314729100372244 ], [ 85.411036635737034, 28.314763705104582 ], [ 85.411035096436663, 28.314824297907329 ], [ 85.411035244409305, 28.314870028378067 ], [ 85.411037262643518, 28.314933338503408 ], [ 85.411041177199436, 28.314990869284177 ], [ 85.411047274808624, 28.315049304694888 ], [ 85.411051212104312, 28.315076223438783 ], [ 85.411048683673826, 28.315092087132228 ], [ 85.411043091201165, 28.315148932505103 ], [ 85.411039255813364, 28.315223753492365 ], [ 85.411038976476291, 28.315288428511035 ], [ 85.411040481945903, 28.31534101732878 ], [ 85.411043961418457, 28.315397480081071 ], [ 85.411047133330484, 28.315434742983914 ], [ 85.41105389307441, 28.315496934166777 ], [ 85.411057766616409, 28.315527201960975 ], [ 85.411067876768868, 28.31559582362981 ], [ 85.411071844770589, 28.315620163937691 ], [ 85.411085513847851, 28.315696625510583 ], [ 85.411090185722969, 28.315720651732157 ], [ 85.411121564676378, 28.315869928907702 ], [ 85.411124715555999, 28.315884271687946 ], [ 85.411216953452254, 28.316286713043244 ], [ 85.41123648948097, 28.316384222776101 ], [ 85.411249550273709, 28.316461578571296 ], [ 85.411258521708774, 28.316532940209651 ], [ 85.411261816411923, 28.316581349184286 ], [ 85.411261732759939, 28.316607726718356 ], [ 85.411258881338881, 28.316639044780153 ], [ 85.411239568649094, 28.316789954578599 ], [ 85.411236001509891, 28.31681244972005 ], [ 85.411161742136912, 28.316897672286256 ], [ 85.411143889057158, 28.316918792194205 ], [ 85.411099820927205, 28.316972544341944 ], [ 85.41106342070124, 28.317020052045194 ], [ 85.411021634287863, 28.317078509270729 ], [ 85.410975089155016, 28.317150797948599 ], [ 85.410943238897659, 28.31720603883663 ], [ 85.410911436907327, 28.317266638574957 ], [ 85.410878767754895, 28.31733545066276 ], [ 85.410863993702861, 28.31736836373776 ], [ 85.410832933502775, 28.317441722369555 ], [ 85.410820753603929, 28.317472132796013 ], [ 85.410791379463816, 28.317549859275108 ], [ 85.410781297934847, 28.317578064790531 ], [ 85.410753708658305, 28.317659893130703 ], [ 85.41074401054297, 28.317690630907556 ], [ 85.410726852718085, 28.317748975960217 ], [ 85.410717676090357, 28.31778285065522 ], [ 85.410702762599897, 28.317843000661366 ], [ 85.410695372272826, 28.31787567914381 ], [ 85.410682682405934, 28.317937724113087 ], [ 85.410676925841628, 28.317968991979342 ], [ 85.410666433373095, 28.318033049834284 ], [ 85.410662129167804, 28.318062802629235 ], [ 85.410653819652566, 28.318128953524571 ], [ 85.410650793369555, 28.31815703660504 ], [ 85.410644632706166, 28.318225516598076 ], [ 85.410642699787289, 28.318251872943119 ], [ 85.410638669504948, 28.318322895710647 ], [ 85.410637655662356, 28.318347408583335 ], [ 85.410635735760266, 28.318421290668624 ], [ 85.410635545265023, 28.318453269187071 ], [ 85.410637632171174, 28.318601628541689 ], [ 85.410638910707519, 28.318636944360442 ], [ 85.41064854335275, 28.318801979466695 ], [ 85.410650492904637, 28.318828049454272 ], [ 85.410666670770496, 28.319005376969489 ], [ 85.410668141940917, 28.319020014800465 ], [ 85.410674972351586, 28.319082234050587 ], [ 85.410668126794718, 28.319125295489265 ], [ 85.410664820961756, 28.31914821330691 ], [ 85.410637083664639, 28.319362288823086 ], [ 85.410626270183016, 28.31942441726493 ], [ 85.410617691118603, 28.319459174953053 ], [ 85.410585386949379, 28.319534988222664 ], [ 85.410553251692662, 28.319601198283401 ], [ 85.410523049754048, 28.31965567152319 ], [ 85.410508140814144, 28.31967911687369 ], [ 85.4104667191109, 28.319724247361243 ], [ 85.410444873411862, 28.319748912030587 ], [ 85.410417459286776, 28.319780995858014 ], [ 85.410372809051722, 28.319837632789643 ], [ 85.410347973940617, 28.31987185487548 ], [ 85.410292474104367, 28.31995850384267 ], [ 85.410274209848055, 28.319991089531172 ], [ 85.410230447951349, 28.320081149746137 ], [ 85.410221193060011, 28.320103464407804 ], [ 85.410194934404885, 28.32017613899977 ], [ 85.410187478441088, 28.320200243508673 ], [ 85.410170002179356, 28.320266441502103 ], [ 85.410164267178629, 28.320292572307508 ], [ 85.410153729473521, 28.320350636902948 ], [ 85.410149611694408, 28.320379254874517 ], [ 85.410143021415109, 28.320443069321218 ], [ 85.410139394802258, 28.320500707328065 ], [ 85.410137871007962, 28.320541646241981 ], [ 85.410136926848907, 28.32062333649154 ], [ 85.410117184380653, 28.320674868604048 ], [ 85.410107686523077, 28.320700956371883 ], [ 85.410091804727543, 28.320746961008929 ], [ 85.410079029525065, 28.320787294103226 ], [ 85.410061188883546, 28.320849105672263 ], [ 85.410052249704947, 28.320882751661738 ], [ 85.410036797439304, 28.320946355434252 ], [ 85.410029602449683, 28.320978863483813 ], [ 85.410016504927029, 28.321044395346018 ], [ 85.410010911662155, 28.321075545573191 ], [ 85.410000132579086, 28.321143183797211 ], [ 85.409995979133939, 28.321172774232931 ], [ 85.409987495390283, 28.321242632264877 ], [ 85.409984604904125, 28.321270492713904 ], [ 85.409978366025371, 28.321342947209178 ], [ 85.409976555278362, 28.32136890983876 ], [ 85.409972528567991, 28.321444307877414 ], [ 85.409971609381259, 28.32146826391028 ], [ 85.409969767601211, 28.321547134037246 ], [ 85.40996959352168, 28.321574120486041 ], [ 85.409970926628617, 28.321701717207485 ], [ 85.409971685796833, 28.321729173088833 ], [ 85.409978053833768, 28.32187111046246 ], [ 85.40997919877897, 28.321891058652337 ], [ 85.409989523221299, 28.322038668281103 ], [ 85.409990239221528, 28.322048102551509 ], [ 85.410022857690223, 28.322446671399582 ], [ 85.410029146564014, 28.32255210761026 ], [ 85.410032016323029, 28.322633490395543 ], [ 85.410031236672154, 28.322690723483792 ], [ 85.410025769160981, 28.322767775238006 ], [ 85.410016041957476, 28.322857475452164 ], [ 85.409993196604447, 28.323039947166112 ], [ 85.409948704337467, 28.32315998309225 ], [ 85.40994223984049, 28.323183100063332 ], [ 85.409919281073343, 28.323295072150675 ], [ 85.40991585937536, 28.323320969067183 ], [ 85.40990904609022, 28.323414019348615 ], [ 85.409908618827259, 28.323443068378765 ], [ 85.409913080561637, 28.323539944151637 ], [ 85.409919643318645, 28.323601227820483 ], [ 85.409929376262923, 28.323666588542103 ], [ 85.40995234118607, 28.323786736341148 ], [ 85.409955832181438, 28.323803980738376 ], [ 85.409963154296889, 28.323838230905803 ], [ 85.40998186013114, 28.323909691374173 ], [ 85.409992741415834, 28.323944717648686 ], [ 85.41001531274523, 28.324008133198863 ], [ 85.410029864931346, 28.324044309610823 ], [ 85.410053939070409, 28.324098547060554 ], [ 85.410072451278609, 28.324136595362507 ], [ 85.410101936309999, 28.324191949160319 ], [ 85.410141517797172, 28.32426015976689 ], [ 85.410163231524081, 28.324295607011369 ], [ 85.410210777750123, 28.324369249116089 ], [ 85.410207946201325, 28.324435800637993 ], [ 85.410207324639131, 28.324482412835618 ], [ 85.410208499528295, 28.324556502377558 ], [ 85.410211585743596, 28.324615123502991 ], [ 85.410223266555207, 28.32474556538525 ], [ 85.410227495814695, 28.324782912418907 ], [ 85.410244216967172, 28.324904933190609 ], [ 85.410251105233726, 28.324946915733538 ], [ 85.410272941223951, 28.325061062270304 ], [ 85.410283367752214, 28.325107977198616 ], [ 85.410310367224312, 28.325214477493127 ], [ 85.410324009138563, 28.325262163521138 ], [ 85.410337403338232, 28.325304139376552 ], [ 85.410352040424016, 28.325346081158067 ], [ 85.410368321257309, 28.325389001261279 ], [ 85.410383783894403, 28.32542693330895 ], [ 85.410403093578083, 28.325471179265559 ], [ 85.410418594803986, 28.325504682677156 ], [ 85.410441237115037, 28.325550951140414 ], [ 85.410461454650843, 28.325589722395371 ], [ 85.410513353533773, 28.325683359793267 ], [ 85.410531358250253, 28.325714319077175 ], [ 85.41063861164892, 28.325890310914669 ], [ 85.410667691083177, 28.325940694259163 ], [ 85.410685806454623, 28.325976239034034 ], [ 85.410693255422245, 28.325994109914369 ], [ 85.410696605921203, 28.326004349750175 ], [ 85.41070420053758, 28.326033257668438 ], [ 85.410749105824181, 28.326251103791801 ], [ 85.410753566155435, 28.326271419007071 ], [ 85.410772639974795, 28.32635327001509 ], [ 85.410783669566939, 28.326395456994476 ], [ 85.41080521463816, 28.326469704388902 ], [ 85.410823613809853, 28.32652556742276 ], [ 85.410847796304125, 28.326591051626373 ], [ 85.410877944893073, 28.32666235312621 ], [ 85.410910681073844, 28.32673082493519 ], [ 85.410946488864781, 28.326797896284042 ], [ 85.410989984285749, 28.326871384914053 ], [ 85.411018101716621, 28.326915796369768 ], [ 85.411063865563548, 28.32698352640881 ], [ 85.411077752757564, 28.32700348617033 ], [ 85.411177238070294, 28.327142399670407 ], [ 85.411199299764817, 28.327176119289138 ], [ 85.411203739550942, 28.327184047514645 ], [ 85.411204654889588, 28.32718608806508 ], [ 85.411212702053135, 28.327208097866201 ], [ 85.411224582107337, 28.327245101312297 ], [ 85.411235733465858, 28.327285043457294 ], [ 85.411245883937269, 28.327327421600824 ], [ 85.411254810133343, 28.32737172278097 ], [ 85.411262317833689, 28.327417317592719 ], [ 85.411268266928062, 28.327463579878426 ], [ 85.411272922572934, 28.327513700156022 ], [ 85.411283281482568, 28.327668620067094 ], [ 85.411268253874837, 28.327687554752679 ], [ 85.411222379179264, 28.327750801328417 ], [ 85.411197093417258, 28.327789080366557 ], [ 85.411153658982229, 28.327862350189744 ], [ 85.411134655631741, 28.327898326113583 ], [ 85.41112246650971, 28.327924931468601 ], [ 85.411086993270686, 28.327962486620674 ], [ 85.411039248466992, 28.32801904850006 ], [ 85.4109923030407, 28.328079662846228 ], [ 85.410954051522893, 28.328133640417576 ], [ 85.410904605044593, 28.328211779833627 ], [ 85.410875472762484, 28.328263704836104 ], [ 85.410827895533799, 28.328362999520898 ], [ 85.41080784973262, 28.328412950103381 ], [ 85.410780033144022, 28.328494197012329 ], [ 85.410768773722893, 28.328533691661605 ], [ 85.410756848481398, 28.328580801109375 ], [ 85.410748241397172, 28.328619647076099 ], [ 85.410738521122497, 28.328671462633107 ], [ 85.410732811339557, 28.328708551801931 ], [ 85.4107259448419, 28.32876763634955 ], [ 85.410723203206587, 28.328802457832662 ], [ 85.410720761124239, 28.328871347627917 ], [ 85.410721008394432, 28.328903329486586 ], [ 85.410725771256537, 28.328984484812196 ], [ 85.410728975546164, 28.329013645627551 ], [ 85.410745492707662, 28.329109801242588 ], [ 85.41075163798034, 28.329135985598203 ], [ 85.41078667526574, 28.329248288507973 ], [ 85.410795738441266, 28.329271403176133 ], [ 85.410845647697059, 28.329376664871763 ], [ 85.410856770997299, 28.329396504015996 ], [ 85.410903848757073, 28.329471326958693 ], [ 85.410917972476469, 28.329491462772236 ], [ 85.410966648191391, 28.329554706807617 ], [ 85.41098339986118, 28.329574603379847 ], [ 85.411034344983022, 28.32963034630356 ], [ 85.41105320649109, 28.329649384803158 ], [ 85.411108099126238, 28.329700604622523 ], [ 85.411128459449969, 28.329718172356348 ], [ 85.411190190279783, 28.329767262302525 ], [ 85.411211395885005, 28.329782793012416 ], [ 85.411283890485947, 28.329831239532545 ], [ 85.411305281461921, 28.329844252623509 ], [ 85.411394273782534, 28.329892646728918 ], [ 85.411415286075709, 28.32990279990177 ], [ 85.411523369238409, 28.329947964196037 ], [ 85.411540493580915, 28.329954061393753 ], [ 85.411645634228734, 28.329985729094901 ], [ 85.411664432185944, 28.329990397260499 ], [ 85.411803863281307, 28.330015889506125 ], [ 85.411846767710529, 28.33002100345232 ], [ 85.411991121961037, 28.330029052284946 ], [ 85.412041362795335, 28.330028694913906 ], [ 85.412138204202378, 28.330023925074308 ], [ 85.412202243492771, 28.330018057880839 ], [ 85.41229308103749, 28.330006056666946 ], [ 85.41231806523399, 28.330001730283218 ], [ 85.412424471870935, 28.329977981278176 ], [ 85.412451653809541, 28.329970517202963 ], [ 85.412513986380489, 28.329950140721973 ], [ 85.412542301117441, 28.329952082611989 ], [ 85.412667639373993, 28.329962244556189 ], [ 85.412671124019653, 28.329962654674272 ], [ 85.412689484503559, 28.329972768856614 ], [ 85.412784403630411, 28.330019054580816 ], [ 85.412831046966915, 28.330039018045756 ], [ 85.412947039898199, 28.330081090520935 ], [ 85.412983141610312, 28.330091944255102 ], [ 85.413063209903171, 28.33011282399633 ], [ 85.413101774332418, 28.330121379717244 ], [ 85.413175828776218, 28.330135246635621 ], [ 85.413217192354665, 28.330141583160295 ], [ 85.413283267687092, 28.330149745768455 ], [ 85.413328098991897, 28.33015396653435 ], [ 85.413403821895827, 28.330158582401328 ], [ 85.413497022828125, 28.330161186139257 ], [ 85.413553525939449, 28.330161379002281 ], [ 85.413724299133293, 28.330157774824656 ], [ 85.413733839132107, 28.33015753396392 ], [ 85.413874293313413, 28.330153405570293 ], [ 85.413926224136773, 28.330150704514338 ], [ 85.414047510806085, 28.330141644771665 ], [ 85.414112812300644, 28.33013488515855 ], [ 85.414223014671776, 28.330120277821511 ], [ 85.414279399402147, 28.330111364999684 ], [ 85.414331002872373, 28.33010187764415 ], [ 85.414371502854976, 28.330093666755243 ], [ 85.41442106935483, 28.330082672889578 ], [ 85.414471450935125, 28.330070275262145 ], [ 85.41451853531288, 28.330057529648847 ], [ 85.414551104235144, 28.33004818152979 ], [ 85.414647027241514, 28.33001906553012 ], [ 85.414767675718863, 28.329987597166106 ], [ 85.414895975595883, 28.329958330429541 ], [ 85.415027421697658, 28.329932493866934 ], [ 85.415161777930891, 28.329910189325883 ], [ 85.415298809822744, 28.329891505767886 ], [ 85.415438180962553, 28.3298765351227 ], [ 85.415579564091402, 28.329865350655723 ], [ 85.415734921326262, 28.329857380746471 ], [ 85.415903903392049, 28.329849719859563 ], [ 85.415956044102941, 28.329848645494653 ], [ 85.41598018803333, 28.329849322851043 ], [ 85.415984036591681, 28.329849693339224 ], [ 85.416108720968779, 28.329949782344073 ], [ 85.416139684008712, 28.329975799600561 ], [ 85.416144613465789, 28.329980370392796 ], [ 85.416159377067231, 28.330007067583786 ], [ 85.41623129842958, 28.330146249617179 ], [ 85.416248897640372, 28.330178590894246 ], [ 85.416287769045653, 28.330246531673808 ], [ 85.41631978262825, 28.330298223723606 ], [ 85.416356781192192, 28.330353593545173 ], [ 85.41640430154537, 28.330418235810118 ], [ 85.416442040838248, 28.330465065772913 ], [ 85.416497828707463, 28.330528166490858 ], [ 85.416561534674742, 28.330593980393882 ], [ 85.416613074385651, 28.330643375829123 ], [ 85.416684664931296, 28.330707055640485 ], [ 85.416735930111031, 28.330749616316275 ], [ 85.416815581451161, 28.330811316584985 ], [ 85.416865186738335, 28.33084736657171 ], [ 85.41695322151439, 28.330907341014345 ], [ 85.416999927383159, 28.33093733630924 ], [ 85.417096085924371, 28.330995488033167 ], [ 85.417139021849422, 28.331020079075355 ], [ 85.417244791179684, 28.331077379251845 ], [ 85.41728325838757, 28.331097210534107 ], [ 85.417399878731146, 28.331154353106292 ], [ 85.417432918356937, 28.331169848695556 ], [ 85.417564501950238, 28.331228853290565 ], [ 85.417619034718598, 28.331251540877073 ], [ 85.417682502598623, 28.331275946829301 ], [ 85.417729771700209, 28.331292893456951 ], [ 85.41781377838339, 28.331320868147625 ], [ 85.417914738767848, 28.331395904022891 ], [ 85.417948930228562, 28.331420225538416 ], [ 85.417986803954648, 28.331445999628279 ], [ 85.418025763066623, 28.331471236494846 ], [ 85.418060662576494, 28.331492739758911 ], [ 85.41810305770359, 28.331517497515474 ], [ 85.418169621542489, 28.33155429702208 ], [ 85.418203685121298, 28.331572323079047 ], [ 85.418279145172946, 28.331610511747073 ], [ 85.418313081415889, 28.331626938432567 ], [ 85.418536995853827, 28.331730490105439 ], [ 85.418598882484019, 28.331760768893847 ], [ 85.418789313224835, 28.331859972201912 ], [ 85.418833088092384, 28.331881513443701 ], [ 85.418937733043805, 28.331930070377961 ], [ 85.418998776295155, 28.331956144866311 ], [ 85.419059159623004, 28.331979781619733 ], [ 85.419120464095343, 28.332001705074767 ], [ 85.419177697099599, 28.332020286488614 ], [ 85.419250059277346, 28.332041104498185 ], [ 85.419305264662768, 28.332054994654882 ], [ 85.419387724165105, 28.332072499300271 ], [ 85.419441475128878, 28.332081837508461 ], [ 85.419533738957398, 28.332094019662414 ], [ 85.419611006321972, 28.332101043890752 ], [ 85.419618695554021, 28.332102137812626 ], [ 85.419628064451004, 28.332104035101462 ], [ 85.419647582234546, 28.332109084067664 ], [ 85.419680717567346, 28.332119354243574 ], [ 85.419717673928986, 28.332132358746602 ], [ 85.419767996864792, 28.332151712995543 ], [ 85.420036545695808, 28.332263503332932 ], [ 85.420057076600244, 28.332271805561216 ], [ 85.420172131666419, 28.332316975946682 ], [ 85.420217735584075, 28.332333723032018 ], [ 85.420338092203181, 28.332374928643453 ], [ 85.420387411607905, 28.332390537602706 ], [ 85.420443274846548, 28.332406798562157 ], [ 85.420481455685476, 28.332417183828955 ], [ 85.42053538080512, 28.33243083485333 ], [ 85.420561555226044, 28.332437128957654 ], [ 85.420729693679533, 28.332475443541352 ], [ 85.42075434963678, 28.332480773401279 ], [ 85.420879858840891, 28.332506444867541 ], [ 85.420917108971565, 28.332513418544426 ], [ 85.421030851383421, 28.33253275712222 ], [ 85.421078637424316, 28.332539844767744 ], [ 85.42118298118784, 28.332553074637406 ], [ 85.421230560877433, 28.332558101157691 ], [ 85.421314988447989, 28.332565245026352 ], [ 85.421353949707481, 28.332567876352925 ], [ 85.42144127979833, 28.332572287582849 ], [ 85.421477845192328, 28.332573552837093 ], [ 85.421568346853945, 28.332575246268068 ], [ 85.421602346536957, 28.332575380845309 ], [ 85.42169642762218, 28.332574365702261 ], [ 85.421727682068266, 28.332573604435055 ], [ 85.421825389239501, 28.332569897495269 ], [ 85.421853735392276, 28.33256847206809 ], [ 85.42195632468065, 28.332562044534363 ], [ 85.421981665130758, 28.332560175659015 ], [ 85.422090213571451, 28.332550963266641 ], [ 85.422112273460996, 28.332548876551808 ], [ 85.422229172824998, 28.332536679521713 ], [ 85.422250366010985, 28.332534268871484 ], [ 85.422387941472707, 28.332517321845643 ], [ 85.422418090701882, 28.332513200368048 ], [ 85.422536460819998, 28.332495411065267 ], [ 85.422574309211001, 28.332489070090329 ], [ 85.422682182754983, 28.332469123246366 ], [ 85.422726391687121, 28.332460035744337 ], [ 85.422826029571368, 28.332437475592627 ], [ 85.422885610291061, 28.332422263360179 ], [ 85.422962054963392, 28.332400497195234 ], [ 85.42301166119762, 28.33238511372717 ], [ 85.423171243946769, 28.33233150070917 ], [ 85.423203325037548, 28.332322055176306 ], [ 85.423213975442934, 28.332319552019985 ], [ 85.423239093358404, 28.332314705797163 ], [ 85.423388977236982, 28.332292097144894 ], [ 85.423451570731956, 28.332312235173969 ], [ 85.423497463811586, 28.332325917743905 ], [ 85.423572300018918, 28.332346492233263 ], [ 85.423607746081302, 28.332355618264021 ], [ 85.423692048624488, 28.332375866177273 ], [ 85.423725976961421, 28.332383464581856 ], [ 85.424021876872843, 28.332444972426973 ], [ 85.424114547638567, 28.332466477012296 ], [ 85.424143885772139, 28.332474371191307 ], [ 85.424167849188933, 28.332481654015208 ], [ 85.424184297820858, 28.332487317133321 ], [ 85.424195176264689, 28.332491562609039 ], [ 85.424202551952689, 28.332494811876302 ], [ 85.424219677789594, 28.332503120811865 ], [ 85.424378991894713, 28.332587298583281 ], [ 85.424400690864672, 28.332598445605385 ], [ 85.424469770323739, 28.332632934602096 ], [ 85.424518526349473, 28.332655761331484 ], [ 85.424590147852797, 28.332687129913971 ], [ 85.424663177175688, 28.332716017869821 ], [ 85.424729048856591, 28.332739377102516 ], [ 85.424803569690354, 28.332762878598093 ], [ 85.424858920065304, 28.332778221229489 ], [ 85.424917773255885, 28.332792836350048 ], [ 85.424976554836164, 28.332805765566416 ], [ 85.425030586993543, 28.33281628205766 ], [ 85.42509340869168, 28.332826937550873 ], [ 85.42514142168848, 28.332834034706217 ], [ 85.425209521712119, 28.332842628411711 ], [ 85.425259815233915, 28.332847851465125 ], [ 85.425380632582147, 28.332857715185622 ], [ 85.425418664778746, 28.332860186712164 ], [ 85.425649150643153, 28.332871336005265 ], [ 85.425738589917131, 28.332877344776957 ], [ 85.425751829979646, 28.332878157662435 ], [ 85.42587287107304, 28.332884889157743 ], [ 85.425932988163041, 28.332886660009354 ], [ 85.426060821547281, 28.332887088157456 ], [ 85.426114405746219, 28.332886021457075 ], [ 85.426250209342854, 28.332880156218032 ], [ 85.426296776672473, 28.332877198443501 ], [ 85.426442805028188, 28.332864944866422 ], [ 85.426479626501703, 28.332861256755322 ], [ 85.426617976028922, 28.332845141972257 ], [ 85.42664594545613, 28.332841534559908 ], [ 85.426800232048734, 28.332819699269105 ], [ 85.42681993723447, 28.332816734933267 ], [ 85.426975019962882, 28.332792019729329 ], [ 85.426984177546828, 28.332790522133976 ], [ 85.427380534198718, 28.332724043121033 ], [ 85.427580813680919, 28.332694615315592 ], [ 85.427671406623077, 28.332683862834276 ], [ 85.427751456723712, 28.332676485504741 ], [ 85.427820049270693, 28.332672253767232 ], [ 85.427875547449887, 28.332670733084537 ], [ 85.427938522117387, 28.332671720665974 ], [ 85.427986241104335, 28.332675020506585 ], [ 85.428022970852709, 28.332679746349509 ], [ 85.428050453789155, 28.33268508997029 ], [ 85.42807083460545, 28.332690528724015 ], [ 85.42809487530549, 28.332698855585779 ], [ 85.4280992907956, 28.332700871024404 ], [ 85.428105310130377, 28.332703905273124 ], [ 85.428107359027749, 28.332705040038547 ], [ 85.428165485062067, 28.332740981882953 ], [ 85.428234723495223, 28.332788741800318 ], [ 85.428320930972873, 28.332853568403728 ], [ 85.4284263246508, 28.332938171145027 ], [ 85.428443019609944, 28.332952568262527 ], [ 85.428460009017982, 28.332968568538188 ], [ 85.428482245449715, 28.332991234913916 ], [ 85.428508096465336, 28.333019488506842 ], [ 85.42857586237966, 28.333099326287183 ], [ 85.428767659028011, 28.333336947722689 ], [ 85.428784470682729, 28.333357175018122 ], [ 85.428838069343129, 28.333419818360706 ], [ 85.428856142599244, 28.333440320820493 ], [ 85.428905966392605, 28.333495192568968 ], [ 85.428929861119144, 28.333520544134966 ], [ 85.428982511488911, 28.333574371731903 ], [ 85.429013106253564, 28.333604273138622 ], [ 85.429064705982, 28.333652492215421 ], [ 85.42910117012481, 28.333684882961119 ], [ 85.429152528173859, 28.333728249198877 ], [ 85.429195078124749, 28.33376220905317 ], [ 85.429246655004704, 28.333801104996947 ], [ 85.42928851637916, 28.333831023720897 ], [ 85.429330645622727, 28.333859542222754 ], [ 85.429363710180354, 28.333881006110612 ], [ 85.429411533345544, 28.333910760690237 ], [ 85.429446325634956, 28.333931475252893 ], [ 85.429631345878946, 28.334036807961379 ], [ 85.429676756940211, 28.334065065776226 ], [ 85.429682078701433, 28.334068794161389 ], [ 85.429695280648062, 28.334078843297767 ], [ 85.429710782713514, 28.334091598518725 ], [ 85.429728670311377, 28.334107431913989 ], [ 85.429748934100189, 28.33412663903351 ], [ 85.429767097785415, 28.334144993301113 ], [ 85.429827181000292, 28.334211266403816 ], [ 85.429877530494352, 28.334272121472964 ], [ 85.429939067058086, 28.334351666248008 ], [ 85.430178996910996, 28.334681632461287 ], [ 85.43018731635685, 28.334692888678624 ], [ 85.430277316021076, 28.33481269858494 ], [ 85.430295762639119, 28.334836425003626 ], [ 85.430385104498811, 28.334947500116332 ], [ 85.430412242079342, 28.334979697649839 ], [ 85.430496608756613, 28.335075280018629 ], [ 85.430522838953109, 28.335103781107733 ], [ 85.430566401712156, 28.335149194261124 ], [ 85.430587474214491, 28.335170476386359 ], [ 85.430630789777538, 28.335212863307248 ], [ 85.430654441268757, 28.335235232552147 ], [ 85.430697722843732, 28.33527479965753 ], [ 85.430724036026035, 28.335297994072985 ], [ 85.430767436585143, 28.335334882106611 ], [ 85.430796510218229, 28.335358650667626 ], [ 85.430840204084632, 28.335393005131031 ], [ 85.430872135300163, 28.335417089573529 ], [ 85.430916191131573, 28.335448958185044 ], [ 85.430950926518648, 28.335472995176762 ], [ 85.430995442190394, 28.335502450358113 ], [ 85.431032965521183, 28.335526128346505 ], [ 85.431078017823069, 28.335553219714207 ], [ 85.431128093011154, 28.335581481349877 ], [ 85.431203512391392, 28.335621361988604 ], [ 85.431258434425516, 28.33564840761283 ], [ 85.431344511608046, 28.335687771781572 ], [ 85.43138742065787, 28.335706281906393 ], [ 85.431483834018081, 28.335745429126014 ], [ 85.431509736287694, 28.33575556349156 ], [ 85.431702333871499, 28.335828106688297 ], [ 85.431762388378772, 28.335851793997431 ], [ 85.431808905715172, 28.33587197854936 ], [ 85.431833020476063, 28.335883888817346 ], [ 85.43185844613005, 28.335898407481125 ], [ 85.431890541001124, 28.335919334018978 ], [ 85.431931869799286, 28.335949527694282 ], [ 85.431985238663714, 28.335992467579484 ], [ 85.43203463044334, 28.3360351936816 ], [ 85.432095868845479, 28.336091005261089 ], [ 85.43233959488802, 28.336323914248595 ], [ 85.432348228275274, 28.336332062766857 ], [ 85.432439283067822, 28.336416944127876 ], [ 85.432457990550489, 28.336433930521629 ], [ 85.432546968737284, 28.336512626592246 ], [ 85.432573588677215, 28.336535331878888 ], [ 85.432656016164273, 28.336603130744855 ], [ 85.432690377953122, 28.336630142977842 ], [ 85.432772967704238, 28.336692178480476 ], [ 85.432815638613121, 28.336722524500832 ], [ 85.432896114417673, 28.336776675783643 ], [ 85.432946634708642, 28.336808571287868 ], [ 85.433026155168747, 28.336855612467595 ], [ 85.433084528032225, 28.336887680352639 ], [ 85.433163759619802, 28.336928000839599 ], [ 85.433208083577242, 28.336949284519591 ], [ 85.43327735797611, 28.33698061268565 ], [ 85.433301283404504, 28.336991085465936 ], [ 85.433373225754551, 28.337021546243424 ], [ 85.433407432398511, 28.337035349807639 ], [ 85.433559456794072, 28.337093726693226 ], [ 85.433601854358074, 28.337109016111196 ], [ 85.433765032256048, 28.337164115733387 ], [ 85.433803679750753, 28.337176382970181 ], [ 85.433978814017351, 28.337228477131923 ], [ 85.434011263699787, 28.337237598879675 ], [ 85.43407942240664, 28.337255656132712 ], [ 85.434108028216045, 28.337262834328676 ], [ 85.434178010894101, 28.337279424252838 ], [ 85.434219179478319, 28.337288376558149 ], [ 85.434365221522469, 28.337317300333957 ], [ 85.434416230043368, 28.337326201183824 ], [ 85.434571610813691, 28.337349691492562 ], [ 85.434617153941701, 28.337355644071827 ], [ 85.434784713982026, 28.337374135991755 ], [ 85.434821004052395, 28.337377558748869 ], [ 85.434975936333061, 28.337389695432837 ], [ 85.435003407823018, 28.337391517002576 ], [ 85.435177154719568, 28.33740095155607 ], [ 85.435202078157857, 28.337402034308273 ], [ 85.435734882706797, 28.337419402727022 ], [ 85.435886998523131, 28.337425649400878 ], [ 85.436075364515006, 28.33743718550452 ], [ 85.436505026285147, 28.337470559044448 ], [ 85.436516869923679, 28.337471417528263 ], [ 85.436629313150178, 28.337478984367632 ], [ 85.436638327863093, 28.337487563877627 ], [ 85.436654350121117, 28.337525749694016 ], [ 85.436673194822177, 28.337566070050439 ], [ 85.436681577119145, 28.337596879982701 ], [ 85.436693314971905, 28.337633235425368 ], [ 85.436717608880159, 28.337698861138477 ], [ 85.436737254565628, 28.337745779814554 ], [ 85.436757915281333, 28.337791286789752 ], [ 85.436780790960583, 28.337837963607154 ], [ 85.436803687509411, 28.33788147451207 ], [ 85.436829459398467, 28.337927228768102 ], [ 85.436855047484741, 28.337969771806062 ], [ 85.436883306020036, 28.338013873194573 ], [ 85.436902047480757, 28.338041928726394 ], [ 85.436949362753083, 28.338109924661492 ], [ 85.43698632531725, 28.338159332746443 ], [ 85.437021787454029, 28.338203512145739 ], [ 85.437049516818448, 28.338234303785764 ], [ 85.437130836450208, 28.338328352428508 ], [ 85.437142268354648, 28.338339770980557 ], [ 85.437292708634814, 28.338462620419591 ], [ 85.437318529805523, 28.338479802024235 ], [ 85.437509487497351, 28.338580102974589 ], [ 85.437541342055056, 28.338592915163989 ], [ 85.437714405139161, 28.338646505226251 ], [ 85.437752278862092, 28.338654942405864 ], [ 85.437832952023498, 28.338669179009429 ], [ 85.43783286128658, 28.338669628858902 ], [ 85.43785333758386, 28.3386728605836 ], [ 85.43785847564456, 28.338673381782048 ], [ 85.437862494211004, 28.338673908569401 ], [ 85.437862513877377, 28.338673791469716 ], [ 85.43797966748204, 28.338685675491291 ], [ 85.438002832781635, 28.338686737695554 ], [ 85.438089465270735, 28.338685754415661 ], [ 85.438089467701261, 28.338686076365068 ], [ 85.43810173804421, 28.338686002987604 ], [ 85.438113491750897, 28.338685481738771 ], [ 85.438134523861507, 28.338685242997208 ], [ 85.438161475383865, 28.338683392845688 ], [ 85.438161471976557, 28.338683353818688 ], [ 85.438189981433752, 28.338682089444532 ], [ 85.438245707497515, 28.33867747048652 ], [ 85.438314588298354, 28.338669660352249 ], [ 85.438376527322475, 28.338660731745485 ], [ 85.438429468705749, 28.338651824008604 ], [ 85.438499893033878, 28.338638259786233 ], [ 85.438578272885351, 28.338620252444034 ], [ 85.438610162331628, 28.338611717060079 ], [ 85.438706905919929, 28.338581037314551 ], [ 85.438707243849223, 28.338580912847402 ], [ 85.438742541826088, 28.338577572430186 ], [ 85.438794589252211, 28.338573890529386 ], [ 85.438897535216938, 28.338569665227613 ], [ 85.438903558099867, 28.338576212486995 ], [ 85.438932247161077, 28.338605379324889 ], [ 85.438998892410496, 28.338666995754554 ], [ 85.439021834978917, 28.338686292951426 ], [ 85.439070529421485, 28.338724703426674 ], [ 85.439097345582994, 28.33874453138985 ], [ 85.439147077830782, 28.338779045440646 ], [ 85.439221463148641, 28.338827451377121 ], [ 85.439235505623941, 28.338841050110737 ], [ 85.439267859957582, 28.338875580775085 ], [ 85.439409274559551, 28.339033605920584 ], [ 85.439436047930272, 28.339062288839109 ], [ 85.439483224274454, 28.339110759477798 ], [ 85.439514256949138, 28.339141215791756 ], [ 85.43955841722817, 28.339182624132079 ], [ 85.439585061261937, 28.339206691512885 ], [ 85.439652532192426, 28.33926540390625 ], [ 85.439668532234307, 28.339279026978272 ], [ 85.439737344500401, 28.339336353094559 ], [ 85.439753739770651, 28.339349715614148 ], [ 85.439823754287957, 28.339405540144863 ], [ 85.439840608947435, 28.339418684089519 ], [ 85.439911692644642, 28.339472899015171 ], [ 85.439929025564268, 28.339485824419459 ], [ 85.440001034137254, 28.339538322494843 ], [ 85.440018927030891, 28.339551070814856 ], [ 85.440091732308574, 28.339601757614528 ], [ 85.440110241483723, 28.339614342850339 ], [ 85.440183710181643, 28.339663124793166 ], [ 85.440202874349438, 28.339675543505749 ], [ 85.440276873077011, 28.339722334229631 ], [ 85.440300116908304, 28.339736604944292 ], [ 85.44039081226974, 28.339790654924499 ], [ 85.440417298023903, 28.339805916724053 ], [ 85.440511426397975, 28.33985833625788 ], [ 85.440537524635062, 28.339872391744748 ], [ 85.440635070868453, 28.339923170723296 ], [ 85.440660707793569, 28.339936078528567 ], [ 85.440761654679477, 28.339985207721835 ], [ 85.440786776088217, 28.339997033108553 ], [ 85.440891104379631, 28.340044503263105 ], [ 85.440915653689743, 28.340055306684064 ], [ 85.441023342073038, 28.340101110327705 ], [ 85.441047338903076, 28.340110980091684 ], [ 85.441070631452121, 28.340120236945982 ], [ 85.441077649744685, 28.340124052342841 ], [ 85.441142734001616, 28.340158039836137 ], [ 85.441170316784095, 28.340171936366403 ], [ 85.441241383206602, 28.34020645607167 ], [ 85.441275200527286, 28.340222160696591 ], [ 85.441446606849212, 28.340298174182116 ], [ 85.441477236370645, 28.3403111971021 ], [ 85.441546661140094, 28.340339465227391 ], [ 85.441575825012833, 28.340350854910266 ], [ 85.441648041664351, 28.340377873336404 ], [ 85.441676038536841, 28.340387918025254 ], [ 85.441751219544329, 28.340413750990276 ], [ 85.441777882202956, 28.340422535867233 ], [ 85.441856278257305, 28.340447270162294 ], [ 85.441881426853584, 28.340454879453301 ], [ 85.441963124132201, 28.340478551254439 ], [ 85.441986634266371, 28.340485086154622 ], [ 85.442072302069221, 28.340507896236065 ], [ 85.442084934195577, 28.340511063004229 ], [ 85.442092279640349, 28.340514574244523 ], [ 85.442142063214675, 28.340536837743329 ], [ 85.442223198930719, 28.340570690400323 ], [ 85.442294276896803, 28.340597484301011 ], [ 85.442369427819003, 28.340622883388779 ], [ 85.442426996460256, 28.340640614895694 ], [ 85.442507463656668, 28.34066303770884 ], [ 85.442542348707477, 28.340672157033598 ], [ 85.442618613402558, 28.340690791830415 ], [ 85.442658449619088, 28.34069976523206 ], [ 85.442731275224688, 28.3407147940156 ], [ 85.442776113691764, 28.340723112516965 ], [ 85.442845872403581, 28.340734613546392 ], [ 85.442886705839385, 28.340740589963175 ], [ 85.442965875401711, 28.340750721884298 ], [ 85.443002122152222, 28.340754775651668 ], [ 85.443077096346471, 28.340761956269834 ], [ 85.443117783462156, 28.340765125344493 ], [ 85.443189280486109, 28.34076941972188 ], [ 85.443234256621039, 28.340771239927282 ], [ 85.443302622971487, 28.340772670073957 ], [ 85.443351944300915, 28.340772646570731 ], [ 85.443417580885267, 28.340771210749214 ], [ 85.443471168061919, 28.340768789390797 ], [ 85.443534086260584, 28.340764476002139 ], [ 85.443591588932833, 28.340759079333289 ], [ 85.443651914290342, 28.340751882594034 ], [ 85.443713031686201, 28.340742911705039 ], [ 85.443770844936736, 28.340732820807716 ], [ 85.443861774126532, 28.340713074546649 ], [ 85.44392796263341, 28.34069581581636 ], [ 85.444003154885607, 28.340673361735277 ], [ 85.444107128905699, 28.340638270271118 ], [ 85.444264262321639, 28.340618446782699 ], [ 85.444287676616781, 28.340615246997462 ], [ 85.444350075068641, 28.340606061918258 ], [ 85.444397361017423, 28.340598082558614 ], [ 85.444452835914745, 28.340587515251386 ], [ 85.444513210898194, 28.340574298380158 ], [ 85.444562978626976, 28.34056196743045 ], [ 85.444620163879009, 28.340546182437894 ], [ 85.4447225570634, 28.340514971089465 ], [ 85.444771536552409, 28.340498787231873 ], [ 85.444868546892863, 28.340464201309075 ], [ 85.444919974444232, 28.340444395416188 ], [ 85.444938268782238, 28.340436813889482 ], [ 85.444999309829285, 28.340440104546918 ], [ 85.445060225045722, 28.340441774475309 ], [ 85.445113611075271, 28.34044182627358 ], [ 85.445180502063437, 28.340439948675872 ], [ 85.445228094649664, 28.340437227782978 ], [ 85.445294475672455, 28.340431499390643 ], [ 85.445380764450661, 28.34042152391941 ], [ 85.445429665223685, 28.340414799571551 ], [ 85.445523657311497, 28.340399800046939 ], [ 85.445561856822195, 28.340393035178401 ], [ 85.445665546865357, 28.340372842988081 ], [ 85.445690947306801, 28.340367594444213 ], [ 85.445829398215622, 28.340337329255433 ], [ 85.445850827557194, 28.340332425941654 ], [ 85.445968147884486, 28.340304376430264 ], [ 85.445998131127737, 28.340296770818824 ], [ 85.446116955771771, 28.340264881929489 ], [ 85.446145415131483, 28.340256839801562 ], [ 85.446265739996093, 28.340221111483814 ], [ 85.446292705361117, 28.340212730833819 ], [ 85.446414529396577, 28.34017316397442 ], [ 85.44644006211368, 28.340164526097713 ], [ 85.446563381210481, 28.340121121548506 ], [ 85.446587528298721, 28.340112303967068 ], [ 85.446712349605534, 28.340065060000569 ], [ 85.446735172545573, 28.340056127856162 ], [ 85.446861504243927, 28.340005041854049 ], [ 85.446883072331445, 28.339996049005713 ], [ 85.447008628726309, 28.3399421026709 ], [ 85.447101114725754, 28.339902870684647 ], [ 85.447356872350611, 28.339800688770698 ], [ 85.447374439937349, 28.339793491764738 ], [ 85.447496260261573, 28.3397423366509 ], [ 85.44753319364267, 28.339726009061589 ], [ 85.447658206524437, 28.33966791650748 ], [ 85.447696972461642, 28.339648940671314 ], [ 85.447752466634199, 28.339620366404574 ], [ 85.447781571768687, 28.339604799628081 ], [ 85.447833326604027, 28.339576065445165 ], [ 85.447867050854484, 28.339556509272654 ], [ 85.447922900421105, 28.339522708077837 ], [ 85.447961310064912, 28.339498286203696 ], [ 85.448013110954378, 28.339463710579366 ], [ 85.44805309027538, 28.339435609079807 ], [ 85.448101145290963, 28.339400059414832 ], [ 85.448142046709208, 28.339368119028833 ], [ 85.448186547717583, 28.339331448599289 ], [ 85.44822753487739, 28.339295710982405 ], [ 85.448268681199337, 28.339257751488727 ], [ 85.448308985922822, 28.339218305011343 ], [ 85.448346831473501, 28.339178996604545 ], [ 85.448385559914342, 28.339136203291577 ], [ 85.448420193718974, 28.339095456739336 ], [ 85.448456624287516, 28.339049709186263 ], [ 85.448488107624911, 28.339007449380354 ], [ 85.448489487021234, 28.33900536016629 ], [ 85.448634014734864, 28.338869006997747 ], [ 85.448646907632735, 28.338852136970043 ], [ 85.448762030836221, 28.338651368030433 ], [ 85.448771075447155, 28.338629060868996 ], [ 85.448817004693367, 28.338473225102856 ], [ 85.448822289791906, 28.338445269739712 ], [ 85.448835162253019, 28.338338357545833 ], [ 85.448836771492239, 28.338307773805706 ], [ 85.448837309801192, 28.33823577018638 ], [ 85.448835936437391, 28.338199285359291 ], [ 85.448832089156539, 28.338147801511123 ], [ 85.448833286272688, 28.33814829453468 ], [ 85.448892264582312, 28.338170576579856 ], [ 85.448925777198951, 28.338182620544558 ], [ 85.449028526210697, 28.338217682437971 ], [ 85.44904595816017, 28.338223469765936 ], [ 85.449132119288933, 28.338251283586789 ], [ 85.449171753884201, 28.338263268134725 ], [ 85.449261609677507, 28.338288627563404 ], [ 85.449279848306375, 28.338293432183736 ], [ 85.449338141548282, 28.338323683829678 ], [ 85.449374710715205, 28.338341778877346 ], [ 85.449513156374124, 28.338407017979897 ], [ 85.44956068066746, 28.338428025704474 ], [ 85.449691132968454, 28.338481981836591 ], [ 85.449733071312295, 28.338498322436052 ], [ 85.449796031356513, 28.338521374066048 ], [ 85.449827176438546, 28.33853225095498 ], [ 85.44988876614886, 28.338552732887027 ], [ 85.449922506456247, 28.338563359112765 ], [ 85.449982841530456, 28.33858131147047 ], [ 85.450019310036836, 28.338591493238688 ], [ 85.450078466672139, 28.338606936743936 ], [ 85.450132589402784, 28.338619648185837 ], [ 85.450192698765392, 28.338632213558267 ], [ 85.450247753571333, 28.338642147986977 ], [ 85.450249831252648, 28.338643495926508 ], [ 85.450325317615992, 28.33868804158951 ], [ 85.450366975914463, 28.338710322065751 ], [ 85.450429237521277, 28.338741046131197 ], [ 85.450469665711083, 28.338759387618513 ], [ 85.450517738551341, 28.338779811193788 ], [ 85.450564420231231, 28.338798331094132 ], [ 85.450604642025326, 28.338813381659332 ], [ 85.450787776451548, 28.338877855075157 ], [ 85.450862250865711, 28.338905249350152 ], [ 85.450892189039465, 28.338915774125493 ], [ 85.450972667033184, 28.33894277228142 ], [ 85.451004701454494, 28.33895298122836 ], [ 85.451083940659331, 28.338976919304979 ], [ 85.45111818212547, 28.338986670541207 ], [ 85.451196150026036, 28.339007539145506 ], [ 85.451232739108377, 28.339016677498648 ], [ 85.451309401162462, 28.33903446631215 ], [ 85.451348401520249, 28.339042794311215 ], [ 85.451423733292799, 28.339057499447804 ], [ 85.451465232969298, 28.339064805187604 ], [ 85.451539212064944, 28.339076422784377 ], [ 85.4515832865318, 28.339082467863594 ], [ 85.45165588956128, 28.339090992241402 ], [ 85.451715653517368, 28.339096429939747 ], [ 85.451777460505355, 28.339100430192829 ], [ 85.451827423774972, 28.33910257581066 ], [ 85.451942935884134, 28.339105026435895 ], [ 85.4519474073754, 28.339105249565812 ], [ 85.451965888227818, 28.33910734618636 ], [ 85.451998149090741, 28.339113239810214 ], [ 85.452068148968877, 28.339130031223025 ], [ 85.452304554751976, 28.339195581390655 ], [ 85.452330318043209, 28.339202396305375 ], [ 85.452442359230886, 28.339230615457392 ], [ 85.452481422687498, 28.339239718290067 ], [ 85.452542968009553, 28.339252912636798 ], [ 85.452580163885884, 28.339260238794125 ], [ 85.45263785051246, 28.339270604195875 ], [ 85.452680564657314, 28.339277445382645 ], [ 85.452735547395363, 28.339285186275191 ], [ 85.452783200424946, 28.339290879790344 ], [ 85.452836067697504, 28.339296076856648 ], [ 85.452904185758868, 28.339300736173897 ], [ 85.452966876719458, 28.339303159318717 ], [ 85.452994807226347, 28.339303659059482 ], [ 85.453017641088849, 28.339316216277176 ], [ 85.453131024419804, 28.3393701101493 ], [ 85.45316191724983, 28.339382640696517 ], [ 85.45318958257235, 28.339392179929046 ], [ 85.453223411386759, 28.339420889899621 ], [ 85.453248681436989, 28.339440825775711 ], [ 85.45330738308256, 28.33948376516954 ], [ 85.453342213266851, 28.339507362597036 ], [ 85.453391690863157, 28.33953885424609 ], [ 85.453429537576511, 28.339561456102366 ], [ 85.453476478421635, 28.339587869542406 ], [ 85.453517687503833, 28.339609684613105 ], [ 85.453560741398675, 28.339631239459262 ], [ 85.453606013356236, 28.339652639391424 ], [ 85.453651412911213, 28.339672696387073 ], [ 85.453697512130688, 28.339709016915226 ], [ 85.453713200395271, 28.339720246831366 ], [ 85.453812120846962, 28.339782807357999 ], [ 85.45382971218946, 28.33979258595058 ], [ 85.453927719313867, 28.339840635073621 ], [ 85.453947402924939, 28.339849070076678 ], [ 85.454037816776491, 28.339883160221341 ], [ 85.454059986965817, 28.339890423967105 ], [ 85.45415775019508, 28.339917598064464 ], [ 85.45420052648717, 28.339927429210761 ], [ 85.45426469553864, 28.339940237922352 ], [ 85.454293857662179, 28.339945190502366 ], [ 85.454339791357171, 28.339961606673938 ], [ 85.454352881318741, 28.33998507317455 ], [ 85.454377473541754, 28.340027543892877 ], [ 85.454410670044666, 28.340080427544507 ], [ 85.454439352407832, 28.340122715367105 ], [ 85.4544971793283, 28.340198903494425 ], [ 85.454526440104246, 28.340233513039372 ], [ 85.454581793056278, 28.340293443383878 ], [ 85.454615942232095, 28.340327339368653 ], [ 85.45465017127087, 28.340359680063894 ], [ 85.454686954818456, 28.340392767455231 ], [ 85.454721425923253, 28.340422348403997 ], [ 85.454760721008654, 28.340454515701371 ], [ 85.454795346036207, 28.340481597990973 ], [ 85.454836994388899, 28.340512715242404 ], [ 85.454871789714005, 28.340537576848007 ], [ 85.454915657188025, 28.340567538742551 ], [ 85.454950647657995, 28.34059040087757 ], [ 85.454996462560473, 28.340619020223482 ], [ 85.455031877765634, 28.340640173747389 ], [ 85.455079382381101, 28.340667284269191 ], [ 85.455115284753134, 28.340686855697033 ], [ 85.455164157267077, 28.340712279563579 ], [ 85.455173112555016, 28.340716884219766 ], [ 85.455248222856767, 28.340755054376594 ], [ 85.455295618718424, 28.340777689433498 ], [ 85.455337200258583, 28.340796310622654 ], [ 85.455434138576322, 28.340834259676196 ], [ 85.455474133486888, 28.340847764614686 ], [ 85.455622854905883, 28.34088681122169 ], [ 85.455659275477387, 28.340893758655493 ], [ 85.455838484623527, 28.340913474862635 ], [ 85.45587216290933, 28.340914520406997 ], [ 85.456020169117267, 28.340909595468894 ], [ 85.456058385654742, 28.340905852217031 ], [ 85.456157209960438, 28.340891801000826 ], [ 85.456196135644134, 28.340884517093443 ], [ 85.456242457808813, 28.340874845029113 ], [ 85.456324744084014, 28.340855859957326 ], [ 85.456329092756405, 28.340854847562461 ], [ 85.456400779790187, 28.340838008934291 ], [ 85.456403120227861, 28.340837835608742 ], [ 85.456455290497729, 28.340833031790144 ], [ 85.456498977037512, 28.340828163798463 ], [ 85.456549108061452, 28.340821602253271 ], [ 85.456595562168488, 28.340814548008609 ], [ 85.456643604855273, 28.340806237208806 ], [ 85.456692940962995, 28.34079657427629 ], [ 85.45673883088358, 28.340786525227877 ], [ 85.456791054329884, 28.340773777953636 ], [ 85.456834739294308, 28.340762001801345 ], [ 85.456910410015681, 28.340738692529875 ], [ 85.456943157020035, 28.340727310625507 ], [ 85.457030802314591, 28.340692548886434 ], [ 85.457063948170841, 28.340677706752594 ], [ 85.45713793640833, 28.340641082180667 ], [ 85.457171835274693, 28.340622624985269 ], [ 85.457231982602764, 28.340587218211848 ], [ 85.457267324286633, 28.34056477651292 ], [ 85.457325772815125, 28.340524745454356 ], [ 85.457377043905893, 28.340486924013767 ], [ 85.457378567496548, 28.340487298367272 ], [ 85.457426245617228, 28.340497568424013 ], [ 85.457495740108655, 28.340510289840243 ], [ 85.45753818073581, 28.340516705594659 ], [ 85.457632438425975, 28.340526986038618 ], [ 85.457675748681751, 28.340529907162288 ], [ 85.457796929544486, 28.340531691362806 ], [ 85.457836824344909, 28.340530179523228 ], [ 85.457975529740864, 28.34051646717387 ], [ 85.458012669431739, 28.340510496448022 ], [ 85.458159888438459, 28.340476629417292 ], [ 85.458194625844925, 28.340466136110948 ], [ 85.458314261335332, 28.34041970974501 ], [ 85.45836788166477, 28.340431239933913 ], [ 85.458403741370333, 28.340437401434567 ], [ 85.458488571124292, 28.340448725504807 ], [ 85.458526986358962, 28.340452399675588 ], [ 85.458602625294787, 28.340457125830387 ], [ 85.458643943437409, 28.340458344571957 ], [ 85.458708345450063, 28.340458444331549 ], [ 85.458751657270483, 28.340457301154686 ], [ 85.458804890770736, 28.340454662720749 ], [ 85.45885246125917, 28.340451199464194 ], [ 85.458910260575223, 28.340445519789888 ], [ 85.459032375611685, 28.340430390949081 ], [ 85.459092539953232, 28.340421305784513 ], [ 85.45918127372947, 28.340405475663751 ], [ 85.459259153114857, 28.340388740213424 ], [ 85.459348787273527, 28.340366145053494 ], [ 85.459421599788982, 28.340345145338883 ], [ 85.459510481869415, 28.340316202384603 ], [ 85.459579970505175, 28.340290967041238 ], [ 85.459666498583289, 28.340256196999583 ], [ 85.459733958095896, 28.340226380650527 ], [ 85.459816459394247, 28.340186478519858 ], [ 85.459882936313292, 28.340151363766054 ], [ 85.459960303110648, 28.340106888335111 ], [ 85.46002653492117, 28.340065408264131 ], [ 85.460097637790014, 28.340017009232859 ], [ 85.460163800020169, 28.339967891222102 ], [ 85.460227769431043, 28.339916163467613 ], [ 85.46028791780293, 28.339863302319394 ], [ 85.460311220073521, 28.339841046083851 ], [ 85.46035875725839, 28.339792260028769 ], [ 85.46038137837742, 28.33976729579706 ], [ 85.460420228289436, 28.339721519247036 ], [ 85.460442372392507, 28.33969362640692 ], [ 85.460473397488514, 28.339652163390081 ], [ 85.460495410541469, 28.339620906328573 ], [ 85.460527708125369, 28.339571648287802 ], [ 85.460569864418616, 28.339502409231176 ], [ 85.460592805416454, 28.339462376561244 ], [ 85.460629512763504, 28.339394166297787 ], [ 85.460704345991445, 28.339393738439181 ], [ 85.460909846563681, 28.339397731695129 ], [ 85.460958006343034, 28.339399540182821 ], [ 85.461137207471793, 28.339411040920542 ], [ 85.461187199630032, 28.33941316006684 ], [ 85.461244614640975, 28.339414345726187 ], [ 85.461298738815529, 28.339414192552791 ], [ 85.461350157711053, 28.33941283946352 ], [ 85.461450174955417, 28.339405839781293 ], [ 85.461510416344936, 28.339398972572049 ], [ 85.461625000490272, 28.339379967336701 ], [ 85.461692201544139, 28.339365259966517 ], [ 85.461764955987348, 28.339346698683844 ], [ 85.461806082918272, 28.339366084884407 ], [ 85.461892674223876, 28.339402389708908 ], [ 85.461937608973543, 28.339418989910314 ], [ 85.462005069357787, 28.339441469421171 ], [ 85.462117857174107, 28.339475077069658 ], [ 85.462157618724476, 28.339486129923493 ], [ 85.462254083216507, 28.339511040982057 ], [ 85.462306935196295, 28.33952334018165 ], [ 85.46239546492005, 28.339541713284166 ], [ 85.462460956471659, 28.339553317753463 ], [ 85.46254301776024, 28.33956540048392 ], [ 85.462621875805496, 28.339574233598839 ], [ 85.462699780062394, 28.339580242448253 ], [ 85.462792290547569, 28.339583645545929 ], [ 85.462865347760669, 28.339583396753081 ], [ 85.46297016558033, 28.33957826012464 ], [ 85.463038778686879, 28.339571751017516 ], [ 85.463153512279192, 28.339554967695882 ], [ 85.463217899871367, 28.339542175475291 ], [ 85.463326154677716, 28.339515040553458 ], [ 85.463351786118423, 28.339507241080305 ], [ 85.463431768084035, 28.339479518856962 ], [ 85.463459964219595, 28.339468512774783 ], [ 85.46347276051894, 28.339463069974141 ], [ 85.463530926822116, 28.339458016444144 ], [ 85.463558035499375, 28.339454101710977 ], [ 85.46374036081906, 28.339412177206022 ], [ 85.463763473866052, 28.339404787905121 ], [ 85.463923726503168, 28.339339175742495 ], [ 85.463939259142691, 28.339331305740501 ], [ 85.464036722541778, 28.33927516329484 ], [ 85.464053261770346, 28.339264400352032 ], [ 85.464087002391324, 28.339240077561161 ], [ 85.464252036145936, 28.339197861966436 ], [ 85.46429754973056, 28.339185191806052 ], [ 85.464348871571232, 28.339169728520069 ], [ 85.464394307622385, 28.339154965174838 ], [ 85.464439800562104, 28.339139089665071 ], [ 85.464480901835657, 28.339123820277848 ], [ 85.464572699505524, 28.339087609113747 ], [ 85.464601418377441, 28.339075804179789 ], [ 85.464696118817074, 28.33903528455458 ], [ 85.464721719278387, 28.339023935815959 ], [ 85.464820271825374, 28.338978705061823 ], [ 85.464842581072332, 28.338968153531308 ], [ 85.464946804217107, 28.338917379238854 ], [ 85.464970935334705, 28.338905241820978 ], [ 85.465166624626903, 28.338803672135665 ], [ 85.4651847137565, 28.338794059316161 ], [ 85.465536273333484, 28.338602829058889 ], [ 85.465663889929488, 28.338534858939379 ], [ 85.465787039437913, 28.338472231643479 ], [ 85.465885189166428, 28.338425592973493 ], [ 85.46595907509851, 28.338394280340491 ], [ 85.466051449499489, 28.338360201117037 ], [ 85.466167048732785, 28.338322075075155 ], [ 85.466410735036291, 28.33824704701075 ], [ 85.466461323351226, 28.338240537628845 ], [ 85.466570679251106, 28.338221011638701 ], [ 85.466616042033877, 28.338210598592791 ], [ 85.466708268990459, 28.338185248733367 ], [ 85.466778745067444, 28.33816258844757 ], [ 85.466846987283219, 28.33813814511274 ], [ 85.466911686293557, 28.338112529090989 ], [ 85.466940347228601, 28.338099807584715 ], [ 85.467149504050695, 28.33806857839782 ], [ 85.467214861119871, 28.338060070496969 ], [ 85.467253557954919, 28.338056580629956 ], [ 85.467257780125692, 28.338056428803277 ], [ 85.467265534924991, 28.338057729728639 ], [ 85.467348847871349, 28.338075786657104 ], [ 85.467596176251476, 28.338139246192615 ], [ 85.467620919336923, 28.338145297243734 ], [ 85.467733208267148, 28.338171416487256 ], [ 85.467772204768863, 28.33817976540151 ], [ 85.467832432432118, 28.338191555437927 ], [ 85.467870892859395, 28.338198400683005 ], [ 85.467926292482943, 28.338207283621404 ], [ 85.467972145039738, 28.338213685980609 ], [ 85.468023827974477, 28.338219839468007 ], [ 85.468077299808613, 28.338224940128192 ], [ 85.468125820068565, 28.338228426346092 ], [ 85.468195723051693, 28.338231317962503 ], [ 85.468253251643986, 28.338231949595222 ], [ 85.468342739274419, 28.338229455155211 ], [ 85.468396416453075, 28.338225867579091 ], [ 85.468496741168792, 28.338214715324121 ], [ 85.468546962108221, 28.338206878686073 ], [ 85.468655235930868, 28.338184539466418 ], [ 85.468702252115492, 28.33817241417767 ], [ 85.468814106924512, 28.33813719925827 ], [ 85.468858183654078, 28.338120707078108 ], [ 85.468968127838323, 28.338072477731121 ], [ 85.469009340156717, 28.338051577091761 ], [ 85.469111705053763, 28.337992171010509 ], [ 85.469148741353095, 28.337967744201492 ], [ 85.469226476119843, 28.33796976878498 ], [ 85.469278671701701, 28.337969946093864 ], [ 85.469342530825429, 28.337968716943465 ], [ 85.469402625576336, 28.33796598941553 ], [ 85.469458240253957, 28.337962007102799 ], [ 85.469488895463527, 28.337959399262449 ], [ 85.469669607109722, 28.337941586485872 ], [ 85.469831670762801, 28.337927283947849 ], [ 85.46998356256087, 28.33791564250355 ], [ 85.470127013176636, 28.337906482416052 ], [ 85.470263960117549, 28.337899640338108 ], [ 85.470394656591495, 28.337895065069024 ], [ 85.470519828925447, 28.337892675784513 ], [ 85.470639922658535, 28.33789241052968 ], [ 85.470756568284401, 28.337894239224521 ], [ 85.470868833148003, 28.337898120556368 ], [ 85.47097706833749, 28.337904006216785 ], [ 85.471081507197823, 28.337911849825034 ], [ 85.471182431594713, 28.337921614477988 ], [ 85.471280010976315, 28.337933256596379 ], [ 85.471374423893252, 28.337946738026965 ], [ 85.471478485262267, 28.33796414007125 ], [ 85.471623143445356, 28.337988641299827 ], [ 85.471652874377568, 28.337994297795941 ], [ 85.471662337762226, 28.337999644515786 ], [ 85.471815748421776, 28.3380918620059 ], [ 85.471854230565171, 28.33811389250938 ], [ 85.471903700474243, 28.33814083787723 ], [ 85.47194685386394, 28.338163072581448 ], [ 85.471992187992711, 28.33818513414397 ], [ 85.472041101837632, 28.33820743885774 ], [ 85.472167978787681, 28.338261513328028 ], [ 85.472210260718711, 28.338278495703548 ], [ 85.472351116251147, 28.338331682383117 ], [ 85.472385753761728, 28.338344102648353 ], [ 85.472543841894407, 28.338397827797209 ], [ 85.472568161648212, 28.338405780397586 ], [ 85.472775973642655, 28.338471090757452 ], [ 85.472796906736605, 28.33847744405859 ], [ 85.472942354755489, 28.338520033776675 ], [ 85.472968568650188, 28.338527364386703 ], [ 85.473127822295567, 28.338569818768995 ], [ 85.47314922917073, 28.338575300444269 ], [ 85.473326291772551, 28.338618792388164 ], [ 85.473341492032063, 28.338622414528089 ], [ 85.473568791846262, 28.338674916834943 ], [ 85.473582685902372, 28.338678033997638 ], [ 85.473872033527016, 28.338741038641789 ], [ 85.473893981956394, 28.338745590812014 ], [ 85.474162856334175, 28.338798589804508 ], [ 85.474188230578108, 28.33880329279544 ], [ 85.474442844798702, 28.338847502836337 ], [ 85.474471372510877, 28.338852084642074 ], [ 85.474714590976944, 28.338887996315712 ], [ 85.474751163458905, 28.338892795281762 ], [ 85.474878575439135, 28.338907430953792 ], [ 85.474915472923115, 28.338911066476957 ], [ 85.475058178430743, 28.338922805361658 ], [ 85.47508371284178, 28.33892461996674 ], [ 85.475219645493084, 28.338932761373368 ], [ 85.475231461839272, 28.338933408172156 ], [ 85.475540098059398, 28.338948711145612 ], [ 85.475669264909087, 28.338957285047488 ], [ 85.475772945722255, 28.338967079309853 ], [ 85.475866677710897, 28.338979387716876 ], [ 85.476043883401019, 28.33900668469888 ], [ 85.476146242377709, 28.339024513292397 ], [ 85.476223548786663, 28.339040585872475 ], [ 85.476291006728545, 28.339057651704014 ], [ 85.476309727277908, 28.339062971564275 ], [ 85.476315644079591, 28.339071286319363 ], [ 85.476349389495127, 28.33911621923594 ], [ 85.476381654473869, 28.339156722611353 ], [ 85.476413968738584, 28.339195010601127 ], [ 85.476450812942915, 28.339236117088067 ], [ 85.476506070656242, 28.339294215090593 ], [ 85.476539313073218, 28.339327470202441 ], [ 85.4766000384042, 28.339385288092476 ], [ 85.476632057438408, 28.339414429693246 ], [ 85.476698840083358, 28.339472533603022 ], [ 85.476728608483342, 28.339497413309871 ], [ 85.47680265546704, 28.339556857301336 ], [ 85.476827298324991, 28.339576010187681 ], [ 85.476897837500516, 28.339629081150814 ], [ 85.476917081475463, 28.339643203616735 ], [ 85.476997482263812, 28.339700750088998 ], [ 85.477013844054909, 28.339712217938896 ], [ 85.477334788012612, 28.339932472082456 ], [ 85.477495944993137, 28.340044235240669 ], [ 85.477510778303781, 28.340054329229773 ], [ 85.477665958060001, 28.340157937460688 ], [ 85.477682871459947, 28.340168989738288 ], [ 85.47783235646925, 28.340264581318387 ], [ 85.477851357904783, 28.340276442783917 ], [ 85.477993695264971, 28.340363162364099 ], [ 85.478427589840138, 28.340631144794134 ], [ 85.478455175718864, 28.340647596893106 ], [ 85.478570673371337, 28.340714081671148 ], [ 85.478604694995212, 28.340732834458695 ], [ 85.47870939765447, 28.340788050014083 ], [ 85.478756252115204, 28.340811301772948 ], [ 85.47886972926193, 28.340864189134439 ], [ 85.478915084422681, 28.340884071569025 ], [ 85.478969636412415, 28.340906511650054 ], [ 85.479003701497703, 28.340919860512614 ], [ 85.479057137815971, 28.340939775532807 ], [ 85.479094282277003, 28.340952866390868 ], [ 85.479146858680451, 28.340970347648614 ], [ 85.479187029801878, 28.340982863851107 ], [ 85.479238827557808, 28.340997934815462 ], [ 85.479281916107752, 28.341009545543429 ], [ 85.479333059153404, 28.341022241891714 ], [ 85.479378876135684, 28.341032608577862 ], [ 85.479429465091187, 28.341042955799633 ], [ 85.479476066882711, 28.341051479525827 ], [ 85.479541065606924, 28.341061975622782 ], [ 85.479584412138266, 28.341068125614171 ], [ 85.479652295219964, 28.34107643544597 ], [ 85.479692720931254, 28.341080658657894 ], [ 85.479763609530536, 28.341086798010398 ], [ 85.479801066227452, 28.341089426755524 ], [ 85.479875159006312, 28.341093413180587 ], [ 85.479909578221779, 28.341094749311686 ], [ 85.479986892358667, 28.34109659382543 ], [ 85.480018283190319, 28.341096915150693 ], [ 85.480099436526118, 28.341096640878067 ], [ 85.480127750630643, 28.34109619730966 ], [ 85.480213276634544, 28.341093806578318 ], [ 85.480238455867877, 28.341092827161624 ], [ 85.480329488306552, 28.341088288373335 ], [ 85.480377700585294, 28.341084868333503 ], [ 85.480469677478311, 28.341076397814351 ], [ 85.480533226811474, 28.341068751749923 ], [ 85.480635079449783, 28.34105359795597 ], [ 85.480679116185016, 28.341046162237536 ], [ 85.480778487649786, 28.341027371560916 ], [ 85.480798634975088, 28.341023372690316 ], [ 85.48103614535728, 28.340973992137076 ], [ 85.481077996215248, 28.340966446566075 ], [ 85.481108980728806, 28.340961762580623 ], [ 85.481128203542198, 28.340959497373646 ], [ 85.481141746480006, 28.340958336486946 ], [ 85.481204544424841, 28.340955780103851 ], [ 85.481273457941626, 28.340956707247877 ], [ 85.481362279414924, 28.340962099177318 ], [ 85.48145104889349, 28.340970781470705 ], [ 85.48156096512686, 28.340984597602414 ], [ 85.481866531679955, 28.341031025203041 ], [ 85.481896670422117, 28.341039956809542 ], [ 85.481955678176107, 28.341055706272137 ], [ 85.482004188783648, 28.341067251410031 ], [ 85.482037407966132, 28.34107463047933 ], [ 85.482120399956131, 28.341091760507751 ], [ 85.482150726965514, 28.341097591236245 ], [ 85.482215718743575, 28.341109173512027 ], [ 85.482278984404189, 28.341118626932648 ], [ 85.482347124797229, 28.341126867896179 ], [ 85.482406049727999, 28.341132456965276 ], [ 85.482477551518485, 28.341137385151228 ], [ 85.482531641433411, 28.341139837215323 ], [ 85.482606855171838, 28.341141477275695 ], [ 85.482655586553108, 28.341141509610381 ], [ 85.482734353612699, 28.341139896777076 ], [ 85.482777488168807, 28.341138204833054 ], [ 85.482861220228273, 28.34113334758365 ], [ 85.482898619691014, 28.341130565831737 ], [ 85.482988451866333, 28.341122409094904 ], [ 85.483019594691285, 28.341119152580845 ], [ 85.483118970088043, 28.34110738807555 ], [ 85.483170822187887, 28.341100043072426 ], [ 85.483236196281936, 28.341089248678632 ], [ 85.483306793208371, 28.341075283153888 ], [ 85.48335210547225, 28.341064813878237 ], [ 85.483353977827093, 28.341064463948189 ], [ 85.483422597220553, 28.341049424947986 ], [ 85.483505032298638, 28.341028650654366 ], [ 85.483575115486985, 28.341008541306433 ], [ 85.483654324603208, 28.340982981142975 ], [ 85.483724281445973, 28.340957772574853 ], [ 85.483800484905899, 28.340927355895818 ], [ 85.483868777263936, 28.340897329921496 ], [ 85.483914780579155, 28.340875169170832 ], [ 85.483948835558337, 28.340862374146006 ], [ 85.483989486546875, 28.340848594869247 ], [ 85.484010197258954, 28.34084259712662 ], [ 85.484015008270404, 28.340841486996396 ], [ 85.484030933085819, 28.340838846278096 ], [ 85.484070878504895, 28.340834445869913 ], [ 85.484128019133664, 28.340830301457125 ], [ 85.484324105778768, 28.340819457133851 ], [ 85.484355500180698, 28.340817289999507 ], [ 85.484453958848661, 28.340809138801681 ], [ 85.484505819982502, 28.340803656977361 ], [ 85.484593228161543, 28.340792402799678 ], [ 85.484660100314088, 28.340781769572143 ], [ 85.484738437913961, 28.340766914586435 ], [ 85.484812064074347, 28.340750393976744 ], [ 85.484884207738745, 28.340731650671497 ], [ 85.484950997516947, 28.340712060414113 ], [ 85.485024668203437, 28.340687926154338 ], [ 85.48508370416323, 28.34066670830456 ], [ 85.485159524889326, 28.340636984237388 ], [ 85.485210391809659, 28.340615536611967 ], [ 85.485289458075911, 28.340579795379995 ], [ 85.485331037998805, 28.340559911594166 ], [ 85.485410819575321, 28.340519618750829 ], [ 85.485443494812642, 28.340502393933871 ], [ 85.485530686498905, 28.340454459620741 ], [ 85.485561842514812, 28.340436628294558 ], [ 85.4858930140186, 28.340239439185936 ], [ 85.485950223837804, 28.340206890864639 ], [ 85.485992747562335, 28.340184095467787 ], [ 85.486036482554738, 28.340162563569912 ], [ 85.48606622614588, 28.340149555435616 ], [ 85.486085345264158, 28.340142343154824 ], [ 85.486100615508704, 28.340137561389479 ], [ 85.486210633063251, 28.34010925219329 ], [ 85.48632910271499, 28.340083948028152 ], [ 85.486449180621776, 28.340063382638895 ], [ 85.486573117351838, 28.34004733000657 ], [ 85.486652698123706, 28.340039746765811 ], [ 85.486735641070865, 28.34003406446676 ], [ 85.48681724622179, 28.340030681583077 ], [ 85.486897106606364, 28.340029566617329 ], [ 85.486974816612985, 28.340030664171522 ], [ 85.487050086296307, 28.340033898020017 ], [ 85.487122603162021, 28.340039170659054 ], [ 85.487180780546694, 28.340045195744633 ], [ 85.487210493293148, 28.340049830649246 ], [ 85.48725017100179, 28.340058622841298 ], [ 85.487325513438023, 28.340079359648257 ], [ 85.487563682516125, 28.340153169422457 ], [ 85.487586496449069, 28.34015997319165 ], [ 85.487698073342699, 28.340191956254479 ], [ 85.487732749544676, 28.340201296991783 ], [ 85.487793980754887, 28.340216744590872 ], [ 85.487827108598069, 28.340224571954593 ], [ 85.487884468546952, 28.34023721490869 ], [ 85.487922601537861, 28.340244936010375 ], [ 85.487977242382527, 28.340255028067443 ], [ 85.488020034454166, 28.340262092141472 ], [ 85.488071835179525, 28.340269635121654 ], [ 85.488161378261765, 28.340282787334324 ], [ 85.488422148703947, 28.340328756137421 ], [ 85.488448143086913, 28.340333029264329 ], [ 85.488577806967982, 28.34035280976105 ], [ 85.488616540406426, 28.340358042964656 ], [ 85.488685790964624, 28.340366198298124 ], [ 85.488723063805665, 28.340369971900866 ], [ 85.488786841734182, 28.340375379767284 ], [ 85.488830871183268, 28.340378263871806 ], [ 85.488890307495751, 28.340381014425667 ], [ 85.488941155691862, 28.340382243838093 ], [ 85.488996793746566, 28.340382361154816 ], [ 85.48905937154629, 28.340380793356115 ], [ 85.48911934407208, 28.340377659059698 ], [ 85.489195343470158, 28.340371154318085 ], [ 85.489251197735427, 28.340364498773702 ], [ 85.489336003630811, 28.340351146405279 ], [ 85.489388028823299, 28.340340933111328 ], [ 85.489480201547025, 28.340318785685252 ], [ 85.489528578703286, 28.340304979649826 ], [ 85.489625761824243, 28.340272320287102 ], [ 85.489670680536122, 28.3402548586356 ], [ 85.4897692696089, 28.340210751488272 ], [ 85.489810780210107, 28.340189608612704 ], [ 85.489906569577386, 28.340134269924533 ], [ 85.489944751217237, 28.34010940248659 ], [ 85.490033410836915, 28.340044530598036 ], [ 85.490068323174597, 28.340015903166734 ], [ 85.490143431945611, 28.339947438553725 ], [ 85.490168307297651, 28.339922223388854 ], [ 85.4902209517779, 28.339864194702876 ], [ 85.49024684344532, 28.339833111812165 ], [ 85.490288615594807, 28.339778949140911 ], [ 85.490356230288242, 28.339684047387014 ], [ 85.49037043635802, 28.339673781970724 ], [ 85.490393162043361, 28.339658892609577 ], [ 85.490427166549225, 28.339638348213509 ], [ 85.490673439223187, 28.339501279720182 ], [ 85.490701918219926, 28.33948483658051 ], [ 85.49081079057143, 28.339419660667353 ], [ 85.49085234446801, 28.339393419738677 ], [ 85.490909256592559, 28.339355542879677 ], [ 85.490946646957042, 28.339329426789583 ], [ 85.490997832076502, 28.339291926050613 ], [ 85.491038302422879, 28.339260649422599 ], [ 85.491084767614382, 28.33922278506386 ], [ 85.491126909906498, 28.339186399012796 ], [ 85.491169138221451, 28.339147771157382 ], [ 85.49118278475305, 28.339135042824463 ], [ 85.491396105663355, 28.338932161336047 ], [ 85.491426020237881, 28.338902421322334 ], [ 85.491486009526795, 28.338840065114464 ], [ 85.491517743288696, 28.338805376780325 ], [ 85.491567679454207, 28.338747943559426 ], [ 85.491606296544532, 28.338700415388125 ], [ 85.491652245092311, 28.338639809024201 ], [ 85.491695886019755, 28.338576816965073 ], [ 85.49173281771462, 28.338518256129326 ], [ 85.491776164831435, 28.338441076731382 ], [ 85.491804601546519, 28.33838372516448 ], [ 85.491843369307645, 28.338292416817907 ], [ 85.491863520201065, 28.338235840028755 ], [ 85.491890950010273, 28.338141245069924 ], [ 85.491905167380835, 28.338078221904922 ], [ 85.491919060745872, 28.337997982533125 ], [ 85.491927399708445, 28.337929306915409 ], [ 85.491932808983393, 28.337859002450468 ], [ 85.491935228204895, 28.337785002440377 ], [ 85.491934859278132, 28.337723280154311 ], [ 85.491931339366758, 28.337644463652921 ], [ 85.491927004621743, 28.337589697493041 ], [ 85.49191750931773, 28.337506250016656 ], [ 85.491910324512943, 28.337456836641671 ], [ 85.491894967232042, 28.33737019082724 ], [ 85.491885563712685, 28.337324763864029 ], [ 85.491864571154537, 28.337236203783071 ], [ 85.491853062599731, 28.337192976791183 ], [ 85.491826922380625, 28.337104596245414 ], [ 85.491801297869245, 28.337030953014512 ], [ 85.491780087283843, 28.336978129093055 ], [ 85.4917389593802, 28.336890579360162 ], [ 85.491708234676977, 28.336833791984219 ], [ 85.49168525105911, 28.336794930343554 ], [ 85.491774857078894, 28.336795522719584 ], [ 85.491812294184541, 28.336794290487461 ], [ 85.4918989969091, 28.336788153045703 ], [ 85.491933246942097, 28.336784422586369 ], [ 85.492032077428149, 28.336769261443276 ], [ 85.492063768659946, 28.336762965699847 ], [ 85.492171060760626, 28.336736124906107 ], [ 85.492200495031483, 28.336727197725125 ], [ 85.492286090340983, 28.336697356481412 ], [ 85.49234237614894, 28.336675089109313 ], [ 85.492427552565914, 28.336637068005892 ], [ 85.492472080884468, 28.336614821347521 ], [ 85.492581397695574, 28.336551719883492 ], [ 85.492617561783021, 28.336527792316961 ], [ 85.492742742403536, 28.336429843578617 ], [ 85.492770772111228, 28.336403993981982 ], [ 85.492880995237599, 28.336283020085439 ], [ 85.492898625565005, 28.336259837099636 ], [ 85.492963599745906, 28.336161527144824 ], [ 85.492980054693803, 28.336132579447831 ], [ 85.493016677507583, 28.336060440457988 ], [ 85.4930319763548, 28.336026386199315 ], [ 85.493049339338114, 28.335984787625133 ], [ 85.493070671992214, 28.33592953772483 ], [ 85.493086164473212, 28.335885814813093 ], [ 85.493105094141441, 28.335827219819357 ], [ 85.493126570799873, 28.335747058537041 ], [ 85.493140125619959, 28.335683705677823 ], [ 85.493152232235303, 28.335611059167451 ], [ 85.49316038272913, 28.335543087108313 ], [ 85.493165512649512, 28.335477840932352 ], [ 85.493168230436652, 28.335405455135202 ], [ 85.493168286389974, 28.335347058753914 ], [ 85.493165552279336, 28.335270319476127 ], [ 85.493161951513059, 28.335217848759743 ], [ 85.493153761314531, 28.335137343490757 ], [ 85.493147511595794, 28.335089970325104 ], [ 85.49313391913654, 28.335006223115865 ], [ 85.493125641164923, 28.334962783888304 ], [ 85.493106798965101, 28.334876770233116 ], [ 85.493097144898798, 28.334837420971649 ], [ 85.493083958851173, 28.334788921372517 ], [ 85.493073259078315, 28.334752859602588 ], [ 85.493057494170685, 28.33470387032737 ], [ 85.493045623846271, 28.334669584945715 ], [ 85.493027372094289, 28.334620380471058 ], [ 85.493014350968679, 28.334587440655032 ], [ 85.492993715427914, 28.33453830821459 ], [ 85.492979566088536, 28.334506479649836 ], [ 85.492956668184362, 28.334457705777616 ], [ 85.492941351619152, 28.334426731718615 ], [ 85.492916329068734, 28.334378604933558 ], [ 85.492899727494077, 28.334348187061025 ], [ 85.492872724247732, 28.334300987828282 ], [ 85.492854701016483, 28.334270906854957 ], [ 85.492825869335519, 28.334224904901333 ], [ 85.492806317432553, 28.33419506803844 ], [ 85.492775914013691, 28.33415064976635 ], [ 85.492754601940916, 28.334120844168972 ], [ 85.49272270297152, 28.334078104279758 ], [ 85.492699342139503, 28.334048136688054 ], [ 85.492666109783116, 28.334007293574782 ], [ 85.492640404747007, 28.333977059008628 ], [ 85.492605995416383, 28.333938304827999 ], [ 85.492577619422704, 28.333907748501446 ], [ 85.492542207887396, 28.333871275613049 ], [ 85.492510735476571, 28.333840333255292 ], [ 85.492474448430542, 28.333806271214108 ], [ 85.492439437907336, 28.333774973769561 ], [ 85.492402417290791, 28.333743455909129 ], [ 85.492363400763679, 28.333711919770344 ], [ 85.492325777628693, 28.33368305583857 ], [ 85.492268980501095, 28.333642537641314 ], [ 85.492240843172411, 28.333623893896107 ], [ 85.492176489154716, 28.333584567745792 ], [ 85.492143245265851, 28.333565876560328 ], [ 85.492140972248976, 28.333564684214984 ], [ 85.492148057480648, 28.333473534556791 ], [ 85.49214985684435, 28.333442677227861 ], [ 85.492151406237085, 28.333402873685117 ], [ 85.492151887963999, 28.333357811401768 ], [ 85.492151105959863, 28.333313213210243 ], [ 85.492149259920495, 28.333271168739827 ], [ 85.492142181738814, 28.333170517901021 ], [ 85.492154282522932, 28.333144851976648 ], [ 85.492176226082819, 28.333133887849026 ], [ 85.492248617917625, 28.333095887179599 ], [ 85.49226561527928, 28.333086765448854 ], [ 85.492422615352822, 28.333000647158446 ], [ 85.492467412519417, 28.332977974546495 ], [ 85.492485651601953, 28.332970060444133 ], [ 85.492488953119476, 28.332969307321193 ], [ 85.492553008592282, 28.332957988756799 ], [ 85.492635895664989, 28.332947434021172 ], [ 85.492856239235181, 28.332924841698393 ], [ 85.492963607339874, 28.332915976168071 ], [ 85.493267396841389, 28.332900433097048 ], [ 85.493307579438493, 28.332897671378934 ], [ 85.493390118877286, 28.332890544328322 ], [ 85.49343052621694, 28.332886333814798 ], [ 85.493504802372968, 28.332877261670415 ], [ 85.493542711090228, 28.332871986631979 ], [ 85.493710618105069, 28.332845749166513 ], [ 85.493748315967039, 28.332839208403968 ], [ 85.49389480541339, 28.332811246875 ], [ 85.493940954995537, 28.332801438322313 ], [ 85.494074577360578, 28.332770111663148 ], [ 85.494127613506734, 28.332756306298229 ], [ 85.49425084806181, 28.332720990301013 ], [ 85.494264918910233, 28.332716857775694 ], [ 85.494370120852224, 28.332685207184138 ], [ 85.494402354968955, 28.332674971962714 ], [ 85.494451308870197, 28.33265860186658 ], [ 85.494515706805572, 28.332634808990335 ], [ 85.494562839875684, 28.332615694069919 ], [ 85.49464994126626, 28.332575778820921 ], [ 85.494690336669507, 28.332555029057431 ], [ 85.494750703525767, 28.33252147142348 ], [ 85.494792631880429, 28.332496313519954 ], [ 85.494838437597991, 28.332467160539498 ], [ 85.494869679725554, 28.332446092219058 ], [ 85.494932369985037, 28.332400206530792 ], [ 85.494958542438511, 28.332379439649898 ], [ 85.495031772215356, 28.332315132474925 ], [ 85.495053270659156, 28.33229424000308 ], [ 85.495132668082334, 28.332206714246094 ], [ 85.495160975174116, 28.332171191308561 ], [ 85.495224610144064, 28.332080352938146 ], [ 85.495249602450642, 28.332039450533973 ], [ 85.495296798495374, 28.33195107984924 ], [ 85.495317084307132, 28.33190707231245 ], [ 85.495353492453191, 28.331813805064495 ], [ 85.495367790500353, 28.331769454402053 ], [ 85.49539143701719, 28.33167851990148 ], [ 85.495396550984395, 28.331652842028991 ], [ 85.4954077071189, 28.331579200639979 ], [ 85.495410573760196, 28.331551729955265 ], [ 85.495414717188225, 28.331485549284174 ], [ 85.495415331947342, 28.331456320033183 ], [ 85.49541439134515, 28.331397300961221 ], [ 85.495412753503217, 28.331366364579559 ], [ 85.495404993309961, 28.331289784176871 ], [ 85.495394967270499, 28.331222986851117 ], [ 85.495377775271862, 28.331139062543176 ], [ 85.495358870694332, 28.33106650672158 ], [ 85.495339918675512, 28.331004074954613 ], [ 85.495326923510333, 28.330966669532565 ], [ 85.495307304728655, 28.330915671213653 ], [ 85.49529166705328, 28.330878679775886 ], [ 85.495268485753513, 28.330828492234616 ], [ 85.495250681537513, 28.330793027413733 ], [ 85.495222349262576, 28.33074112558133 ], [ 85.495202871538268, 28.330708174748686 ], [ 85.495156290539427, 28.330637392729106 ], [ 85.495140705431055, 28.330616005416474 ], [ 85.495074917143469, 28.33053577110396 ], [ 85.495056345299304, 28.330515557494795 ], [ 85.494986233366845, 28.330446782315164 ], [ 85.494964494016799, 28.330427541857446 ], [ 85.494895322641355, 28.330371700646495 ], [ 85.494870036013651, 28.33035309521556 ], [ 85.494786234058665, 28.330297615086625 ], [ 85.494731772318943, 28.33026527817087 ], [ 85.494663724481924, 28.330228210158989 ], [ 85.494637492427543, 28.330215145887124 ], [ 85.494543366388768, 28.330123306558171 ], [ 85.49450193075549, 28.330088173814108 ], [ 85.494402673602536, 28.330014139687329 ], [ 85.494352202809253, 28.329981117440123 ], [ 85.494271975809028, 28.329933650983989 ], [ 85.494215927158336, 28.329903784584818 ], [ 85.494168507808936, 28.329880020274654 ], [ 85.494125478099278, 28.329859779712439 ], [ 85.494098822283433, 28.329830619836734 ], [ 85.494067645095456, 28.32979815251289 ], [ 85.493986003337909, 28.329722495334863 ], [ 85.493951631863951, 28.329694133455618 ], [ 85.493844378466619, 28.329616966574889 ], [ 85.493827622887011, 28.329606496540638 ], [ 85.493732275745074, 28.329553639817124 ], [ 85.493715515551131, 28.329545451273074 ], [ 85.493580860217222, 28.329490554495116 ], [ 85.493543799208112, 28.329478248318335 ], [ 85.493392447879174, 28.32943949391322 ], [ 85.49335093274199, 28.329431880301399 ], [ 85.493216286467515, 28.329415372496751 ], [ 85.493170567469861, 28.329412495720856 ], [ 85.493054248435698, 28.329411061622086 ], [ 85.493004732096097, 28.329412952339165 ], [ 85.49290477273847, 28.329421144624696 ], [ 85.492851527582175, 28.329427860445353 ], [ 85.492764774905012, 28.329442215495725 ], [ 85.492709136602656, 28.329453646625584 ], [ 85.492632235869323, 28.329472277074384 ], [ 85.492575403218737, 28.329488183151174 ], [ 85.492504099768183, 28.329510748239446 ], [ 85.492448150388142, 28.329530556562357 ], [ 85.492424964411185, 28.329539059594715 ], [ 85.492341443164989, 28.329570760647449 ], [ 85.492250326941871, 28.329610200783041 ], [ 85.492204914871039, 28.32963239889262 ], [ 85.492089344106944, 28.329698255950273 ], [ 85.492070036860312, 28.329710964725379 ], [ 85.491975076433704, 28.329781812687902 ], [ 85.491959115299792, 28.329795275030136 ], [ 85.491935440216466, 28.329818293104246 ], [ 85.49192775832114, 28.329819098965682 ], [ 85.491866738389973, 28.329826982941263 ], [ 85.491781348744809, 28.329841327150397 ], [ 85.4917329748681, 28.329851359868222 ], [ 85.491669454375142, 28.329866461393621 ], [ 85.491616069641694, 28.329880801415644 ], [ 85.491559623970957, 28.329897570799979 ], [ 85.491502386496663, 28.329916237332064 ], [ 85.491602589375788, 28.329704596245946 ], [ 85.491766200312114, 28.329385092694288 ], [ 85.491776769230796, 28.329363722865729 ], [ 85.491821676670838, 28.329269629627817 ], [ 85.491832925279553, 28.329245059956467 ], [ 85.491870272696502, 28.329159910962129 ], [ 85.491883572923939, 28.329127795940746 ], [ 85.491918674417519, 28.32903779546076 ], [ 85.491933145713205, 28.328997679060599 ], [ 85.491961521030575, 28.328912181760472 ], [ 85.491975249149249, 28.328866407586364 ], [ 85.491997372545114, 28.328783972888612 ], [ 85.492009276889149, 28.328733157326763 ], [ 85.492025347779901, 28.328653027524613 ], [ 85.492034291371453, 28.32859897052661 ], [ 85.492041017758751, 28.32854748338486 ], [ 85.492044471765382, 28.328516311296994 ], [ 85.492052977373717, 28.32842287748927 ], [ 85.492055895895248, 28.328414101759105 ], [ 85.492063168119856, 28.328397404506472 ], [ 85.492080356664417, 28.328365128287803 ], [ 85.492101476863084, 28.328330643300283 ], [ 85.492134721347128, 28.328281348496809 ], [ 85.492321412475476, 28.328027085592726 ], [ 85.492334454709066, 28.328008849133653 ], [ 85.492407374451318, 28.327904137584081 ], [ 85.492426020264631, 28.327876253616061 ], [ 85.492461491769049, 28.327820966814841 ], [ 85.492477265321838, 28.327795431479579 ], [ 85.492508519972958, 28.327742836294302 ], [ 85.492525206587018, 28.327713469853595 ], [ 85.492552795116453, 28.327662631051812 ], [ 85.492569747276718, 28.327629717862532 ], [ 85.49259393672213, 28.327580143820626 ], [ 85.492612421286822, 28.327539588555169 ], [ 85.492661826582676, 28.327423135258481 ], [ 85.49267245195378, 28.327396862611643 ], [ 85.49270880951363, 28.327302383940378 ], [ 85.492725884334135, 28.327288888490902 ], [ 85.492761514520296, 28.327259340243462 ], [ 85.492826262113752, 28.327203008551827 ], [ 85.492865497825676, 28.327166924391314 ], [ 85.49292274006271, 28.327111268752983 ], [ 85.492964992751865, 28.327067456540945 ], [ 85.492987213767606, 28.327042867524952 ], [ 85.493022256822755, 28.327001736174466 ], [ 85.493045497249128, 28.32697277399615 ], [ 85.493070879743854, 28.3269396068352 ], [ 85.493107238691721, 28.326889748065682 ], [ 85.49313960620286, 28.326868875550506 ], [ 85.493175060087609, 28.326844945463566 ], [ 85.493219764477772, 28.326813380100276 ], [ 85.493261162540847, 28.326782523322123 ], [ 85.493412902105391, 28.326663188168933 ], [ 85.493440112042876, 28.326640994021712 ], [ 85.493499484236409, 28.3265907731152 ], [ 85.493522403461995, 28.326570764481463 ], [ 85.49357550710171, 28.326522917427376 ], [ 85.493601328905243, 28.326498777982628 ], [ 85.493650500469286, 28.326451080619439 ], [ 85.493678549081366, 28.326422704525168 ], [ 85.493723066636093, 28.326375721983929 ], [ 85.493752310118126, 28.326343379700148 ], [ 85.493792599207381, 28.326296662720591 ], [ 85.493822313830023, 28.326260373241816 ], [ 85.493858607795033, 28.326213649138719 ], [ 85.493883467334001, 28.326180069184819 ], [ 85.493969450560598, 28.326058088703196 ], [ 85.493994426111726, 28.326020680549341 ], [ 85.494026284690463, 28.325970227886277 ], [ 85.494046559340333, 28.32593645920533 ], [ 85.494073537195206, 28.325889132213451 ], [ 85.494095420482537, 28.325848222176344 ], [ 85.494118590370434, 28.32580193977013 ], [ 85.494140954343294, 28.325753525118962 ], [ 85.494159855970992, 28.325708960009582 ], [ 85.494181121658571, 28.325653393889649 ], [ 85.494195906986647, 28.325610185849648 ], [ 85.49421459892703, 28.325547533565285 ], [ 85.494225336094431, 28.325505480284086 ], [ 85.494237780426701, 28.32544818161908 ], [ 85.494244280995716, 28.325411969581385 ], [ 85.494250950460653, 28.325367805187863 ], [ 85.494255615039677, 28.325329789518225 ], [ 85.494260715567847, 28.325269390258452 ], [ 85.494264461940375, 28.325188625890213 ], [ 85.494264499916909, 28.325157731891359 ], [ 85.49432287858437, 28.325073556235569 ], [ 85.494331574648925, 28.325060781897076 ], [ 85.494414274194057, 28.324936995009796 ], [ 85.494423061781191, 28.32492357980637 ], [ 85.494501844354119, 28.324800891315121 ], [ 85.494510682637312, 28.324786837233145 ], [ 85.494585613924841, 28.324665146788846 ], [ 85.49459448234478, 28.324650421742863 ], [ 85.494665736912808, 28.324529429838982 ], [ 85.494674591568668, 28.324514036864592 ], [ 85.494685135319742, 28.324495265099692 ], [ 85.494785045284274, 28.3244376235041 ], [ 85.494821154095504, 28.324415800776986 ], [ 85.494930931232076, 28.324346355723662 ], [ 85.494972429921859, 28.324318662799641 ], [ 85.495021329843553, 28.32428426675741 ], [ 85.495053963725667, 28.324260316043588 ], [ 85.495098559929858, 28.324226176648711 ], [ 85.495133360450382, 28.324198270805915 ], [ 85.495174296348978, 28.324163893362353 ], [ 85.495210284479043, 28.324132125379656 ], [ 85.495247905868922, 28.324097217681203 ], [ 85.495280367065121, 28.324065634875456 ], [ 85.495374524071607, 28.323969554544259 ], [ 85.495402418721284, 28.323939827459252 ], [ 85.495490943673502, 28.323841267998041 ], [ 85.495518060300938, 28.323809676105878 ], [ 85.495600220576861, 28.323709457056715 ], [ 85.495609323673492, 28.323697802352626 ], [ 85.495699857403139, 28.323647251873737 ], [ 85.495726729853203, 28.323631718849047 ], [ 85.495811277038328, 28.323581150755707 ], [ 85.495841245764709, 28.323562523996294 ], [ 85.495920421418305, 28.323511410159462 ], [ 85.495952982614725, 28.3234894905173 ], [ 85.496026255949928, 28.323438078703319 ], [ 85.496060580209345, 28.323412894486889 ], [ 85.496128517771183, 28.3233607884302 ], [ 85.496164059899954, 28.323332204297959 ], [ 85.49622698758597, 28.323279148578802 ], [ 85.496276876639939, 28.323234037200084 ], [ 85.496319072789404, 28.32319311199327 ], [ 85.496369434944967, 28.323140345244344 ], [ 85.496413207443851, 28.323090750670332 ], [ 85.496444403008866, 28.323053468856536 ], [ 85.49648424908564, 28.323003196521356 ], [ 85.496497621141884, 28.322985901775397 ], [ 85.496567493345168, 28.322893241889275 ], [ 85.496579331137937, 28.322887751552049 ], [ 85.496584583701548, 28.322885623626579 ], [ 85.496596405668996, 28.322884715092389 ], [ 85.496813611179718, 28.322876474852166 ], [ 85.496859728777494, 28.322873797760433 ], [ 85.496918275612146, 28.322869218071784 ], [ 85.496964540595584, 28.322864655228265 ], [ 85.497016898387869, 28.322858417990457 ], [ 85.497072015025267, 28.32285048713646 ], [ 85.497120302748954, 28.322842332307626 ], [ 85.49718286109524, 28.322829952478557 ], [ 85.497227746592884, 28.322819749334432 ], [ 85.497295987061818, 28.322801970553627 ], [ 85.49733806791312, 28.322789580374963 ], [ 85.497409955158744, 28.322765718763392 ], [ 85.497449565234405, 28.322751043246772 ], [ 85.49750769071602, 28.322727588330274 ], [ 85.497599846692538, 28.322687269700708 ], [ 85.497649867219337, 28.32266383513268 ], [ 85.497730619615368, 28.322623425145171 ], [ 85.497788867861999, 28.322591955224311 ], [ 85.497860134385988, 28.322550493079031 ], [ 85.497925626588, 28.322509022922375 ], [ 85.497987894936543, 28.322466206249945 ], [ 85.4980428584674, 28.322425595390211 ], [ 85.498072893432877, 28.322401771079814 ], [ 85.498109911692211, 28.322370899984261 ], [ 85.498139398838219, 28.322345050700989 ], [ 85.49818794236289, 28.322299434068274 ], [ 85.498245303106302, 28.322241636549574 ], [ 85.498298342794342, 28.322183506072445 ], [ 85.498353619695322, 28.322117510583226 ], [ 85.498395366549303, 28.322063705093296 ], [ 85.498448687225789, 28.321989356910859 ], [ 85.498481183461578, 28.321940747177177 ], [ 85.498532454018331, 28.321858268196237 ], [ 85.498557616039662, 28.321815075409631 ], [ 85.498607431054168, 28.32172359673795 ], [ 85.498626795284139, 28.321685842778692 ], [ 85.498675560483179, 28.321584652286649 ], [ 85.498690214948056, 28.321552550394696 ], [ 85.498739185571338, 28.321439053624893 ], [ 85.498761874456918, 28.321380520868125 ], [ 85.498784099268363, 28.321316064031301 ], [ 85.49880662440907, 28.321238584753736 ], [ 85.498824440985132, 28.321163684231422 ], [ 85.498835113405718, 28.321111155821523 ], [ 85.498847485257258, 28.321037882195085 ], [ 85.498851146686576, 28.321014023134524 ], [ 85.498872497231545, 28.320859459040324 ], [ 85.498875647863812, 28.320842896885534 ], [ 85.498877180380717, 28.320840094105034 ], [ 85.498895060425824, 28.320812210017614 ], [ 85.498911050695284, 28.320790807855406 ], [ 85.49892494925993, 28.320774885229692 ], [ 85.498948393132267, 28.320771432707552 ], [ 85.499002400955021, 28.320762514303414 ], [ 85.499087863225753, 28.320745005518344 ], [ 85.499143183795681, 28.320731429172419 ], [ 85.499265448972139, 28.320693882816801 ], [ 85.499312725454061, 28.320676317254488 ], [ 85.499419785052297, 28.320629848307238 ], [ 85.499476664802359, 28.320601394747346 ], [ 85.499543071423133, 28.320565141236472 ], [ 85.499603144837224, 28.320529467413344 ], [ 85.499653190710291, 28.320497769176217 ], [ 85.499717763494147, 28.320454203533487 ], [ 85.499752074123819, 28.320430004808653 ], [ 85.499829845634068, 28.320372689989682 ], [ 85.499882192130855, 28.320331331966056 ], [ 85.499936569787238, 28.320285297660718 ], [ 85.50000247951553, 28.320224012490151 ], [ 85.50005844032745, 28.32016683502026 ], [ 85.500098526258085, 28.32012320136506 ], [ 85.500148428948478, 28.3200652848884 ], [ 85.500165535981111, 28.320044839325497 ], [ 85.50026402073793, 28.319923597352741 ], [ 85.500265544592764, 28.31992188045761 ], [ 85.500399961700609, 28.31985367752949 ], [ 85.500443146900849, 28.319830489315148 ], [ 85.500489279997296, 28.319804313390957 ], [ 85.500535001099905, 28.319776795484085 ], [ 85.500574859275829, 28.319751380890494 ], [ 85.500625262790223, 28.319717080279563 ], [ 85.500727763271911, 28.319642713738396 ], [ 85.500773102660233, 28.319607791730753 ], [ 85.500874091874479, 28.319525253329438 ], [ 85.500914142341259, 28.319490670814854 ], [ 85.501013276706686, 28.319400241079094 ], [ 85.501048724147964, 28.319366201090482 ], [ 85.50114558111953, 28.319268264371193 ], [ 85.501177090345891, 28.319234808066305 ], [ 85.501271345371762, 28.319129670370117 ], [ 85.501299484431541, 28.319096764286286 ], [ 85.501390453936111, 28.318985169910533 ], [ 85.501415756956078, 28.318952653948429 ], [ 85.501502849539278, 28.318835320226391 ], [ 85.501525756105764, 28.318802990286876 ], [ 85.501608276258182, 28.31868085903907 ], [ 85.50162953380763, 28.318647838236345 ], [ 85.501656820168435, 28.318603297207829 ], [ 85.501675487969251, 28.318571318616208 ], [ 85.501701952910281, 28.318523676535253 ], [ 85.501717560605456, 28.318494252574677 ], [ 85.501743442633853, 28.318443083365704 ], [ 85.501756250242536, 28.318416640083765 ], [ 85.501781954256771, 28.318361143148159 ], [ 85.501795659873565, 28.318329911761097 ], [ 85.501844335602257, 28.318212583787631 ], [ 85.501854421401106, 28.318187100853436 ], [ 85.501942124452782, 28.317954407569541 ], [ 85.501972784343153, 28.317877528592408 ], [ 85.502001187459399, 28.317814090656412 ], [ 85.50202522191239, 28.317768106004841 ], [ 85.502044646164663, 28.317735278264831 ], [ 85.502072149281148, 28.317692101775222 ], [ 85.50210483270348, 28.317644015681516 ], [ 85.502142456267009, 28.317591680151942 ], [ 85.502230318604944, 28.317476530670724 ], [ 85.502478726851976, 28.317163447138963 ], [ 85.502492386711111, 28.317145789203604 ], [ 85.502559858646038, 28.317056311286226 ], [ 85.502573557417946, 28.317037650259884 ], [ 85.502632152783434, 28.316955633479044 ], [ 85.50264588151343, 28.316935858796196 ], [ 85.502723064392782, 28.316821410900669 ], [ 85.50273424144666, 28.316804419461551 ], [ 85.502812166279028, 28.316682932794059 ], [ 85.502821884345238, 28.316667429294405 ], [ 85.502901370528363, 28.316537633073342 ], [ 85.502909637987216, 28.316523849644391 ], [ 85.502992252050831, 28.316383192486946 ], [ 85.503000807038418, 28.316368291279137 ], [ 85.503147975010876, 28.316105963493452 ], [ 85.503153501127315, 28.316095958601647 ], [ 85.503489637006695, 28.315477750458253 ], [ 85.50357371465627, 28.315328535649982 ], [ 85.503650092695793, 28.315197727408492 ], [ 85.503728005039321, 28.315069961900655 ], [ 85.503801885207864, 28.314954799746438 ], [ 85.503873182280984, 28.314849651993715 ], [ 85.503939945670083, 28.314756854099159 ], [ 85.504009287033398, 28.314668178428878 ], [ 85.504096311070569, 28.31456640273025 ], [ 85.504192825781431, 28.314460279505763 ], [ 85.504470614362504, 28.314163365991124 ], [ 85.504483255759951, 28.31414958038437 ], [ 85.504561377299908, 28.31406265394272 ], [ 85.504574368236945, 28.314047887058479 ], [ 85.504642826821879, 28.313968382583369 ], [ 85.504659399177768, 28.313948581156705 ], [ 85.504732176591943, 28.31385909427064 ], [ 85.504752069626463, 28.313833729721747 ], [ 85.504817073670267, 28.313747742418368 ], [ 85.504838158728504, 28.313718661529755 ], [ 85.504896562675839, 28.313634611782216 ], [ 85.504918076146126, 28.31360215365698 ], [ 85.50497045767888, 28.313519208462701 ], [ 85.504994868734116, 28.313478105165764 ], [ 85.505058211655381, 28.313364440059726 ], [ 85.505075839066308, 28.313331112540549 ], [ 85.505202421981608, 28.313078495944552 ], [ 85.505250007066266, 28.312990846780394 ], [ 85.505289634502631, 28.312924698680852 ], [ 85.505337752771581, 28.31284894708217 ], [ 85.5053921032587, 28.312767717560057 ], [ 85.505452722075177, 28.312681131800222 ], [ 85.505589207139309, 28.312495720678353 ], [ 85.505891970825374, 28.312098774935727 ], [ 85.505912923919979, 28.312070151975494 ], [ 85.505978796230423, 28.311976327954678 ], [ 85.506005781968867, 28.31193554640285 ], [ 85.506075237879742, 28.311823982843386 ], [ 85.506091508384912, 28.311796759484164 ], [ 85.506154804813178, 28.311686334219953 ], [ 85.506161710262248, 28.311674056760214 ], [ 85.506302050452561, 28.311419714199769 ], [ 85.506359948469068, 28.311321124486199 ], [ 85.506408791962599, 28.311246100690166 ], [ 85.506422146697631, 28.311227507299638 ], [ 85.506424144417863, 28.311224923228966 ], [ 85.506475723169956, 28.311209676083671 ], [ 85.506511672414931, 28.311197357498504 ], [ 85.506590819597605, 28.311166765465689 ], [ 85.50662591005856, 28.311151605348414 ], [ 85.506699300003689, 28.311116539825658 ], [ 85.50673361271825, 28.311098503867562 ], [ 85.506800073420678, 28.31106040510009 ], [ 85.506833702910058, 28.311039442894632 ], [ 85.506892533543549, 28.310999874063455 ], [ 85.506925544507851, 28.310975952928075 ], [ 85.506976623925851, 28.310936352329897 ], [ 85.507009204773524, 28.310909344365569 ], [ 85.507052895186519, 28.310870868311635 ], [ 85.507085203787057, 28.310840641674663 ], [ 85.507121993725519, 28.310804303091945 ], [ 85.507154267722257, 28.310770636558804 ], [ 85.507192684119474, 28.310728017065376 ], [ 85.507244664403402, 28.310666633988255 ], [ 85.50727953777934, 28.310622796936361 ], [ 85.507334428042796, 28.310549249907751 ], [ 85.507355687558444, 28.310519519863671 ], [ 85.507406031263244, 28.310445983547716 ], [ 85.507415091755902, 28.310432485551832 ], [ 85.507525694182689, 28.310264399615917 ], [ 85.507564432902257, 28.310209516670511 ], [ 85.507592518599424, 28.310174290157523 ], [ 85.507624408292969, 28.31014460482363 ], [ 85.50766904482289, 28.31010560469802 ], [ 85.507887449760773, 28.309925731615859 ], [ 85.507900361597791, 28.309914910232557 ], [ 85.507984856589189, 28.309842848101756 ], [ 85.508011615424792, 28.309819163478654 ], [ 85.508092605155326, 28.309744766949063 ], [ 85.508127847590359, 28.3097106893842 ], [ 85.508197174507686, 28.309640108411955 ], [ 85.508217940817104, 28.309618278717021 ], [ 85.508340477068714, 28.309485254494966 ], [ 85.508352374894073, 28.309472089151143 ], [ 85.508435126549983, 28.309378747015423 ], [ 85.508453405566755, 28.309357488018438 ], [ 85.508525780244796, 28.309270677671162 ], [ 85.508548330965112, 28.309242517293104 ], [ 85.508610615398851, 28.309161498209868 ], [ 85.508636219887379, 28.309126478461675 ], [ 85.508692475726946, 28.309045491837757 ], [ 85.508720056962318, 28.30900326900111 ], [ 85.508768264192213, 28.308924641131604 ], [ 85.508795949890555, 28.308876043568773 ], [ 85.508836659454033, 28.308798880673294 ], [ 85.508863126992622, 28.308744058013655 ], [ 85.508889911670749, 28.308683078393727 ], [ 85.50892670876901, 28.308651289678831 ], [ 85.508939108439662, 28.308638711343978 ], [ 85.509032288719581, 28.308528156246997 ], [ 85.509043138700648, 28.308512988792192 ], [ 85.509106187076526, 28.308410813529544 ], [ 85.509115585016929, 28.308392928965677 ], [ 85.509155492298461, 28.308305242840117 ], [ 85.509163595363475, 28.308284340542812 ], [ 85.50919282819784, 28.30819379180231 ], [ 85.509204155929638, 28.308150211007327 ], [ 85.509217042683943, 28.308091910354012 ], [ 85.509234792921788, 28.307994730369362 ], [ 85.509244403254783, 28.307945528690137 ], [ 85.509252361325366, 28.307896948579579 ], [ 85.509259890056455, 28.307840148591925 ], [ 85.509264560018636, 28.307795247519486 ], [ 85.509269067853765, 28.307735615822384 ], [ 85.509271112450264, 28.307694534419923 ], [ 85.509272614615824, 28.307631930387263 ], [ 85.509272637560457, 28.307594595827211 ], [ 85.509271145809464, 28.307529054785949 ], [ 85.509269672506576, 28.307495444558032 ], [ 85.509265190268266, 28.307426428643758 ], [ 85.509262677349284, 28.307396457122231 ], [ 85.509255179378087, 28.307323510286405 ], [ 85.509252036440984, 28.30729721028391 ], [ 85.509241406867545, 28.307219208525712 ], [ 85.50923567585501, 28.307183254249285 ], [ 85.509221711470147, 28.307106799989047 ], [ 85.509212001881863, 28.307061136269031 ], [ 85.509192911346773, 28.306982544806527 ], [ 85.509181568253595, 28.306940724132893 ], [ 85.509161694813344, 28.306874452356819 ], [ 85.509174598174852, 28.306778061922902 ], [ 85.509177466462347, 28.306753842990823 ], [ 85.509197376747579, 28.306560610710754 ], [ 85.509199557095812, 28.306535615767739 ], [ 85.509203825635097, 28.306475882171291 ], [ 85.50920549157145, 28.306443137717 ], [ 85.509207392340656, 28.306380468534382 ], [ 85.509207741747147, 28.306350927635712 ], [ 85.509207300037488, 28.306284679646613 ], [ 85.509206702622265, 28.306258661321163 ], [ 85.509203910703633, 28.306187560985421 ], [ 85.50920231907574, 28.306159563765778 ], [ 85.509192452709001, 28.306027055412461 ], [ 85.509190854467874, 28.30600850615124 ], [ 85.509160573341347, 28.305699158052704 ], [ 85.509156281518045, 28.305636406878779 ], [ 85.509154405093781, 28.305586659422094 ], [ 85.509154500660458, 28.305539955952909 ], [ 85.50915629594185, 28.305505028357825 ], [ 85.509159103454124, 28.30547886806831 ], [ 85.509162518319869, 28.305458720322513 ], [ 85.509164990806809, 28.305448168888621 ], [ 85.509172173324487, 28.305423366299816 ], [ 85.50925140638671, 28.305187162892143 ], [ 85.509263998066444, 28.305146101445501 ], [ 85.509278728312253, 28.30509315893077 ], [ 85.509288136928291, 28.305055979295062 ], [ 85.509299268767265, 28.305007181562402 ], [ 85.509309897904885, 28.30495173172822 ], [ 85.509321278036893, 28.304878613783956 ], [ 85.509328271278761, 28.304819187627494 ], [ 85.509334887393308, 28.304736466282261 ], [ 85.509337097266723, 28.304695881426273 ], [ 85.509339394753596, 28.304616594840596 ], [ 85.509339717073559, 28.304597996064022 ], [ 85.509340685452685, 28.304427539421347 ], [ 85.509342802802266, 28.304378500367335 ], [ 85.50934509799832, 28.304356897525629 ], [ 85.509346820574407, 28.304347841134181 ], [ 85.509360222257726, 28.304297858528628 ], [ 85.50937999922175, 28.304236982264538 ], [ 85.509403773784385, 28.304174584047885 ], [ 85.509431095520384, 28.304112214271132 ], [ 85.509482436490799, 28.304008531891057 ], [ 85.509534786524114, 28.303914833265477 ], [ 85.509554849661598, 28.303882209252425 ], [ 85.509576706374446, 28.303848973686673 ], [ 85.509597013081631, 28.303820177387919 ], [ 85.509615449138195, 28.303795874527196 ], [ 85.509617249854216, 28.303793676063396 ], [ 85.509687387216772, 28.30378340002574 ], [ 85.509734373508451, 28.30377550981348 ], [ 85.509780596205744, 28.303766749161102 ], [ 85.509827128680399, 28.303756913904117 ], [ 85.509868192762269, 28.303747327959051 ], [ 85.509922456020846, 28.303733225287697 ], [ 85.509958738708164, 28.303722819978709 ], [ 85.510018716638612, 28.303703766687935 ], [ 85.510052158728485, 28.3036920866743 ], [ 85.510117041613512, 28.303667089266771 ], [ 85.510148049928716, 28.30365399188122 ], [ 85.510216006503356, 28.303622456900538 ], [ 85.510244812913228, 28.303607840886947 ], [ 85.510248221336852, 28.30360610372956 ], [ 85.510381047907799, 28.303538105216766 ], [ 85.510428045517784, 28.303512519071933 ], [ 85.510461252598205, 28.303493325613481 ], [ 85.510517716546588, 28.30345822186224 ], [ 85.510544978923562, 28.303440023075591 ], [ 85.510620669961085, 28.303384220735794 ], [ 85.510645952068302, 28.303363671818055 ], [ 85.510740690717, 28.303275537834583 ], [ 85.510759971602425, 28.303254989305422 ], [ 85.510859340952592, 28.303128504937003 ], [ 85.510872883581001, 28.303107673576505 ], [ 85.510957754767873, 28.302939396959541 ], [ 85.510965650951022, 28.30291813486447 ], [ 85.511009251460294, 28.302744744416255 ], [ 85.511012175074939, 28.302723358583428 ], [ 85.511019313833259, 28.302595218557588 ], [ 85.511018709160368, 28.30257075725579 ], [ 85.511009957946627, 28.302470889829237 ], [ 85.511005825494962, 28.302443537178466 ], [ 85.510989916179014, 28.302364907680687 ], [ 85.510982305435348, 28.302334991834918 ], [ 85.510963160908119, 28.30227084301054 ], [ 85.510951991056658, 28.302238309838042 ], [ 85.510931112447381, 28.302183809807726 ], [ 85.510916763286588, 28.302149945029324 ], [ 85.510894214514437, 28.302101118793999 ], [ 85.510888321191416, 28.302089351788705 ], [ 85.510906589472626, 28.302078708360995 ], [ 85.510960528879423, 28.302049756508222 ], [ 85.511018764799772, 28.302020949601637 ], [ 85.511081277469074, 28.301992454566964 ], [ 85.511148052163904, 28.301964420514651 ], [ 85.511218983932352, 28.301937017321496 ], [ 85.5112939553388, 28.301910403356246 ], [ 85.51136234920908, 28.30188813735689 ], [ 85.511524201584848, 28.301859469425779 ], [ 85.511558428567824, 28.301852863790234 ], [ 85.511630577069639, 28.301837785927965 ], [ 85.511704234382393, 28.301819788936406 ], [ 85.511775571387489, 28.301799784311093 ], [ 85.511877458807973, 28.30176581575795 ], [ 85.511939051847975, 28.301741884451964 ], [ 85.512023025631649, 28.301705096073068 ], [ 85.512071930587297, 28.301681134705895 ], [ 85.512122617898001, 28.301654578955205 ], [ 85.512172161128944, 28.301626881751748 ], [ 85.512216511831582, 28.301600625942942 ], [ 85.512266842310012, 28.301569112398202 ], [ 85.512305379536031, 28.301543757094894 ], [ 85.512356729760825, 28.301508279924526 ], [ 85.512389807589628, 28.301484424478023 ], [ 85.512442109119391, 28.301445065065771 ], [ 85.512470186819371, 28.301423136327227 ], [ 85.51252431714299, 28.301379269762094 ], [ 85.512547857783062, 28.301359575309235 ], [ 85.512604504686777, 28.301310652228057 ], [ 85.512623628799219, 28.30129369112057 ], [ 85.512684726396557, 28.301238045780686 ], [ 85.512696241802658, 28.301227385117897 ], [ 85.512787082508666, 28.301141898802886 ], [ 85.512817530939301, 28.301111931424938 ], [ 85.512876112315595, 28.301051619619908 ], [ 85.512922252519118, 28.301000476086021 ], [ 85.512970615758945, 28.300942689192034 ], [ 85.513024570386648, 28.300871363086152 ], [ 85.513062508669805, 28.300815649410815 ], [ 85.513113989026692, 28.300729934578651 ], [ 85.513133086533003, 28.300693539015601 ], [ 85.513168430997439, 28.30061723454396 ], [ 85.513185622652003, 28.300574675652275 ], [ 85.513205939056235, 28.300518690943051 ], [ 85.513220877018313, 28.300472398136296 ], [ 85.513228895524009, 28.300446046093551 ], [ 85.513240327657471, 28.300406078150438 ], [ 85.513398838046029, 28.300270866645391 ], [ 85.513430112768646, 28.300243001783802 ], [ 85.513508678142102, 28.300169886608614 ], [ 85.513553388268818, 28.300125430113621 ], [ 85.513592867365404, 28.300083466721738 ], [ 85.513632036581029, 28.300039086690372 ], [ 85.513665901168409, 28.299998145171209 ], [ 85.513706515770266, 28.299945202022059 ], [ 85.513735439048958, 28.299904462099637 ], [ 85.513775027124026, 28.299843559151395 ], [ 85.513799313952006, 28.299802583720375 ], [ 85.513833095515153, 28.299739825852825 ], [ 85.513846095427425, 28.299713066806071 ], [ 85.513870513967689, 28.299657876088453 ], [ 85.513882254692675, 28.299628536557567 ], [ 85.513891896918963, 28.299600880308862 ], [ 85.513934131156745, 28.299590872879939 ], [ 85.514061257750313, 28.299552650661038 ], [ 85.514081705217066, 28.299545140414011 ], [ 85.514172917746095, 28.299506849468965 ], [ 85.51419164580706, 28.299497956780595 ], [ 85.51428414715798, 28.299448267304612 ], [ 85.514301247226484, 28.299437944436253 ], [ 85.514390815116627, 28.299377183852158 ], [ 85.514406315031096, 28.299365408546745 ], [ 85.514488609996704, 28.299295440732145 ], [ 85.514502549931834, 28.299282183646913 ], [ 85.514574283721444, 28.299205960547535 ], [ 85.514586694677462, 28.299191192239842 ], [ 85.514642812542021, 28.299117017406839 ], [ 85.514683214605796, 28.29905743835894 ], [ 85.514720251984642, 28.298997839929029 ], [ 85.514736596292337, 28.298969017905478 ], [ 85.514761626048568, 28.298921482531178 ], [ 85.51477511791785, 28.29889378469792 ], [ 85.51480000408138, 28.298837598431337 ], [ 85.514810502436859, 28.298811344553556 ], [ 85.514834102007654, 28.29874409262683 ], [ 85.514841624275178, 28.298719276578467 ], [ 85.514861718209374, 28.298638284325246 ], [ 85.514866239655618, 28.29861499879884 ], [ 85.514879046894322, 28.298517573388612 ], [ 85.514880555523362, 28.298495875114071 ], [ 85.514880061532722, 28.298478813242511 ], [ 85.514891164439931, 28.298467507730198 ], [ 85.514922555800922, 28.298434018161821 ], [ 85.514959921457859, 28.298391648132405 ], [ 85.515024211196589, 28.298314092440688 ], [ 85.51505597158723, 28.298273494615533 ], [ 85.515113083090867, 28.298196046718772 ], [ 85.515126632125501, 28.298177166025404 ], [ 85.515244151420703, 28.298008826995442 ], [ 85.51527897724003, 28.297962969246363 ], [ 85.515293620317905, 28.297946095548372 ], [ 85.5152942163338, 28.297945514758798 ], [ 85.515295723585524, 28.297944387473986 ], [ 85.515473555664315, 28.297822787552985 ], [ 85.515517258173929, 28.297791155972767 ], [ 85.515556399861808, 28.297761187323516 ], [ 85.515593820753935, 28.297731068003458 ], [ 85.515628099280235, 28.297702070818467 ], [ 85.515679702288352, 28.297655130845282 ], [ 85.515719590510997, 28.29761610893598 ], [ 85.515769050736836, 28.297563888255379 ], [ 85.515810513894309, 28.297516592866579 ], [ 85.515841136666907, 28.29747977360898 ], [ 85.515878949375775, 28.297431810357146 ], [ 85.515892106013467, 28.297414707254603 ], [ 85.515906221267372, 28.297395898244027 ], [ 85.51598020302265, 28.297381586997002 ], [ 85.51600816276067, 28.297375812155753 ], [ 85.516086056361615, 28.2973586968149 ], [ 85.516146397427974, 28.297343681167746 ], [ 85.516223726199968, 28.297322147174381 ], [ 85.516308907144435, 28.297294687037347 ], [ 85.516375568451565, 28.297270174223868 ], [ 85.51641082518006, 28.297256513380685 ], [ 85.516730508247463, 28.297126227642455 ], [ 85.51675532678955, 28.297115751571841 ], [ 85.51690719237736, 28.29704940892881 ], [ 85.5169415575984, 28.297033671752978 ], [ 85.517017217227945, 28.296997397212653 ], [ 85.517047767006375, 28.296982143020585 ], [ 85.517116497167706, 28.296946431238158 ], [ 85.517150959487608, 28.296927701664302 ], [ 85.517213788302428, 28.296892017791613 ], [ 85.51725185050465, 28.296869313678823 ], [ 85.517309267262277, 28.296833375134515 ], [ 85.51735227604641, 28.29680492221167 ], [ 85.517408731814342, 28.296765480422948 ], [ 85.517456470034105, 28.296729979126422 ], [ 85.51750727999945, 28.296689784653758 ], [ 85.517541744083161, 28.296660602785298 ], [ 85.51775778023476, 28.296646332154417 ], [ 85.518070111098254, 28.296628770543222 ], [ 85.519012300996351, 28.296579747874425 ], [ 85.51901791039856, 28.296579442208028 ], [ 85.519695163082773, 28.296540883625052 ], [ 85.520118345711197, 28.296520682281411 ], [ 85.52031244421191, 28.296513570127296 ], [ 85.52049507039051, 28.29650855990084 ], [ 85.52066749929098, 28.296505597955303 ], [ 85.520831196838984, 28.296504623316821 ], [ 85.52099664543816, 28.296505701920424 ], [ 85.521154947685474, 28.296508908232529 ], [ 85.521307148696891, 28.296514217225941 ], [ 85.521453861592221, 28.296521608214714 ], [ 85.521595756205727, 28.296531073758995 ], [ 85.521733118757908, 28.296542592424441 ], [ 85.521866329345627, 28.296556152726421 ], [ 85.521992068599218, 28.296571305657345 ], [ 85.522064965080403, 28.29658198646155 ], [ 85.522149428060061, 28.296596773374215 ], [ 85.522514779773616, 28.296670462019886 ], [ 85.522531346885216, 28.296673675413214 ], [ 85.522672869193812, 28.296700035311815 ], [ 85.522708466105385, 28.296706082841013 ], [ 85.522848753792971, 28.296727634991022 ], [ 85.522898642341488, 28.296734178704341 ], [ 85.52302572983028, 28.296748014776991 ], [ 85.52306110198063, 28.296751312499481 ], [ 85.523227255180515, 28.296764213594734 ], [ 85.523245946768583, 28.296765511711001 ], [ 85.523385676785068, 28.296774072662867 ], [ 85.523410207460842, 28.296775312971491 ], [ 85.523537705502918, 28.296780395815816 ], [ 85.523567185406932, 28.296781193050577 ], [ 85.523685360556797, 28.296782875307272 ], [ 85.523719517297138, 28.296782855123769 ], [ 85.523832635225077, 28.296781110736863 ], [ 85.523871310682779, 28.296779864105922 ], [ 85.52397844362909, 28.296774607244259 ], [ 85.524020985806516, 28.296771728372228 ], [ 85.524123043886107, 28.296762917444681 ], [ 85.524169222606261, 28.296757987139621 ], [ 85.524266741829351, 28.296745571995039 ], [ 85.524322550049234, 28.29673706071577 ], [ 85.524390402025062, 28.296724986364385 ], [ 85.524449073829743, 28.296712939566561 ], [ 85.524519056218168, 28.2966966282589 ], [ 85.524571382589471, 28.296683098303774 ], [ 85.524644102967599, 28.296662412199403 ], [ 85.524689633453605, 28.296648401179027 ], [ 85.524766195301609, 28.29662302999705 ], [ 85.524803336825698, 28.296609981898552 ], [ 85.524879048534714, 28.296581851472791 ], [ 85.524908125342535, 28.296570573694957 ], [ 85.524991439956921, 28.296536880959522 ], [ 85.525019320466171, 28.296525151244683 ], [ 85.525326924053417, 28.296390647279392 ], [ 85.525432303277555, 28.296347629797406 ], [ 85.525469790178974, 28.296333932175443 ], [ 85.525500569673738, 28.296323893051081 ], [ 85.52552235508395, 28.296317738454718 ], [ 85.5255436489728, 28.296312732875958 ], [ 85.525629310646096, 28.296295724524217 ], [ 85.525721592944379, 28.29627953796918 ], [ 85.525813151932425, 28.296265602470747 ], [ 85.525903685336957, 28.29625393624698 ], [ 85.525992900741898, 28.296244545168328 ], [ 85.526080578250443, 28.296237411430422 ], [ 85.526166499571929, 28.296232511651098 ], [ 85.526250481324183, 28.296229805045726 ], [ 85.526332171956568, 28.296229245134022 ], [ 85.526411591139436, 28.296230766338432 ], [ 85.5264885887905, 28.296234301339435 ], [ 85.526563054802281, 28.296239775126374 ], [ 85.5266348868264, 28.296247104559431 ], [ 85.526704036587248, 28.296256204284536 ], [ 85.526770451716914, 28.296266982495446 ], [ 85.526828689242521, 28.296278294637226 ], [ 85.526850703426902, 28.296283531170815 ], [ 85.526882033309974, 28.296292474887604 ], [ 85.527098820567019, 28.296363870630746 ], [ 85.527116445097803, 28.296369512381759 ], [ 85.527194300665968, 28.296393720462554 ], [ 85.527229598439718, 28.296404059790394 ], [ 85.527296244021272, 28.296422395093956 ], [ 85.527341301065306, 28.296433792912044 ], [ 85.527402593690894, 28.296447957616667 ], [ 85.527439437276755, 28.296455827648526 ], [ 85.527531150226963, 28.296473828516582 ], [ 85.527553698732547, 28.296478018266441 ], [ 85.527644540835666, 28.296493951006724 ], [ 85.527667849247791, 28.296497790269406 ], [ 85.527757705526327, 28.296511636495424 ], [ 85.527781871418682, 28.296515096267751 ], [ 85.527870645221668, 28.296526839595991 ], [ 85.527895700741283, 28.296529873382102 ], [ 85.527983290270399, 28.296539500983901 ], [ 85.528009262435219, 28.296542057088164 ], [ 85.52809560758098, 28.296549564707352 ], [ 85.528122608847738, 28.296551592174684 ], [ 85.528207645484642, 28.296556970999255 ], [ 85.528235617180385, 28.296558398617986 ], [ 85.528319287175947, 28.296561648926033 ], [ 85.528348339212783, 28.296562410550948 ], [ 85.528430516188166, 28.296563527372435 ], [ 85.528460621113524, 28.296563543012891 ], [ 85.528541335598121, 28.296562530289492 ], [ 85.52857251290709, 28.296561716850778 ], [ 85.528651726127194, 28.296558575972124 ], [ 85.528684000834659, 28.296556841935264 ], [ 85.528761676068157, 28.29655157341065 ], [ 85.528795010516149, 28.296548824505408 ], [ 85.528871111003738, 28.296541431551436 ], [ 85.528905485047261, 28.296537567920232 ], [ 85.528979985256981, 28.296528052972047 ], [ 85.529015326407801, 28.296522977171755 ], [ 85.529088202822109, 28.296511344491332 ], [ 85.529124504035082, 28.296504945704644 ], [ 85.529195729095605, 28.296491196802936 ], [ 85.529233595770336, 28.29648321404153 ], [ 85.529317761783517, 28.296463960989499 ], [ 85.529354667563766, 28.296454860805028 ], [ 85.529440374452705, 28.296432182943121 ], [ 85.529474957307912, 28.296422435593893 ], [ 85.529561866306835, 28.296396423133615 ], [ 85.529594491613054, 28.296386108281009 ], [ 85.529682195201872, 28.296356883185258 ], [ 85.529713230015901, 28.296346025002411 ], [ 85.529801369724424, 28.296313701640706 ], [ 85.529831119574879, 28.296302297644459 ], [ 85.529919102048225, 28.296267090746124 ], [ 85.529947908949509, 28.296255080451978 ], [ 85.530035188739831, 28.296217206166407 ], [ 85.530063352664428, 28.29620450165082 ], [ 85.530149311207666, 28.296164228590861 ], [ 85.530190349581233, 28.2961439155495 ], [ 85.530300793898803, 28.296086249875046 ], [ 85.530351451157657, 28.296057993766571 ], [ 85.530460874583127, 28.295992908131229 ], [ 85.530506912601354, 28.295963852424197 ], [ 85.530615256524499, 28.295891380499125 ], [ 85.530656862703609, 28.295862008991303 ], [ 85.530764058159988, 28.295782196069087 ], [ 85.530801493160837, 28.295752907695732 ], [ 85.530907484491365, 28.295665795601987 ], [ 85.53094108719894, 28.295636876961936 ], [ 85.531045774398734, 28.295542544048594 ], [ 85.531075873440358, 28.295514226845455 ], [ 85.531179168728386, 28.295412752498496 ], [ 85.531206115761421, 28.295385180415167 ], [ 85.531307912684881, 28.295276667285357 ], [ 85.531332054386297, 28.295249915989547 ], [ 85.531432524123005, 28.29513414931705 ], [ 85.531454183128616, 28.29510824818767 ], [ 85.531552899353088, 28.294985680070035 ], [ 85.531572331091667, 28.294960674097837 ], [ 85.531669148594176, 28.294831482581465 ], [ 85.531686613319792, 28.294807354894854 ], [ 85.531781353426169, 28.294671779038278 ], [ 85.531797101637039, 28.294648465728514 ], [ 85.531889634484543, 28.294506680133509 ], [ 85.531903874725117, 28.294484120540293 ], [ 85.531993893136331, 28.294336589418382 ], [ 85.53200683055077, 28.294314673385752 ], [ 85.532094068628282, 28.294161825291905 ], [ 85.532105865063912, 28.294140462053406 ], [ 85.532189985272339, 28.29398289354549 ], [ 85.532195120119866, 28.293973124833762 ], [ 85.532338377014554, 28.29369627501876 ], [ 85.532351094778988, 28.293670655414402 ], [ 85.532394234641572, 28.29357995849951 ], [ 85.532406554411224, 28.293552837318881 ], [ 85.53244226289678, 28.293470394440149 ], [ 85.532456327669379, 28.293435833618251 ], [ 85.532488207371813, 28.293352195239368 ], [ 85.532503036655072, 28.293309888929578 ], [ 85.53252847739067, 28.293230472847732 ], [ 85.532542379605729, 28.293181994926783 ], [ 85.532561742666928, 28.293105663334252 ], [ 85.532573545712495, 28.293051416368556 ], [ 85.532586980130091, 28.292977564373594 ], [ 85.532598394808218, 28.292883850961147 ], [ 85.532601138426386, 28.292839864207266 ], [ 85.53260110192636, 28.292814709756723 ], [ 85.532638160802378, 28.292777887092019 ], [ 85.532654299440281, 28.292756352048297 ], [ 85.532756535203816, 28.292580852160253 ], [ 85.532769142183753, 28.292551776442874 ], [ 85.532792658499815, 28.292484764704021 ], [ 85.532845302365303, 28.292446087423993 ], [ 85.532866216248351, 28.292430295720415 ], [ 85.532921155948813, 28.292387665821835 ], [ 85.53296468030031, 28.292351855127702 ], [ 85.533016640724185, 28.292306534332962 ], [ 85.533074216330292, 28.292251980792482 ], [ 85.533116792036964, 28.292208136749196 ], [ 85.53315968019092, 28.292160844964595 ], [ 85.533228461153612, 28.292079550445404 ], [ 85.533250551102142, 28.292052407231317 ], [ 85.533318125865321, 28.29196604284482 ], [ 85.533337711094191, 28.29194006242162 ], [ 85.533404128408833, 28.291848567322649 ], [ 85.533421474441454, 28.291823801553438 ], [ 85.533486797764311, 28.291727083465972 ], [ 85.533502106555176, 28.291703624685631 ], [ 85.533566365890692, 28.291601651443386 ], [ 85.533579862801744, 28.291579513356744 ], [ 85.533643223779436, 28.291472028617818 ], [ 85.533655092496403, 28.291451245239731 ], [ 85.533717691803389, 28.291338021231756 ], [ 85.533728102901108, 28.291318608565803 ], [ 85.533790163244888, 28.291199241544263 ], [ 85.53380166371447, 28.291176285603939 ], [ 85.533862981041295, 28.291049147022907 ], [ 85.533875409763894, 28.291022179650415 ], [ 85.533933240522401, 28.290890671462172 ], [ 85.533944261828623, 28.29086440999987 ], [ 85.533998408095584, 28.290728987666508 ], [ 85.534008196958311, 28.29070328336309 ], [ 85.534058447602888, 28.290564473504581 ], [ 85.534067147363743, 28.290539171763299 ], [ 85.534113319266126, 28.290397466101751 ], [ 85.534121039442809, 28.29037242513931 ], [ 85.534162901760752, 28.290228524270859 ], [ 85.534169734650078, 28.290203571703671 ], [ 85.534207092732998, 28.290058139609254 ], [ 85.534213101447719, 28.290033112126512 ], [ 85.534245768895715, 28.289886880565035 ], [ 85.534250835530514, 28.289862436108169 ], [ 85.534268532444401, 28.289769894958432 ], [ 85.534272597362175, 28.289746829820729 ], [ 85.534287888307389, 28.289652029084035 ], [ 85.534291150473578, 28.289629842061995 ], [ 85.534304053004547, 28.289532691675131 ], [ 85.534306595791335, 28.289511362996127 ], [ 85.534317121766179, 28.289411742148587 ], [ 85.534319011514768, 28.289391371351808 ], [ 85.534327175367935, 28.289289194459155 ], [ 85.534328490390891, 28.289269758919673 ], [ 85.534334308324759, 28.289164811354812 ], [ 85.534335117299094, 28.2891463665934 ], [ 85.534338602198133, 28.289038452646537 ], [ 85.534338974947559, 28.289021000225027 ], [ 85.534340134494443, 28.288909857343302 ], [ 85.534340138265108, 28.288893557189493 ], [ 85.534339013244107, 28.288780748989055 ], [ 85.534338718701235, 28.28876560817919 ], [ 85.534335343125761, 28.288648950005225 ], [ 85.534334473270434, 28.288628208249794 ], [ 85.534320888239478, 28.288381009868594 ], [ 85.534319241368721, 28.288357415816758 ], [ 85.534296372774804, 28.288087302778376 ], [ 85.534294611243993, 28.288068997933092 ], [ 85.534260505283214, 28.287752698335641 ], [ 85.534258193061518, 28.287733441909619 ], [ 85.534226823789027, 28.287496413627103 ], [ 85.534223243883716, 28.287472202522999 ], [ 85.534183783557467, 28.287230760658723 ], [ 85.534179653290622, 28.287207613953424 ], [ 85.53413222615562, 28.286962517958266 ], [ 85.534127592575516, 28.286940254026167 ], [ 85.534072378536152, 28.286692442647837 ], [ 85.534068986499676, 28.286677853782411 ], [ 85.534014450942777, 28.28645272477749 ], [ 85.534012146406042, 28.286443449756966 ], [ 85.5339613718576, 28.28624410210826 ], [ 85.533958417944135, 28.286232841051834 ], [ 85.533908681492917, 28.286048601114981 ], [ 85.533905067960475, 28.286035640464895 ], [ 85.533855469307085, 28.285863233228852 ], [ 85.533851133829856, 28.285848672135064 ], [ 85.533800430617205, 28.285683966928278 ], [ 85.533795308396535, 28.285667913900387 ], [ 85.533743593997087, 28.285511388259039 ], [ 85.533737626285856, 28.285493978947354 ], [ 85.533684555046364, 28.285344592154061 ], [ 85.533677655587468, 28.285325886462061 ], [ 85.533622998698462, 28.28518299977587 ], [ 85.533615003577282, 28.285162884029095 ], [ 85.533557590080434, 28.285023705989758 ], [ 85.533548360435518, 28.285002187721194 ], [ 85.533488944637, 28.284868814875125 ], [ 85.533478429757992, 28.284846120434459 ], [ 85.533416870235357, 28.284718233569844 ], [ 85.533404942793766, 28.284694414295824 ], [ 85.533341130467491, 28.284571789313162 ], [ 85.533327662660582, 28.284546916304471 ], [ 85.533261468310656, 28.284429310836906 ], [ 85.533246330519503, 28.28440346871032 ], [ 85.533177696332856, 28.284290786464414 ], [ 85.533160771427774, 28.284264093364005 ], [ 85.533089620655204, 28.284156206253996 ], [ 85.533070782617472, 28.284128774271263 ], [ 85.53299705030966, 28.284025585926127 ], [ 85.532967716716058, 28.283986792075435 ], [ 85.532911088985344, 28.283915937284032 ], [ 85.532875630692018, 28.283874187724113 ], [ 85.532807366145448, 28.283798475923728 ], [ 85.532781218345662, 28.283770639468884 ], [ 85.53271214572554, 28.283700036276183 ], [ 85.532699700097567, 28.283687549657184 ], [ 85.532539631775208, 28.283529907845313 ], [ 85.532480262227168, 28.283467122439504 ], [ 85.532465425035539, 28.283449925348652 ], [ 85.53245352639307, 28.28343495270602 ], [ 85.532446399429702, 28.283425091362243 ], [ 85.532443705024633, 28.283420937132998 ], [ 85.532429572478719, 28.283388445517495 ], [ 85.532407465135577, 28.283326025749901 ], [ 85.532340856162492, 28.283108024318636 ], [ 85.532333427287739, 28.283084933807199 ], [ 85.532299166584437, 28.282983581745363 ], [ 85.532286613582386, 28.282948996709454 ], [ 85.532265618459704, 28.282894915416616 ], [ 85.532252205155061, 28.282862406332889 ], [ 85.532230624151012, 28.28281305881605 ], [ 85.532213505688247, 28.282776337159621 ], [ 85.532190909824706, 28.282730738661858 ], [ 85.532169571063619, 28.282690411980951 ], [ 85.532145717124294, 28.282648083351972 ], [ 85.532124010109911, 28.282611668414912 ], [ 85.532042234027898, 28.282481753206994 ], [ 85.532017103165515, 28.282444013183618 ], [ 85.531939683801923, 28.282333946214234 ], [ 85.531914501369343, 28.282299881435222 ], [ 85.531876192039576, 28.282250526426228 ], [ 85.53185577169792, 28.282225167170427 ], [ 85.531817580009346, 28.282179428938111 ], [ 85.531793876746917, 28.282152146112161 ], [ 85.531755665305056, 28.282109858016028 ], [ 85.53172822138724, 28.282080760684796 ], [ 85.53168989980577, 28.282041822473929 ], [ 85.531658359633411, 28.282011222063108 ], [ 85.531624102157636, 28.281979480064241 ], [ 85.531591250764052, 28.281950397401868 ], [ 85.531554766767002, 28.281919538487973 ], [ 85.531521733356271, 28.281892801237831 ], [ 85.531482978481179, 28.281862788827979 ], [ 85.531450160799295, 28.281838432222834 ], [ 85.531409077573286, 28.281809219667164 ], [ 85.531376767776976, 28.281787172299527 ], [ 85.531333315821485, 28.28175873027989 ], [ 85.531301862306307, 28.28173894589635 ], [ 85.531255918395701, 28.281711190051908 ], [ 85.53121086378998, 28.281685481755126 ], [ 85.531110978213292, 28.281631723326615 ], [ 85.531057312451608, 28.281604774620519 ], [ 85.5309504843665, 28.281554850255571 ], [ 85.530905054014923, 28.281534882139134 ], [ 85.530784190041942, 28.281485036811148 ], [ 85.530748514903138, 28.281471053194899 ], [ 85.530613695583156, 28.281420916794787 ], [ 85.530591084974731, 28.281412788774439 ], [ 85.530391467355656, 28.281343482940745 ], [ 85.530362700234022, 28.281333935386122 ], [ 85.5302534743726, 28.281299336686828 ], [ 85.530201419326104, 28.281284231350664 ], [ 85.530088373421563, 28.281254380223768 ], [ 85.530037445403977, 28.281242193005294 ], [ 85.529920422004054, 28.281217046227855 ], [ 85.529871132104716, 28.281207590842769 ], [ 85.529749922799667, 28.281187103740244 ], [ 85.529702745827521, 28.281180140898368 ], [ 85.529577207274059, 28.281164282131336 ], [ 85.529532496269454, 28.281159523309256 ], [ 85.529402209205813, 28.281148234198486 ], [ 85.529360227879792, 28.281145370056716 ], [ 85.529224803278325, 28.281138617517364 ], [ 85.529185813452813, 28.281137335357883 ], [ 85.529044683856341, 28.281135087089059 ], [ 85.529009753179906, 28.281135060421196 ], [ 85.528870584833498, 28.281137065047933 ], [ 85.528839630453803, 28.281137927377102 ], [ 85.528693815544671, 28.281143953190419 ], [ 85.528665907216606, 28.281145446309385 ], [ 85.528512268551538, 28.281155539268806 ], [ 85.528487569349323, 28.281157429381789 ], [ 85.528323865003841, 28.281171734075578 ], [ 85.52830336263041, 28.28117371116511 ], [ 85.528140675160046, 28.281190874971809 ], [ 85.52812433361234, 28.281192717633004 ], [ 85.527943814673478, 28.281214386687136 ], [ 85.527928189017814, 28.281216371517363 ], [ 85.527368797603046, 28.281291343717079 ], [ 85.527353100761985, 28.281293558399256 ], [ 85.527244070692092, 28.281309713948204 ], [ 85.527215550611132, 28.281314309829398 ], [ 85.527095605426268, 28.281335202246311 ], [ 85.527066810834611, 28.281340601092296 ], [ 85.52658406843338, 28.28143757825157 ], [ 85.52649070392772, 28.281454768261032 ], [ 85.526417410776133, 28.281466731538359 ], [ 85.526302905434378, 28.281481774182023 ], [ 85.526182135317754, 28.281493159683862 ], [ 85.526047982126684, 28.28150133313623 ], [ 85.525895256420824, 28.28150616222467 ], [ 85.525757490647337, 28.281507395407385 ], [ 85.525596989239986, 28.281506148261339 ], [ 85.525010135986705, 28.281492520413519 ], [ 85.524999853874803, 28.28149232759845 ], [ 85.524778734678193, 28.281489167677563 ], [ 85.524756800711842, 28.281489063064424 ], [ 85.524538858676465, 28.281490099526568 ], [ 85.52450835690189, 28.281490648701645 ], [ 85.524312481913896, 28.281496771575672 ], [ 85.524284471133754, 28.281497988770642 ], [ 85.524180433314697, 28.281503780640271 ], [ 85.524158163088146, 28.281505237368375 ], [ 85.524058005108699, 28.281512766014998 ], [ 85.524034261047234, 28.281514798762316 ], [ 85.52393741652142, 28.281524103199512 ], [ 85.523912257958514, 28.281526800781759 ], [ 85.523818340943663, 28.281537921068903 ], [ 85.523791941688145, 28.281541358828115 ], [ 85.523700530401285, 28.281554346368701 ], [ 85.523672979571941, 28.28155860459831 ], [ 85.523583926830085, 28.281573485784655 ], [ 85.523555409546873, 28.281578625419044 ], [ 85.523468504840778, 28.281595434983668 ], [ 85.523439157514304, 28.281601515167573 ], [ 85.523354232154333, 28.281620286489446 ], [ 85.523315385563563, 28.281629597690888 ], [ 85.523164494142321, 28.281668610483113 ], [ 85.52313207542079, 28.281677513341425 ], [ 85.52281493953943, 28.281769756114251 ], [ 85.522693596858417, 28.281802296012387 ], [ 85.522480555995898, 28.281854223372942 ], [ 85.522268881328699, 28.281903617617242 ], [ 85.522064667472335, 28.281949002379132 ], [ 85.521867033364899, 28.281990599655156 ], [ 85.521675002126159, 28.282028637167365 ], [ 85.521488366852012, 28.282063178584607 ], [ 85.521306722397554, 28.282094327394951 ], [ 85.521129788779206, 28.282122160189914 ], [ 85.520956622053816, 28.282146844473051 ], [ 85.520787771221023, 28.282168316801187 ], [ 85.520623054091786, 28.28218663722085 ], [ 85.520462354806369, 28.282201854040977 ], [ 85.520305538118095, 28.282214016623065 ], [ 85.520152529010645, 28.282223168662544 ], [ 85.520003245054738, 28.2822293590085 ], [ 85.519857664661913, 28.282232630941269 ], [ 85.519714594706286, 28.282233026414435 ], [ 85.519575149706355, 28.282230556795469 ], [ 85.519439219798187, 28.282225271355905 ], [ 85.519306748754417, 28.282217218684529 ], [ 85.5191776666001, 28.282206446137543 ], [ 85.519051919030744, 28.282193003226062 ], [ 85.518929431226937, 28.282176933642624 ], [ 85.518810127311767, 28.282158283775335 ], [ 85.518693905652697, 28.282137089804664 ], [ 85.518580709693083, 28.282113394356113 ], [ 85.518470439919327, 28.282087227765697 ], [ 85.51836299551843, 28.282058618459509 ], [ 85.518258284625645, 28.282027589184054 ], [ 85.518156200635275, 28.281994152236649 ], [ 85.518056619667306, 28.281958308354874 ], [ 85.517964829438199, 28.281922179270101 ], [ 85.517946000986285, 28.281913869643294 ], [ 85.517920302618762, 28.28190114034582 ], [ 85.517701842925931, 28.281781374247128 ], [ 85.517672770511837, 28.281766021015837 ], [ 85.517575492335837, 28.281716568153463 ], [ 85.517529658286264, 28.281694627102457 ], [ 85.517476948469934, 28.281670915103721 ], [ 85.517432645922213, 28.281652159591243 ], [ 85.517382823336789, 28.281632357951398 ], [ 85.517330534493027, 28.281613102532752 ], [ 85.517282649044049, 28.281596834514044 ], [ 85.517222513320974, 28.281578290523502 ], [ 85.517176072762609, 28.281565394645344 ], [ 85.51710402786108, 28.281547927706438 ], [ 85.517053589995228, 28.281537441447721 ], [ 85.516978394568582, 28.281524426053672 ], [ 85.516925076588961, 28.281517026696918 ], [ 85.516855909145207, 28.281509561518462 ], [ 85.516799200250333, 28.281505175822645 ], [ 85.516737844643472, 28.281502076728334 ], [ 85.516676767181366, 28.281500624576335 ], [ 85.516627740009184, 28.281500502915357 ], [ 85.516570218224544, 28.281501584815931 ], [ 85.516532904546324, 28.28150289224109 ], [ 85.51646864864091, 28.281506187950264 ], [ 85.5164334055453, 28.281508538775732 ], [ 85.516209861351371, 28.281526904641439 ], [ 85.516156371887988, 28.281530010495253 ], [ 85.516126132348816, 28.281530177161695 ], [ 85.516073715498848, 28.281523189700305 ], [ 85.516006368204799, 28.28151204017902 ], [ 85.515934472254045, 28.281497921981629 ], [ 85.515857932395235, 28.281480639120719 ], [ 85.515776733885431, 28.281460027620291 ], [ 85.515690625843405, 28.281435873193896 ], [ 85.515599385982284, 28.281407972965816 ], [ 85.515506793642572, 28.28137744986179 ], [ 85.515486418876193, 28.281370094391935 ], [ 85.515471542875886, 28.281364156086248 ], [ 85.51539721400367, 28.281330640822819 ], [ 85.515317294421465, 28.281290588589531 ], [ 85.515077935024379, 28.281164932274734 ], [ 85.515050279262297, 28.281150926207285 ], [ 85.514931368603854, 28.281092868992861 ], [ 85.514884800064692, 28.281071496521928 ], [ 85.514778626348019, 28.281025796956808 ], [ 85.514716119716937, 28.281001153010919 ], [ 85.514617621642543, 28.280965775936689 ], [ 85.514560351003354, 28.280946954914842 ], [ 85.514496142336768, 28.280927771042489 ], [ 85.514455482310339, 28.280916455263341 ], [ 85.514389407942758, 28.280899401763822 ], [ 85.514349682341376, 28.280889914433704 ], [ 85.514281604133814, 28.280874953699819 ], [ 85.514243148691847, 28.280867198652906 ], [ 85.514172882683624, 28.280854288968623 ], [ 85.514135958842289, 28.280848131145127 ], [ 85.514063390127063, 28.280837250498298 ], [ 85.514028380366341, 28.280832553358252 ], [ 85.51395313157839, 28.280823638072224 ], [ 85.513920257773449, 28.280820223166732 ], [ 85.513841986937152, 28.280813230707029 ], [ 85.513811420110528, 28.280810910731152 ], [ 85.513729606847775, 28.280805797523396 ], [ 85.513693237493229, 28.280804101738266 ], [ 85.513549004601899, 28.280799662002526 ], [ 85.513510945271037, 28.280799119883877 ], [ 85.513349271859155, 28.280799489195442 ], [ 85.513322800609842, 28.280799854025666 ], [ 85.513164084197058, 28.280803866304488 ], [ 85.513151928937404, 28.280804237764606 ], [ 85.512761119589427, 28.280818248896431 ], [ 85.512572728266619, 28.280820643480894 ], [ 85.51249184151834, 28.280819213166069 ], [ 85.5124192712248, 28.280815921587941 ], [ 85.512356523503101, 28.280811101048492 ], [ 85.512300461203196, 28.280804829933608 ], [ 85.512241028036868, 28.280796073619197 ], [ 85.512173293549736, 28.280783961786312 ], [ 85.512096839745325, 28.280768091134007 ], [ 85.512012581198974, 28.280748436142986 ], [ 85.511827378064922, 28.280699981680215 ], [ 85.51145976812407, 28.280595854954115 ], [ 85.511450504640166, 28.280593273946788 ], [ 85.511304358280412, 28.280553231705365 ], [ 85.511284267733757, 28.280547926994757 ], [ 85.511136071830023, 28.280510261143604 ], [ 85.511107329356904, 28.280503356500045 ], [ 85.510973604822624, 28.280473081960963 ], [ 85.510935109868271, 28.280465067709972 ], [ 85.510787788213648, 28.280437054482672 ], [ 85.510738516279773, 28.280428802089137 ], [ 85.510599937100636, 28.280408703454711 ], [ 85.510543629824184, 28.280401957386132 ], [ 85.510411293087017, 28.280389415779347 ], [ 85.510364963849241, 28.28038596897413 ], [ 85.510300716119858, 28.280382492955606 ], [ 85.51026814134184, 28.280381193065434 ], [ 85.510204988305503, 28.280379568285262 ], [ 85.510168876304533, 28.280379205685708 ], [ 85.510012360377829, 28.280380088509649 ], [ 85.509975699318304, 28.280380879160337 ], [ 85.509813565841739, 28.280386960376113 ], [ 85.509779479394908, 28.280388745577667 ], [ 85.509611874209767, 28.280400019535879 ], [ 85.509580145395674, 28.280402595754669 ], [ 85.509407256249375, 28.280419049140725 ], [ 85.509381242228173, 28.280421824686723 ], [ 85.509284733407668, 28.280433236994913 ], [ 85.509263279136846, 28.280435979796433 ], [ 85.509165948681044, 28.280449359577585 ], [ 85.509134801178917, 28.280454080115007 ], [ 85.508937747822984, 28.280486734757293 ], [ 85.508898159466554, 28.280494017227849 ], [ 85.508698041156407, 28.280534510766554 ], [ 85.508660614536211, 28.280542746370319 ], [ 85.508457612173672, 28.28059104286142 ], [ 85.508422273233435, 28.280600058414922 ], [ 85.50821653303656, 28.280656123341657 ], [ 85.508183145125187, 28.280665782071104 ], [ 85.507974960667141, 28.280729541913644 ], [ 85.507943445499279, 28.280739710931332 ], [ 85.507733079923867, 28.280811081008977 ], [ 85.507703264431882, 28.280821676300768 ], [ 85.507491053611332, 28.280900547458454 ], [ 85.507467430218114, 28.280909639885067 ], [ 85.50728374766102, 28.280982793620144 ], [ 85.507262926110926, 28.280991336672262 ], [ 85.507093454775131, 28.281062933382341 ], [ 85.507070140836944, 28.281073107906085 ], [ 85.506911647123701, 28.281144513913269 ], [ 85.506886160815682, 28.28115640047702 ], [ 85.506737202138623, 28.281228271525531 ], [ 85.506709735738823, 28.28124201599886 ], [ 85.506568672398544, 28.281315178050377 ], [ 85.506539481791037, 28.281330905248353 ], [ 85.506406281514217, 28.281405406712281 ], [ 85.506375647708992, 28.281423230895708 ], [ 85.506249804940779, 28.28149935507507 ], [ 85.506217977058995, 28.281519410824892 ], [ 85.506099165842429, 28.28159735634198 ], [ 85.506067205109531, 28.281619205177083 ], [ 85.505912597767605, 28.281729292178088 ], [ 85.505882261748866, 28.281751764514496 ], [ 85.505731867506881, 28.281867638334148 ], [ 85.505702692883588, 28.281891007445982 ], [ 85.505557400135515, 28.282011982879887 ], [ 85.505529184499494, 28.282036404227167 ], [ 85.505389773090926, 28.282161830987661 ], [ 85.505362378454151, 28.28218746100535 ], [ 85.505229642550873, 28.282316613152688 ], [ 85.505202950589151, 28.282343645674366 ], [ 85.505077405000364, 28.282476017136585 ], [ 85.505051382836413, 28.282504616064415 ], [ 85.504933563686521, 28.28263963512001 ], [ 85.5049081868775, 28.282670010115943 ], [ 85.504798538665213, 28.282807169022842 ], [ 85.504784203787651, 28.282825580114359 ], [ 85.5046722333866, 28.282973272087261 ], [ 85.5046624654954, 28.282986401792265 ], [ 85.504583524942319, 28.28309455123161 ], [ 85.504569142736344, 28.283114840739724 ], [ 85.504500564012176, 28.283214500748645 ], [ 85.504483162530477, 28.283240776913775 ], [ 85.504424140657889, 28.283333449516334 ], [ 85.504404604479177, 28.283365629694462 ], [ 85.504351679389359, 28.283457206580181 ], [ 85.504330856596269, 28.28349542686135 ], [ 85.504285635757597, 28.283583673852803 ], [ 85.504264835998541, 28.283627267176129 ], [ 85.504226827884636, 28.283713141891273 ], [ 85.504207010903201, 28.283762010286395 ], [ 85.504175983717104, 28.283846050806027 ], [ 85.504154526720257, 28.283912746517615 ], [ 85.504133458298782, 28.283989285139711 ], [ 85.504117329974264, 28.284060085124146 ], [ 85.504101602639324, 28.284146929472559 ], [ 85.504093725337697, 28.284200727606287 ], [ 85.504082631709892, 28.284299761621646 ], [ 85.504079693278769, 28.284331792054584 ], [ 85.504065562510164, 28.284529369991155 ], [ 85.504060131079882, 28.284585538218092 ], [ 85.504054589027191, 28.284621795336847 ], [ 85.504050323187514, 28.284639685681729 ], [ 85.504050079889581, 28.284640453679714 ], [ 85.504045827607911, 28.284651947912618 ], [ 85.504040210350183, 28.284665228084425 ], [ 85.504032868925663, 28.284680658759761 ], [ 85.504023445947126, 28.284698511924145 ], [ 85.504011515702018, 28.284719118922364 ], [ 85.503996627569791, 28.284742798641993 ], [ 85.503980838759915, 28.284766127610666 ], [ 85.503936337311131, 28.284826404163841 ], [ 85.503877809724457, 28.284898892844687 ], [ 85.503807808294226, 28.284980402031984 ], [ 85.503586477267589, 28.285230939768145 ], [ 85.503572532147459, 28.28524709678409 ], [ 85.503507543694695, 28.285324178360533 ], [ 85.503492961488391, 28.285341919982379 ], [ 85.503436674467792, 28.28541218175728 ], [ 85.503417747062329, 28.285436650707958 ], [ 85.503357235834443, 28.285517703628273 ], [ 85.503334232777874, 28.285549978931055 ], [ 85.503281516049213, 28.285627531521587 ], [ 85.503257316854516, 28.285665144838386 ], [ 85.503211400358069, 28.285740669958216 ], [ 85.503187096604606, 28.285783312587174 ], [ 85.503147517916574, 28.285857580443125 ], [ 85.503129279576314, 28.285893850596576 ], [ 85.503067391642219, 28.286024593728623 ], [ 85.503055971696114, 28.286049774876535 ], [ 85.502996332788541, 28.286187220375847 ], [ 85.502986544069969, 28.286210751268818 ], [ 85.502928940351936, 28.286355389571252 ], [ 85.502920605616893, 28.286377200849991 ], [ 85.502864731614849, 28.28652980477759 ], [ 85.502857728114918, 28.286549714142733 ], [ 85.502803569959852, 28.286710181560867 ], [ 85.502797743071085, 28.286728120622431 ], [ 85.502744343167294, 28.286899162134443 ], [ 85.502739564849549, 28.286915027956297 ], [ 85.502686195696569, 28.287098939721481 ], [ 85.502682391982262, 28.287112481134457 ], [ 85.50262731625719, 28.287315232327458 ], [ 85.502621801320714, 28.287336681182801 ], [ 85.502596984997822, 28.287438941746835 ], [ 85.502590407173685, 28.287468430513954 ], [ 85.502568443324904, 28.287576319782694 ], [ 85.50256346722486, 28.287603056907113 ], [ 85.502544121798707, 28.287717708589483 ], [ 85.50254050135392, 28.287741289571564 ], [ 85.502523384696488, 28.287864974650766 ], [ 85.502520299419203, 28.287890202373358 ], [ 85.502495982491567, 28.288119070382031 ], [ 85.502494374133406, 28.28813589477372 ], [ 85.502449570518266, 28.288663240398968 ], [ 85.502436860343678, 28.288780669844535 ], [ 85.502423463446476, 28.288882255044875 ], [ 85.502408272022848, 28.288976606893872 ], [ 85.502391987330157, 28.28905985197283 ], [ 85.502374516708528, 28.289134276162486 ], [ 85.502356343541962, 28.289199589008344 ], [ 85.502335339842617, 28.289263152767333 ], [ 85.50230465101717, 28.289343612968654 ], [ 85.502268579973006, 28.289430022205405 ], [ 85.502164784515998, 28.289669004948479 ], [ 85.502156897803815, 28.289687783370599 ], [ 85.502107335491672, 28.289809925616684 ], [ 85.50209499039299, 28.289842258275797 ], [ 85.50205372992508, 28.28995745912701 ], [ 85.502039505292132, 28.290000929832701 ], [ 85.502008025990733, 28.290107016915925 ], [ 85.501993193422621, 28.290164614595003 ], [ 85.501973504438652, 28.290254563986167 ], [ 85.501963218644804, 28.290311109293661 ], [ 85.501948360428074, 28.290413372414804 ], [ 85.501943659549696, 28.290452426956573 ], [ 85.501934085365079, 28.290552620804583 ], [ 85.501932578719774, 28.290570501252581 ], [ 85.501915357345169, 28.290806459092249 ], [ 85.50191087311282, 28.290849947020437 ], [ 85.501906620409471, 28.290881407795748 ], [ 85.501901737233865, 28.290908859337119 ], [ 85.501898124187349, 28.290924392051661 ], [ 85.501896130705987, 28.290931121573031 ], [ 85.501896062239254, 28.290931307192281 ], [ 85.501892926577838, 28.290937388807805 ], [ 85.501788630274973, 28.291114558366889 ], [ 85.501773854740364, 28.29114068097028 ], [ 85.501748773564316, 28.291186876528489 ], [ 85.501731539323444, 28.291220350069725 ], [ 85.501711023203256, 28.291262451338604 ], [ 85.501687324237309, 28.291315660191625 ], [ 85.501653380334531, 28.291399571362557 ], [ 85.501630397934477, 28.291463857565979 ], [ 85.501602351634446, 28.291553870395436 ], [ 85.501586349068248, 28.291612911655037 ], [ 85.501563956214639, 28.291709788807712 ], [ 85.501553629090026, 28.29176232678175 ], [ 85.501536554475422, 28.291867507713604 ], [ 85.501530697706087, 28.29191109021092 ], [ 85.501519281683343, 28.292018185208683 ], [ 85.501516350995004, 28.29205277326265 ], [ 85.501508784288674, 28.292173025922509 ], [ 85.50150760788749, 28.292197894947037 ], [ 85.501503645852935, 28.292322857705123 ], [ 85.501503360951332, 28.29233454167079 ], [ 85.501497702807683, 28.29266603896729 ], [ 85.501495603240983, 28.292713972856347 ], [ 85.501429174844688, 28.292752977951903 ], [ 85.501420949682966, 28.29275785857585 ], [ 85.501241339733753, 28.29286555865011 ], [ 85.501232468858078, 28.292870938578115 ], [ 85.501060903434762, 28.2929761680635 ], [ 85.501051417498203, 28.292982057107199 ], [ 85.500886293034156, 28.293085813763749 ], [ 85.500876267219112, 28.293092194696936 ], [ 85.500717324362427, 28.293194651692502 ], [ 85.500706816897377, 28.293201516579625 ], [ 85.50055342697199, 28.293303080386718 ], [ 85.500542492706103, 28.293310422338362 ], [ 85.500397221395076, 28.2934093373261 ], [ 85.500346282102953, 28.293443489826792 ], [ 85.500291261225698, 28.293478516601315 ], [ 85.49996098795171, 28.293680389552271 ], [ 85.4999312061463, 28.293699301720761 ], [ 85.499844802732184, 28.293756279713989 ], [ 85.49981495212424, 28.293776735852074 ], [ 85.499739598373424, 28.293830378533915 ], [ 85.499699229268245, 28.293860676833567 ], [ 85.499612966567028, 28.293928904316896 ], [ 85.499562031665107, 28.293972085721649 ], [ 85.499487107443727, 28.294040156137022 ], [ 85.49944692054865, 28.294078860799868 ], [ 85.499413209241709, 28.294113289636364 ], [ 85.499386173336291, 28.29414208691724 ], [ 85.499354845635366, 28.294176900235822 ], [ 85.499328102594362, 28.294207975883783 ], [ 85.499299074618904, 28.29424326572466 ], [ 85.499272994425894, 28.294276513970487 ], [ 85.499246204952058, 28.294312356377379 ], [ 85.499217540261398, 28.294353014044319 ], [ 85.499183321656233, 28.294404547201275 ], [ 85.499155957359619, 28.294448512891631 ], [ 85.49912317027011, 28.294504843313835 ], [ 85.499101393872877, 28.294544620003926 ], [ 85.499069697827053, 28.294606322466084 ], [ 85.499052761268459, 28.294641224056107 ], [ 85.499021538940454, 28.294709492124067 ], [ 85.499005835567047, 28.294746090642732 ], [ 85.498955134213787, 28.294872448180438 ], [ 85.498944738346651, 28.294899729041301 ], [ 85.498858688366056, 28.295138025872596 ], [ 85.498824307271121, 28.295228205166662 ], [ 85.498786083780857, 28.295327919732113 ], [ 85.498778479187848, 28.295348571670218 ], [ 85.498741024497164, 28.295454602016591 ], [ 85.498734643792488, 28.295473379158913 ], [ 85.49869783502551, 28.295586125015156 ], [ 85.498692595893132, 28.295602768246905 ], [ 85.498655711831987, 28.295724431048924 ], [ 85.498650488928604, 28.295742394210258 ], [ 85.498587392107169, 28.295969029512257 ], [ 85.498584146452046, 28.295981040821875 ], [ 85.498443729354605, 28.296516855722967 ], [ 85.498407630920255, 28.296645098486643 ], [ 85.498374043541929, 28.296756455473442 ], [ 85.498337855892416, 28.296866986201564 ], [ 85.498302577542674, 28.296965212140915 ], [ 85.498267506969299, 28.297053893059793 ], [ 85.498233385297596, 28.29713210580233 ], [ 85.498202733486494, 28.29719480378029 ], [ 85.498160824304179, 28.297271921549271 ], [ 85.49811234976157, 28.297355101587158 ], [ 85.497969855853128, 28.297592064274728 ], [ 85.497958115815493, 28.29761219258959 ], [ 85.497885661244382, 28.297740336429769 ], [ 85.49787158218551, 28.297766260966633 ], [ 85.497837059172454, 28.29783251405177 ], [ 85.497825438565343, 28.297855664125834 ], [ 85.497795023167967, 28.297918623076463 ], [ 85.49778289891259, 28.297944851690325 ], [ 85.497756067073681, 28.298005601888402 ], [ 85.497743874673446, 28.298034669612608 ], [ 85.497720373514383, 28.298093792207919 ], [ 85.497709995015128, 28.298121306437771 ], [ 85.49767623388945, 28.298215841050816 ], [ 85.497668314452142, 28.298239101060311 ], [ 85.497636621767086, 28.298336932758676 ], [ 85.497629758649296, 28.298359188063593 ], [ 85.497600137518049, 28.29846031327336 ], [ 85.49759422586493, 28.298481551800158 ], [ 85.497566673233095, 28.298585970489455 ], [ 85.497561597183093, 28.298606259555164 ], [ 85.497536117247378, 28.298713963649092 ], [ 85.497531791403247, 28.298733299697176 ], [ 85.497508376765495, 28.298844308068634 ], [ 85.4975047075216, 28.298862763714883 ], [ 85.497483359066948, 28.298977086302614 ], [ 85.497480278693729, 28.298994656018667 ], [ 85.497460988935742, 28.29911231801195 ], [ 85.49745572115026, 28.299150017244955 ], [ 85.497443679929191, 28.299254138205839 ], [ 85.497439451670189, 28.299304671857172 ], [ 85.497433373539735, 28.299421934129533 ], [ 85.497432330220221, 28.299456601005115 ], [ 85.497431387487765, 28.299569131035664 ], [ 85.497431412759738, 28.299585048034004 ], [ 85.497434340264746, 28.299838499771983 ], [ 85.497432026113501, 28.299940288544867 ], [ 85.497429917184277, 28.299972734956505 ], [ 85.497426966479111, 28.300001937838903 ], [ 85.497423725059733, 28.300024797331542 ], [ 85.497420860226995, 28.300040122866964 ], [ 85.497403523317686, 28.300111758225142 ], [ 85.497377201984023, 28.300200452730191 ], [ 85.497340466848783, 28.300309059475854 ], [ 85.497263828923067, 28.300520888110938 ], [ 85.497171666190496, 28.300772413068909 ], [ 85.49709687641726, 28.300966115989475 ], [ 85.497027434320927, 28.3011341091334 ], [ 85.49696146455716, 28.301281584266068 ], [ 85.496895721595635, 28.301416269388131 ], [ 85.496831190890717, 28.301536628707773 ], [ 85.496767332280086, 28.301644602469327 ], [ 85.49670160984931, 28.301744984900779 ], [ 85.496646495703416, 28.301822350338053 ], [ 85.49658247279099, 28.301906981548065 ], [ 85.496511125745798, 28.301996331646574 ], [ 85.496440197618384, 28.302080958117926 ], [ 85.496407321919648, 28.302116419008705 ], [ 85.496362372233534, 28.302158806028416 ], [ 85.496300730862501, 28.302211755714577 ], [ 85.496088011990935, 28.30238675055293 ], [ 85.496065620379369, 28.302405741022479 ], [ 85.496005492021567, 28.302458311751614 ], [ 85.495982314166383, 28.302479245418468 ], [ 85.495930235373919, 28.302527835349121 ], [ 85.495900612113616, 28.302556698079123 ], [ 85.495845979158787, 28.302612295857976 ], [ 85.495810445265803, 28.302650526279457 ], [ 85.495762735061021, 28.302704826672883 ], [ 85.495725561390998, 28.302749949666456 ], [ 85.495683896077168, 28.302803959245701 ], [ 85.495646938450008, 28.302855530916684 ], [ 85.495610900426101, 28.302909795624277 ], [ 85.495576396675759, 28.30296625491415 ], [ 85.495546060377023, 28.30302041366939 ], [ 85.495518144190285, 28.303074687716869 ], [ 85.49549051948307, 28.303133471960866 ], [ 85.495469095022742, 28.303183140339581 ], [ 85.495443913971798, 28.303247112098934 ], [ 85.495428008154079, 28.303291114733327 ], [ 85.495404834149241, 28.303361372977225 ], [ 85.495394085419932, 28.303396591931698 ], [ 85.495375154783233, 28.303464003470147 ], [ 85.495368087061706, 28.303490926444049 ], [ 85.495349473560296, 28.303567104012341 ], [ 85.495343666208157, 28.303592651090749 ], [ 85.495285647993995, 28.303868411047453 ], [ 85.495263946388235, 28.303959934620828 ], [ 85.49525496562886, 28.303992214957606 ], [ 85.495246606642041, 28.304018550679036 ], [ 85.495239812419612, 28.30403725111632 ], [ 85.495235232359803, 28.304048256642329 ], [ 85.495228823871415, 28.304061619061571 ], [ 85.495219425855879, 28.304078825015907 ], [ 85.495204949440222, 28.304102586374587 ], [ 85.495186149756563, 28.304130757152123 ], [ 85.495125663543448, 28.304213259989158 ], [ 85.494930436193613, 28.304463928651856 ], [ 85.494910094751589, 28.304491082758915 ], [ 85.494857925379677, 28.304563531069245 ], [ 85.494837676750038, 28.304592869015039 ], [ 85.494793820442752, 28.304659220404602 ], [ 85.494769164362467, 28.304698761336919 ], [ 85.494726366202443, 28.304771650469782 ], [ 85.494698695530388, 28.304822617761573 ], [ 85.494663626905833, 28.304892760012901 ], [ 85.494636836846738, 28.304951903064023 ], [ 85.494608888043004, 28.30502052455757 ], [ 85.494585074734715, 28.30508692065002 ], [ 85.49456398445696, 28.30515469178982 ], [ 85.494548348885274, 28.305212246306837 ], [ 85.494528854783781, 28.305296000565264 ], [ 85.494520271866065, 28.305337841976915 ], [ 85.494504608579618, 28.305425966950843 ], [ 85.494498686136339, 28.30546474838842 ], [ 85.494486885888122, 28.305557056711972 ], [ 85.494483104550113, 28.305593090766113 ], [ 85.494475200389928, 28.305689336418407 ], [ 85.494473151432743, 28.305722942675651 ], [ 85.494469165109649, 28.305822958029626 ], [ 85.494469074814589, 28.30582744398582 ], [ 85.494193631763395, 28.305910636315279 ], [ 85.494170507798671, 28.305917896560299 ], [ 85.494101721128786, 28.305940321536266 ], [ 85.494072454324268, 28.305950317841642 ], [ 85.494011750407864, 28.305972007045355 ], [ 85.4939722840179, 28.305986970879971 ], [ 85.493904329351523, 28.306014248740137 ], [ 85.493854024959674, 28.306035933487003 ], [ 85.493792536328741, 28.306064312409294 ], [ 85.493737078636187, 28.306091888280999 ], [ 85.493680858165575, 28.306121922740402 ], [ 85.493622067190117, 28.306155826324858 ], [ 85.493570536314238, 28.306187831241388 ], [ 85.493520947003219, 28.306220663603643 ], [ 85.493478373165701, 28.30625067801488 ], [ 85.493442741260992, 28.306276993355731 ], [ 85.493399795988651, 28.30631020576957 ], [ 85.493368816296751, 28.306335176246801 ], [ 85.493325133618967, 28.306371866916951 ], [ 85.493298696573106, 28.306394895576222 ], [ 85.493253628414038, 28.306435607883905 ], [ 85.493223385415291, 28.306464139484397 ], [ 85.493130542439488, 28.306555624281692 ], [ 85.493106785894753, 28.306579887983968 ], [ 85.492928250514097, 28.306768926289553 ], [ 85.492870425843606, 28.306827507864018 ], [ 85.492816737010074, 28.306876908476656 ], [ 85.492808408333389, 28.306883817598873 ], [ 85.492802179864981, 28.306888586038752 ], [ 85.492800337103176, 28.306889738871309 ], [ 85.492664945719497, 28.306966453389613 ], [ 85.492637218260953, 28.306982734619218 ], [ 85.492577139261115, 28.307019275546725 ], [ 85.492518666813822, 28.307057628482159 ], [ 85.492460303337424, 28.30709884528558 ], [ 85.492382248183674, 28.307160002077559 ], [ 85.49233431020636, 28.307201619172236 ], [ 85.492271753008453, 28.307261047737345 ], [ 85.4922207990424, 28.30731404739889 ], [ 85.492182229933476, 28.307356717827947 ], [ 85.492133735677569, 28.307413831218465 ], [ 85.492099565463093, 28.307456605451485 ], [ 85.492054195665943, 28.3075170475114 ], [ 85.492023510028645, 28.307560561475157 ], [ 85.491981864366224, 28.307623533791492 ], [ 85.491954084347483, 28.307668411953468 ], [ 85.491927794817471, 28.30771389691277 ], [ 85.491801213735314, 28.307835227978195 ], [ 85.491791140872465, 28.30784740803778 ], [ 85.491707341526634, 28.307967405349125 ], [ 85.491698097317297, 28.307983300288022 ], [ 85.491647693899978, 28.308084863132514 ], [ 85.491622193867144, 28.30814624021426 ], [ 85.491594628978021, 28.308212074558565 ], [ 85.491574102059133, 28.308266317960452 ], [ 85.491549812446522, 28.308337970096176 ], [ 85.491534713016534, 28.308387606564626 ], [ 85.491519670083179, 28.30844333428244 ], [ 85.491506501301345, 28.308470399408041 ], [ 85.491486104740403, 28.308515643443823 ], [ 85.491434466607984, 28.308639824928996 ], [ 85.491432066839536, 28.308642954592557 ], [ 85.491392694609175, 28.308688113875103 ], [ 85.491340640717539, 28.308742838081404 ], [ 85.49116773490384, 28.308917516848727 ], [ 85.491143461059011, 28.308942972365038 ], [ 85.491055071764308, 28.309039213270221 ], [ 85.491026074173305, 28.309072328444678 ], [ 85.490984191603147, 28.309122522685005 ], [ 85.490960397663315, 28.309152277911011 ], [ 85.490923197359194, 28.309200849732804 ], [ 85.49089832549771, 28.309234951366058 ], [ 85.490865179929031, 28.309282721442862 ], [ 85.490840158409597, 28.309320840491154 ], [ 85.490810758332131, 28.3093682602759 ], [ 85.490785427825074, 28.309411887106503 ], [ 85.490762282756222, 28.309454564734992 ], [ 85.490741744025129, 28.309494947744096 ], [ 85.490718356268999, 28.309544121693445 ], [ 85.490701878868649, 28.309581013731353 ], [ 85.490638098356413, 28.309733538191356 ], [ 85.490625678018532, 28.309761433685146 ], [ 85.490622829351921, 28.309767093714441 ], [ 85.490619575262244, 28.309771963078969 ], [ 85.490608937800332, 28.309786441278174 ], [ 85.490593832943119, 28.309805344471048 ], [ 85.490576850677002, 28.309825089613621 ], [ 85.490510260456745, 28.30989599509142 ], [ 85.490391065923816, 28.31001379985036 ], [ 85.49036641915167, 28.310036529643373 ], [ 85.490334860283795, 28.310062688525758 ], [ 85.490291422766376, 28.31009610489766 ], [ 85.490143045486064, 28.31020635530292 ], [ 85.490119954176748, 28.310224041491981 ], [ 85.490044238145913, 28.310283812247611 ], [ 85.490005776236657, 28.310315793877891 ], [ 85.489937430055619, 28.310375646107154 ], [ 85.489889206381207, 28.310420891991928 ], [ 85.489831362404118, 28.310479055334884 ], [ 85.489786916641521, 28.310526969121078 ], [ 85.48971075494498, 28.310615078231567 ], [ 85.489679313367247, 28.310653504330794 ], [ 85.489601634914266, 28.310753891551119 ], [ 85.489578036676377, 28.310785815613187 ], [ 85.489496957675897, 28.310900730822134 ], [ 85.489480802728949, 28.310924428871427 ], [ 85.489385705776726, 28.311068891527878 ], [ 85.489364515875437, 28.311102728460465 ], [ 85.489335223577172, 28.311151964034774 ], [ 85.489308393665453, 28.311200537065705 ], [ 85.489280691249022, 28.311254747738701 ], [ 85.489260125018916, 28.311297948468791 ], [ 85.489233748315002, 28.311357642142355 ], [ 85.489218270334746, 28.311395089340117 ], [ 85.489192763154293, 28.31146129976085 ], [ 85.489178359572776, 28.3115017804658 ], [ 85.489135049364279, 28.311634301912029 ], [ 85.489125783610405, 28.31166462058269 ], [ 85.489065517805159, 28.311876371438618 ], [ 85.489047127842838, 28.311878335413269 ], [ 85.488955311845402, 28.311889293447848 ], [ 85.48889388477383, 28.311898322312516 ], [ 85.488803432843383, 28.311914142753388 ], [ 85.488738838179344, 28.311927385151115 ], [ 85.488698539494266, 28.311936878298525 ], [ 85.488649334579236, 28.31194965019689 ], [ 85.488611678621481, 28.31196034134009 ], [ 85.488583710955623, 28.311968678698641 ], [ 85.488437341567845, 28.312014409888711 ], [ 85.488421409716565, 28.312019519732242 ], [ 85.488323007461773, 28.312051901382304 ], [ 85.488297498231191, 28.312060642169691 ], [ 85.488208747918023, 28.312092270549108 ], [ 85.4881760711325, 28.312104504610108 ], [ 85.488096602994489, 28.312135710473935 ], [ 85.488057829428897, 28.312151806964277 ], [ 85.487981839963936, 28.312185093687336 ], [ 85.487937713807213, 28.312205626265694 ], [ 85.487867790427714, 28.312240119103784 ], [ 85.487820275204541, 28.312265074679736 ], [ 85.487755556262286, 28.312301199108838 ], [ 85.487705768878143, 28.312330836168893 ], [ 85.487645793810557, 28.312368852434513 ], [ 85.487601420065971, 28.312398634913517 ], [ 85.487532167807132, 28.312447808087093 ], [ 85.487495736173059, 28.312474937881156 ], [ 85.487428840277289, 28.312527162341514 ], [ 85.487393797127652, 28.312555837978969 ], [ 85.487330187747858, 28.312610387589324 ], [ 85.487295884465809, 28.312641250972266 ], [ 85.487236345143373, 28.312697454831149 ], [ 85.487195697461232, 28.312738219741487 ], [ 85.487167895725875, 28.312767855176588 ], [ 85.48712662556558, 28.312814926250923 ], [ 85.487099690191585, 28.312847835668407 ], [ 85.487066085422228, 28.312891532360645 ], [ 85.487039730089265, 28.3129280582517 ], [ 85.487013088829329, 28.312967123710443 ], [ 85.486986787226044, 28.313007992180964 ], [ 85.486961462090534, 28.313049868929976 ], [ 85.486917062960458, 28.31312817158085 ], [ 85.486901881741545, 28.313156134178708 ], [ 85.48681669079059, 28.31332021558875 ], [ 85.486811243055143, 28.313329386189235 ], [ 85.486785868167999, 28.31334844580083 ], [ 85.48674229458571, 28.313379399379155 ], [ 85.486730343366247, 28.313387325136432 ], [ 85.486719979579135, 28.313393560577339 ], [ 85.486703315329294, 28.313402702464813 ], [ 85.486682494124494, 28.313413185599199 ], [ 85.486605830333104, 28.313448137567764 ], [ 85.486341001658118, 28.313560775471903 ], [ 85.486304550064787, 28.313577082298558 ], [ 85.486226841890328, 28.31361359256617 ], [ 85.486189158479831, 28.313632212739087 ], [ 85.486120792192722, 28.313667693913118 ], [ 85.486095767677654, 28.313681111962282 ], [ 85.485904746656658, 28.313786881106704 ], [ 85.485891874868358, 28.313794127359827 ], [ 85.485741153298903, 28.313880385178159 ], [ 85.485723498549916, 28.313890720535596 ], [ 85.485588655322815, 28.313971452279755 ], [ 85.485567388397669, 28.313984536389377 ], [ 85.485445141083488, 28.314061803122403 ], [ 85.485420836333518, 28.314077650925412 ], [ 85.485305379676518, 28.314155293427373 ], [ 85.485278500077442, 28.314174006896017 ], [ 85.485171539442973, 28.314251076619918 ], [ 85.485142947960341, 28.314272462173125 ], [ 85.485043380901544, 28.314349751945375 ], [ 85.485013561100729, 28.314373840670502 ], [ 85.484920765767711, 28.314451837281059 ], [ 85.484914758232946, 28.314456928179219 ], [ 85.484682159553955, 28.314655650380562 ], [ 85.484656209133902, 28.31467863407984 ], [ 85.484592726641026, 28.314736921041479 ], [ 85.484564442173919, 28.314763975311731 ], [ 85.484510211578453, 28.314818020271257 ], [ 85.484475520618901, 28.314854488521085 ], [ 85.484422688619176, 28.314913102154073 ], [ 85.484382969912275, 28.314960239287082 ], [ 85.484337731988674, 28.315017745003384 ], [ 85.484297266639359, 28.315073434876282 ], [ 85.484258892621753, 28.315130765899461 ], [ 85.484220065006838, 28.315194469842638 ], [ 85.484188225497761, 28.315252129736972 ], [ 85.484160375798083, 28.315307151039384 ], [ 85.484128840695632, 28.315375484711613 ], [ 85.48411080204265, 28.315417537927477 ], [ 85.484083848211071, 28.315485427898707 ], [ 85.484066747543721, 28.315532602638989 ], [ 85.484045642356577, 28.315596835605522 ], [ 85.484029124577873, 28.315654019728331 ], [ 85.484014427088752, 28.315712859152661 ], [ 85.483997369557386, 28.315802238038071 ], [ 85.483991038697951, 28.315849876354363 ], [ 85.483984149454287, 28.315967308917326 ], [ 85.483984850086898, 28.316013824101155 ], [ 85.483996095856284, 28.316135982334337 ], [ 85.484003827459105, 28.31618148538951 ], [ 85.484005753343567, 28.316189207567117 ], [ 85.484000817161075, 28.316193641740053 ], [ 85.483909043814535, 28.316288373671959 ], [ 85.483878466401251, 28.316324752699543 ], [ 85.483817718394434, 28.316405808985053 ], [ 85.483788322777514, 28.316450034030414 ], [ 85.483751391714762, 28.316510798005858 ], [ 85.483724879054691, 28.316558726671143 ], [ 85.483674595770552, 28.316561696957333 ], [ 85.48362854014934, 28.316565850285851 ], [ 85.483550054192534, 28.316575668395103 ], [ 85.483506682828093, 28.316582624933119 ], [ 85.483422032391218, 28.316599522996388 ], [ 85.483381150992798, 28.316609318493654 ], [ 85.483339209147374, 28.316620227084517 ], [ 85.483278522197594, 28.316637269819196 ], [ 85.483215558742998, 28.316656982306643 ], [ 85.48317958698226, 28.316669431549741 ], [ 85.483069134147939, 28.316714552333174 ], [ 85.483038710763353, 28.31672898737142 ], [ 85.482893294781192, 28.316812810596758 ], [ 85.48286951410293, 28.316829229162117 ], [ 85.482742607004724, 28.3169333255411 ], [ 85.482730228352708, 28.316945361900967 ], [ 85.482651297323258, 28.317032355969598 ], [ 85.482639865122366, 28.317046688006275 ], [ 85.482561372437047, 28.317162644278774 ], [ 85.482540860832387, 28.317198847914582 ], [ 85.482489831373755, 28.31730549804151 ], [ 85.482473721775747, 28.317346275815485 ], [ 85.482456157995614, 28.317395150371276 ], [ 85.482426071083779, 28.317487922579744 ], [ 85.482421798873631, 28.317501494433401 ], [ 85.482406281846679, 28.317552320140905 ], [ 85.482388249949196, 28.317622338685698 ], [ 85.482376089013016, 28.317680077052263 ], [ 85.482367006149985, 28.31773134397891 ], [ 85.48235821140527, 28.317792412144964 ], [ 85.482355104203592, 28.317816581076737 ], [ 85.482338351116525, 28.317964630256999 ], [ 85.48233789212702, 28.317967304892132 ], [ 85.482325894300786, 28.318007471071066 ], [ 85.482309010158161, 28.31805670603989 ], [ 85.482289409415387, 28.318107387662682 ], [ 85.482267175011245, 28.318159040063303 ], [ 85.482242424672208, 28.318211208239468 ], [ 85.482215381336758, 28.318263310743884 ], [ 85.482186303028683, 28.318314801988326 ], [ 85.48216092633028, 28.318356270032766 ], [ 85.482144799507594, 28.318379456243456 ], [ 85.482119580735471, 28.318410701563728 ], [ 85.482077514686338, 28.318457685657396 ], [ 85.481903530120732, 28.318642937263515 ], [ 85.48187766277492, 28.318671648465045 ], [ 85.481825583916532, 28.318731929069529 ], [ 85.481799237994736, 28.318763849317623 ], [ 85.481755119007516, 28.318819837658722 ], [ 85.481718170021608, 28.318870221649544 ], [ 85.4816692995621, 28.318941983545251 ], [ 85.481642634078568, 28.318983595801495 ], [ 85.481577494789448, 28.319091836405171 ], [ 85.481536385017364, 28.319114975845057 ], [ 85.481493323478347, 28.319140598294002 ], [ 85.48144204686902, 28.319172815025453 ], [ 85.481376660365541, 28.319217530452356 ], [ 85.48133599238264, 28.319247747913039 ], [ 85.481260066031666, 28.319310255967824 ], [ 85.481226295607414, 28.31934103751993 ], [ 85.481160010697423, 28.319407730285327 ], [ 85.481122565200067, 28.31944937144274 ], [ 85.48107650932036, 28.319504799362686 ], [ 85.481040695575729, 28.319551534386125 ], [ 85.481004284859779, 28.319602652842288 ], [ 85.480969793357261, 28.319654874493612 ], [ 85.480941655346243, 28.31970043683387 ], [ 85.480907951419084, 28.319758951425051 ], [ 85.480887686177894, 28.319796221664809 ], [ 85.480857320535776, 28.319855508050477 ], [ 85.480843106667209, 28.31988460833681 ], [ 85.480811517699237, 28.319952532569065 ], [ 85.480799784939251, 28.319978932540916 ], [ 85.480701462659994, 28.320210803196325 ], [ 85.480698910440708, 28.320216888303513 ], [ 85.480660286842124, 28.320310003592688 ], [ 85.480651192483947, 28.320332873690518 ], [ 85.480614827194785, 28.320428403057356 ], [ 85.480606673091216, 28.320450783088084 ], [ 85.480572644515149, 28.320548520732864 ], [ 85.480565344087509, 28.32057047471412 ], [ 85.480533731995322, 28.320670190484428 ], [ 85.480527210113195, 28.320691787795759 ], [ 85.480498083912394, 28.320793263156396 ], [ 85.480492270983518, 28.320814599682471 ], [ 85.480465719605519, 28.320917534186989 ], [ 85.480460563292795, 28.320938690120325 ], [ 85.480436662208049, 28.321042797612495 ], [ 85.480432126402945, 28.321063830763435 ], [ 85.480410946458846, 28.321168791642531 ], [ 85.480408145101592, 28.321183362721111 ], [ 85.480375182496033, 28.32136373800342 ], [ 85.480372226096861, 28.321380969853251 ], [ 85.480350410875559, 28.321516961914273 ], [ 85.480346740367196, 28.321542444602525 ], [ 85.480331007439844, 28.321665626459247 ], [ 85.480327541394047, 28.321697972676905 ], [ 85.48031777759364, 28.321810638159551 ], [ 85.480315361272432, 28.32184949207435 ], [ 85.480311265021058, 28.321957931039389 ], [ 85.480310839749663, 28.32200324636764 ], [ 85.480312775399838, 28.322105148835245 ], [ 85.480315361431565, 28.322155969989488 ], [ 85.48032334893351, 28.32225237316807 ], [ 85.480329963900132, 28.322308273493142 ], [ 85.480344056263064, 28.3223997546771 ], [ 85.480352747259289, 28.3224468368497 ], [ 85.480377984152256, 28.322563997664528 ], [ 85.480388458432998, 28.32260691817973 ], [ 85.480416392842116, 28.32270925188724 ], [ 85.480432773426685, 28.322762159034536 ], [ 85.480464468170979, 28.322853533899675 ], [ 85.480489123685075, 28.322916281582838 ], [ 85.48052494552951, 28.322997659249662 ], [ 85.480563908706344, 28.323075184051287 ], [ 85.480588682039709, 28.323118825599867 ], [ 85.480634948832346, 28.323191705352901 ], [ 85.480666969542952, 28.323237085505333 ], [ 85.480709355702672, 28.323292474581706 ], [ 85.480751744903344, 28.323343672236074 ], [ 85.480780837506856, 28.323377138918854 ], [ 85.480825776912127, 28.323426405684906 ], [ 85.48082622926691, 28.323655539142134 ], [ 85.48082675769551, 28.323683052670262 ], [ 85.480830516344, 28.323786178467024 ], [ 85.480833148423002, 28.323828098199527 ], [ 85.480838013995282, 28.323882645107791 ], [ 85.480842516177745, 28.323922064586775 ], [ 85.480849509097482, 28.323972252585527 ], [ 85.480857130525521, 28.324017482776515 ], [ 85.480866388212533, 28.32406426373981 ], [ 85.480878018864416, 28.324114567452082 ], [ 85.480889635519873, 28.324158418051411 ], [ 85.480906739218298, 28.324214727449824 ], [ 85.480927876788201, 28.324276307389113 ], [ 85.480947045641756, 28.324326752242865 ], [ 85.480975184911856, 28.32439415551632 ], [ 85.480995460305138, 28.324438992925689 ], [ 85.481092201037782, 28.324637365860347 ], [ 85.481110741102412, 28.324677970651052 ], [ 85.481115133633168, 28.324689063220863 ], [ 85.481125374638211, 28.324760167144163 ], [ 85.481129724835782, 28.324787121510383 ], [ 85.481137296615728, 28.324829463186873 ], [ 85.481150182348642, 28.324888644050993 ], [ 85.481161050659608, 28.324930908707401 ], [ 85.481187931637351, 28.325015964500338 ], [ 85.481201651985685, 28.325052399994071 ], [ 85.481252146876031, 28.325161957206788 ], [ 85.481277212561452, 28.32520754138989 ], [ 85.481324652586324, 28.325284151519739 ], [ 85.481361940843655, 28.325338005982246 ], [ 85.481362923394826, 28.325340234479359 ], [ 85.481369614184061, 28.325357800705145 ], [ 85.481377107502908, 28.325380515845705 ], [ 85.481401021021185, 28.32546750866107 ], [ 85.481457697742741, 28.325706656802151 ], [ 85.481459178020785, 28.325712796546217 ], [ 85.481496774367429, 28.325866116561158 ], [ 85.481520276775086, 28.325972271230967 ], [ 85.481536714422418, 28.326059706619926 ], [ 85.481547636676765, 28.32613398473282 ], [ 85.481554240986725, 28.326197477791727 ], [ 85.481558861179167, 28.326267616069288 ], [ 85.481561214573787, 28.326344259418086 ], [ 85.481561091244245, 28.326428370376256 ], [ 85.481559651958491, 28.326475744138136 ], [ 85.48154108955454, 28.326479300203133 ], [ 85.481433468572078, 28.326502011687328 ], [ 85.481370993608664, 28.326517065651071 ], [ 85.481261708119931, 28.326546726758224 ], [ 85.481213348709559, 28.32656103165878 ], [ 85.481101032333882, 28.326597041452359 ], [ 85.481057946462315, 28.326611840829571 ], [ 85.480941563347784, 28.32665452621173 ], [ 85.480904057476096, 28.326669069532745 ], [ 85.480781699513727, 28.326719129450648 ], [ 85.480751780291371, 28.326731897494657 ], [ 85.480636136574461, 28.326783319025559 ], [ 85.480613175818036, 28.326793853380877 ], [ 85.48048601777478, 28.326854015523075 ], [ 85.48046423179639, 28.326864627285651 ], [ 85.480003064085281, 28.327095784408044 ], [ 85.479828869131566, 28.327179092818596 ], [ 85.479748203139749, 28.327214940597226 ], [ 85.479674988837431, 28.327245226522617 ], [ 85.479609917378369, 28.327269928346283 ], [ 85.479553179669423, 28.327289378887862 ], [ 85.479462287800757, 28.327316727302232 ], [ 85.479362916812121, 28.327342473141773 ], [ 85.479250671174668, 28.32736739752103 ], [ 85.479120473813694, 28.327392124032219 ], [ 85.479003226000515, 28.327411523949671 ], [ 85.478864792797395, 28.327431971107149 ], [ 85.478361558957232, 28.327498152815821 ], [ 85.478352186146324, 28.327499424876088 ], [ 85.478169419814733, 28.327524999485423 ], [ 85.478149808623328, 28.327527917309617 ], [ 85.477975782221847, 28.327555356264696 ], [ 85.477949332204091, 28.327559846289358 ], [ 85.47779296225896, 28.327588289736326 ], [ 85.477761126353684, 28.327594551635954 ], [ 85.477611536176624, 28.327626204034303 ], [ 85.477574930448384, 28.327634587261908 ], [ 85.47743506279123, 28.327669078953974 ], [ 85.477394935009741, 28.327679765380722 ], [ 85.477262824589005, 28.327717583478258 ], [ 85.477219861451701, 28.327730825792163 ], [ 85.477094422570147, 28.327772287616199 ], [ 85.47705412982981, 28.327786476635666 ], [ 85.476990226756826, 28.327810384643602 ], [ 85.476957055687791, 28.327823415253508 ], [ 85.476890988058855, 28.327850623895678 ], [ 85.476861685562412, 28.327863198944286 ], [ 85.476792782427864, 28.327893980505085 ], [ 85.476767457151638, 28.327905691020494 ], [ 85.476694419981484, 28.327940624848672 ], [ 85.476667457982671, 28.327953991857242 ], [ 85.476531570057702, 28.328023775463418 ], [ 85.476514051698544, 28.328032980017667 ], [ 85.476189607575918, 28.328207351055795 ], [ 85.476119511797535, 28.328242707662653 ], [ 85.476063845879395, 28.328268885708354 ], [ 85.476008875003657, 28.328292328587214 ], [ 85.47596799177532, 28.328307575640462 ], [ 85.475937783356827, 28.328317081126002 ], [ 85.475912157365229, 28.328323554824525 ], [ 85.475849423199733, 28.328335884858319 ], [ 85.47576479601328, 28.328348955441445 ], [ 85.475656901962324, 28.328361968706513 ], [ 85.475515351279682, 28.328375563267077 ], [ 85.475473834737457, 28.328378219942852 ], [ 85.47543351157384, 28.328378974726483 ], [ 85.475382799351067, 28.328377853592908 ], [ 85.475317481285401, 28.328374058065066 ], [ 85.475256165184021, 28.328368790385777 ], [ 85.47517781357223, 28.328360455887253 ], [ 85.474746153045004, 28.328307578794639 ], [ 85.474713621839513, 28.328304064067634 ], [ 85.474600394469462, 28.328293461642051 ], [ 85.474567057451907, 28.328290828647141 ], [ 85.474464918806973, 28.328284254352173 ], [ 85.474423370673776, 28.328282332917954 ], [ 85.474321655391279, 28.328279468051033 ], [ 85.474272076340327, 28.328279138495084 ], [ 85.474176481879397, 28.328280559398301 ], [ 85.474121142880662, 28.328282713150212 ], [ 85.474030230729028, 28.328288443456795 ], [ 85.473970109033772, 28.328293820932789 ], [ 85.473883095046688, 28.328303915958767 ], [ 85.47384877813316, 28.328308423851421 ], [ 85.473635178973566, 28.328339776329898 ], [ 85.473605421741141, 28.328344546272309 ], [ 85.473532819411076, 28.328357170500055 ], [ 85.473503080995428, 28.328362750000561 ], [ 85.47343805635488, 28.328375848849305 ], [ 85.473401631300661, 28.328383812842972 ], [ 85.473337953994346, 28.328398840039075 ], [ 85.473295145374578, 28.328409834492394 ], [ 85.473236101375065, 28.328426244691009 ], [ 85.473188856355051, 28.3284405085288 ], [ 85.473133629493148, 28.328458529059823 ], [ 85.473082768420227, 28.328476512061229 ], [ 85.473030922112684, 28.3284962878604 ], [ 85.472988958005857, 28.328513300753084 ], [ 85.472959505247644, 28.328525962520331 ], [ 85.472770896564398, 28.328563849809417 ], [ 85.472766018865698, 28.32856484076181 ], [ 85.472632156223384, 28.32859234246482 ], [ 85.47259841787583, 28.328599812593481 ], [ 85.472496609362025, 28.328623993504067 ], [ 85.472448317579193, 28.328636602071338 ], [ 85.472357811678052, 28.328662397668491 ], [ 85.472298549301968, 28.328681092325581 ], [ 85.472217397840296, 28.328709217263448 ], [ 85.472145253188174, 28.328737108281249 ], [ 85.472110767907651, 28.328751867968414 ], [ 85.472045592677659, 28.328782382872713 ], [ 85.47200802840905, 28.328801539365998 ], [ 85.471985285226324, 28.328814024897774 ], [ 85.471965628919278, 28.328813132818809 ], [ 85.471925796011817, 28.328812268798568 ], [ 85.471867984365375, 28.328812465089293 ], [ 85.471832395223203, 28.328813478865097 ], [ 85.471782163685219, 28.328816008358 ], [ 85.471617059096161, 28.328827943680107 ], [ 85.471570469404185, 28.328832266656786 ], [ 85.471431679750026, 28.328848003718534 ], [ 85.471387610150202, 28.328853869278056 ], [ 85.471323487860587, 28.328863675836278 ], [ 85.471290272368478, 28.328869258844129 ], [ 85.47122928415034, 28.328880439799214 ], [ 85.471193546314126, 28.328887586271964 ], [ 85.471135270852628, 28.328900217230164 ], [ 85.471097254953165, 28.328909147947911 ], [ 85.471041430294889, 28.328923287347855 ], [ 85.471005222027316, 28.328933105338212 ], [ 85.470903330011765, 28.328962575510044 ], [ 85.470859087480036, 28.328976376068479 ], [ 85.470773609561661, 28.329005011189871 ], [ 85.470717778161585, 28.329025406928043 ], [ 85.470641612724634, 28.329055596686242 ], [ 85.470577047971304, 28.329083647368279 ], [ 85.470508685294845, 28.329116043614771 ], [ 85.470426914904166, 28.329159257592373 ], [ 85.470365570552275, 28.329195217940345 ], [ 85.470308778966086, 28.329231040414051 ], [ 85.470213343868991, 28.32929570428605 ], [ 85.470209752611666, 28.329297991493601 ], [ 85.470191356899392, 28.329308189595519 ], [ 85.47016954207173, 28.329318447726621 ], [ 85.470136248231768, 28.329331723180463 ], [ 85.470085583997715, 28.329348890473494 ], [ 85.47003459093915, 28.329363905097232 ], [ 85.46996538002206, 28.329382088866911 ], [ 85.469649087135977, 28.329456167575685 ], [ 85.469633019698804, 28.329460055208653 ], [ 85.469513506382413, 28.329489902440304 ], [ 85.469479520137256, 28.32949895795679 ], [ 85.469364992853386, 28.3295314069691 ], [ 85.469318670687272, 28.329545626361416 ], [ 85.469217473717165, 28.329579122810642 ], [ 85.469160476218292, 28.32959974532648 ], [ 85.469060773967286, 28.329638967694251 ], [ 85.46899457969748, 28.329667584773528 ], [ 85.46890388250641, 28.329710452231314 ], [ 85.468851390905471, 28.329737061881573 ], [ 85.468808939646266, 28.329760087622144 ], [ 85.468773300326447, 28.329780331024327 ], [ 85.468732654516529, 28.329804487089529 ], [ 85.4686969622296, 28.32982669409429 ], [ 85.468658028249337, 28.329852036293723 ], [ 85.468622639546894, 28.329876145020663 ], [ 85.468585347348977, 28.329902721305821 ], [ 85.468580309449464, 28.329906334980244 ], [ 85.468479388933332, 28.329979196842629 ], [ 85.468409270782772, 28.330034782172305 ], [ 85.468381493953089, 28.330058937302844 ], [ 85.468311035729386, 28.330126806312318 ], [ 85.468288868547702, 28.330150479291433 ], [ 85.468206458292713, 28.330252067107324 ], [ 85.468178858430605, 28.330291611935269 ], [ 85.468115950888333, 28.330396645143704 ], [ 85.468091214545439, 28.330445471906661 ], [ 85.468056983117179, 28.330522272928992 ], [ 85.46803633142305, 28.330575639585451 ], [ 85.467997673145391, 28.330612016117971 ], [ 85.467957527794141, 28.330653370324551 ], [ 85.467896311842381, 28.330723052962099 ], [ 85.467862173280139, 28.330766103625603 ], [ 85.467820386757907, 28.330823269968526 ], [ 85.467790386763014, 28.330867919407009 ], [ 85.467762863086051, 28.330911594417334 ], [ 85.467737932850483, 28.330953866723139 ], [ 85.467709112461677, 28.331006879930801 ], [ 85.467688959297391, 28.331047270005371 ], [ 85.467660384445608, 28.331110984281548 ], [ 85.467644948355584, 28.331149622318982 ], [ 85.467610218262692, 28.331257455826844 ], [ 85.467608706769113, 28.33126356678282 ], [ 85.467583903488674, 28.331296298270178 ], [ 85.467498382030357, 28.331365382857975 ], [ 85.467479481048343, 28.331382757682956 ], [ 85.467397438627884, 28.331468221271969 ], [ 85.467383371604939, 28.331484869722097 ], [ 85.467330622529857, 28.331553697760953 ], [ 85.467317676720654, 28.331572389442051 ], [ 85.46726087034061, 28.331666473926649 ], [ 85.467237760377884, 28.331710881153061 ], [ 85.467196441506715, 28.331803383343587 ], [ 85.467193648228303, 28.331810810367173 ], [ 85.467131774992836, 28.331814241114312 ], [ 85.467091238574469, 28.331817207824393 ], [ 85.466985474242477, 28.331826830429215 ], [ 85.466933090360428, 28.331832812798233 ], [ 85.466880542197629, 28.331840042460797 ], [ 85.466833773194068, 28.331847468099177 ], [ 85.466785398971069, 28.331856182329442 ], [ 85.46673246947401, 28.331867023813786 ], [ 85.46668745618814, 28.331877368709954 ], [ 85.466629132644755, 28.331892426775571 ], [ 85.466599544588405, 28.331900919803289 ], [ 85.466555877511766, 28.331905451216546 ], [ 85.466492240213768, 28.331913364719625 ], [ 85.466439120476679, 28.331921241019199 ], [ 85.466373288751214, 28.331932590910966 ], [ 85.466325310947866, 28.331941929093762 ], [ 85.466256851206495, 28.331956791722224 ], [ 85.466214376074348, 28.331966876826396 ], [ 85.466142525044773, 28.331985415082279 ], [ 85.46610629374922, 28.331995413954054 ], [ 85.466032465151457, 28.332017130203734 ], [ 85.466002481365337, 28.332026410960289 ], [ 85.465922425946971, 28.332052435188189 ], [ 85.465889878846127, 28.332063578296097 ], [ 85.465685954015299, 28.332136969026823 ], [ 85.465667093571952, 28.332143952488938 ], [ 85.465568865370187, 28.332181351263618 ], [ 85.465545427841505, 28.332190585518322 ], [ 85.465464193466801, 28.332223680886525 ], [ 85.465433777209739, 28.33223661649518 ], [ 85.465360886276386, 28.33226894015419 ], [ 85.465325118862154, 28.332285593881895 ], [ 85.465258850311045, 28.332317948667008 ], [ 85.465211443407384, 28.332342592166132 ], [ 85.465115569734351, 28.332395556454234 ], [ 85.465067054460292, 28.332424093659139 ], [ 85.46496684485939, 28.332486761535939 ], [ 85.464928195516293, 28.332512162760697 ], [ 85.464821496766405, 28.332585807791983 ], [ 85.464792758092401, 28.332606395802632 ], [ 85.46467070830299, 28.332697120259677 ], [ 85.464636660889667, 28.332723592844012 ], [ 85.464574722009019, 28.332773953184837 ], [ 85.464535615426414, 28.332807496973651 ], [ 85.46446941229992, 28.33286739839539 ], [ 85.464444092106248, 28.332891153256629 ], [ 85.464383366973379, 28.332950230036495 ], [ 85.464372101669227, 28.332961373538964 ], [ 85.464243418319938, 28.333090808122503 ], [ 85.46420009323063, 28.33313228301169 ], [ 85.464174655108422, 28.333154817475581 ], [ 85.464152568554667, 28.333172570285967 ], [ 85.464077510281697, 28.333228646435821 ], [ 85.464024485770622, 28.33326596458307 ], [ 85.463987675090763, 28.333289735995024 ], [ 85.463962331069141, 28.333304382217495 ], [ 85.463932012152114, 28.333319856148531 ], [ 85.463893154876303, 28.333337500747529 ], [ 85.463846307290325, 28.333356457938756 ], [ 85.463826025309189, 28.333363783151494 ], [ 85.463776036050888, 28.333373700001577 ], [ 85.463733327793264, 28.333383032693213 ], [ 85.463690934098409, 28.33339315968993 ], [ 85.463598567361757, 28.333419454036633 ], [ 85.463556150458331, 28.333433531901225 ], [ 85.463453003900241, 28.333475126302172 ], [ 85.463442062469142, 28.333472441381417 ], [ 85.463386731358383, 28.33346161978368 ], [ 85.463316154686069, 28.333450104319983 ], [ 85.46325784029699, 28.333442455667363 ], [ 85.463192742188156, 28.333435800304326 ], [ 85.463130959944365, 28.333431257762143 ], [ 85.463072682220499, 28.333428455450278 ], [ 85.463006515064791, 28.333426951822663 ], [ 85.462960879560271, 28.333426875151794 ], [ 85.462957724768543, 28.333422919749655 ], [ 85.462918192988212, 28.333376790353064 ], [ 85.46287671272394, 28.333331503138847 ], [ 85.462832786592486, 28.333286592222315 ], [ 85.462789947039838, 28.333245442366557 ], [ 85.462742207540217, 28.33320234670914 ], [ 85.462700437716592, 28.333166725540018 ], [ 85.462669582113818, 28.333141870253481 ], [ 85.462632648890107, 28.333113521454401 ], [ 85.462598094523216, 28.333088257146734 ], [ 85.462551823288067, 28.333056361918054 ], [ 85.462466369950505, 28.33300087657862 ], [ 85.462459469563001, 28.332996435365896 ], [ 85.462325411880443, 28.332910908198976 ], [ 85.46231099776476, 28.332901943035097 ], [ 85.462258830793346, 28.332838768985933 ], [ 85.462245604477459, 28.33282487472184 ], [ 85.462122293042228, 28.33271580543142 ], [ 85.462107989859817, 28.332705153450615 ], [ 85.461940263642148, 28.332603653204295 ], [ 85.461924755317497, 28.332596155412563 ], [ 85.461736139422811, 28.332525685528388 ], [ 85.461695198089473, 28.332514519221903 ], [ 85.461534702422995, 28.332483013094933 ], [ 85.461488760875355, 28.332477382260581 ], [ 85.461335648108616, 28.332468921894229 ], [ 85.461289930047784, 28.332469444090854 ], [ 85.461120854307637, 28.332483891595125 ], [ 85.461079660851652, 28.332490510649119 ], [ 85.460888987740859, 28.332538471354802 ], [ 85.460857661466036, 28.332549359513298 ], [ 85.460712429677798, 28.332612003547208 ], [ 85.460678988124698, 28.332629455182683 ], [ 85.460581606232878, 28.332687194383222 ], [ 85.460545625948242, 28.332711289558219 ], [ 85.460485817299499, 28.332754590789239 ], [ 85.460441736554074, 28.332789052748698 ], [ 85.460395398754883, 28.33282762188168 ], [ 85.460375104524473, 28.332845601780246 ], [ 85.460322018337081, 28.332896386122282 ], [ 85.460302258053275, 28.33291680699557 ], [ 85.460241130324476, 28.332986622641705 ], [ 85.460202284339786, 28.333035782244096 ], [ 85.460152943285166, 28.333104652399197 ], [ 85.460118100137691, 28.333158524015303 ], [ 85.46009737807023, 28.333192202903479 ], [ 85.460033435757623, 28.333301599076783 ], [ 85.459987746617713, 28.333375265330275 ], [ 85.459959803985214, 28.333423726939223 ], [ 85.459945423268707, 28.333450642449527 ], [ 85.459919342792531, 28.333503810609077 ], [ 85.459908207857112, 28.333528667142652 ], [ 85.459872049957511, 28.333624824805739 ], [ 85.459858005981303, 28.333670610979436 ], [ 85.459837231905496, 28.33375363415983 ], [ 85.459825083002087, 28.333815975531294 ], [ 85.459818483120486, 28.333837344897887 ], [ 85.459812797309198, 28.33383671717505 ], [ 85.459777015629726, 28.333833332815228 ], [ 85.459594394165606, 28.333818937926917 ], [ 85.459551966773006, 28.333816381146313 ], [ 85.45938131038065, 28.333809255397512 ], [ 85.459332660200104, 28.33380825232538 ], [ 85.459171972560625, 28.3338083316949 ], [ 85.459131515354684, 28.333809061850612 ], [ 85.459053931673992, 28.333811825244524 ], [ 85.459025077642494, 28.333813215492878 ], [ 85.45894953006858, 28.333817805936246 ], [ 85.458919261345045, 28.333820046223661 ], [ 85.458845648763926, 28.333826472504995 ], [ 85.458814096758317, 28.333829666477602 ], [ 85.458742337485319, 28.333837933994648 ], [ 85.458709545781417, 28.333842192519359 ], [ 85.458639556014106, 28.33385231206076 ], [ 85.458605641246194, 28.333857737714727 ], [ 85.458537385206412, 28.333869714294057 ], [ 85.458502419553639, 28.333876415469884 ], [ 85.458435846074323, 28.333890260244274 ], [ 85.458400035049053, 28.333898315885687 ], [ 85.458335106299458, 28.333914034747881 ], [ 85.458282205151463, 28.333928215823175 ], [ 85.458225145472554, 28.333945018130546 ], [ 85.458166838845358, 28.333963951031571 ], [ 85.458103899731753, 28.333986334706033 ], [ 85.458053107462504, 28.334005831455528 ], [ 85.457867930291613, 28.33408226096822 ], [ 85.457835942503991, 28.334094639358764 ], [ 85.457830630073772, 28.334096423566905 ], [ 85.457822101480573, 28.334098740172383 ], [ 85.45768095538007, 28.334132912771327 ], [ 85.457618436408609, 28.334100820187253 ], [ 85.457588414496712, 28.334087307761912 ], [ 85.457526593859185, 28.334061749134946 ], [ 85.457494346515844, 28.334049562574041 ], [ 85.457436536733269, 28.334029533602674 ], [ 85.457401749534853, 28.334018549314731 ], [ 85.457349459456651, 28.334003432066137 ], [ 85.457311491663006, 28.333993449666092 ], [ 85.457253335735672, 28.333979797501904 ], [ 85.457179147237113, 28.333964438927435 ], [ 85.457138851034813, 28.333956852828216 ], [ 85.456970906594975, 28.333928359960343 ], [ 85.456830737216407, 28.333904647783225 ], [ 85.456785746360623, 28.333897955919785 ], [ 85.456641837035164, 28.333879468977777 ], [ 85.456598638321381, 28.333874749898438 ], [ 85.456450455463411, 28.333861395680682 ], [ 85.45640915834484, 28.333858422474798 ], [ 85.456256698882541, 28.333850200028802 ], [ 85.456217362028127, 28.333848752070669 ], [ 85.456060633061171, 28.333845662363885 ], [ 85.456023311093716, 28.333845530895438 ], [ 85.455862278979112, 28.333847570823917 ], [ 85.455826950952357, 28.333848560311097 ], [ 85.455661584020731, 28.333855731305331 ], [ 85.455628233037004, 28.333857662595253 ], [ 85.455461208876557, 28.33386976933102 ], [ 85.455432450394952, 28.333871716022021 ], [ 85.455365973532537, 28.333835742419073 ], [ 85.455346023308053, 28.333826413851011 ], [ 85.45523291289399, 28.333781088415343 ], [ 85.455211249446023, 28.333773778280918 ], [ 85.455101656342364, 28.333742936699402 ], [ 85.455078087852584, 28.333737577842609 ], [ 85.45497818313649, 28.333719518583546 ], [ 85.454952334435575, 28.333716026429695 ], [ 85.454836236578174, 28.333706308616147 ], [ 85.45478065990082, 28.333704482339648 ], [ 85.454736782851967, 28.333704767678249 ], [ 85.454632313294567, 28.333672855274319 ], [ 85.454604819776009, 28.333666583661177 ], [ 85.454459085950703, 28.333643167029031 ], [ 85.454427732997701, 28.333640188209525 ], [ 85.454340990293105, 28.333635953443263 ], [ 85.454340182562234, 28.333635635002654 ], [ 85.454280361480855, 28.33361403286597 ], [ 85.454221257536133, 28.333594598251434 ], [ 85.454131950477532, 28.333569301078825 ], [ 85.45402460840036, 28.333543643860033 ], [ 85.453992348278092, 28.333536896543617 ], [ 85.453909417786278, 28.333506382553807 ], [ 85.45386686558281, 28.333492946611777 ], [ 85.453778454449548, 28.333468968629152 ], [ 85.453731356724134, 28.333458235562951 ], [ 85.453661355863716, 28.333444584526497 ], [ 85.453617848692716, 28.333437508457184 ], [ 85.45356565426296, 28.333430250588044 ], [ 85.453516290799314, 28.33342454127126 ], [ 85.453467999876224, 28.333419987659198 ], [ 85.453337097009921, 28.33341042662305 ], [ 85.453246185795521, 28.333365767147409 ], [ 85.453220056731013, 28.333353367568215 ], [ 85.453162273977711, 28.333326896222719 ], [ 85.453105103408205, 28.333302668019389 ], [ 85.45304874524254, 28.333280662125418 ], [ 85.452997026857872, 28.333262780112459 ], [ 85.452961391193924, 28.333239618254328 ], [ 85.452922112449997, 28.333215324574393 ], [ 85.452871287863232, 28.333185437530066 ], [ 85.452833357145792, 28.333164182411604 ], [ 85.452779345826045, 28.333135370172087 ], [ 85.452742931401275, 28.333116838746001 ], [ 85.45268579209403, 28.333089129950356 ], [ 85.452622110227011, 28.333060762725029 ], [ 85.452572767822303, 28.333040663793263 ], [ 85.452506920515802, 28.333016275096067 ], [ 85.452449386435603, 28.332997030007345 ], [ 85.45239348248262, 28.332962037643814 ], [ 85.452366826897318, 28.332945907029259 ], [ 85.452325729230282, 28.332921872774183 ], [ 85.452265592498321, 28.332889289672909 ], [ 85.452224459261458, 28.33286869803592 ], [ 85.452134904990118, 28.332828872967987 ], [ 85.452096554119066, 28.332813858749613 ], [ 85.45200576379743, 28.332782808603923 ], [ 85.451979232376857, 28.332775000497882 ], [ 85.451908859599754, 28.332756748268761 ], [ 85.451880654655369, 28.332750397647256 ], [ 85.451785281080419, 28.332733164384521 ], [ 85.451722438982145, 28.332724549717906 ], [ 85.451630238017671, 28.332715685803482 ], [ 85.451567142374969, 28.332712178162446 ], [ 85.451525138523976, 28.332710611227192 ], [ 85.451424390429096, 28.332708692024152 ], [ 85.451337758099129, 28.332686810516012 ], [ 85.451282156446268, 28.332674252051088 ], [ 85.451245917510164, 28.332667021299322 ], [ 85.451187092681977, 28.332656881010745 ], [ 85.451154224065235, 28.332652097282903 ], [ 85.451093657203188, 28.332644923829292 ], [ 85.451037729134669, 28.332639803331322 ], [ 85.45098583146769, 28.332636233411705 ], [ 85.450929038877305, 28.332633614719029 ], [ 85.450877947836688, 28.332632393477724 ], [ 85.450847937198205, 28.332632341737842 ], [ 85.45085549175802, 28.332615894934101 ], [ 85.450881271515243, 28.332555551208312 ], [ 85.45090448099279, 28.33249477459848 ], [ 85.450923151538831, 28.332439475446133 ], [ 85.450940139952948, 28.332382420050013 ], [ 85.450949910963345, 28.332344629476413 ], [ 85.450959233777581, 28.332304377649333 ], [ 85.450967439075058, 28.332264336500817 ], [ 85.450976478635084, 28.332211284950311 ], [ 85.450988587594125, 28.332122359809301 ], [ 85.450993779699829, 28.332072718357157 ], [ 85.451000083249042, 28.331986574688912 ], [ 85.451001415969401, 28.331963966137749 ], [ 85.451009739211699, 28.331777939175367 ], [ 85.451014371406401, 28.331728565000606 ], [ 85.451030762235817, 28.331693071095597 ], [ 85.451061323213608, 28.331617442750787 ], [ 85.451075091332939, 28.331577902467384 ], [ 85.45109902401741, 28.331495571676623 ], [ 85.451113287239849, 28.33143476139217 ], [ 85.451120940185973, 28.3313984046525 ], [ 85.451130536409451, 28.331346983366601 ], [ 85.451138403460277, 28.33129572881338 ], [ 85.451143725070025, 28.331251608980061 ], [ 85.451149202169034, 28.331177066976075 ], [ 85.451150171522585, 28.331140609619201 ], [ 85.45114492330336, 28.331025535611833 ], [ 85.451141519157602, 28.330996729660875 ], [ 85.451096031441111, 28.330808734051754 ], [ 85.45108825071982, 28.330787793362983 ], [ 85.450973923691052, 28.330577044993145 ], [ 85.450968396141278, 28.330569537475732 ], [ 85.450814013456537, 28.330405956274902 ], [ 85.450807398445392, 28.330400430032306 ], [ 85.450577863403737, 28.330256000185287 ], [ 85.450570164983503, 28.330252457061743 ], [ 85.450300255566916, 28.330168279597586 ], [ 85.450291472708145, 28.330166719574756 ], [ 85.450010631996676, 28.330151856341573 ], [ 85.44998194559966, 28.3301538561558 ], [ 85.449772705496144, 28.330188146650077 ], [ 85.449743460660372, 28.330195802373595 ], [ 85.449524841576093, 28.330278615483405 ], [ 85.449508440647477, 28.33028695051232 ], [ 85.449353161580646, 28.330383935396195 ], [ 85.449336401532733, 28.33039662992438 ], [ 85.449217834209392, 28.330502663210826 ], [ 85.44917375378914, 28.330549220422018 ], [ 85.449108649773265, 28.330625921105025 ], [ 85.449087748870127, 28.330653482387998 ], [ 85.449085234395284, 28.330657303969751 ], [ 85.449061055805473, 28.330667435576459 ], [ 85.448990064029957, 28.330700262842324 ], [ 85.448928188438742, 28.3307316712893 ], [ 85.448834926570711, 28.330785190728406 ], [ 85.448804262079818, 28.330804968766461 ], [ 85.448722877969175, 28.33086335248252 ], [ 85.44869660736444, 28.330884266171505 ], [ 85.448613888481717, 28.330958182058257 ], [ 85.448591495758919, 28.330980645201265 ], [ 85.448526556034693, 28.331054470903538 ], [ 85.448484489664224, 28.331090025713674 ], [ 85.448476544891903, 28.331093787326999 ], [ 85.448463349667293, 28.331101554908937 ], [ 85.448251889673614, 28.331267700852223 ], [ 85.448242602231602, 28.331277347651412 ], [ 85.448236296310725, 28.3312860827231 ], [ 85.448219935545893, 28.331296030547374 ], [ 85.448115622924405, 28.331368736506697 ], [ 85.4480956769074, 28.331384605732879 ], [ 85.447990379045066, 28.331481903148713 ], [ 85.447956787505177, 28.331517987494859 ], [ 85.447896229455026, 28.331590069539402 ], [ 85.447888244613068, 28.331600633906589 ], [ 85.447832061423, 28.331635408041123 ], [ 85.447783315307348, 28.331667534719642 ], [ 85.4477488030346, 28.331691727988197 ], [ 85.447698426125541, 28.331729452893423 ], [ 85.447669052703063, 28.331752933879869 ], [ 85.44760287722093, 28.331810903502774 ], [ 85.447572935674643, 28.331839643201956 ], [ 85.447513573853271, 28.331902062312462 ], [ 85.447483782824705, 28.331936428099354 ], [ 85.447425252225656, 28.33195405360317 ], [ 85.447357789817289, 28.331976420519972 ], [ 85.44731453124902, 28.331991768963022 ], [ 85.447260047114611, 28.332012391003293 ], [ 85.447203092879803, 28.332035808743942 ], [ 85.447155118109791, 28.332057147418986 ], [ 85.447088281631281, 28.332089701461399 ], [ 85.447045787725187, 28.33211227123072 ], [ 85.446946063754538, 28.332172622501716 ], [ 85.446904078195445, 28.332201403618882 ], [ 85.44683146546663, 28.33225676758374 ], [ 85.446775009068617, 28.332255317119543 ], [ 85.446708161435183, 28.332255591129684 ], [ 85.446627611111808, 28.332258741207767 ], [ 85.446565086966075, 28.332263382854155 ], [ 85.44647587065478, 28.332273528004087 ], [ 85.446416796906973, 28.332282604062748 ], [ 85.446322017885848, 28.332301317560241 ], [ 85.446265912968755, 28.332314905582482 ], [ 85.446199430306365, 28.332333186703625 ], [ 85.446124426584674, 28.332356322667483 ], [ 85.446072121593971, 28.332373894759474 ], [ 85.446011348312382, 28.332396017706028 ], [ 85.445959492947196, 28.332416404455191 ], [ 85.445873957478483, 28.332452585997967 ], [ 85.445827863565029, 28.332473370546001 ], [ 85.445752997199492, 28.332509273757069 ], [ 85.445699037375775, 28.332537074577452 ], [ 85.445632343018062, 28.332573900232283 ], [ 85.445571803798813, 28.332610054767031 ], [ 85.445512714557566, 28.332648137566995 ], [ 85.445446806310201, 28.332694414151121 ], [ 85.445394610803746, 28.332734274869711 ], [ 85.445325351615125, 28.332792386879348 ], [ 85.445280280936899, 28.332833916253627 ], [ 85.445210792191617, 28.332905012406467 ], [ 85.445172738773692, 28.332948313012388 ], [ 85.445163452725581, 28.33296021685106 ], [ 85.445146700457897, 28.33297080195662 ], [ 85.445101150057724, 28.333001323578632 ], [ 85.445060905866015, 28.333029893813098 ], [ 85.444981575773852, 28.333092495671426 ], [ 85.444947632456348, 28.333122232432412 ], [ 85.444870399328494, 28.333200512652109 ], [ 85.444741460211432, 28.333228455428969 ], [ 85.444553377828598, 28.333268214319496 ], [ 85.444381804611879, 28.333299770931774 ], [ 85.444215792776234, 28.333325574041144 ], [ 85.44405359801236, 28.333345975151818 ], [ 85.443963717321836, 28.333354809638266 ], [ 85.443865847500618, 28.333362166774133 ], [ 85.443760468133291, 28.333367845431095 ], [ 85.443645875213633, 28.33337180241422 ], [ 85.44352345711593, 28.333373944429873 ], [ 85.44338909142094, 28.333374331361149 ], [ 85.443020978100563, 28.333369219111024 ], [ 85.443016301859601, 28.333369163660244 ], [ 85.442668950124755, 28.333365748312364 ], [ 85.442532576546213, 28.333361192844379 ], [ 85.442482902402816, 28.333357856799559 ], [ 85.442439520600374, 28.333353618425082 ], [ 85.442404822417998, 28.333349018284473 ], [ 85.442378855219218, 28.333344564401585 ], [ 85.44233966032489, 28.333332174671867 ], [ 85.442274021010732, 28.333307176264164 ], [ 85.442054570872841, 28.333214562100643 ], [ 85.442031430685958, 28.333205108455125 ], [ 85.441927842356975, 28.333164170130111 ], [ 85.441892556115576, 28.333150922869681 ], [ 85.44183554008039, 28.333130627765325 ], [ 85.441801672953872, 28.333119187073702 ], [ 85.441748009980103, 28.333102019496561 ], [ 85.441708906208177, 28.333090295864043 ], [ 85.441657532331575, 28.333075912445015 ], [ 85.441613371071611, 28.333064511142226 ], [ 85.441563744740421, 28.333052766710992 ], [ 85.441496501231669, 28.33303899215586 ], [ 85.441461730079439, 28.333032958315151 ], [ 85.44143872927603, 28.333017000936572 ], [ 85.441390865392506, 28.332985908908952 ], [ 85.441306495671952, 28.332936604130008 ], [ 85.441242054401229, 28.332902880461297 ], [ 85.441164178476541, 28.332866055309314 ], [ 85.441089040574241, 28.332834144295713 ], [ 85.441032499144725, 28.332811971489939 ], [ 85.440956919865769, 28.332784727608448 ], [ 85.440930345867741, 28.3327755298338 ], [ 85.44078828873117, 28.332728377871462 ], [ 85.44075573195019, 28.332696111443411 ], [ 85.440728513502094, 28.332670661157859 ], [ 85.440679891927147, 28.332628147021715 ], [ 85.440644528381682, 28.3325992327722 ], [ 85.440606049145927, 28.332569320560047 ], [ 85.440568045907, 28.332541242516527 ], [ 85.440530206451442, 28.332514606726633 ], [ 85.44048950999607, 28.33248732817372 ], [ 85.440452836680038, 28.332463860928204 ], [ 85.440409368279148, 28.332437325007245 ], [ 85.440374175821987, 28.332416778017169 ], [ 85.440327923422629, 28.332390971951735 ], [ 85.440294595166492, 28.332373154390492 ], [ 85.440245292807575, 28.332347920808314 ], [ 85.440199336098999, 28.332325771856173 ], [ 85.440090350119561, 28.33227641058911 ], [ 85.440039153862813, 28.332254791272486 ], [ 85.43999477520552, 28.332237374512175 ], [ 85.439949130766479, 28.332220619686247 ], [ 85.439901961148678, 28.33220447870174 ], [ 85.43985959140366, 28.332190924202084 ], [ 85.439809248273008, 28.332175922849292 ], [ 85.439770743335501, 28.332165194935286 ], [ 85.439716493394158, 28.332151118150065 ], [ 85.439669907574427, 28.332140081449364 ], [ 85.439553363072278, 28.33211506761014 ], [ 85.439514564132253, 28.332107445196151 ], [ 85.439337374023665, 28.332075826660766 ], [ 85.43894977662984, 28.332000952801298 ], [ 85.438923387148051, 28.331996177113595 ], [ 85.438747692089464, 28.331966514674498 ], [ 85.438708738968018, 28.331960627853668 ], [ 85.438616622543307, 28.331948326558717 ], [ 85.43858034451533, 28.331944069461226 ], [ 85.438494741687848, 28.331935403907643 ], [ 85.438452655377702, 28.33193192358592 ], [ 85.438372141233913, 28.331926752026042 ], [ 85.438324329138197, 28.331924677553857 ], [ 85.4382482045675, 28.331922957697415 ], [ 85.438192108544712, 28.331923055690208 ], [ 85.438113277782307, 28.331925112423992 ], [ 85.438048330720818, 28.33192864428996 ], [ 85.437973665469357, 28.331934825232477 ], [ 85.437902769141402, 28.331942920356344 ], [ 85.437831932380391, 28.331953253242883 ], [ 85.437756000708887, 28.331966969609002 ], [ 85.437721967865699, 28.331974319240683 ], [ 85.437601602467694, 28.331973740941134 ], [ 85.437570008178682, 28.331975271616663 ], [ 85.437457036817321, 28.33198635722643 ], [ 85.437439707211993, 28.331988929398619 ], [ 85.437312524906716, 28.332015311933315 ], [ 85.437294969201545, 28.33202002132461 ], [ 85.437137862653742, 28.332075110470228 ], [ 85.437101160161561, 28.332091210233386 ], [ 85.437060499687774, 28.332112480005431 ], [ 85.43703793993258, 28.332112458883604 ], [ 85.436973336218031, 28.332114210465829 ], [ 85.43688666546656, 28.332118996063958 ], [ 85.436856885402108, 28.332121028123126 ], [ 85.436652143118323, 28.332137670255918 ], [ 85.436635094615724, 28.332138331072869 ], [ 85.436617096081662, 28.332138205030176 ], [ 85.436508436060109, 28.332134355952626 ], [ 85.436454489634315, 28.332131218395894 ], [ 85.436423711167961, 28.332080994278506 ], [ 85.436406559676229, 28.332054114281714 ], [ 85.436369998559314, 28.331999037101362 ], [ 85.436349933299638, 28.331970072496997 ], [ 85.436312751323612, 28.331918599990324 ], [ 85.436289509482904, 28.331887834216438 ], [ 85.436251495599421, 28.331839681480126 ], [ 85.436225994647771, 28.331808794765912 ], [ 85.43619409606849, 28.331771830013736 ], [ 85.436169273559372, 28.331744202322952 ], [ 85.436134326113205, 28.331706829873195 ], [ 85.43609959412332, 28.331671588160336 ], [ 85.436018721357598, 28.331593697593455 ], [ 85.435983886879512, 28.331561760895763 ], [ 85.435902345669504, 28.331490591638659 ], [ 85.435885720534372, 28.33147640622245 ], [ 85.435700758322412, 28.331322124133898 ], [ 85.435635978487824, 28.331263498543624 ], [ 85.435622224330416, 28.331249720467433 ], [ 85.435610945606697, 28.331237382197394 ], [ 85.435604760481311, 28.331229905353371 ], [ 85.435601234756376, 28.331225138077723 ], [ 85.435567204468612, 28.331173447379232 ], [ 85.43552984612856, 28.331110335455346 ], [ 85.435490332420002, 28.331036513204584 ], [ 85.435451731152781, 28.3309571477849 ], [ 85.435442528044206, 28.330935639721599 ], [ 85.435434099901244, 28.330912301973182 ], [ 85.435424492411727, 28.330880542558411 ], [ 85.435413822454606, 28.330838148353646 ], [ 85.435403342594256, 28.330788230111327 ], [ 85.435392291878017, 28.330725729346348 ], [ 85.43534421291983, 28.330393506497078 ], [ 85.435340662150367, 28.330371186568748 ], [ 85.435315399585662, 28.330225588014923 ], [ 85.435308824092687, 28.330191946909455 ], [ 85.435291856038702, 28.330113951381708 ], [ 85.435284328328422, 28.330082397575158 ], [ 85.435265683214837, 28.330010615472613 ], [ 85.435255507900195, 28.329974812560383 ], [ 85.435234814828675, 28.329907826312866 ], [ 85.435221520539002, 28.329868355511742 ], [ 85.435198558291361, 28.329805461337838 ], [ 85.435186524743372, 28.329774440029851 ], [ 85.435139801737904, 28.329660763081666 ], [ 85.43513097806769, 28.329640086943392 ], [ 85.435082140712908, 28.329529755657848 ], [ 85.43507232931951, 28.329508397628118 ], [ 85.435021449724715, 28.329401572572255 ], [ 85.435010522829245, 28.329379461691733 ], [ 85.434957659288358, 28.329276271686528 ], [ 85.434945505864007, 28.329253404965552 ], [ 85.434890730867892, 28.329153984409743 ], [ 85.434877207708269, 28.329130327533491 ], [ 85.434820560065504, 28.329034742751812 ], [ 85.43480550034127, 28.329010258697362 ], [ 85.434747025773518, 28.328918591436221 ], [ 85.434730279963432, 28.328893307997873 ], [ 85.434670021383425, 28.328805622823793 ], [ 85.434666394248708, 28.328800385062284 ], [ 85.43459720777274, 28.328701234943864 ], [ 85.434582522375663, 28.328680807657062 ], [ 85.434547361622464, 28.328633318064622 ], [ 85.434515616848813, 28.328592892180556 ], [ 85.434478893519966, 28.328548746452828 ], [ 85.434428761483971, 28.32849320430913 ], [ 85.434392997146048, 28.328456632513941 ], [ 85.434323105556928, 28.328391944614999 ], [ 85.434269626183962, 28.328347123693852 ], [ 85.434197217483032, 28.328291898255422 ], [ 85.434134193112428, 28.328248213180704 ], [ 85.434069880969219, 28.328207104012581 ], [ 85.433996562267893, 28.32816397578409 ], [ 85.433943686738246, 28.328134891973441 ], [ 85.433855627491369, 28.328089692893034 ], [ 85.433802813336598, 28.328064393193817 ], [ 85.433768109776821, 28.328048920328392 ], [ 85.433702401306121, 28.328022165105605 ], [ 85.433666370892595, 28.328008842980825 ], [ 85.43359985706411, 28.327986626069386 ], [ 85.433562425757955, 28.32797542585498 ], [ 85.433496326546333, 28.327957829489687 ], [ 85.433457395793752, 28.327948724781439 ], [ 85.433393207649132, 28.327935659560993 ], [ 85.433352713529018, 28.327928627060071 ], [ 85.433291400755166, 28.327919686113674 ], [ 85.433249140841127, 28.327914688295717 ], [ 85.43319162689393, 28.327909350029454 ], [ 85.433147414851248, 28.32790636489726 ], [ 85.433094449359956, 28.327904012314313 ], [ 85.433048006014189, 28.32790301951168 ], [ 85.432984792796802, 28.327903402254762 ], [ 85.432900207198074, 28.32790623559579 ], [ 85.432835073100037, 28.327910268024027 ], [ 85.432739616361189, 28.327918902196284 ], [ 85.432695122668704, 28.327923803333132 ], [ 85.432599240527892, 28.327936264532234 ], [ 85.432579146213016, 28.327939057490159 ], [ 85.432340763487986, 28.327974349143364 ], [ 85.432299769628244, 28.327979222769244 ], [ 85.432274912054396, 28.327981393995614 ], [ 85.432267783609063, 28.32798171224734 ], [ 85.432256898626392, 28.327979024424426 ], [ 85.432025289073451, 28.327912718495387 ], [ 85.431985915812078, 28.327902217623606 ], [ 85.431875382900174, 28.32787487666171 ], [ 85.43181673823652, 28.327862014853061 ], [ 85.431718391615036, 28.327843162865779 ], [ 85.431673143914082, 28.3278354319234 ], [ 85.431569815932676, 28.327819911450103 ], [ 85.431528276249509, 28.327814447930994 ], [ 85.431418928932899, 28.327802096307963 ], [ 85.431381801517574, 28.327798512480484 ], [ 85.431264418683824, 28.327789102544433 ], [ 85.431235019746552, 28.32778712446618 ], [ 85.431129036517774, 28.327781355317736 ], [ 85.431106901069938, 28.327780363871582 ], [ 85.430988743434554, 28.327776209969265 ], [ 85.430967901041456, 28.327775665939676 ], [ 85.430562111396583, 28.327768747244068 ], [ 85.43042216588627, 28.327764635424519 ], [ 85.430293903856906, 28.327757448153864 ], [ 85.430175588810044, 28.327746313524731 ], [ 85.42962802885009, 28.327687132636395 ], [ 85.42943149304638, 28.327664187192585 ], [ 85.429230759996386, 28.327636833170377 ], [ 85.429058725864166, 28.327608442761754 ], [ 85.428979477763164, 28.327593240215837 ], [ 85.428902263553184, 28.327576776701054 ], [ 85.428830288129532, 28.327559759055319 ], [ 85.428763029335528, 28.327542176309393 ], [ 85.428699920214527, 28.327523984486557 ], [ 85.428640651760162, 28.327505201693384 ], [ 85.428584851696087, 28.327485813629082 ], [ 85.428537541799031, 28.327467840716043 ], [ 85.428511049508685, 28.327456535451137 ], [ 85.428476248962852, 28.327439840961773 ], [ 85.428254273701327, 28.327322227242856 ], [ 85.428234764861216, 28.32731214846347 ], [ 85.428148390130644, 28.327268652857647 ], [ 85.42810587233285, 28.327248405843108 ], [ 85.428022094287059, 28.327210745851403 ], [ 85.427961348765734, 28.327185627088056 ], [ 85.427884278600715, 28.327156449276689 ], [ 85.427823708614469, 28.327135513390861 ], [ 85.427771407457826, 28.327119116041985 ], [ 85.427722814298164, 28.327105083715839 ], [ 85.427668943412939, 28.327090838746692 ], [ 85.427621094753377, 28.327079299814326 ], [ 85.427565546423608, 28.327067179808122 ], [ 85.427519010306227, 28.327058041362132 ], [ 85.427461639150721, 28.327048013955377 ], [ 85.427416888893518, 28.327041104924568 ], [ 85.427357601353435, 28.327033150985894 ], [ 85.42731513995345, 28.327028258856743 ], [ 85.427253644992987, 28.327022332610785 ], [ 85.427213756582375, 28.327019188468679 ], [ 85.427149784288787, 28.327015264237865 ], [ 85.42711278014562, 28.32701359126909 ], [ 85.427045930022402, 28.327011645479736 ], [ 85.427001303347879, 28.327011210997846 ], [ 85.426880333032997, 28.327012375654526 ], [ 85.426833451390365, 28.327013781663045 ], [ 85.426697860343936, 28.327020613116943 ], [ 85.426665167935738, 28.32702272708557 ], [ 85.426529928147161, 28.327033407967406 ], [ 85.426514933197026, 28.327034691115056 ], [ 85.426172112284348, 28.327066288427407 ], [ 85.426092834335378, 28.327071936550155 ], [ 85.426029955074554, 28.327075001255448 ], [ 85.425965597248393, 28.327076186748464 ], [ 85.425916910945006, 28.327075180179982 ], [ 85.425879723788313, 28.327072749012981 ], [ 85.425849135157733, 28.327069217927036 ], [ 85.425793007728316, 28.32705994954587 ], [ 85.425735632798393, 28.327048059430012 ], [ 85.425701670478091, 28.327024973494304 ], [ 85.425640861824263, 28.326986123194033 ], [ 85.425606983739385, 28.326965386687974 ], [ 85.425467390159369, 28.326883580355773 ], [ 85.425302502227339, 28.326784892938331 ], [ 85.425275235865811, 28.326769129169644 ], [ 85.425201935118992, 28.326728213974917 ], [ 85.425178855465887, 28.326715706985119 ], [ 85.425109557403658, 28.326679263795789 ], [ 85.425082601163012, 28.326665575163503 ], [ 85.425015223185554, 28.326632557412481 ], [ 85.424984343059492, 28.326618031520695 ], [ 85.424919180082441, 28.326588635748884 ], [ 85.424884504155628, 28.326573716926191 ], [ 85.424821049532824, 28.326547717076703 ], [ 85.424782612943943, 28.326532810041911 ], [ 85.42472055037581, 28.32651007521174 ], [ 85.424671419128757, 28.326493378017481 ], [ 85.424567747014493, 28.32646083533929 ], [ 85.424513361367133, 28.326445267537327 ], [ 85.424403264658878, 28.326416742470109 ], [ 85.424352588443966, 28.326404855142272 ], [ 85.42423595945948, 28.326380317544505 ], [ 85.424189133723743, 28.326371487979458 ], [ 85.424065735562991, 28.326350886361258 ], [ 85.424023286270995, 28.326344616958792 ], [ 85.423958938099503, 28.326336344084105 ], [ 85.423922980464951, 28.326332297135529 ], [ 85.423851342243239, 28.326325376769748 ], [ 85.423815471508377, 28.326322477781186 ], [ 85.423603870569579, 28.326308705728515 ], [ 85.423593474463274, 28.326308076325656 ], [ 85.423410874152523, 28.326297850151505 ], [ 85.423393702352499, 28.326297017076232 ], [ 85.423229250505273, 28.326290268328549 ], [ 85.423208721570802, 28.326289609149036 ], [ 85.423055504098329, 28.326286055817185 ], [ 85.423032019878363, 28.326285750525901 ], [ 85.422887522307988, 28.326285344628204 ], [ 85.422861242048754, 28.326285570414765 ], [ 85.422722423426833, 28.326288346314357 ], [ 85.422693567091287, 28.326289285131882 ], [ 85.422560567583247, 28.326295281468404 ], [ 85.422529412027259, 28.326297109611385 ], [ 85.422401367133347, 28.326306366945033 ], [ 85.422368108070572, 28.326309257604652 ], [ 85.422247332550057, 28.326321525471425 ], [ 85.421967794706205, 28.326348498758719 ], [ 85.421936345975453, 28.326351971695178 ], [ 85.421866993350946, 28.326360600580497 ], [ 85.421828766524641, 28.326366013251118 ], [ 85.421767317963074, 28.326375775900644 ], [ 85.421716870924129, 28.326384959860256 ], [ 85.421651091314189, 28.326398475475798 ], [ 85.421588050315776, 28.326413323692851 ], [ 85.421527803359197, 28.326429356244475 ], [ 85.421510462343534, 28.326434583949229 ], [ 85.421488913777424, 28.326424482250587 ], [ 85.421461175060145, 28.326411954762921 ], [ 85.421389108279811, 28.326380625530206 ], [ 85.421357952826327, 28.326367654439505 ], [ 85.421288107601441, 28.326339839914201 ], [ 85.421253400648538, 28.326326696570788 ], [ 85.421185496068617, 28.326302287009888 ], [ 85.421147075645663, 28.326289268621093 ], [ 85.421080789997077, 28.326268154711084 ], [ 85.4210385181064, 28.326255606412843 ], [ 85.420973815768107, 28.326237782327674 ], [ 85.420927585320271, 28.326226097174644 ], [ 85.420864348443928, 28.326211530866534 ], [ 85.420814071400841, 28.326201144640905 ], [ 85.420752223708035, 28.326189820787892 ], [ 85.420724561463217, 28.326185107586742 ], [ 85.420599195850386, 28.326165332037196 ], [ 85.420535550625289, 28.326157115422063 ], [ 85.420456663991416, 28.32614916986665 ], [ 85.420376367434855, 28.326143912814707 ], [ 85.420339448145398, 28.326142789523974 ], [ 85.420270319774829, 28.326142760556586 ], [ 85.420236009472973, 28.326143775679878 ], [ 85.420157230502994, 28.326148814336765 ], [ 85.420125058752589, 28.326151984088508 ], [ 85.420085278330404, 28.326157447500631 ], [ 85.42007550711952, 28.32614560270039 ], [ 85.42004022542686, 28.326105277860027 ], [ 85.419993235018524, 28.326054596366173 ], [ 85.419949789263512, 28.32601071127748 ], [ 85.419893967623153, 28.325957873390927 ], [ 85.419859938381592, 28.325927163772288 ], [ 85.419798494402428, 28.325874295025571 ], [ 85.419779675695608, 28.325858509621661 ], [ 85.419663928639494, 28.325763861598674 ], [ 85.419662028790938, 28.325762312026097 ], [ 85.419556374080685, 28.32567635453788 ], [ 85.419537782073391, 28.325661596242501 ], [ 85.419451502503478, 28.325594776745216 ], [ 85.419424919109389, 28.325574887758229 ], [ 85.419344957023014, 28.325517104079225 ], [ 85.419310971067588, 28.325493587098215 ], [ 85.419235277464949, 28.325443456345923 ], [ 85.419178623573373, 28.325408519215308 ], [ 85.419146644731654, 28.325390189897732 ], [ 85.419079752217044, 28.325354980306091 ], [ 85.419042499756287, 28.325337038397311 ], [ 85.418975765140715, 28.32530764185179 ], [ 85.4189541704623, 28.325298985841588 ], [ 85.418950876754522, 28.325295792454263 ], [ 85.418852714455582, 28.325212520550238 ], [ 85.418828420339381, 28.325194502234321 ], [ 85.418724858304927, 28.325127052956084 ], [ 85.418697088124929, 28.325111253278649 ], [ 85.418596937203034, 28.325061102876646 ], [ 85.418565202476685, 28.325047241809933 ], [ 85.418482156170313, 28.325014949821153 ], [ 85.418451294872455, 28.325004372208092 ], [ 85.418387335935719, 28.324984586205964 ], [ 85.418351724373949, 28.324974731455157 ], [ 85.418338340962549, 28.32497142406379 ], [ 85.418324691058018, 28.32495690818546 ], [ 85.41827326785608, 28.324906240260287 ], [ 85.418234771444361, 28.324871074011394 ], [ 85.418170784546646, 28.324817463824523 ], [ 85.418134074918299, 28.324789266584876 ], [ 85.418074537132341, 28.324746888697053 ], [ 85.418034341516105, 28.324720409978035 ], [ 85.417996550317554, 28.32469667663463 ], [ 85.417953739069389, 28.324671064645109 ], [ 85.417917272918942, 28.324650235175337 ], [ 85.417871738894931, 28.324625424592153 ], [ 85.417836964140221, 28.324607306230448 ], [ 85.417788543451664, 28.324583206704784 ], [ 85.417740326504656, 28.324560688171953 ], [ 85.417634261561645, 28.324514317015744 ], [ 85.417578961551314, 28.32449192953835 ], [ 85.417456468659509, 28.324446197103967 ], [ 85.417405085671007, 28.324428445990943 ], [ 85.417312388887211, 28.324398952912013 ], [ 85.417258091556988, 28.324383182941133 ], [ 85.417159640492045, 28.324357269091873 ], [ 85.417108989192926, 28.324345182482766 ], [ 85.417004749325031, 28.324322836618137 ], [ 85.41695779765864, 28.324313802162067 ], [ 85.416847666276496, 28.324295003220417 ], [ 85.416809408334643, 28.324289138801479 ], [ 85.416714185109555, 28.324276189446383 ], [ 85.416679124087992, 28.324271971060384 ], [ 85.416587984138147, 28.324262427191908 ], [ 85.416549389813824, 28.324259042827165 ], [ 85.416461816853626, 28.324252848823452 ], [ 85.416419662082845, 28.324250643272713 ], [ 85.416335377924767, 28.324247781471172 ], [ 85.416289670809135, 28.324247136757918 ], [ 85.416225605319269, 28.324247503790851 ], [ 85.416218438661687, 28.324150221231712 ], [ 85.416218046542497, 28.32414512091637 ], [ 85.416213598831959, 28.32408959375552 ], [ 85.41621063599905, 28.324059673475549 ], [ 85.416203998954217, 28.324003430490141 ], [ 85.416197781438655, 28.323960662218511 ], [ 85.416177877074716, 28.323845552434253 ], [ 85.416167042025791, 28.323793249656553 ], [ 85.416138137581427, 28.323673698894538 ], [ 85.416125561828821, 28.323627632640896 ], [ 85.416087164699917, 28.323501579289768 ], [ 85.416075072535932, 28.323464977887859 ], [ 85.416033514197409, 28.323348391107672 ], [ 85.416023039340558, 28.323320587237525 ], [ 85.415971994114443, 28.323192089262907 ], [ 85.415963906542359, 28.323172459666058 ], [ 85.415909258116116, 28.323044444187246 ], [ 85.415905322392462, 28.323035372719215 ], [ 85.415759299160044, 28.322704141294501 ], [ 85.415723526265552, 28.322618506192683 ], [ 85.415695145063452, 28.322546322067353 ], [ 85.415666714768378, 28.322467457812042 ], [ 85.415645193041925, 28.32240005479111 ], [ 85.415628982722794, 28.322340797011087 ], [ 85.415616930529964, 28.322287007183785 ], [ 85.41560219524186, 28.322202727765806 ], [ 85.415588411559852, 28.322099946763231 ], [ 85.415574807245491, 28.321966510497649 ], [ 85.415548509067818, 28.321644852661265 ], [ 85.415547571158029, 28.321634249262058 ], [ 85.415533932277697, 28.321490921588122 ], [ 85.415531413558739, 28.321467965686288 ], [ 85.415512693192198, 28.32131737798187 ], [ 85.415507828729559, 28.321283990230604 ], [ 85.415485445173545, 28.321150101286836 ], [ 85.415478595365514, 28.321114158706081 ], [ 85.415464688596458, 28.321049214222008 ], [ 85.415457946807976, 28.321020320397611 ], [ 85.415439807151273, 28.320948525542665 ], [ 85.415432439410722, 28.320921348215649 ], [ 85.415361741143485, 28.320677288993124 ], [ 85.415343190736237, 28.32060670808622 ], [ 85.415330612581329, 28.320545422847104 ], [ 85.415329369438325, 28.320536903645472 ], [ 85.415328051618403, 28.320523929937838 ], [ 85.415324805358679, 28.320469652570061 ], [ 85.415323475584074, 28.320412973264236 ], [ 85.415324197738158, 28.320356669671938 ], [ 85.415326930946975, 28.320301496437025 ], [ 85.415331568731943, 28.320248223776556 ], [ 85.415337957379478, 28.320197464775916 ], [ 85.415345884785395, 28.320149829315312 ], [ 85.415354829163675, 28.320107078964117 ], [ 85.415356133791391, 28.320102024342109 ], [ 85.415356245425173, 28.320101662744779 ], [ 85.415373163182977, 28.320056917606223 ], [ 85.415398893305195, 28.319999549695609 ], [ 85.415509945386148, 28.319769291672245 ], [ 85.415526234346629, 28.319733406505854 ], [ 85.415557306190536, 28.319660473770401 ], [ 85.415572943866053, 28.319621023303036 ], [ 85.415597347551582, 28.319554567958466 ], [ 85.415610610841838, 28.319515461021624 ], [ 85.415633640520383, 28.31944152155554 ], [ 85.415642499739036, 28.319411008491446 ], [ 85.415663487217685, 28.319333105005885 ], [ 85.415670495039706, 28.319305130825096 ], [ 85.415689633456878, 28.319222549884241 ], [ 85.415695021685877, 28.319197507879846 ], [ 85.4157126214172, 28.319108920101055 ], [ 85.415717866010695, 28.319079725213921 ], [ 85.415747061710306, 28.318898058605249 ], [ 85.415750486839769, 28.318874532110037 ], [ 85.415796883375066, 28.318519028365888 ], [ 85.415816041861248, 28.318389040557641 ], [ 85.415839459647785, 28.318262043788895 ], [ 85.415849429129807, 28.318217557780667 ], [ 85.415860056628574, 28.318175822549023 ], [ 85.415874932489714, 28.318125133328689 ], [ 85.415894919464534, 28.31806509355868 ], [ 85.415998061064045, 28.317786597390331 ], [ 85.416003770060584, 28.317770686489563 ], [ 85.416042396301378, 28.317659479760778 ], [ 85.416053488856548, 28.317625137924935 ], [ 85.416087161366562, 28.317512500076784 ], [ 85.41610003439105, 28.317464077479155 ], [ 85.416124060531601, 28.317361039417047 ], [ 85.416133617365574, 28.317313718537459 ], [ 85.416155600106791, 28.317185190993058 ], [ 85.416159949944998, 28.317156698301456 ], [ 85.416182584018387, 28.316988251934081 ], [ 85.416247011134601, 28.316548616280592 ], [ 85.416250632080803, 28.316520443812109 ], [ 85.416263424044615, 28.316404759489945 ], [ 85.416266442259882, 28.316370902506499 ], [ 85.41627342400956, 28.316267890396208 ], [ 85.416275203366297, 28.316222785472668 ], [ 85.416275872097415, 28.31616293457531 ], [ 85.416298638051217, 28.316122173346784 ], [ 85.416322693227016, 28.316075854156107 ], [ 85.416356853293536, 28.316004858557449 ], [ 85.416380080096189, 28.3159520432237 ], [ 85.41640025233788, 28.315901535320275 ], [ 85.416423881884484, 28.315834077393113 ], [ 85.416440361293226, 28.315779575495782 ], [ 85.416456310024785, 28.315718372713594 ], [ 85.416469265659728, 28.315659342704365 ], [ 85.416479151834466, 28.31560571922315 ], [ 85.416488822102608, 28.315541076361846 ], [ 85.416493914752621, 28.315499730780907 ], [ 85.416499614331528, 28.315440900853737 ], [ 85.416501977391746, 28.315410478379757 ], [ 85.416505859977278, 28.315344122200521 ], [ 85.416506996776349, 28.315316515637722 ], [ 85.41651200062924, 28.31510688063609 ], [ 85.416514896531439, 28.315037948468067 ], [ 85.416514987245478, 28.31503571493748 ], [ 85.416517854398464, 28.314962589974257 ], [ 85.416518456651531, 28.314935509409725 ], [ 85.416518887982491, 28.314853743649675 ], [ 85.416518702739822, 28.314831824263635 ], [ 85.416518408675543, 28.314818564068947 ], [ 85.416512280088426, 28.314735916981284 ], [ 85.416446539050824, 28.314216002489879 ], [ 85.416367126775683, 28.313954163491033 ], [ 85.415557457813378, 28.312318980002011 ], [ 85.415423951160903, 28.311985222289699 ], [ 85.415426819623264, 28.311945746155512 ], [ 85.415429907148663, 28.311858550218087 ], [ 85.415429927600684, 28.311802607169934 ], [ 85.415426835102878, 28.311713419864283 ], [ 85.415423084377096, 28.311658981624312 ], [ 85.415413877008135, 28.3115698072511 ], [ 85.415405837413232, 28.311512351530631 ], [ 85.41539590677759, 28.311456212798024 ], [ 85.415383832106798, 28.311399773637866 ], [ 85.415369265597434, 28.3113418410612 ], [ 85.415354833683068, 28.311291360252291 ], [ 85.41533550633568, 28.311231121564749 ], [ 85.415320022615759, 28.311187163162419 ], [ 85.41529562061659, 28.311123637312555 ], [ 85.415281204526764, 28.311088511951827 ], [ 85.41525464452873, 28.311027748851838 ], [ 85.415242328792729, 28.311000865476284 ], [ 85.415210128495531, 28.310933698634198 ], [ 85.415198308361269, 28.310909995364163 ], [ 85.41507954148635, 28.310680791526767 ], [ 85.415076571348109, 28.310675111552111 ], [ 85.415009264172397, 28.310547559693429 ], [ 85.414995329073321, 28.310522193270643 ], [ 85.414925377317374, 28.310399762115871 ], [ 85.414909726053381, 28.31037345430347 ], [ 85.414837271937316, 28.310256387368543 ], [ 85.414819649660487, 28.310229056415999 ], [ 85.414744808635774, 28.310117545463513 ], [ 85.414739007450805, 28.310109009586636 ], [ 85.414656441999412, 28.309989025568402 ], [ 85.414640768856231, 28.309966972206958 ], [ 85.414595532261131, 28.309905314263684 ], [ 85.414562887310225, 28.30986345121055 ], [ 85.414516398578968, 28.309807289346381 ], [ 85.414465754256923, 28.309750965927506 ], [ 85.414523365049021, 28.30972920037113 ], [ 85.414562467186727, 28.309712846495376 ], [ 85.414621156355182, 28.309686212626964 ], [ 85.41473416507705, 28.30963077174442 ], [ 85.41477793191622, 28.309608021836624 ], [ 85.414885597569807, 28.309548819426656 ], [ 85.414929884301642, 28.309523031472082 ], [ 85.415031448114263, 28.309460483814792 ], [ 85.41507633880812, 28.309431193552474 ], [ 85.415171305721273, 28.309365607180411 ], [ 85.415216688702543, 28.309332353581606 ], [ 85.415304540241181, 28.309264101541505 ], [ 85.415350107345105, 28.309226456584305 ], [ 85.415430711132785, 28.309155663707369 ], [ 85.4154760633444, 28.309113164201779 ], [ 85.415549199352384, 28.309040021086094 ], [ 85.415593645546608, 28.308992379146886 ], [ 85.415654265126719, 28.308922671599131 ], [ 85.415706282668197, 28.308864765408774 ], [ 85.415738182604059, 28.308827294504393 ], [ 85.41575788573428, 28.308802853432109 ], [ 85.415823697852943, 28.308709701058209 ], [ 85.415840760295367, 28.308681919862234 ], [ 85.415915269438102, 28.308528111502724 ], [ 85.415924963639952, 28.308501526323006 ], [ 85.415961267823263, 28.308367881515213 ], [ 85.415967140503227, 28.308335614074331 ], [ 85.41597821660568, 28.308247162267691 ], [ 85.415980235509593, 28.30821792851993 ], [ 85.415979388619618, 28.308096691645208 ], [ 85.415977403313477, 28.308072799338014 ], [ 85.415940012564562, 28.307888286936354 ], [ 85.415934104807562, 28.307870207218922 ], [ 85.415824360744935, 28.307649936037866 ], [ 85.415818615205495, 28.307641625031799 ], [ 85.415678524951829, 28.307482262989957 ], [ 85.415670442886295, 28.307474934751465 ], [ 85.41552041330371, 28.307362848884139 ], [ 85.415509922333484, 28.307356433074766 ], [ 85.415375345617207, 28.307286938072181 ], [ 85.415362258802929, 28.30728131880241 ], [ 85.41523005001882, 28.307234340588096 ], [ 85.415203574007336, 28.307226786115525 ], [ 85.415126718230042, 28.30720776072237 ], [ 85.415072581371476, 28.307196360507284 ], [ 85.415067792601619, 28.307195130298528 ], [ 85.414991851054793, 28.307178390192611 ], [ 85.414961350179055, 28.307172757282036 ], [ 85.4148913058077, 28.307162061222819 ], [ 85.41485871596754, 28.307158114262876 ], [ 85.414796596120283, 28.307152300014625 ], [ 85.414761269931191, 28.307149959284764 ], [ 85.414695333187296, 28.307147485748391 ], [ 85.414629800330516, 28.307146905979831 ], [ 85.414586247805488, 28.307147343927682 ], [ 85.414560072903853, 28.307148102216548 ], [ 85.414555557780574, 28.30714625054998 ], [ 85.414520722876119, 28.307133337288768 ], [ 85.414425791576491, 28.307102941520917 ], [ 85.414397855804481, 28.307095358204066 ], [ 85.414311869811883, 28.307075599236523 ], [ 85.414282238398272, 28.307069997034379 ], [ 85.414201883159976, 28.307057755068303 ], [ 85.414170304906179, 28.307054087740283 ], [ 85.414098158334596, 28.307048007947287 ], [ 85.414064173136666, 28.307046219605557 ], [ 85.413978397585566, 28.307044905504732 ], [ 85.41393801060353, 28.307045791027928 ], [ 85.413903310057293, 28.307011525989733 ], [ 85.413889016739191, 28.306997703478498 ], [ 85.413834583628514, 28.306946148391251 ], [ 85.413802586307042, 28.306917174860214 ], [ 85.413750255044349, 28.306871869595664 ], [ 85.4137024442214, 28.30683303441889 ], [ 85.413653816578829, 28.306795988500632 ], [ 85.413589791238863, 28.306751036688091 ], [ 85.413543475775029, 28.306721114847072 ], [ 85.413461234919922, 28.306673193039988 ], [ 85.413415969099219, 28.306649506981095 ], [ 85.413313722144906, 28.306602686244425 ], [ 85.413268913949793, 28.306584929451692 ], [ 85.413147313690629, 28.306544752063992 ], [ 85.41310260921432, 28.306532789555025 ], [ 85.412986838008095, 28.306508235785365 ], [ 85.41295625626519, 28.306503400204253 ], [ 85.412864599300036, 28.306492675730237 ], [ 85.412831847574594, 28.306490174016925 ], [ 85.412750637262974, 28.30648684976574 ], [ 85.412715373360655, 28.306486651766324 ], [ 85.412646100507359, 28.306488346981297 ], [ 85.412607626982734, 28.306490448192655 ], [ 85.412536969507883, 28.306496498133765 ], [ 85.412509171787974, 28.306499746101526 ], [ 85.412500002280055, 28.306488337028075 ], [ 85.41248504608923, 28.306468284939879 ], [ 85.412480626175039, 28.306461880221907 ], [ 85.412477111894233, 28.306455873930521 ], [ 85.412426851487666, 28.306353504434792 ], [ 85.412410096992744, 28.306321141033322 ], [ 85.412380783854388, 28.306267346966369 ], [ 85.412342842771167, 28.306204237405442 ], [ 85.412305538838879, 28.306147707863346 ], [ 85.41226323890865, 28.306088941297091 ], [ 85.412216420732079, 28.306029126072815 ], [ 85.412183966344358, 28.305989957667254 ], [ 85.412135451567679, 28.305934594554575 ], [ 85.412119677488121, 28.305917048264469 ], [ 85.41201337319319, 28.305801770179666 ], [ 85.412013174607495, 28.305801532768744 ], [ 85.412013317474745, 28.305788385316095 ], [ 85.412012956675966, 28.305753290218689 ], [ 85.412008916431972, 28.305680828545199 ], [ 85.41200570813136, 28.305649192983605 ], [ 85.411989325974474, 28.305549973977161 ], [ 85.411982971673964, 28.305522328756364 ], [ 85.411956059360207, 28.305430339518857 ], [ 85.411942309284754, 28.305391824309503 ], [ 85.411915894059277, 28.30532664971139 ], [ 85.411898308812482, 28.305287996016858 ], [ 85.411867941658713, 28.305227709653529 ], [ 85.411846856961745, 28.305189657814548 ], [ 85.411812316645992, 28.305132595610065 ], [ 85.41178815561787, 28.305095905936462 ], [ 85.411748656275293, 28.305040630900535 ], [ 85.411721934650998, 28.305006075609693 ], [ 85.411676177160729, 28.304951441067534 ], [ 85.411647363301299, 28.304919617643669 ], [ 85.411593570370016, 28.304864869985717 ], [ 85.411563179036435, 28.304836341255619 ], [ 85.411498896045515, 28.304781078810368 ], [ 85.411467390855833, 28.304756280656072 ], [ 85.411386777667815, 28.30469903331419 ], [ 85.411342839916784, 28.304670947940455 ], [ 85.411253052628197, 28.304619668185421 ], [ 85.411206451793163, 28.304596018231504 ], [ 85.411100223429685, 28.304549155249255 ], [ 85.411079515094855, 28.304541316067823 ], [ 85.410966057976367, 28.304505227682508 ], [ 85.41094380489325, 28.304499439021335 ], [ 85.410835594333875, 28.30447688101756 ], [ 85.410811594409793, 28.304473086371324 ], [ 85.410714125525502, 28.3044619338256 ], [ 85.410687988105181, 28.304460070884041 ], [ 85.410608579329178, 28.30445824430786 ], [ 85.4106057988093, 28.304455153097706 ], [ 85.410581905349858, 28.304430409985681 ], [ 85.410515588843069, 28.304367995133479 ], [ 85.410480783922935, 28.304338207236238 ], [ 85.410415419964139, 28.30428687553534 ], [ 85.410376533036498, 28.30425887846236 ], [ 85.410312192978324, 28.304216174597371 ], [ 85.410268914329706, 28.304189743622768 ], [ 85.410208400593504, 28.304155506827843 ], [ 85.410160107764924, 28.304130259255903 ], [ 85.41010793469502, 28.30410477315683 ], [ 85.410058121040549, 28.304082094392335 ], [ 85.410015529981322, 28.304063797703169 ], [ 85.409958661648531, 28.304040795761189 ], [ 85.409917324174259, 28.304025042351238 ], [ 85.409736576955908, 28.303960307019068 ], [ 85.409681044608774, 28.303942060623491 ], [ 85.409649018252367, 28.303932464872059 ], [ 85.409548633855593, 28.303907373132361 ], [ 85.409511471574447, 28.303899877181895 ], [ 85.409493110129489, 28.303896797895803 ], [ 85.409366418584497, 28.303827598696099 ], [ 85.409262374784504, 28.303707195814795 ], [ 85.40924836465102, 28.303691352021005 ], [ 85.409193619976421, 28.303630844185683 ], [ 85.409161376844949, 28.303596946971219 ], [ 85.409101456961281, 28.303537004216889 ], [ 85.409050448319334, 28.303489562268354 ], [ 85.408993210126241, 28.30344005470851 ], [ 85.408930064493347, 28.303389812857226 ], [ 85.408893793395762, 28.303363285351391 ], [ 85.408872392396717, 28.303348337828279 ], [ 85.408871423609995, 28.303345799544456 ], [ 85.408816065861245, 28.303187188790226 ], [ 85.408802197151999, 28.303150290989727 ], [ 85.408782336277184, 28.303101021402224 ], [ 85.408765161923171, 28.303061387500833 ], [ 85.408745152389244, 28.303018272106272 ], [ 85.408742355594001, 28.303012306488746 ], [ 85.408641856379035, 28.302800090522275 ], [ 85.408628070940864, 28.302772301132723 ], [ 85.408600216087748, 28.302718620780368 ], [ 85.408582018001397, 28.302685363246415 ], [ 85.408555348351854, 28.30263906468743 ], [ 85.408528145719401, 28.302594924548302 ], [ 85.408497278174394, 28.302547996730596 ], [ 85.408457568946929, 28.302492392188793 ], [ 85.408426007911316, 28.30245157158895 ], [ 85.408373045276207, 28.302389060103557 ], [ 85.408340257414721, 28.302353663626242 ], [ 85.408271761788413, 28.302286833218293 ], [ 85.408237447928855, 28.30225654510539 ], [ 85.408168490857975, 28.302201006451678 ], [ 85.408139818247861, 28.302179951662538 ], [ 85.408084267901586, 28.302141940569509 ], [ 85.408052588364825, 28.302121766730281 ], [ 85.407999899675644, 28.302090371157231 ], [ 85.407965056663656, 28.302070977163677 ], [ 85.40791630832345, 28.302045487065584 ], [ 85.407878013609363, 28.30202671251778 ], [ 85.40781513030899, 28.301998354272833 ], [ 85.407728258954833, 28.30196247392665 ], [ 85.407666884684559, 28.30193925822552 ], [ 85.407550960325992, 28.301899326894294 ], [ 85.407482302808205, 28.301878139342744 ], [ 85.407434237346877, 28.301864987856085 ], [ 85.407342686384297, 28.301844001087844 ], [ 85.407287524562321, 28.301833745895916 ], [ 85.407223964835907, 28.301823777247584 ], [ 85.407170545849965, 28.301816934829436 ], [ 85.407141246583478, 28.301813564798227 ], [ 85.407130264091748, 28.301812444530704 ], [ 85.407113412205746, 28.301798743559658 ], [ 85.406960819435113, 28.301664949190677 ], [ 85.406866970281968, 28.301579761828457 ], [ 85.406792595208628, 28.301507523285139 ], [ 85.406730533406119, 28.301442295878182 ], [ 85.406679141890777, 28.301383191161925 ], [ 85.406636693029881, 28.301329116996843 ], [ 85.406602491429595, 28.301280185937564 ], [ 85.4065754166608, 28.301235972019231 ], [ 85.406553620207873, 28.301194511676155 ], [ 85.406513217425797, 28.301103607461968 ], [ 85.406472264716356, 28.301023232110349 ], [ 85.40643765720769, 28.300963307566832 ], [ 85.406393125820713, 28.30089394699182 ], [ 85.406351322321456, 28.30083505751713 ], [ 85.406304207679952, 28.30077433704135 ], [ 85.406254898722409, 28.300716038592498 ], [ 85.406208024906945, 28.30066465180867 ], [ 85.406150538183965, 28.300606146838806 ], [ 85.406108078585021, 28.300565521126785 ], [ 85.406046142523849, 28.300509789881076 ], [ 85.406010079184455, 28.300478898336006 ], [ 85.405937778220448, 28.300419945939435 ], [ 85.405910494751538, 28.300398485819375 ], [ 85.405832435639496, 28.300339266677231 ], [ 85.405817630927487, 28.30032824911876 ], [ 85.405669898931123, 28.300220407375686 ], [ 85.405652606247742, 28.300208061599012 ], [ 85.405553199229914, 28.300138661000904 ], [ 85.405521149527928, 28.3001171791609 ], [ 85.405387742390886, 28.300031370125094 ], [ 85.405381075999969, 28.300027118388311 ], [ 85.405261219147846, 28.299951323680023 ], [ 85.405224198067046, 28.299928983363078 ], [ 85.405185462439107, 28.2999066958375 ], [ 85.40514427156981, 28.299884208142625 ], [ 85.405108853017808, 28.299865884305792 ], [ 85.405042763900155, 28.299834520150352 ], [ 85.405005798874811, 28.299818497634689 ], [ 85.404923485917266, 28.299786716615436 ], [ 85.4048838788582, 28.299773228993679 ], [ 85.404805125636898, 28.299749625684083 ], [ 85.404762529631029, 28.299738550670735 ], [ 85.404690244200822, 28.299722273170506 ], [ 85.404644013234915, 28.299713442567302 ], [ 85.40458288279001, 28.29970348153433 ], [ 85.404536007936528, 28.299697144186897 ], [ 85.404487006478774, 28.299691590875796 ], [ 85.404434365182993, 28.299686769075546 ], [ 85.404386590008684, 28.299683395240137 ], [ 85.404215338996508, 28.299674881065581 ], [ 85.404195751970732, 28.299665721086534 ], [ 85.404163748764134, 28.29964863391583 ], [ 85.404154893956218, 28.299643251973237 ], [ 85.40406010586544, 28.299561798147042 ], [ 85.40400533363308, 28.299518025440591 ], [ 85.403973548900169, 28.299494414561149 ], [ 85.403914874323235, 28.299453963318793 ], [ 85.403884768993706, 28.299434727501009 ], [ 85.403808192253862, 28.299390287427499 ], [ 85.403738044964371, 28.29935345490555 ], [ 85.403660230637698, 28.299316530707795 ], [ 85.403581634681942, 28.299283028796911 ], [ 85.403511927802469, 28.299256102596569 ], [ 85.403424106366785, 28.29922557743896 ], [ 85.4033645229255, 28.29920673408926 ], [ 85.40326480105611, 28.299178252783616 ], [ 85.4031970603411, 28.299161168308803 ], [ 85.403143446295758, 28.299149402569498 ], [ 85.403068043386398, 28.29913550789345 ], [ 85.403007590608979, 28.299126461644569 ], [ 85.402953128886608, 28.299119643686065 ], [ 85.402892113977856, 28.299113486017095 ], [ 85.402866683078756, 28.299111204897148 ], [ 85.402736377277947, 28.299100975580508 ], [ 85.402699461018727, 28.299096024845081 ], [ 85.402533345548051, 28.299067179672967 ], [ 85.402458052482658, 28.299052945166441 ], [ 85.402400767082995, 28.299040378981282 ], [ 85.402366390146753, 28.299031353593858 ], [ 85.40235734734128, 28.299028470605087 ], [ 85.402348490367672, 28.299019748747661 ], [ 85.402326618311918, 28.298996401155421 ], [ 85.402296017333782, 28.298961624627591 ], [ 85.402149600398815, 28.298785606261944 ], [ 85.40211790370644, 28.298745717770704 ], [ 85.402085454451495, 28.298700333650654 ], [ 85.402048226870619, 28.29864423493656 ], [ 85.401938184277512, 28.298472493165786 ], [ 85.401925269527837, 28.298452914590513 ], [ 85.401867454750459, 28.298367743432898 ], [ 85.401844143587383, 28.298335012639932 ], [ 85.401787812185958, 28.298259554327913 ], [ 85.401754150486781, 28.298217161341189 ], [ 85.401699223712455, 28.298152044892941 ], [ 85.4016669705059, 28.298115780889528 ], [ 85.401577682329361, 28.298020506806175 ], [ 85.401553196748779, 28.297995337133141 ], [ 85.401461391575097, 28.297904406098738 ], [ 85.401434972500397, 28.297879220624576 ], [ 85.401341094394951, 28.297793075542401 ], [ 85.401312468025765, 28.297767828278463 ], [ 85.401216895220969, 28.297686813812252 ], [ 85.401185751111484, 28.297661488753938 ], [ 85.401088907604816, 28.297585957324234 ], [ 85.401054931017342, 28.297560600507335 ], [ 85.40095704471625, 28.297490720837313 ], [ 85.400919871798735, 28.297465410211018 ], [ 85.400821219111535, 28.297401380472245 ], [ 85.400780519163632, 28.297376288593249 ], [ 85.400681332354296, 28.297318258608545 ], [ 85.4006465056503, 28.297298766349563 ], [ 85.400570180372853, 28.297257934929302 ], [ 85.400542351224018, 28.297243573637438 ], [ 85.400467275027566, 28.297206224183569 ], [ 85.400436825499526, 28.297191672156746 ], [ 85.400363083375836, 28.297157848083362 ], [ 85.400329712495548, 28.297143219476109 ], [ 85.400257372294035, 28.297112951361598 ], [ 85.400207602551731, 28.29709354705858 ], [ 85.400156858071384, 28.2970751768562 ], [ 85.400098754087111, 28.297055946949872 ], [ 85.400042150847199, 28.297038932183838 ], [ 85.399993860354257, 28.297025589333366 ], [ 85.399925170940094, 28.297008253273741 ], [ 85.399893603303283, 28.297000768191147 ], [ 85.399754916513373, 28.296969983538784 ], [ 85.399724797405753, 28.296962676311818 ], [ 85.39972751031398, 28.296955559987683 ], [ 85.399825342429125, 28.296685207491965 ], [ 85.399858854672729, 28.296601236274896 ], [ 85.399969205246848, 28.296352110227332 ], [ 85.399980589073849, 28.296325152894667 ], [ 85.400013013461674, 28.296244470749585 ], [ 85.400024301658121, 28.296214757333569 ], [ 85.400050455755306, 28.29614173878646 ], [ 85.400063149176049, 28.296103370295924 ], [ 85.400086021182517, 28.296028089526921 ], [ 85.400098875363753, 28.295980717092622 ], [ 85.400115941405147, 28.295909395211986 ], [ 85.40012694075844, 28.295855367875017 ], [ 85.400138464260451, 28.295786891586729 ], [ 85.400146244228736, 28.295726985026953 ], [ 85.400152319659, 28.295660766111432 ], [ 85.400154807803446, 28.29562471746333 ], [ 85.400158901034004, 28.295536412909222 ], [ 85.400159272569923, 28.295471572768754 ], [ 85.400158264232985, 28.295442663943813 ], [ 85.400152745445865, 28.295372717408188 ], [ 85.400149658673982, 28.295347654128648 ], [ 85.400129071864711, 28.295240691415749 ], [ 85.400123400737755, 28.295219145561397 ], [ 85.400079553264291, 28.295094298778327 ], [ 85.400070256933986, 28.295073326843504 ], [ 85.400011088185394, 28.294962603965637 ], [ 85.399998088880281, 28.294942020925642 ], [ 85.399931853099019, 28.294850547645428 ], [ 85.399914956623704, 28.294830044370936 ], [ 85.399851770694781, 28.294760817036657 ], [ 85.399831949416097, 28.294741167528521 ], [ 85.399787680442088, 28.294700531110543 ], [ 85.399780390547235, 28.294663391450786 ], [ 85.399762121491506, 28.294554003862494 ], [ 85.399751942786807, 28.294469799124968 ], [ 85.399747745168852, 28.294401020635537 ], [ 85.399747607234417, 28.294382856473288 ], [ 85.399748262752439, 28.294362982988471 ], [ 85.39974945029951, 28.29434751973805 ], [ 85.399750850890783, 28.294336224453616 ], [ 85.399752017594025, 28.294329549010794 ], [ 85.399763693449259, 28.29430353956883 ], [ 85.3997836121669, 28.29425519439453 ], [ 85.399793094832944, 28.294229966165055 ], [ 85.399819885390897, 28.294145047202893 ], [ 85.399827797881684, 28.294114225850713 ], [ 85.399843439988487, 28.294038463620566 ], [ 85.399848625416453, 28.294005431679761 ], [ 85.399856375636588, 28.293937043209269 ], [ 85.399858849793745, 28.293901699786673 ], [ 85.399860787688638, 28.293841228927821 ], [ 85.399860566750917, 28.293803379274557 ], [ 85.39985855615123, 28.293751204268183 ], [ 85.399855705830589, 28.293711227300296 ], [ 85.399851328010499, 28.293667093313257 ], [ 85.399845823004227, 28.293623818196931 ], [ 85.399837604927683, 28.29357251219151 ], [ 85.399817672425826, 28.293469457229147 ], [ 85.399803148493831, 28.293407509088858 ], [ 85.399790500310601, 28.293361697265521 ], [ 85.399766356038839, 28.293287991733656 ], [ 85.399748625905374, 28.293241376686591 ], [ 85.399720749921855, 28.293176461579701 ], [ 85.399697764459447, 28.29312857016993 ], [ 85.399668797289209, 28.293073452212692 ], [ 85.399640118550309, 28.293023366878923 ], [ 85.399615452046802, 28.292982881487905 ], [ 85.399588347446837, 28.292940986695292 ], [ 85.399569138865616, 28.292912522169608 ], [ 85.39953691340898, 28.292866701951464 ], [ 85.399517691963894, 28.292840400550766 ], [ 85.399402665225296, 28.292688838377163 ], [ 85.399376084324217, 28.292651783181515 ], [ 85.399345346465623, 28.292604039001866 ], [ 85.399229272398443, 28.292412152091252 ], [ 85.399210823295448, 28.292382965852546 ], [ 85.39917435814337, 28.292327707182679 ], [ 85.399152776061158, 28.292296474616126 ], [ 85.39911846496058, 28.292249011677086 ], [ 85.399085057330524, 28.292205631745528 ], [ 85.399042857020689, 28.292154120646252 ], [ 85.398992149093701, 28.29209718568185 ], [ 85.398950007782958, 28.292053591940544 ], [ 85.398881945088576, 28.291989749962593 ], [ 85.398839069405213, 28.291953263756358 ], [ 85.398750838235244, 28.291886313908613 ], [ 85.398706804221831, 28.291856580991521 ], [ 85.398606967981834, 28.291797078261283 ], [ 85.398572979519912, 28.291779307477356 ], [ 85.398478427265047, 28.291735607330441 ], [ 85.398440957672321, 28.291720441799789 ], [ 85.398351855326908, 28.291688778724218 ], [ 85.398310509440151, 28.291676052258328 ], [ 85.398230934568062, 28.291654735532155 ], [ 85.3981849004645, 28.291644196731305 ], [ 85.398099956284184, 28.291628133089318 ], [ 85.398010619891579, 28.291614732477999 ], [ 85.397948976571342, 28.291607190849529 ], [ 85.397843092836538, 28.29159714079351 ], [ 85.397832486499354, 28.291572181282305 ], [ 85.397811659918219, 28.291526928358351 ], [ 85.397783391267026, 28.291469969554235 ], [ 85.397747833750373, 28.291405427458308 ], [ 85.397718763743484, 28.291357591590753 ], [ 85.397688146143679, 28.29131064573733 ], [ 85.397604343748284, 28.291190627615784 ], [ 85.397584550775974, 28.291163386522662 ], [ 85.397511258406638, 28.291066385297999 ], [ 85.397482885429156, 28.291030729702509 ], [ 85.397412206476133, 28.290946318229096 ], [ 85.397374636169744, 28.290904133225027 ], [ 85.397304921905317, 28.290830475426866 ], [ 85.397263921898812, 28.290789725175106 ], [ 85.397213514202249, 28.290742575529126 ], [ 85.397179698781869, 28.290712401822699 ], [ 85.397121339539382, 28.290662723869389 ], [ 85.397095039039058, 28.290641111351238 ], [ 85.397030406705184, 28.290589844428265 ], [ 85.397015256159833, 28.290578063898977 ], [ 85.396904104838001, 28.290493345792395 ], [ 85.396889746968853, 28.290482604845305 ], [ 85.3968459441504, 28.290450444550185 ], [ 85.396816277929162, 28.290429476283972 ], [ 85.396769264814125, 28.290397497578223 ], [ 85.396728445433084, 28.290371129928062 ], [ 85.396622378530836, 28.290306118629353 ], [ 85.396582010882838, 28.290282609120027 ], [ 85.396476658288165, 28.290224372108632 ], [ 85.396457557243124, 28.290214069530951 ], [ 85.396209818407911, 28.290083721743407 ], [ 85.396164880964719, 28.290058532142552 ], [ 85.396131762129585, 28.290038736312876 ], [ 85.396102432478727, 28.290019729724474 ], [ 85.396083467056187, 28.290006186926057 ], [ 85.396071457461417, 28.289996654666712 ], [ 85.396058804850256, 28.289985406519502 ], [ 85.396001363322895, 28.28992964298428 ], [ 85.395957883124936, 28.289884131350725 ], [ 85.39592778503669, 28.289849460925119 ], [ 85.395905466808927, 28.289820595498373 ], [ 85.395884627592835, 28.289790329533364 ], [ 85.395862182814554, 28.28975425925665 ], [ 85.395840851717281, 28.28971620483831 ], [ 85.395829127897144, 28.289692846529206 ], [ 85.395796345122221, 28.289575338784985 ], [ 85.395789072414487, 28.289550762144074 ], [ 85.395772809344422, 28.289498799428682 ], [ 85.395754648820756, 28.289446900245711 ], [ 85.395736179080046, 28.289399243577737 ], [ 85.395705206483058, 28.289329027890762 ], [ 85.395684795302756, 28.289287912254384 ], [ 85.395649717858376, 28.289224175984664 ], [ 85.395629142899566, 28.28919024498656 ], [ 85.395600407417945, 28.289145916205864 ], [ 85.395576725505975, 28.289111668017686 ], [ 85.395548177593653, 28.289072674275616 ], [ 85.395521158273866, 28.289037771360885 ], [ 85.395494031867955, 28.289004387706928 ], [ 85.39546318809245, 28.288968198007716 ], [ 85.395431234520018, 28.288932607423121 ], [ 85.395367479889472, 28.288865156594213 ], [ 85.395344138065894, 28.288841320662755 ], [ 85.395206142137752, 28.288705281970611 ], [ 85.395059723947, 28.288555232279009 ], [ 85.395049851431892, 28.288545263878884 ], [ 85.394960709466474, 28.288456578384118 ], [ 85.39494227274507, 28.288438723752737 ], [ 85.394856575882216, 28.28835793400814 ], [ 85.394830435960031, 28.288334180891518 ], [ 85.394750831356731, 28.28826445509284 ], [ 85.394716613053291, 28.288235836757298 ], [ 85.394635272986463, 28.288170888156639 ], [ 85.394632575786972, 28.288168852545823 ], [ 85.394656233143863, 28.288140633399593 ], [ 85.394675256392489, 28.288115952691793 ], [ 85.394723052436149, 28.288047258826595 ], [ 85.394734878408102, 28.288039895771554 ], [ 85.394961025363429, 28.287909621307108 ], [ 85.395027862540388, 28.287867639919305 ], [ 85.39504754400275, 28.287854193031002 ], [ 85.395131173553835, 28.287790368309476 ], [ 85.39514348489179, 28.287779891536609 ], [ 85.395308982748901, 28.287596793555469 ], [ 85.395314403292915, 28.287588870171255 ], [ 85.395447683807859, 28.287271258821885 ], [ 85.395439249323161, 28.286932525786593 ], [ 85.395437904334173, 28.286926964146993 ], [ 85.395333426101459, 28.286679573546557 ], [ 85.395152508129456, 28.286469553953882 ], [ 85.394910647726689, 28.286314894826088 ], [ 85.394904383976851, 28.286312017146578 ], [ 85.394556692146722, 28.286217043299303 ], [ 85.394545896115488, 28.286215892039344 ], [ 85.394329578733547, 28.286213290250362 ], [ 85.394294511978458, 28.286216176533838 ], [ 85.394179717647674, 28.286231501511207 ], [ 85.394127023480024, 28.286241280389426 ], [ 85.394071661922197, 28.286252991436488 ], [ 85.394002382141963, 28.286269469372893 ], [ 85.393968275602617, 28.286278147617708 ], [ 85.393880820737749, 28.286301866340672 ], [ 85.393856224508227, 28.286308839962885 ], [ 85.393757504696126, 28.286338054969093 ], [ 85.393736915745492, 28.286344365351791 ], [ 85.393634163941414, 28.286376950588046 ], [ 85.393612699316193, 28.286383999270154 ], [ 85.393519562675849, 28.286415641609022 ], [ 85.393474640577352, 28.286432000695186 ], [ 85.393405278248352, 28.286458987808917 ], [ 85.393369384652047, 28.28647369493174 ], [ 85.393240217732227, 28.286529338278495 ], [ 85.393220619274317, 28.286536778066235 ], [ 85.393158163679558, 28.28655745611314 ], [ 85.393089234796065, 28.286578361283773 ], [ 85.39302416489258, 28.286596217627789 ], [ 85.392963297817701, 28.286611089755002 ], [ 85.392907009402919, 28.286623071441436 ], [ 85.392855572863823, 28.286632320776658 ], [ 85.392809276014091, 28.286639035280487 ], [ 85.39276837274528, 28.286643464778983 ], [ 85.392733190874495, 28.286645905995211 ], [ 85.39270377609904, 28.286646730938447 ], [ 85.392680237290662, 28.286646354778139 ], [ 85.392662574528458, 28.286645240588417 ], [ 85.392650622863258, 28.286643882892431 ], [ 85.392644639032596, 28.286642877923622 ], [ 85.392644074431274, 28.286642672638578 ], [ 85.392632257304015, 28.286637483267764 ], [ 85.392608873845404, 28.286625551483862 ], [ 85.392574158438279, 28.286605534871523 ], [ 85.392529553660424, 28.286577114224837 ], [ 85.392473191840693, 28.286538150475469 ], [ 85.392403662751235, 28.286486833028061 ], [ 85.392315447423925, 28.286418459326956 ], [ 85.392249338691911, 28.2863645884837 ], [ 85.392204105498038, 28.28632467067446 ], [ 85.392199965282259, 28.286320629560628 ], [ 85.392192961608842, 28.286313050795602 ], [ 85.392181175853665, 28.286299026512594 ], [ 85.392167633268102, 28.286281464069454 ], [ 85.39211631005908, 28.286207746670097 ], [ 85.391987465421778, 28.286006372113459 ], [ 85.391976921483192, 28.285990281735305 ], [ 85.391917370310892, 28.285901524949868 ], [ 85.391892896176785, 28.285866860890835 ], [ 85.391826625308511, 28.285777563760568 ], [ 85.391787373174182, 28.285728336810823 ], [ 85.391722796605023, 28.285652832560451 ], [ 85.391697935176012, 28.285624923593485 ], [ 85.391576739072889, 28.285494248054679 ], [ 85.391556320504009, 28.28547291498684 ], [ 85.391508444880714, 28.285424438343764 ], [ 85.391491550338984, 28.285372064855896 ], [ 85.391472823812094, 28.285320030152917 ], [ 85.39144313893506, 28.285245430435122 ], [ 85.391422408948472, 28.285197696429908 ], [ 85.391386996005309, 28.285122579784325 ], [ 85.391364334709223, 28.285077955309209 ], [ 85.391323723189032, 28.2850034524756 ], [ 85.391317009466022, 28.284991367137302 ], [ 85.391241176174631, 28.284857394609251 ], [ 85.391218880552202, 28.284820198432019 ], [ 85.391194674194693, 28.284781994938584 ], [ 85.391166019217451, 28.284739540715304 ], [ 85.391143241914733, 28.284707803277168 ], [ 85.391098486214148, 28.284650460778558 ], [ 85.391074034683939, 28.284621584367592 ], [ 85.39100353710262, 28.284547057654532 ], [ 85.390979385272871, 28.28452415385917 ], [ 85.390873591701506, 28.284437101525111 ], [ 85.390849440064116, 28.284419883427077 ], [ 85.390694959509091, 28.284328938955287 ], [ 85.390670649579405, 28.284317300891264 ], [ 85.390466837305624, 28.284243648793669 ], [ 85.390446379144677, 28.28423845297095 ], [ 85.390238685655817, 28.284205802777244 ], [ 85.390216225701352, 28.284204366580894 ], [ 85.390036067428056, 28.284206978488381 ], [ 85.390011355169847, 28.284209280912311 ], [ 85.389870546079322, 28.284231326580262 ], [ 85.389843078201721, 28.284237412229704 ], [ 85.389715084399711, 28.284273860669391 ], [ 85.389692215215192, 28.284281881493595 ], [ 85.389660707406279, 28.2842612429939 ], [ 85.389589669896253, 28.284218685315874 ], [ 85.389556976383915, 28.284200826572349 ], [ 85.389476552379747, 28.284161216516118 ], [ 85.389384371736682, 28.284120526092011 ], [ 85.389315769603144, 28.284092996095687 ], [ 85.389213938512512, 28.284056082388783 ], [ 85.389128636466054, 28.2840290128749 ], [ 85.389091122631726, 28.284018749412198 ], [ 85.388996145832778, 28.283997134712436 ], [ 85.388953137270832, 28.283989277420613 ], [ 85.388865108368535, 28.283976764035145 ], [ 85.388831980152148, 28.283959303138577 ], [ 85.388721538994346, 28.283908894654171 ], [ 85.388665297085097, 28.283886954743597 ], [ 85.388557150634426, 28.2838510945191 ], [ 85.388495611729354, 28.283834139685048 ], [ 85.388396778073798, 28.283811644887095 ], [ 85.388328707608295, 28.283799330235059 ], [ 85.388252265238037, 28.283788161010101 ], [ 85.388191720933236, 28.283781395206642 ], [ 85.388136362157738, 28.283776562987203 ], [ 85.388067680994723, 28.283772238901228 ], [ 85.388017796005428, 28.283770183781257 ], [ 85.387802274060263, 28.283765983404045 ], [ 85.387761533775731, 28.283764232803076 ], [ 85.387751055298736, 28.283763254703025 ], [ 85.387728705358853, 28.283759573994381 ], [ 85.387635218810672, 28.283742797980974 ], [ 85.387602899744905, 28.283737477039857 ], [ 85.387453011506452, 28.283715006794747 ], [ 85.387429048906995, 28.283660354801544 ], [ 85.387413201050151, 28.283628045194614 ], [ 85.387367100893513, 28.28354578855728 ], [ 85.387349651642126, 28.283518266715962 ], [ 85.387294448230463, 28.28344071005121 ], [ 85.387262275767284, 28.283400225988142 ], [ 85.387214571404684, 28.283344865887308 ], [ 85.387176280236616, 28.283303815879844 ], [ 85.387131901709012, 28.283259306727633 ], [ 85.387087100914783, 28.283217247538584 ], [ 85.387048180620894, 28.283182635227369 ], [ 85.386995301050163, 28.283138087176834 ], [ 85.386940903976679, 28.283095426166607 ], [ 85.386909220323986, 28.283072309074925 ], [ 85.386837791816873, 28.283024691878904 ], [ 85.386800851708998, 28.283002243691058 ], [ 85.38674126652964, 28.282968661957444 ], [ 85.386697325307011, 28.282945751086736 ], [ 85.386666705932896, 28.282930409946964 ], [ 85.386621808727682, 28.28290881216877 ], [ 85.386592786219879, 28.282880116814368 ], [ 85.386549397144847, 28.282839792845181 ], [ 85.386504199151716, 28.282800302693929 ], [ 85.38643014511635, 28.282741626249219 ], [ 85.386399514099509, 28.282719639671566 ], [ 85.386337860967942, 28.282678705716279 ], [ 85.386301759459514, 28.282656573253174 ], [ 85.386242314740926, 28.282622766534306 ], [ 85.386229814948223, 28.282616188016362 ], [ 85.386199703592595, 28.28256803503518 ], [ 85.386172869185003, 28.282527635199383 ], [ 85.386147419687191, 28.282491501838923 ], [ 85.386115105201625, 28.282448421985325 ], [ 85.386090529705754, 28.282417612827224 ], [ 85.386050813086499, 28.282371088475692 ], [ 85.386014627359145, 28.282331432125421 ], [ 85.38597783058853, 28.282293322277759 ], [ 85.385935793275195, 28.282252157272303 ], [ 85.385904038104584, 28.282222443417528 ], [ 85.385851769578125, 28.282175703692914 ], [ 85.385834926756829, 28.282160988005224 ], [ 85.385690430159457, 28.282037638582693 ], [ 85.385681075772098, 28.282028699181531 ], [ 85.385680123802842, 28.28202766901309 ], [ 85.385658381181059, 28.282000687442512 ], [ 85.385551655901097, 28.281857970928897 ], [ 85.385535729689764, 28.281837302273189 ], [ 85.38537198949021, 28.28163100489871 ], [ 85.385365140732972, 28.281622481368302 ], [ 85.385214593433219, 28.281437403096561 ], [ 85.385206323279562, 28.281427382030653 ], [ 85.385063200281422, 28.281256437799787 ], [ 85.385053582528627, 28.281245136847332 ], [ 85.384915722357448, 28.281085763304535 ], [ 85.384904735911974, 28.281073290332284 ], [ 85.384769447137217, 28.280922441330993 ], [ 85.384757056748057, 28.280908896547363 ], [ 85.384624439582495, 28.280766751972649 ], [ 85.384610642223251, 28.280752275496351 ], [ 85.38447991507492, 28.280617998522178 ], [ 85.384464649358975, 28.280602672653647 ], [ 85.384335299160455, 28.280475738280337 ], [ 85.384318370279175, 28.280459528583176 ], [ 85.384188154820023, 28.280337865234319 ], [ 85.384169457612089, 28.280320849880031 ], [ 85.384039882932086, 28.280205992462662 ], [ 85.38401944077475, 28.280188372348317 ], [ 85.383890217104195, 28.280080064735213 ], [ 85.383867947644319, 28.280061946820624 ], [ 85.383738859513272, 28.27996000866953 ], [ 85.383714672900595, 28.279941503525613 ], [ 85.383585472372999, 28.279845744181667 ], [ 85.383559303006962, 28.279826990282192 ], [ 85.383429885157867, 28.279737335398814 ], [ 85.383401697849351, 28.279718496125014 ], [ 85.38327192146825, 28.279634843850779 ], [ 85.3832416259458, 28.2796160507955 ], [ 85.383111372775758, 28.27953833203977 ], [ 85.383060460521534, 28.279509853159361 ], [ 85.382986163277948, 28.279470963200588 ], [ 85.382923298923799, 28.27944064273311 ], [ 85.382837323422336, 28.279402578284994 ], [ 85.382791252889291, 28.279383438601464 ], [ 85.382702744939991, 28.279349028061645 ], [ 85.382680988221864, 28.279340834525815 ], [ 85.382462292765084, 28.27926111216005 ], [ 85.382430457595376, 28.279248226918284 ], [ 85.382420323080879, 28.279243667161268 ], [ 85.38238657185147, 28.279209916043179 ], [ 85.382317019729385, 28.279146856847674 ], [ 85.38226895343233, 28.27910733680601 ], [ 85.382185340838589, 28.279045614283582 ], [ 85.382131530617499, 28.279010026005885 ], [ 85.382047100459744, 28.278959795362276 ], [ 85.381986984130677, 28.278927763956972 ], [ 85.381907209965689, 28.278889433612747 ], [ 85.381839619572645, 28.278860327922523 ], [ 85.381775389866007, 28.278835054926969 ], [ 85.381713650948342, 28.278812985754421 ], [ 85.381665453606843, 28.278796997639073 ], [ 85.381594844948111, 28.278775358492137 ], [ 85.381549967872743, 28.278762625715636 ], [ 85.381318737802999, 28.278702199683444 ], [ 85.381269681271448, 28.278688031053022 ], [ 85.381245887873035, 28.278679704585805 ], [ 85.381159202636951, 28.278635067589715 ], [ 85.381063209501789, 28.278582296142662 ], [ 85.380969009262529, 28.278527121156014 ], [ 85.380874606170366, 28.27846828508553 ], [ 85.380736978092258, 28.278378226182856 ], [ 85.380646941094227, 28.278315295401928 ], [ 85.380580818776878, 28.27826459171629 ], [ 85.380534039441883, 28.278224420489412 ], [ 85.380526786143051, 28.278216429548102 ], [ 85.380412045238813, 28.278075639491522 ], [ 85.38039698121483, 28.278057631116756 ], [ 85.380350766958657, 28.278003794485542 ], [ 85.380317493209361, 28.277967062825475 ], [ 85.380272366827754, 28.277919826366247 ], [ 85.380223805216673, 28.277872501410716 ], [ 85.3801801430062, 28.277832867740145 ], [ 85.380125581924005, 28.277786871094044 ], [ 85.380101141343459, 28.277767740777829 ], [ 85.380052361982308, 28.277731889552342 ], [ 85.380025543593774, 28.277713395255244 ], [ 85.379957200917616, 28.277670149591344 ], [ 85.379895041889824, 28.277634147370062 ], [ 85.379846926439072, 28.27760858686295 ], [ 85.379640560220537, 28.277382731960508 ], [ 85.379640623798778, 28.277382007020293 ], [ 85.379648498081266, 28.277310151362563 ], [ 85.37968428685727, 28.277066761267342 ], [ 85.379687594440142, 28.277041488649218 ], [ 85.37970091626147, 28.276925409213771 ], [ 85.379704294820854, 28.276888422717537 ], [ 85.379708402008333, 28.27682802427103 ], [ 85.379709984290514, 28.276794169143166 ], [ 85.379711421136619, 28.276737837237597 ], [ 85.379711475723283, 28.276699358203693 ], [ 85.379710267198092, 28.276646049853895 ], [ 85.379708165389786, 28.276603479507461 ], [ 85.379704297094165, 28.276552664779384 ], [ 85.379700938413237, 28.276518330834708 ], [ 85.37968877816671, 28.27641665250874 ], [ 85.379682743046004, 28.276375327057337 ], [ 85.379669157343969, 28.276296633656774 ], [ 85.379656630587192, 28.276237394862459 ], [ 85.379639289588809, 28.276168244091327 ], [ 85.379616747603563, 28.276093611423551 ], [ 85.3795951600829, 28.276032715008579 ], [ 85.379585323099931, 28.276010259257372 ], [ 85.379612917763893, 28.275970873329115 ], [ 85.379650886483077, 28.275911827908281 ], [ 85.379684488028232, 28.275854670937285 ], [ 85.379730854890994, 28.275763885794436 ], [ 85.379754237650317, 28.275710420613887 ], [ 85.379782710085308, 28.275635797198081 ], [ 85.379797925276321, 28.275589320595273 ], [ 85.379809317854722, 28.275551465648583 ], [ 85.37982289304712, 28.275502072585258 ], [ 85.379831532211597, 28.275467739714973 ], [ 85.379843589098712, 28.275415001146428 ], [ 85.379849946000078, 28.2753845096492 ], [ 85.379860671345824, 28.275327603815313 ], [ 85.379866565001436, 28.275291966311137 ], [ 85.379883715902764, 28.275171537095158 ], [ 85.37988720226825, 28.275143543129612 ], [ 85.379909012910815, 28.274939185867925 ], [ 85.379912054831934, 28.274902876561676 ], [ 85.37991719766751, 28.274818419974395 ], [ 85.379918675360429, 28.274769372825709 ], [ 85.379918586900487, 28.274619155568629 ], [ 85.379918684951718, 28.274615970569474 ], [ 85.379943693465947, 28.274557733825834 ], [ 85.379963035580872, 28.274508447672652 ], [ 85.379982744616726, 28.274453115823533 ], [ 85.380006072301683, 28.274375836105389 ], [ 85.380015974859162, 28.27433603446816 ], [ 85.380029153477494, 28.274272227818308 ], [ 85.380036125182428, 28.274229932124229 ], [ 85.380043511861132, 28.274172137057128 ], [ 85.380047630827747, 28.274126901499812 ], [ 85.380050624538967, 28.274076364617461 ], [ 85.380051974797979, 28.274027284993462 ], [ 85.380051675111019, 28.273974304989434 ], [ 85.380051364451617, 28.273966304311489 ], [ 85.380423474682885, 28.273056121466546 ], [ 85.380484284469091, 28.2727412508338 ], [ 85.380481455052703, 28.272449706972903 ], [ 85.380530516380816, 28.272384415272978 ], [ 85.380544074774789, 28.272363238360754 ], [ 85.380615340980142, 28.272226421289826 ], [ 85.380624102554393, 28.272205072884194 ], [ 85.380666006783855, 28.272072008256757 ], [ 85.380671285856621, 28.272048380378234 ], [ 85.380688682435476, 28.27192945517746 ], [ 85.380690520481409, 28.271903367822219 ], [ 85.380690842287095, 28.271862511592914 ], [ 85.380698156021779, 28.271856855996507 ], [ 85.380719801940117, 28.271838464366905 ], [ 85.380793400495676, 28.271768960431082 ], [ 85.380811791150833, 28.271749643047151 ], [ 85.380828377464383, 28.271731760717291 ], [ 85.380875536435269, 28.271679566235491 ], [ 85.380914581676549, 28.271633401422793 ], [ 85.380934822669303, 28.271607803837714 ], [ 85.381006621113443, 28.271502358641722 ], [ 85.381021996114669, 28.271475839682868 ], [ 85.381098091527335, 28.271302716077702 ], [ 85.381105855573054, 28.271277684465989 ], [ 85.381139878454718, 28.271100127511598 ], [ 85.381141499420821, 28.271079084317396 ], [ 85.381142105893659, 28.270964744163685 ], [ 85.381140500969664, 28.270940566282185 ], [ 85.381130019970016, 28.270854098215125 ], [ 85.381125195350094, 28.270826781207074 ], [ 85.381110932791984, 28.270761761307433 ], [ 85.381102806011029, 28.270730826775349 ], [ 85.381077046552392, 28.270650017131874 ], [ 85.38106872424909, 28.270627902159575 ], [ 85.381022396407872, 28.270525959975039 ], [ 85.381010668545954, 28.270504100655668 ], [ 85.380956726962751, 28.270416430683802 ], [ 85.380941494481263, 28.270394637218256 ], [ 85.380885850877078, 28.270322987614936 ], [ 85.380866867386359, 28.270300903301198 ], [ 85.380797718759936, 28.270228663101353 ], [ 85.380754328480961, 28.270187879494838 ], [ 85.380701645166653, 28.270141832475471 ], [ 85.380700515198754, 28.270140914150133 ], [ 85.380689409958819, 28.270113926994998 ], [ 85.380659207372929, 28.270048596531748 ], [ 85.380639354979323, 28.270010030470537 ], [ 85.380607515636854, 28.269953508158284 ], [ 85.380566753098137, 28.269887073375781 ], [ 85.380529083275803, 28.269830663688982 ], [ 85.380510748148808, 28.269805352477007 ], [ 85.380471814728594, 28.269755387395765 ], [ 85.380453886755831, 28.269733959020282 ], [ 85.38039867961858, 28.269673589173003 ], [ 85.380380620737697, 28.269655493049118 ], [ 85.380302049163603, 28.269584970519173 ], [ 85.38028407284304, 28.269570516022686 ], [ 85.380174088234213, 28.269493603309201 ], [ 85.380156129097031, 28.269482731901267 ], [ 85.380123840532136, 28.269466555833866 ], [ 85.380108091048569, 28.269444510672479 ], [ 85.38008561537616, 28.269414400662754 ], [ 85.380055715283746, 28.269376034856844 ], [ 85.380027825023745, 28.269341974490434 ], [ 85.379972770761825, 28.269277936753344 ], [ 85.379942200039878, 28.26924409547598 ], [ 85.379876546045139, 28.269174891568177 ], [ 85.379854274135312, 28.269152194226486 ], [ 85.379787168018439, 28.26908606409766 ], [ 85.379776578734564, 28.269075789148275 ], [ 85.379618119620687, 28.268924394313416 ], [ 85.37957055477618, 28.268875841624627 ], [ 85.379223047651891, 28.26799687180436 ], [ 85.379158458106218, 28.267867189379565 ], [ 85.378511014076665, 28.266802575097977 ], [ 85.37906943237158, 28.266264667234775 ], [ 85.379157237403362, 28.26614696099838 ], [ 85.37921689800099, 28.266124745009595 ], [ 85.379234749552836, 28.266116684534037 ], [ 85.379329617623981, 28.266067986077481 ], [ 85.379345962416252, 28.266058520578717 ], [ 85.379409035136078, 28.266018889750562 ], [ 85.379458359539043, 28.265985335294204 ], [ 85.379563768466923, 28.265902779546259 ], [ 85.379578438814917, 28.265889583101021 ], [ 85.379677652096646, 28.265785722594394 ], [ 85.379688158231374, 28.265772872942396 ], [ 85.379790125918845, 28.265617709603799 ], [ 85.3797980436606, 28.265602315798649 ], [ 85.379859518101767, 28.265446289057916 ], [ 85.379864647208706, 28.265428044590472 ], [ 85.379889998953274, 28.265297794547656 ], [ 85.379892317963325, 28.265276771366725 ], [ 85.379896962224635, 28.265172004877822 ], [ 85.379896456939832, 28.265148333678134 ], [ 85.37989016560779, 28.265063841822606 ], [ 85.379886785657419, 28.265037416415122 ], [ 85.379874861237809, 28.2649682755209 ], [ 85.379868648195881, 28.264939717314249 ], [ 85.379853628688934, 28.264881221638166 ], [ 85.379844685568912, 28.264851066129751 ], [ 85.379827109793311, 28.264798385051304 ], [ 85.379815883484525, 28.264768154632705 ], [ 85.379776201705809, 28.264677929256845 ], [ 85.379765080636759, 28.264656173602486 ], [ 85.379694230574017, 28.26454075969863 ], [ 85.37967900944227, 28.264519766754137 ], [ 85.379600404257999, 28.264425446705172 ], [ 85.379580947375302, 28.264405022623471 ], [ 85.379503776673246, 28.264332542121306 ], [ 85.379479747898827, 28.264312334546226 ], [ 85.379392289953302, 28.264246662398168 ], [ 85.379341297317396, 28.264212546095145 ], [ 85.379282090352731, 28.264175780978011 ], [ 85.379153536207752, 28.26410183543473 ], [ 85.379095980507671, 28.264068058946123 ], [ 85.37901786245429, 28.264026540999119 ], [ 85.378951141754513, 28.26399458172488 ], [ 85.378875033645045, 28.263961668643258 ], [ 85.378802423857991, 28.26393351382827 ], [ 85.378731718683923, 28.263908836325172 ], [ 85.378652011888988, 28.263884014959508 ], [ 85.378593182387064, 28.263867449507831 ], [ 85.378515547229128, 28.263847860041306 ], [ 85.378483049735436, 28.2638403857075 ], [ 85.378376711022682, 28.26379158109313 ], [ 85.377387380681029, 28.263518147908176 ], [ 85.377266325857306, 28.263446513362279 ], [ 85.377233431000874, 28.263430047433715 ], [ 85.377077182094396, 28.263366579945771 ], [ 85.377036408437547, 28.263353578012126 ], [ 85.376902163313872, 28.263319762957195 ], [ 85.376854717142294, 28.26331086837007 ], [ 85.37675962980434, 28.263297163141868 ], [ 85.37671167408962, 28.263292297501643 ], [ 85.376668385828054, 28.263288731750542 ], [ 85.376662152846322, 28.26328833685573 ], [ 85.376506053056247, 28.263204875209322 ], [ 85.376456648883021, 28.263180096162262 ], [ 85.376368078433899, 28.263138514446009 ], [ 85.376305899523857, 28.263111675300166 ], [ 85.376264415963064, 28.263095287572821 ], [ 85.376211217167253, 28.263075847168572 ], [ 85.376171543762979, 28.263062497061348 ], [ 85.376109971002236, 28.263043747766549 ], [ 85.376071539767409, 28.26303324803013 ], [ 85.376002295559985, 28.263016668793224 ], [ 85.375964785726524, 28.263008930780217 ], [ 85.375877091946577, 28.262994390033089 ], [ 85.375827594586056, 28.262988153825628 ], [ 85.375739825432362, 28.262980508049043 ], [ 85.375683745055625, 28.262977784550429 ], [ 85.375635006823288, 28.262977085072038 ], [ 85.375596690142558, 28.262934170530389 ], [ 85.375568773859584, 28.262904814425873 ], [ 85.375527771711091, 28.262864246909952 ], [ 85.375462258977862, 28.26280323643676 ], [ 85.375432474380162, 28.26277662730228 ], [ 85.375276217143892, 28.262642706805376 ], [ 85.375231871066276, 28.262602668011368 ], [ 85.375218971969886, 28.262589630256162 ], [ 85.375175074514075, 28.262505374506262 ], [ 85.374556426081838, 28.26106771474063 ], [ 85.374418842132329, 28.260846933518813 ], [ 85.373852839539154, 28.260179936761531 ], [ 85.373646581222047, 28.259998125705042 ], [ 85.373390696572855, 28.259875343463637 ], [ 85.373327022410294, 28.259854548989132 ], [ 85.373312559772899, 28.259829691086583 ], [ 85.373288446149985, 28.259794407116054 ], [ 85.373213634623255, 28.259699313810163 ], [ 85.373180701847687, 28.25966271006493 ], [ 85.373118032637066, 28.259599361633018 ], [ 85.373076858250144, 28.259561464832796 ], [ 85.373036661403759, 28.259526459336456 ], [ 85.372970981101915, 28.259472343503578 ], [ 85.372934061055432, 28.259443368290018 ], [ 85.372902763469526, 28.2594199784061 ], [ 85.37283506844679, 28.259373554656889 ], [ 85.372800636323575, 28.259351927896638 ], [ 85.372734150532864, 28.25931352433788 ], [ 85.372696259796513, 28.259293455580497 ], [ 85.37263398267045, 28.259263031314315 ], [ 85.372591994306745, 28.259244179923854 ], [ 85.372539963855729, 28.259222432120875 ], [ 85.372499155752394, 28.259206606380577 ], [ 85.372458064070585, 28.259191607544388 ], [ 85.372411718023443, 28.259175728448927 ], [ 85.37237193092686, 28.259162931146427 ], [ 85.372218598331969, 28.259116780776363 ], [ 85.372218518936208, 28.259116719995212 ], [ 85.372179280313347, 28.259083454669383 ], [ 85.372013619427776, 28.258936312343742 ], [ 85.371985001317455, 28.258911866227276 ], [ 85.371931576196545, 28.258867978587045 ], [ 85.371899070126858, 28.258842396277096 ], [ 85.371849650902178, 28.258805143635641 ], [ 85.371796529915159, 28.258767728910769 ], [ 85.371753346519085, 28.258739339923384 ], [ 85.371692308135906, 28.258702181431151 ], [ 85.371641785445448, 28.258673761805564 ], [ 85.371595567204182, 28.258649256943212 ], [ 85.371541005290737, 28.258622036389507 ], [ 85.371518721569203, 28.258611240973746 ], [ 85.371465944089465, 28.258586424149556 ], [ 85.371444243920237, 28.258555836783675 ], [ 85.371420679073765, 28.258527423406836 ], [ 85.371324318059877, 28.258427413159112 ], [ 85.371296023362049, 28.25840204796091 ], [ 85.371190493452872, 28.258319677664613 ], [ 85.371157175392966, 28.258297089996621 ], [ 85.371053362014365, 28.258235273312202 ], [ 85.371014371983691, 28.258215016819335 ], [ 85.370929636664869, 28.25817560805627 ], [ 85.370892802322871, 28.258160386066699 ], [ 85.370829398482826, 28.258136461136495 ], [ 85.370786450905868, 28.258121753753677 ], [ 85.370727863848487, 28.258103487441808 ], [ 85.370694108048923, 28.258093976351716 ], [ 85.370680681806874, 28.258081276478169 ], [ 85.370641341919793, 28.2580465027212 ], [ 85.370556713828577, 28.257979597677021 ], [ 85.370534235711176, 28.257963726424283 ], [ 85.3704404257482, 28.25790483641843 ], [ 85.370418488886216, 28.257892651065951 ], [ 85.370296655603752, 28.25783477796989 ], [ 85.37027481721428, 28.257826037682449 ], [ 85.370126987156397, 28.257778655047506 ], [ 85.370105012160863, 28.257773267670068 ], [ 85.369971101249888, 28.257748863030496 ], [ 85.369943659084356, 28.257745541194055 ], [ 85.369848963572267, 28.25773804125717 ], [ 85.369819299514617, 28.257736922948251 ], [ 85.369734357797611, 28.257736857701619 ], [ 85.369713381754224, 28.257737616152884 ], [ 85.369329207453475, 28.257503817004661 ], [ 85.369228381967275, 28.257398545229126 ], [ 85.36921516838558, 28.257385022877649 ], [ 85.369163447741983, 28.257333141310859 ], [ 85.369136175674953, 28.257306851192819 ], [ 85.369090509575329, 28.257264540597173 ], [ 85.369054277202849, 28.257232613403669 ], [ 85.369010828967177, 28.257196201774338 ], [ 85.368972183770566, 28.257165430913862 ], [ 85.368931068271024, 28.257134334809084 ], [ 85.368897635255706, 28.257110115066336 ], [ 85.368853428917717, 28.257079452242937 ], [ 85.368821774802242, 28.257058361992314 ], [ 85.368774050032272, 28.257027832226875 ], [ 85.368744957144784, 28.257009894797882 ], [ 85.368692860988361, 28.256978951822656 ], [ 85.368659345980291, 28.25695987561398 ], [ 85.368556075530137, 28.256903590626955 ], [ 85.368533211787607, 28.256891491204659 ], [ 85.368467667206332, 28.256857826575736 ], [ 85.368288267486903, 28.256628503331321 ], [ 85.36824623133981, 28.256529843116283 ], [ 85.368237705119327, 28.256490765806266 ], [ 85.368226461658836, 28.256426729022895 ], [ 85.368216065569442, 28.256351720918317 ], [ 85.368206656450425, 28.256263810110656 ], [ 85.368197581496233, 28.256152207808285 ], [ 85.368186257252304, 28.255999840850297 ], [ 85.368184205369687, 28.255937241752484 ], [ 85.368184305017763, 28.255932379139104 ], [ 85.368219807285826, 28.255823183994966 ], [ 85.368236062463751, 28.255766289489674 ], [ 85.368271202563648, 28.255623982600238 ], [ 85.368279362152307, 28.255587315731962 ], [ 85.36830793654164, 28.255443242764006 ], [ 85.368314360992343, 28.255406398319938 ], [ 85.368336156739275, 28.255261626190819 ], [ 85.368340887447417, 28.255224282567038 ], [ 85.368355756909523, 28.255079807675855 ], [ 85.368358766400547, 28.255041621146912 ], [ 85.368366604753746, 28.254898506284921 ], [ 85.368367788907648, 28.254859206665536 ], [ 85.368368567582337, 28.254718192440855 ], [ 85.368367752936521, 28.254677438232783 ], [ 85.368361465977017, 28.2545393196718 ], [ 85.368358398203952, 28.254496845664267 ], [ 85.368345076983559, 28.254362309036047 ], [ 85.368337825773196, 28.254308028843845 ], [ 85.368323775218585, 28.254224597990358 ], [ 85.368312184634846, 28.2541681429589 ], [ 85.368290118145552, 28.254077196994736 ], [ 85.368278430249831, 28.254034187580849 ], [ 85.368247924890923, 28.253932914698517 ], [ 85.368239682621109, 28.253907099023479 ], [ 85.368171517978979, 28.253705118145643 ], [ 85.368151106766916, 28.253640213863616 ], [ 85.3681372908122, 28.253588137130659 ], [ 85.368130404913188, 28.253552816436887 ], [ 85.368126724296559, 28.25352447464018 ], [ 85.368123372395203, 28.253484106448365 ], [ 85.368121400533184, 28.253435827960637 ], [ 85.368121202650499, 28.253381431899992 ], [ 85.368126294715779, 28.25324554207883 ], [ 85.368146645826457, 28.252950299346693 ], [ 85.368147372361207, 28.252938485364748 ], [ 85.368154013693101, 28.252815676716132 ], [ 85.368154987087934, 28.252790076130569 ], [ 85.368157754206806, 28.252664197864927 ], [ 85.368157735526751, 28.252644704966556 ], [ 85.368193870815247, 28.252455393527047 ], [ 85.368192965352989, 28.252149944775599 ], [ 85.368139604799168, 28.251879050732729 ], [ 85.368146089507846, 28.251835397412773 ], [ 85.368150641479403, 28.251791483206613 ], [ 85.368154877813609, 28.251715865431574 ], [ 85.368155215391283, 28.25167656588782 ], [ 85.368152023718793, 28.251598010154009 ], [ 85.368149709325266, 28.251572295759168 ], [ 85.368141129640193, 28.251507056410986 ], [ 85.368136531293075, 28.251480533184317 ], [ 85.368116823352196, 28.251394805310415 ], [ 85.368100564864989, 28.251338261300543 ], [ 85.368070726396041, 28.251252552246214 ], [ 85.368045391936491, 28.251190854914249 ], [ 85.368040913961508, 28.251180863276343 ], [ 85.36811435906418, 28.251032739402302 ], [ 85.368151787891733, 28.250978313934169 ], [ 85.368170262342574, 28.250949175523527 ], [ 85.368213663654217, 28.25087237426828 ], [ 85.368226053764914, 28.250847564660013 ], [ 85.368278169784318, 28.250716902038331 ], [ 85.368284182940613, 28.250697098224162 ], [ 85.368317915767818, 28.250418674232471 ], [ 85.368317067947871, 28.250403336163899 ], [ 85.368191902334246, 28.250012184735006 ], [ 85.368183958605073, 28.24999940985489 ], [ 85.367915535864711, 28.249721412263497 ], [ 85.367900401102887, 28.249711025226425 ], [ 85.367857519706817, 28.249689054000278 ], [ 85.367819363292526, 28.249560880444555 ], [ 85.367811146006119, 28.249540174776293 ], [ 85.367726430610489, 28.249379343280772 ], [ 85.367714868168463, 28.249362064131574 ], [ 85.367597892334288, 28.249220650398311 ], [ 85.367588225471692, 28.249211075000506 ], [ 85.367485385946793, 28.249122608913023 ], [ 85.367473273418938, 28.249113565193547 ], [ 85.367467699788492, 28.249076762898937 ], [ 85.367452364874239, 28.249003388420363 ], [ 85.367438476354863, 28.248947057023702 ], [ 85.367417402397805, 28.248873017438399 ], [ 85.367400270486925, 28.248819775426082 ], [ 85.367373633465732, 28.248745696455206 ], [ 85.367353513121515, 28.248695011962536 ], [ 85.367321573192569, 28.248621613288812 ], [ 85.367298467517315, 28.248572828341942 ], [ 85.367261502927164, 28.248500779323908 ], [ 85.367235236153604, 28.248453323158458 ], [ 85.367193704880364, 28.248383537169499 ], [ 85.367163876046121, 28.248336836239623 ], [ 85.36711826897232, 28.248270140406742 ], [ 85.367084230995459, 28.248223647285133 ], [ 85.367035113426908, 28.248160866916958 ], [ 85.366989992709819, 28.248107517510462 ], [ 85.366967452845131, 28.248082823117041 ], [ 85.366918545099779, 28.248033074962922 ], [ 85.366891171917274, 28.248007204615789 ], [ 85.36684328760505, 28.247964859272628 ], [ 85.366822854705063, 28.247947951926676 ], [ 85.366805767636677, 28.247912159456948 ], [ 85.366786896662987, 28.247874993101384 ], [ 85.366759602788136, 28.247824328578318 ], [ 85.366736233618951, 28.247783631698024 ], [ 85.366686316957924, 28.247701889305773 ], [ 85.366675271890998, 28.247684275025158 ], [ 85.366627910365224, 28.247610691904818 ], [ 85.366614326222532, 28.247590217868947 ], [ 85.36656814779694, 28.247522668498341 ], [ 85.36655186821497, 28.247499644286631 ], [ 85.36650632240854, 28.247437334210414 ], [ 85.366487043155487, 28.247411914752277 ], [ 85.366441431542967, 28.247353926811844 ], [ 85.366418770880301, 28.24732625031594 ], [ 85.36637310980403, 28.247272648782424 ], [ 85.366346755005296, 28.247243019708467 ], [ 85.366300836226728, 28.247193558418253 ], [ 85.366270343311641, 28.247162206734732 ], [ 85.366224030432676, 28.247116740559171 ], [ 85.366181737589628, 28.247077645471993 ], [ 85.366150312858892, 28.247050288881699 ], [ 85.36609975262904, 28.247009146637833 ], [ 85.36606497924609, 28.246982707542369 ], [ 85.366016257078755, 28.246947906680326 ], [ 85.365977769392799, 28.246922102735837 ], [ 85.365932765397929, 28.246893598318866 ], [ 85.365889791637883, 28.246867912189767 ], [ 85.365840202942948, 28.246840078984111 ], [ 85.365758144005, 28.246796903567951 ], [ 85.36572423841956, 28.246779832897165 ], [ 85.36565760260585, 28.246747761645523 ], [ 85.365571452939633, 28.246683425184727 ], [ 85.365563277807723, 28.246671043680507 ], [ 85.365560631964911, 28.24666724765158 ], [ 85.365550559109238, 28.24663109136954 ], [ 85.365536480126664, 28.24658499874317 ], [ 85.365523268358928, 28.246545368409134 ], [ 85.365507110099827, 28.246500693098454 ], [ 85.365491159751613, 28.246459967957588 ], [ 85.36547310043531, 28.246417186803935 ], [ 85.365453920560881, 28.246375020923868 ], [ 85.365434066813705, 28.246334359921693 ], [ 85.36541091810443, 28.246290253411942 ], [ 85.365389398281479, 28.246251983939963 ], [ 85.365361536312747, 28.246205839359579 ], [ 85.365338470615981, 28.246170165914329 ], [ 85.365285017104583, 28.246096108703455 ], [ 85.365258059573847, 28.246062488799438 ], [ 85.365199539187486, 28.245996526423831 ], [ 85.365178824654635, 28.245942246037831 ], [ 85.365156770553881, 28.2458898639944 ], [ 85.365129274812901, 28.245830265683885 ], [ 85.365101233864465, 28.245774882619035 ], [ 85.365069804439045, 28.245718011508149 ], [ 85.36505359060574, 28.245689926915798 ], [ 85.365019438348526, 28.24563323711487 ], [ 85.365002687321066, 28.24560653042505 ], [ 85.364965769523351, 28.24554994922109 ], [ 85.364948661748471, 28.245524690188372 ], [ 85.364908922675241, 28.245468130272418 ], [ 85.364891634112723, 28.245444362064575 ], [ 85.364849029926205, 28.245387757929638 ], [ 85.364831738232894, 28.24536551263429 ], [ 85.36478615010499, 28.245308704016711 ], [ 85.364769031188374, 28.245288001426875 ], [ 85.364720345110854, 28.24523084617023 ], [ 85.364703582301146, 28.245211707160696 ], [ 85.36465163110114, 28.245154007420052 ], [ 85.364628023424501, 28.24512874323133 ], [ 85.364517292164791, 28.245014531773883 ], [ 85.364488845124583, 28.244986403354499 ], [ 85.364362179919382, 28.244866309994102 ], [ 85.364351901365865, 28.244856885449369 ], [ 85.364323057063572, 28.244788251787821 ], [ 85.36417012979274, 28.244546410572301 ], [ 85.363941529187443, 28.244357078926452 ], [ 85.36365882205908, 28.244238118514463 ], [ 85.363559927766005, 28.24421204135804 ], [ 85.363537464734705, 28.244197978267778 ], [ 85.363489450047069, 28.244169688296587 ], [ 85.363402005460173, 28.244121270356974 ], [ 85.363334610242319, 28.244087046689959 ], [ 85.363302547050807, 28.244072173239022 ], [ 85.363231579607898, 28.244042282033199 ], [ 85.363202087807792, 28.244031073689648 ], [ 85.363109770404279, 28.244000578844503 ], [ 85.363069477362444, 28.243989201411193 ], [ 85.363019475052141, 28.243977408960475 ], [ 85.36273172560864, 28.243749879957804 ], [ 85.36250875660312, 28.243615872109647 ], [ 85.362253918695345, 28.243538303998221 ], [ 85.361783431666765, 28.243454512055305 ], [ 85.361744928144731, 28.243429759811573 ], [ 85.361717871341497, 28.24341295266823 ], [ 85.361363198833729, 28.243200150657305 ], [ 85.361186969123253, 28.243084500442475 ], [ 85.360929598191319, 28.242802095784828 ], [ 85.360870519451282, 28.242705422802949 ], [ 85.36062810325167, 28.24244694846756 ], [ 85.36061722589578, 28.242415594754092 ], [ 85.360597521647108, 28.242364330250307 ], [ 85.360566442314635, 28.242290783415342 ], [ 85.360551115381284, 28.242256646922073 ], [ 85.360525361918718, 28.242202523500104 ], [ 85.360518757955433, 28.242204987785826 ], [ 85.360471752391391, 28.24211101702361 ], [ 85.360480402975313, 28.242107983989438 ], [ 85.360463412404286, 28.24206998165192 ], [ 85.360456819657145, 28.242052896280168 ], [ 85.36044637734561, 28.242004977922416 ], [ 85.36043528312679, 28.241941447110111 ], [ 85.360426380726167, 28.24187477808772 ], [ 85.360418475774736, 28.241790616286575 ], [ 85.360410172144654, 28.241702930433309 ], [ 85.360413261136642, 28.241683770028029 ], [ 85.360416543474543, 28.241676028741153 ], [ 85.360437253662553, 28.241622063982856 ], [ 85.360453267825847, 28.241575564717408 ], [ 85.360465430380586, 28.241537239152986 ], [ 85.360479414738919, 28.24148912173548 ], [ 85.360489264362016, 28.241451998252611 ], [ 85.360501180071708, 28.241402403909756 ], [ 85.360508981276297, 28.241366346066687 ], [ 85.360518788199116, 28.241315434059324 ], [ 85.360524738812359, 28.241280407678797 ], [ 85.360532409133981, 28.24122833109795 ], [ 85.36053669990558, 28.241194125029018 ], [ 85.36054219891183, 28.241141088324859 ], [ 85.360544959411484, 28.241107653492222 ], [ 85.360548267658416, 28.241053862200417 ], [ 85.360549610419881, 28.241021037324966 ], [ 85.360550715458189, 28.240966706089811 ], [ 85.360550716302129, 28.240934244888447 ], [ 85.360549605286877, 28.240879480952728 ], [ 85.360548304170266, 28.240847309810135 ], [ 85.360548251764925, 28.240846445045026 ], [ 85.360556779846902, 28.24079354655769 ], [ 85.36052282201922, 28.240403148248447 ], [ 85.36050690628106, 28.240356858221162 ], [ 85.36053381334861, 28.240313177651434 ], [ 85.360566002996237, 28.2402562289004 ], [ 85.360597798047763, 28.240194639664409 ], [ 85.36063397906868, 28.240114662567677 ], [ 85.360657085969436, 28.240055556566332 ], [ 85.360687678137367, 28.239960879681622 ], [ 85.360702563823523, 28.239903046867404 ], [ 85.360722419801803, 28.239797202561803 ], [ 85.360729235689718, 28.239740006696017 ], [ 85.360733642566586, 28.239689453527888 ], [ 85.360738566314879, 28.239600444664301 ], [ 85.360739729302423, 28.23954669928515 ], [ 85.360739105035677, 28.239494684753186 ], [ 85.360731302074214, 28.239392404727205 ], [ 85.360724881655855, 28.239346893542738 ], [ 85.360701491682377, 28.239236993034826 ], [ 85.360695918386057, 28.239217525313347 ], [ 85.360665481376117, 28.239130084289524 ], [ 85.360658273958791, 28.239112584258969 ], [ 85.360589876877185, 28.238980608888873 ], [ 85.360578209001758, 28.238962171821033 ], [ 85.360545868605683, 28.238920613600694 ], [ 85.360525439913246, 28.23884348912112 ], [ 85.360578241078727, 28.238761502938953 ], [ 85.360601301589924, 28.238723624988125 ], [ 85.360622178827754, 28.23868728468964 ], [ 85.360644898894947, 28.238645063822972 ], [ 85.360661686378904, 28.238611665333206 ], [ 85.360683870434528, 28.238563895461343 ], [ 85.360712285892674, 28.238497354273971 ], [ 85.360729489668628, 28.238453722074745 ], [ 85.360755250310831, 28.23838258513403 ], [ 85.360768519612805, 28.238342823470198 ], [ 85.360791884801529, 28.238266390847066 ], [ 85.360801799449092, 28.238231162877089 ], [ 85.360823199230637, 28.23814803545136 ], [ 85.360829849285111, 28.238120183124796 ], [ 85.360846819073217, 28.238043122378709 ], [ 85.360851151060928, 28.238022132879269 ], [ 85.360867873535597, 28.237935316824391 ], [ 85.360870978313145, 28.237918208671154 ], [ 85.360930870288499, 28.237566679707601 ], [ 85.360971244514886, 28.237352134436378 ], [ 85.360972573850717, 28.23734427765676 ], [ 85.361013373880866, 28.237272840379166 ], [ 85.361063890101278, 28.237003593087994 ], [ 85.361072469419938, 28.236412018543859 ], [ 85.361248170994358, 28.236019729582228 ], [ 85.361314715548616, 28.235778459310303 ], [ 85.361308594234231, 28.235630119007553 ], [ 85.361419235712887, 28.235422165525986 ], [ 85.361435382049223, 28.235390226042419 ], [ 85.361464151706826, 28.235330222928912 ], [ 85.361477836426729, 28.235300195199304 ], [ 85.361501856594927, 28.235244636789481 ], [ 85.361517932744562, 28.235204662636527 ], [ 85.361550553741097, 28.235117086650639 ], [ 85.361564371339313, 28.235076865214189 ], [ 85.361595546050864, 28.234977895950351 ], [ 85.361604125805229, 28.234948792367504 ], [ 85.361625624228679, 28.234870554911357 ], [ 85.361723919225739, 28.234665855470784 ], [ 85.361844644672004, 28.234274551944381 ], [ 85.362499572607561, 28.233478356790595 ], [ 85.362646213964879, 28.23322271547142 ], [ 85.362694898589098, 28.232939237262929 ], [ 85.362685889783805, 28.232012236921378 ], [ 85.362659057418369, 28.231814130120107 ], [ 85.362532672431797, 28.231336428131023 ], [ 85.362555171065793, 28.230927411587952 ], [ 85.363171778585581, 28.228607803144929 ], [ 85.363198837756883, 28.228391576896801 ], [ 85.363191977153818, 28.22780994395503 ], [ 85.363226949463197, 28.227808911287067 ], [ 85.363624550725064, 28.227724469691907 ], [ 85.36404955344797, 28.22754846849514 ], [ 85.364265181629051, 28.227427984912978 ], [ 85.3644402867195, 28.227263860488232 ], [ 85.364820285358562, 28.226803858158199 ], [ 85.364981096437234, 28.22650804174986 ], [ 85.365011776478738, 28.226180848970532 ], [ 85.364908265675027, 28.225865589800886 ], [ 85.364820264653105, 28.225710590286205 ], [ 85.364619778597486, 28.22546858451857 ], [ 85.364340765222963, 28.225298207586146 ], [ 85.364014093844702, 28.225218309173115 ], [ 85.363675906023445, 28.225237728869836 ], [ 85.363565906864523, 28.225260728738913 ], [ 85.363310641283334, 28.225354412695747 ], [ 85.363262212030747, 28.224886186154745 ], [ 85.363421047735429, 28.224361857503883 ], [ 85.363454700597103, 28.224085098093759 ], [ 85.363391520624361, 28.223812421040044 ], [ 85.363237520019183, 28.223569771106572 ], [ 85.363226479767505, 28.223557351040096 ], [ 85.363184805910308, 28.223353120961619 ], [ 85.36323900696388, 28.222801202036631 ], [ 85.363224110119447, 28.222550767812233 ], [ 85.363131976002919, 28.222313635236755 ], [ 85.362981955725715, 28.22212361505041 ], [ 85.362993891578071, 28.222098163068523 ], [ 85.363067837543042, 28.221831816155866 ], [ 85.363048031425095, 28.221558095967421 ], [ 85.362936303649718, 28.221302289214176 ], [ 85.362742976237413, 28.221088027287287 ], [ 85.362485909345509, 28.220935103706591 ], [ 85.361865907611573, 28.220677331546383 ], [ 85.361810253334227, 28.220529879628049 ], [ 85.361667928134636, 28.22028519362803 ], [ 85.361448949311566, 28.220089891490634 ], [ 85.361173689851213, 28.219962142980531 ], [ 85.360867758221843, 28.219913832971976 ], [ 85.36055961641577, 28.219949455809445 ], [ 85.360537391012585, 28.219955178334295 ], [ 85.360083160479206, 28.219727145504173 ], [ 85.359053118939499, 28.218630772618184 ], [ 85.35875645203636, 28.218415100169 ], [ 85.358689080389425, 28.218382671405973 ], [ 85.358532982040785, 28.21819385288655 ], [ 85.358351878488563, 28.218034472703977 ], [ 85.358344801800271, 28.218024290559029 ], [ 85.358279265023143, 28.217943880113989 ], [ 85.35813468401156, 28.217527444767541 ], [ 85.358121125839091, 28.21745300452157 ], [ 85.358115427617207, 28.217424612310566 ], [ 85.358098508391706, 28.217347481447145 ], [ 85.358092280179918, 28.217321185414654 ], [ 85.358072047380091, 28.217241670989626 ], [ 85.358065506185085, 28.217217518775051 ], [ 85.358041960608148, 28.217135569354191 ], [ 85.358035316349103, 28.217113605623958 ], [ 85.35800823627109, 28.217028397273317 ], [ 85.358001678330325, 28.217008630437849 ], [ 85.357970840261899, 28.216919454721186 ], [ 85.35796459626097, 28.216902030919591 ], [ 85.357929493017863, 28.216807409776088 ], [ 85.357920119504755, 28.216783297644817 ], [ 85.357871422832432, 28.216663554789925 ], [ 85.357858125739256, 28.2166326463296 ], [ 85.357802949765784, 28.216511133480598 ], [ 85.357789209447787, 28.216482325663915 ], [ 85.357781690755942, 28.216467294134738 ], [ 85.357764667554193, 28.216407826423449 ], [ 85.35774188363385, 28.21632076516352 ], [ 85.357728097010707, 28.216260698517161 ], [ 85.357691329896184, 28.216081675428292 ], [ 85.35768831782066, 28.216067641024647 ], [ 85.357669542720814, 28.215983784093648 ], [ 85.357662165140368, 28.215953556781749 ], [ 85.357638979035869, 28.215865862719504 ], [ 85.357625949806092, 28.215821656034827 ], [ 85.357600887422691, 28.215744652952058 ], [ 85.35758943271577, 28.215711820631771 ], [ 85.357557638901554, 28.215626486101325 ], [ 85.35755045369676, 28.215607884505101 ], [ 85.357520649033475, 28.215533383033858 ], [ 85.357511113266668, 28.215510531428038 ], [ 85.357481636199253, 28.215442721369605 ], [ 85.357469529516607, 28.215416137755859 ], [ 85.357439874641869, 28.215353890336953 ], [ 85.357424752208914, 28.215323701677207 ], [ 85.357394190542877, 28.215265584907982 ], [ 85.357375529617826, 28.215231942587891 ], [ 85.357344140921583, 28.215178203805856 ], [ 85.357321431159406, 28.215141441211788 ], [ 85.357289028742883, 28.215091763202395 ], [ 85.357261649060064, 28.215052173131081 ], [ 85.357228113500625, 28.215006370348927 ], [ 85.357195012713362, 28.214963875641388 ], [ 85.357149355593748, 28.214908706460459 ], [ 85.357113903758631, 28.214868321235077 ], [ 85.357063474892769, 28.214814118140669 ], [ 85.3570273895388, 28.214777396994336 ], [ 85.356972487648662, 28.214724480342767 ], [ 85.356935811270475, 28.214690916671948 ], [ 85.356876826945381, 28.21463966207299 ], [ 85.356840625157048, 28.214609748353183 ], [ 85.356832725985555, 28.214517178518186 ], [ 85.356755914700727, 28.214215956099164 ], [ 85.356849027111295, 28.213501492040432 ], [ 85.356828928590673, 28.213192302758909 ], [ 85.356700089791161, 28.212704808626462 ], [ 85.356786279391471, 28.212601143641862 ], [ 85.356941632181318, 28.2123257217565 ], [ 85.356983414963409, 28.212020067164627 ], [ 85.356906765080367, 28.21171975976328 ], [ 85.356720605761865, 28.211459756972253 ], [ 85.356573175268608, 28.211315761370958 ], [ 85.356584874193032, 28.211241528387593 ], [ 85.356590922641516, 28.21119397034149 ], [ 85.356595865110279, 28.211142988207367 ], [ 85.356599465695354, 28.211051075153474 ], [ 85.356598589987186, 28.211003466136361 ], [ 85.35658564684185, 28.210874032536786 ], [ 85.356578024210748, 28.210832299830127 ], [ 85.356549398295698, 28.210720876172097 ], [ 85.35653828409859, 28.210687534428743 ], [ 85.356468698795013, 28.210532962659482 ], [ 85.356459607123597, 28.210517177984428 ], [ 85.35633704144071, 28.210352011540746 ], [ 85.356324517693764, 28.210338604304912 ], [ 85.356222698628628, 28.210250714203745 ], [ 85.356221787548122, 28.21021969559823 ], [ 85.35631849929409, 28.20915992737374 ], [ 85.356556819190047, 28.208711096318041 ], [ 85.356630794490357, 28.208517292300169 ], [ 85.356771789423291, 28.207938291081458 ], [ 85.356790498544143, 28.207829826017182 ], [ 85.356945484546074, 28.206321824287777 ], [ 85.356934504308455, 28.206183331591777 ], [ 85.356969027296756, 28.206005846874515 ], [ 85.356971512961053, 28.205843428376514 ], [ 85.356925929381333, 28.205564000030368 ], [ 85.356923783230116, 28.205560140091013 ], [ 85.356897855669686, 28.205401207007114 ], [ 85.356875202927327, 28.205360466388793 ], [ 85.3568685411866, 28.205319630294358 ], [ 85.356859146368166, 28.205302733830589 ], [ 85.356877153227884, 28.205192235064256 ], [ 85.356820011504595, 28.204908986754813 ], [ 85.356665129690811, 28.204656070723853 ], [ 85.356585867502332, 28.204565067568314 ], [ 85.35651639780103, 28.204493400927895 ], [ 85.356496506577869, 28.20447493146656 ], [ 85.356487422475283, 28.204466495730365 ], [ 85.356467318223551, 28.204447827683762 ], [ 85.356440793833173, 28.204408618231206 ], [ 85.356401218110577, 28.204338600781448 ], [ 85.356385721392442, 28.204312275076632 ], [ 85.3563761947334, 28.204296720724539 ], [ 85.356370462004421, 28.204287489713497 ], [ 85.356363080274718, 28.204275766052358 ], [ 85.356342258037671, 28.204253120005255 ], [ 85.356328727910125, 28.20422120701415 ], [ 85.356311550646353, 28.204193925764319 ], [ 85.356300246521243, 28.204175973419495 ], [ 85.356173122216575, 28.204017185133893 ], [ 85.3560824211838, 28.203926484501 ], [ 85.356015706997567, 28.203823847833554 ], [ 85.355979469333008, 28.203772203412612 ], [ 85.355824690802677, 28.203567351330062 ], [ 85.355715198092099, 28.203446383525534 ], [ 85.35557001127556, 28.203311568759784 ], [ 85.355562092840572, 28.203297129676084 ], [ 85.355463058694752, 28.203152737392969 ], [ 85.355367460876039, 28.203038929697072 ], [ 85.35532317590652, 28.202997454628225 ], [ 85.355323075166282, 28.202996708858169 ], [ 85.355247181808991, 28.202746945112185 ], [ 85.355210626660423, 28.202694193023085 ], [ 85.355198385706714, 28.202619148457178 ], [ 85.35516889859133, 28.20256611311185 ], [ 85.355168658506372, 28.202564641323306 ], [ 85.355159678197666, 28.202548489420629 ], [ 85.355140175378637, 28.202428924517434 ], [ 85.355117523886037, 28.202388183645322 ], [ 85.355110862942638, 28.202347347484071 ], [ 85.355088211476968, 28.202306606607845 ], [ 85.355085091437957, 28.202287478241214 ], [ 85.355089668027261, 28.202026821080079 ], [ 85.35498189408942, 28.201780807059187 ], [ 85.35496803380839, 28.201695833235998 ], [ 85.354880615851016, 28.201538601802419 ], [ 85.354897257445671, 28.201528764342548 ], [ 85.35501835111414, 28.201444821641303 ], [ 85.355039762945552, 28.201427518309981 ], [ 85.355145747536838, 28.201327801139293 ], [ 85.355162833442733, 28.201309058644089 ], [ 85.355265913064116, 28.201172085437676 ], [ 85.355277356643654, 28.201153380690933 ], [ 85.355368947306303, 28.200946021429683 ], [ 85.355375651230574, 28.200922693972917 ], [ 85.35540611380685, 28.200740572273837 ], [ 85.355407577300994, 28.200711730747663 ], [ 85.355403070357653, 28.200577261964138 ], [ 85.355399160962151, 28.200544173688176 ], [ 85.355377503646437, 28.200431000000947 ], [ 85.355368692414501, 28.200397897025308 ], [ 85.355325527550448, 28.200275453650207 ], [ 85.355317816677371, 28.200258040255957 ], [ 85.355257102521193, 28.200144780982715 ], [ 85.3552461354206, 28.200127528795882 ], [ 85.355178334132418, 28.200034679531097 ], [ 85.355164131702878, 28.200017621288605 ], [ 85.355095299887495, 28.199943541984855 ], [ 85.355077902141858, 28.199926725995876 ], [ 85.355011652883746, 28.199868314438142 ], [ 85.354991673899633, 28.199852246439999 ], [ 85.354979439903261, 28.199839848419252 ], [ 85.354977908470261, 28.199837507704043 ], [ 85.354975167529901, 28.199835518770165 ], [ 85.354931290505093, 28.199791053572113 ], [ 85.354916417120961, 28.199778763247682 ], [ 85.354824214892517, 28.199711098260522 ], [ 85.354804586236497, 28.199698339208837 ], [ 85.354797653925985, 28.19970670944392 ], [ 85.354696337364658, 28.199633190845269 ], [ 85.354642734198165, 28.199606836856947 ], [ 85.354593614524077, 28.199584211458337 ], [ 85.354581729179131, 28.199579095414752 ], [ 85.354585900187914, 28.199543897689498 ], [ 85.354590795768885, 28.199482446674565 ], [ 85.354592143871798, 28.199449579540829 ], [ 85.354588568462603, 28.199334487973147 ], [ 85.354585591781031, 28.199305700457472 ], [ 85.354550015988679, 28.199138162671588 ], [ 85.35454228163897, 28.199114382747574 ], [ 85.354526573553656, 28.199078730260062 ], [ 85.354519784279972, 28.199037105003413 ], [ 85.354490298396982, 28.198984069540568 ], [ 85.354490058326761, 28.198982597750835 ], [ 85.354349243304696, 28.198729316913919 ], [ 85.354274159155338, 28.198660966791763 ], [ 85.354115923251882, 28.198353565867372 ], [ 85.354116428816681, 28.198040779536438 ], [ 85.354127356491603, 28.197984603438304 ], [ 85.354128186221104, 28.19793046275025 ], [ 85.354082610300367, 28.197651027888078 ], [ 85.353941797839042, 28.197397746788479 ], [ 85.353719533115026, 28.197195412063991 ], [ 85.353585568296296, 28.197132894638543 ], [ 85.353549562161376, 28.197068129039909 ], [ 85.353519422208777, 28.197040691493303 ], [ 85.353327298758003, 28.196865793727259 ], [ 85.353297158918892, 28.196838356135682 ], [ 85.353224279554141, 28.19680434509138 ], [ 85.353187883745747, 28.196738878078129 ], [ 85.353157743977775, 28.196711440458337 ], [ 85.353041261052311, 28.196605400494079 ], [ 85.353002137252275, 28.196365507508094 ], [ 85.352861328924561, 28.196112225338425 ], [ 85.352831189411233, 28.196084787655177 ], [ 85.352639068760581, 28.195909889018139 ], [ 85.352608929360713, 28.195882451289926 ], [ 85.352326973799833, 28.19575086643119 ], [ 85.352207004022191, 28.195732548108509 ], [ 85.352113919978521, 28.195247841428696 ], [ 85.352161762956001, 28.195147163575523 ], [ 85.352235727708305, 28.19489351798828 ], [ 85.352224343216037, 28.194631738463528 ], [ 85.352189865522661, 28.194467766104168 ], [ 85.352148857915424, 28.194216312511365 ], [ 85.352119375892784, 28.194163280685437 ], [ 85.352119136332988, 28.194161811425008 ], [ 85.352001202561539, 28.19394966774917 ], [ 85.352000242550147, 28.193943780577438 ], [ 85.351970759204846, 28.193890744644811 ], [ 85.351970519177044, 28.193889272851532 ], [ 85.351941035860293, 28.193836236913342 ], [ 85.351940795832988, 28.193834765120016 ], [ 85.351911312544772, 28.193781729176266 ], [ 85.35191107251795, 28.193780257382901 ], [ 85.351770269887666, 28.193526974249373 ], [ 85.351740131356337, 28.193499536358061 ], [ 85.351709992840384, 28.193472098460656 ], [ 85.35168570974696, 28.193449991284986 ], [ 85.351672871646784, 28.193371265161801 ], [ 85.351584421427319, 28.193212155073116 ], [ 85.351583700617425, 28.193207735170226 ], [ 85.351581557459241, 28.193203880063297 ], [ 85.35155564126697, 28.19304495446929 ], [ 85.351414840365877, 28.192791671019716 ], [ 85.351384702125884, 28.192764233059791 ], [ 85.351192589591719, 28.192589332659118 ], [ 85.351188392253903, 28.192585511368545 ], [ 85.351142762137542, 28.192509029448861 ], [ 85.351136616496362, 28.192471340449817 ], [ 85.351107132286629, 28.192418300093294 ], [ 85.351106891902973, 28.192416825857634 ], [ 85.35096609282931, 28.192163542003158 ], [ 85.350928678673426, 28.19212947958513 ], [ 85.350872832123628, 28.192033998585806 ], [ 85.3508469467683, 28.191975612111079 ], [ 85.350841067193258, 28.19196615719348 ], [ 85.350838974613538, 28.191953324474671 ], [ 85.350800018285312, 28.19188324522052 ], [ 85.350795316279005, 28.191861826384923 ], [ 85.350780960763998, 28.19183829109982 ], [ 85.350773751046276, 28.191800135036242 ], [ 85.350762947486999, 28.191781525239321 ], [ 85.350751054683315, 28.191708591007664 ], [ 85.350672346968054, 28.191567001790887 ], [ 85.350700593231181, 28.191542647667497 ], [ 85.350731562166459, 28.191515946017269 ], [ 85.35076253108636, 28.191489244359278 ], [ 85.350911051808836, 28.191239446863428 ], [ 85.350965178166049, 28.190961212442019 ], [ 85.350966009231016, 28.190907072687029 ], [ 85.350920443597332, 28.190627636968166 ], [ 85.350779647093191, 28.19037435297566 ], [ 85.350557402329841, 28.190172013775772 ], [ 85.350275464128714, 28.190040425320664 ], [ 85.350198767535502, 28.19002871276798 ], [ 85.350196555696584, 28.190024733712679 ], [ 85.350196315699051, 28.190023261916874 ], [ 85.35005552165866, 28.18976997726304 ], [ 85.349995247534025, 28.189715100815658 ], [ 85.349965110494765, 28.189687662582823 ], [ 85.349903620434446, 28.189631678965561 ], [ 85.349879380859434, 28.18960960929277 ], [ 85.349755814896525, 28.189387315314907 ], [ 85.349729189658603, 28.189363074234727 ], [ 85.349636514951499, 28.189196352558699 ], [ 85.349606378146603, 28.189168914254854 ], [ 85.349576241357084, 28.189141475944911 ], [ 85.349546104582956, 28.189114037628869 ], [ 85.349414274760321, 28.188994011661933 ], [ 85.349384138068842, 28.188966573313134 ], [ 85.34935400139274, 28.188939134958254 ], [ 85.349337488710788, 28.188924100749329 ], [ 85.349328054771803, 28.188907128881713 ], [ 85.349327334820217, 28.188902713490862 ], [ 85.349304688163201, 28.188861971791958 ], [ 85.349298030009038, 28.188821135398669 ], [ 85.349268549300191, 28.188768098961116 ], [ 85.349268309317353, 28.188766627164085 ], [ 85.34924566270918, 28.18872588545679 ], [ 85.349239004583268, 28.188685049061164 ], [ 85.349127916215011, 28.188485197975048 ], [ 85.349120538203252, 28.188439946183077 ], [ 85.348979748634605, 28.188186660560465 ], [ 85.34894960855793, 28.18815921874301 ], [ 85.34894960449337, 28.188159211474005 ], [ 85.348894018093475, 28.188108602983306 ], [ 85.348881767121796, 28.18808656243823 ], [ 85.348881526959673, 28.188085089465176 ], [ 85.348810921024196, 28.18795806590882 ], [ 85.348744646184329, 28.187819625474987 ], [ 85.348686369258914, 28.187716704928881 ], [ 85.348643641951455, 28.187651921032511 ], [ 85.348592137899374, 28.18755926196302 ], [ 85.348571820146617, 28.187540762920548 ], [ 85.348554572208386, 28.187514916695108 ], [ 85.348554189266281, 28.187512567570359 ], [ 85.348524709257859, 28.187459530993447 ], [ 85.348524469287241, 28.187458059195393 ], [ 85.348494989307341, 28.187405022612928 ], [ 85.348494749337235, 28.187403550814828 ], [ 85.348353962506224, 28.187150264631065 ], [ 85.348324995461667, 28.187123890325118 ], [ 85.348294102929771, 28.187068312826099 ], [ 85.348205561432394, 28.186987697545618 ], [ 85.348120537670439, 28.186858783196026 ], [ 85.347912289546201, 28.186327332543719 ], [ 85.347901188879533, 28.186259242319814 ], [ 85.347848378346399, 28.186164230298964 ], [ 85.347810937570941, 28.186068681257666 ], [ 85.347784392982419, 28.185905859027141 ], [ 85.347707478877851, 28.185767481116674 ], [ 85.347668012130384, 28.185525399184389 ], [ 85.347665869254541, 28.185521544024372 ], [ 85.347639960139688, 28.18536261784018 ], [ 85.347499177788094, 28.185109330902456 ], [ 85.347469038928523, 28.185081888799438 ], [ 85.347469034864176, 28.18508188153039 ], [ 85.347351910202875, 28.184975240294733 ], [ 85.347347592248525, 28.184971308688265 ], [ 85.347216696041386, 28.184852120256551 ], [ 85.347216687142108, 28.184852116087864 ], [ 85.347186544810484, 28.184824670635059 ], [ 85.346904624797361, 28.184693075901585 ], [ 85.346660229688922, 28.184655745986273 ], [ 85.346650818027499, 28.184638812753953 ], [ 85.346620683236893, 28.184611373861102 ], [ 85.34659054846027, 28.184583935052395 ], [ 85.346581309442598, 28.184575522559143 ], [ 85.346581309443991, 28.184575522468922 ], [ 85.346566860521179, 28.184542038067569 ], [ 85.346537638947979, 28.184493666781322 ], [ 85.346496079212315, 28.184238727142244 ], [ 85.34646660390888, 28.18418569671087 ], [ 85.346466365090862, 28.184184231602021 ], [ 85.346436885296669, 28.184131190370795 ], [ 85.3464366449886, 28.184129716218933 ], [ 85.34634821077367, 28.183970605277629 ], [ 85.346347490967602, 28.183966189874614 ], [ 85.346331679964933, 28.183937742609881 ], [ 85.346318606179139, 28.183857541398343 ], [ 85.346307647900673, 28.183837825203966 ], [ 85.346308054531733, 28.183811401970353 ], [ 85.346262503117856, 28.183531965061089 ], [ 85.346121726257564, 28.183278676879723 ], [ 85.346097447262764, 28.18325656946665 ], [ 85.346084615437903, 28.183177848903572 ], [ 85.345943845168165, 28.182924564694588 ], [ 85.345913706216294, 28.182897120374847 ], [ 85.34591370324317, 28.182897115014182 ], [ 85.345858116735997, 28.182846499962558 ], [ 85.345812203851864, 28.182763891537125 ], [ 85.345521037871436, 28.182126009402982 ], [ 85.345520567254567, 28.182126178076775 ], [ 85.345519862156024, 28.182122874271101 ], [ 85.345490294384192, 28.182058668547178 ], [ 85.345487290997724, 28.182059754407561 ], [ 85.34547580199758, 28.182010854587915 ], [ 85.345397206214031, 28.181856626909727 ], [ 85.345319017905609, 28.181744627383438 ], [ 85.34531279840887, 28.18170647093601 ], [ 85.345290154680654, 28.181665728659986 ], [ 85.345283498362107, 28.181624892113515 ], [ 85.345142726121338, 28.181371603060544 ], [ 85.345112592605417, 28.181344163878045 ], [ 85.344920510184181, 28.181169255684338 ], [ 85.34489037678162, 28.181141816456908 ], [ 85.344828522736037, 28.181112942076037 ], [ 85.34473929307164, 28.181031690059999 ], [ 85.344709159754217, 28.181004250795731 ], [ 85.344623463575701, 28.180964246325399 ], [ 85.344544634710317, 28.180879562150345 ], [ 85.344541872918597, 28.180862618054999 ], [ 85.34480656178809, 28.180148625958047 ], [ 85.344857264701204, 28.179883031890217 ], [ 85.34486153216352, 28.179670170253726 ], [ 85.34487567450428, 28.1795974835637 ], [ 85.344877758840497, 28.179462134367288 ], [ 85.344867023228986, 28.179396269460714 ], [ 85.344867103581564, 28.179392261996281 ], [ 85.344879843162275, 28.179326785168048 ], [ 85.344881093748413, 28.179245575647151 ], [ 85.34487125459475, 28.17918521019849 ], [ 85.344894811725979, 28.178010171189005 ], [ 85.344911819276831, 28.177981565440106 ], [ 85.344912104190669, 28.177980101155285 ], [ 85.344943200188297, 28.177927800758635 ], [ 85.344997335438492, 28.177649562888991 ], [ 85.344999002650084, 28.177541283494602 ], [ 85.344962935202588, 28.177320001015531 ], [ 85.344972621450367, 28.177270215671513 ], [ 85.344975122261886, 28.177107796572294 ], [ 85.344929576241825, 28.176828359223883 ], [ 85.344858974039184, 28.176701320126813 ], [ 85.344859178098105, 28.176700271456497 ], [ 85.344860845382527, 28.176591992054675 ], [ 85.344854076645575, 28.176550463975843 ], [ 85.345036042480345, 28.17639356217899 ], [ 85.34506700818487, 28.176366861629223 ], [ 85.345215519020144, 28.176117069463107 ], [ 85.345269650281949, 28.175838837006818 ], [ 85.345270483688566, 28.175784697288066 ], [ 85.345224937270487, 28.175505259977442 ], [ 85.345195461919971, 28.175452222802814 ], [ 85.34519522201326, 28.175450750999502 ], [ 85.345054457290445, 28.175197461987835 ], [ 85.345027836507001, 28.175173220138092 ], [ 85.344935180322935, 28.175006495772141 ], [ 85.344712977312767, 28.174804148452179 ], [ 85.344659692370072, 28.174779272865571 ], [ 85.344676182189247, 28.174694516822257 ], [ 85.344677015854728, 28.174640377110723 ], [ 85.344661540575302, 28.174545426776493 ], [ 85.344679933665688, 28.174450888116827 ], [ 85.344681189775997, 28.174369313013017 ], [ 85.344724116269717, 28.174297110755258 ], [ 85.344778065466528, 28.174019814651192 ], [ 85.3447897977031, 28.174000080993864 ], [ 85.344843928696264, 28.173721848625039 ], [ 85.344846012559586, 28.173586499314645 ], [ 85.344800467876524, 28.173307061862911 ], [ 85.344759780792643, 28.173233848663202 ], [ 85.34476020320713, 28.173206413267188 ], [ 85.344732286698076, 28.173035131587294 ], [ 85.344735907020365, 28.172799995985727 ], [ 85.344721125275925, 28.172709302439575 ], [ 85.344771872993917, 28.172448457067777 ], [ 85.344774790369883, 28.172258968004119 ], [ 85.344729246249798, 28.171979530508398 ], [ 85.344713566999175, 28.171951316521493 ], [ 85.344880984833907, 28.170351321169282 ], [ 85.344881822830942, 28.170193126173423 ], [ 85.344695915088181, 28.168214463199153 ], [ 85.344772557379301, 28.167590072042987 ], [ 85.344923536139774, 28.167392169870556 ], [ 85.345011555104108, 28.167150031710253 ], [ 85.345048228068833, 28.166960951377852 ], [ 85.345047345920776, 28.166650738944121 ], [ 85.345008346067246, 28.166555464717714 ], [ 85.344997115922098, 28.166486560472496 ], [ 85.344986159491398, 28.166466844209555 ], [ 85.344987815982066, 28.166359211248455 ], [ 85.344959900297923, 28.166187929510784 ], [ 85.344961436035206, 28.166088143116326 ], [ 85.344915893176278, 28.165808705531539 ], [ 85.344886420383062, 28.165755668337393 ], [ 85.344886180495095, 28.165754196532635 ], [ 85.344745427984904, 28.165500907427798 ], [ 85.34471647223738, 28.165474536952594 ], [ 85.344685594104874, 28.165418969093906 ], [ 85.344683162181909, 28.165416754207165 ], [ 85.344717535964207, 28.165146577556381 ], [ 85.344739591730445, 28.165136951892809 ], [ 85.344770554111221, 28.165110251233877 ], [ 85.344801516476636, 28.165083550567186 ], [ 85.344832478826703, 28.165056849892743 ], [ 85.344859833327732, 28.165033260463439 ], [ 85.345047965140594, 28.164951154652808 ], [ 85.345078927392549, 28.164924453917919 ], [ 85.345276292500714, 28.164754252838179 ], [ 85.34530725463938, 28.164727552046106 ], [ 85.345356634482158, 28.164644485734321 ], [ 85.345388970996282, 28.164630372783488 ], [ 85.345617294296233, 28.1644334705734 ], [ 85.345632916323495, 28.164407190938224 ], [ 85.345771128295468, 28.164428306058419 ], [ 85.345801673848442, 28.164428675055728 ], [ 85.34611698954518, 28.164388312326441 ], [ 85.346402797887762, 28.164263573570121 ], [ 85.346631121359991, 28.164066669309808 ], [ 85.346779610116798, 28.163816874143734 ], [ 85.346782371739778, 28.16380267625815 ], [ 85.346807379651068, 28.163781109461802 ], [ 85.346838341134827, 28.163754408291823 ], [ 85.346869302603253, 28.163727707114088 ], [ 85.346973778559303, 28.163637606869724 ], [ 85.347004739960525, 28.163610905658071 ], [ 85.347008094524227, 28.163608012670331 ], [ 85.347138466139768, 28.163546746176042 ], [ 85.347369080020229, 28.163326967683272 ], [ 85.347488638271585, 28.1631659607513 ], [ 85.34761764144892, 28.16291617281043 ], [ 85.347638004276988, 28.162770947817492 ], [ 85.347659500489243, 28.162752409048338 ], [ 85.347692077760541, 28.162697604128425 ], [ 85.347721830186259, 28.162671945878802 ], [ 85.347721832381254, 28.162671942205041 ], [ 85.347814712926976, 28.162591842545663 ], [ 85.347928434555186, 28.162400531671363 ], [ 85.3479591812726, 28.162387111782635 ], [ 85.348071182689338, 28.162290518485062 ], [ 85.348196386994786, 28.162274488963977 ], [ 85.348256231929341, 28.162248368497874 ], [ 85.348257892668272, 28.162248155864763 ], [ 85.34854369294446, 28.162123412255493 ], [ 85.348772007931899, 28.161926504007386 ], [ 85.34877780795388, 28.161916746268506 ], [ 85.348914387736087, 28.161857132385244 ], [ 85.348931542899166, 28.161842336974633 ], [ 85.349017159954101, 28.161800989545494 ], [ 85.349248100042828, 28.16157236262228 ], [ 85.349342913212936, 28.161438131488016 ], [ 85.349464642432636, 28.161188642585707 ], [ 85.349490372274659, 28.160973859740761 ], [ 85.349501338690047, 28.160917470628075 ], [ 85.349503415576905, 28.160782120745857 ], [ 85.349501898107718, 28.160772812308615 ], [ 85.349536867715926, 28.160592999024541 ], [ 85.349538134943799, 28.160510411499047 ], [ 85.349612411856967, 28.160385447403179 ], [ 85.349640139728137, 28.160242869310036 ], [ 85.349746311065147, 28.160151299484347 ], [ 85.349777270761066, 28.160124597561076 ], [ 85.349808230441639, 28.160097895630049 ], [ 85.349839190106835, 28.160071193691277 ], [ 85.34998766558013, 28.159821394357543 ], [ 85.3499955725799, 28.15978073499387 ], [ 85.350019453453271, 28.159740558056516 ], [ 85.350022215835551, 28.159726353863586 ], [ 85.350027858413853, 28.15972148715727 ], [ 85.35017632995023, 28.15947168951735 ], [ 85.350185376747632, 28.159425168414767 ], [ 85.350250296893236, 28.1593159435999 ], [ 85.350278851195426, 28.159291315849067 ], [ 85.350393061957902, 28.159099161319105 ], [ 85.350414625481747, 28.159096400114059 ], [ 85.350466130489053, 28.159097020478342 ], [ 85.350781429269318, 28.159056646240266 ], [ 85.35081352680335, 28.159042635451257 ], [ 85.350904020687167, 28.159031047460168 ], [ 85.350963863180041, 28.159004925694536 ], [ 85.350965523864943, 28.159004713026139 ], [ 85.351025366329324, 28.158978591232277 ], [ 85.351027027013728, 28.158978378563113 ], [ 85.351072996973713, 28.158958312183149 ], [ 85.351119074213827, 28.158952411817225 ], [ 85.351404862526081, 28.158827661667083 ], [ 85.351435821431537, 28.158800959330314 ], [ 85.351456933125931, 28.15878275029036 ], [ 85.351594929265858, 28.158722748526191 ], [ 85.351823052705427, 28.158527008542944 ], [ 85.351969430832142, 28.158282884823873 ], [ 85.352348744156288, 28.157749269526054 ], [ 85.35241112509668, 28.157647587162447 ], [ 85.352503787511282, 28.157470316567967 ], [ 85.352697566845805, 28.157302960895674 ], [ 85.352726499502012, 28.157276941066794 ], [ 85.353196382847557, 28.156836888158971 ], [ 85.35334152794195, 28.156663338299051 ], [ 85.353477785601555, 28.156451380366576 ], [ 85.353508966203734, 28.156430592826101 ], [ 85.353533662200419, 28.156411705245425 ], [ 85.353546360014377, 28.156405895607733 ], [ 85.353695529680991, 28.156331310077583 ], [ 85.353736017262619, 28.156309956846432 ], [ 85.353803143972982, 28.156272663700477 ], [ 85.353801512617849, 28.156270357064646 ], [ 85.35388025972378, 28.156259190616225 ], [ 85.354133375531617, 28.156155372517233 ], [ 85.354245975248531, 28.156069903606173 ], [ 85.354375798731269, 28.155990881165597 ], [ 85.354690052977062, 28.155684262300635 ], [ 85.354727344018869, 28.155624593744353 ], [ 85.354749423859573, 28.155579421550726 ], [ 85.354804015206795, 28.155516430380302 ], [ 85.354807119423242, 28.155514875294205 ], [ 85.354848810100123, 28.15549158432707 ], [ 85.354939566413634, 28.155434511178836 ], [ 85.354974251500693, 28.155410067466502 ], [ 85.3550770470451, 28.155326845702284 ], [ 85.355093016505506, 28.155312018964075 ], [ 85.355174840664816, 28.155225875117651 ], [ 85.355190360344281, 28.155207296681677 ], [ 85.355221112689037, 28.15516545345708 ], [ 85.35532689547918, 28.155114571143415 ], [ 85.355316156479546, 28.155097033746507 ], [ 85.355370196956642, 28.155069421809131 ], [ 85.355382005782346, 28.155086978816751 ], [ 85.355420352623455, 28.155066718727216 ], [ 85.355457498561478, 28.155046120299406 ], [ 85.355493131100033, 28.155025402339195 ], [ 85.355499522426342, 28.15502173550091 ], [ 85.355608860256581, 28.155001343252771 ], [ 85.355639917201003, 28.154992803007289 ], [ 85.355829916054248, 28.154921124722531 ], [ 85.355849566087329, 28.154911519725058 ], [ 85.355980520757925, 28.154835309894402 ], [ 85.356001262455408, 28.154821100778296 ], [ 85.356098919546341, 28.154744886902325 ], [ 85.356163543256457, 28.15468755312649 ], [ 85.356174975685519, 28.154677246583134 ], [ 85.35619842506263, 28.154655765081561 ], [ 85.356241351432843, 28.15461389037149 ], [ 85.356266064480195, 28.15458820933895 ], [ 85.356295869623665, 28.154555651246447 ], [ 85.356348898022773, 28.154550388771067 ], [ 85.356387412928328, 28.15454590578728 ], [ 85.356480741790918, 28.154533433122189 ], [ 85.356532625118163, 28.154525277131619 ], [ 85.356576826760204, 28.154517277951928 ], [ 85.356681328255192, 28.154493187003787 ], [ 85.356723227452164, 28.154481393108188 ], [ 85.356865515770679, 28.154430595825279 ], [ 85.356900891920773, 28.154415127149232 ], [ 85.356936155684664, 28.154398942243628 ], [ 85.356977892163272, 28.154378862249288 ], [ 85.357057858523859, 28.154336067902179 ], [ 85.357075990089669, 28.154325329014561 ], [ 85.357238824825345, 28.154205425183036 ], [ 85.3572527916848, 28.154192745578186 ], [ 85.357445580852058, 28.153946456485819 ], [ 85.357452895791027, 28.15393267364998 ], [ 85.35754409102411, 28.153643453455768 ], [ 85.357546518640888, 28.153623104966051 ], [ 85.35754758139646, 28.153442699008771 ], [ 85.357545152798252, 28.153420086570517 ], [ 85.357500353294441, 28.153227973923133 ], [ 85.357496829864459, 28.1532183155091 ], [ 85.357405942746155, 28.1530388608126 ], [ 85.357399974665327, 28.153029856273882 ], [ 85.357282545214403, 28.152886888868636 ], [ 85.357274090736269, 28.15287847181698 ], [ 85.357154902308778, 28.152777589911437 ], [ 85.357143838057723, 28.152769637927012 ], [ 85.357008087765522, 28.152687242031813 ], [ 85.356982081969079, 28.152674057700224 ], [ 85.356889011336136, 28.152632327946986 ], [ 85.3568294649032, 28.152608942768332 ], [ 85.356809532899973, 28.152601339238988 ], [ 85.356773428801446, 28.152587968745184 ], [ 85.356651597122251, 28.152550686714115 ], [ 85.356609483126746, 28.152540392001743 ], [ 85.356522440084262, 28.15252271480044 ], [ 85.356479991183235, 28.152515814853786 ], [ 85.356438858256283, 28.15250989726443 ], [ 85.356339950094693, 28.152497503149814 ], [ 85.356336676662352, 28.152497097724119 ], [ 85.356211460604641, 28.152481774178582 ], [ 85.35615174823279, 28.152476051664749 ], [ 85.356028748251418, 28.152467507972084 ], [ 85.35600814793581, 28.152466263188654 ], [ 85.355884182073282, 28.152459890926448 ], [ 85.355778056870392, 28.152459346092993 ], [ 85.355739976361178, 28.152460911480294 ], [ 85.355625196470001, 28.152471431368419 ], [ 85.355591533540334, 28.15247623828671 ], [ 85.355476577459143, 28.152498764173604 ], [ 85.35543798719749, 28.152508430531011 ], [ 85.355356149419734, 28.152532286677875 ], [ 85.355313591912221, 28.152546487366806 ], [ 85.355240861864587, 28.152573653073645 ], [ 85.355191349542608, 28.152594184291658 ], [ 85.355112767099186, 28.152630545998658 ], [ 85.355066134460671, 28.152654469057985 ], [ 85.354988087110684, 28.152698831387156 ], [ 85.354945475507094, 28.152725554422869 ], [ 85.354866965826204, 28.152780095678644 ], [ 85.354829106253234, 28.15280915998272 ], [ 85.354741015906214, 28.152885529064218 ], [ 85.354723459939635, 28.152902711200866 ], [ 85.354649892329761, 28.152983625656884 ], [ 85.354632442398483, 28.153005258387658 ], [ 85.354627575984537, 28.15301189107754 ], [ 85.354625626491881, 28.153013057517533 ], [ 85.354598220181472, 28.153032675388999 ], [ 85.35446936142479, 28.153142848967857 ], [ 85.354446806173016, 28.153165857121547 ], [ 85.354388652066262, 28.153231310288181 ], [ 85.354328901324635, 28.153270213857301 ], [ 85.354272037376617, 28.153299754696516 ], [ 85.354246711660139, 28.153315152124073 ], [ 85.354198655111787, 28.153351003452652 ], [ 85.354195880269884, 28.153352231717879 ], [ 85.354137664830461, 28.153380132478706 ], [ 85.354062461068636, 28.153419026407171 ], [ 85.354014296509916, 28.153445556688023 ], [ 85.353961498508923, 28.153476478164396 ], [ 85.353891357802993, 28.153521467144316 ], [ 85.353846590115921, 28.15355283615482 ], [ 85.353764185221493, 28.15361727846625 ], [ 85.353755594663141, 28.15362476498245 ], [ 85.353732644214986, 28.153638825553923 ], [ 85.353709947803935, 28.153663814765846 ], [ 85.353671611498726, 28.153678974567018 ], [ 85.35358145186818, 28.153719498058717 ], [ 85.353545663282148, 28.153737616974126 ], [ 85.353433665534965, 28.153803364221982 ], [ 85.353403708888948, 28.153823591054262 ], [ 85.353339317214662, 28.153870895805191 ], [ 85.353296228871628, 28.153905291948245 ], [ 85.353248346999706, 28.153946099212874 ], [ 85.353220471493529, 28.153971458277759 ], [ 85.353150123705262, 28.15404255552971 ], [ 85.35312784007796, 28.154067611782523 ], [ 85.35309307125415, 28.154112736643501 ], [ 85.353084837435318, 28.154120787225374 ], [ 85.353051589348098, 28.154140548779093 ], [ 85.353026968361704, 28.154157779299069 ], [ 85.352903535076294, 28.154259985178957 ], [ 85.352878174999688, 28.15428478327896 ], [ 85.352790678080851, 28.154383311931095 ], [ 85.352774196682915, 28.154404788907364 ], [ 85.352694931774522, 28.154438658525645 ], [ 85.352578586737678, 28.154496832023831 ], [ 85.352378569342179, 28.154557948087067 ], [ 85.35231366890666, 28.154580002712414 ], [ 85.352194334231157, 28.154624753472962 ], [ 85.35209080099618, 28.154669868875146 ], [ 85.35195654972145, 28.154736994349772 ], [ 85.351799118338405, 28.154834092302259 ], [ 85.351751000157805, 28.154870180417859 ], [ 85.351636042545465, 28.154951326958429 ], [ 85.351588135389264, 28.154987339305791 ], [ 85.351566830749832, 28.155004383113894 ], [ 85.351525887029567, 28.155019645018001 ], [ 85.351474891742285, 28.155040811293627 ], [ 85.351407568471089, 28.155071509433011 ], [ 85.351356853241398, 28.155096790826647 ], [ 85.351295834882748, 28.155129758418308 ], [ 85.351246033864214, 28.155158837666061 ], [ 85.351189815435148, 28.155194138101994 ], [ 85.351141740275992, 28.155226544847864 ], [ 85.351081174682633, 28.155270736322045 ], [ 85.3510250554218, 28.155315006117721 ], [ 85.350957686823946, 28.155373316293456 ], [ 85.350911606873268, 28.155417068662757 ], [ 85.35078717271476, 28.155488312820225 ], [ 85.35076737870763, 28.155501562343559 ], [ 85.350657039368002, 28.155589238249959 ], [ 85.350524014419619, 28.155468038015858 ], [ 85.350258812843805, 28.1552942957223 ], [ 85.350092828919244, 28.155218849069925 ], [ 85.349782664383369, 28.1551298525028 ], [ 85.349456662277717, 28.155132300643366 ], [ 85.349148243803981, 28.155225942324964 ], [ 85.348889027508378, 28.155401177609395 ], [ 85.348746828437484, 28.155534202942224 ], [ 85.348519749501577, 28.155870222964442 ], [ 85.348476786614995, 28.15598478536818 ], [ 85.348454789204354, 28.15605206039962 ], [ 85.348421374780145, 28.156171395718985 ], [ 85.3483923244236, 28.156427209745644 ], [ 85.348445849773128, 28.156679901873687 ], [ 85.348469716202686, 28.156741956744767 ], [ 85.348585703613566, 28.156950616452484 ], [ 85.348758017792818, 28.157126068216456 ], [ 85.348824845730846, 28.157178575409741 ], [ 85.349053762764754, 28.157307024467499 ], [ 85.348927087296516, 28.15737808627922 ], [ 85.348763795302517, 28.157491919451072 ], [ 85.348699306142279, 28.157547195990734 ], [ 85.348609375739613, 28.15761048019511 ], [ 85.348429902587085, 28.157773470028754 ], [ 85.348385978307263, 28.157825032607853 ], [ 85.348235937511362, 28.15807478112864 ], [ 85.348197813708808, 28.158266522567843 ], [ 85.348165372163038, 28.158321102257229 ], [ 85.34815012645663, 28.158399492498624 ], [ 85.348125174176204, 28.158421013703965 ], [ 85.347992724111137, 28.158643851704412 ], [ 85.347683274055697, 28.158683470797648 ], [ 85.347397482236161, 28.158808213015085 ], [ 85.347169171783676, 28.159005119230283 ], [ 85.347020691156445, 28.159254915306551 ], [ 85.346966575052903, 28.159533149646169 ], [ 85.346965105112332, 28.159628803107697 ], [ 85.346906923400212, 28.159655440044947 ], [ 85.34686620299631, 28.159692881716527 ], [ 85.346815760560801, 28.159703979038468 ], [ 85.346622434435716, 28.159746624194561 ], [ 85.346316967894467, 28.159863675002377 ], [ 85.346177361827543, 28.15997583415238 ], [ 85.346157410995815, 28.159984541947765 ], [ 85.346127652993701, 28.160010205947241 ], [ 85.346064945652429, 28.16003757519848 ], [ 85.346033985106061, 28.160064276244597 ], [ 85.346003024544331, 28.160090977282966 ], [ 85.345972063967253, 28.160117678313579 ], [ 85.345848221505364, 28.16022448235849 ], [ 85.345836630147957, 28.160234478943739 ], [ 85.345805669488342, 28.160261179932686 ], [ 85.345774708813366, 28.160287880913874 ], [ 85.345743748123041, 28.16031458188732 ], [ 85.345619905208167, 28.160421385703543 ], [ 85.345587325568957, 28.16047619362676 ], [ 85.34555756729506, 28.160501857489031 ], [ 85.345524987598296, 28.16055666539442 ], [ 85.345506811012697, 28.160572341054632 ], [ 85.345506804143909, 28.160572344040151 ], [ 85.345475845354784, 28.160599044067915 ], [ 85.345475843304612, 28.160599044945648 ], [ 85.34540141407318, 28.160663235433319 ], [ 85.345309472090264, 28.160742524079282 ], [ 85.345309467804796, 28.160742531247489 ], [ 85.345154659146758, 28.160876038743478 ], [ 85.345122075781958, 28.160930852091692 ], [ 85.345092312509536, 28.160956520837605 ], [ 85.345087340277303, 28.160964885482674 ], [ 85.344873349349896, 28.161058280959029 ], [ 85.344866706451626, 28.161059131238986 ], [ 85.344806861450962, 28.161085250220818 ], [ 85.34480520072556, 28.161085462812572 ], [ 85.344565820439513, 28.161189938552241 ], [ 85.344559177531437, 28.161190788816818 ], [ 85.34427337561813, 28.161315524032876 ], [ 85.344242414263604, 28.161342224634591 ], [ 85.344045054154037, 28.16151242450097 ], [ 85.34401409268628, 28.161539125045515 ], [ 85.343981511879718, 28.161593932528966 ], [ 85.343920791395519, 28.16164629652955 ], [ 85.343914168526524, 28.161657437375442 ], [ 85.343901421549873, 28.161663000638399 ], [ 85.343870460002805, 28.161689701146539 ], [ 85.343839498440389, 28.161716401646927 ], [ 85.343808725521882, 28.161742939444586 ], [ 85.343756264256072, 28.161749654282499 ], [ 85.343470459981191, 28.161874387710057 ], [ 85.343439498268651, 28.16190108811282 ], [ 85.343413346859023, 28.16192364024597 ], [ 85.343329297340318, 28.161960321716549 ], [ 85.343322156936495, 28.161953818486364 ], [ 85.34304030056677, 28.161822218111237 ], [ 85.34272635262856, 28.161774247727209 ], [ 85.342665263125681, 28.161773508417852 ], [ 85.342349954283847, 28.161813863481132 ], [ 85.342327375531909, 28.161823717277091 ], [ 85.342226100585023, 28.161836678859967 ], [ 85.341931771973336, 28.161791704450959 ], [ 85.341879446790273, 28.161791070905647 ], [ 85.341854962132288, 28.16178642738322 ], [ 85.341610751909073, 28.161773823421708 ], [ 85.341476244922674, 28.161786188328424 ], [ 85.341473600868511, 28.161786156306299 ], [ 85.341465970502625, 28.161787132812471 ], [ 85.341284970785352, 28.16180377146997 ], [ 85.341261211026563, 28.161813337415861 ], [ 85.341158291690377, 28.161826508604143 ], [ 85.340981324795877, 28.161903738012519 ], [ 85.340952371422645, 28.161875427257399 ], [ 85.3406668600323, 28.161689771929204 ], [ 85.339339593933289, 28.160276672797814 ], [ 85.339166618199883, 28.160131190604044 ], [ 85.339143001672838, 28.160115546135032 ], [ 85.339116529761611, 28.159975484010538 ], [ 85.339083114095331, 28.159889562658691 ], [ 85.339035743854168, 28.159788219948229 ], [ 85.338986032679713, 28.159697836639847 ], [ 85.338854914983656, 28.159517597230618 ], [ 85.33867951270021, 28.159369866512716 ], [ 85.338404631518628, 28.159188166772516 ], [ 85.338355684085656, 28.159157751968856 ], [ 85.338298403344012, 28.159124337848933 ], [ 85.33819805706834, 28.159084914689632 ], [ 85.338156968367812, 28.159030128579865 ], [ 85.338147324014045, 28.159017501862511 ], [ 85.338113909624724, 28.158974540961459 ], [ 85.337840516684466, 28.158745804094867 ], [ 85.337902216954532, 28.158661084311881 ], [ 85.337904442573745, 28.158653183159384 ], [ 85.33794493194489, 28.158628800195849 ], [ 85.338033079707614, 28.158523250033216 ], [ 85.338067362149417, 28.158485513904449 ], [ 85.338084342063638, 28.158472225190053 ], [ 85.338114744677995, 28.158455641887972 ], [ 85.338252678901611, 28.15836538176131 ], [ 85.338333601145493, 28.158302442015373 ], [ 85.338423965117912, 28.158248223159354 ], [ 85.338575380479725, 28.158133039085438 ], [ 85.338951940973431, 28.157953037995508 ], [ 85.339171518709094, 28.157781194085242 ], [ 85.339369637593308, 28.157570559110997 ], [ 85.339450785455554, 28.157451222084401 ], [ 85.339492904364391, 28.157379475930242 ], [ 85.339557744259096, 28.157308151250053 ], [ 85.339634379865274, 28.157211532920606 ], [ 85.339686887242834, 28.157135157560113 ], [ 85.339709505945677, 28.157100554116063 ], [ 85.339792823043936, 28.15696631855366 ], [ 85.339823584176045, 28.156917979496555 ], [ 85.339882967484769, 28.156807861521358 ], [ 85.339887417067914, 28.156797935638721 ], [ 85.33989405593158, 28.156790693064533 ], [ 85.340055630556776, 28.15654210576086 ], [ 85.340063292953289, 28.15652422665298 ], [ 85.340085542957155, 28.156492607649437 ], [ 85.34012945985107, 28.15645401356209 ], [ 85.340386342333915, 28.156307160154764 ], [ 85.340391449806546, 28.156302981297777 ], [ 85.340396980319539, 28.156301083756031 ], [ 85.340541357741159, 28.156250126651393 ], [ 85.340875534911959, 28.156144992031063 ], [ 85.340911568755232, 28.1561388399377 ], [ 85.340995720982505, 28.156124472425851 ], [ 85.341385263729975, 28.155978721126672 ], [ 85.341433691537929, 28.155948810368656 ], [ 85.341454743774776, 28.155935807607221 ], [ 85.341476700729459, 28.155922245328942 ], [ 85.341547569549022, 28.155878473153873 ], [ 85.341584774504824, 28.155854366685464 ], [ 85.341836044203816, 28.155683693240888 ], [ 85.342270468851964, 28.155391207793524 ], [ 85.342350370279306, 28.155349732249892 ], [ 85.342385443670452, 28.155334424561836 ], [ 85.342393885530441, 28.155327144203259 ], [ 85.342404932378216, 28.155321409943319 ], [ 85.342445343276566, 28.155282766408639 ], [ 85.342524375853188, 28.155214607627343 ], [ 85.342644706061591, 28.155110836409904 ], [ 85.342793196322475, 28.154861041224184 ], [ 85.342847322255182, 28.15458280305025 ], [ 85.342848156152456, 28.154528662327582 ], [ 85.342802622097949, 28.154249224028149 ], [ 85.342787423069879, 28.15422186915028 ], [ 85.342762370248124, 28.154025997756047 ], [ 85.342670417493991, 28.153813320815701 ], [ 85.342656907834126, 28.153791005521352 ], [ 85.342640631773904, 28.153764119981847 ], [ 85.34262388692305, 28.153736460110043 ], [ 85.342576648874029, 28.153683604419424 ], [ 85.342550911273676, 28.153636432363449 ], [ 85.342452159769735, 28.153544310355834 ], [ 85.342400698509394, 28.15348672891961 ], [ 85.342376417902599, 28.153473653170192 ], [ 85.342334803831761, 28.153434832619997 ], [ 85.342059702126519, 28.153301121900956 ], [ 85.341751728846475, 28.153247996847071 ], [ 85.34144012773298, 28.153280501884382 ], [ 85.341303131047354, 28.15331434803554 ], [ 85.340966712537067, 28.153349150190035 ], [ 85.34096341136852, 28.153349496564591 ], [ 85.34073906307826, 28.153373362977138 ], [ 85.340681826384056, 28.153380919785654 ], [ 85.340500437395875, 28.15340955969705 ], [ 85.340194575109038, 28.153504258186963 ], [ 85.339937762948026, 28.15367932423954 ], [ 85.339856614615144, 28.153755699206009 ], [ 85.339734583757092, 28.153918546595023 ], [ 85.339657384207754, 28.153993862924235 ], [ 85.339649521514545, 28.153999523922899 ], [ 85.339548674863792, 28.154054531438131 ], [ 85.339485335369673, 28.154092046254089 ], [ 85.339313741476303, 28.154202125279141 ], [ 85.339146094986347, 28.154270231113795 ], [ 85.339099577285609, 28.154289129306921 ], [ 85.339017921893216, 28.154326338581676 ], [ 85.338833545948091, 28.154419902667033 ], [ 85.338614425842636, 28.154569458183868 ], [ 85.338454751480356, 28.154758702783088 ], [ 85.338441561845499, 28.154770693189864 ], [ 85.338418728964314, 28.154792140121181 ], [ 85.338256433025677, 28.154949662279943 ], [ 85.338186774328221, 28.155025076876257 ], [ 85.338096079482781, 28.1551348653656 ], [ 85.337949719438384, 28.155387844565254 ], [ 85.337942206244009, 28.155408236738619 ], [ 85.337907118643898, 28.155468091887435 ], [ 85.337835393337755, 28.155581339512018 ], [ 85.337812709680094, 28.155613744727223 ], [ 85.337763757610958, 28.155655944338772 ], [ 85.337711696842547, 28.155704274859378 ], [ 85.337635329119536, 28.15578064161517 ], [ 85.337513862225649, 28.155883128788993 ], [ 85.337411317775306, 28.155983707533125 ], [ 85.337378649842108, 28.156021042021333 ], [ 85.337210060854972, 28.15612114140508 ], [ 85.337074700460505, 28.156217272597907 ], [ 85.336921951741431, 28.156346154487419 ], [ 85.336821140007672, 28.15644475927488 ], [ 85.336716123299112, 28.156564093622983 ], [ 85.336711510831208, 28.15656937515363 ], [ 85.336599877962428, 28.156698181800341 ], [ 85.336516895375198, 28.15678635043928 ], [ 85.336491870567599, 28.156805119041294 ], [ 85.336382603037706, 28.156864182031189 ], [ 85.336366050349127, 28.15687332316088 ], [ 85.336179887842746, 28.156978337879526 ], [ 85.336134617708993, 28.157005413603795 ], [ 85.335991415408841, 28.157096108400097 ], [ 85.335934301739854, 28.15713505834206 ], [ 85.335930777745858, 28.157137642601715 ], [ 85.335879465525608, 28.157159633803346 ], [ 85.33582070093415, 28.157149587413169 ], [ 85.335666638791764, 28.157023567828858 ], [ 85.335345563287206, 28.156902879175018 ], [ 85.334997368771553, 28.156885298537201 ], [ 85.334954240801494, 28.156889721439669 ], [ 85.334812159276382, 28.156889721422115 ], [ 85.33472593162378, 28.156870859274282 ], [ 85.334680569003709, 28.156830904815564 ], [ 85.33460012078163, 28.156771627790469 ], [ 85.33453386850573, 28.156687607505791 ], [ 85.334476588098525, 28.156630327150534 ], [ 85.334369025138542, 28.156537546760397 ], [ 85.334182861188978, 28.156399118522202 ], [ 85.334067606571338, 28.156336912795087 ], [ 85.334041942624808, 28.156309016828843 ], [ 85.333959537468147, 28.156219446918151 ], [ 85.333638128832661, 28.155988145562933 ], [ 85.333523567794686, 28.155935637934618 ], [ 85.333489049917759, 28.155920543081418 ], [ 85.333478504445978, 28.155916149119975 ], [ 85.333383585979263, 28.15586078112187 ], [ 85.3333428858476, 28.155760600582326 ], [ 85.333328681059029, 28.155740478235895 ], [ 85.333301866630791, 28.155698341463953 ], [ 85.333239874632795, 28.155586758586903 ], [ 85.333041757236771, 28.155343219073679 ], [ 85.33298209028105, 28.155291009989075 ], [ 85.332676343294963, 28.155107011367207 ], [ 85.332399315394269, 28.155049131131836 ], [ 85.332384117381324, 28.155039563111401 ], [ 85.332301303240826, 28.155008842726868 ], [ 85.332223264367727, 28.154947235847409 ], [ 85.332100689563603, 28.154871357017981 ], [ 85.332020814686402, 28.154812781806168 ], [ 85.331923424354883, 28.154749591311241 ], [ 85.331903768524924, 28.15473836043072 ], [ 85.331672211679333, 28.154640175031506 ], [ 85.331446724410682, 28.15460102331939 ], [ 85.331335483778801, 28.154549068979815 ], [ 85.331278748428218, 28.154497382880695 ], [ 85.331083017119042, 28.154405967151444 ], [ 85.331077915861954, 28.154396783651805 ], [ 85.331047788586915, 28.154369336542377 ], [ 85.331047785516233, 28.154369330999732 ], [ 85.33101766296177, 28.154341889085778 ], [ 85.330956202455368, 28.154285897957799 ], [ 85.33089834097359, 28.154233183761789 ], [ 85.330867470368432, 28.154177609678275 ], [ 85.330837343093563, 28.154150163337462 ], [ 85.330837340121931, 28.154150157976524 ], [ 85.33075028406293, 28.154070851310912 ], [ 85.330645335996351, 28.153975241893075 ], [ 85.330585091327563, 28.153920357897192 ], [ 85.33054534980424, 28.153901796434724 ], [ 85.330529157118946, 28.153802351735202 ], [ 85.330388453345662, 28.153549049552794 ], [ 85.330359504343107, 28.153522676283945 ], [ 85.330328636902536, 28.153467105556377 ], [ 85.33030084905603, 28.153441789263979 ], [ 85.330239102976577, 28.153330630042877 ], [ 85.33020898091462, 28.153303187968284 ], [ 85.33017885886801, 28.153275745887605 ], [ 85.330058370835062, 28.153165977504148 ], [ 85.330028248865204, 28.153138535393097 ], [ 85.330016971504847, 28.153128261339575 ], [ 85.329998126910695, 28.153111093275971 ], [ 85.329986849556093, 28.153100819220175 ], [ 85.329968004971533, 28.153083651152766 ], [ 85.329956727622687, 28.153073377094699 ], [ 85.329937883047734, 28.153056209023493 ], [ 85.329836240042539, 28.152963608532048 ], [ 85.329815212374413, 28.152944451529581 ], [ 85.329685638974638, 28.152826403115089 ], [ 85.329623803861594, 28.152797521155566 ], [ 85.329564739860203, 28.152743709492398 ], [ 85.32956473096425, 28.152743705322681 ], [ 85.329534601909032, 28.152716256434253 ], [ 85.329504480198793, 28.152688814217349 ], [ 85.329474358503887, 28.152661371994377 ], [ 85.329414115160148, 28.152606487530186 ], [ 85.329352278012948, 28.152577605247899 ], [ 85.329323321788081, 28.152551225095838 ], [ 85.329266935798273, 28.152524889502498 ], [ 85.329116717157461, 28.152354867653891 ], [ 85.3291159494091, 28.152350151956202 ], [ 85.329086487921913, 28.152297111750073 ], [ 85.329086248271736, 28.152295639925356 ], [ 85.328945549755176, 28.152042336436473 ], [ 85.328756190790642, 28.151869819001558 ], [ 85.328777855982892, 28.151758518233411 ], [ 85.328779117274536, 28.151677309050996 ], [ 85.328733620830903, 28.151397867572275 ], [ 85.328592924223685, 28.151144563775038 ], [ 85.328532682158198, 28.151089678967008 ], [ 85.328441103793907, 28.151006244407419 ], [ 85.328340695569125, 28.150914761968945 ], [ 85.328340688795862, 28.150914758817802 ], [ 85.328310558446091, 28.150887307767327 ], [ 85.328028750391937, 28.150755678304989 ], [ 85.327935349068625, 28.15074139525931 ], [ 85.327785681230225, 28.15067148659962 ], [ 85.32762482379934, 28.15064688784161 ], [ 85.327491409419181, 28.150525335284144 ], [ 85.327461288837782, 28.150497892657931 ], [ 85.327179482912399, 28.150366261528742 ], [ 85.327141541298815, 28.150360459192751 ], [ 85.327105498112147, 28.150317720966971 ], [ 85.32698970053292, 28.150206532731882 ], [ 85.326988534109276, 28.150204432729595 ], [ 85.326968571034641, 28.150186244330019 ], [ 85.326962761174329, 28.15018066571405 ], [ 85.326960581007498, 28.150178964596897 ], [ 85.32695841374759, 28.150176990000883 ], [ 85.326859232525123, 28.150086625626106 ], [ 85.32681176823786, 28.149990717763618 ], [ 85.326626032919535, 28.149794527854407 ], [ 85.326406065721301, 28.149619951726702 ], [ 85.326330549983126, 28.149540462300426 ], [ 85.326251450297548, 28.149477961468278 ], [ 85.326134740632156, 28.14937162377889 ], [ 85.325852942527064, 28.149239989050681 ], [ 85.325849631196931, 28.1492394826229 ], [ 85.325731612595661, 28.149184354031373 ], [ 85.325729954900666, 28.14918410047537 ], [ 85.325670939063968, 28.149156533896093 ], [ 85.325669301379861, 28.14915628347196 ], [ 85.325610317050433, 28.149128729165415 ], [ 85.325564426298712, 28.149121709336363 ], [ 85.325519089824738, 28.149100531793543 ], [ 85.325205188712715, 28.149052523066938 ], [ 85.325203634487906, 28.149052504064574 ], [ 85.325062661854631, 28.14898665231453 ], [ 85.324748761332955, 28.148938642563834 ], [ 85.324657138847968, 28.148937522030515 ], [ 85.324469154850519, 28.148961560039371 ], [ 85.324270286071567, 28.148868662091626 ], [ 85.323956386344179, 28.148820650553645 ], [ 85.323925845561149, 28.148820276874162 ], [ 85.323732597057244, 28.148844987067196 ], [ 85.323681827174042, 28.148844365788964 ], [ 85.323659891818423, 28.148834118929226 ], [ 85.323481361075977, 28.148806811584837 ], [ 85.32347706965821, 28.148804806877795 ], [ 85.323394766157875, 28.148792217938222 ], [ 85.322762890907242, 28.148485278845232 ], [ 85.322533314634086, 28.148176677485196 ], [ 85.322510813576315, 28.148136161721673 ], [ 85.322511017786269, 28.148135112816785 ], [ 85.322512283614003, 28.148053903852126 ], [ 85.322466804582191, 28.147774460913855 ], [ 85.322326127356476, 28.147521151385636 ], [ 85.322104022872111, 28.147318770834229 ], [ 85.321822232219958, 28.147187129260185 ], [ 85.32182058076306, 28.147186876636898 ], [ 85.321761578932509, 28.147159312841971 ], [ 85.321627264524366, 28.147138765834985 ], [ 85.321609294535207, 28.14713037087806 ], [ 85.321519198505015, 28.147116588668958 ], [ 85.321487542783672, 28.147101800606453 ], [ 85.321485896407864, 28.147101548763448 ], [ 85.321461374386857, 28.147090092929854 ], [ 85.321435935570861, 28.147066912841119 ], [ 85.321405817527136, 28.147039468977542 ], [ 85.321124028520842, 28.146907826029761 ], [ 85.321108011035506, 28.146905375748812 ], [ 85.321102526562385, 28.14690037820947 ], [ 85.321102525045234, 28.146900377559128 ], [ 85.321072400503311, 28.146872927950504 ], [ 85.320948750977635, 28.146815164089649 ], [ 85.320932246797369, 28.146800125164411 ], [ 85.320932242736163, 28.146800117894685 ], [ 85.320815185271528, 28.146693456286719 ], [ 85.320800503454905, 28.146680077891116 ], [ 85.320770385683829, 28.146652633897922 ], [ 85.320740267928102, 28.146625189898657 ], [ 85.320680032462676, 28.146570301881937 ], [ 85.320586328211775, 28.146526525498494 ], [ 85.320570415064111, 28.146497870183158 ], [ 85.320540297402971, 28.146470426143381 ], [ 85.320480062126705, 28.146415538045616 ], [ 85.32038849408319, 28.146332098485104 ], [ 85.320288097174512, 28.146240610563584 ], [ 85.320288090401789, 28.146240607412061 ], [ 85.320257963447673, 28.146213154716254 ], [ 85.319976178084204, 28.146081509544778 ], [ 85.319923952920746, 28.146073519789436 ], [ 85.319894019060314, 28.146046242844566 ], [ 85.319863901699975, 28.146018798667161 ], [ 85.319821850465317, 28.145999152950353 ], [ 85.31981784192314, 28.14599494744256 ], [ 85.319794230825309, 28.145982766329936 ], [ 85.31971289252111, 28.145908647313771 ], [ 85.319651069046543, 28.145879764146141 ], [ 85.319622126274538, 28.145853389701649 ], [ 85.319622122838709, 28.145853388035022 ], [ 85.319606682423967, 28.145839318559467 ], [ 85.319531766448691, 28.145771051560704 ], [ 85.319471532083298, 28.14571616305296 ], [ 85.319347878550673, 28.145658393242421 ], [ 85.319331376580365, 28.145643355785747 ], [ 85.319169515704175, 28.145495859387765 ], [ 85.31913939868376, 28.145468415063498 ], [ 85.319109281678692, 28.145440970733162 ], [ 85.318827499820941, 28.145309323331396 ], [ 85.318658075097517, 28.145283402013206 ], [ 85.318488683796858, 28.145180020162737 ], [ 85.318424063941777, 28.145063650891359 ], [ 85.31839394723545, 28.145036206414897 ], [ 85.318244533964702, 28.144900050160746 ], [ 85.318213668700608, 28.144844467003608 ], [ 85.317991575839756, 28.144642080075617 ], [ 85.317867928714321, 28.144584311677946 ], [ 85.317779934210677, 28.144504121078942 ], [ 85.317779925315904, 28.144504116908504 ], [ 85.317749801602119, 28.14447666562387 ], [ 85.317564327932473, 28.144390010108459 ], [ 85.317507617879514, 28.144338329105722 ], [ 85.317507611107004, 28.14433832595407 ], [ 85.317477485401938, 28.144310872692763 ], [ 85.31735575744213, 28.144253999589363 ], [ 85.31725910058617, 28.144178457244781 ], [ 85.317261540587609, 28.144175901120882 ], [ 85.317253158693262, 28.14416961500546 ], [ 85.317228972823671, 28.144151474646698 ], [ 85.317201881237878, 28.144131156434277 ], [ 85.317184587869065, 28.144120221582231 ], [ 85.317158263420254, 28.144099647541921 ], [ 85.317144258803694, 28.144094720818796 ], [ 85.317065130684355, 28.144044686573178 ], [ 85.316796626776281, 28.143902976176033 ], [ 85.316609629400631, 28.143825836435319 ], [ 85.316512670300696, 28.143796003492028 ], [ 85.316409067049875, 28.143771575808749 ], [ 85.316288151467617, 28.143679794137103 ], [ 85.316205485900412, 28.143628127731496 ], [ 85.316180070034264, 28.143609065975099 ], [ 85.316156686604188, 28.143592050507969 ], [ 85.316045614328502, 28.143513645791518 ], [ 85.315760475516655, 28.143371855042336 ], [ 85.315439336009817, 28.143317488755496 ], [ 85.315251014340291, 28.143339960897109 ], [ 85.314951833332515, 28.143198236068134 ], [ 85.314821795324264, 28.143063977493377 ], [ 85.314543379917367, 28.142915719763504 ], [ 85.314391449001349, 28.142861809233779 ], [ 85.314367313568184, 28.142856921843549 ], [ 85.314358292786125, 28.142801466489363 ], [ 85.314217640967712, 28.142548149558792 ], [ 85.314082946513665, 28.142425395130054 ], [ 85.314032951019215, 28.142264304173555 ], [ 85.314020565455451, 28.142202379840711 ], [ 85.31398560940201, 28.14207898415113 ], [ 85.313960301629194, 28.142010504733673 ], [ 85.313852972898047, 28.141808688369959 ], [ 85.313801495632759, 28.141736622175735 ], [ 85.313632667553534, 28.141486293976005 ], [ 85.313625072469094, 28.141469584880653 ], [ 85.313619450156523, 28.141457470289573 ], [ 85.313552322170608, 28.141315759511091 ], [ 85.313490113159048, 28.141206019855801 ], [ 85.313415528500173, 28.141094143880242 ], [ 85.313362073786621, 28.14102206564533 ], [ 85.31319052786975, 28.140813228790748 ], [ 85.313058027714419, 28.140681294658997 ], [ 85.31289394071726, 28.140547042831237 ], [ 85.312739050632217, 28.140442732985885 ], [ 85.312615403512723, 28.140374926857557 ], [ 85.312553114149253, 28.140292926360885 ], [ 85.312447223852203, 28.140202163860721 ], [ 85.312378828379664, 28.140124649368296 ], [ 85.312041459346716, 28.139877613806544 ], [ 85.311877373860654, 28.139803029120692 ], [ 85.311672729659918, 28.139733507701173 ], [ 85.311322183256991, 28.13965146594111 ], [ 85.311062293287108, 28.139621566207811 ], [ 85.310913125133737, 28.139621566629405 ], [ 85.310494393663618, 28.139701435957296 ], [ 85.3104393148719, 28.139723467435942 ], [ 85.310421272860324, 28.139723910809217 ], [ 85.310188776540826, 28.139759055891645 ], [ 85.310182404396059, 28.139720823374891 ], [ 85.310180208765487, 28.139721110904123 ], [ 85.310181410446361, 28.139644553078931 ], [ 85.310135966018407, 28.139365107253681 ], [ 85.309995328424392, 28.1391117864896 ], [ 85.309965214949798, 28.139084339752777 ], [ 85.309965212969189, 28.139084336208629 ], [ 85.309789410284694, 28.138924103297608 ], [ 85.309773264720249, 28.138909387453577 ], [ 85.309773264315922, 28.138909387268093 ], [ 85.309743146533648, 28.138881936731824 ], [ 85.309461390757917, 28.138750272129776 ], [ 85.309147526087131, 28.138702230633822 ], [ 85.309055913034399, 28.138701100946783 ], [ 85.308740666626264, 28.138741383583003 ], [ 85.308680823140335, 28.138767488959008 ], [ 85.308679161591868, 28.138767701291655 ], [ 85.308535222112752, 28.13883049218942 ], [ 85.30845280498805, 28.138791977096329 ], [ 85.308291970834887, 28.138767356545998 ], [ 85.308291970733094, 28.138767356544736 ], [ 85.308279042507451, 28.138755572740436 ], [ 85.30826812929935, 28.138745625656387 ], [ 85.308111535553834, 28.138554061134126 ], [ 85.307597115081549, 28.13705188236575 ], [ 85.307499368112076, 28.136854831558754 ], [ 85.307351755105813, 28.136683908136764 ], [ 85.307000754864447, 28.136364909975828 ], [ 85.306781909158076, 28.136213961329897 ], [ 85.306525231456035, 28.136120961973511 ], [ 85.306448072888855, 28.136103395739866 ], [ 85.306436070601805, 28.136081774690648 ], [ 85.306403351137718, 28.135880528688404 ], [ 85.306392241897811, 28.135860516354093 ], [ 85.306383572994974, 28.13580719786529 ], [ 85.306394097695147, 28.135753178377175 ], [ 85.306394523470047, 28.135726108898471 ], [ 85.306349092085227, 28.135446667873122 ], [ 85.306208473968383, 28.135193347822938 ], [ 85.306178357442022, 28.13516589475967 ], [ 85.306178355362647, 28.135165891033754 ], [ 85.306121642378343, 28.135114195334886 ], [ 85.306029075160936, 28.134947442951773 ], [ 85.305807023163666, 28.134745037469742 ], [ 85.305794462300454, 28.134739167142182 ], [ 85.305788186061392, 28.134727861106796 ], [ 85.305759249777509, 28.134701485323266 ], [ 85.305728398605979, 28.134645908222588 ], [ 85.305699457553473, 28.134619527224107 ], [ 85.305668603466245, 28.134563944660037 ], [ 85.305638492958167, 28.13453649760654 ], [ 85.305634355775553, 28.134532726380922 ], [ 85.305519704950214, 28.134358693671295 ], [ 85.305517829581305, 28.134356757199203 ], [ 85.30550719607588, 28.134345952212513 ], [ 85.305169232802882, 28.134007992499559 ], [ 85.305085851323483, 28.133933775645559 ], [ 85.305050134670793, 28.133905477210224 ], [ 85.305016708102954, 28.133861474053422 ], [ 85.305004630600138, 28.133766080428988 ], [ 85.305003623558306, 28.133755969005122 ], [ 85.305003606706165, 28.133755319183479 ], [ 85.305009713956338, 28.133602325891243 ], [ 85.305010306924189, 28.133578786506593 ], [ 85.305010937611257, 28.133518538575171 ], [ 85.305010000651066, 28.133470561649645 ], [ 85.305007353560242, 28.133417143839768 ], [ 85.30500185094229, 28.133355062260062 ], [ 85.304995690179723, 28.133306904026497 ], [ 85.304991167738919, 28.133276251555834 ], [ 85.304976854017951, 28.133190662725998 ], [ 85.304960593838274, 28.133115541188886 ], [ 85.304953622614917, 28.133089380178657 ], [ 85.304927623297857, 28.133008757875945 ], [ 85.304919072485518, 28.132986255879519 ], [ 85.304870824292408, 28.132881506768403 ], [ 85.304848820622439, 28.132841166670964 ], [ 85.304788959316738, 28.132746428797855 ], [ 85.304758753257772, 28.132704725534669 ], [ 85.304673726403323, 28.132603640159186 ], [ 85.304652069153619, 28.132581332484662 ], [ 85.30453833021447, 28.132481310256818 ], [ 85.304510576064814, 28.132460476704935 ], [ 85.304417129263555, 28.132398135100306 ], [ 85.304404083302032, 28.132390430746117 ], [ 85.304400638235947, 28.132382921086673 ], [ 85.304392386909285, 28.132361678492444 ], [ 85.30438320233425, 28.132271530152661 ], [ 85.304370022545072, 28.132187011122348 ], [ 85.304358343656546, 28.13213158360643 ], [ 85.304333272262767, 28.132039611852402 ], [ 85.304317059826658, 28.131991372533129 ], [ 85.304295800346722, 28.131934977037329 ], [ 85.304273919459405, 28.131882726391968 ], [ 85.304255328135241, 28.131841472784082 ], [ 85.304228539606086, 28.131786031563387 ], [ 85.304216949192579, 28.131762943018174 ], [ 85.304174099007241, 28.131680703002164 ], [ 85.304134161125631, 28.131599969082163 ], [ 85.30412076400296, 28.131574010901424 ], [ 85.304100262115298, 28.131535892259812 ], [ 85.304068216332325, 28.131481200177387 ], [ 85.304044860507901, 28.13144446312026 ], [ 85.30398986919991, 28.131367356881572 ], [ 85.303965755465327, 28.131337053317154 ], [ 85.303906149644575, 28.131269249853965 ], [ 85.303885416127557, 28.131247850576564 ], [ 85.303841340313383, 28.131205204373309 ], [ 85.303817423068651, 28.131183502153167 ], [ 85.303759937891897, 28.131135246034685 ], [ 85.303700171299667, 28.13108884650655 ], [ 85.303619355284624, 28.131032245087816 ], [ 85.303566437311005, 28.130998893665126 ], [ 85.303470521492102, 28.130945309985307 ], [ 85.303407915364176, 28.130914512647248 ], [ 85.303332119486583, 28.130880807687294 ], [ 85.303261539725412, 28.130852619940168 ], [ 85.30321740519679, 28.130836090010547 ], [ 85.303097712483975, 28.130794175462952 ], [ 85.303067271179145, 28.130784010733521 ], [ 85.303033818850707, 28.130773378494638 ], [ 85.302976633461171, 28.130756876132917 ], [ 85.302938629787192, 28.130746999752194 ], [ 85.302904961300428, 28.130739129496831 ], [ 85.302904321476021, 28.130738256355134 ], [ 85.302829678280219, 28.130648957149901 ], [ 85.302826821356433, 28.130645946255537 ], [ 85.302797522928117, 28.130583903649836 ], [ 85.302794628351663, 28.130577836363585 ], [ 85.302501230270934, 28.129969045009208 ], [ 85.302437170035731, 28.129826463032138 ], [ 85.302433552296321, 28.12970930917421 ], [ 85.302358182530668, 28.12939240457932 ], [ 85.3021911797114, 28.129030405599639 ], [ 85.302018402945123, 28.128781159186172 ], [ 85.301764764742416, 28.128594008706056 ], [ 85.301303649366787, 28.128353762577206 ], [ 85.301214670854549, 28.12820592312918 ], [ 85.301198094745061, 28.128157703065984 ], [ 85.301058101345376, 28.127903019976266 ], [ 85.300835932440592, 28.127699368941425 ], [ 85.300821747900599, 28.12769271247253 ], [ 85.300771018453631, 28.127627847817561 ], [ 85.300744360847176, 28.127595333481313 ], [ 85.300672860949817, 28.127512088253674 ], [ 85.300659906888924, 28.127486766096702 ], [ 85.300610463621581, 28.127402270739868 ], [ 85.300592259162528, 28.127374808737429 ], [ 85.300575542853778, 28.127352533480138 ], [ 85.300577797634858, 28.127345230054683 ], [ 85.300613134957388, 28.127071841392457 ], [ 85.30055389109431, 28.12680172245086 ], [ 85.300405575873114, 28.126559990723681 ], [ 85.300117574591766, 28.12622499234482 ], [ 85.299831150277356, 28.125997901140291 ], [ 85.298976991291838, 28.125544208463605 ], [ 85.298820939341425, 28.125344156949392 ], [ 85.298659446453115, 28.124991814093086 ], [ 85.298523051152145, 28.124781099758888 ], [ 85.298328193343352, 28.124610279398354 ], [ 85.298238792901003, 28.124550679902381 ], [ 85.297996016973926, 28.124430893262861 ], [ 85.29775184245824, 28.124346695156074 ], [ 85.297704007139274, 28.124306219543552 ], [ 85.297558919336197, 28.124204112069958 ], [ 85.297097017068253, 28.123935911744109 ], [ 85.29678361971051, 28.123816308360869 ], [ 85.296756206766645, 28.123796141802199 ], [ 85.296654542914681, 28.123724013971973 ], [ 85.29663632657531, 28.123711388183164 ], [ 85.296536981188538, 28.123644129138025 ], [ 85.296506846931308, 28.123624493940021 ], [ 85.296419725042242, 28.123569882613339 ], [ 85.29637960330102, 28.123545979016917 ], [ 85.296345455799639, 28.123526662118429 ], [ 85.296134433307415, 28.123354757665087 ], [ 85.296034508350559, 28.123294338260379 ], [ 85.295939859308561, 28.123224228731345 ], [ 85.295890383052154, 28.123189823833137 ], [ 85.295777305019087, 28.123116076996041 ], [ 85.295683559912689, 28.123061722026112 ], [ 85.295559916438975, 28.122998355665707 ], [ 85.295519655411667, 28.122869494742314 ], [ 85.295379616047654, 28.122661928526501 ], [ 85.295366693180824, 28.122647569836971 ], [ 85.295337189476086, 28.122614788443602 ], [ 85.295144629316539, 28.122450658330592 ], [ 85.294954049866334, 28.122357796243868 ], [ 85.294894710059566, 28.122301878030083 ], [ 85.294865210865623, 28.122283851134988 ], [ 85.294679927168161, 28.122194192518624 ], [ 85.294635679371865, 28.122177803305508 ], [ 85.294614207718496, 28.122173143559056 ], [ 85.294577526626426, 28.122139797188446 ], [ 85.294497689762522, 28.122066347597311 ], [ 85.294358286934056, 28.121959422991349 ], [ 85.294322232752378, 28.121936479777165 ], [ 85.294097702848205, 28.121831165133848 ], [ 85.293327449374203, 28.121175660050753 ], [ 85.29301445050578, 28.120791024708375 ], [ 85.292775458391219, 28.120581444758205 ], [ 85.292247459946722, 28.120251447004389 ], [ 85.292092099864234, 28.120175477235342 ], [ 85.292088978001345, 28.120173296729998 ], [ 85.292055187463291, 28.120150887448411 ], [ 85.291998433807194, 28.120115850666817 ], [ 85.291948160964083, 28.120087012414643 ], [ 85.291908924391976, 28.120065605949943 ], [ 85.291827243610342, 28.120023271947041 ], [ 85.291769113147993, 28.119979572880347 ], [ 85.291744802089553, 28.119961862605358 ], [ 85.291707365964783, 28.11993543956336 ], [ 85.291678619361193, 28.11991588066229 ], [ 85.2916032923156, 28.119866492620183 ], [ 85.291578594067374, 28.119850799428676 ], [ 85.291518159696366, 28.119813597356497 ], [ 85.291482205076747, 28.119792451436449 ], [ 85.29142642207249, 28.119761132869556 ], [ 85.291379963330087, 28.119736558027569 ], [ 85.291327446050289, 28.119710430635411 ], [ 85.291273825123085, 28.119685582372426 ], [ 85.291217923014415, 28.119661524570752 ], [ 85.291204045101608, 28.119655953598649 ], [ 85.290934439425882, 28.119345733770402 ], [ 85.290900580901464, 28.119280198189269 ], [ 85.290868572911862, 28.11923618630799 ], [ 85.290670516446809, 28.119036251158931 ], [ 85.290654512643428, 28.119024247936299 ], [ 85.290649731185383, 28.11902123500586 ], [ 85.290476687898703, 28.118867808846883 ], [ 85.290249204370141, 28.118750656972608 ], [ 85.290126930967062, 28.118705252710896 ], [ 85.290112457956639, 28.118695255442599 ], [ 85.290086984027838, 28.118680396146534 ], [ 85.290075989706907, 28.118673982913062 ], [ 85.289920685303954, 28.11860913348351 ], [ 85.289916038370592, 28.118566648415577 ], [ 85.289884028281122, 28.118466622403123 ], [ 85.289812800296914, 28.118305101102539 ], [ 85.28978079214528, 28.118249087681917 ], [ 85.289652219812254, 28.118076526564884 ], [ 85.289592913594106, 28.118013925925339 ], [ 85.289521008870807, 28.117931748299082 ], [ 85.289502167025816, 28.117912657486606 ], [ 85.289459353294447, 28.117829010141008 ], [ 85.289399337904783, 28.117728983827863 ], [ 85.289339312044248, 28.11762894418359 ], [ 85.289136635291456, 28.117394241103241 ], [ 85.288859290738358, 28.11723019584386 ], [ 85.288799275226495, 28.117206190446886 ], [ 85.288514709312892, 28.11713420968389 ], [ 85.288425423131628, 28.117135306825936 ], [ 85.288393647455209, 28.117115388886077 ], [ 85.28831500149596, 28.117087694311017 ], [ 85.288142455560987, 28.117006358774152 ], [ 85.28808017045597, 28.116963538430493 ], [ 85.28791261035299, 28.116869956826029 ], [ 85.287876600688634, 28.116853951787959 ], [ 85.287718081655385, 28.11680631531404 ], [ 85.287362934188863, 28.116638904059112 ], [ 85.287189083356395, 28.11653442975096 ], [ 85.287160775881503, 28.116508613967362 ], [ 85.287098975684827, 28.116479714997656 ], [ 85.287024507230086, 28.116411804755717 ], [ 85.286989787868876, 28.116380141915386 ], [ 85.28688944721867, 28.116288631589388 ], [ 85.28688944044886, 28.11628862843633 ], [ 85.286859330376402, 28.116261169017456 ], [ 85.286577666023405, 28.116129459794358 ], [ 85.286576013419349, 28.116129206477133 ], [ 85.286517034895979, 28.116101627395704 ], [ 85.28650102266306, 28.116099173197867 ], [ 85.286435340410293, 28.116039272587773 ], [ 85.286311739459194, 28.115981474977957 ], [ 85.286253876962277, 28.115928705581887 ], [ 85.286006675657404, 28.115813109946718 ], [ 85.285951151691293, 28.115762472916796 ], [ 85.285898429210064, 28.115737818789977 ], [ 85.285872120204587, 28.115690397260806 ], [ 85.285843189085938, 28.115664012434095 ], [ 85.28581235038321, 28.115608425937829 ], [ 85.285590380329708, 28.115405991147643 ], [ 85.285528580286893, 28.115377091951299 ], [ 85.285520653942683, 28.115369863163917 ], [ 85.28547646743003, 28.1150977204829 ], [ 85.28533591777817, 28.114844377470764 ], [ 85.285275718107542, 28.114789475206283 ], [ 85.285245618295207, 28.114762024064984 ], [ 85.285201652530176, 28.114721927087061 ], [ 85.285083882946523, 28.114614513339948 ], [ 85.285083869609323, 28.114614507126436 ], [ 85.284993567544277, 28.114532148116847 ], [ 85.284993558451191, 28.114532143851648 ], [ 85.284963451658868, 28.114504686156931 ], [ 85.284901653920414, 28.114475787446608 ], [ 85.284812530790205, 28.11439450467029 ], [ 85.284578302536929, 28.114284967834337 ], [ 85.284492266188792, 28.114129882078963 ], [ 85.284462166760619, 28.114102430779951 ], [ 85.284270301626677, 28.113927445352086 ], [ 85.284240202311452, 28.113899994008531 ], [ 85.284185233408053, 28.113874288172156 ], [ 85.284115588746403, 28.113726129082874 ], [ 85.284107396702325, 28.11367592816784 ], [ 85.284087391126164, 28.11361591229857 ], [ 85.283963403609164, 28.113378119841443 ], [ 85.283950674629182, 28.113360845002724 ], [ 85.283926683240836, 28.113316060240773 ], [ 85.283910876176591, 28.113290631785635 ], [ 85.283652440662962, 28.112740846420955 ], [ 85.283467675426664, 28.112482535740714 ], [ 85.282522673750066, 28.111556540847939 ], [ 85.282276348451148, 28.111380229805981 ], [ 85.281349328047298, 28.110906332024516 ], [ 85.281266057287198, 28.110830381223156 ], [ 85.281093645690703, 28.110749747177195 ], [ 85.280976780987373, 28.110539070053218 ], [ 85.280754830369645, 28.110336628148623 ], [ 85.280693036800869, 28.110307727957224 ], [ 85.280664106376975, 28.110281340306852 ], [ 85.280664104356092, 28.110281339379025 ], [ 85.280649953165508, 28.110268431968276 ], [ 85.280526614971421, 28.110046081758998 ], [ 85.280404044570886, 28.109934283722218 ], [ 85.280274577086701, 28.109816192484089 ], [ 85.280262008862024, 28.109810314241667 ], [ 85.280255739945702, 28.109799012724952 ], [ 85.280226811770163, 28.109772626821293 ], [ 85.280196197391959, 28.109717435550085 ], [ 85.280188612297351, 28.109670704267753 ], [ 85.280129761587887, 28.109564611365638 ], [ 85.280129283854137, 28.109561668136735 ], [ 85.280106679073441, 28.109520916403838 ], [ 85.280100050618472, 28.109480077546117 ], [ 85.27995952050594, 28.109226729702428 ], [ 85.279929423588229, 28.109199277500498 ], [ 85.27973757445686, 28.10902428631714 ], [ 85.279707477652082, 28.108996834070691 ], [ 85.279425841360109, 28.10886511123794 ], [ 85.279337445321019, 28.108851557532777 ], [ 85.279324463830491, 28.108839716612245 ], [ 85.279162712899776, 28.108692177008358 ], [ 85.279132616336554, 28.108664724644971 ], [ 85.279102519788651, 28.108637272275544 ], [ 85.278978931411388, 28.108579468540583 ], [ 85.278921076451653, 28.108526696327797 ], [ 85.278890979996831, 28.108499243915464 ], [ 85.278867324595367, 28.108477666681182 ], [ 85.278860883557329, 28.108471791497106 ], [ 85.278740501174227, 28.108361983969719 ], [ 85.27869034013419, 28.108338522581821 ], [ 85.278683780205299, 28.108298101297379 ], [ 85.27854326062527, 28.108044756308221 ], [ 85.278513158695219, 28.108017297703011 ], [ 85.278513156617294, 28.108017293976726 ], [ 85.278483060406415, 28.107989841483757 ], [ 85.278455302281969, 28.107964521768341 ], [ 85.278455302183104, 28.107964521586602 ], [ 85.278393636479606, 28.107853345583226 ], [ 85.278364709277724, 28.107826959322612 ], [ 85.278333876544096, 28.107771371352019 ], [ 85.278303780446265, 28.107743918823804 ], [ 85.278251361407001, 28.107696104100427 ], [ 85.27806703995455, 28.107491524686989 ], [ 85.277814787501114, 28.107339785129483 ], [ 85.277523172105674, 28.10726108881946 ], [ 85.277457529712052, 28.107252582480374 ], [ 85.277436465637649, 28.107242730101209 ], [ 85.277122713067016, 28.107194617196001 ], [ 85.277004991079934, 28.10719313793809 ], [ 85.276812599732736, 28.107168640935765 ], [ 85.276773234332836, 28.107151117538301 ], [ 85.276770404305282, 28.107156115953394 ], [ 85.276756699441947, 28.107149705722211 ], [ 85.276759389436393, 28.10714495454366 ], [ 85.276727980869154, 28.107130973129262 ], [ 85.276718466023212, 28.107124436411322 ], [ 85.27667237085393, 28.107094225715166 ], [ 85.276630554047031, 28.107068231860463 ], [ 85.276608662379402, 28.107055337772366 ], [ 85.276547505047617, 28.106993055832604 ], [ 85.276520167059573, 28.106970493881043 ], [ 85.276406851653334, 28.106889573221022 ], [ 85.276376607671196, 28.106870970924952 ], [ 85.276327945904427, 28.106843006724414 ], [ 85.276252224597656, 28.106781885198931 ], [ 85.276233484907124, 28.106768760293576 ], [ 85.276218453823176, 28.106759421824979 ], [ 85.276090487302085, 28.106656289366192 ], [ 85.276062427352088, 28.106605697476962 ], [ 85.276032332169848, 28.106578244485512 ], [ 85.275840494101061, 28.106403248269515 ], [ 85.275810399031741, 28.106375795233564 ], [ 85.275651861427534, 28.106301639110356 ], [ 85.275644814145352, 28.106295931873237 ], [ 85.275643138364643, 28.106297558830153 ], [ 85.275638169069509, 28.106295234434509 ], [ 85.27559277265479, 28.106248773338525 ], [ 85.275544506485545, 28.106211894660923 ], [ 85.275527754475476, 28.106187912656544 ], [ 85.275510136510604, 28.106173934023698 ], [ 85.275460093606327, 28.106083705659465 ], [ 85.275238162561578, 28.105881255559694 ], [ 85.275176367441944, 28.105852350443421 ], [ 85.275147437055637, 28.105825959798008 ], [ 85.274865810227411, 28.105694229715418 ], [ 85.274552059475866, 28.105646114813887 ], [ 85.274491003936944, 28.105645347406345 ], [ 85.274415042177395, 28.105655038837721 ], [ 85.274377385848197, 28.105645314727358 ], [ 85.274356754978626, 28.105626494460779 ], [ 85.274326660511406, 28.105599041122421 ], [ 85.27432665535926, 28.105599038711119 ], [ 85.274296549757977, 28.105571576111299 ], [ 85.274111194768878, 28.105484877696014 ], [ 85.274054510943401, 28.105433168227528 ], [ 85.273883671836472, 28.105353254639198 ], [ 85.27383217177271, 28.105292883294258 ], [ 85.273810176297374, 28.105270758103089 ], [ 85.27375134285785, 28.105219149517463 ], [ 85.273750806635789, 28.105183409718322 ], [ 85.273745071938521, 28.10513366647309 ], [ 85.273734676770886, 28.105067682792434 ], [ 85.273729695088846, 28.105042803503419 ], [ 85.273710381823207, 28.104965983932217 ], [ 85.273703358991824, 28.104942851428596 ], [ 85.273668558422145, 28.104849018676529 ], [ 85.273661101332181, 28.104832095225529 ], [ 85.273615866390628, 28.104743765226701 ], [ 85.273605336497781, 28.104725832010462 ], [ 85.273555204998758, 28.104649766955969 ], [ 85.273514980572457, 28.104595052833954 ], [ 85.273471373342943, 28.104534887235683 ], [ 85.273448824941667, 28.104505096078285 ], [ 85.273409618837647, 28.104455458420635 ], [ 85.273376561133077, 28.104415943116894 ], [ 85.273338656531521, 28.104373124771431 ], [ 85.273294381454406, 28.104326448298565 ], [ 85.273256842172572, 28.104289484449239 ], [ 85.273203166818874, 28.104240494637057 ], [ 85.273151153594824, 28.10419648417772 ], [ 85.273089395389434, 28.104148302780708 ], [ 85.273055698791254, 28.104124084354574 ], [ 85.273004354919848, 28.104089513164823 ], [ 85.272968696520465, 28.104067046103758 ], [ 85.272915735413648, 28.104035838296149 ], [ 85.272880406787962, 28.10401640338883 ], [ 85.272867653422907, 28.103993407233869 ], [ 85.272837559786055, 28.103965953599356 ], [ 85.272829574141156, 28.103958668501893 ], [ 85.27282948402727, 28.103957787893901 ], [ 85.272821345564978, 28.103899437380921 ], [ 85.272813172768053, 28.103853249875279 ], [ 85.272799743766114, 28.103791496230425 ], [ 85.272788814567349, 28.103749220306256 ], [ 85.272788398567826, 28.103744635309052 ], [ 85.272783651385964, 28.103703901716855 ], [ 85.272782103729497, 28.103693039029455 ], [ 85.272705032218155, 28.103444906446569 ], [ 85.272552101236343, 28.10322615826658 ], [ 85.272469335237901, 28.103160523208924 ], [ 85.272373730366709, 28.102983073989876 ], [ 85.272161365451495, 28.102781858449973 ], [ 85.271941549630512, 28.102628944623618 ], [ 85.271936960995632, 28.10262577123568 ], [ 85.271755956162622, 28.102501331494402 ], [ 85.271627650810686, 28.102383717842528 ], [ 85.271534599448486, 28.102308370106496 ], [ 85.271325997520449, 28.10215936998209 ], [ 85.271164657562764, 28.102065023332631 ], [ 85.270959479232943, 28.101968469054619 ], [ 85.270781098623814, 28.101861441881482 ], [ 85.270767144722839, 28.10185321728105 ], [ 85.27058857414039, 28.101749834869391 ], [ 85.270529108308679, 28.101694617354696 ], [ 85.270477863357669, 28.101604939909109 ], [ 85.270371573286965, 28.101456745541917 ], [ 85.270148069656145, 28.101203444976658 ], [ 85.269991940543932, 28.101061780156041 ], [ 85.269707823439006, 28.100855149074867 ], [ 85.269583370606625, 28.100742010903581 ], [ 85.269366016086778, 28.100591799086672 ], [ 85.269156650887595, 28.10051539767321 ], [ 85.268983289629972, 28.100414527011694 ], [ 85.268666606827367, 28.100292407426469 ], [ 85.268322102656171, 28.100271230804488 ], [ 85.267745107426308, 28.100323230588021 ], [ 85.267742099526345, 28.10032413379523 ], [ 85.267683019034607, 28.100257987535812 ], [ 85.267548917695976, 28.100138787181379 ], [ 85.267435931741616, 28.100038355596958 ], [ 85.267287733293657, 28.099890159188487 ], [ 85.267074605615093, 28.099662824857745 ], [ 85.266949240036922, 28.099550708475398 ], [ 85.266889639215975, 28.099506006944964 ], [ 85.266650894893758, 28.099372420615062 ], [ 85.266431218794693, 28.099284551698453 ], [ 85.266340639776104, 28.099221691567287 ], [ 85.266091294395039, 28.099083165363371 ], [ 85.265918376277313, 28.098977493816442 ], [ 85.265900855490898, 28.098961920007504 ], [ 85.265806532833693, 28.098850448576552 ], [ 85.2658522992906, 28.098716222560654 ], [ 85.265852015150301, 28.098686495078685 ], [ 85.26593280864266, 28.09845887803035 ], [ 85.265922899098783, 28.098158810965593 ], [ 85.265901931911586, 28.098109933211617 ], [ 85.265907353325687, 28.098027298468743 ], [ 85.265895620281427, 28.097828651012151 ], [ 85.265821116511574, 28.097426347574171 ], [ 85.265796326639261, 28.097327528291867 ], [ 85.265694263384347, 28.09700676690408 ], [ 85.265692006840681, 28.096999676872471 ], [ 85.265646019305834, 28.096904372542273 ], [ 85.265629258972169, 28.09684383721061 ], [ 85.265521490589776, 28.096606602393763 ], [ 85.265342993743616, 28.096405708581226 ], [ 85.265108107257234, 28.09625729309845 ], [ 85.264835699114244, 28.096173277940739 ], [ 85.264547651302635, 28.096160411666173 ], [ 85.264107094856456, 28.096196401101555 ], [ 85.264079969974887, 28.096195496974978 ], [ 85.263950464513115, 28.096181107700883 ], [ 85.263855894226637, 28.09615408706188 ], [ 85.263667865738867, 28.096091411068915 ], [ 85.263364553969396, 28.095951421898796 ], [ 85.263330780745122, 28.095933236414265 ], [ 85.263328392691662, 28.095930848343556 ], [ 85.263194289547954, 28.095796746103129 ], [ 85.263061910139939, 28.095709708308839 ], [ 85.262720254137491, 28.09527111393604 ], [ 85.262525181339058, 28.095083997276827 ], [ 85.261807182570152, 28.094566000713403 ], [ 85.261578999627943, 28.094441666950608 ], [ 85.259156013579741, 28.093484674887964 ], [ 85.258714703975826, 28.093406933428355 ], [ 85.258258875044106, 28.093417779903412 ], [ 85.258172715302535, 28.093380319534177 ], [ 85.258117957335543, 28.093358267120401 ], [ 85.258052669262227, 28.093334011284153 ], [ 85.257994471539121, 28.093314224953058 ], [ 85.257920137199349, 28.093291242180509 ], [ 85.257879025907329, 28.093279393657994 ], [ 85.25780717910763, 28.093260173288545 ], [ 85.257787989312689, 28.093255221369745 ], [ 85.257633382751848, 28.093216782115558 ], [ 85.257593481336116, 28.093205563469951 ], [ 85.257579792269368, 28.093200928140757 ], [ 85.257499338222061, 28.093160696659393 ], [ 85.25744640688734, 28.093136020116187 ], [ 85.25737959934159, 28.093107063481174 ], [ 85.257334819101288, 28.093088831757576 ], [ 85.257264630202386, 28.093062060338191 ], [ 85.257221511430743, 28.093046639265737 ], [ 85.25714778643561, 28.093021993330122 ], [ 85.257106744654067, 28.093009155259864 ], [ 85.257029250781088, 28.092986555131922 ], [ 85.256990636563941, 28.092976042169809 ], [ 85.256909334506787, 28.092955463878113 ], [ 85.25687352309798, 28.092947021874124 ], [ 85.256787685419795, 28.092928263937068 ], [ 85.256754875980931, 28.092921602570847 ], [ 85.256663860782524, 28.092904523253111 ], [ 85.256634409680657, 28.092899397883233 ], [ 85.256536867555212, 28.092883743570976 ], [ 85.256533941464767, 28.092883314247661 ], [ 85.256474666233771, 28.092854916985267 ], [ 85.256426093844894, 28.092815063084828 ], [ 85.256222636979686, 28.092685392048182 ], [ 85.255989618496741, 28.092603739424888 ], [ 85.255600883038326, 28.092514654198791 ], [ 85.255449135926654, 28.092458909945183 ], [ 85.255229127320007, 28.092378091897423 ], [ 85.255039474755975, 28.092295633444401 ], [ 85.254819309734742, 28.092199910698366 ], [ 85.254729387161348, 28.092165470416891 ], [ 85.254328874447538, 28.092031966555432 ], [ 85.254301160841067, 28.092023132395141 ], [ 85.254081832918487, 28.091956380006213 ], [ 85.254072796856434, 28.091953817273087 ], [ 85.253572629114913, 28.09176631137229 ], [ 85.253547837143685, 28.091750839321108 ], [ 85.253433404441708, 28.091684086712533 ], [ 85.253010647057323, 28.091543756003993 ], [ 85.252953548688694, 28.091536904327089 ], [ 85.252854222301011, 28.091424747626665 ], [ 85.252663500091501, 28.091281706853493 ], [ 85.252554326125889, 28.091210326268719 ], [ 85.252526782765244, 28.091194718000462 ], [ 85.252387298122457, 28.091115677388949 ], [ 85.252268231961182, 28.091048206992035 ], [ 85.251877779473944, 28.090917092931829 ], [ 85.251649326925204, 28.090885363308505 ], [ 85.251623650726941, 28.090876193327595 ], [ 85.25133127074578, 28.090814225860573 ], [ 85.251031233230904, 28.090830724094509 ], [ 85.250915854436442, 28.090852552522605 ], [ 85.250841998478421, 28.090838770112018 ], [ 85.250689422128104, 28.09081969794299 ], [ 85.250604673640538, 28.09081229565875 ], [ 85.25020613214366, 28.090792369536221 ], [ 85.249927990138431, 28.090689577469668 ], [ 85.249914579801569, 28.090684720502949 ], [ 85.249618963685805, 28.090579824463276 ], [ 85.249417514930215, 28.090528935111305 ], [ 85.249112361839565, 28.090481255459501 ], [ 85.248907125245736, 28.090467925591959 ], [ 85.248525686000562, 28.090477461843435 ], [ 85.248403075757167, 28.09048713243493 ], [ 85.248116994449532, 28.09052527553018 ], [ 85.24801202016998, 28.090544331018581 ], [ 85.24774221770646, 28.09060659393057 ], [ 85.247516187523146, 28.090616212039492 ], [ 85.247278364801545, 28.090577646877964 ], [ 85.246950784614427, 28.090572081007018 ], [ 85.246457622916751, 28.090634846745157 ], [ 85.246219476754419, 28.090651857068455 ], [ 85.246061603668466, 28.090626929952709 ], [ 85.246038669908557, 28.090620049850582 ], [ 85.245951597505368, 28.090597708171021 ], [ 85.245684589868148, 28.090540492085712 ], [ 85.245445592707611, 28.090515248494697 ], [ 85.244978328693179, 28.09051524873788 ], [ 85.244673165786551, 28.090561994868068 ], [ 85.244517185414907, 28.090521299691012 ], [ 85.244184773592934, 28.090485505572325 ], [ 85.24309553498405, 28.090528477963066 ], [ 85.241939958723535, 28.090419157325194 ], [ 85.241878416341663, 28.090377308404694 ], [ 85.241728527077015, 28.090315885199011 ], [ 85.24169747429265, 28.090278419959912 ], [ 85.241463122143372, 28.090121333878908 ], [ 85.24118793479451, 28.090030166346448 ], [ 85.240739742354421, 28.089944341722337 ], [ 85.240524976081105, 28.08992401306212 ], [ 85.240342672512028, 28.08992401309391 ], [ 85.240119450818284, 28.089879368942345 ], [ 85.239773651043464, 28.089868747972819 ], [ 85.239655960546244, 28.089803553299131 ], [ 85.239560599486424, 28.08976540993298 ], [ 85.239207671821916, 28.089687479159419 ], [ 85.238950161333548, 28.089672764368046 ], [ 85.238378229016945, 28.089570437900981 ], [ 85.238162644104321, 28.089552705752254 ], [ 85.237688487022439, 28.089558638255571 ], [ 85.237557371370286, 28.089554268053597 ], [ 85.237203413373933, 28.089514045615854 ], [ 85.237028582071744, 28.089487821106932 ], [ 85.236850368047541, 28.089425108923038 ], [ 85.236744277033793, 28.0893308061749 ], [ 85.236428801273036, 28.089140270863339 ], [ 85.23605689560695, 28.088997230968324 ], [ 85.235791570843517, 28.0889312510377 ], [ 85.235516012963757, 28.088930826021109 ], [ 85.235476211163657, 28.088940591538609 ], [ 85.23523852235526, 28.088857918601153 ], [ 85.235117985626104, 28.088823499541935 ], [ 85.233451618336289, 28.08844734596456 ], [ 85.23290874994818, 28.088207218624166 ], [ 85.232153489737087, 28.087536327527523 ], [ 85.232042970741389, 28.087336849277246 ], [ 85.232012892419831, 28.087309387295431 ], [ 85.231912386320602, 28.087217623497327 ], [ 85.231871770361366, 28.087142376305081 ], [ 85.231742396153152, 28.086961546626647 ], [ 85.231568617290677, 28.086812846925149 ], [ 85.231353136953288, 28.086668002619625 ], [ 85.231363859024711, 28.086613139293544 ], [ 85.231366521312992, 28.086450727710027 ], [ 85.231321297395056, 28.086171263810105 ], [ 85.231291901508172, 28.086118205034275 ], [ 85.231291663300055, 28.086116733090915 ], [ 85.231188540117287, 28.085930598207291 ], [ 85.231143262098854, 28.085799310580608 ], [ 85.231030695813686, 28.085590145252098 ], [ 85.231030480010745, 28.085590236597668 ], [ 85.231028077227535, 28.085580637007691 ], [ 85.230865565516709, 28.085283347210947 ], [ 85.23072970080743, 28.085097237665735 ], [ 85.230546769144766, 28.084946126257051 ], [ 85.230289481692765, 28.084780888824493 ], [ 85.230270443735563, 28.084671588606582 ], [ 85.230231351088406, 28.084567342732051 ], [ 85.230183517209355, 28.08437935711061 ], [ 85.230102814084205, 28.084177574417399 ], [ 85.22997078266728, 28.083998333024145 ], [ 85.229471781156988, 28.083470335777534 ], [ 85.229317475812238, 28.083338263183482 ], [ 85.228151478154672, 28.082532268485767 ], [ 85.227879184721047, 28.082397729811852 ], [ 85.227759250332227, 28.082376087713055 ], [ 85.227653311563756, 28.08220662211475 ], [ 85.227452413279991, 28.082028721499153 ], [ 85.227203914947509, 28.081906975013897 ], [ 85.226980366671597, 28.081831276684387 ], [ 85.226936673135512, 28.081762420963681 ], [ 85.226767788319293, 28.081565453986265 ], [ 85.226544929661969, 28.081416578275 ], [ 85.226222931131232, 28.081257579553185 ], [ 85.22592760862905, 28.081161155766406 ], [ 85.225386612813992, 28.081065156763355 ], [ 85.225043346081478, 28.081056659474875 ], [ 85.224274455223494, 28.081153914592115 ], [ 85.223861379687122, 28.08088682575789 ], [ 85.223618068398082, 28.080770684210982 ], [ 85.223348496474259, 28.080716887247604 ], [ 85.223235574980109, 28.080708342090333 ], [ 85.223250269621886, 28.080633175758198 ], [ 85.223250715261159, 28.080606107256756 ], [ 85.223205514098254, 28.080326641524415 ], [ 85.223065155088236, 28.080073242082406 ], [ 85.223035081084902, 28.080045778300285 ], [ 85.222944414974378, 28.079962981277536 ], [ 85.222901945597357, 28.079891944314227 ], [ 85.222644265494566, 28.079683715283199 ], [ 85.222322459625715, 28.07956485440473 ], [ 85.221345467062463, 28.079368856297108 ], [ 85.221075532633279, 28.079347522630073 ], [ 85.220808824009993, 28.079390147623769 ], [ 85.220614406460257, 28.079472474049332 ], [ 85.22009721797717, 28.079212577765517 ], [ 85.219693899341635, 28.078817433779864 ], [ 85.219689782435196, 28.078791975327604 ], [ 85.219649492502299, 28.078719232958736 ], [ 85.219645695639045, 28.078698998122331 ], [ 85.219595655731737, 28.078575287120081 ], [ 85.21947572586042, 28.078367916694535 ], [ 85.219370848804076, 28.078264589324615 ], [ 85.219341160195938, 28.078210985525722 ], [ 85.219311087779943, 28.07818352107855 ], [ 85.219119394093724, 28.078008451074833 ], [ 85.219089321890692, 28.077980986674977 ], [ 85.219015288583378, 28.077946310146412 ], [ 85.218955628332608, 28.077827324769142 ], [ 85.218801917254808, 28.07761032150702 ], [ 85.218585625031736, 28.077440395320107 ], [ 85.218236788056601, 28.077236614318416 ], [ 85.218198415327691, 28.077167328747986 ], [ 85.217976653507989, 28.076964792706786 ], [ 85.217968792685568, 28.07696111067532 ], [ 85.217971429596375, 28.076801392271978 ], [ 85.217926243230849, 28.076521925351248 ], [ 85.217885677366098, 28.076448678954129 ], [ 85.217886130321588, 28.07642124409881 ], [ 85.217840942339734, 28.076141771441868 ], [ 85.217811556861747, 28.076088713575071 ], [ 85.217811319129993, 28.076087243333959 ], [ 85.217670976535786, 28.075833838132919 ], [ 85.217449216219023, 28.075631301074026 ], [ 85.217167745878626, 28.075499457817198 ], [ 85.2168541176041, 28.075451214049629 ], [ 85.216732044486989, 28.075449628498681 ], [ 85.21657960101615, 28.075469018520845 ], [ 85.216549227346803, 28.075441277043058 ], [ 85.216518435578294, 28.075385676782453 ], [ 85.216488364562238, 28.075358211683088 ], [ 85.216296680537511, 28.0751831382874 ], [ 85.216266609634175, 28.075155673143822 ], [ 85.215985144337182, 28.0750238268818 ], [ 85.215895131005482, 28.075009979198118 ], [ 85.215863519162184, 28.074995171263176 ], [ 85.215735032308714, 28.074975404669438 ], [ 85.21573166480384, 28.074969324138788 ], [ 85.215614790561347, 28.074862579775395 ], [ 85.215611389872308, 28.074859473726931 ], [ 85.215581319237572, 28.074832008444009 ], [ 85.215553584603541, 28.074806676750509 ], [ 85.215492002372997, 28.074695475738732 ], [ 85.215463099753705, 28.07466907718511 ], [ 85.215432308756263, 28.074613476710514 ], [ 85.215210557359157, 28.074410936604117 ], [ 85.215157872291741, 28.074386256776524 ], [ 85.215131604224595, 28.074338823261986 ], [ 85.215101533855488, 28.07431135788417 ], [ 85.215071463501673, 28.074283892500347 ], [ 85.214909853954666, 28.074136282713546 ], [ 85.214879783698294, 28.074108817291517 ], [ 85.214849713457184, 28.074081351863498 ], [ 85.214568252787004, 28.073949502882297 ], [ 85.214479895672866, 28.073935908961886 ], [ 85.2143955275629, 28.073858848509055 ], [ 85.214365457517204, 28.073831382982771 ], [ 85.214146441099089, 28.073728784604278 ], [ 85.214116277672076, 28.073693654181508 ], [ 85.214095912036441, 28.07367162505841 ], [ 85.214042957106471, 28.073618718507419 ], [ 85.214021806416696, 28.073599186229163 ], [ 85.213949313287927, 28.073538493654507 ], [ 85.213928404088037, 28.073522632160444 ], [ 85.213851369454488, 28.073469645490498 ], [ 85.213826176658372, 28.073453971890928 ], [ 85.213747293489504, 28.073409544081979 ], [ 85.213665931861399, 28.073368243616361 ], [ 85.213647866251762, 28.073359288370661 ], [ 85.213596353030539, 28.07333435924977 ], [ 85.213563850616723, 28.073319297892162 ], [ 85.213513458499534, 28.073296962607255 ], [ 85.213477523297371, 28.073281806630881 ], [ 85.213428202761875, 28.073262044683148 ], [ 85.213388570125147, 28.073247052535386 ], [ 85.213340295898746, 28.073229853668806 ], [ 85.21329663728325, 28.073215320687613 ], [ 85.213249382013942, 28.073200677326415 ], [ 85.213201485866122, 28.073187004427318 ], [ 85.213155255636565, 28.073174917553267 ], [ 85.213102879506906, 28.07316255876535 ], [ 85.213057667219957, 28.07315302648119 ], [ 85.213000628391541, 28.073142521352679 ], [ 85.212956436030311, 28.073135546391725 ], [ 85.212892141818116, 28.073127267531778 ], [ 85.212817508676594, 28.073119806727533 ], [ 85.212743891330405, 28.073114838569868 ], [ 85.212672779992857, 28.073112336625023 ], [ 85.212589360055659, 28.073112437507699 ], [ 85.21255980986875, 28.073113548798659 ], [ 85.212516026398035, 28.073084487189064 ], [ 85.212495666623582, 28.073071901402091 ], [ 85.212411825214488, 28.073025276437431 ], [ 85.212389500735924, 28.073014164952106 ], [ 85.212306340868352, 28.07297710365377 ], [ 85.212282258575584, 28.072967568434279 ], [ 85.212200365817466, 28.072938845652132 ], [ 85.212174779392825, 28.07293098927283 ], [ 85.212094451175773, 28.072909569865498 ], [ 85.212067617726092, 28.072903472384194 ], [ 85.211988444855265, 28.072888431671934 ], [ 85.211960723107111, 28.072884180788439 ], [ 85.211902874630724, 28.072877349731151 ], [ 85.211887429083973, 28.07286928836891 ], [ 85.211853612942988, 28.072851576892624 ], [ 85.21178281747973, 28.072817769996899 ], [ 85.211702844780717, 28.072783123382685 ], [ 85.211701761032799, 28.072781553575172 ], [ 85.2116406583946, 28.07270274789883 ], [ 85.211625371094755, 28.072685111973161 ], [ 85.211504497193005, 28.072568482329864 ], [ 85.211476819749365, 28.072546086797381 ], [ 85.211434162615163, 28.07251668224842 ], [ 85.211399389753609, 28.072436715322365 ], [ 85.211378203478745, 28.072395853134765 ], [ 85.211334158999762, 28.072320465063491 ], [ 85.21130676367288, 28.072278530113717 ], [ 85.211277860992197, 28.072236927023734 ], [ 85.211268578521668, 28.07222434187365 ], [ 85.21126378406781, 28.072199678220976 ], [ 85.21125421582974, 28.072156712268765 ], [ 85.211246216958799, 28.072124877936229 ], [ 85.211230954651015, 28.072071783662171 ], [ 85.211221940718616, 28.072043980982581 ], [ 85.211199164938876, 28.071982201276807 ], [ 85.211166984044425, 28.07190450206836 ], [ 85.211139065696187, 28.071843967872979 ], [ 85.211100567316578, 28.071768428039267 ], [ 85.211067290291311, 28.071709048358876 ], [ 85.211023329854029, 28.071637342301681 ], [ 85.210983314577433, 28.071577663307497 ], [ 85.210934798691298, 28.071511262136564 ], [ 85.210900534133643, 28.071467278105317 ], [ 85.210854810620106, 28.071412150913716 ], [ 85.210820013829888, 28.071372554428784 ], [ 85.210779863019354, 28.071329397179493 ], [ 85.210727851431642, 28.071277672772112 ], [ 85.210688965591999, 28.071241870003167 ], [ 85.210616748254509, 28.071181560291127 ], [ 85.210578354173364, 28.071152494551647 ], [ 85.210529455071793, 28.071121891536183 ], [ 85.210464219018391, 28.071054401287341 ], [ 85.210450266553295, 28.071041643369632 ], [ 85.210369249398013, 28.07097518673557 ], [ 85.210352656860024, 28.070962988295914 ], [ 85.210281314125979, 28.070821841748558 ], [ 85.210112781027746, 28.070590908432795 ], [ 85.209873637160484, 28.070415745676513 ], [ 85.209744374656395, 28.070347447763275 ], [ 85.209639748841582, 28.070234442075318 ], [ 85.209614855383919, 28.070168974345037 ], [ 85.209607919383487, 28.070154132025493 ], [ 85.209532833609586, 28.070024275594605 ], [ 85.209523998244848, 28.070011631281364 ], [ 85.209413295847753, 28.069881230397357 ], [ 85.209404746774254, 28.069872858510923 ], [ 85.209399940518722, 28.069868838543453 ], [ 85.209389696244187, 28.069834715115583 ], [ 85.209377818823512, 28.06980004324264 ], [ 85.209351749763954, 28.069733421840365 ], [ 85.20933856472017, 28.069703549401488 ], [ 85.209312525807121, 28.069649762638054 ], [ 85.209290634403061, 28.069608306153253 ], [ 85.209272490663352, 28.069575675932864 ], [ 85.209249570001361, 28.069536467609229 ], [ 85.209228352822919, 28.069502027257034 ], [ 85.209209304972163, 28.069472645325284 ], [ 85.209191660414007, 28.069359914025014 ], [ 85.209071693794243, 28.069043212222002 ], [ 85.208929692368869, 28.068818213103626 ], [ 85.208772562081919, 28.068631023502206 ], [ 85.208566566745503, 28.068485837996249 ], [ 85.208424289391274, 28.068409888340838 ], [ 85.208412758829198, 28.068400597382706 ], [ 85.208364763598581, 28.068364268965173 ], [ 85.208325892354011, 28.068336647584402 ], [ 85.208271964745933, 28.068300861052986 ], [ 85.20823247305151, 28.068276419983931 ], [ 85.208232427195469, 28.068276393664746 ], [ 85.207824380057289, 28.067852874605968 ], [ 85.207875320892541, 28.067561106344961 ], [ 85.207837083197333, 28.067142978563606 ], [ 85.207815418449542, 28.067084108628013 ], [ 85.207996712367475, 28.066693588988997 ], [ 85.20805147506978, 28.066653918089436 ], [ 85.208253555098253, 28.066456722919867 ], [ 85.208381889581858, 28.066215770348858 ], [ 85.208425286312746, 28.065952074962077 ], [ 85.208425137372672, 28.06591137985955 ], [ 85.208497400099361, 28.065794813537774 ], [ 85.208604234725897, 28.065533824539155 ], [ 85.208616556235071, 28.065256378099161 ], [ 85.208497524455865, 28.064343005792391 ], [ 85.208528598704305, 28.064211757734796 ], [ 85.209097021207569, 28.063010168702451 ], [ 85.209146394319802, 28.062878057742036 ], [ 85.209498454908598, 28.061617812105037 ], [ 85.209711376656784, 28.061167720655504 ], [ 85.210102143412513, 28.06083524286398 ], [ 85.210300646844289, 28.06060008480673 ], [ 85.210403477110574, 28.060320825702821 ], [ 85.210426475904796, 28.060187825449432 ], [ 85.210423201493924, 28.059896428828399 ], [ 85.210315409591729, 28.059621152601899 ], [ 85.210143671190139, 28.059424319467169 ], [ 85.21012425370094, 28.059243104666365 ], [ 85.210279349605088, 28.058418513684995 ], [ 85.2102882157794, 28.058180604613248 ], [ 85.210226646315149, 28.057948916383943 ], [ 85.210100189910364, 28.057654280148601 ], [ 85.210383005244353, 28.057384404494581 ], [ 85.21053808608265, 28.057190379948405 ], [ 85.210630633141918, 28.056967149831994 ], [ 85.210683631336835, 28.056757149366149 ], [ 85.210694061033834, 28.056410050056474 ], [ 85.21055597755813, 28.056085153005192 ], [ 85.210414378079918, 28.055882163537653 ], [ 85.210386814703767, 28.054981513708743 ], [ 85.210307323791, 28.054655505092725 ], [ 85.21015797995446, 28.054341188963352 ], [ 85.210174280434302, 28.054278339220954 ], [ 85.210198534794358, 28.054024692481899 ], [ 85.21014197435457, 28.053775128899421 ], [ 85.210009100720427, 28.053549508479207 ], [ 85.209810488221507, 28.053365785482409 ], [ 85.20966986129487, 28.05329381304492 ], [ 85.209676772282023, 28.053277686864515 ], [ 85.209742704283215, 28.052984300466395 ], [ 85.209696891891468, 28.052687913956266 ], [ 85.209544371004753, 28.052421102527706 ], [ 85.209301905706553, 28.05221319069458 ], [ 85.20904590649522, 28.052057191782993 ], [ 85.208630099425392, 28.051909870478458 ], [ 85.208354743798949, 28.051870935456424 ], [ 85.208293161308205, 28.051764359440575 ], [ 85.208155196007581, 28.051583514458351 ], [ 85.207319193994238, 28.050731518947533 ], [ 85.207201936567529, 28.050629869050937 ], [ 85.206598043692367, 28.050184830802202 ], [ 85.206587791834139, 28.050149574192101 ], [ 85.2065667084578, 28.050087657050931 ], [ 85.206536178251355, 28.050010738574858 ], [ 85.206523995363241, 28.049983971765521 ], [ 85.206494443305729, 28.049925176381194 ], [ 85.206480972303538, 28.049900756322909 ], [ 85.206453267247724, 28.049854044738833 ], [ 85.206421789185015, 28.04980454160027 ], [ 85.206401832625531, 28.049774526929845 ], [ 85.206367767263387, 28.049725481828514 ], [ 85.206346998692737, 28.049696807547313 ], [ 85.206310581544741, 28.049648556570546 ], [ 85.206288835088117, 28.049620877208973 ], [ 85.206250329933596, 28.049573769448109 ], [ 85.206227366204956, 28.049546755813161 ], [ 85.206187049146081, 28.049501133300957 ], [ 85.206162655141611, 28.049474582800141 ], [ 85.20614263754392, 28.049453620924247 ], [ 85.206139380593314, 28.04944735418216 ], [ 85.206100247926358, 28.049375735091772 ], [ 85.206089362524196, 28.049356406069709 ], [ 85.20606404057682, 28.04931275732525 ], [ 85.206042011361404, 28.049276811264633 ], [ 85.206014096956508, 28.049233624998902 ], [ 85.205990989141924, 28.049199630336965 ], [ 85.205960476346576, 28.049156896542726 ], [ 85.205936573375197, 28.049124942897457 ], [ 85.205903454282009, 28.049082647931606 ], [ 85.205878980188871, 28.049052720721338 ], [ 85.205843245783285, 28.049010856340999 ], [ 85.205818485115245, 28.048983003053145 ], [ 85.20578011547984, 28.048941543725814 ], [ 85.205755296443598, 28.048915731242868 ], [ 85.205714272617854, 28.048874655058302 ], [ 85.205689578286041, 28.048850805451973 ], [ 85.205645871228981, 28.04881008495321 ], [ 85.205621548317978, 28.048788183668773 ], [ 85.205575321604073, 28.048747953654129 ], [ 85.205551552647094, 28.048727924561877 ], [ 85.205502581972638, 28.048687970917463 ], [ 85.205468126935429, 28.048661106683547 ], [ 85.205361667537233, 28.048581803644389 ], [ 85.205318717689991, 28.04855152356637 ], [ 85.205200292217427, 28.048472559453 ], [ 85.205161659800865, 28.048448031193562 ], [ 85.205029078111181, 28.048367939697687 ], [ 85.204968463783317, 28.048334032295802 ], [ 85.204915283411509, 28.048306556981956 ], [ 85.204864899514206, 28.048282188339279 ], [ 85.204845461157461, 28.048273408511857 ], [ 85.20481562840655, 28.048240017486261 ], [ 85.204780982691247, 28.048203285646512 ], [ 85.204753420008345, 28.048175591107903 ], [ 85.204753324466253, 28.048175500694171 ], [ 85.204751220692756, 28.048170848907077 ], [ 85.204730240027644, 28.048127938068884 ], [ 85.204708778245362, 28.048086893751957 ], [ 85.20466232743054, 28.048003595516501 ], [ 85.204607761357053, 28.047799114898133 ], [ 85.204549240681374, 28.047644095096071 ], [ 85.204044233119632, 28.046624098164045 ], [ 85.203883600048442, 28.046398041707693 ], [ 85.203655387326009, 28.046223636167831 ], [ 85.203562275397829, 28.04617156173234 ], [ 85.203367347028887, 28.045833770989866 ], [ 85.203191952246016, 28.045616609000557 ], [ 85.202952576142167, 28.04545452721311 ], [ 85.202791101315455, 28.045375646252705 ], [ 85.202530917675318, 28.04507496747118 ], [ 85.202298593909745, 28.044588163179188 ], [ 85.202129256602888, 28.044347631514402 ], [ 85.201884138063647, 28.044165608434525 ], [ 85.201758989643622, 28.044099186974467 ], [ 85.201766843698266, 28.044080680001276 ], [ 85.201776718046318, 28.043783842783057 ], [ 85.20167745390485, 28.043500235884775 ], [ 85.201576452660987, 28.043322236535158 ], [ 85.201389938755568, 28.043092379698621 ], [ 85.201132305200076, 28.042925139946266 ], [ 85.200828932329458, 28.042836992336735 ], [ 85.200509705810418, 28.042836620488437 ], [ 85.200103943307269, 28.042893340802095 ], [ 85.198679255217542, 28.041923169784535 ], [ 85.198453188390999, 28.041806783945507 ], [ 85.198068739586148, 28.041663801763793 ], [ 85.19757379367131, 28.041294991161834 ], [ 85.19662282277325, 28.040341348873998 ], [ 85.196188245647704, 28.039690223584202 ], [ 85.1961880448074, 28.039675754933487 ], [ 85.196182638667807, 28.039534692348322 ], [ 85.196180552488173, 28.039499969816749 ], [ 85.196175144659946, 28.03943392889828 ], [ 85.196172619893062, 28.039408197721297 ], [ 85.196165384479997, 28.039344947610005 ], [ 85.196161716820981, 28.039317175999912 ], [ 85.196152633389119, 28.03925653954245 ], [ 85.196147594907657, 28.03922672694177 ], [ 85.196136647083932, 28.03916858840611 ], [ 85.196126970148399, 28.039124101308666 ], [ 85.196114361919413, 28.039073060571919 ], [ 85.196100154223245, 28.039022557364675 ], [ 85.196082703671152, 28.038967354887269 ], [ 85.196069204988362, 28.038928108243155 ], [ 85.196057636257592, 28.038897022835656 ], [ 85.196059197992696, 28.038829773810637 ], [ 85.196060718626143, 28.038783122654518 ], [ 85.196143894250085, 28.038450407866961 ], [ 85.196161255339504, 28.038151056919322 ], [ 85.196110333461746, 28.037761441727341 ], [ 85.196124969476713, 28.037644889298694 ], [ 85.196126564547782, 28.037631245630141 ], [ 85.19614567870515, 28.03745468320755 ], [ 85.196146844310462, 28.037443138284718 ], [ 85.196154996257818, 28.037356102979015 ], [ 85.19622183870915, 28.037071079141644 ], [ 85.196223979575265, 28.037061701320798 ], [ 85.196258628070268, 28.036905678324342 ], [ 85.196262878655929, 28.036885307475718 ], [ 85.196294638496354, 28.036722693663648 ], [ 85.196299822271683, 28.036693275137328 ], [ 85.196322865288749, 28.036546694787866 ], [ 85.196326158105578, 28.03652356910068 ], [ 85.196345526121277, 28.036371809914911 ], [ 85.196346960218179, 28.036359861859161 ], [ 85.196364301392336, 28.036205642978185 ], [ 85.196365524218621, 28.036194006478809 ], [ 85.196380846646861, 28.036037208883393 ], [ 85.196381868004949, 28.036025936593198 ], [ 85.19639518823422, 28.035866422423023 ], [ 85.196396024716137, 28.035855507520704 ], [ 85.196407352815839, 28.035693161392128 ], [ 85.196408019297067, 28.035682608495268 ], [ 85.196417370178352, 28.035517207693733 ], [ 85.196417880178743, 28.035507041707724 ], [ 85.196425267434947, 28.035338381550748 ], [ 85.196425635888474, 28.035328603574246 ], [ 85.19643107098041, 28.035156424300318 ], [ 85.196431388625129, 28.035142545718102 ], [ 85.196436424741904, 28.034788421584569 ], [ 85.196436486027295, 28.034771423573641 ], [ 85.196433874848012, 28.034398921196427 ], [ 85.196433623989606, 28.034383721596601 ], [ 85.196423347132793, 28.03398845922332 ], [ 85.196422894709642, 28.033975252165092 ], [ 85.196421111075736, 28.033933301430871 ], [ 85.196470601639462, 28.033770671950929 ], [ 85.196578592188132, 28.032741670690871 ], [ 85.196538294476483, 28.032393474438599 ], [ 85.196351703417108, 28.03208507989758 ], [ 85.19633982197827, 28.032072250971606 ], [ 85.196119477873935, 28.031229887819428 ], [ 85.196121463166591, 28.031108634816981 ], [ 85.196121439433739, 28.031081045690527 ], [ 85.196118728227233, 28.030931150642612 ], [ 85.196117529557441, 28.03089950164712 ], [ 85.196110857748849, 28.030783846614199 ], [ 85.196118959380073, 28.030727402447198 ], [ 85.196125116280513, 28.03066984787484 ], [ 85.196130267634217, 28.03059692521942 ], [ 85.19613214694445, 28.030527041360671 ], [ 85.19613162673464, 28.030496033637412 ], [ 85.196128608132227, 28.03043870691722 ], [ 85.196125751678139, 28.030406482661043 ], [ 85.196115466711419, 28.030331147391518 ], [ 85.196102572119187, 28.030261407212404 ], [ 85.196090891982891, 28.030210906765546 ], [ 85.196090790295059, 28.030176301860603 ], [ 85.196089724331486, 28.030137282293076 ], [ 85.196085371467248, 28.030053126259602 ], [ 85.196082793923622, 28.030018144905618 ], [ 85.196056248705304, 28.02974076601685 ], [ 85.196041940269637, 28.029568484648959 ], [ 85.196040676771119, 28.029556381668236 ], [ 85.196045579039193, 28.02954466451936 ], [ 85.196055126493746, 28.029520825785085 ], [ 85.196074674794062, 28.029469757896415 ], [ 85.196091862118919, 28.029420230747149 ], [ 85.196107858415473, 28.029368943831642 ], [ 85.196126739079205, 28.029297105742614 ], [ 85.196136763976639, 28.029250407097329 ], [ 85.196149401980719, 28.02917377312729 ], [ 85.196158220934777, 28.029097602780961 ], [ 85.19616333188975, 28.029023879080697 ], [ 85.196165017351802, 28.028950933452098 ], [ 85.196162634261427, 28.028867989757916 ], [ 85.196157149889999, 28.028800022781649 ], [ 85.19614839819485, 28.028730035034897 ], [ 85.196142993602905, 28.028698203278559 ], [ 85.196132642381698, 28.028647218866656 ], [ 85.196125478794897, 28.028616943340296 ], [ 85.196109947178201, 28.028560427135545 ], [ 85.196100338551943, 28.028529790095593 ], [ 85.19608216899239, 28.028477948266659 ], [ 85.196069409407315, 28.028445065099529 ], [ 85.196044705327765, 28.028387798502003 ], [ 85.196006706988726, 28.02830795211564 ], [ 85.195987363251717, 28.028269798026638 ], [ 85.195961976643929, 28.028222675830758 ], [ 85.195941808966225, 28.028187263371603 ], [ 85.195915831594789, 28.028144037513574 ], [ 85.195890899340839, 28.028104928206695 ], [ 85.195864173820866, 28.028065339412837 ], [ 85.195833565972492, 28.028022750697502 ], [ 85.195806014903852, 28.027986683335193 ], [ 85.19574505271342, 28.027914861132558 ], [ 85.195720417478469, 28.027888662797299 ], [ 85.195708677259375, 28.027863307893789 ], [ 85.195678733035436, 28.027804679251503 ], [ 85.195659180152163, 28.027769764693168 ], [ 85.19563586573841, 28.027730578135024 ], [ 85.195613594750284, 28.02769527319445 ], [ 85.195579023919265, 28.027644465969885 ], [ 85.195525182457573, 28.027570917285249 ], [ 85.195488213961241, 28.027523772641558 ], [ 85.195430890096944, 28.027455417039711 ], [ 85.195412681767976, 28.027434358474295 ], [ 85.195275820090444, 28.027280802881076 ], [ 85.195261002948868, 28.027262680197907 ], [ 85.195254105477559, 28.02725341845284 ], [ 85.19523906071376, 28.027230670483835 ], [ 85.195153816736436, 28.027092053387207 ], [ 85.195127156873511, 28.027051272343751 ], [ 85.195097219617153, 28.027008116149108 ], [ 85.195065243737815, 28.026964850766102 ], [ 85.195036151748923, 28.026927846100957 ], [ 85.195005211244705, 28.026890566072446 ], [ 85.194960051522855, 28.026838979261857 ], [ 85.194933331952768, 28.026809737067609 ], [ 85.194889855287713, 28.026764134096908 ], [ 85.194856632638661, 28.026730975430119 ], [ 85.194813958380195, 28.02669043593496 ], [ 85.194773415231836, 28.026654046394476 ], [ 85.194735447351192, 28.026621847753677 ], [ 85.194659987209974, 28.026556348093777 ], [ 85.194653333810592, 28.026550870805455 ], [ 85.194613039056691, 28.026507344018409 ], [ 85.194567928948388, 28.026461823178998 ], [ 85.194534350638293, 28.026430150832763 ], [ 85.194490747156038, 28.02639193896572 ], [ 85.194481848225365, 28.026378081471087 ], [ 85.194446378078609, 28.026326888900659 ], [ 85.194421819527932, 28.026293955199421 ], [ 85.19438578800289, 28.02624871725137 ], [ 85.194357735438643, 28.026215696099609 ], [ 85.194322827234402, 28.026176875414762 ], [ 85.194290827860485, 28.02614323200709 ], [ 85.194247238119203, 28.02610027341478 ], [ 85.194176565416242, 28.026034958272202 ], [ 85.194141153157531, 28.026003797346153 ], [ 85.194008647984901, 28.025892783807688 ], [ 85.193990168978317, 28.02587768072603 ], [ 85.193958118117209, 28.025852127249721 ], [ 85.193936047213867, 28.025835160347455 ], [ 85.193920733474613, 28.025811835547881 ], [ 85.193899515119341, 28.025780848993243 ], [ 85.193855479060602, 28.025721879940171 ], [ 85.193833936109343, 28.02569535184308 ], [ 85.193765600007708, 28.025620060049718 ], [ 85.193743650923011, 28.025598366568154 ], [ 85.193666854936566, 28.025530173448125 ], [ 85.193614082270756, 28.025488071298543 ], [ 85.193546857445895, 28.025438892664631 ], [ 85.193522144797399, 28.025422339400023 ], [ 85.19346315564033, 28.025385662794889 ], [ 85.193439226638816, 28.025371879587244 ], [ 85.193331790196765, 28.025317923001754 ], [ 85.193309893703017, 28.025308434302943 ], [ 85.193174826017824, 28.025260196509993 ], [ 85.193148935165979, 28.025252812162304 ], [ 85.193086713107036, 28.025238890365202 ], [ 85.193085336684334, 28.025238269137223 ], [ 85.192953497256994, 28.025188791720684 ], [ 85.192931965445808, 28.025182254337953 ], [ 85.192804229140322, 28.025151548065537 ], [ 85.192780733327041, 28.025147333961904 ], [ 85.192666308867189, 28.025132759509113 ], [ 85.192640368426112, 28.025130782038524 ], [ 85.192522158062232, 28.025127894690279 ], [ 85.192473403711062, 28.025129221493803 ], [ 85.192443821977378, 28.025131004604443 ], [ 85.192417156878165, 28.025108336647463 ], [ 85.192354643005913, 28.025059050317061 ], [ 85.192310516727645, 28.025026197295148 ], [ 85.1922322281779, 28.0249711856079 ], [ 85.192179845497648, 28.024936742936127 ], [ 85.192147169905468, 28.024916665168906 ], [ 85.192074632224035, 28.024876000707792 ], [ 85.192038880639444, 28.024857783946011 ], [ 85.191969433042757, 28.024825490654234 ], [ 85.19193022739509, 28.024808936787608 ], [ 85.191866789447843, 28.024784463330246 ], [ 85.191823349112553, 28.024769241701012 ], [ 85.191754393974648, 28.024747589355229 ], [ 85.191671955687269, 28.024724628239809 ], [ 85.191625629256052, 28.024712788030968 ], [ 85.191530408446482, 28.024690606161673 ], [ 85.191520649721824, 28.024682644672474 ], [ 85.191491138681641, 28.024660594093991 ], [ 85.191375991850634, 28.024586135189974 ], [ 85.191357756556528, 28.024575998584268 ], [ 85.19123617515983, 28.024518208280892 ], [ 85.191215718765719, 28.024510017024724 ], [ 85.191100101464528, 28.024471043010148 ], [ 85.191077222967209, 28.024464714132478 ], [ 85.190974872736689, 28.024441501332035 ], [ 85.190970038980652, 28.024440639621254 ], [ 85.190965805153823, 28.024437637382153 ], [ 85.190865114827119, 28.024374709009606 ], [ 85.190820972352725, 28.024350530703966 ], [ 85.190692451737732, 28.024290918777549 ], [ 85.1906406181336, 28.024270912331264 ], [ 85.190542749315483, 28.024238336058136 ], [ 85.190498210060539, 28.024225787113053 ], [ 85.190429633562729, 28.024208786574906 ], [ 85.190378372588981, 28.024197779819648 ], [ 85.190310741346337, 28.02418539871098 ], [ 85.190115791299206, 28.024155794238037 ], [ 85.190109240039348, 28.024154209821457 ], [ 85.190047628729303, 28.024138410902186 ], [ 85.190016119724802, 28.024130815233455 ], [ 85.189943558248146, 28.024114428700202 ], [ 85.18991432232275, 28.024108233183547 ], [ 85.189837932247798, 28.02409310022303 ], [ 85.189811349471199, 28.024088163849399 ], [ 85.189730079674206, 28.024074074767228 ], [ 85.189696615553132, 28.024068786968304 ], [ 85.18951611106651, 28.024043018817718 ], [ 85.189487289699628, 28.024039279340691 ], [ 85.189116174656817, 28.02399593525962 ], [ 85.189005229062062, 28.023981129495553 ], [ 85.187981084275194, 28.023545578779586 ], [ 85.187897473954649, 28.023439581163167 ], [ 85.187906270114851, 28.023278102674755 ], [ 85.187907062904856, 28.023259624804268 ], [ 85.187909544106617, 28.023180469156824 ], [ 85.187909789095045, 28.023139973019969 ], [ 85.187908222735885, 28.023058566460843 ], [ 85.187904898820918, 28.022999465880428 ], [ 85.187898167817394, 28.022927370595845 ], [ 85.187894582020959, 28.022895743969187 ], [ 85.18787416432788, 28.022742763073392 ], [ 85.187894123377788, 28.022731109460452 ], [ 85.187921207976132, 28.022713067099129 ], [ 85.187981364818143, 28.022669717281889 ], [ 85.18800970253011, 28.022647654669093 ], [ 85.188067080665149, 28.022599351399037 ], [ 85.188128943752389, 28.022543057556167 ], [ 85.188154603286804, 28.022529853460014 ], [ 85.18822574909403, 28.022489654411956 ], [ 85.188265726785644, 28.02246494036331 ], [ 85.188317267758137, 28.022430881977378 ], [ 85.188380141213017, 28.022386526975595 ], [ 85.188462515135228, 28.022321653610195 ], [ 85.188481305571514, 28.022305156897907 ], [ 85.188557640950123, 28.022230181431564 ], [ 85.188572561398232, 28.022213765439091 ], [ 85.188677112021281, 28.022073863031153 ], [ 85.188689314045845, 28.022053680359281 ], [ 85.188742742126365, 28.021949339149312 ], [ 85.188820343692484, 28.021823713652754 ], [ 85.18882398799046, 28.02181427038639 ], [ 85.188836257646415, 28.021762956694452 ], [ 85.188850120066363, 28.021736793906374 ], [ 85.1888720063764, 28.021690630333843 ], [ 85.188886534408866, 28.021658251687395 ], [ 85.188909001296821, 28.021605222163906 ], [ 85.188910975661614, 28.02160412235596 ], [ 85.188997146207655, 28.021550406052089 ], [ 85.189017326857751, 28.021536386823012 ], [ 85.189101484662004, 28.021470989106792 ], [ 85.189118013678822, 28.021456644669382 ], [ 85.189200802039281, 28.021375513616995 ], [ 85.189222519679859, 28.02135144481597 ], [ 85.189281979879851, 28.021278341658636 ], [ 85.189303287477429, 28.021249178391486 ], [ 85.189342354492211, 28.021191041621186 ], [ 85.189363693830529, 28.021156394430545 ], [ 85.189386473937162, 28.021117157111629 ], [ 85.189412656888564, 28.021069213529326 ], [ 85.189429886937987, 28.0210359615429 ], [ 85.189448371253647, 28.020998294938547 ], [ 85.189468484825966, 28.020954163544765 ], [ 85.189485852653576, 28.020912961671446 ], [ 85.189501140983793, 28.020874001119466 ], [ 85.189517520273441, 28.020828971458268 ], [ 85.189528971060795, 28.020795254420868 ], [ 85.189544649712261, 28.020745601175118 ], [ 85.189563537209139, 28.02067496140527 ], [ 85.189569432698804, 28.020648152602117 ], [ 85.189584932782807, 28.020548246637251 ], [ 85.189587656734716, 28.020518435926416 ], [ 85.189590919044477, 28.020435362363241 ], [ 85.189590500189183, 28.020402292017089 ], [ 85.189586837545775, 28.020335245919654 ], [ 85.189583270671449, 28.020298377092985 ], [ 85.189573838394622, 28.020230862209441 ], [ 85.189567117245801, 28.020194149007381 ], [ 85.189621391232208, 28.020015183136525 ], [ 85.189624932656159, 28.019995044174152 ], [ 85.189633916876858, 28.019927168931325 ], [ 85.189636588462832, 28.019897239933783 ], [ 85.189638001123228, 28.019889095674063 ], [ 85.189644264116993, 28.019846159357119 ], [ 85.189649336177354, 28.019803342447172 ], [ 85.189653062870676, 28.019763347171814 ], [ 85.189656100667094, 28.019718666019632 ], [ 85.189657757853624, 28.019681696723286 ], [ 85.189658770183499, 28.019635051270591 ], [ 85.189658302032996, 28.019585250665031 ], [ 85.189654270054945, 28.019485737716227 ], [ 85.189650045490751, 28.019429851417595 ], [ 85.189637838388791, 28.019319690755715 ], [ 85.18962797649246, 28.019254897032358 ], [ 85.189617843862464, 28.019202668221553 ], [ 85.189600274612985, 28.019130099113418 ], [ 85.189583862719886, 28.019073712890005 ], [ 85.189565592969245, 28.019018323422884 ], [ 85.189542379064619, 28.018955473391998 ], [ 85.189541826825476, 28.018954071432091 ], [ 85.189542648134164, 28.018953055420077 ], [ 85.189603870487119, 28.01886756670612 ], [ 85.189639799279419, 28.018810562475188 ], [ 85.189688504038486, 28.018722331403314 ], [ 85.189698705325853, 28.01870098152494 ], [ 85.189736327082471, 28.01860853045396 ], [ 85.189743015327693, 28.018588789421369 ], [ 85.189775041314817, 28.018461551943727 ], [ 85.189779964214068, 28.018432140203689 ], [ 85.189790943604038, 28.018309003410344 ], [ 85.189791337369272, 28.018275618869684 ], [ 85.189786629956373, 28.018178934745137 ], [ 85.189782520173395, 28.018141386417323 ], [ 85.189771103900043, 28.0180682925591 ], [ 85.189762350811904, 28.018025270014945 ], [ 85.189749887999483, 28.017972936142318 ], [ 85.189735700717875, 28.017921018511128 ], [ 85.189697266013866, 28.017811370433801 ], [ 85.189692314848841, 28.017799880690792 ], [ 85.189693011397253, 28.017796237014984 ], [ 85.189694506295396, 28.017777394104204 ], [ 85.189696411007105, 28.017682868361376 ], [ 85.189695598064546, 28.017661982525855 ], [ 85.189688351382941, 28.017581202717203 ], [ 85.189685261757262, 28.017559268893748 ], [ 85.189670671104906, 28.017482655878606 ], [ 85.189665533586634, 28.017461316876432 ], [ 85.189618576887611, 28.017322204430826 ], [ 85.189611071076243, 28.017305111948168 ], [ 85.189607670023364, 28.017299258902941 ], [ 85.189614997642352, 28.017281268702281 ], [ 85.189638694217692, 28.017215269400889 ], [ 85.189651553576397, 28.017174045964307 ], [ 85.18967469854887, 28.01708098899201 ], [ 85.189681803035327, 28.017042987366249 ], [ 85.18969399228466, 28.016944661610427 ], [ 85.189697808755852, 28.01688284639809 ], [ 85.18969877800464, 28.016803707232761 ], [ 85.189696285043738, 28.016736686446762 ], [ 85.189690957827423, 28.016669548087659 ], [ 85.189682155009905, 28.016597226962666 ], [ 85.189673250431881, 28.016540812225742 ], [ 85.189658089746615, 28.016462779502028 ], [ 85.189654048342177, 28.016443262415326 ], [ 85.189639061046023, 28.01637510865012 ], [ 85.189614592028008, 28.016287436688049 ], [ 85.189607655415301, 28.016267021575711 ], [ 85.189568477155248, 28.016171535486649 ], [ 85.189560218532577, 28.016154464668976 ], [ 85.189501676254494, 28.016051994298646 ], [ 85.189483557163484, 28.016024734572543 ], [ 85.189412946940621, 28.015932136691177 ], [ 85.189392236378353, 28.015908303793477 ], [ 85.189294092993862, 28.01581086216315 ], [ 85.189272223026975, 28.015792083166509 ], [ 85.18912724337568, 28.015688611698415 ], [ 85.189104939276717, 28.015675481857141 ], [ 85.189033502463758, 28.015643600646055 ], [ 85.188960769210965, 28.015561497955328 ], [ 85.188947845289164, 28.015548972743044 ], [ 85.188866415118042, 28.01547842310028 ], [ 85.188850160792811, 28.015465837736397 ], [ 85.188814194889702, 28.015440815282929 ], [ 85.188770738457748, 28.015389667546089 ], [ 85.188738285419561, 28.01535479773845 ], [ 85.188649919410651, 28.0152712721973 ], [ 85.188625273044906, 28.015250757145047 ], [ 85.188554746977701, 28.015197207211845 ], [ 85.188527266699055, 28.015178198915486 ], [ 85.188457447760726, 28.015133975668487 ], [ 85.188426851140022, 28.015116275465612 ], [ 85.188361456487797, 28.015081473398219 ], [ 85.188327163467193, 28.015064741526231 ], [ 85.188253112545993, 28.015032019190716 ], [ 85.188185317697119, 28.015005057313093 ], [ 85.188135503614561, 28.014986638962736 ], [ 85.188014367036473, 28.014945162064695 ], [ 85.187989374636999, 28.014930682146435 ], [ 85.18796233581682, 28.014913978705724 ], [ 85.187953753984473, 28.014908153685685 ], [ 85.187951147562217, 28.014905667833528 ], [ 85.187942768983774, 28.014896874730127 ], [ 85.187930303862032, 28.01488258374156 ], [ 85.187914129187703, 28.014862471969781 ], [ 85.187897951672824, 28.014840811513814 ], [ 85.187838621749577, 28.014753247094411 ], [ 85.187828405567615, 28.014736933441604 ], [ 85.187818494366653, 28.014704921218318 ], [ 85.187801006008883, 28.014654298693994 ], [ 85.18778543433578, 28.014613532544093 ], [ 85.187759470271274, 28.01455283437938 ], [ 85.187733989263762, 28.014499168429719 ], [ 85.187716330168612, 28.014464083339369 ], [ 85.187689148945523, 28.01441302747369 ], [ 85.187668387932277, 28.014376227827874 ], [ 85.187639736282293, 28.014328209237743 ], [ 85.187615092486951, 28.014289269235409 ], [ 85.187585132660388, 28.014244558093509 ], [ 85.187555690333127, 28.014203212598353 ], [ 85.187524621939772, 28.014162094912081 ], [ 85.187489319797379, 28.014118261963652 ], [ 85.187457203797379, 28.014080801707763 ], [ 85.18741470740602, 28.014034497268209 ], [ 85.18738164253142, 28.014000810356347 ], [ 85.187330511062072, 28.013952428651358 ], [ 85.187296571276633, 28.013922591863647 ], [ 85.187223332748573, 28.013864164455843 ], [ 85.187179670070108, 28.013832586650107 ], [ 85.187175008569952, 28.013829551861626 ], [ 85.187130019586732, 28.013788405754504 ], [ 85.187110370568064, 28.013771856869436 ], [ 85.187043484376858, 28.013720249694362 ], [ 85.187020272531527, 28.013703860456182 ], [ 85.186947619333537, 28.013657238850691 ], [ 85.186930875027485, 28.01363582900904 ], [ 85.186886372465906, 28.013583139929043 ], [ 85.18684360532562, 28.013536178541486 ], [ 85.186784758788193, 28.013477047098839 ], [ 85.186739299629522, 28.013435205989772 ], [ 85.186707758083358, 28.013407416748169 ], [ 85.18665971421045, 28.01336689972873 ], [ 85.1866274535749, 28.013340838873678 ], [ 85.186577100674256, 28.013301882416208 ], [ 85.18654401369659, 28.013277359913687 ], [ 85.186537199954714, 28.013272523701289 ], [ 85.186481523565334, 28.013113492428239 ], [ 85.186475085824171, 28.013100188031661 ], [ 85.186411046772236, 28.012989563523213 ], [ 85.186401514092651, 28.012975563080001 ], [ 85.186401414935332, 28.01297543623722 ], [ 85.186403011570476, 28.012938630883674 ], [ 85.186420308831927, 28.012732922827595 ], [ 85.186422466412253, 28.012698323933115 ], [ 85.186424705814261, 28.012643270110122 ], [ 85.186425362775637, 28.012607899649375 ], [ 85.186425189380643, 28.012558593422561 ], [ 85.186423845182958, 28.012514940270254 ], [ 85.186421111155255, 28.012467885310915 ], [ 85.186416447470307, 28.012416364262204 ], [ 85.186411056628998, 28.012372567363904 ], [ 85.186401815150717, 28.012314836080154 ], [ 85.186393689470606, 28.01227367440833 ], [ 85.186378680701367, 28.012210877138401 ], [ 85.186367749655659, 28.01217200862617 ], [ 85.186345914035044, 28.012105382211494 ], [ 85.186327141582936, 28.012055360314616 ], [ 85.186303039275472, 28.011997756780204 ], [ 85.186277852148351, 28.011943316533305 ], [ 85.186258421197309, 28.011904006059989 ], [ 85.186251107429086, 28.011890117291436 ], [ 85.186248552270612, 28.011776887829956 ], [ 85.186250435415744, 28.011710358050738 ], [ 85.186250581193903, 28.011670960050207 ], [ 85.186249678716621, 28.011627784627603 ], [ 85.186247825587486, 28.011587556409825 ], [ 85.186245064213281, 28.011548812866305 ], [ 85.186242914315542, 28.011527040559614 ], [ 85.186218806115306, 28.010458689713655 ], [ 85.186219132242286, 28.010457839194963 ], [ 85.186264498339455, 28.010285903291429 ], [ 85.186267845490661, 28.010263533628308 ], [ 85.186276466755046, 28.01012567856629 ], [ 85.186275851979431, 28.010099861504781 ], [ 85.186267185001668, 28.009999833691769 ], [ 85.186263110922155, 28.009972676825246 ], [ 85.18624930276539, 28.009902149087338 ], [ 85.186248505202727, 28.009898855902261 ], [ 85.186326261707407, 28.009344059820751 ], [ 85.186365558646386, 28.009263729861797 ], [ 85.18637553153863, 28.009242613991017 ], [ 85.18640593316259, 28.009175881971338 ], [ 85.186425562196135, 28.009129114177757 ], [ 85.186453026176082, 28.009057701050285 ], [ 85.186476328721199, 28.008988054372207 ], [ 85.186495052664668, 28.008922532762 ], [ 85.186511466567239, 28.008854044374477 ], [ 85.186531138710023, 28.008752800905171 ], [ 85.186539116109728, 28.008703729729589 ], [ 85.186553844336089, 28.008591372925405 ], [ 85.186557976513257, 28.008552563487676 ], [ 85.18656829065371, 28.008426724128277 ], [ 85.186570019622025, 28.008400264741841 ], [ 85.186578118633832, 28.008234143995494 ], [ 85.186579062091027, 28.008191774362629 ], [ 85.186578869401799, 28.008145854836375 ], [ 85.186576295974916, 28.008084965871376 ], [ 85.186572147066002, 28.008033380750749 ], [ 85.186565366304279, 28.007975461360434 ], [ 85.18656271250201, 28.007958224461884 ], [ 85.186659678815928, 28.007690475118146 ], [ 85.186676349744332, 28.007675017754593 ], [ 85.186718548606947, 28.007633377196399 ], [ 85.186785264446755, 28.007563285969105 ], [ 85.186823438219534, 28.007520633119157 ], [ 85.186885844587394, 28.007446410308528 ], [ 85.186920752257691, 28.007402192225044 ], [ 85.186978019148242, 28.007324825027645 ], [ 85.186990422925291, 28.007307647526233 ], [ 85.187071096839958, 28.007193094871745 ], [ 85.187103422942698, 28.007143791620766 ], [ 85.187144828762158, 28.007075782244147 ], [ 85.187181938225109, 28.007008249542977 ], [ 85.187198493952536, 28.006974636863383 ], [ 85.1872257896203, 28.006913182909287 ], [ 85.187238524555411, 28.006881118108033 ], [ 85.187263478951806, 28.006808736784603 ], [ 85.187272578882087, 28.006777752126045 ], [ 85.187292237539623, 28.006695162635072 ], [ 85.187297768597404, 28.006665013520958 ], [ 85.187309223848388, 28.006573068076449 ], [ 85.187311829309309, 28.006533818625968 ], [ 85.18731310434535, 28.006452879322005 ], [ 85.187311569132348, 28.006408778604353 ], [ 85.187306995907548, 28.006346745986608 ], [ 85.18730139123403, 28.006297063936696 ], [ 85.187295439863519, 28.006254527168636 ], [ 85.187284882070799, 28.006191371722391 ], [ 85.187277679324467, 28.006153776372823 ], [ 85.187259279365378, 28.006068660455121 ], [ 85.187243274595161, 28.006006558636447 ], [ 85.187221140460821, 28.005932762835297 ], [ 85.187193929525634, 28.005855991661409 ], [ 85.187167435870919, 28.00579145188701 ], [ 85.187136375856483, 28.005724314206251 ], [ 85.187121425111258, 28.005695368665751 ], [ 85.187094061235797, 28.005646367398427 ], [ 85.187077942710388, 28.00561957599847 ], [ 85.18703546471184, 28.005555476575104 ], [ 85.187022842860003, 28.005538109811333 ], [ 85.187010730443504, 28.005522934928507 ], [ 85.187138052513376, 28.005436799689903 ], [ 85.187152827690653, 28.005424794929969 ], [ 85.187320578714576, 28.005248497412921 ], [ 85.187329624221491, 28.005236056974802 ], [ 85.187462703459531, 28.004962054531536 ], [ 85.187467145131649, 28.004946008445685 ], [ 85.1874964870334, 28.00473618555321 ], [ 85.187496627837263, 28.00471556676246 ], [ 85.187484117213529, 28.004568868016825 ], [ 85.187479878958769, 28.004545129378318 ], [ 85.187446844614087, 28.004419247100998 ], [ 85.187438954197006, 28.004396648855778 ], [ 85.187361858855425, 28.00423408133496 ], [ 85.187355921908591, 28.004224350163767 ], [ 85.187241498117018, 28.004074819717378 ], [ 85.187238227941151, 28.004071352325312 ], [ 85.187221205984727, 28.004043277440545 ], [ 85.187237660278925, 28.004000175310519 ], [ 85.187264717262707, 28.003916097708284 ], [ 85.18727832560478, 28.003864454375798 ], [ 85.187294718141061, 28.003787213594176 ], [ 85.187303683855887, 28.003731795341707 ], [ 85.187304419532964, 28.003725508567282 ], [ 85.187456355694067, 28.003224122904744 ], [ 85.187459139368386, 28.003221209333624 ], [ 85.187527938053108, 28.00314041391465 ], [ 85.187553490731872, 28.003106617465345 ], [ 85.187606471640947, 28.003028236006454 ], [ 85.187620240625861, 28.003005307890291 ], [ 85.187650562059133, 28.00295041351777 ], [ 85.187663710279537, 28.002924416917857 ], [ 85.187693460833643, 28.002858830964261 ], [ 85.18771936263559, 28.002794570619439 ], [ 85.187741632450226, 28.002732299536301 ], [ 85.187751822344239, 28.002699766097869 ], [ 85.187766922794665, 28.002644971793842 ], [ 85.187775734471799, 28.002608029639045 ], [ 85.187786694829541, 28.002554023114261 ], [ 85.18780541950126, 28.002442401880131 ], [ 85.187810561694619, 28.002406937966736 ], [ 85.187816832922508, 28.002355685153965 ], [ 85.187821613466483, 28.002301397877527 ], [ 85.187824724485367, 28.002243704847725 ], [ 85.187825863372012, 28.002194417190466 ], [ 85.187825433875844, 28.002138469434314 ], [ 85.188333211694754, 28.000761746868321 ], [ 85.188381610459061, 28.000423638673773 ], [ 85.188194585940622, 27.997817638928641 ], [ 85.188131578757876, 27.997557370643964 ], [ 85.187899493404473, 27.997009586321532 ], [ 85.187898085915023, 27.996949810959443 ], [ 85.187894974312158, 27.996905412349211 ], [ 85.187891776068923, 27.996870640028803 ], [ 85.187887286823951, 27.996831239850092 ], [ 85.187902122593329, 27.996758353735963 ], [ 85.187907298658047, 27.996720081182406 ], [ 85.187912137395372, 27.996550457746547 ], [ 85.187909742336032, 27.996519625573523 ], [ 85.187885272774892, 27.996375574060213 ], [ 85.187876367558417, 27.99634188456341 ], [ 85.1878440320354, 27.996244539784552 ], [ 85.18783052809772, 27.996210973766914 ], [ 85.18782840697898, 27.996206094184416 ], [ 85.187824692532018, 27.996119284339201 ], [ 85.187820014622346, 27.996072488856914 ], [ 85.187803863744023, 27.995973563484235 ], [ 85.187787771486313, 27.995902855334752 ], [ 85.187766368071848, 27.995826244193388 ], [ 85.187744730514595, 27.995761130484226 ], [ 85.187716512176152, 27.995687934980648 ], [ 85.187695944409271, 27.995641224218364 ], [ 85.187667376892435, 27.995582562268218 ], [ 85.187642481878541, 27.99553603811809 ], [ 85.187610467880219, 27.995481144311992 ], [ 85.187581838085492, 27.995435918308846 ], [ 85.187545271756818, 27.995382566274294 ], [ 85.18751372333513, 27.995339931592408 ], [ 85.187462384648029, 27.995276685316671 ], [ 85.187441106884336, 27.995252726504493 ], [ 85.187376022611275, 27.995186369612718 ], [ 85.187351502264221, 27.995163702793807 ], [ 85.187285114714371, 27.995107627100456 ], [ 85.187257099568129, 27.995086013397774 ], [ 85.187193607585272, 27.995040857899664 ], [ 85.187161559696108, 27.995019877782948 ], [ 85.187088845146548, 27.994976442301159 ], [ 85.187024576631046, 27.994941527169949 ], [ 85.186968458101745, 27.994913173823583 ], [ 85.186945721557422, 27.994902520305011 ], [ 85.186963766834523, 27.994745617937713 ], [ 85.186963598212927, 27.994702483684428 ], [ 85.186953788061146, 27.994580518073196 ], [ 85.186950922118939, 27.994562345022505 ], [ 85.186922323017399, 27.994441724567562 ], [ 85.186917811784994, 27.994427574713772 ], [ 85.186823639601855, 27.994227703318337 ], [ 85.186817197461266, 27.994217633356861 ], [ 85.186626347467183, 27.994003137073715 ], [ 85.186616904852443, 27.993995324326061 ], [ 85.186383535158384, 27.993850603830971 ], [ 85.186370985862041, 27.993844954830774 ], [ 85.186162758452042, 27.993775447692084 ], [ 85.186146828031511, 27.993771836072728 ], [ 85.185958103083792, 27.99374549506021 ], [ 85.185954559841463, 27.993745300208818 ], [ 85.185870695437046, 27.993715436425976 ], [ 85.185816753218845, 27.993699010677155 ], [ 85.185800592454143, 27.993694991218259 ], [ 85.185782978470897, 27.993658091274717 ], [ 85.185750929153173, 27.993599766386144 ], [ 85.185798063823199, 27.993099158190336 ], [ 85.185794681303619, 27.992918936796691 ], [ 85.185744010767635, 27.992535271115951 ], [ 85.185750496442893, 27.992488024557652 ], [ 85.185755356211615, 27.992443423989815 ], [ 85.185760758524893, 27.992376555041428 ], [ 85.18576335257778, 27.992315994430484 ], [ 85.185763649083526, 27.992256405157232 ], [ 85.18576032848209, 27.992179435650659 ], [ 85.185755468440448, 27.992126271641592 ], [ 85.185741758419795, 27.992034725866759 ], [ 85.185736076165298, 27.992007526066065 ], [ 85.18571253464151, 27.99191963823619 ], [ 85.18570350938468, 27.991892141624056 ], [ 85.18567329898616, 27.991813711176668 ], [ 85.185660854394229, 27.991785680294946 ], [ 85.185640380937457, 27.991744551320778 ], [ 85.185633315107665, 27.991698424402149 ], [ 85.185580778557949, 27.991510160289874 ], [ 85.185496085522473, 27.99130452452253 ], [ 85.18549591412264, 27.991295959298622 ], [ 85.18549080845726, 27.991220260464356 ], [ 85.185487494362363, 27.991191471062738 ], [ 85.185478695798551, 27.991133615974611 ], [ 85.185473553754321, 27.991106462099946 ], [ 85.18546421812708, 27.991063547991512 ], [ 85.1854410267416, 27.990969267990732 ], [ 85.185417948337417, 27.990892031741936 ], [ 85.185406737743719, 27.990860262826939 ], [ 85.185375207109175, 27.990783332769183 ], [ 85.185362446190155, 27.990756109916358 ], [ 85.18532011652249, 27.990676895013394 ], [ 85.185305332799672, 27.990652380860695 ], [ 85.185265032828156, 27.990591421211736 ], [ 85.185246723281509, 27.990566056407655 ], [ 85.185209109352044, 27.99051751371664 ], [ 85.185187008256051, 27.990490895856333 ], [ 85.185154997030821, 27.990454344211855 ], [ 85.185138627909538, 27.990436611617007 ], [ 85.185023383534599, 27.990156796062678 ], [ 85.185023359093208, 27.990156604324895 ], [ 85.185002035340204, 27.990048587780688 ], [ 85.184988232886894, 27.989997250528628 ], [ 85.18495683723863, 27.98990336816453 ], [ 85.184948937191137, 27.989883722289612 ], [ 85.184954509838306, 27.989834234499654 ], [ 85.184958258749575, 27.989787241533179 ], [ 85.184960519784624, 27.989744615588503 ], [ 85.184961777294063, 27.989696926410964 ], [ 85.184961775035603, 27.989654607751653 ], [ 85.184960517247305, 27.98960710286439 ], [ 85.184958196693827, 27.989563793184661 ], [ 85.184954445709394, 27.989517338353942 ], [ 85.184946912009039, 27.989454746680924 ], [ 85.184939158080653, 27.989406368171558 ], [ 85.184923396428175, 27.98933108952577 ], [ 85.184910528330903, 27.989281455840434 ], [ 85.184890075067045, 27.989214466675271 ], [ 85.18487198160237, 27.989163116080494 ], [ 85.184849249597747, 27.989105515064693 ], [ 85.184825616372962, 27.989051552662474 ], [ 85.184804636390524, 27.989007188643111 ], [ 85.18477959023248, 27.98895794738317 ], [ 85.184762079255265, 27.988925282378588 ], [ 85.184731464824296, 27.988871005781231 ], [ 85.184715901699178, 27.988844518216005 ], [ 85.184586313958221, 27.988632597994616 ], [ 85.184583835822707, 27.988628570012459 ], [ 85.18455471196441, 27.988581514818769 ], [ 85.184530153487998, 27.988544001855903 ], [ 85.184494951618106, 27.988493089532643 ], [ 85.184490801942715, 27.988487377748051 ], [ 85.184117101492475, 27.98703289806803 ], [ 85.184117134663396, 27.987032483908639 ], [ 85.184119730701312, 27.986982954213058 ], [ 85.18412070656845, 27.986926996532883 ], [ 85.184119902641029, 27.986881062521931 ], [ 85.184116219918764, 27.986817073008762 ], [ 85.184112003037569, 27.986773933112449 ], [ 85.184101900177794, 27.986703180486003 ], [ 85.18409422453135, 27.986662414447501 ], [ 85.184078414976497, 27.986594577527367 ], [ 85.184070361748113, 27.986565665035744 ], [ 85.184052350150921, 27.986509002096856 ], [ 85.184041726502727, 27.986479321942639 ], [ 85.184011817699115, 27.986406702401677 ], [ 85.18398230918767, 27.986343581557847 ], [ 85.183947526098748, 27.986276970297279 ], [ 85.18391224613967, 27.986216034816064 ], [ 85.183903523165981, 27.986201627540208 ], [ 85.183902135298084, 27.986196226120022 ], [ 85.183903906412738, 27.986132544181903 ], [ 85.183904043761359, 27.986093658755102 ], [ 85.183902144288808, 27.986002093717129 ], [ 85.183900962958845, 27.985972154264523 ], [ 85.183896253183093, 27.98589122208077 ], [ 85.183894671382646, 27.985869247555595 ], [ 85.183886914074165, 27.985778832511471 ], [ 85.183884925030114, 27.985758646097736 ], [ 85.183851929873896, 27.985462161133615 ], [ 85.183842895741833, 27.985368317589305 ], [ 85.18383775914559, 27.98528802097119 ], [ 85.183836691519247, 27.985230403443772 ], [ 85.183838785236617, 27.985179123074769 ], [ 85.183843725319818, 27.985136328289748 ], [ 85.183844474504596, 27.985132135444115 ], [ 85.183846587793624, 27.985122715063657 ], [ 85.183848515583222, 27.985115645890779 ], [ 85.183850496842879, 27.985109529265671 ], [ 85.183879225412113, 27.985032919198105 ], [ 85.183902285941073, 27.984961820948605 ], [ 85.18391588720543, 27.984912340034441 ], [ 85.183927490594314, 27.98486453805009 ], [ 85.183938197392834, 27.984813788828315 ], [ 85.183946730366614, 27.984766415485907 ], [ 85.183954423362593, 27.984714967649406 ], [ 85.183960100539451, 27.984667343603174 ], [ 85.183964695257217, 27.984615749255404 ], [ 85.183967534790582, 27.984567349865898 ], [ 85.183968985759648, 27.984516199529132 ], [ 85.183968850097315, 27.984466406679278 ], [ 85.183967150052894, 27.984416134349136 ], [ 85.183963717737583, 27.984364341932199 ], [ 85.183958880472133, 27.984315399029033 ], [ 85.183951653648464, 27.98426117774962 ], [ 85.183943720469671, 27.984213951078466 ], [ 85.183935734546722, 27.984172923000184 ], [ 85.183922432927091, 27.984112877045167 ], [ 85.183909987875751, 27.984063928601053 ], [ 85.183897013019049, 27.984018780525361 ], [ 85.183872727468113, 27.983946898546161 ], [ 85.183857627540547, 27.983908140811049 ], [ 85.183815420658433, 27.983816440821705 ], [ 85.183797845727923, 27.983783540853274 ], [ 85.183747437397514, 27.983700651511001 ], [ 85.183729649864745, 27.983674736600271 ], [ 85.183687204906661, 27.983617855116538 ], [ 85.183666896757458, 27.983592755231314 ], [ 85.183619553676664, 27.983538694967056 ], [ 85.183597656201385, 27.983515558623573 ], [ 85.183541054897958, 27.983460537275253 ], [ 85.183518517064485, 27.983440367925056 ], [ 85.183417482467263, 27.983361210066914 ], [ 85.183401247321385, 27.983350099088259 ], [ 85.18325570206558, 27.983267001646045 ], [ 85.183237185741149, 27.983258311635293 ], [ 85.183090065287018, 27.9832019473894 ], [ 85.183069130621078, 27.983195612452143 ], [ 85.183055556836266, 27.983192407545449 ], [ 85.183053596467033, 27.983189796138369 ], [ 85.183041816502381, 27.983175962465552 ], [ 85.183027554420605, 27.983116295149745 ], [ 85.183013840435578, 27.983066054308626 ], [ 85.183001245430717, 27.983025078813117 ], [ 85.18298270534379, 27.982971397673882 ], [ 85.182969014511642, 27.982935753964227 ], [ 85.18293945743271, 27.982867891571175 ], [ 85.182907676933624, 27.98280284981098 ], [ 85.182873658379577, 27.982739998018996 ], [ 85.182832105681896, 27.982670264187618 ], [ 85.182805453122711, 27.982628287338748 ], [ 85.18276190157178, 27.982563783996543 ], [ 85.18274876173092, 27.982544855540564 ], [ 85.182680411846832, 27.982449057968687 ], [ 85.182627764764874, 27.982141306861909 ], [ 85.18262942622431, 27.982132752138082 ], [ 85.182641990161528, 27.982081260179438 ], [ 85.182652023730157, 27.982047319525549 ], [ 85.18270194207679, 27.981975316548553 ], [ 85.182742165009259, 27.98191166779683 ], [ 85.182758601312969, 27.981883000353136 ], [ 85.182790534226683, 27.981821738189048 ], [ 85.182803252385014, 27.981794731796214 ], [ 85.18283272193527, 27.981723980469646 ], [ 85.182843112759443, 27.981695416327444 ], [ 85.182864470729029, 27.981627815830368 ], [ 85.182872695019881, 27.98159725926735 ], [ 85.18288683155437, 27.981535168799422 ], [ 85.182892960861125, 27.98150235453204 ], [ 85.182901294043333, 27.981447283275486 ], [ 85.182905426374916, 27.981411701798304 ], [ 85.182910280590477, 27.981347611788699 ], [ 85.182912982865474, 27.98127157145003 ], [ 85.182913169479164, 27.981220516227516 ], [ 85.182909778278287, 27.981100354162859 ], [ 85.182959302737927, 27.981013782687249 ], [ 85.182988875936957, 27.980992909118999 ], [ 85.183018391704152, 27.980968596530566 ], [ 85.183109962763851, 27.980882580277608 ], [ 85.183137864562326, 27.980852662715257 ], [ 85.183204154780597, 27.980773070120907 ], [ 85.183230577111516, 27.980737407680582 ], [ 85.183277069788971, 27.980668093965544 ], [ 85.183301752173435, 27.980627246357269 ], [ 85.183333928514543, 27.980569073629226 ], [ 85.183357708988481, 27.980521866976648 ], [ 85.183379609700594, 27.980474882584979 ], [ 85.183402854672863, 27.980420745048363 ], [ 85.183416861545112, 27.980386004957705 ], [ 85.183442328762354, 27.980318522967629 ], [ 85.183461471560022, 27.980261654393413 ], [ 85.183469031087796, 27.980236169942067 ], [ 85.183488117035978, 27.980157860294163 ], [ 85.183493789107544, 27.980128290666304 ], [ 85.183494226668202, 27.980125311324237 ], [ 85.183497537927451, 27.980120360035919 ], [ 85.183555706045553, 27.980019432890245 ], [ 85.183563981695343, 27.980002532321365 ], [ 85.183610712999027, 27.979885749993691 ], [ 85.183619756991433, 27.979857031709578 ], [ 85.18364497111429, 27.979754155701801 ], [ 85.18365059119553, 27.97972240679827 ], [ 85.183661351797284, 27.97963233590691 ], [ 85.183663514147099, 27.979597755386884 ], [ 85.183664569628817, 27.979519240043537 ], [ 85.183663249519228, 27.979482151570537 ], [ 85.183657804420605, 27.979413138821865 ], [ 85.183652966855675, 27.979373629473937 ], [ 85.183642924194274, 27.979311689086099 ], [ 85.183634643217829, 27.979270739930371 ], [ 85.183633963061098, 27.979267905021381 ], [ 85.183653330201452, 27.97921376628987 ], [ 85.183660483023743, 27.979192900649569 ], [ 85.183695003102955, 27.979087650554725 ], [ 85.183943432755285, 27.978635855682651 ], [ 85.184005029347119, 27.978494996629351 ], [ 85.184708895173429, 27.976373773662683 ], [ 85.184802305491147, 27.97625093894446 ], [ 85.184814840067048, 27.976234050897521 ], [ 85.184858778807651, 27.976173382375805 ], [ 85.184884911961234, 27.976135258457191 ], [ 85.184898559021988, 27.976114193707716 ], [ 85.18491188554124, 27.976102709759257 ], [ 85.185733921609909, 27.976201749670292 ], [ 85.185742269429511, 27.976203036623435 ], [ 85.185787497164839, 27.976224252606738 ], [ 85.185949317160947, 27.976249199522446 ], [ 85.187372576160072, 27.977295914971688 ], [ 85.187611144204467, 27.977426767998711 ], [ 85.188314148229111, 27.97770177024082 ], [ 85.188580978544337, 27.977769401631797 ], [ 85.188858468405201, 27.977770447885145 ], [ 85.188903991712792, 27.977765053947991 ], [ 85.188946869488689, 27.977771342305203 ], [ 85.189016166888621, 27.977779609153139 ], [ 85.18906404992083, 27.977784298763623 ], [ 85.18912857408769, 27.977789247461402 ], [ 85.189164601990456, 27.977791439001862 ], [ 85.189237233906937, 27.977794707498319 ], [ 85.189266752593198, 27.977795654343726 ], [ 85.189541641428178, 27.977800922415607 ], [ 85.189608770299202, 27.977804555521836 ], [ 85.189898083356809, 27.977825164025926 ], [ 85.189942217932241, 27.977827451503867 ], [ 85.190036876062649, 27.977830525749951 ], [ 85.190086444062914, 27.977831061773866 ], [ 85.190170152150685, 27.977830154479069 ], [ 85.190237692365258, 27.977827425975409 ], [ 85.190327685509729, 27.97782112234362 ], [ 85.190415240387409, 27.97781158078401 ], [ 85.190497124300151, 27.977799435084115 ], [ 85.190571004836272, 27.977785957745805 ], [ 85.190609398359783, 27.977777624910388 ], [ 85.19066180670653, 27.977764923533371 ], [ 85.190698624764636, 27.977755054682952 ], [ 85.190752797945223, 27.97773904679276 ], [ 85.190788128346384, 27.977727618717431 ], [ 85.190843347737996, 27.977708115715679 ], [ 85.190877258950067, 27.977695106756105 ], [ 85.190930345821059, 27.977673108919458 ], [ 85.191012883154897, 27.977636299530136 ], [ 85.191064623944044, 27.977611535884755 ], [ 85.191141991309109, 27.977571902240587 ], [ 85.191195883035689, 27.977542268538912 ], [ 85.191267226285674, 27.977500250657048 ], [ 85.191323582430357, 27.977464547382201 ], [ 85.19138846414522, 27.977420406656787 ], [ 85.191447032431014, 27.977377381546564 ], [ 85.19150499669675, 27.977331452230381 ], [ 85.191565041552934, 27.977279780877701 ], [ 85.191616051882903, 27.977232117556373 ], [ 85.191676220829947, 27.977170552097309 ], [ 85.191720132624809, 27.977121291865295 ], [ 85.191772046905527, 27.977056763280743 ], [ 85.191780980523916, 27.977053869618281 ], [ 85.191855111649403, 27.977026873373337 ], [ 85.191956491115135, 27.976985738248832 ], [ 85.191991906477625, 27.976970626956092 ], [ 85.19207337340238, 27.976934128618964 ], [ 85.192120098683063, 27.976911818072853 ], [ 85.192191923020602, 27.976875346326693 ], [ 85.192247131106356, 27.976845198473118 ], [ 85.192310627697992, 27.976807996290944 ], [ 85.192372573052893, 27.976768668384686 ], [ 85.192429998154296, 27.97672924205111 ], [ 85.192496503470025, 27.976679399574738 ], [ 85.192547033687035, 27.976638113711175 ], [ 85.192614547569875, 27.976577477235036 ], [ 85.19265854464841, 27.976534036083649 ], [ 85.192723675540336, 27.976462745505835 ], [ 85.192761315286333, 27.976416969991877 ], [ 85.192782762768061, 27.97638985497899 ], [ 85.192812099164058, 27.976351279521388 ], [ 85.192894618956402, 27.976220527609829 ], [ 85.192906732223804, 27.976196928092286 ], [ 85.192982595427978, 27.975980443142056 ], [ 85.192987397503998, 27.975956423563321 ], [ 85.193003020110737, 27.975793229805817 ], [ 85.193002827470309, 27.975765148420571 ], [ 85.192991680094593, 27.975637254315849 ], [ 85.192986458700233, 27.975606239679987 ], [ 85.192959868052029, 27.975495964836387 ], [ 85.192950116569321, 27.975465094638828 ], [ 85.192885391613103, 27.975313886911227 ], [ 85.192869396819972, 27.975284708047539 ], [ 85.192767178726541, 27.975136482349129 ], [ 85.192742311504944, 27.975107187788179 ], [ 85.192640134596047, 27.975004166042826 ], [ 85.192606832487314, 27.974975340909282 ], [ 85.192509652631855, 27.974901235214894 ], [ 85.192469830431904, 27.974874548072584 ], [ 85.192361722891562, 27.974811273448587 ], [ 85.192341154399983, 27.974800839386344 ], [ 85.192223802680573, 27.974749891964574 ], [ 85.192200805407396, 27.974741487221564 ], [ 85.192090978335088, 27.974707728492554 ], [ 85.192065418992613, 27.974701298968679 ], [ 85.191967825423504, 27.974681302677364 ], [ 85.19193942460025, 27.974676778815198 ], [ 85.191825215698401, 27.974664459699476 ], [ 85.19176187665127, 27.974660840111518 ], [ 85.191726132337465, 27.974660243091986 ], [ 85.19169692963176, 27.974616270640869 ], [ 85.191668403499094, 27.974578066343383 ], [ 85.191642165115056, 27.974547801361098 ], [ 85.191609263147754, 27.97448305246429 ], [ 85.19159299576917, 27.974454275996219 ], [ 85.191538276032276, 27.974369311204423 ], [ 85.191525471485335, 27.974351717761969 ], [ 85.191511397768878, 27.974334479541756 ], [ 85.191474082471458, 27.974208785085892 ], [ 85.191413393771569, 27.974106082853051 ], [ 85.191400147042216, 27.974070651491861 ], [ 85.191384562611304, 27.97403628590148 ], [ 85.191330486075302, 27.97393552319528 ], [ 85.191295502999452, 27.973879542609613 ], [ 85.191246833382394, 27.973809410288894 ], [ 85.1912087294846, 27.973759732711585 ], [ 85.191097076724759, 27.973570784559406 ], [ 85.190928366270654, 27.97336335393403 ], [ 85.190391365696129, 27.972869356733742 ], [ 85.190017262130155, 27.97265120062891 ], [ 85.189321266589175, 27.972419202649451 ], [ 85.189135287516535, 27.972374526213056 ], [ 85.188524441709561, 27.972281806212532 ], [ 85.188497062060407, 27.972269118201798 ], [ 85.188249656424162, 27.972192737990664 ], [ 85.18808869550476, 27.972155824417023 ], [ 85.187920051143578, 27.972129982210237 ], [ 85.187909080405248, 27.972127788235632 ], [ 85.187884414720344, 27.972120533226565 ], [ 85.187726231938285, 27.972086206242157 ], [ 85.187577676823153, 27.97206498449005 ], [ 85.18752812656534, 27.972059012073824 ], [ 85.187453024524132, 27.972051625181592 ], [ 85.18730449732206, 27.971932013567486 ], [ 85.187305042221368, 27.971880929265566 ], [ 85.187422557390875, 27.97170947187568 ], [ 85.187477733668629, 27.971582139053513 ], [ 85.187535544490942, 27.971207649990568 ], [ 85.187603269947076, 27.971139923865284 ], [ 85.187758021389755, 27.970934039860214 ], [ 85.187843944085984, 27.970698570980183 ], [ 85.187865164249786, 27.970592460009541 ], [ 85.187839030406849, 27.970178631237353 ], [ 85.187813563384395, 27.970102231176259 ], [ 85.18773599891513, 27.969934035946075 ], [ 85.187723265275849, 27.969912814243568 ], [ 85.187556323441839, 27.969709293586067 ], [ 85.187521164109825, 27.969677063044561 ], [ 85.187283205695465, 27.969515312318837 ], [ 85.187002459814366, 27.969422207454318 ], [ 85.186703335386767, 27.969405843272725 ], [ 85.186679859714687, 27.969407649210499 ], [ 85.186521033153696, 27.96938316295115 ], [ 85.186501117155132, 27.969382900378712 ], [ 85.186486225731585, 27.96937301232925 ], [ 85.186440452704161, 27.969339954173027 ], [ 85.186325728417373, 27.969283573636261 ], [ 85.186306294879756, 27.96926283717784 ], [ 85.186206335654646, 27.969170401006817 ], [ 85.186034604077363, 27.96903265912627 ], [ 85.186032072077779, 27.969021105144709 ], [ 85.185818623271302, 27.968730980311452 ], [ 85.185811229421716, 27.968724235137504 ], [ 85.185619133120653, 27.968548991705838 ], [ 85.18561294532995, 27.968543395672452 ], [ 85.185489856688974, 27.968433040525934 ], [ 85.185113658215485, 27.96821951096322 ], [ 85.184958708857735, 27.96816970590179 ], [ 85.184958328015398, 27.968169400441536 ], [ 85.184570535003274, 27.967975074712978 ], [ 85.182177599567609, 27.967334146463287 ], [ 85.180996722491159, 27.966761431306296 ], [ 85.180982357095857, 27.966732701128667 ], [ 85.180791360571988, 27.966478339220306 ], [ 85.180515671909205, 27.966295193355997 ], [ 85.180186932110502, 27.966204283362455 ], [ 85.18015017770999, 27.966199959438466 ], [ 85.179469730051125, 27.965728647557725 ], [ 85.1793525459817, 27.96559952088802 ], [ 85.179307115515044, 27.965517673565113 ], [ 85.179181107419069, 27.965325348443976 ], [ 85.179034017187078, 27.965152544862839 ], [ 85.178844785378118, 27.965015840972949 ], [ 85.178800179587213, 27.964990861915357 ], [ 85.177983390144902, 27.964090829154465 ], [ 85.177859418953858, 27.963976470875924 ], [ 85.177330419455132, 27.963567473511628 ], [ 85.17697318243431, 27.96338867843151 ], [ 85.176308195245156, 27.963199446401077 ], [ 85.176022624325654, 27.963102635920762 ], [ 85.175887979678933, 27.963079420754376 ], [ 85.175811428264538, 27.963057850368426 ], [ 85.174294083640106, 27.962352413288198 ], [ 85.174179176436638, 27.962241552191323 ], [ 85.17416820784787, 27.962211746112686 ], [ 85.174008916030658, 27.962003208258512 ], [ 85.173790894328761, 27.961841907346198 ], [ 85.173751931491594, 27.961826684384302 ], [ 85.173727520022297, 27.96180579895108 ], [ 85.173412819620324, 27.961502179718494 ], [ 85.173182410559164, 27.961202403939165 ], [ 85.173172238149732, 27.961139282091178 ], [ 85.173142901872339, 27.961086212860788 ], [ 85.17314266463633, 27.961084740840771 ], [ 85.173002564076441, 27.960831298743855 ], [ 85.172781116705664, 27.960628701559269 ], [ 85.172763958304742, 27.960620649569975 ], [ 85.172755020086328, 27.960565183997751 ], [ 85.172614922562346, 27.960311742575165 ], [ 85.172393478985654, 27.960109145043806 ], [ 85.172317148979161, 27.960073324472333 ], [ 85.172278187589583, 27.960024781368581 ], [ 85.172254572927216, 27.959982061308761 ], [ 85.172224903199748, 27.959954916683781 ], [ 85.171818904336092, 27.959428265589544 ], [ 85.171777306299632, 27.959353011851274 ], [ 85.171728693337997, 27.95930853560224 ], [ 85.171717131336337, 27.959289455059437 ], [ 85.171706194259187, 27.959277023146416 ], [ 85.171687676837053, 27.959243523732269 ], [ 85.171657891239477, 27.959216272676755 ], [ 85.171527349023108, 27.959047803301033 ], [ 85.171499606548466, 27.958918477052858 ], [ 85.171474272155237, 27.958761257315338 ], [ 85.171467713324162, 27.958749392117429 ], [ 85.171462350487502, 27.958706678775386 ], [ 85.171417855882069, 27.958543122690525 ], [ 85.171313099840233, 27.958308439428556 ], [ 85.171139230259826, 27.95810870561106 ], [ 85.170909854878175, 27.957959552811658 ], [ 85.170642925445875, 27.957872653983419 ], [ 85.170386919773335, 27.957823945933992 ], [ 85.170386906996896, 27.957819075013326 ], [ 85.170385455861052, 27.957784771572928 ], [ 85.170378480551193, 27.957707832301903 ], [ 85.170374110549588, 27.957676472728522 ], [ 85.170356648329587, 27.957587758837331 ], [ 85.17034932054105, 27.957559060137811 ], [ 85.170317368396013, 27.957460354205562 ], [ 85.170307043573814, 27.957434173264947 ], [ 85.170276501760014, 27.957365798699129 ], [ 85.170259922233967, 27.957332687495864 ], [ 85.170226117110559, 27.957271508369768 ], [ 85.170211406825942, 27.957247248230694 ], [ 85.170150088511818, 27.957158742728438 ], [ 85.170134759483872, 27.957139231301781 ], [ 85.170032608145121, 27.957028953852525 ], [ 85.170016446767491, 27.957014080897398 ], [ 85.169972500358142, 27.956982449795579 ], [ 85.169894508096391, 27.9568870170236 ], [ 85.169712078003499, 27.95671610518281 ], [ 85.169486060641503, 27.956592922935471 ], [ 85.16932975639989, 27.956531001879419 ], [ 85.169320762121927, 27.956511909019031 ], [ 85.169258319039017, 27.956401328436776 ], [ 85.169247476254, 27.95638502263893 ], [ 85.169132315086472, 27.956244694292629 ], [ 85.169103340912528, 27.956215718330391 ], [ 85.169024283245605, 27.956144947938565 ], [ 85.169003895444206, 27.956128609866479 ], [ 85.168903992189016, 27.956058131743941 ], [ 85.168880997405182, 27.956043905047434 ], [ 85.168779289402607, 27.95598855601331 ], [ 85.168753441316568, 27.955976281280378 ], [ 85.168700488400532, 27.955954202747133 ], [ 85.1679765490682, 27.955606930782409 ], [ 85.167938799554378, 27.955538631612615 ], [ 85.167759806652498, 27.955374854295918 ], [ 85.167729071101974, 27.955319244948175 ], [ 85.167699044655578, 27.955291770853442 ], [ 85.167581272171645, 27.955184009245933 ], [ 85.167519808430384, 27.955072800587047 ], [ 85.167489777415369, 27.955045321244899 ], [ 85.167489774358373, 27.955045315699085 ], [ 85.167398483910986, 27.954961784674452 ], [ 85.167298391366685, 27.954870196471301 ], [ 85.167298384610532, 27.954870193312896 ], [ 85.167268348988202, 27.954842710524943 ], [ 85.167083321393619, 27.954755868409705 ], [ 85.16705679401035, 27.95473159557535 ], [ 85.166775699126944, 27.954599663759062 ], [ 85.166462449359145, 27.954551319719304 ], [ 85.166401482635052, 27.954550507311982 ], [ 85.166334956201752, 27.954558956980218 ], [ 85.166250473217985, 27.954406097679794 ], [ 85.166225112314009, 27.954382891801984 ], [ 85.166131725612686, 27.954213921833418 ], [ 85.16612443521953, 27.954168662938145 ], [ 85.166007111055222, 27.953956380778465 ], [ 85.16600616264239, 27.953950492666046 ], [ 85.165976831697407, 27.953897422113119 ], [ 85.165976594569273, 27.953895950084643 ], [ 85.165836519475107, 27.953642501671812 ], [ 85.165615100060393, 27.953439894079718 ], [ 85.165553425455997, 27.953410946076623 ], [ 85.165535807469368, 27.953394824849923 ], [ 85.16550577730689, 27.953367345924867 ], [ 85.165505774348588, 27.953367340560831 ], [ 85.165476920979046, 27.953340939350831 ], [ 85.165446189116196, 27.953285333106297 ], [ 85.165416163810292, 27.953257858559713 ], [ 85.165325364275049, 27.953174772655679 ], [ 85.165322643199872, 27.95316457053994 ], [ 85.165306193844998, 27.953110452454258 ], [ 85.165270567662674, 27.953006225344044 ], [ 85.165257802372764, 27.952971433774369 ], [ 85.165240736955298, 27.952927937084663 ], [ 85.165201539537051, 27.952842394556296 ], [ 85.165177513325943, 27.952796796136731 ], [ 85.165138906560145, 27.952730763313696 ], [ 85.165105218635929, 27.952678529208409 ], [ 85.165077600180155, 27.952638190776959 ], [ 85.16504170983842, 27.952588733263131 ], [ 85.165102710862683, 27.952368823318007 ], [ 85.165132131103178, 27.952142257576284 ], [ 85.165118666876637, 27.951138378805449 ], [ 85.16512289344081, 27.951121679994611 ], [ 85.165133066624534, 27.951068973934937 ], [ 85.165145496906206, 27.950975542565477 ], [ 85.165149879179694, 27.950916163099837 ], [ 85.165151987523885, 27.950846802806325 ], [ 85.165151152140851, 27.950782130244722 ], [ 85.165149653218961, 27.950742406236973 ], [ 85.165142738068099, 27.950631918611041 ], [ 85.165149171578264, 27.950615672394413 ], [ 85.165222869781601, 27.950444180789297 ], [ 85.165239370612525, 27.950402788033479 ], [ 85.165260217289884, 27.950346148685139 ], [ 85.165275570655453, 27.950300363801574 ], [ 85.165291204425756, 27.950248789125595 ], [ 85.165301530932084, 27.950211594389593 ], [ 85.165326534993625, 27.950112530053293 ], [ 85.165332459288265, 27.950087386664418 ], [ 85.165352198737367, 27.949997226343839 ], [ 85.165358187762735, 27.949967165417302 ], [ 85.165373364573639, 27.949882681296621 ], [ 85.165378804782407, 27.949848112047569 ], [ 85.165389621999353, 27.949768115569288 ], [ 85.165394792851515, 27.949718194785305 ], [ 85.165399585356838, 27.94965172911526 ], [ 85.165401546085093, 27.949607702105954 ], [ 85.165403927297973, 27.949467759871514 ], [ 85.165405110894241, 27.949448347617327 ], [ 85.16540617867112, 27.949441040161776 ], [ 85.165412385627576, 27.949413925376557 ], [ 85.1654251980342, 27.949369301286499 ], [ 85.165477846823194, 27.949201821483285 ], [ 85.165487350320888, 27.949169257903176 ], [ 85.1655108425756, 27.949082104074616 ], [ 85.16552380072828, 27.949026304036224 ], [ 85.165539565485659, 27.948945618111299 ], [ 85.165550545121718, 27.948871131033695 ], [ 85.16555794408103, 27.948797099443869 ], [ 85.16556132307953, 27.948748320394746 ], [ 85.165565417322298, 27.948642529063282 ], [ 85.165566000833323, 27.948606452541352 ], [ 85.165565525254024, 27.948531478484046 ], [ 85.165563132267167, 27.948474461770214 ], [ 85.165557951552188, 27.948407769279495 ], [ 85.165548556041571, 27.948332724240412 ], [ 85.165538324891713, 27.948273639076412 ], [ 85.165517188374821, 27.948182886434125 ], [ 85.165498571648598, 27.948119548929924 ], [ 85.165470092787615, 27.948038480606446 ], [ 85.165442112711276, 27.947970298332276 ], [ 85.165414522071032, 27.947909933431681 ], [ 85.16537720714615, 27.947836063847205 ], [ 85.165356962637262, 27.947798350266446 ], [ 85.165299391209686, 27.947697197729095 ], [ 85.165283517632048, 27.947670432127747 ], [ 85.165250953540706, 27.947617686914505 ], [ 85.165226650672878, 27.947580456996008 ], [ 85.165189945884549, 27.947527197205883 ], [ 85.165165841653476, 27.947493885495376 ], [ 85.165124712513489, 27.947439697618265 ], [ 85.165101592837601, 27.947410500232841 ], [ 85.165055487639478, 27.947354655830129 ], [ 85.165034723095388, 27.947330376017291 ], [ 85.164985703095567, 27.947275024286895 ], [ 85.164967961573979, 27.9472555534519 ], [ 85.164911978924764, 27.947195828418437 ], [ 85.164893095503302, 27.947176257966756 ], [ 85.164850551318239, 27.947133419355293 ], [ 85.164712040902344, 27.946882090434595 ], [ 85.164019545918904, 27.94605617867516 ], [ 85.163730414885677, 27.945578945488311 ], [ 85.163626616058224, 27.9448254328186 ], [ 85.163549028843335, 27.944573496481834 ], [ 85.163191866318456, 27.943848081466452 ], [ 85.162761107615324, 27.942469692955605 ], [ 85.162697783794044, 27.942320026178663 ], [ 85.161955093675232, 27.940948056765329 ], [ 85.161903481461849, 27.940770000404076 ], [ 85.161899821076773, 27.940732939663906 ], [ 85.161891439839579, 27.940664973341566 ], [ 85.161886576383978, 27.940631374764386 ], [ 85.161875150026546, 27.940562662040321 ], [ 85.161869050870862, 27.940530113686318 ], [ 85.161854641918978, 27.940461043458992 ], [ 85.161847347901912, 27.94042927621356 ], [ 85.161830050414451, 27.940360295560769 ], [ 85.161822694853839, 27.940332973897117 ], [ 85.161804443400698, 27.940269561408062 ], [ 85.161796262776122, 27.940242852966801 ], [ 85.161777545177799, 27.940185246189404 ], [ 85.161766779107438, 27.94015421853717 ], [ 85.161747171183421, 27.940101122169008 ], [ 85.161733302441249, 27.940066026504876 ], [ 85.16171260967613, 27.940016925341403 ], [ 85.16169476013728, 27.939977433528231 ], [ 85.161676792399746, 27.939940241716826 ], [ 85.161657147903668, 27.939902055904543 ], [ 85.161645961472956, 27.939881585018625 ], [ 85.161480002765188, 27.939309044839955 ], [ 85.161364242807295, 27.939065263190251 ], [ 85.161173846182209, 27.938861776091468 ], [ 85.160664658778146, 27.93845681577907 ], [ 85.160601566273684, 27.9383538089184 ], [ 85.160333759491579, 27.938073368028626 ], [ 85.158921878802815, 27.937095717303858 ], [ 85.158830792122899, 27.936909438019249 ], [ 85.15880231894765, 27.936477290979756 ], [ 85.158775848608116, 27.936318861888278 ], [ 85.158410836659371, 27.934971863921351 ], [ 85.158365283233437, 27.934845466224967 ], [ 85.15806827820299, 27.934191468000254 ], [ 85.157955255316807, 27.93400759860091 ], [ 85.156776553617007, 27.93252889513403 ], [ 85.156772285277015, 27.932517932392621 ], [ 85.156758285946253, 27.932484951737681 ], [ 85.156737012922719, 27.932438748915512 ], [ 85.156684570049165, 27.93233327377709 ], [ 85.156682523221818, 27.93232681073458 ], [ 85.156645966225412, 27.932175586783703 ], [ 85.156633972160051, 27.932131420080495 ], [ 85.156610035412896, 27.932052093334249 ], [ 85.156592594325332, 27.932000503849544 ], [ 85.156543042064243, 27.931868384080474 ], [ 85.156527057037081, 27.931828856346034 ], [ 85.156480462236246, 27.931721554502122 ], [ 85.156462754203275, 27.931683397922001 ], [ 85.156438796449791, 27.931634949940495 ], [ 85.156423708859336, 27.931605853372869 ], [ 85.156399155772945, 27.931560632784688 ], [ 85.156381167332427, 27.931529096784594 ], [ 85.156355844553488, 27.931486779972925 ], [ 85.156334590645756, 27.931453028342549 ], [ 85.156308381516411, 27.931413424224285 ], [ 85.156296674735032, 27.931396177828784 ], [ 85.156238944642425, 27.931313237097836 ], [ 85.156209636417429, 27.931273507167496 ], [ 85.156171463733912, 27.931224617883039 ], [ 85.156112630311853, 27.931156441883161 ], [ 85.156073934146036, 27.931115767106448 ], [ 85.155978632395545, 27.931028309574391 ], [ 85.15593968038003, 27.930997082951997 ], [ 85.155893238388046, 27.93096395348153 ], [ 85.155901874397216, 27.930938895982685 ], [ 85.155886729518144, 27.930632982471607 ], [ 85.155757272226225, 27.930349180314014 ], [ 85.155528410076172, 27.930120168904534 ], [ 85.155159410817291, 27.929858170681253 ], [ 85.154830096802769, 27.929702275925454 ], [ 85.153986102622639, 27.929466278042828 ], [ 85.153739351528841, 27.929426118292707 ], [ 85.152330363124605, 27.929354119436372 ], [ 85.152097975585235, 27.929365965144633 ], [ 85.151860503951838, 27.929402633697919 ], [ 85.151861624083907, 27.929390847357386 ], [ 85.15187880046588, 27.929304864618018 ], [ 85.151885538570511, 27.929266304737247 ], [ 85.151899898414158, 27.929170503176266 ], [ 85.151906224351563, 27.929115433232404 ], [ 85.151910349438012, 27.929063914941644 ], [ 85.151911298738383, 27.929040682038359 ], [ 85.152525379173753, 27.927969416748088 ], [ 85.152590269071908, 27.927827593663501 ], [ 85.152764258640673, 27.927329906184831 ], [ 85.152780017319657, 27.927308052655277 ], [ 85.152802345930155, 27.927275602332916 ], [ 85.152853824098599, 27.927197118172085 ], [ 85.152957326019688, 27.92704145973261 ], [ 85.153016572748854, 27.926972520766984 ], [ 85.153178520804431, 27.926694697011555 ], [ 85.15322393076174, 27.926384455664287 ], [ 85.15322260054559, 27.926358188273262 ], [ 85.153227275696167, 27.92632602380036 ], [ 85.153232733869288, 27.92627866503155 ], [ 85.153236371982871, 27.926236019570336 ], [ 85.153239184409856, 27.926179958492117 ], [ 85.153239561605702, 27.926155011217659 ], [ 85.153251504059696, 27.926114755793407 ], [ 85.153257657190011, 27.926088530289903 ], [ 85.153272537459856, 27.926006243796849 ], [ 85.153276180960631, 27.925977742885916 ], [ 85.153282074327109, 27.925906767139107 ], [ 85.153283279129909, 27.925875464728051 ], [ 85.153282729737271, 27.925801851184257 ], [ 85.153279550796071, 27.925742364362286 ], [ 85.153275665208326, 27.925695480684208 ], [ 85.15326056063445, 27.925561135562827 ], [ 85.153251968323033, 27.925453680370975 ], [ 85.153247589997491, 27.925412382536265 ], [ 85.153241781401306, 27.925368440761595 ], [ 85.153235593585833, 27.925329120526076 ], [ 85.15322838573465, 27.925289669648627 ], [ 85.153214973065431, 27.925229339018497 ], [ 85.153205653836935, 27.925193833416611 ], [ 85.153185212670536, 27.925127497577947 ], [ 85.153171682900677, 27.925089362545432 ], [ 85.153151623434269, 27.925038228679941 ], [ 85.153133139561987, 27.924995301839775 ], [ 85.153121859215474, 27.924970234571557 ], [ 85.15309891434562, 27.924921380093583 ], [ 85.153099652932411, 27.924795789376486 ], [ 85.153098235132077, 27.92474318632906 ], [ 85.153095178602314, 27.924692103178764 ], [ 85.153089575549259, 27.92463398501588 ], [ 85.153083548532749, 27.924588731716 ], [ 85.153074512959293, 27.924534873939557 ], [ 85.153058362257767, 27.924455181791721 ], [ 85.153050274174305, 27.924419431697689 ], [ 85.153028695521144, 27.924333119287393 ], [ 85.153018838824977, 27.924297189069758 ], [ 85.152982229013119, 27.924174706007957 ], [ 85.15296973596061, 27.924136351573864 ], [ 85.152950751273565, 27.924082554908136 ], [ 85.152939547847808, 27.924052648236326 ], [ 85.152919683249422, 27.924002558861282 ], [ 85.152890958383168, 27.923938135302627 ], [ 85.152868055259731, 27.923892023880558 ], [ 85.152861346723753, 27.923879628649278 ], [ 85.152855833608541, 27.923497912372152 ], [ 85.152877825696521, 27.923356120155006 ], [ 85.152883978019148, 27.923306223819647 ], [ 85.152889528582804, 27.923245693494827 ], [ 85.15289258109047, 27.923194390223156 ], [ 85.152894080867455, 27.923139645473125 ], [ 85.152894163648043, 27.923099005082264 ], [ 85.152891528674402, 27.922986023230195 ], [ 85.152889532095159, 27.922945163531335 ], [ 85.152883024831311, 27.922857768137384 ], [ 85.152876444303601, 27.922798836713319 ], [ 85.152864884153374, 27.922721309784482 ], [ 85.152850244174758, 27.922647089180906 ], [ 85.15283321531723, 27.922577893637978 ], [ 85.152807193830796, 27.922492474968031 ], [ 85.15279379897062, 27.922455751376376 ], [ 85.152773874409931, 27.92240611773985 ], [ 85.152772680196207, 27.922403396822837 ], [ 85.152770120509956, 27.922380999523931 ], [ 85.152755743253422, 27.922295862671863 ], [ 85.152746527567416, 27.922254765792495 ], [ 85.15272126360712, 27.922165920555816 ], [ 85.152709142531492, 27.922130892647353 ], [ 85.152689536782276, 27.922079741704408 ], [ 85.152673693126459, 27.922042136022696 ], [ 85.152648025232423, 27.921986863550714 ], [ 85.15260053149666, 27.921893493512101 ], [ 85.152580639120387, 27.921856634540912 ], [ 85.152558171718113, 27.92181731462723 ], [ 85.15253729479646, 27.921782668756581 ], [ 85.152512589706234, 27.921743732148489 ], [ 85.152490689936343, 27.921710863148636 ], [ 85.15246374913194, 27.921672313480563 ], [ 85.152441048988578, 27.921641271263915 ], [ 85.152411874443487, 27.921603112170168 ], [ 85.152388587961795, 27.921573917115399 ], [ 85.152357182649723, 27.921536153146082 ], [ 85.152333525668979, 27.921508815097354 ], [ 85.152299895595434, 27.921471451745617 ], [ 85.152264071753564, 27.921433806889166 ], [ 85.152190145274218, 27.921360292965524 ], [ 85.152142566980913, 27.921316090723877 ], [ 85.152059798432688, 27.921244235959353 ], [ 85.152013301184525, 27.921206306122301 ], [ 85.151921702649489, 27.921136117878039 ], [ 85.151876955131698, 27.921103752222336 ], [ 85.151776547678367, 27.921035247003832 ], [ 85.151734020527172, 27.921007756761128 ], [ 85.151624752975749, 27.920940897759603 ], [ 85.151594280402207, 27.920922961510446 ], [ 85.151510722603277, 27.92087567834383 ], [ 85.151440839136868, 27.9208395232694 ], [ 85.15138102989053, 27.920811350144447 ], [ 85.151271831036894, 27.920767043911844 ], [ 85.151234021646957, 27.920754042460032 ], [ 85.151133161933771, 27.920724642338826 ], [ 85.151089768857588, 27.920714189374898 ], [ 85.151016508194942, 27.920699103310692 ], [ 85.15097268114809, 27.920691584745178 ], [ 85.150938482652563, 27.920686254718468 ], [ 85.150875289109521, 27.920677391576188 ], [ 85.150871355720014, 27.920676214095685 ], [ 85.150835291081165, 27.920663650742323 ], [ 85.150794783381244, 27.920647602465525 ], [ 85.150750057609301, 27.920627792515827 ], [ 85.150701346312403, 27.920603989639652 ], [ 85.150648910642829, 27.92057601910145 ], [ 85.150593037210399, 27.920543762551347 ], [ 85.150534287308844, 27.920507313349045 ], [ 85.150457171708752, 27.920456129226498 ], [ 85.150403819864508, 27.920417533016487 ], [ 85.150366985030473, 27.920387918140214 ], [ 85.15034723740429, 27.920369974332104 ], [ 85.150287289455804, 27.920300154303121 ], [ 85.150242143845148, 27.920251230514086 ], [ 85.150203847944539, 27.920212576644282 ], [ 85.150142030940927, 27.920155447853446 ], [ 85.150116082018755, 27.920133484119816 ], [ 85.150065166802719, 27.920093196070443 ], [ 85.150036677781856, 27.920072133163426 ], [ 85.14998711605773, 27.920037740361536 ], [ 85.149955811071081, 27.920017370612751 ], [ 85.149909444740075, 27.91998892162966 ], [ 85.14987476506775, 27.919968881954834 ], [ 85.149820755398068, 27.919939754567352 ], [ 85.149750744374657, 27.919904596626843 ], [ 85.149707610681617, 27.919884136664443 ], [ 85.149583517402306, 27.919828641306619 ], [ 85.149531342635015, 27.919780815106954 ], [ 85.149503156190121, 27.919755968567433 ], [ 85.149461717086069, 27.919720840649173 ], [ 85.149394408096995, 27.919668610012543 ], [ 85.149349193532018, 27.919636526812553 ], [ 85.149239159330378, 27.919568505135498 ], [ 85.149195579489614, 27.919545196952537 ], [ 85.149090808493, 27.919496308855791 ], [ 85.149060339062331, 27.919484046237098 ], [ 85.148996964653449, 27.919460797191928 ], [ 85.148962035951712, 27.919449192983802 ], [ 85.14889929866554, 27.919430396240323 ], [ 85.148791146356672, 27.919401443153866 ], [ 85.148751045068749, 27.919391499222456 ], [ 85.148683796307779, 27.919376135753566 ], [ 85.148616699627382, 27.919362938880489 ], [ 85.148541592775544, 27.919350517354339 ], [ 85.148490283478267, 27.919343232244614 ], [ 85.148488109664271, 27.919342974060616 ], [ 85.148467183776262, 27.919298199493145 ], [ 85.148440677178755, 27.919246193723783 ], [ 85.148415243605115, 27.919200221786969 ], [ 85.148374951599394, 27.919134438679816 ], [ 85.148348480916255, 27.919095193364214 ], [ 85.14829201725621, 27.91902056433311 ], [ 85.148272803414145, 27.918947140625455 ], [ 85.148266751099428, 27.918931460887574 ], [ 85.148166821936272, 27.918745264287608 ], [ 85.148148287155195, 27.918718968754902 ], [ 85.148044040492451, 27.918595852165389 ], [ 85.148017301399435, 27.918569328965113 ], [ 85.14786821158188, 27.918448196859462 ], [ 85.14784326030717, 27.918431651957185 ], [ 85.147649202079961, 27.918330582562831 ], [ 85.147617349247952, 27.918317968921773 ], [ 85.147475547385739, 27.918272684650937 ], [ 85.147442608180825, 27.918264558797937 ], [ 85.147378297628691, 27.918250681179806 ], [ 85.147295249884053, 27.918235286282727 ], [ 85.147264669429433, 27.918229574199405 ], [ 85.147169366312284, 27.918215935717932 ], [ 85.147136011254759, 27.918212597235016 ], [ 85.147049751419871, 27.918207253051825 ], [ 85.147014045741315, 27.918206394496071 ], [ 85.146939288841693, 27.9182070413129 ], [ 85.14690055925395, 27.918208643695518 ], [ 85.146822311199671, 27.918214580338965 ], [ 85.146754801713399, 27.918222046472945 ], [ 85.146705026866613, 27.918200582392366 ], [ 85.146659868695323, 27.918183444069644 ], [ 85.146576012770467, 27.918155435006685 ], [ 85.146526858316975, 27.918141180409307 ], [ 85.146450844538023, 27.918122008246321 ], [ 85.146396810267063, 27.918110376393219 ], [ 85.146336281352134, 27.918099067546365 ], [ 85.146286059690937, 27.918091094154107 ], [ 85.146240558647889, 27.918084811897252 ], [ 85.146183725189843, 27.918078132960126 ], [ 85.146146941726656, 27.918074414625746 ], [ 85.145911484174377, 27.918054465789698 ], [ 85.145876609468388, 27.918051307616231 ], [ 85.145876463775437, 27.91805118255737 ], [ 85.145840479369582, 27.91801847022311 ], [ 85.145805173486465, 27.917984488391546 ], [ 85.145770767700569, 27.917949428392642 ], [ 85.145743836643419, 27.917920366238622 ], [ 85.14574011892357, 27.917915936931102 ], [ 85.145679441305845, 27.917837658498762 ], [ 85.145629897974857, 27.917778998387899 ], [ 85.145587791432973, 27.917733149824375 ], [ 85.14552363517781, 27.917669670893236 ], [ 85.145496049096451, 27.917644844205167 ], [ 85.14545475497178, 27.917609715290162 ], [ 85.145424563644411, 27.917585441015735 ], [ 85.14538454204137, 27.917554904485343 ], [ 85.145351539996199, 27.917531018311866 ], [ 85.145313879968512, 27.91750504289741 ], [ 85.145277683870546, 27.917481265307504 ], [ 85.145228939631309, 27.917451161228986 ], [ 85.145147534779653, 27.917403959312509 ], [ 85.145101660535246, 27.917378874594139 ], [ 85.144985578277939, 27.917319109673954 ], [ 85.144950536972189, 27.917301879205144 ], [ 85.144863820146057, 27.917261201751796 ], [ 85.144819644820373, 27.917241683359098 ], [ 85.14471772050527, 27.917199359710381 ], [ 85.144675349909249, 27.91718279961518 ], [ 85.144576437734784, 27.917146507059542 ], [ 85.144530023304625, 27.917130646727252 ], [ 85.144422567321456, 27.917096585384229 ], [ 85.144381962794156, 27.917084564880764 ], [ 85.144263892948388, 27.917052049835728 ], [ 85.144230688917446, 27.917043453357206 ], [ 85.144094843903872, 27.917010501007663 ], [ 85.144038500950373, 27.916998357117354 ], [ 85.143975618447243, 27.91698648055635 ], [ 85.143927320826549, 27.916978437856763 ], [ 85.143874262501981, 27.916970777341021 ], [ 85.143839585828417, 27.916946236700344 ], [ 85.143825044887322, 27.916931772355031 ], [ 85.143712186298444, 27.916814068590032 ], [ 85.14367738119941, 27.916779601145908 ], [ 85.143637473676861, 27.916742064556374 ], [ 85.143596287976621, 27.916705485577904 ], [ 85.143558764963302, 27.916674017748889 ], [ 85.143540773363355, 27.916659289455911 ], [ 85.143469466045389, 27.916602310842766 ], [ 85.143444730471217, 27.916583178348642 ], [ 85.14340732712084, 27.916555177589007 ], [ 85.143356050347521, 27.916519230601399 ], [ 85.143318695897833, 27.916494732974598 ], [ 85.143240630047018, 27.916448330993067 ], [ 85.143205599360073, 27.916429531291616 ], [ 85.143093529310917, 27.916377551949029 ], [ 85.143066894694556, 27.916367016550353 ], [ 85.142950980134799, 27.916328496627518 ], [ 85.142936984880635, 27.916324691345672 ], [ 85.142874079126059, 27.916242968023358 ], [ 85.142855467581867, 27.916221501728597 ], [ 85.142730147891385, 27.916101327418556 ], [ 85.142710873038681, 27.916085920385861 ], [ 85.142522161734846, 27.915966629976531 ], [ 85.142499729079816, 27.915955634028112 ], [ 85.142310747871406, 27.915884074628401 ], [ 85.142283040177134, 27.915876416131518 ], [ 85.142151401665771, 27.915848420177184 ], [ 85.142147622964444, 27.91584784983073 ], [ 85.142081238862815, 27.915820299699561 ], [ 85.142055599564429, 27.91581074859975 ], [ 85.141980366354119, 27.915785780865036 ], [ 85.141956616913347, 27.915778836314146 ], [ 85.141921248266812, 27.91577051151927 ], [ 85.141916406574865, 27.915761782012577 ], [ 85.141885659177035, 27.915710568641263 ], [ 85.141830294536831, 27.91562509215678 ], [ 85.141800748724293, 27.915582278767467 ], [ 85.141743238634049, 27.915503923592574 ], [ 85.141706993367833, 27.915457755188633 ], [ 85.141647846216671, 27.915387210445854 ], [ 85.141602841651974, 27.915337324495074 ], [ 85.141542368186663, 27.915274954457274 ], [ 85.141486116888913, 27.915221486230234 ], [ 85.141424689904611, 27.915167650592082 ], [ 85.141354348255092, 27.91511149547846 ], [ 85.141292036284852, 27.915066225840263 ], [ 85.141228188207961, 27.915023452348681 ], [ 85.141196751634979, 27.915004068033781 ], [ 85.141148288812673, 27.914975967697814 ], [ 85.141116685953463, 27.914958763298937 ], [ 85.141063271255675, 27.914931626271098 ], [ 85.141031516219343, 27.91491660829454 ], [ 85.140973037329516, 27.914891055485846 ], [ 85.140941142193171, 27.914878230410409 ], [ 85.140879107927134, 27.914855448894954 ], [ 85.140833279183312, 27.914840173212362 ], [ 85.140772136244735, 27.914821739880107 ], [ 85.140724721210077, 27.914808922741681 ], [ 85.140662731645975, 27.914794050097775 ], [ 85.140614793133381, 27.914783981102488 ], [ 85.140550012985983, 27.914772337232016 ], [ 85.140502554221399, 27.914765225758941 ], [ 85.140378778411829, 27.914753548135714 ], [ 85.140333067810687, 27.914751739670102 ], [ 85.140296448584621, 27.9147519403861 ], [ 85.140249711360724, 27.914732582548808 ], [ 85.140194863885654, 27.914707850157772 ], [ 85.140145967733304, 27.914678272780915 ], [ 85.140113920015779, 27.914659662598705 ], [ 85.140078725467674, 27.914640055820094 ], [ 85.140003989005919, 27.914602238311087 ], [ 85.139966080627502, 27.914584901573026 ], [ 85.139847210422744, 27.914538810973546 ], [ 85.139811950849236, 27.914527459966351 ], [ 85.139691634061066, 27.914496040586521 ], [ 85.139651445989742, 27.914487901649363 ], [ 85.139639091079871, 27.914485905184605 ], [ 85.139619387061572, 27.914472073525591 ], [ 85.13947352266689, 27.914364377960307 ], [ 85.139427428091764, 27.914332294657989 ], [ 85.139376173413851, 27.914298691810501 ], [ 85.139322001748894, 27.914265528659396 ], [ 85.139274472441031, 27.914238405313451 ], [ 85.13920926522421, 27.914204175033959 ], [ 85.139173489555276, 27.914186959854462 ], [ 85.139114256924273, 27.914160638473302 ], [ 85.139073718611812, 27.914144069164795 ], [ 85.139008790657385, 27.914119915685546 ], [ 85.138876233032889, 27.914075333270684 ], [ 85.138856095748039, 27.914060679006269 ], [ 85.138695440703543, 27.913937306302518 ], [ 85.138587109149043, 27.913412338132758 ], [ 85.139306067904968, 27.911948689431302 ], [ 85.141860605910836, 27.909745409394528 ], [ 85.142025029273441, 27.909560789064763 ], [ 85.14213010150884, 27.909344671199783 ], [ 85.143241073802145, 27.905871662079239 ], [ 85.143266672029625, 27.905480624927051 ], [ 85.142680642715078, 27.902268627687743 ], [ 85.142579651111674, 27.9019975139955 ], [ 85.142388356704728, 27.90176801300942 ], [ 85.142160636760693, 27.901570068339282 ], [ 85.142140777184295, 27.901533353031557 ], [ 85.142117405716476, 27.901492800332022 ], [ 85.142089781457599, 27.901447712020897 ], [ 85.142070967801715, 27.901418328880872 ], [ 85.142042654837837, 27.90137597569715 ], [ 85.142016455437215, 27.901338866319119 ], [ 85.141992120785943, 27.90130618805356 ], [ 85.141960342935946, 27.901265941519473 ], [ 85.141933054504662, 27.901233309143368 ], [ 85.141901720721052, 27.901197735008349 ], [ 85.141871213729559, 27.901164830886742 ], [ 85.141841582578763, 27.90113428843345 ], [ 85.14180731550573, 27.901100523163763 ], [ 85.141772222292815, 27.901067642719582 ], [ 85.141701996494334, 27.901005069174278 ], [ 85.141673501123606, 27.900980649680282 ], [ 85.141542181057815, 27.900872422395935 ], [ 85.141509408646627, 27.900844345206789 ], [ 85.141499609313414, 27.900835217608254 ], [ 85.141435949486251, 27.900733408378802 ], [ 85.141408278497977, 27.900691818113874 ], [ 85.141367217396194, 27.90063371161375 ], [ 85.141318554364602, 27.900570905885122 ], [ 85.141293990592729, 27.900541907411252 ], [ 85.141240759848401, 27.900484196409103 ], [ 85.141215912616744, 27.900459422188462 ], [ 85.141146968057825, 27.900397045619009 ], [ 85.141121338913351, 27.900376001587194 ], [ 85.141035838028202, 27.900313132645106 ], [ 85.141009147320517, 27.900295598430628 ], [ 85.140936287152357, 27.900251934789829 ], [ 85.140899167324065, 27.900231708535074 ], [ 85.140824822699827, 27.900194914472799 ], [ 85.140793261635224, 27.900180799849991 ], [ 85.14065361340549, 27.900129526053423 ], [ 85.140627200767426, 27.900121816240748 ], [ 85.140461832207023, 27.900086847312139 ], [ 85.140452935933368, 27.900085653656514 ], [ 85.14039434630908, 27.900034724757266 ], [ 85.139710835214473, 27.899018844521962 ], [ 85.139709601189409, 27.898999540373421 ], [ 85.139707400628382, 27.898972367592567 ], [ 85.139697371429847, 27.898870117281383 ], [ 85.139691834277627, 27.898826155042574 ], [ 85.139678198430175, 27.898737594388574 ], [ 85.139667557681832, 27.898681647788308 ], [ 85.139649525924099, 27.898602144565672 ], [ 85.1396388239597, 27.898560157592485 ], [ 85.139614563696455, 27.898474515569383 ], [ 85.139607595339299, 27.898451234041119 ], [ 85.139582518875343, 27.89837174037504 ], [ 85.13957377803203, 27.898345562247666 ], [ 85.13954757805503, 27.898271239019156 ], [ 85.139536726692114, 27.898242192757785 ], [ 85.139509237335758, 27.898172581976841 ], [ 85.139497235681944, 27.898143987751638 ], [ 85.139477746550909, 27.897793927573581 ], [ 85.139592331552791, 27.897657598023731 ], [ 85.139597024265214, 27.897649954260789 ], [ 85.139688543625454, 27.897444282318517 ], [ 85.139694243231261, 27.897424746711334 ], [ 85.139722614493181, 27.897279534020875 ], [ 85.139724711262616, 27.897258917337936 ], [ 85.139723215756476, 27.897082947408826 ], [ 85.139721234614811, 27.897066279944585 ], [ 85.139642349753572, 27.896800693093851 ], [ 85.139636534096695, 27.896788830969836 ], [ 85.139434194656303, 27.896529743033778 ], [ 85.139457388039602, 27.896474005190047 ], [ 85.139465323569652, 27.896449767208324 ], [ 85.139492788721299, 27.896334470243726 ], [ 85.139887590109012, 27.895576854161789 ], [ 85.139899449304792, 27.895567121425582 ], [ 85.139912911009077, 27.895554792153639 ], [ 85.13999679013591, 27.89546748334001 ], [ 85.140007705658874, 27.895454536688955 ], [ 85.140084772599067, 27.895348381001245 ], [ 85.140093259230255, 27.895334670552696 ], [ 85.140160295892599, 27.895202075279421 ], [ 85.140171052533205, 27.895175190461522 ], [ 85.140209260760315, 27.895053147188275 ], [ 85.140216825370075, 27.895020169094362 ], [ 85.140231787783492, 27.89493370571514 ], [ 85.140236376068927, 27.894894673359012 ], [ 85.140240823305447, 27.894841903349526 ], [ 85.140240992077423, 27.894838603203194 ], [ 85.140250310454746, 27.894816475128621 ], [ 85.140267677989868, 27.89477168427776 ], [ 85.140313427721566, 27.894642803890587 ], [ 85.140327044906769, 27.89460094581327 ], [ 85.140367475101684, 27.894464389357829 ], [ 85.140377888002433, 27.894425786662648 ], [ 85.140413200058717, 27.89428088542271 ], [ 85.140420923753538, 27.894245854974137 ], [ 85.140451141544062, 27.894092817748955 ], [ 85.140456683932442, 27.894061531737101 ], [ 85.140482384558894, 27.893897796071808 ], [ 85.140486206830673, 27.893870384000234 ], [ 85.140507744801084, 27.893693811304892 ], [ 85.140510229242778, 27.893670662697623 ], [ 85.140527175351536, 27.893487869811423 ], [ 85.140531970663332, 27.893449389471986 ], [ 85.140558224631221, 27.893297587439029 ], [ 85.140564444605943, 27.893254847599071 ], [ 85.140569639301759, 27.893210929279878 ], [ 85.140573701266277, 27.893165647468308 ], [ 85.140576091014751, 27.893126626931949 ], [ 85.140577413019187, 27.893060693099784 ], [ 85.140576443004065, 27.893014698928916 ], [ 85.140569244863016, 27.892923046379476 ], [ 85.140563593494903, 27.892881612415728 ], [ 85.140541493547886, 27.892774349657252 ], [ 85.140531052417487, 27.892736688380904 ], [ 85.140488587024052, 27.892618935960119 ], [ 85.140473242767868, 27.892584668602908 ], [ 85.140442741903129, 27.892523299086584 ], [ 85.140421670437092, 27.892484838250464 ], [ 85.140391902970364, 27.89243458727162 ], [ 85.140377019565989, 27.892411273141292 ], [ 85.140313602938406, 27.892324044985873 ], [ 85.1402982331348, 27.892305358490759 ], [ 85.140181753691863, 27.892186964839034 ], [ 85.14016600472749, 27.89217352561511 ], [ 85.139981027667119, 27.892048447620926 ], [ 85.139969128877254, 27.892042170039463 ], [ 85.139920506952492, 27.892022237328977 ], [ 85.139627139652021, 27.891525946446531 ], [ 85.139492006502323, 27.889466590423172 ], [ 85.139491449898259, 27.889442184775355 ], [ 85.139491386868031, 27.889439604380907 ], [ 85.139489346977854, 27.889361223082972 ], [ 85.139486797992816, 27.889314879803695 ], [ 85.139480652818079, 27.889241769486741 ], [ 85.139474532154424, 27.889189498905413 ], [ 85.139464206727453, 27.889120817450518 ], [ 85.139453396629946, 27.889063193882031 ], [ 85.139438821457176, 27.88899849181983 ], [ 85.139426405163547, 27.888950279771912 ], [ 85.139392704886404, 27.888834155495953 ], [ 85.13938004259559, 27.888794325106257 ], [ 85.139363558775102, 27.888746679309985 ], [ 85.139351089500025, 27.888713007123748 ], [ 85.139333991827741, 27.888669719209386 ], [ 85.139317443032638, 27.88863072681271 ], [ 85.139299137197909, 27.888590437750548 ], [ 85.139277540261801, 27.888546329830017 ], [ 85.139258138489254, 27.888509426490693 ], [ 85.139230524778498, 27.888460788756099 ], [ 85.13920989316243, 27.888427023856835 ], [ 85.139175189993821, 27.888374533656236 ], [ 85.139153248582005, 27.888343771646692 ], [ 85.139115041463015, 27.88829396563975 ], [ 85.139083435885709, 27.888255585291819 ], [ 85.139044602246173, 27.888211378423971 ], [ 85.139011216413351, 27.88817571573939 ], [ 85.138966215805183, 27.888130780846193 ], [ 85.138931844775669, 27.88809868134696 ], [ 85.13887794205182, 27.888051941109509 ], [ 85.13884315766208, 27.88802393955979 ], [ 85.138782387864268, 27.887978727843947 ], [ 85.138754173895137, 27.887959349711387 ], [ 85.138695705294694, 27.887922055944802 ], [ 85.138664972083134, 27.887903883770431 ], [ 85.138608080656127, 27.887872596752544 ], [ 85.13857484634066, 27.887855638900149 ], [ 85.138520174928729, 27.887829680983184 ], [ 85.138484458616546, 27.887813948537218 ], [ 85.138432479756347, 27.887792652318943 ], [ 85.138394302600688, 27.887778155489158 ], [ 85.138345320431469, 27.887760877014191 ], [ 85.138304708693497, 27.887747624274517 ], [ 85.138250793809647, 27.887731916852893 ], [ 85.13479752189771, 27.885047034047279 ], [ 85.133170468553089, 27.883260384725066 ], [ 85.133087507413705, 27.883179792094559 ], [ 85.131362007132594, 27.881694906516248 ], [ 85.13137175783335, 27.881679481331865 ], [ 85.131387612882506, 27.881649445374713 ], [ 85.131445567582929, 27.881511289961399 ], [ 85.131452753872267, 27.881488658591529 ], [ 85.131474909096724, 27.881403190306749 ], [ 85.131481378640729, 27.881371194179586 ], [ 85.131490803516968, 27.88131417453457 ], [ 85.131497700426181, 27.881260598841557 ], [ 85.131504175837705, 27.881170955680929 ], [ 85.131504955927113, 27.881122502533113 ], [ 85.13149889520686, 27.881010317928467 ], [ 85.131493550221307, 27.880967410475122 ], [ 85.131463729145651, 27.880828599199113 ], [ 85.131452291122443, 27.880791443636411 ], [ 85.131387883078247, 27.880638330361258 ], [ 85.131368709555019, 27.880602916385499 ], [ 85.131303409509385, 27.880500115696648 ], [ 85.131272507379876, 27.880458141457602 ], [ 85.131210965463225, 27.880383252386441 ], [ 85.131197545105437, 27.880368569492724 ], [ 85.131191509466788, 27.880362697573222 ], [ 85.131172986488608, 27.880329139394938 ], [ 85.131172751039315, 27.880327674015341 ], [ 85.131032849396505, 27.880074200246149 ], [ 85.131002847669521, 27.880046714104118 ], [ 85.131002844616305, 27.880046708557625 ], [ 85.130972845688675, 27.88001922587685 ], [ 85.130972844507397, 27.880019223694894 ], [ 85.130903696700898, 27.87995587670191 ], [ 85.13081164827085, 27.87987154599611 ], [ 85.130811641520395, 27.879871542836156 ], [ 85.13078163518999, 27.879844053247545 ], [ 85.130781632368581, 27.879844051945817 ], [ 85.130751631746534, 27.879816567933595 ], [ 85.130690008471305, 27.879787607389645 ], [ 85.13066117326828, 27.879761190905953 ], [ 85.130380303343486, 27.879629194544222 ], [ 85.130160241678112, 27.879595161752729 ], [ 85.129402236430593, 27.878044373934308 ], [ 85.129300202377237, 27.876612377148287 ], [ 85.129325515867109, 27.876590559979942 ], [ 85.129474059631136, 27.876340994726739 ], [ 85.129528545915349, 27.876062854432309 ], [ 85.129530406380582, 27.875954582868271 ], [ 85.129485502323064, 27.875675093949837 ], [ 85.1293526148838, 27.875434317063945 ], [ 85.129338781110931, 27.875348212609985 ], [ 85.129309487426397, 27.875295135558151 ], [ 85.129309250905436, 27.875293663482829 ], [ 85.129228160721823, 27.875146736449043 ], [ 85.129221125634317, 27.875102948179855 ], [ 85.129081228910906, 27.874849468656901 ], [ 85.129052398758205, 27.874823054745232 ], [ 85.129021703815297, 27.874767438193267 ], [ 85.128971600462791, 27.874721533890607 ], [ 85.128955230646952, 27.874694965808633 ], [ 85.12886468219034, 27.874623576014983 ], [ 85.128800508402918, 27.874564780257916 ], [ 85.128774754993387, 27.874552675887088 ], [ 85.128695111432847, 27.874489883413965 ], [ 85.128675985458315, 27.874479377742421 ], [ 85.128521909453795, 27.874333862413998 ], [ 85.128465345662377, 27.87428445789406 ], [ 85.128346985596522, 27.874188861127816 ], [ 85.128334475061152, 27.874178923086227 ], [ 85.128188802670479, 27.874065115286317 ], [ 85.128163294917698, 27.874045840292382 ], [ 85.1280449352126, 27.873959348339046 ], [ 85.127917436556402, 27.873879913436035 ], [ 85.127744449710534, 27.873788867362631 ], [ 85.127717966885783, 27.873778418231076 ], [ 85.12769171960727, 27.873751344857972 ], [ 85.127443470349164, 27.873610405521582 ], [ 85.127315494801863, 27.87355921597959 ], [ 85.127096399192141, 27.873467196410896 ], [ 85.12688545394748, 27.873402685600869 ], [ 85.126874861964808, 27.873400567166833 ], [ 85.126857857158413, 27.873381043505447 ], [ 85.126762812689847, 27.873255586254015 ], [ 85.126597812045461, 27.873087238607123 ], [ 85.126391352506175, 27.872960040085491 ], [ 85.126195605600969, 27.872868994184518 ], [ 85.125807536522743, 27.872769110334264 ], [ 85.125557162557811, 27.872750902210779 ], [ 85.12552961850902, 27.872753242525775 ], [ 85.123423989357448, 27.8715162555829 ], [ 85.123300541646302, 27.871454277627599 ], [ 85.120325142753018, 27.870195239659175 ], [ 85.120152640629087, 27.870056405816243 ], [ 85.120145843678017, 27.870044087542208 ], [ 85.120085860718262, 27.869989121391662 ], [ 85.120085860618289, 27.869989121300051 ], [ 85.12002587761593, 27.869934155214779 ], [ 85.119997314332039, 27.869907980863395 ], [ 85.119995648207436, 27.869906453995391 ], [ 85.119994675983961, 27.869905563084913 ], [ 85.119894699455699, 27.869813945070071 ], [ 85.119894697440699, 27.869813944140116 ], [ 85.119834716663263, 27.869758977917247 ], [ 85.119834707798802, 27.869758973735234 ], [ 85.119804709119563, 27.869731483913558 ], [ 85.119743094014282, 27.869702517854339 ], [ 85.11968427630768, 27.869648619081293 ], [ 85.119622661181808, 27.869619652970385 ], [ 85.119593834954415, 27.869593237423995 ], [ 85.11955610036209, 27.869575497841645 ], [ 85.119526393535466, 27.869552772659748 ], [ 85.119523232809001, 27.869556035572916 ], [ 85.119471240095024, 27.86950839079206 ], [ 85.119471460233854, 27.869508174855131 ], [ 85.11946771602598, 27.869505161424012 ], [ 85.119467715826033, 27.869505161240795 ], [ 85.11946771572606, 27.869505161149185 ], [ 85.119455420424657, 27.869493894042748 ], [ 85.119455420223147, 27.869493893949752 ], [ 85.119455420024764, 27.869493893676307 ], [ 85.119379330495107, 27.869418290671589 ], [ 85.119365284383264, 27.869411295529428 ], [ 85.119323446510819, 27.869372956242792 ], [ 85.11904262998479, 27.869240938911354 ], [ 85.119040981520584, 27.869240683764996 ], [ 85.118982180324281, 27.869213040076016 ], [ 85.118936442242202, 27.869205961139208 ], [ 85.118891272182452, 27.869184725653597 ], [ 85.118846263552669, 27.869177759521531 ], [ 85.118772915699182, 27.86914558649292 ], [ 85.118558566097974, 27.86904481536666 ], [ 85.118470390009975, 27.869031167913338 ], [ 85.118446225797882, 27.86900902398305 ], [ 85.118416234980856, 27.868981540571227 ], [ 85.118135420650546, 27.868849521487448 ], [ 85.118133772296531, 27.868849266331996 ], [ 85.118074971560006, 27.868821622276101 ], [ 85.11793180008398, 27.868799462297947 ], [ 85.11785436538554, 27.868659118356742 ], [ 85.117633203591566, 27.86845644395035 ], [ 85.117509976193006, 27.86839851007295 ], [ 85.11748231553814, 27.868373161492634 ], [ 85.117452325142807, 27.868345677889167 ], [ 85.117390711087566, 27.868316710655819 ], [ 85.117361889758214, 27.868290298165327 ], [ 85.117238662009783, 27.868232362967895 ], [ 85.117181012993242, 27.868179531607396 ], [ 85.117119396192848, 27.868150562595964 ], [ 85.117090569373048, 27.868124145103693 ], [ 85.11703878382535, 27.868099798483946 ], [ 85.116982304657611, 27.86799743223802 ], [ 85.116761145842574, 27.867794756559313 ], [ 85.116480336702054, 27.867662734330107 ], [ 85.11647868826941, 27.867662479154504 ], [ 85.116419888619603, 27.867634834439979 ], [ 85.116418241605828, 27.867634579463562 ], [ 85.116375341615111, 27.867614409424281 ], [ 85.116081706626417, 27.867106374200997 ], [ 85.116076260535451, 27.867072448571445 ], [ 85.116053764196835, 27.867031673783973 ], [ 85.116047207432445, 27.866990829258754 ], [ 85.115959352425463, 27.86683159071055 ], [ 85.115958643442511, 27.866827174439919 ], [ 85.115949724695838, 27.866811009083481 ], [ 85.115930527109711, 27.866691419675181 ], [ 85.115790671777958, 27.866437928411472 ], [ 85.115760677537239, 27.866410440082273 ], [ 85.115760674583569, 27.866410434717334 ], [ 85.115674208562751, 27.866331195170773 ], [ 85.115582151167629, 27.866164337627676 ], [ 85.115553326636515, 27.866137921133355 ], [ 85.115522860716652, 27.866082700431981 ], [ 85.115515358908979, 27.866035967345304 ], [ 85.115375505316067, 27.865782475816538 ], [ 85.115345516254365, 27.865754991897585 ], [ 85.115345516155969, 27.865754991715743 ], [ 85.115315527109388, 27.865727507790893 ], [ 85.115315527009429, 27.865727507699283 ], [ 85.115285534179336, 27.865700020287253 ], [ 85.115285530141733, 27.86570001301229 ], [ 85.115256710485113, 27.865673601671915 ], [ 85.115237800256054, 27.86563932573911 ], [ 85.115234416632575, 27.865632296713542 ], [ 85.115233176551456, 27.865630945009052 ], [ 85.115226028125676, 27.865617987995524 ], [ 85.115216280973527, 27.865609055041997 ], [ 85.114955947828747, 27.865158638773469 ], [ 85.114952124876851, 27.86513482274977 ], [ 85.114812273658487, 27.864881330739383 ], [ 85.114776965274615, 27.864848971215235 ], [ 85.114776798449554, 27.864848682670782 ], [ 85.114774534642606, 27.86483457958925 ], [ 85.114645049426102, 27.86459987536276 ], [ 85.114645556792581, 27.864597286704917 ], [ 85.114646025382683, 27.864570219000566 ], [ 85.114601162735838, 27.864290726896982 ], [ 85.114578668854065, 27.86424995436407 ], [ 85.114572113404662, 27.864209113046329 ], [ 85.114531639648433, 27.864135748225348 ], [ 85.11453169422488, 27.86413546992776 ], [ 85.114532162849756, 27.864108401321115 ], [ 85.114487298682093, 27.863828903474502 ], [ 85.11445801664108, 27.863775827769267 ], [ 85.114457780801843, 27.863774358210449 ], [ 85.114317932318272, 27.863520865703343 ], [ 85.11428794402552, 27.863493381497847 ], [ 85.11425795574786, 27.863465897286471 ], [ 85.114227967485334, 27.863438413069204 ], [ 85.114167989606187, 27.863383443334421 ], [ 85.114167987144668, 27.863383438878653 ], [ 85.114079190154825, 27.863302057654689 ], [ 85.114048506940037, 27.863246439941829 ], [ 85.114018518790232, 27.863218955683731 ], [ 85.113928554431524, 27.863136502874134 ], [ 85.1138997310793, 27.863110086082113 ], [ 85.113869047021154, 27.863054466606819 ], [ 85.113839058968964, 27.863026982313784 ], [ 85.1138045783254, 27.86299538049991 ], [ 85.113812850680461, 27.862953177181208 ], [ 85.113815850136291, 27.862947033850812 ], [ 85.113817154386254, 27.862931220646708 ], [ 85.113821818313269, 27.862907426646025 ], [ 85.113822536252258, 27.862865970661797 ], [ 85.113840690034095, 27.862645871361881 ], [ 85.11383430660851, 27.862586297172076 ], [ 85.113834306608524, 27.862579090675396 ], [ 85.113763301368678, 27.862247573052503 ], [ 85.113726881372102, 27.86216563233469 ], [ 85.113704682247047, 27.862119485615139 ], [ 85.113664372166895, 27.862041745735009 ], [ 85.113644325456164, 27.861988287485364 ], [ 85.113615491477574, 27.861905907948199 ], [ 85.113496599861108, 27.861681228196417 ], [ 85.113396448122785, 27.861544659864673 ], [ 85.113355337889473, 27.861492696054622 ], [ 85.11325063526877, 27.861369784718089 ], [ 85.113127715843746, 27.861249684508024 ], [ 85.113095327497732, 27.861223262736591 ], [ 85.113093288997831, 27.861208994493655 ], [ 85.113049284509927, 27.861037336699447 ], [ 85.11302196958826, 27.86096449998352 ], [ 85.112974870727271, 27.860862140591653 ], [ 85.112972867521719, 27.860851017668356 ], [ 85.112945552682163, 27.860709897327744 ], [ 85.112920711284275, 27.860613512169991 ], [ 85.112870634409717, 27.860458733699598 ], [ 85.112814529041074, 27.860325760868491 ], [ 85.112769005548259, 27.860239267825332 ], [ 85.112767547759049, 27.860236760666961 ], [ 85.112753653603079, 27.860150189490898 ], [ 85.112613813325481, 27.859896695552713 ], [ 85.112589415484251, 27.859874333689866 ], [ 85.112591123247157, 27.859873765222893 ], [ 85.112643409881116, 27.859853151842664 ], [ 85.112742919692991, 27.859807941080131 ], [ 85.112784172362836, 27.859786575596065 ], [ 85.112849149707415, 27.859749922292838 ], [ 85.112891568860078, 27.85972393855193 ], [ 85.112944574930239, 27.859689162411062 ], [ 85.112988332969564, 27.859658455379616 ], [ 85.113031179670486, 27.859626649920624 ], [ 85.113076737084455, 27.859590897400789 ], [ 85.113106028726946, 27.859566986263928 ], [ 85.113151287124253, 27.859528561923209 ], [ 85.113186843008179, 27.85949683868564 ], [ 85.113221316352096, 27.859464515465181 ], [ 85.11324069040964, 27.859445047021374 ], [ 85.113538291280008, 27.859274902865202 ], [ 85.113789581345287, 27.859070972000215 ], [ 85.113950940013368, 27.858804700659181 ], [ 85.114097915432865, 27.858417869944073 ], [ 85.11414536784018, 27.858324086450398 ], [ 85.114164353941604, 27.858278117000559 ], [ 85.114200562462855, 27.858169979617781 ], [ 85.114213442151069, 27.858120351068429 ], [ 85.11421636223109, 27.858106124735933 ], [ 85.114295932090585, 27.857896700910963 ], [ 85.114349286650736, 27.857611985508971 ], [ 85.11429876151584, 27.857326862586461 ], [ 85.114149527133847, 27.857070504745469 ], [ 85.113916852921619, 27.856869140917006 ], [ 85.113380854438219, 27.85653514327641 ], [ 85.112953392007853, 27.85638226773235 ], [ 85.112706393902229, 27.856348268094546 ], [ 85.112403333205606, 27.856347231560513 ], [ 85.112113429579324, 27.856425742420019 ], [ 85.110767067734741, 27.85699725325178 ], [ 85.110724345357909, 27.856985298055509 ], [ 85.110699425642267, 27.85698000121549 ], [ 85.110617911481441, 27.85696578029021 ], [ 85.110591518694591, 27.856962165308865 ], [ 85.110480857194062, 27.856952483931895 ], [ 85.110423441671685, 27.856950271382978 ], [ 85.110300593672434, 27.856952151031706 ], [ 85.110236599824887, 27.856956582499386 ], [ 85.110142302612957, 27.856967077339085 ], [ 85.110069202133502, 27.856978323029455 ], [ 85.10999030706283, 27.856993352021433 ], [ 85.109949452052305, 27.85700265792687 ], [ 85.10987590951234, 27.857022068597363 ], [ 85.10983199424571, 27.857035283538895 ], [ 85.109774539484732, 27.857054309988442 ], [ 85.10972657785355, 27.857071675848101 ], [ 85.109718180296468, 27.857074906836235 ], [ 85.108203085912152, 27.857320113626248 ], [ 85.108197885660573, 27.857317647319256 ], [ 85.108169159875771, 27.857305998578003 ], [ 85.108014874708616, 27.85725638465782 ], [ 85.107984595690127, 27.857249044618431 ], [ 85.107832264512822, 27.857223033592536 ], [ 85.107796940524935, 27.857219459789608 ], [ 85.107666232209596, 27.857213779798183 ], [ 85.107545302903105, 27.857215460484127 ], [ 85.107507359995964, 27.857215375443928 ], [ 85.107462072131128, 27.857216172028586 ], [ 85.107409539188609, 27.857218138676913 ], [ 85.107367227853587, 27.857220510094468 ], [ 85.107199776594811, 27.857233019252014 ], [ 85.107190237650073, 27.857233496777866 ], [ 85.107148015611884, 27.857225059759724 ], [ 85.107097613940567, 27.85721617266654 ], [ 85.107059639062356, 27.85721036026662 ], [ 85.106969781825597, 27.857200250295101 ], [ 85.106904355960523, 27.857195512220176 ], [ 85.106826856708594, 27.85719254228038 ], [ 85.106756247036941, 27.857192235844298 ], [ 85.106652037244416, 27.857155056813436 ], [ 85.106591338127828, 27.857135370190971 ], [ 85.106512965318871, 27.857112435489636 ], [ 85.10643099187935, 27.857091792131293 ], [ 85.106390596441713, 27.85708322898132 ], [ 85.106314860525259, 27.857069857107021 ], [ 85.106276740491211, 27.857064456734474 ], [ 85.106189629284231, 27.857055523965624 ], [ 85.106153118107287, 27.857053194191355 ], [ 85.106057099808197, 27.85705111537947 ], [ 85.106021841436601, 27.857051835070028 ], [ 85.105976940118396, 27.857053636051223 ], [ 85.105945112516793, 27.857055540851341 ], [ 85.105849762563594, 27.8570652883595 ], [ 85.105831515329598, 27.857067935570957 ], [ 85.105752130752208, 27.857085320578509 ], [ 85.105590489722246, 27.857045303231853 ], [ 85.105462481156565, 27.857039969506179 ], [ 85.10542768821557, 27.857037795445908 ], [ 85.105384342895761, 27.857035913336833 ], [ 85.105264892182802, 27.857032998919873 ], [ 85.105085528457835, 27.857050409298193 ], [ 85.104653192833695, 27.856994903004132 ], [ 85.104644465804213, 27.856985932832014 ], [ 85.104402511093582, 27.856847114982774 ], [ 85.104126434570574, 27.856774262322549 ], [ 85.103838448757955, 27.856773236256689 ], [ 85.103727356169273, 27.856801692684673 ], [ 85.10365552431557, 27.856782181122185 ], [ 85.103562379977618, 27.856752045547168 ], [ 85.103411225967591, 27.856714610165927 ], [ 85.103294688633767, 27.856694216313734 ], [ 85.103098549314097, 27.856677217122879 ], [ 85.103098332220753, 27.856677217115077 ], [ 85.103098518685044, 27.856677010938924 ], [ 85.103066652574498, 27.856654249196559 ], [ 85.102918104715187, 27.856586253665512 ], [ 85.102850669688124, 27.856546489788244 ], [ 85.102838978491661, 27.856542340958754 ], [ 85.102836111658775, 27.856548722490839 ], [ 85.102705545688366, 27.856488957599282 ], [ 85.1026806384709, 27.856482730858566 ], [ 85.102641994766415, 27.856472191128027 ], [ 85.1023441346357, 27.856432486057169 ], [ 85.10228040292975, 27.856432486318358 ], [ 85.101982568936762, 27.856472186791326 ], [ 85.101943044453819, 27.856482966101144 ], [ 85.101657489579949, 27.85660710952256 ], [ 85.101429125125776, 27.856803651150564 ], [ 85.101413826406073, 27.856829323306552 ], [ 85.099779541989491, 27.85701166840574 ], [ 85.099634347317178, 27.857037541009035 ], [ 85.099021670697269, 27.857188747615012 ], [ 85.099019322322349, 27.857187330139325 ], [ 85.09900358495527, 27.857179216632051 ], [ 85.09888863547782, 27.857128300308933 ], [ 85.098870763412691, 27.857121602209482 ], [ 85.098765415289677, 27.857088067887911 ], [ 85.098745401447232, 27.857082783290615 ], [ 85.098652430087839, 27.857062420893751 ], [ 85.098630232062703, 27.857058535674589 ], [ 85.098514233404487, 27.857044349139404 ], [ 85.098463097425807, 27.857040748975603 ], [ 85.098349516355867, 27.857038419661837 ], [ 85.098292619468666, 27.85704008440521 ], [ 85.098213468624039, 27.857045158155266 ], [ 85.098146685522977, 27.85705177912698 ], [ 85.098094036672336, 27.857058242844751 ], [ 85.098022053085103, 27.857068793573095 ], [ 85.097994446547588, 27.857073188786035 ], [ 85.097865630263797, 27.857095333847013 ], [ 85.097854230766146, 27.857097353821047 ], [ 85.097760730680349, 27.857114416753159 ], [ 85.097681723962324, 27.857131794602491 ], [ 85.097648245345894, 27.857140437787603 ], [ 85.097574152550706, 27.85716234541961 ], [ 85.097544647289325, 27.857172204863055 ], [ 85.097496935823528, 27.857189387274186 ], [ 85.097437019224699, 27.857212553675872 ], [ 85.097382140231602, 27.857235528826283 ], [ 85.097342335055501, 27.857253503693336 ], [ 85.097328465860997, 27.857260558251475 ], [ 85.097287824141262, 27.857272982945901 ], [ 85.097265392431524, 27.857280792048591 ], [ 85.097174648200379, 27.857317035073748 ], [ 85.097154391979231, 27.857326210726018 ], [ 85.097056880340574, 27.857376633879959 ], [ 85.097038858325533, 27.857387185919425 ], [ 85.096940511131933, 27.857452685154399 ], [ 85.096924605377978, 27.857464680544709 ], [ 85.096831593564005, 27.857544411386741 ], [ 85.096817739184019, 27.857557902482135 ], [ 85.096743644523812, 27.857639028354001 ], [ 85.096728965915787, 27.85765715125164 ], [ 85.096687912234842, 27.85771277472676 ], [ 85.096663319937562, 27.857713293930821 ], [ 85.096597400060617, 27.857717265576891 ], [ 85.096503915890366, 27.857726782060489 ], [ 85.096474177939655, 27.857731058107156 ], [ 85.096404068646308, 27.857743404114412 ], [ 85.096375988511483, 27.857749268800731 ], [ 85.096300934439952, 27.857767669640008 ], [ 85.096251321381189, 27.857781673310452 ], [ 85.09617970588323, 27.85780454678957 ], [ 85.096129990320321, 27.857822322209117 ], [ 85.096063638015437, 27.857848533315533 ], [ 85.09601463638684, 27.857869786723775 ], [ 85.09595187620144, 27.857899469155637 ], [ 85.095937830914266, 27.857906683669807 ], [ 85.095922744434645, 27.857906809920511 ], [ 85.095804023196266, 27.857914001620291 ], [ 85.095769426613288, 27.857917918027166 ], [ 85.095614228127701, 27.857946572981376 ], [ 85.095583998751863, 27.857954385125886 ], [ 85.095401395801915, 27.858019197534894 ], [ 85.095375658581347, 27.858031017250102 ], [ 85.095314278571081, 27.858067205454134 ], [ 85.09529377409747, 27.858069057946796 ], [ 85.095264421216427, 27.858072094004022 ], [ 85.095217324715207, 27.858077583896886 ], [ 85.095159590269546, 27.858085823212086 ], [ 85.095120128286666, 27.858092496064796 ], [ 85.095113000743552, 27.858093938484345 ], [ 85.094902624152155, 27.858020023434726 ], [ 85.09489011484267, 27.858017434729486 ], [ 85.094606562280688, 27.857995169995853 ], [ 85.094581624656115, 27.857996335273313 ], [ 85.09442997686898, 27.858013667506068 ], [ 85.094386631087914, 27.858021607692365 ], [ 85.094339041823488, 27.85803139144355 ], [ 85.094285835928346, 27.858043535302908 ], [ 85.094211045560215, 27.858063358113995 ], [ 85.09414589270952, 27.858083079971237 ], [ 85.094131120564271, 27.858087664755811 ], [ 85.09405227247332, 27.85811274385247 ], [ 85.093996993607334, 27.858131964145812 ], [ 85.093953714681845, 27.858148324213037 ], [ 85.093854006411902, 27.858191886694822 ], [ 85.093815894046983, 27.858210906397499 ], [ 85.093688157824204, 27.858286470993921 ], [ 85.093657201624552, 27.858307952222987 ], [ 85.093656698923937, 27.858308350751511 ], [ 85.092201611437616, 27.857508194023122 ], [ 85.092192995397355, 27.857456689312205 ], [ 85.092185558092069, 27.857420129566098 ], [ 85.092170520379881, 27.857358567846141 ], [ 85.09216254812948, 27.857330666885399 ], [ 85.092161133431603, 27.857311761438584 ], [ 85.092148593597685, 27.857218243797131 ], [ 85.092141452792958, 27.857181453509586 ], [ 85.092123177835617, 27.857106480056508 ], [ 85.092107460402644, 27.857053080382656 ], [ 85.092063060861832, 27.856935772333674 ], [ 85.092055583817555, 27.856919748515452 ], [ 85.091982294872238, 27.856792312204252 ], [ 85.091973623242993, 27.856779795076839 ], [ 85.091843621457741, 27.856629973577764 ], [ 85.091827626863036, 27.85661507549678 ], [ 85.091681709993097, 27.856502782753857 ], [ 85.091660953664118, 27.856489656184383 ], [ 85.091518379205738, 27.856414274390371 ], [ 85.091494079941825, 27.856403712306378 ], [ 85.091345759702904, 27.856351634043939 ], [ 85.091320315552508, 27.856344697529799 ], [ 85.091263593801386, 27.856334174471627 ], [ 85.090726398474814, 27.855584345527262 ], [ 85.090565184613808, 27.855411366769466 ], [ 85.090355923299327, 27.855236624452907 ], [ 85.090247705769428, 27.855040355901806 ], [ 85.090217722385262, 27.855012863454064 ], [ 85.09021771834972, 27.855012856178472 ], [ 85.090101197882305, 27.854906019296447 ], [ 85.090026624222887, 27.854837640733678 ], [ 85.089966665087488, 27.854782662526393 ], [ 85.089685924434306, 27.854650588743937 ], [ 85.089684276279669, 27.854650333260299 ], [ 85.089625490970704, 27.854622677750953 ], [ 85.089619604256569, 27.854621765313482 ], [ 85.088945217933443, 27.854058619453287 ], [ 85.088939748583968, 27.854050597835119 ], [ 85.088920161795386, 27.854024386012554 ], [ 85.088865718864625, 27.85395825352807 ], [ 85.088848110569089, 27.853938785248285 ], [ 85.088800237983207, 27.853889596666399 ], [ 85.088778984058422, 27.853869286399867 ], [ 85.088728958401859, 27.853824707165728 ], [ 85.088659320886336, 27.853766837279718 ], [ 85.088645346028841, 27.85375543961549 ], [ 85.088577019514119, 27.853700749189667 ], [ 85.088543571073501, 27.853675124672211 ], [ 85.088480745671561, 27.853629073018084 ], [ 85.08843784384058, 27.853599306277655 ], [ 85.088377748583127, 27.853559867769743 ], [ 85.088324932372728, 27.853527447964279 ], [ 85.088266631312834, 27.853494030248527 ], [ 85.088197433670047, 27.8534577295306 ], [ 85.088128463678288, 27.853424746865169 ], [ 85.088073247112774, 27.853400234834613 ], [ 85.087968619027521, 27.853357268382581 ], [ 85.087947303539892, 27.853348778064078 ], [ 85.087857837446705, 27.853314235044301 ], [ 85.087828503701303, 27.853303390922697 ], [ 85.087738501386667, 27.853271577566286 ], [ 85.08770831597414, 27.853261398820674 ], [ 85.087618064030067, 27.853232415662866 ], [ 85.087586892769323, 27.853222910899536 ], [ 85.087496649664374, 27.853196840939617 ], [ 85.087464346523205, 27.853188034483534 ], [ 85.087374387014592, 27.853164958240001 ], [ 85.087340916443281, 27.85315692007833 ], [ 85.08725143774096, 27.853136881799021 ], [ 85.087216573205268, 27.853129652647532 ], [ 85.087127786603645, 27.853112703995848 ], [ 85.087091497320387, 27.853106388832572 ], [ 85.087003594111991, 27.853092564048364 ], [ 85.086966857447393, 27.853087401230308 ], [ 85.086856114838767, 27.853073681017413 ], [ 85.086818703600045, 27.853069673612985 ], [ 85.086710027971549, 27.853059847206247 ], [ 85.086670620862222, 27.853056971921365 ], [ 85.086564340699638, 27.853051066443342 ], [ 85.086522694125691, 27.853049514284873 ], [ 85.086419050804722, 27.853047544821113 ], [ 85.08637505686923, 27.853047556237648 ], [ 85.086274313352391, 27.85304952283218 ], [ 85.086227813991869, 27.853051379089202 ], [ 85.086130076929621, 27.853057278715472 ], [ 85.086081045863978, 27.853061302073495 ], [ 85.085986457562839, 27.853071124980435 ], [ 85.08593492906391, 27.853077670216678 ], [ 85.085843601440644, 27.853091402622091 ], [ 85.085803612435541, 27.853098151003348 ], [ 85.085715106270399, 27.85311472733542 ], [ 85.085684994834736, 27.853120793337236 ], [ 85.08560370321662, 27.853138328874614 ], [ 85.085569346722906, 27.853146307991608 ], [ 85.085493453290439, 27.853165199888096 ], [ 85.085455415581876, 27.853175385840373 ], [ 85.085384194174992, 27.853195817152432 ], [ 85.085342732025822, 27.853208597316033 ], [ 85.085275334209797, 27.853230833329548 ], [ 85.085230834213547, 27.853246586053661 ], [ 85.085167297384814, 27.853270636318783 ], [ 85.085127575295715, 27.853286745663201 ], [ 85.085117109029738, 27.853288315214588 ], [ 85.085015555033792, 27.853304552005255 ], [ 85.08494336302806, 27.85331852205103 ], [ 85.084877424191887, 27.853333534954849 ], [ 85.084792704055843, 27.85335636533755 ], [ 85.084762979421313, 27.85336565134779 ], [ 85.084693859358566, 27.853389803809151 ], [ 85.084666854452777, 27.853400269181378 ], [ 85.084591467146751, 27.853432839636998 ], [ 85.0845668476112, 27.853444616905204 ], [ 85.084487930324414, 27.853486572172908 ], [ 85.084465526170675, 27.853499742908447 ], [ 85.084354691456056, 27.853575120806926 ], [ 85.084322953975771, 27.853599957974755 ], [ 85.084258928412879, 27.853655899371372 ], [ 85.084193028045959, 27.853685887484019 ], [ 85.084163940868663, 27.853699657796867 ], [ 85.084111191835731, 27.853725615401345 ], [ 85.084050075774073, 27.853758233075318 ], [ 85.083996682850625, 27.853789045962305 ], [ 85.083913181900385, 27.853842780492574 ], [ 85.083868426072584, 27.853874781832758 ], [ 85.083822905596179, 27.853909343469077 ], [ 85.083767180180075, 27.853954245588433 ], [ 85.083690521991315, 27.854023024785803 ], [ 85.083659447689229, 27.854054072725198 ], [ 85.083572102030459, 27.85415483272978 ], [ 85.083555325815723, 27.854177299258371 ], [ 85.083503661211736, 27.854254586234298 ], [ 85.083487532156994, 27.854281705817169 ], [ 85.083448488361327, 27.854355183952119 ], [ 85.083428157270959, 27.854398383056296 ], [ 85.083371055163653, 27.854431696841775 ], [ 85.083119542933886, 27.854475657600197 ], [ 85.082587607115642, 27.854329245165154 ], [ 85.082598948258024, 27.854185124865705 ], [ 85.082600839672523, 27.854152735353782 ], [ 85.082602953206631, 27.854097315660169 ], [ 85.08260347519689, 27.854076620526548 ], [ 85.082603952423099, 27.854037853869325 ], [ 85.082656928243026, 27.853951244993045 ], [ 85.082666410088606, 27.853933456615223 ], [ 85.08270411046891, 27.853852871015661 ], [ 85.08272905286492, 27.853791315156549 ], [ 85.082761389295072, 27.853694985701235 ], [ 85.08277460880899, 27.853645741607572 ], [ 85.082796348209257, 27.853534123231807 ], [ 85.08279899404468, 27.853512554162027 ], [ 85.082804971909155, 27.853412570890704 ], [ 85.082804919026032, 27.853393129313993 ], [ 85.082794981991867, 27.853269350608397 ], [ 85.082792229115981, 27.8532519940916 ], [ 85.082754640180042, 27.853105093019138 ], [ 85.082749185483877, 27.853089810706138 ], [ 85.082672475459063, 27.852930133013139 ], [ 85.082660464469214, 27.852910587473605 ], [ 85.082571711706834, 27.852790126675693 ], [ 85.082554223494014, 27.852770084436621 ], [ 85.082467302524776, 27.852682760472444 ], [ 85.082445245238645, 27.852663294544264 ], [ 85.082353968852331, 27.852591864861392 ], [ 85.082329575719214, 27.852574969140647 ], [ 85.082211904806201, 27.852504625442826 ], [ 85.082181322371127, 27.852488982892414 ], [ 85.082048114158113, 27.852431893711369 ], [ 85.082015777989596, 27.852420534190706 ], [ 85.081854879758282, 27.852377309831475 ], [ 85.081824670381394, 27.852371568791895 ], [ 85.081603986077809, 27.852351654529791 ], [ 85.081577765149007, 27.852351847548483 ], [ 85.081332968214952, 27.852380331498921 ], [ 85.081319993466877, 27.852383301504709 ], [ 85.081144653195466, 27.852439117623234 ], [ 85.081131419029774, 27.852444594650617 ], [ 85.080998174197816, 27.852511007309101 ], [ 85.080984590609475, 27.852519028012278 ], [ 85.080888664524039, 27.85258324896563 ], [ 85.080874544804203, 27.852593921752312 ], [ 85.080787399017808, 27.852668166790377 ], [ 85.080759741171462, 27.8526947095874 ], [ 85.08070737561539, 27.852749147040981 ], [ 85.080658746978912, 27.852803962714376 ], [ 85.080645703270179, 27.852818988311451 ], [ 85.080629913891016, 27.852837577693677 ], [ 85.080585589134984, 27.852894131448164 ], [ 85.080570689453694, 27.852914780889424 ], [ 85.080521011110918, 27.852991704753272 ], [ 85.080493122499234, 27.853040271561387 ], [ 85.080455458158511, 27.853113822058155 ], [ 85.080432897570674, 27.853163687643335 ], [ 85.080418650653201, 27.853197070857785 ], [ 85.080381472206597, 27.853289671473799 ], [ 85.080346988059247, 27.853346270858772 ], [ 85.080305890283839, 27.853408080052699 ], [ 85.080274316596103, 27.853451200781453 ], [ 85.079966038645253, 27.853262080442075 ], [ 85.078381315324421, 27.851703080755922 ], [ 85.078099296612663, 27.851508774361434 ], [ 85.076942302250131, 27.850969778557324 ], [ 85.076718882509951, 27.850893961468618 ], [ 85.076481707992016, 27.850866700700131 ], [ 85.075628715139942, 27.850858701073349 ], [ 85.075383668000796, 27.850883017275979 ], [ 85.073723681038103, 27.851233015113007 ], [ 85.073584002978137, 27.851272112289948 ], [ 85.072054687304927, 27.85181072676961 ], [ 85.072044147642075, 27.851813844995917 ], [ 85.071983690474426, 27.851832796260897 ], [ 85.071943161123002, 27.851846371526147 ], [ 85.071815452462076, 27.851891935591599 ], [ 85.07178238945896, 27.851904339377985 ], [ 85.071727387049975, 27.851925999527374 ], [ 85.071345072943416, 27.852060648000165 ], [ 85.071337154178778, 27.852061579791734 ], [ 85.071294850928041, 27.852067366652019 ], [ 85.071258365055883, 27.852073059951341 ], [ 85.071165249177923, 27.852091637448819 ], [ 85.071128138292195, 27.852100689046743 ], [ 85.070992929352585, 27.852142994154121 ], [ 85.070961653314356, 27.852155047666923 ], [ 85.07088737505336, 27.852190989936023 ], [ 85.069696442045796, 27.852528581695207 ], [ 85.069690898716843, 27.852528421269376 ], [ 85.069629045347511, 27.852528306808736 ], [ 85.069563599843477, 27.852529958331953 ], [ 85.069513656073184, 27.852532314032675 ], [ 85.069441083020379, 27.852537332981274 ], [ 85.06940395773907, 27.852540511154384 ], [ 85.069325327541634, 27.852548540689551 ], [ 85.069303885075513, 27.852550936181181 ], [ 85.069177567354103, 27.852566263186684 ], [ 85.06916098348097, 27.852568399439736 ], [ 85.069083150269194, 27.852579009290871 ], [ 85.069048246497601, 27.852584322548893 ], [ 85.068973477239609, 27.85259690107809 ], [ 85.068936383084846, 27.852603781172384 ], [ 85.068864675760693, 27.852618327454095 ], [ 85.068825283632776, 27.852627058412509 ], [ 85.068756647356906, 27.852643573481899 ], [ 85.068684722500151, 27.852663452676307 ], [ 85.06863635371549, 27.852678591859686 ], [ 85.068551071099222, 27.852709210986085 ], [ 85.068498324782041, 27.852730667391608 ], [ 85.068445779995614, 27.852753801831227 ], [ 85.068433977272619, 27.852750269019154 ], [ 85.068406457869798, 27.852743407584004 ], [ 85.068302832030398, 27.852722699203458 ], [ 85.068253151095419, 27.85271517268977 ], [ 85.068172846906478, 27.8527059185155 ], [ 85.068118821723218, 27.852701631395547 ], [ 85.068049823503586, 27.852698254745903 ], [ 85.067990971623558, 27.852697157840421 ], [ 85.067933654029218, 27.852697527959201 ], [ 85.067868365664097, 27.852699588784386 ], [ 85.06780117162468, 27.852703696729986 ], [ 85.067772260523668, 27.852706323066659 ], [ 85.067690918405503, 27.852716683522051 ], [ 85.067661212900077, 27.852721564777191 ], [ 85.067587897000337, 27.852736124398259 ], [ 85.067557168997013, 27.852743297084331 ], [ 85.067493017392522, 27.852760299856698 ], [ 85.067460881496316, 27.85276985333191 ], [ 85.067421651942922, 27.852783154581886 ], [ 85.067387447320144, 27.852766400026557 ], [ 85.067367606436193, 27.852757974625941 ], [ 85.067269558767109, 27.852721805842929 ], [ 85.067247931902259, 27.852714982530063 ], [ 85.067151887505375, 27.852689351398336 ], [ 85.067128931439797, 27.852684308940702 ], [ 85.067030985245694, 27.852667285518489 ], [ 85.067007836275778, 27.852664303355589 ], [ 85.066902609529478, 27.852655686629092 ], [ 85.066880282700296, 27.852654896305122 ], [ 85.06675984407596, 27.852656990061565 ], [ 85.066739366246836, 27.852658429432598 ], [ 85.066559236314191, 27.852685752996134 ], [ 85.0665371136554, 27.852690965917983 ], [ 85.066353272133966, 27.852751706254224 ], [ 85.066330410676073, 27.852761588025817 ], [ 85.066195088542699, 27.852832053330566 ], [ 85.066171618196464, 27.852846548923857 ], [ 85.066073964143669, 27.852915116973204 ], [ 85.066050097348551, 27.852934098515338 ], [ 85.065978535379983, 27.852996958719224 ], [ 85.065954256413605, 27.853020510824276 ], [ 85.065900132883982, 27.853077583849849 ], [ 85.065876192414379, 27.853105059155467 ], [ 85.065833701348652, 27.853157614409565 ], [ 85.065810701435325, 27.853188329176469 ], [ 85.065774963411883, 27.853239703307928 ], [ 85.065754055022524, 27.853272138599806 ], [ 85.065711316582821, 27.853346153298382 ], [ 85.065710748750959, 27.853347259508432 ], [ 85.065671312387408, 27.853351534847775 ], [ 85.06564939443625, 27.853355101701968 ], [ 85.065547673770951, 27.853376518221481 ], [ 85.065527817256168, 27.853381671609707 ], [ 85.065415903141215, 27.85341715505691 ], [ 85.065397811138382, 27.853423976550122 ], [ 85.06528273865456, 27.853475242152637 ], [ 85.0652662537737, 27.853483789108115 ], [ 85.065147601600884, 27.853555764587227 ], [ 85.065112717448557, 27.853580312973065 ], [ 85.065018670399226, 27.853655420027863 ], [ 85.064982790680048, 27.853687883396852 ], [ 85.0649206808732, 27.853749489803569 ], [ 85.064883252942536, 27.85379022680522 ], [ 85.064844698095968, 27.853834973211939 ], [ 85.064800990450223, 27.853889122832133 ], [ 85.064790617834504, 27.853902953820239 ], [ 85.064769385574053, 27.853906826697436 ], [ 85.064731823251691, 27.853914880198616 ], [ 85.064674461588794, 27.853928770279364 ], [ 85.064636075124412, 27.853939147747408 ], [ 85.064583836628003, 27.853954657844152 ], [ 85.064544608630996, 27.853967366254544 ], [ 85.064497447879447, 27.853983840915614 ], [ 85.064457343686655, 27.853998887903931 ], [ 85.064395298752885, 27.854024387042656 ], [ 85.06431235749848, 27.85406153589917 ], [ 85.064244252563086, 27.854095008402201 ], [ 85.064156977623682, 27.854141871745725 ], [ 85.064153267929129, 27.85414404603695 ], [ 85.064150959160742, 27.854144138892103 ], [ 85.064088039256106, 27.854148116366055 ], [ 85.064008305849228, 27.854155980853704 ], [ 85.063974866098391, 27.854160474063477 ], [ 85.063899766472716, 27.854173151807924 ], [ 85.063869260978962, 27.854179367458592 ], [ 85.0637848754332, 27.854200001334121 ], [ 85.063756704914255, 27.854208065481547 ], [ 85.063666517084101, 27.854238150201411 ], [ 85.063640424608266, 27.854248133513472 ], [ 85.063554378159267, 27.854281048466614 ], [ 85.063478441782053, 27.854313478382593 ], [ 85.063442144557897, 27.854330662290025 ], [ 85.063332205855374, 27.854390988722695 ], [ 85.063315287092649, 27.854401651015142 ], [ 85.06321899617744, 27.854470532057221 ], [ 85.063204952612281, 27.854481897113974 ], [ 85.063106027467583, 27.854574121552659 ], [ 85.063094627313831, 27.854586376541466 ], [ 85.06303166649991, 27.854665874539556 ], [ 85.063012633696943, 27.854672713988197 ], [ 85.062965857941549, 27.85469022348396 ], [ 85.062908131562878, 27.8547137475379 ], [ 85.062860400781901, 27.854734828138575 ], [ 85.062779551734849, 27.854774714950089 ], [ 85.062738831634491, 27.854797018439712 ], [ 85.062650936616123, 27.854851031976139 ], [ 85.062618696933157, 27.854873160352447 ], [ 85.062549563481554, 27.854925146754674 ], [ 85.062536375668699, 27.854935996725107 ], [ 85.062467949601782, 27.854944976374725 ], [ 85.062443388722556, 27.854949657107156 ], [ 85.062325054582018, 27.854978964201955 ], [ 85.062303410564951, 27.854985602705668 ], [ 85.06217117501896, 27.855035731016947 ], [ 85.062152080357635, 27.855044437646704 ], [ 85.062016580255943, 27.855118687700525 ], [ 85.061999850599534, 27.855129551019115 ], [ 85.061872424503562, 27.85522770843561 ], [ 85.061861143790935, 27.855237975077326 ], [ 85.061763864865782, 27.855340827540775 ], [ 85.061753480207301, 27.855353633641521 ], [ 85.061707266581763, 27.855422331107309 ], [ 85.061706778538237, 27.855422579462736 ], [ 85.06168964606006, 27.855433707815763 ], [ 85.061602323233672, 27.855497341098413 ], [ 85.061576055005503, 27.855518761688742 ], [ 85.061540037325301, 27.855549619212574 ], [ 85.061523892139917, 27.855564150140989 ], [ 85.061461694482873, 27.855625507708705 ], [ 85.061446387306461, 27.855642073711515 ], [ 85.061375338579722, 27.855729051895228 ], [ 85.061346712812067, 27.855768887294026 ], [ 85.061305063667277, 27.855835521048419 ], [ 85.06127506783406, 27.855846248593682 ], [ 85.061160340999677, 27.855894903092988 ], [ 85.06111770747458, 27.855915991541906 ], [ 85.060997630981319, 27.855985689952107 ], [ 85.060951421460103, 27.856016861741473 ], [ 85.060891379651324, 27.856060702627754 ], [ 85.060828172784227, 27.856083947909262 ], [ 85.060778904283595, 27.856104483605129 ], [ 85.060641771850143, 27.856173662370722 ], [ 85.060595670151471, 27.856201334023229 ], [ 85.060537660767295, 27.856240357322218 ], [ 85.060509352064315, 27.85624593780215 ], [ 85.060456109205177, 27.856258261095348 ], [ 85.060367143332925, 27.856282776704951 ], [ 85.060342090716759, 27.856290817191834 ], [ 85.060267873420443, 27.856317623481186 ], [ 85.060245087205317, 27.856326800431543 ], [ 85.060165598217708, 27.85636263134008 ], [ 85.06014471734359, 27.856373092192872 ], [ 85.06006374804312, 27.856418246959752 ], [ 85.060044585002487, 27.856430086545281 ], [ 85.060003802363553, 27.856456646171843 ], [ 85.059975844348727, 27.856475822625065 ], [ 85.059960420001417, 27.856487721919834 ], [ 85.059756349651721, 27.856425657251254 ], [ 85.059501648946679, 27.856201280104475 ], [ 85.059481775201476, 27.856184242244893 ], [ 85.059339787965669, 27.856065786143745 ], [ 85.059311252905587, 27.856042868089119 ], [ 85.059238222986153, 27.855986409830617 ], [ 85.059211922544605, 27.855966762113226 ], [ 85.059142033748941, 27.855916320456117 ], [ 85.059111144164021, 27.855894891939528 ], [ 85.059043156306672, 27.855849576759411 ], [ 85.059007710625124, 27.855826992219995 ], [ 85.058940969434147, 27.855786367448424 ], [ 85.058888986420826, 27.855756748596121 ], [ 85.058824469830327, 27.855722402775747 ], [ 85.058766032979207, 27.85569357266284 ], [ 85.058691487032831, 27.855659598207779 ], [ 85.058650042851539, 27.855641753126534 ], [ 85.058577759985141, 27.855612409377404 ], [ 85.05855834392041, 27.855604744502685 ], [ 85.058547528737279, 27.855600594833358 ], [ 85.057920999470142, 27.854832410162068 ], [ 85.057846654049413, 27.854751550080888 ], [ 85.057405160490191, 27.854324405962203 ], [ 85.057397845077006, 27.854314964054712 ], [ 85.057352502411277, 27.854260884566724 ], [ 85.057322465189571, 27.854227722235251 ], [ 85.057263679748189, 27.854168347915071 ], [ 85.057232742091543, 27.854139732984464 ], [ 85.057159088239018, 27.854078076064535 ], [ 85.057126943284899, 27.854053736178255 ], [ 85.05712671213395, 27.854053579775528 ], [ 85.056829747186626, 27.853767216704121 ], [ 85.056816013342882, 27.853736323785338 ], [ 85.056732836601412, 27.853589827305136 ], [ 85.05671674432871, 27.853566932721346 ], [ 85.056646768983597, 27.853479431178336 ], [ 85.0566255359103, 27.853455971409733 ], [ 85.056567392838772, 27.853397150317516 ], [ 85.056542104254561, 27.853373701978281 ], [ 85.056507986417003, 27.853343532098826 ], [ 85.056462100202012, 27.853304835319168 ], [ 85.056420131119836, 27.85327136063659 ], [ 85.056392992208075, 27.853250894980079 ], [ 85.056307243003133, 27.85319289630279 ], [ 85.056274507703165, 27.8531731016961 ], [ 85.056212788949964, 27.853139552759355 ], [ 85.056203551813013, 27.853129464175513 ], [ 85.056093825491374, 27.853027160965482 ], [ 85.056075925435863, 27.853012897175169 ], [ 85.055992143596981, 27.852952937212748 ], [ 85.055979586482223, 27.852944886489798 ], [ 85.055936282153553, 27.852903276355956 ], [ 85.055743475286221, 27.852758969744379 ], [ 85.055516612533935, 27.852661329218076 ], [ 85.053197851335966, 27.851963439212639 ], [ 85.053117614492763, 27.851901875315594 ], [ 85.053102168831089, 27.851892911618197 ], [ 85.052933673989884, 27.8518213574716 ], [ 85.052920772491049, 27.851811439587987 ], [ 85.052899319426203, 27.851798820055894 ], [ 85.052670476680589, 27.851698396908574 ], [ 85.05264498629046, 27.851690571024427 ], [ 85.052434323382641, 27.851647533527782 ], [ 85.052404258515381, 27.851644331252469 ], [ 85.052255601993181, 27.851638260930493 ], [ 85.052227865012966, 27.851638937745754 ], [ 85.052131532432767, 27.851645375163692 ], [ 85.0520990683289, 27.851648931704361 ], [ 85.052076198709941, 27.851652248137267 ], [ 85.052000318222454, 27.851634621692973 ], [ 85.051937985601654, 27.851622858653634 ], [ 85.051835273375303, 27.851608316316369 ], [ 85.051753433151546, 27.851600523700093 ], [ 85.05168148719747, 27.851595963595447 ], [ 85.051672836230665, 27.851595689241424 ], [ 85.050771156249027, 27.851463186662492 ], [ 85.050742510615123, 27.851456069300419 ], [ 85.050675914616775, 27.851441765506429 ], [ 85.050643637903534, 27.851435325807998 ], [ 85.050614526407273, 27.851429958821065 ], [ 85.050612187020391, 27.851427089799994 ], [ 85.050533103492896, 27.851341661049396 ], [ 85.050517081924028, 27.851326369958262 ], [ 85.050406781367002, 27.851235610337277 ], [ 85.05037575594109, 27.851213638373338 ], [ 85.050266118050516, 27.851145966255828 ], [ 85.050228144037135, 27.85112567928341 ], [ 85.050141290866918, 27.851084242180399 ], [ 85.050097060498246, 27.851065538974304 ], [ 85.050044548843829, 27.851044931282054 ], [ 85.049973330651881, 27.851019095251868 ], [ 85.049948253934048, 27.851010341322578 ], [ 85.04986807932265, 27.850983439160423 ], [ 85.049813845310467, 27.850966781793488 ], [ 85.049738856028284, 27.850945838668864 ], [ 85.049673660519559, 27.850929731795176 ], [ 85.049602968443551, 27.850914503225596 ], [ 85.049525634191838, 27.85090064699828 ], [ 85.049459010652626, 27.850891087338869 ], [ 85.049368173672732, 27.850881760984233 ], [ 85.049305311435106, 27.850877846039481 ], [ 85.049200320883102, 27.850876146195059 ], [ 85.04914133312613, 27.85087790464247 ], [ 85.049045220478064, 27.850885786684088 ], [ 85.049040862633731, 27.85088339572474 ], [ 85.048974203135671, 27.850849842094764 ], [ 85.048873646383143, 27.850803589462039 ], [ 85.048838899016403, 27.850788346897275 ], [ 85.048791430997611, 27.850768516346292 ], [ 85.048698592886808, 27.850734604708968 ], [ 85.048644625744132, 27.850717611526072 ], [ 85.048566851278437, 27.850696200521661 ], [ 85.048505376731541, 27.850681650498856 ], [ 85.048480243779167, 27.850676405240318 ], [ 85.048453254465628, 27.850658366540472 ], [ 85.048419068004563, 27.85063648940039 ], [ 85.048378362106476, 27.850611563483724 ], [ 85.048327637392717, 27.850582441076138 ], [ 85.048240732139874, 27.850535742225194 ], [ 85.048174304215649, 27.85050299838273 ], [ 85.048080328048258, 27.85046068095361 ], [ 85.048015218020581, 27.850433888136845 ], [ 85.04791554900477, 27.850396616865353 ], [ 85.047851333942887, 27.850374846873077 ], [ 85.047747277109835, 27.850343112195148 ], [ 85.047682874870816, 27.850325570894263 ], [ 85.047576288147425, 27.850299945077385 ], [ 85.04746309643339, 27.850278798224686 ], [ 85.047408186929331, 27.850271413174241 ], [ 85.04737746069874, 27.850268689587026 ], [ 85.047346755885073, 27.850254339647336 ], [ 85.047279575240879, 27.850226723834915 ], [ 85.047187759526096, 27.850193712524721 ], [ 85.047110182088417, 27.850169663026225 ], [ 85.047043519119569, 27.850151256191676 ], [ 85.046965196864889, 27.850132228139238 ], [ 85.046933019668373, 27.850124911457442 ], [ 85.046754655041113, 27.850087105327553 ], [ 85.046552997904328, 27.850044405940789 ], [ 85.046523525339666, 27.850038575633203 ], [ 85.046425146206275, 27.850020474312743 ], [ 85.046404385402084, 27.850016854466329 ], [ 85.046307485920053, 27.850000889366644 ], [ 85.046285847216737, 27.849997538993893 ], [ 85.046190371711745, 27.849983700304559 ], [ 85.046167847476227, 27.849980665681919 ], [ 85.046073771644075, 27.849968949451387 ], [ 85.046050326934534, 27.849966276648917 ], [ 85.045957615273068, 27.849956680571793 ], [ 85.045933295259573, 27.849954426811593 ], [ 85.045841924479859, 27.849946946950524 ], [ 85.045787293053337, 27.849943792286091 ], [ 85.045700665336753, 27.849940871934024 ], [ 85.045646797844981, 27.849940327278475 ], [ 85.045585462942569, 27.849941153836436 ], [ 85.045547277308629, 27.84991479525808 ], [ 85.045488284870586, 27.849876709765869 ], [ 85.045441083961393, 27.849848006541386 ], [ 85.045393635462887, 27.849820864372965 ], [ 85.045349002934017, 27.849796753088466 ], [ 85.045300336540919, 27.84977196346788 ], [ 85.04525345878622, 27.849749515590833 ], [ 85.045204042323107, 27.849727317977528 ], [ 85.0451543448021, 27.849706475184846 ], [ 85.045104588205604, 27.849687053169138 ], [ 85.04505152584295, 27.849667908804722 ], [ 85.04500188396996, 27.849651432175129 ], [ 85.044944850273865, 27.849634197834447 ], [ 85.044895566468128, 27.84962074133237 ], [ 85.044833979831964, 27.849605792124891 ], [ 85.044785345063261, 27.849595435679518 ], [ 85.044718784288904, 27.84958333967457 ], [ 85.044671036261917, 27.84957613267979 ], [ 85.044602334996782, 27.849567896923656 ], [ 85.044546279550488, 27.84956290224634 ], [ 85.044479388953235, 27.84955891954078 ], [ 85.044423487310752, 27.849557236282525 ], [ 85.044353661662413, 27.849557269324261 ], [ 85.04429959934123, 27.849558948455435 ], [ 85.044223729633458, 27.849563839542771 ], [ 85.044172752169928, 27.849568838261433 ], [ 85.044089283984178, 27.849580162767598 ], [ 85.044052331965673, 27.84958658404507 ], [ 85.043972138925156, 27.849603550568865 ], [ 85.043934867801099, 27.849612872278634 ], [ 85.043861073472556, 27.849634063604931 ], [ 85.043823495480098, 27.849646282311525 ], [ 85.043756453161919, 27.849670523329188 ], [ 85.04371858459929, 27.849685635654936 ], [ 85.043658375483858, 27.849711819499628 ], [ 85.043620227607278, 27.849729820190557 ], [ 85.043566563685687, 27.849757034292576 ], [ 85.043528159031197, 27.849777911937597 ], [ 85.043480525685837, 27.849805463868002 ], [ 85.043441884727613, 27.849829208831618 ], [ 85.043399769175139, 27.849856535958043 ], [ 85.043360914515247, 27.849883133220203 ], [ 85.043323654575104, 27.84990990723141 ], [ 85.043284549051364, 27.849939390558941 ], [ 85.04325160981395, 27.849965336838245 ], [ 85.043212349038257, 27.849997639904426 ], [ 85.04318320856153, 27.850022592853332 ], [ 85.043143826545773, 27.850057687262986 ], [ 85.043117969943111, 27.850081591571065 ], [ 85.043078511028298, 27.850119439148525 ], [ 85.043044957040792, 27.850153281848765 ], [ 85.042965976921948, 27.850237073750058 ], [ 85.042964642490205, 27.850238577070233 ], [ 85.042923166561465, 27.850263391667649 ], [ 85.0429019492436, 27.850277472974042 ], [ 85.042819786010966, 27.850338244310759 ], [ 85.042800912502088, 27.850353769387993 ], [ 85.042723292864963, 27.850425047569257 ], [ 85.042706688993746, 27.850442075833239 ], [ 85.042637474683161, 27.850521613789297 ], [ 85.042623089739891, 27.850540198671702 ], [ 85.042567059361147, 27.850621470118458 ], [ 85.042555641928843, 27.850640182838603 ], [ 85.042515476322734, 27.850713792078011 ], [ 85.042505280655135, 27.850734859478603 ], [ 85.042466635180588, 27.850828721947359 ], [ 85.042449406699419, 27.850879043533581 ], [ 85.04242568764225, 27.8509623913016 ], [ 85.042423862883254, 27.850970388818659 ], [ 85.042372483500785, 27.851003806066959 ], [ 85.042163549377435, 27.851186224910236 ], [ 85.042021898237095, 27.851414066236259 ], [ 85.041725401527714, 27.852114025168785 ], [ 85.041668280602167, 27.852168352491304 ], [ 85.041646905688623, 27.852190550685776 ], [ 85.041603270127482, 27.852239162645517 ], [ 85.041582610402571, 27.85226387979451 ], [ 85.041546674669249, 27.852309778381535 ], [ 85.041526722832572, 27.852337025212616 ], [ 85.041526240128164, 27.852337726240133 ], [ 85.041520449382148, 27.852336593111172 ], [ 85.041505708037533, 27.852328729119257 ], [ 85.041450838834436, 27.852301506396685 ], [ 85.04139907879663, 27.85227753402858 ], [ 85.041339696744942, 27.852251932955294 ], [ 85.041292148221032, 27.85223275993194 ], [ 85.041227493671727, 27.85220845114754 ], [ 85.041186312842825, 27.852193901435765 ], [ 85.04111904976844, 27.852171634800182 ], [ 85.041084868192428, 27.852160932880714 ], [ 85.041009523837957, 27.852138678662417 ], [ 85.040973958953444, 27.852128814215469 ], [ 85.040760339307297, 27.852073365630087 ], [ 85.040731517822152, 27.852066292258399 ], [ 85.040682188478129, 27.852054877903822 ], [ 85.040355319252214, 27.851924627791387 ], [ 85.040089129134174, 27.851855454221489 ], [ 85.039885610665138, 27.851853571141586 ], [ 85.039878959862151, 27.851851614510792 ], [ 85.039832911307911, 27.851839645180885 ], [ 85.039767289344013, 27.851824681374922 ], [ 85.039723987118251, 27.851816165006642 ], [ 85.039647417188689, 27.851803820849423 ], [ 85.039606013373032, 27.851798593781211 ], [ 85.039520060430362, 27.851791040946591 ], [ 85.039480114283236, 27.851789050889494 ], [ 85.039411602568833, 27.851787696740782 ], [ 85.039343189735675, 27.851788397396767 ], [ 85.03928306378991, 27.851790598464881 ], [ 85.039224375703682, 27.851794298068977 ], [ 85.039147592047669, 27.851801756561041 ], [ 85.039094722168414, 27.85180871003114 ], [ 85.039003479083931, 27.851824534694806 ], [ 85.038955602473848, 27.851834881018686 ], [ 85.038881948411571, 27.851853438317949 ], [ 85.038839581693182, 27.851865664231696 ], [ 85.038782653374767, 27.85188377487928 ], [ 85.038745860373979, 27.851896590803744 ], [ 85.038677736909065, 27.851922914145781 ], [ 85.038644975736673, 27.851936861289506 ], [ 85.03856798854369, 27.851973330385242 ], [ 85.038538861967538, 27.851988590813434 ], [ 85.038462289279224, 27.85203295531193 ], [ 85.038435890758592, 27.852049802214573 ], [ 85.038374842021909, 27.852091984218376 ], [ 85.038348013358188, 27.852112024166892 ], [ 85.038298631369017, 27.852151428817429 ], [ 85.038271318044551, 27.85217470074565 ], [ 85.038270454089528, 27.85217547909302 ], [ 85.037764138936822, 27.852351323804573 ], [ 85.037735885338094, 27.852347257900252 ], [ 85.037670231683677, 27.852339174628167 ], [ 85.037626740381526, 27.85233466728662 ], [ 85.037558606717454, 27.852328926628967 ], [ 85.03751791206021, 27.85232623010042 ], [ 85.03744697603895, 27.852322802197847 ], [ 85.037409402427897, 27.852321606148053 ], [ 85.037335162917699, 27.852320465815943 ], [ 85.037292793734281, 27.852320600920621 ], [ 85.037172525119445, 27.852323215753451 ], [ 85.03712961609159, 27.852324956522789 ], [ 85.036995752284767, 27.852332912437753 ], [ 85.036964705885907, 27.852335183419441 ], [ 85.036825544621252, 27.852347275498037 ], [ 85.036810931502814, 27.852348640196084 ], [ 85.036742608431709, 27.852355465561207 ], [ 85.034278896070049, 27.852233606164532 ], [ 85.033771726215718, 27.852066903328787 ], [ 85.033804885476741, 27.851950405744255 ], [ 85.033813213256138, 27.851918761825086 ], [ 85.033833080000846, 27.851836629907996 ], [ 85.033843878713427, 27.851784609469181 ], [ 85.03385651814682, 27.851711824048465 ], [ 85.03386530233368, 27.851644603842274 ], [ 85.033871190333173, 27.851577751429417 ], [ 85.0338737008381, 27.851537980521723 ], [ 85.033877818902212, 27.851430286974924 ], [ 85.033878396324383, 27.851395967721551 ], [ 85.033878080878964, 27.851327018931077 ], [ 85.033875641106263, 27.851268060908058 ], [ 85.033870792661048, 27.8512061208849 ], [ 85.0338604382071, 27.851125897748698 ], [ 85.033850631296104, 27.851071532579343 ], [ 85.033833672647575, 27.850997499944963 ], [ 85.033821816960995, 27.850954943877301 ], [ 85.033805473960513, 27.850902989915554 ], [ 85.033790396440565, 27.850860052207437 ], [ 85.033771533756706, 27.850811281625258 ], [ 85.03375338515842, 27.850768385866964 ], [ 85.033732081225097, 27.850721985863078 ], [ 85.03371106013023, 27.850679605961052 ], [ 85.033687223214343, 27.850634909941238 ], [ 85.033663552955645, 27.850593498495858 ], [ 85.033636820445935, 27.850549760559229 ], [ 85.033610798053047, 27.850509849734326 ], [ 85.0335806981074, 27.850466548124174 ], [ 85.033552642771269, 27.850428623472233 ], [ 85.033518384186948, 27.850385154447768 ], [ 85.033488633872636, 27.850349673813042 ], [ 85.033481132270154, 27.850340840823932 ], [ 85.033436865020505, 27.850289376616868 ], [ 85.033419739262882, 27.850270756534822 ], [ 85.033409858184569, 27.850202631294081 ], [ 85.033328785602635, 27.849947740745407 ], [ 85.033167936570607, 27.849724756554025 ], [ 85.032738486456566, 27.849287289741348 ], [ 85.032737461736374, 27.84927757498852 ], [ 85.032727039979378, 27.849208009813701 ], [ 85.032720168213672, 27.8491726983025 ], [ 85.032706161852673, 27.84911286660823 ], [ 85.032677217669971, 27.849007288868986 ], [ 85.032662053376384, 27.848958070314623 ], [ 85.03264768355686, 27.84891612445406 ], [ 85.032631366217643, 27.84887251206036 ], [ 85.032616298550835, 27.84883542224086 ], [ 85.032592617243751, 27.848782433244832 ], [ 85.032576334334991, 27.848749108246039 ], [ 85.032542122428765, 27.848685928138899 ], [ 85.032524778088529, 27.848656846645014 ], [ 85.032475852222504, 27.84858342675582 ], [ 85.032457355643572, 27.848558444882126 ], [ 85.032388254764612, 27.848475802413397 ], [ 85.032368558351749, 27.848454857208097 ], [ 85.032268786676028, 27.848362866314694 ], [ 85.032252509931865, 27.848349844633841 ], [ 85.032133374636388, 27.848267899971429 ], [ 85.032114527639052, 27.848256820674489 ], [ 85.031995018724217, 27.848196481748619 ], [ 85.031973413628663, 27.84818723295372 ], [ 85.03186385293759, 27.848147152400053 ], [ 85.031839110967155, 27.848139568964939 ], [ 85.031802001275281, 27.848130458903452 ], [ 85.031785727425572, 27.848110333687302 ], [ 85.031769613163391, 27.848093605212156 ], [ 85.031670530250267, 27.848004168731837 ], [ 85.031649578152553, 27.847987719554361 ], [ 85.031544711658569, 27.847915653339822 ], [ 85.031473279285279, 27.847872881319724 ], [ 85.031421757199539, 27.847843989954235 ], [ 85.031384551579961, 27.847824488630391 ], [ 85.031286515780693, 27.847779301281669 ], [ 85.03124601467232, 27.847763053137399 ], [ 85.031150876483153, 27.847729901298088 ], [ 85.031106656577236, 27.847716733331531 ], [ 85.031019789584775, 27.847694635048349 ], [ 85.030970985518081, 27.84768428402031 ], [ 85.030902934728573, 27.847672020828615 ], [ 85.030859028497602, 27.84766548934634 ], [ 85.03080907841489, 27.847659188509475 ], [ 85.030769284132205, 27.847655062513727 ], [ 85.030225856027144, 27.847321505114788 ], [ 85.030058079946116, 27.847238175046428 ], [ 85.028786429205383, 27.846740491985262 ], [ 85.02825866362231, 27.84643968626893 ], [ 85.028199698770663, 27.846379496647529 ], [ 85.028190557481906, 27.84637029269237 ], [ 85.028096570178946, 27.846276948371681 ], [ 85.028060080992049, 27.846242565160154 ], [ 85.028024680272253, 27.846210911156273 ], [ 85.027986780780054, 27.846178728776739 ], [ 85.027953419058022, 27.846151829114284 ], [ 85.027894796486549, 27.846108028180318 ], [ 85.027834588561333, 27.846066384055838 ], [ 85.027766438542045, 27.846023136146954 ], [ 85.027697581093435, 27.845983144315682 ], [ 85.027637812878041, 27.845950984249473 ], [ 85.027558984121399, 27.845911797349149 ], [ 85.027511496493688, 27.84588963360871 ], [ 85.027415594735189, 27.845847708139253 ], [ 85.027367183958035, 27.845827929311014 ], [ 85.027330284096607, 27.845813883892358 ], [ 85.027274017609599, 27.845794207926385 ], [ 85.027232684067528, 27.845781003328593 ], [ 85.027168799583052, 27.845762690626241 ], [ 85.02703477043076, 27.845728575366127 ], [ 85.02702570138328, 27.845721412712447 ], [ 85.0269974687548, 27.845697449380754 ], [ 85.026816064045292, 27.845532713715812 ], [ 85.0267970836492, 27.84551592601084 ], [ 85.026715919404822, 27.845446007633836 ], [ 85.026686067619636, 27.845421306073096 ], [ 85.02664131665739, 27.845385740341332 ], [ 85.026612269999575, 27.845363518202543 ], [ 85.026569455144298, 27.845331993323533 ], [ 85.02653502777811, 27.845307741210934 ], [ 85.026493334520637, 27.845279654430765 ], [ 85.026453332594414, 27.845254042067094 ], [ 85.026412329491066, 27.845229110162002 ], [ 85.02637530340408, 27.84520763330546 ], [ 85.02630019625694, 27.845166111993297 ], [ 85.02627332319787, 27.845151762510465 ], [ 85.026189314030574, 27.845108458686106 ], [ 85.026160259178084, 27.845094042317648 ], [ 85.025928779385211, 27.844983569934364 ], [ 85.025899698724814, 27.84497022353505 ], [ 85.025838846243545, 27.844943391131981 ], [ 85.025797010579566, 27.844925986802593 ], [ 85.025732108997929, 27.844900570100886 ], [ 85.025693374502552, 27.844886242973772 ], [ 85.025623797815669, 27.844861994761423 ], [ 85.025588954611663, 27.844850501027906 ], [ 85.02551348008636, 27.844826992280748 ], [ 85.025474100955407, 27.84481552320824 ], [ 85.025349980535722, 27.844781850605116 ], [ 85.023433177714651, 27.843689346126354 ], [ 85.023032500985266, 27.843410493633044 ], [ 85.022945356723639, 27.843292870214373 ], [ 85.022936436144306, 27.843273691751921 ], [ 85.022905281588834, 27.843213046750591 ], [ 85.022865065329171, 27.843143010438226 ], [ 85.022831234309265, 27.843089940091261 ], [ 85.022774533636564, 27.843010875606833 ], [ 85.022737980647477, 27.84296531427848 ], [ 85.022677238363443, 27.842898295786473 ], [ 85.022675063686165, 27.842891043340408 ], [ 85.022665558771308, 27.842861389927762 ], [ 85.022648121449237, 27.842810316988743 ], [ 85.022622834163357, 27.842745285494868 ], [ 85.022609576767337, 27.842714985747289 ], [ 85.022607781675916, 27.84269253443475 ], [ 85.022608668151506, 27.842691685847388 ], [ 85.022680762028259, 27.842614479353688 ], [ 85.022701251388398, 27.842589871854514 ], [ 85.022741502970334, 27.842534236716368 ], [ 85.022999527056086, 27.842413606248744 ], [ 85.023084847521559, 27.842358698798964 ], [ 85.023106727595831, 27.842353154023431 ], [ 85.023224616005976, 27.84231616348718 ], [ 85.023262485490534, 27.842301893371936 ], [ 85.023309578148769, 27.842282875424878 ], [ 85.023360564620859, 27.842260875168723 ], [ 85.023409228950172, 27.842238413502077 ], [ 85.023435865156557, 27.842225295449357 ], [ 85.023525661743264, 27.842175462220066 ], [ 85.023549021798644, 27.842160940832127 ], [ 85.023665221540469, 27.842076693875644 ], [ 85.023683588345961, 27.842061234583802 ], [ 85.023797234756955, 27.841948007241381 ], [ 85.023816017570994, 27.841925782839571 ], [ 85.02389133819274, 27.841822727640352 ], [ 85.023908593125427, 27.841795177665407 ], [ 85.02395627511217, 27.841708426920174 ], [ 85.023971828922456, 27.841675811507884 ], [ 85.024002668618465, 27.84160243028083 ], [ 85.024003347152245, 27.841600573651441 ], [ 85.024120980480333, 27.841499365840843 ], [ 85.024320941143586, 27.841258055595983 ], [ 85.024420955136989, 27.840971838054116 ], [ 85.024686190348035, 27.839227058092469 ], [ 85.024688400584907, 27.839220204884473 ], [ 85.024706436642887, 27.839153877919067 ], [ 85.024724604808355, 27.839069763549837 ], [ 85.024735955578407, 27.838999293393051 ], [ 85.024744586436668, 27.838922308790529 ], [ 85.024749374391703, 27.838846988780052 ], [ 85.02475026145936, 27.838805581721633 ], [ 85.024754934952355, 27.838774838030648 ], [ 85.024762809280801, 27.83869910042236 ], [ 85.02483575341239, 27.837403288873467 ], [ 85.024854219560183, 27.837357062611531 ], [ 85.02486450975104, 27.837328250411272 ], [ 85.024886770385734, 27.837255516664175 ], [ 85.024898299210975, 27.837210502520087 ], [ 85.024913693288056, 27.837136117089393 ], [ 85.024921239600246, 27.837088518179655 ], [ 85.024929114608312, 27.837020022319123 ], [ 85.024932744918573, 27.836969418155448 ], [ 85.024934795719574, 27.836908657266971 ], [ 85.024934569669256, 27.836854278014869 ], [ 85.024932793855385, 27.836804156250523 ], [ 85.024929132633304, 27.836749315406315 ], [ 85.024925519216893, 27.836709853116613 ], [ 85.024918390754905, 27.836648643708152 ], [ 85.024913061882089, 27.836610738940752 ], [ 85.024888690448435, 27.836462888508976 ], [ 85.024892787880589, 27.836390100318308 ], [ 85.024893673367743, 27.836320219765955 ], [ 85.024892844340599, 27.836293399548168 ], [ 85.024904328071088, 27.836274545413378 ], [ 85.024925680767595, 27.836237543022168 ], [ 85.024966237652464, 27.836158002368286 ], [ 85.024982874717338, 27.836120666243698 ], [ 85.025024583894862, 27.836004794035741 ], [ 85.025034352076005, 27.835969649090455 ], [ 85.025054693396356, 27.835875021351889 ], [ 85.025064043815888, 27.835814009909669 ], [ 85.025071931630677, 27.835739632058417 ], [ 85.025074985551214, 27.83568805401061 ], [ 85.025074471219213, 27.835585191090765 ], [ 85.025071376403545, 27.835540494629971 ], [ 85.025050048949069, 27.835403930278034 ], [ 85.025040736929981, 27.835365917690204 ], [ 85.024986354781461, 27.835211836229597 ], [ 85.024971164813678, 27.83517932203792 ], [ 85.024904787823502, 27.835062117996916 ], [ 85.024881960739577, 27.835028202172719 ], [ 85.024852545654809, 27.834989642174545 ], [ 85.024844055886049, 27.834714978375231 ], [ 85.024860151687619, 27.834660233073318 ], [ 85.024866664972222, 27.834629860605272 ], [ 85.024880160380548, 27.834545389470843 ], [ 85.024883940277874, 27.834509666072506 ], [ 85.024887775861316, 27.834456828927486 ], [ 85.024889746513352, 27.834406937385886 ], [ 85.024889838822034, 27.834346042586105 ], [ 85.024888712961598, 27.834315163690196 ], [ 85.024879345593732, 27.834218676074233 ], [ 85.024874330072848, 27.834186987054967 ], [ 85.02485567241186, 27.834100173163254 ], [ 85.024846720547515, 27.834067337641073 ], [ 85.024822599144457, 27.833992957239222 ], [ 85.02480953389329, 27.833958325623488 ], [ 85.024776465333773, 27.833882260689229 ], [ 85.024745152013935, 27.833818907382241 ], [ 85.024716631886008, 27.833765953422251 ], [ 85.02466823605549, 27.833683126852936 ], [ 85.02466281520671, 27.833660894540916 ], [ 85.02466405571208, 27.833635296706021 ], [ 85.02466496045048, 27.833588871546596 ], [ 85.024664676235489, 27.833558832240907 ], [ 85.024661985272161, 27.833500324545817 ], [ 85.024659788007838, 27.833473730469169 ], [ 85.024651962673957, 27.833410055501002 ], [ 85.024643261485764, 27.833356830963176 ], [ 85.024632123706724, 27.833301062831222 ], [ 85.02461922586906, 27.833246493129632 ], [ 85.024605372975984, 27.83319534212109 ], [ 85.024588306118744, 27.833139527821142 ], [ 85.024572415459645, 27.833092628123314 ], [ 85.02455121575781, 27.833035702400284 ], [ 85.024533861062679, 27.832992770464276 ], [ 85.024508553492552, 27.832934812185886 ], [ 85.024490112971392, 27.832895373864677 ], [ 85.02446081411675, 27.83283667257745 ], [ 85.024441601896115, 27.83280037842739 ], [ 85.024408440222743, 27.832741184140041 ], [ 85.024388529668471, 27.832707447446722 ], [ 85.024351711480236, 27.832648140332072 ], [ 85.024321214163677, 27.832602270717903 ], [ 85.024272282887395, 27.83253340199748 ], [ 85.024231786623801, 27.832480638807226 ], [ 85.024174116957724, 27.832410933808056 ], [ 85.024135014491947, 27.832366636007947 ], [ 85.0240927241761, 27.832321688542461 ], [ 85.023917645787947, 27.832024945337775 ], [ 85.023916353970719, 27.832010370732082 ], [ 85.023912264099252, 27.831983527541517 ], [ 85.023874914371021, 27.831834557947371 ], [ 85.023866965865935, 27.83181203275468 ], [ 85.023800784989291, 27.831668846728459 ], [ 85.023792859865154, 27.831655172162947 ], [ 85.023738038370638, 27.831573479256544 ], [ 85.023730685237638, 27.831544178890873 ], [ 85.023716558588134, 27.831496167648591 ], [ 85.023682062324184, 27.831400872192816 ], [ 85.023655222571492, 27.831338773967953 ], [ 85.023617248827875, 27.831261823898533 ], [ 85.023580115506519, 27.831195195048366 ], [ 85.023549338381073, 27.831144156842125 ], [ 85.023508874764872, 27.8310819365581 ], [ 85.023493519932941, 27.831059108802538 ], [ 85.023427482629501, 27.830964138887989 ], [ 85.023428495595184, 27.830895937533807 ], [ 85.02342765267835, 27.830845379775475 ], [ 85.023425515956518, 27.830801067909771 ], [ 85.023420764503712, 27.830744363553126 ], [ 85.023416101460512, 27.830705353473903 ], [ 85.023405058529903, 27.830637569453504 ], [ 85.023394318747492, 27.830585629611392 ], [ 85.023377991915623, 27.830520368860302 ], [ 85.023362398441208, 27.830467384849879 ], [ 85.023342691081282, 27.830408647290518 ], [ 85.023322096943929, 27.830354103511549 ], [ 85.023300843140333, 27.830302984722554 ], [ 85.023274891070628, 27.830245926679805 ], [ 85.023255436055393, 27.830205956669527 ], [ 85.023228384935194, 27.830153867089471 ], [ 85.023212100279807, 27.830123968131254 ], [ 85.02317951261243, 27.830066842091796 ], [ 85.02316295968761, 27.8300390374743 ], [ 85.023113483333802, 27.829959322375899 ], [ 85.023058066173604, 27.829567449724596 ], [ 85.023022158478, 27.82941769136184 ], [ 85.022819153519649, 27.828823692474625 ], [ 85.022739560056834, 27.828654747517827 ], [ 85.021873551206568, 27.827239752650861 ], [ 85.021828686771002, 27.827173396020196 ], [ 85.02135437322174, 27.826535533467982 ], [ 85.021340073274928, 27.826506579745129 ], [ 85.021321644839517, 27.826471347618249 ], [ 85.021276633561925, 27.826389926073432 ], [ 85.021246626705789, 27.82633970840212 ], [ 85.021201654439608, 27.8262698513463 ], [ 85.021166473662589, 27.826219161315372 ], [ 85.021124071521456, 27.826162351661495 ], [ 85.021094548540773, 27.826124893733073 ], [ 85.021043773101283, 27.826063825372579 ], [ 85.021014671648146, 27.826030484929529 ], [ 85.020846194648087, 27.825846514941659 ], [ 85.020817321676503, 27.825813299206299 ], [ 85.020778738240608, 27.825761411654849 ], [ 85.020755294718271, 27.825719602523353 ], [ 85.020726027751678, 27.825660104493171 ], [ 85.020697937218117, 27.825594709055554 ], [ 85.020683570357733, 27.825556099668407 ], [ 85.020624686836328, 27.825436749856649 ], [ 85.020626314909464, 27.825436068576259 ], [ 85.020561923753235, 27.825314442653646 ], [ 85.020355970198779, 27.824338775499065 ], [ 85.020380757367718, 27.824279256228049 ], [ 85.020384608257601, 27.824266854992118 ], [ 85.020417255952609, 27.824106260545257 ], [ 85.020418972842123, 27.824089009634374 ], [ 85.020421835067367, 27.82396771835738 ], [ 85.020420864569573, 27.823949095987068 ], [ 85.020405830026945, 27.823830666057486 ], [ 85.020402329467231, 27.823813414312337 ], [ 85.020358670982816, 27.823668501051195 ], [ 85.020353043388141, 27.823654575897734 ], [ 85.020197129338541, 27.823403538356811 ], [ 85.020187375656533, 27.823392458986717 ], [ 85.020088888136485, 27.82331493763564 ], [ 85.020084197006113, 27.823299439946574 ], [ 85.020082604378374, 27.823269707292848 ], [ 85.020040697297588, 27.823085318347289 ], [ 85.020028307079102, 27.823037530585765 ], [ 85.019969635127595, 27.822836379125047 ], [ 85.019897180842662, 27.822681604376623 ], [ 85.019764860045314, 27.822244463010492 ], [ 85.019724043094755, 27.821763723868596 ], [ 85.019729578013255, 27.821710214459522 ], [ 85.019697854894872, 27.821389427727219 ], [ 85.019688629154629, 27.821359452350169 ], [ 85.019672623829422, 27.821313969521633 ], [ 85.019655774429069, 27.821232690130724 ], [ 85.019499963069009, 27.820767080518674 ], [ 85.019495550948307, 27.820748680304884 ], [ 85.019473457294623, 27.820672849342309 ], [ 85.019462217905257, 27.820640185547951 ], [ 85.019432615133482, 27.820565914644167 ], [ 85.01941768699561, 27.820533089623012 ], [ 85.019384311095081, 27.820467383928225 ], [ 85.01936553820822, 27.820434045289467 ], [ 85.01933128574241, 27.820378221611755 ], [ 85.01930829845017, 27.820343708871228 ], [ 85.01926717905944, 27.820286932112854 ], [ 85.019218974879962, 27.82022554721555 ], [ 85.019189644487142, 27.820190073110972 ], [ 85.01916006484214, 27.820156068216765 ], [ 85.018947346914402, 27.819815074714949 ], [ 85.018895575296341, 27.819625705144137 ], [ 85.018886214645633, 27.819593988318122 ], [ 85.018870346869903, 27.819543945514493 ], [ 85.018856950491482, 27.819505072387809 ], [ 85.018840568564514, 27.819461098375314 ], [ 85.018831535604264, 27.819438951191742 ], [ 85.018739117682017, 27.819123534521527 ], [ 85.018703236065406, 27.819042596866577 ], [ 85.018697646842824, 27.8190135962009 ], [ 85.018662982310744, 27.818888331309314 ], [ 85.018656862709477, 27.818871507593865 ], [ 85.018615735928222, 27.818776951701899 ], [ 85.018607961945136, 27.818761688030957 ], [ 85.01854589790554, 27.818658283241209 ], [ 85.018525492230637, 27.818629033512842 ], [ 85.018455263153726, 27.81854067267232 ], [ 85.018428498829778, 27.818510953524523 ], [ 85.018362358257221, 27.818444492619069 ], [ 85.018329345539257, 27.818414437383087 ], [ 85.01826932896914, 27.818364067801848 ], [ 85.018230310598327, 27.818333892029237 ], [ 85.018152369579937, 27.818279327683367 ], [ 85.018115627634501, 27.818256099110116 ], [ 85.018020709836904, 27.818202860659316 ], [ 85.017977748336548, 27.81818162108225 ], [ 85.017920718654793, 27.818156339936461 ], [ 85.017868792279003, 27.818118280849252 ], [ 85.017841303548195, 27.818091369353642 ], [ 85.017641454353779, 27.817940498925623 ], [ 85.017446967014493, 27.817828577484949 ], [ 85.017396636168527, 27.817766965454481 ], [ 85.017376164011196, 27.817742769127843 ], [ 85.017340182113614, 27.817701694568054 ], [ 85.017292547568104, 27.817651231880273 ], [ 85.017255110409977, 27.817614391432308 ], [ 85.017180814975305, 27.817548477786943 ], [ 85.017143954678062, 27.817518996023196 ], [ 85.017044523857379, 27.817448950645943 ], [ 85.017001882204042, 27.817422593089997 ], [ 85.016923801316281, 27.817378872403349 ], [ 85.016920661176584, 27.817377286635232 ], [ 85.016830655564803, 27.817269539017037 ], [ 85.016813197063726, 27.817222021213361 ], [ 85.016799844289181, 27.817183075531887 ], [ 85.016795290676697, 27.817101341153247 ], [ 85.01679290596681, 27.81707997667041 ], [ 85.016776471784354, 27.816984785245705 ], [ 85.016775753189464, 27.816981723209032 ], [ 85.0167868589715, 27.816948381611059 ], [ 85.01679264453476, 27.816919896889999 ], [ 85.016807271377886, 27.816809029961597 ], [ 85.01680924869666, 27.81677702332761 ], [ 85.016809315021519, 27.816679133844946 ], [ 85.016807318265208, 27.816646084644422 ], [ 85.016794668418342, 27.816544538773549 ], [ 85.016788901016099, 27.816514110251543 ], [ 85.016745915321238, 27.816365667083186 ], [ 85.016739635828401, 27.816349733515896 ], [ 85.016648840448681, 27.816179072949907 ], [ 85.016638870987364, 27.816164505910315 ], [ 85.016520133871168, 27.816023950824651 ], [ 85.016506385635736, 27.816010610954514 ], [ 85.016470286201383, 27.815980936642553 ], [ 85.016451343943302, 27.81581672623313 ], [ 85.016445838681037, 27.815794330531151 ], [ 85.016378239376564, 27.815613535636178 ], [ 85.016367910550301, 27.815593336662147 ], [ 85.016317587158795, 27.815507474932577 ], [ 85.016299307359162, 27.815479992665146 ], [ 85.016250883561725, 27.815413956079539 ], [ 85.016227021755952, 27.815384329693178 ], [ 85.01614962985208, 27.815299582934852 ], [ 85.01611910176716, 27.815270006023784 ], [ 85.016053731935656, 27.815212181580062 ], [ 85.016017492011059, 27.815182914220841 ], [ 85.015977528380418, 27.815152286863274 ], [ 85.015967145763085, 27.815144739115894 ], [ 85.01592739111679, 27.815045160901644 ], [ 85.015818939142534, 27.814851217724463 ], [ 85.014746425779592, 27.813401102647941 ], [ 85.014353344184727, 27.811874537721931 ], [ 85.014418855938771, 27.811378838883677 ], [ 85.014485562491785, 27.811256669658523 ], [ 85.015915463731872, 27.811328877504963 ], [ 85.016192625161466, 27.811308944313733 ], [ 85.016453297079394, 27.811222869937524 ], [ 85.016677907759501, 27.81107711682527 ], [ 85.016981908119973, 27.810816115325206 ], [ 85.017170199151863, 27.810595309981025 ], [ 85.017274254283208, 27.810334112096296 ], [ 85.01728426096534, 27.810057154671021 ], [ 85.017240258075859, 27.809738154848976 ], [ 85.017081377026017, 27.809352866815345 ], [ 85.016878375672292, 27.809077867949064 ], [ 85.016670224557956, 27.80887290578287 ], [ 85.016402105507296, 27.808733520216379 ], [ 85.01617854923397, 27.808655174795604 ], [ 85.016132401108109, 27.80805813384309 ], [ 85.016011203574877, 27.807688450013302 ], [ 85.015450197816349, 27.806772453325493 ], [ 85.01529904610193, 27.806586602227238 ], [ 85.015100081349289, 27.806440640732756 ], [ 85.013917085751544, 27.805777645561925 ], [ 85.013739940752586, 27.805698699331639 ], [ 85.01186722201696, 27.805058904362181 ], [ 85.00982487096519, 27.804115307155097 ], [ 85.009615216309257, 27.804043375207034 ], [ 85.007210508095127, 27.803480718346822 ], [ 85.006297308653131, 27.80315446824692 ], [ 85.003897467849953, 27.800709644361543 ], [ 85.003527950354325, 27.800471829154965 ], [ 85.001366962985188, 27.799659835972808 ], [ 85.001047182114789, 27.799591156275977 ], [ 85.000719499018444, 27.799617059431675 ], [ 84.998688514712043, 27.800081056601393 ], [ 84.998460433810095, 27.800160287744905 ], [ 84.997132441272925, 27.800795283592354 ], [ 84.997018817641518, 27.80085855471366 ], [ 84.995996295838253, 27.801515362725461 ], [ 84.994870266692345, 27.80195493659237 ], [ 84.994375769025254, 27.801886572635937 ], [ 84.992508599241333, 27.80134514204817 ], [ 84.992245949806232, 27.801301863481431 ], [ 84.991979700443082, 27.80132103220955 ], [ 84.990709710437699, 27.801565030773954 ], [ 84.990431245937572, 27.80165821247185 ], [ 84.990195144576532, 27.801819208905371 ], [ 84.988310876632809, 27.803548960217316 ], [ 84.987917398206903, 27.803729497572661 ], [ 84.987346634196115, 27.803635415313266 ], [ 84.984939869309272, 27.802828407767326 ], [ 84.98415295261421, 27.802119935768435 ], [ 84.983982219446602, 27.80199642586393 ], [ 84.98234322519933, 27.80105343267784 ], [ 84.982072497071115, 27.800943844389561 ], [ 84.981777664899553, 27.800908774734239 ], [ 84.980727908350715, 27.800921959756813 ], [ 84.978013607621705, 27.799841446823187 ], [ 84.977692176467968, 27.799766498626362 ], [ 84.976119189164791, 27.799637500355498 ], [ 84.975747434346232, 27.799668355569242 ], [ 84.97290345585597, 27.800390351025975 ], [ 84.972793206378299, 27.800424551386612 ], [ 84.971733213523919, 27.800815548792173 ], [ 84.971508350886694, 27.800930390141041 ], [ 84.971323563370063, 27.801092161821881 ], [ 84.970628561738096, 27.801880157743486 ], [ 84.970446061175522, 27.802206138299574 ], [ 84.970207054711778, 27.803009136261149 ], [ 84.970174466402682, 27.803283662849989 ], [ 84.970191463534007, 27.803595662802607 ], [ 84.970317426537576, 27.803989331372051 ], [ 84.970403824207636, 27.804127978485045 ], [ 84.9703757165517, 27.804167249565989 ], [ 84.970238328567532, 27.804231558601636 ], [ 84.969998320828282, 27.804387689284301 ], [ 84.968694321916487, 27.805531682672765 ], [ 84.968527020139106, 27.805724673365162 ], [ 84.968423893932894, 27.805950433108649 ], [ 84.967771275179643, 27.808219409958976 ], [ 84.967380378167064, 27.809087969868802 ], [ 84.967285611394402, 27.80915950122818 ], [ 84.965726598409418, 27.809158692890669 ], [ 84.965406440346101, 27.809204599474636 ], [ 84.965118917139165, 27.809337966762048 ], [ 84.964181920362165, 27.809959962774773 ], [ 84.964023560074438, 27.810090595696131 ], [ 84.963605559678157, 27.810517593296272 ], [ 84.963445233863894, 27.810740431821461 ], [ 84.963364479191242, 27.810995035756203 ], [ 84.963263645758545, 27.811692949375409 ], [ 84.962080664371513, 27.813439494018738 ], [ 84.961976102189098, 27.813651363874623 ], [ 84.961630991989466, 27.814698931128426 ], [ 84.961097048319687, 27.815357668840413 ], [ 84.959380825119723, 27.816305406109418 ], [ 84.958717348409991, 27.816482877274755 ], [ 84.957336102319445, 27.816180304472649 ], [ 84.954789771772923, 27.814652131700388 ], [ 84.954606151595101, 27.814564843328366 ], [ 84.952945161609193, 27.813960848477681 ], [ 84.952670447920056, 27.813898962017635 ], [ 84.952387199328541, 27.813907030320237 ], [ 84.951300208102779, 27.814075029474139 ], [ 84.950960428725708, 27.814185774122983 ], [ 84.949600257133085, 27.814895363713941 ], [ 84.949156873537873, 27.814768567978799 ], [ 84.948586234873943, 27.814269688963638 ], [ 84.947005962195348, 27.811919935539727 ], [ 84.946836058731378, 27.81173063101043 ], [ 84.946344058590284, 27.811312633524871 ], [ 84.946049254269553, 27.811138161751757 ], [ 84.94474672085822, 27.810632193546361 ], [ 84.944180061394249, 27.808695791813236 ], [ 84.944036336088672, 27.808414590763391 ], [ 84.942645026690087, 27.806600711887484 ], [ 84.941676660478038, 27.805031042432741 ], [ 84.941584013774218, 27.804906543041415 ], [ 84.940572009872568, 27.803764548622794 ], [ 84.940275503032368, 27.80353810118763 ], [ 84.939904737785909, 27.803428108960368 ], [ 84.938927745534855, 27.803316110304561 ], [ 84.938579532368692, 27.803329864718727 ], [ 84.937193959113941, 27.803601493270275 ], [ 84.936859321419348, 27.803588765526964 ], [ 84.936519152291751, 27.803473724731465 ], [ 84.934091722378994, 27.801918481524226 ], [ 84.932254544388954, 27.800449138019186 ], [ 84.931906803400025, 27.800267004748502 ], [ 84.931405090024896, 27.800113146821371 ], [ 84.930733650993275, 27.799448845809724 ], [ 84.930579923070681, 27.799324964206424 ], [ 84.92843492841628, 27.797922973811414 ], [ 84.928281026997496, 27.797839996362246 ], [ 84.925701040357495, 27.796714005363864 ], [ 84.925573829915805, 27.79666770744339 ], [ 84.924449837379839, 27.796335710410172 ], [ 84.92426254968818, 27.796297441987313 ], [ 84.922999559619029, 27.796149443723689 ], [ 84.922759231489351, 27.796146814168843 ], [ 84.922524950265213, 27.796194527343388 ], [ 84.919999968235402, 27.796998522099571 ], [ 84.919662330386075, 27.797178062608431 ], [ 84.917507453430048, 27.798906833420457 ], [ 84.916735859304197, 27.799364192365207 ], [ 84.916199958993545, 27.799500504041184 ], [ 84.915878382506847, 27.799640771334282 ], [ 84.913794390100932, 27.801001762739325 ], [ 84.913617482660158, 27.801149265629398 ], [ 84.913484988140809, 27.801329884360968 ], [ 84.912427135238858, 27.803237068286123 ], [ 84.912280108548273, 27.803409069498059 ], [ 84.912081768264272, 27.803524413038765 ], [ 84.911992938770055, 27.803548480971742 ], [ 84.908940632825846, 27.802506646916807 ], [ 84.908572246778647, 27.802446727320405 ], [ 84.906889260669388, 27.802453727945522 ], [ 84.906601031417537, 27.802492145323175 ], [ 84.906336972252063, 27.8026018318699 ], [ 84.906118868029921, 27.802773738560298 ], [ 84.905852867652811, 27.803053737073409 ], [ 84.905660234691979, 27.80336478087424 ], [ 84.905548232276146, 27.8036807799961 ], [ 84.905503414100593, 27.803893840590202 ], [ 84.905517033087435, 27.804110257873695 ], [ 84.905689230694435, 27.804969728989789 ], [ 84.905567199887003, 27.805259015819463 ], [ 84.905387957613371, 27.805503144738271 ], [ 84.904463295978701, 27.806124935237353 ], [ 84.904402455317779, 27.806126410155073 ], [ 84.902351028228267, 27.805128443150821 ], [ 84.901980156210854, 27.805023651900747 ], [ 84.900077171361474, 27.804828654313123 ], [ 84.899641064934329, 27.804868744519929 ], [ 84.893173659460246, 27.806779243172528 ], [ 84.892028168509384, 27.806754981366097 ], [ 84.891733217771943, 27.806787444816603 ], [ 84.890876224300598, 27.806998443421449 ], [ 84.890476172704567, 27.807191021627386 ], [ 84.889913915650496, 27.807631525641529 ], [ 84.88902466516663, 27.808017382874706 ], [ 84.888261985308176, 27.808122860128858 ], [ 84.887285381540948, 27.808049916906754 ], [ 84.885832139568663, 27.807114210374074 ], [ 84.885464619417661, 27.806965722004069 ], [ 84.884951623296558, 27.806860723023576 ], [ 84.884706449181053, 27.806837863736273 ], [ 84.884462310890044, 27.80686824969878 ], [ 84.88227132774918, 27.807388246504399 ], [ 84.881956241722378, 27.807517649692766 ], [ 84.881708629034904, 27.807733899613801 ], [ 84.881214852720205, 27.80834562744004 ], [ 84.880137375945537, 27.807684415770019 ], [ 84.879894835618785, 27.807574958225736 ], [ 84.878974841588558, 27.807289960721533 ], [ 84.878839418564027, 27.807257149302249 ], [ 84.877773426691405, 27.807068151330551 ], [ 84.87763463820464, 27.807052291719192 ], [ 84.875329419143156, 27.806931592921266 ], [ 84.873385390692263, 27.806034811476977 ], [ 84.873463267700089, 27.805947159433671 ], [ 84.87442280582782, 27.805224495262593 ], [ 84.874629040196353, 27.805011935430432 ], [ 84.874751819414428, 27.804753300332834 ], [ 84.874779257923095, 27.804473628592007 ], [ 84.874761255682898, 27.804242628645735 ], [ 84.87469859970453, 27.80398706552036 ], [ 84.874556138973773, 27.803758222132743 ], [ 84.873665135093574, 27.802718227082401 ], [ 84.87344797498568, 27.802530929106847 ], [ 84.871735979611913, 27.801442936628579 ], [ 84.871596374630855, 27.801368486762616 ], [ 84.870504380179057, 27.800887490653505 ], [ 84.870348512242046, 27.800832578975257 ], [ 84.869106520778899, 27.800497582040503 ], [ 84.868779306746021, 27.800459203807044 ], [ 84.867630057901437, 27.800492144982066 ], [ 84.865535192708322, 27.800157919013646 ], [ 84.865247399081753, 27.800148919973058 ], [ 84.864968353234346, 27.800212181845851 ], [ 84.863529362970922, 27.800741178305543 ], [ 84.863264835714958, 27.800883797388376 ], [ 84.863060929214157, 27.80109066684016 ], [ 84.861748606908876, 27.802924784935101 ], [ 84.86130030410439, 27.80340047538898 ], [ 84.861105163221524, 27.803723590003894 ], [ 84.860997268049644, 27.804047267752342 ], [ 84.860260550175653, 27.805066224841582 ], [ 84.859364409698529, 27.805619631927353 ], [ 84.858133131039367, 27.806006110089157 ], [ 84.856123632085797, 27.806126792145939 ], [ 84.855908465668833, 27.806160681840026 ], [ 84.852857523176525, 27.806950143232122 ], [ 84.850813414230245, 27.807243619426785 ], [ 84.850475612183601, 27.807234807506575 ], [ 84.85029129224128, 27.807140197602525 ], [ 84.850221062187927, 27.806403767874773 ], [ 84.850192957913549, 27.806256126290553 ], [ 84.849751944594516, 27.804725128694557 ], [ 84.849549764811229, 27.804372749168092 ], [ 84.848876762638653, 27.803651752890115 ], [ 84.848743776312745, 27.803533540107416 ], [ 84.847497777933611, 27.802614546013697 ], [ 84.847374006390808, 27.80253637704897 ], [ 84.844605017359982, 27.801051388078996 ], [ 84.844342528890181, 27.800952233660102 ], [ 84.842972538696188, 27.800627236815913 ], [ 84.842785502848443, 27.800599182983376 ], [ 84.839914526121888, 27.800411185843171 ], [ 84.839474120908875, 27.800469452509031 ], [ 84.838645126643101, 27.800754450646092 ], [ 84.838370802747491, 27.800896021748709 ], [ 84.838159037136862, 27.80110599371832 ], [ 84.83631262899533, 27.803644418384874 ], [ 84.835159710588698, 27.804668313000644 ], [ 84.834371309043206, 27.803832699484381 ], [ 84.833224534366806, 27.802390186575035 ], [ 84.832993451832408, 27.802181750875082 ], [ 84.832699495629768, 27.802050059957189 ], [ 84.83237360089268, 27.802008972260843 ], [ 84.832050063494975, 27.802062811799782 ], [ 84.831762931027498, 27.80220591254167 ], [ 84.83018393575945, 27.803326905623766 ], [ 84.829987121863937, 27.803512872260466 ], [ 84.829856787295384, 27.80374042548652 ], [ 84.829803373400907, 27.803991336438525 ], [ 84.829831159463339, 27.804245505125916 ], [ 84.829937920167097, 27.804482570547709 ], [ 84.830875911503085, 27.80592957598649 ], [ 84.830991213413824, 27.806072964785823 ], [ 84.831672522124109, 27.806765672968925 ], [ 84.826873087988332, 27.808590402586002 ], [ 84.826547908072556, 27.808787929487583 ], [ 84.824585909211535, 27.810564919267517 ], [ 84.824495221220246, 27.81065923334004 ], [ 84.824135778317441, 27.811089786667878 ], [ 84.824148412425274, 27.811044858459741 ], [ 84.824167736516713, 27.810958379552481 ], [ 84.824531717183021, 27.808776375842989 ], [ 84.824532363869494, 27.808515567672117 ], [ 84.824449086223808, 27.808265491515538 ], [ 84.824288843626675, 27.808047043625777 ], [ 84.822604839659448, 27.806350052654508 ], [ 84.82232526396561, 27.806152700319078 ], [ 84.821986126724724, 27.806053652622772 ], [ 84.818409154870338, 27.805603657888746 ], [ 84.818076488147568, 27.805610805483479 ], [ 84.817764311373608, 27.805713265918065 ], [ 84.817506199471381, 27.805900019458118 ], [ 84.81593119833019, 27.80748701078155 ], [ 84.815728047486331, 27.807802276189957 ], [ 84.815190591036497, 27.809256204731248 ], [ 84.814103664345851, 27.81093499386083 ], [ 84.81254730609912, 27.812372607582141 ], [ 84.807912912051989, 27.815379875966087 ], [ 84.806875607499094, 27.815047839236648 ], [ 84.804622170239142, 27.813547766361236 ], [ 84.804272768677251, 27.813397596612472 ], [ 84.803885519043533, 27.813375028497799 ], [ 84.802674906517694, 27.813512416854628 ], [ 84.799290266042533, 27.813020934442289 ], [ 84.796103072748963, 27.811869171542881 ], [ 84.795946310286098, 27.811825293286052 ], [ 84.791467343510021, 27.81091830241207 ], [ 84.791178259158244, 27.810897554847482 ], [ 84.790894382065488, 27.810950368082462 ], [ 84.790638902838197, 27.81107242771067 ], [ 84.788907291563504, 27.812210313643934 ], [ 84.787398965814788, 27.812965980135701 ], [ 84.785924848061143, 27.812375420323889 ], [ 84.785615901490999, 27.812300891261248 ], [ 84.782736210418861, 27.812027039081602 ], [ 84.780283337944596, 27.810834442157208 ], [ 84.778431080006328, 27.808932414551592 ], [ 84.778344306128915, 27.808853605257383 ], [ 84.776700306862068, 27.807532613377564 ], [ 84.776438722354271, 27.807380185397125 ], [ 84.776137357376285, 27.807305834892958 ], [ 84.77340437916618, 27.807022838404112 ], [ 84.772960680146426, 27.807064712647776 ], [ 84.770258699809787, 27.807880707378125 ], [ 84.770038835604367, 27.807974636142166 ], [ 84.76985053479163, 27.808112507466674 ], [ 84.767989535147706, 27.809848497601021 ], [ 84.767843471410828, 27.81002265658509 ], [ 84.76774846373219, 27.810222812372906 ], [ 84.767060446842493, 27.812360806550544 ], [ 84.767034134886401, 27.81275207095004 ], [ 84.767367214661789, 27.814596035242129 ], [ 84.766171204347557, 27.815907846532554 ], [ 84.763728720823906, 27.816597082984977 ], [ 84.761836088007058, 27.81607093862851 ], [ 84.760463506952291, 27.814270577068076 ], [ 84.758413340416382, 27.811284258759244 ], [ 84.757994502447502, 27.808900728314644 ], [ 84.757814769185686, 27.808512014029798 ], [ 84.755776758224556, 27.806001025452499 ], [ 84.755707581892693, 27.805924868064253 ], [ 84.754176578616082, 27.804414876186765 ], [ 84.753932419504594, 27.804238748805489 ], [ 84.751567944256223, 27.803018093139332 ], [ 84.750252181337515, 27.802205691861811 ], [ 84.749818164381537, 27.801823523888601 ], [ 84.750249023622658, 27.800978592177167 ], [ 84.750330267776221, 27.800727978163618 ], [ 84.750327498342486, 27.800467170477347 ], [ 84.75024094740634, 27.800217965366134 ], [ 84.750077848728012, 27.800001189639005 ], [ 84.749851833303694, 27.799834959691303 ], [ 84.749581789842779, 27.799733167549842 ], [ 84.744505826304746, 27.798552179082947 ], [ 84.744199091663816, 27.798523886448514 ], [ 84.74389696802524, 27.798578845491363 ], [ 84.743627367257062, 27.79871197869323 ], [ 84.741983814630601, 27.799845049351926 ], [ 84.739528609856833, 27.798645315291154 ], [ 84.739236676403848, 27.798550911001911 ], [ 84.738926305986354, 27.798539479518233 ], [ 84.738897212229432, 27.798546528223419 ], [ 84.738770489909044, 27.798093996057332 ], [ 84.738661313874474, 27.797855831008519 ], [ 84.738481005118885, 27.79765473727565 ], [ 84.736460005002556, 27.795964747314247 ], [ 84.736251468635331, 27.795830279542827 ], [ 84.733444481401747, 27.794466290100516 ], [ 84.732997906952804, 27.794356497363729 ], [ 84.729913932305095, 27.794248499823347 ], [ 84.72962689425087, 27.794274971930957 ], [ 84.729359849484055, 27.794372243261822 ], [ 84.72913440457522, 27.794532443540731 ], [ 84.726696404636286, 27.796841430622919 ], [ 84.726597980019065, 27.796950472635839 ], [ 84.725367663431598, 27.798553765377019 ], [ 84.724526464181778, 27.798991335586273 ], [ 84.720809151425968, 27.800006559313697 ], [ 84.720548812377089, 27.800115622664055 ], [ 84.720333383390638, 27.800285301204003 ], [ 84.719541629322279, 27.801115075892916 ], [ 84.718868855106635, 27.801390636431016 ], [ 84.718431245867663, 27.801302847183319 ], [ 84.717135320465118, 27.800448315493245 ], [ 84.71705416449592, 27.800400004199204 ], [ 84.714298175312408, 27.7989250152133 ], [ 84.714063340518791, 27.798833012305167 ], [ 84.713810059071506, 27.798796347924785 ], [ 84.710429086888624, 27.79869235050743 ], [ 84.710085995965585, 27.79873439102985 ], [ 84.709778796622786, 27.798876602925684 ], [ 84.706892806544559, 27.800833590742155 ], [ 84.706611128929623, 27.801129230508856 ], [ 84.705244912928976, 27.803426400010022 ], [ 84.704121845052043, 27.803951458109708 ], [ 84.703917118136076, 27.804077937881253 ], [ 84.702349059728817, 27.805326655985628 ], [ 84.699591173195032, 27.805617283832959 ], [ 84.696977918607573, 27.805681310815032 ], [ 84.696429275541803, 27.805454585966046 ], [ 84.696415998472887, 27.80531400493965 ], [ 84.696302457208716, 27.805063980158238 ], [ 84.696110893977831, 27.80485495801199 ], [ 84.695858420741132, 27.804705609500921 ], [ 84.695567589773091, 27.80462927518025 ], [ 84.695264379318388, 27.804632773599899 ], [ 84.693985389715962, 27.804819772631017 ], [ 84.6936885006848, 27.804906551873795 ], [ 84.693435397002617, 27.805069560265252 ], [ 84.693250092479374, 27.805293332171683 ], [ 84.693150168624726, 27.805556636974845 ], [ 84.693145106553956, 27.805834492782992 ], [ 84.69323410131193, 27.80640249312065 ], [ 84.693317758909856, 27.80665602767073 ], [ 84.693480435122424, 27.80687713771972 ], [ 84.69384433026076, 27.807241415458442 ], [ 84.692815454144366, 27.807842609851093 ], [ 84.691544767835211, 27.807721924675128 ], [ 84.691150228064799, 27.807753606655311 ], [ 84.688686022789682, 27.808399201545861 ], [ 84.686074766247089, 27.808585720252378 ], [ 84.685962280513934, 27.808599420337391 ], [ 84.683597299549717, 27.809008418149062 ], [ 84.683360899253216, 27.809076892153815 ], [ 84.683150324540932, 27.809194430171441 ], [ 84.678793583087526, 27.812348793663311 ], [ 84.677447602600623, 27.813050835898174 ], [ 84.677341137725207, 27.81311474753306 ], [ 84.675551659254396, 27.814342454772213 ], [ 84.672394925821834, 27.815289289186655 ], [ 84.670847426046222, 27.815492164779332 ], [ 84.669080198231882, 27.814654831120361 ], [ 84.66879531887956, 27.814565186787817 ], [ 84.668493381330023, 27.814554113799531 ], [ 84.668201166875349, 27.814622594216068 ], [ 84.667944594319451, 27.814764553974108 ], [ 84.667746421552394, 27.81496740141046 ], [ 84.667624226519578, 27.815213144147702 ], [ 84.667588848375544, 27.815479984929542 ], [ 84.667632056137052, 27.816675255764927 ], [ 84.666242263276075, 27.817299845136191 ], [ 84.666023457954395, 27.817432628117203 ], [ 84.665850766376877, 27.817611241051392 ], [ 84.665735959461799, 27.817823509661018 ], [ 84.665308950863619, 27.81897950613617 ], [ 84.665261147894796, 27.819328659244125 ], [ 84.66539513314035, 27.820912659348409 ], [ 84.665485172383143, 27.821222099289074 ], [ 84.665845021634453, 27.821917426545085 ], [ 84.665511527084064, 27.822626868266891 ], [ 84.665197682975574, 27.823089437889184 ], [ 84.665158355995487, 27.823073157014324 ], [ 84.664834258270616, 27.822993610824344 ], [ 84.664498715026497, 27.823012582398285 ], [ 84.664188562523151, 27.823127989045396 ], [ 84.663937849831214, 27.823327161234804 ], [ 84.663593849168848, 27.823709159162352 ], [ 84.663446506052324, 27.823932046688018 ], [ 84.663376314915368, 27.824182933869025 ], [ 84.663389040552019, 27.824441217737615 ], [ 84.663483638258128, 27.82468568757923 ], [ 84.663486811619535, 27.824691171961906 ], [ 84.660859926900386, 27.826599385548999 ], [ 84.660650146956201, 27.826807727514648 ], [ 84.659096138777869, 27.828941717500722 ], [ 84.658958387680428, 27.829232249721752 ], [ 84.658941503423279, 27.829547178990719 ], [ 84.659175488453371, 27.831163179808289 ], [ 84.659230571769712, 27.831361849449156 ], [ 84.659930558391409, 27.833038853449128 ], [ 84.660007093344404, 27.833182131267314 ], [ 84.661012203930554, 27.834702357115788 ], [ 84.661943550572317, 27.836726985281064 ], [ 84.662157441551713, 27.840346246742509 ], [ 84.660798577626693, 27.841688526083676 ], [ 84.660645661708429, 27.8418877727708 ], [ 84.660557599911073, 27.842115913041042 ], [ 84.660049580538043, 27.844384908143024 ], [ 84.660031406256977, 27.844514516262514 ], [ 84.659926568290828, 27.846320519655823 ], [ 84.65947560658131, 27.848191633504918 ], [ 84.65847218118364, 27.849516076541988 ], [ 84.656677790579337, 27.850626527196962 ], [ 84.653414004128734, 27.851143163418936 ], [ 84.649752237392917, 27.851196970483599 ], [ 84.649442754484198, 27.851244719777299 ], [ 84.647009772275126, 27.851978715166116 ], [ 84.646681413660659, 27.852143521437736 ], [ 84.645753416030743, 27.852839517117442 ], [ 84.645522928919334, 27.853087356763659 ], [ 84.645404876424294, 27.853391301113369 ], [ 84.645098860956253, 27.855152297907843 ], [ 84.64509510064876, 27.855403986685328 ], [ 84.645169725483598, 27.855646802142722 ], [ 84.645316926659547, 27.855861841432382 ], [ 84.64708167728638, 27.857775676106559 ], [ 84.647603330540107, 27.858690494253583 ], [ 84.647083333076154, 27.859017394806401 ], [ 84.646282585587272, 27.859105111658049 ], [ 84.642008209747686, 27.858435549419941 ], [ 84.641851881663982, 27.858422025434294 ], [ 84.640186895418154, 27.858393026564951 ], [ 84.640068735078557, 27.858397090412129 ], [ 84.63500077709412, 27.858835089397903 ], [ 84.634639351525124, 27.858928649647382 ], [ 84.634341143053234, 27.859132836501793 ], [ 84.632035141749952, 27.861432823801316 ], [ 84.631880580989218, 27.861637644870701 ], [ 84.631794205417506, 27.861872011134956 ], [ 84.6314931926713, 27.86334700821876 ], [ 84.631477842794453, 27.863546926474736 ], [ 84.631662304761122, 27.867343012059301 ], [ 84.631643570114136, 27.867997999545246 ], [ 84.628215371392173, 27.86933378393519 ], [ 84.62791938604218, 27.869509706594851 ], [ 84.625734388696884, 27.871376695667198 ], [ 84.62550884368676, 27.871663572637289 ], [ 84.624482964544427, 27.873734745979533 ], [ 84.623311380214318, 27.875406900699542 ], [ 84.622370202558557, 27.875989936287375 ], [ 84.620197078288641, 27.87668752820246 ], [ 84.619922269367166, 27.876821451632161 ], [ 84.619706526240336, 27.877023478623506 ], [ 84.618959239744072, 27.877985355330665 ], [ 84.618893615269073, 27.877965409380494 ], [ 84.618361709880659, 27.877389616058853 ], [ 84.618251986222759, 27.877288137814606 ], [ 84.616748566798336, 27.87609901719042 ], [ 84.616427718121543, 27.874849103074499 ], [ 84.616136772441635, 27.872963457817043 ], [ 84.616011014462501, 27.872636233079426 ], [ 84.615755971440834, 27.872375085520279 ], [ 84.614437973856667, 27.871460091657831 ], [ 84.614191497091824, 27.87133391634805 ], [ 84.611721511971865, 27.870451923990409 ], [ 84.611449632259621, 27.870391860003057 ], [ 84.607561663492902, 27.870026864909963 ], [ 84.607199578375315, 27.870050893842855 ], [ 84.60503959513251, 27.870549890940978 ], [ 84.604728025626088, 27.87067468681466 ], [ 84.603767029815728, 27.871249683167292 ], [ 84.603525134012443, 27.87145287763062 ], [ 84.60337019961824, 27.871714679203343 ], [ 84.602623368665391, 27.873720901272556 ], [ 84.601897980038586, 27.874317531960653 ], [ 84.600532005014017, 27.874895262394947 ], [ 84.598409695788945, 27.874843435433302 ], [ 84.597076619389654, 27.874595944720454 ], [ 84.596837178332208, 27.874577320760149 ], [ 84.59659952104434, 27.874609240738067 ], [ 84.594776535104117, 27.875055238046254 ], [ 84.594442972938097, 27.87519927627023 ], [ 84.59311397795021, 27.876071270802335 ], [ 84.592937055345701, 27.876219524864059 ], [ 84.591682918788806, 27.877557016254837 ], [ 84.590417940107741, 27.878279342261013 ], [ 84.589882547823308, 27.878186781046828 ], [ 84.587907004413495, 27.877186971642626 ], [ 84.585486008326612, 27.875256570388938 ], [ 84.585379558890509, 27.875182444684629 ], [ 84.581591923740234, 27.872889469954643 ], [ 84.578644115028368, 27.870750822428523 ], [ 84.578173686250324, 27.869946829540169 ], [ 84.578398839324734, 27.868449262112204 ], [ 84.578994555408158, 27.866303049231703 ], [ 84.579010565541878, 27.865940206409427 ], [ 84.578650547706005, 27.864000207922583 ], [ 84.578540886442525, 27.863716255629456 ], [ 84.57833245252786, 27.863480007090114 ], [ 84.575804453115069, 27.861434019635489 ], [ 84.575648615317093, 27.861330330816887 ], [ 84.572214628440975, 27.859473344697061 ], [ 84.57214524214551, 27.85943905164039 ], [ 84.567842263531389, 27.857504067274263 ], [ 84.567493082178316, 27.857412115353537 ], [ 84.560592172051699, 27.856748963124929 ], [ 84.5598956150003, 27.856137701922851 ], [ 84.558681899486416, 27.853828214595875 ], [ 84.558892170419512, 27.850786544314598 ], [ 84.559797618926268, 27.84799681015518 ], [ 84.559898063883779, 27.847837146674689 ], [ 84.559999272433302, 27.847606845063222 ], [ 84.560026335553559, 27.847360770187834 ], [ 84.559978304964091, 27.846294729725841 ], [ 84.559900258667426, 27.845982183240306 ], [ 84.559664657296452, 27.845482422229136 ], [ 84.559570201012747, 27.844681530596496 ], [ 84.559546474870842, 27.844560540269452 ], [ 84.559255228810514, 27.843505837055137 ], [ 84.559259888149612, 27.843297802324486 ], [ 84.559383278303898, 27.842790967936882 ], [ 84.559386720409933, 27.84242409755436 ], [ 84.559122233056485, 27.841242690088784 ], [ 84.559065458376793, 27.841075602478938 ], [ 84.558814586123916, 27.840533430521411 ], [ 84.558463983562476, 27.839325151755006 ], [ 84.558520066073825, 27.838974588872297 ], [ 84.558527482920013, 27.838781921832393 ], [ 84.558481768538982, 27.838225076734531 ], [ 84.558460036908187, 27.838094014235963 ], [ 84.558313115364029, 27.837509515580258 ], [ 84.55818443031005, 27.837229753024985 ], [ 84.557832679035272, 27.836727070418526 ], [ 84.557467095269416, 27.836134335109186 ], [ 84.557401068622752, 27.836041245227282 ], [ 84.557155215854706, 27.835737421628682 ], [ 84.556785811642428, 27.835250615427459 ], [ 84.556569457676943, 27.835044334738413 ], [ 84.556111113753261, 27.834725870192834 ], [ 84.556009456558371, 27.834663700694804 ], [ 84.555434502378901, 27.834356099118214 ], [ 84.555257751352258, 27.834281141547507 ], [ 84.554702146114408, 27.834101695458145 ], [ 84.554293089124627, 27.833895662747352 ], [ 84.553822722113736, 27.83359275237725 ], [ 84.553769668929235, 27.833560807264593 ], [ 84.553208199018542, 27.833245244620702 ], [ 84.552838362572047, 27.83297129250192 ], [ 84.552491553961474, 27.832583714915721 ], [ 84.552343395414596, 27.832449598258663 ], [ 84.551584957337923, 27.831893036412026 ], [ 84.551579804778186, 27.831889280524067 ], [ 84.550792584946279, 27.831319272769079 ], [ 84.550619128618322, 27.831218004169333 ], [ 84.549744538126262, 27.830814543130856 ], [ 84.549591245083548, 27.830757457554416 ], [ 84.548781949339229, 27.830523253719768 ], [ 84.548737227269442, 27.830511315768771 ], [ 84.547825865831754, 27.830288224089365 ], [ 84.547648988379493, 27.830259610671355 ], [ 84.546632654030574, 27.830176886515794 ], [ 84.5465107257955, 27.830173507432971 ], [ 84.545026210108148, 27.830211755052723 ], [ 84.544841543474618, 27.830231676009227 ], [ 84.543731277384083, 27.830444671949561 ], [ 84.543447693806314, 27.830540296300441 ], [ 84.543446639135354, 27.830541027858072 ], [ 84.543417791814434, 27.830545811862532 ], [ 84.542966697408929, 27.8307101278758 ], [ 84.542887263145715, 27.830742684238221 ], [ 84.542133842595817, 27.831087219177853 ], [ 84.542030776088282, 27.831141413667957 ], [ 84.541622606061466, 27.831386035338671 ], [ 84.541576533985335, 27.831415342212974 ], [ 84.541021465399751, 27.831789683859419 ], [ 84.540585617041643, 27.831959174488098 ], [ 84.539988042163884, 27.832138469435815 ], [ 84.539372869915269, 27.832190479309645 ], [ 84.539020456078532, 27.832192436657444 ], [ 84.538662547067403, 27.832085378920997 ], [ 84.538436311550001, 27.832042439557814 ], [ 84.536873448952306, 27.831908484655806 ], [ 84.536838650918256, 27.831906038063128 ], [ 84.535777771023376, 27.831847748089075 ], [ 84.534887637810783, 27.831780706469576 ], [ 84.534075933183786, 27.83168868880243 ], [ 84.533895631745807, 27.831682624149821 ], [ 84.533063120060078, 27.83172054924384 ], [ 84.532603887204871, 27.83173865198405 ], [ 84.532305094029837, 27.831791100320871 ], [ 84.532140584995247, 27.831870278146631 ] ], [ [ 85.335782132393419, 28.157142993699029 ], [ 85.335775246514928, 28.157141816471768 ], [ 85.335775849996722, 28.157139852572286 ], [ 85.335782132393419, 28.157142993699029 ] ], [ [ 84.823800865986428, 27.812280757376616 ], [ 84.824040664846422, 27.813631664509284 ], [ 84.824144815748994, 27.813910847557178 ], [ 84.824344429313129, 27.814145408202567 ], [ 84.824618290350159, 27.814310416327977 ], [ 84.824937291819055, 27.814388333869978 ], [ 84.831102341308039, 27.814962341355411 ], [ 84.831245220665281, 27.814956654677378 ], [ 84.831004642863121, 27.815272484943293 ], [ 84.829359203250817, 27.816531158071179 ], [ 84.826586667661161, 27.817085503080172 ], [ 84.824984198300029, 27.816378266468824 ], [ 84.823614643623614, 27.812942963507187 ], [ 84.823800865986428, 27.812280757376616 ] ] ], [ [ [ 85.33536777709233, 28.177784315152952 ], [ 85.335308757727461, 28.177756758015317 ], [ 85.334994768037717, 28.177708768171197 ], [ 85.334964218880273, 28.177708396603851 ], [ 85.334648861033472, 28.177748731724719 ], [ 85.334363003667221, 28.177873443596479 ], [ 85.334134628124204, 28.1780703248082 ], [ 85.333986089233591, 28.178320103670963 ], [ 85.333931927397089, 28.178598330272422 ], [ 85.333930248965572, 28.178706609041296 ], [ 85.333975766712655, 28.178986048795423 ], [ 85.334116509182692, 28.179239348170061 ], [ 85.33433870002645, 28.179441712112432 ], [ 85.334620589813369, 28.17957333159486 ], [ 85.334934584693428, 28.179621322509895 ], [ 85.335056783499084, 28.179622808857072 ], [ 85.335372146782674, 28.179582473034298 ], [ 85.335658007746488, 28.179457759227908 ], [ 85.335886383722752, 28.179260875518665 ], [ 85.336034919726544, 28.179011094493323 ], [ 85.33608907642828, 28.178732866852634 ], [ 85.336089914558997, 28.178678727409096 ], [ 85.336044391362009, 28.178399288117731 ], [ 85.335903645232435, 28.17814599054962 ], [ 85.335873512635914, 28.178118547263423 ], [ 85.335873511148961, 28.178118544628113 ], [ 85.335787101657445, 28.178039848284772 ], [ 85.335681453850654, 28.177943629100245 ], [ 85.335681450311725, 28.177943627432729 ], [ 85.335651315612054, 28.177916182540475 ], [ 85.335369423975749, 28.177784566849386 ], [ 85.33536777709233, 28.177784315152952 ] ] ] ] } }
]
}
