{
"type": "FeatureCollection",
"name": "500m_buffer_flood_extent_extended_31th_August",
"crs": { "type": "name", "properties": { "name": "urn:ogc:def:crs:OGC:1.3:CRS84" } },
"features": [
{ "type": "Feature", "properties": { "source": "unosat+flood_extend" }, "geometry": { "type": "MultiPolygon", "coordinates": [ [ [ [ 84.424863747677975, 27.796119524345329 ], [ 84.424867233189929, 27.796631827976555 ], [ 84.42496593294203, 27.797490403516207 ], [ 84.425162285761161, 27.798362073680167 ], [ 84.425249999650788, 27.799301685227292 ], [ 84.42526816509519, 27.799461641292915 ], [ 84.425379211979006, 27.800291258339008 ], [ 84.425149588430884, 27.801686408035298 ], [ 84.425096343642892, 27.802297410765323 ], [ 84.425073826024345, 27.804439787184656 ], [ 84.425150233795236, 27.80526296668873 ], [ 84.425531173396848, 27.807189469844822 ], [ 84.425757877075853, 27.808738579570644 ], [ 84.425893820351476, 27.809342059087754 ], [ 84.426282542023301, 27.81061080935979 ], [ 84.426508200205589, 27.811968945426411 ], [ 84.426605563162212, 27.812405003339705 ], [ 84.426915845848555, 27.813507102508289 ], [ 84.426917895421369, 27.813514356719686 ], [ 84.427280094587232, 27.814791836730659 ], [ 84.427820814888179, 27.81596738147962 ], [ 84.428708714572693, 27.816962281214185 ], [ 84.429615494355446, 27.817726661064476 ], [ 84.430204026953362, 27.818153148407234 ], [ 84.431446973529816, 27.818923776883334 ], [ 84.431777903414101, 27.819112439664853 ], [ 84.433162107229592, 27.819835850020667 ], [ 84.435114092471451, 27.820424148420702 ], [ 84.435672556550784, 27.820485150622975 ], [ 84.436067214594132, 27.820843223860273 ], [ 84.436606064269029, 27.821457586287742 ], [ 84.437064250838532, 27.822188073308119 ], [ 84.43734223695779, 27.822582031696367 ], [ 84.438539725660419, 27.824099246163279 ], [ 84.439284388512007, 27.82484948534589 ], [ 84.440418714507828, 27.82576405054246 ], [ 84.441091825324804, 27.826387969430293 ], [ 84.442137750495306, 27.827130633026325 ], [ 84.44336576776864, 27.827604236661806 ], [ 84.444535964893106, 27.827899996429693 ], [ 84.445035842540889, 27.828002365024457 ], [ 84.44592940056657, 27.82814349164456 ], [ 84.448072564645841, 27.828072651547785 ], [ 84.449594108950237, 27.82772704011478 ], [ 84.450464838408521, 27.827452032827406 ], [ 84.451321351140351, 27.827100450982257 ], [ 84.452581538019288, 27.826722500427614 ], [ 84.454372951054907, 27.82633154391624 ], [ 84.45497151901013, 27.826165432540389 ], [ 84.45601677396813, 27.825810961402318 ], [ 84.457523514291836, 27.825011169796266 ], [ 84.458266882661846, 27.824440708641774 ], [ 84.459972898016929, 27.824327131810243 ], [ 84.459971919281571, 27.82436915498025 ], [ 84.460187910617165, 27.82576775982027 ], [ 84.46087967051443, 27.827038488766807 ], [ 84.46197943981619, 27.828056842840102 ], [ 84.463379475983686, 27.828723045437645 ], [ 84.464409096756114, 27.829040971293026 ], [ 84.466381864951543, 27.82928230357642 ], [ 84.467756944966297, 27.829207882603722 ], [ 84.468004368107074, 27.82918907755101 ], [ 84.469676061458486, 27.829025286351438 ], [ 84.471599821115205, 27.828865476504486 ], [ 84.471858508328523, 27.82883801220024 ], [ 84.473207876570484, 27.828663398437786 ], [ 84.473309131072, 27.828649365316078 ], [ 84.47505850493809, 27.82839078822267 ], [ 84.476048963796785, 27.828262595905422 ], [ 84.477055480026337, 27.828242945535617 ], [ 84.47896263137531, 27.827871652225987 ], [ 84.480998738131703, 27.827086588021036 ], [ 84.481396732022901, 27.82691441873304 ], [ 84.482376363753886, 27.826442578167818 ], [ 84.482797864308921, 27.826331403523536 ], [ 84.483930527005555, 27.826203879829933 ], [ 84.485115012802254, 27.826142980935568 ], [ 84.486751795628294, 27.826101282197055 ], [ 84.487286802745203, 27.826062390993815 ], [ 84.488186159365199, 27.825954182154032 ], [ 84.488297736568356, 27.825939632595201 ], [ 84.490181637729791, 27.825674911311882 ], [ 84.491841125045966, 27.825168646430129 ], [ 84.492734267256367, 27.824730359518718 ], [ 84.492755109950906, 27.824740707161745 ], [ 84.493871124584984, 27.825148640099385 ], [ 84.495069484017378, 27.825444487112801 ], [ 84.496202628371435, 27.82560451672645 ], [ 84.497378701015421, 27.825650770120028 ], [ 84.499180847947613, 27.825431450570342 ], [ 84.500417928590849, 27.825071500626681 ], [ 84.501824949460598, 27.824910770064744 ], [ 84.502491240482769, 27.824793907093579 ], [ 84.504435692937989, 27.824330747767583 ], [ 84.504656147150072, 27.824273449281922 ], [ 84.506137542271347, 27.823855822494593 ], [ 84.507308461064326, 27.823532171004704 ], [ 84.508680407017025, 27.822939440864037 ], [ 84.510300567847068, 27.821947081069101 ], [ 84.51157012610021, 27.820782421486218 ], [ 84.511714348862498, 27.820728519318674 ], [ 84.51265896401388, 27.820493453154427 ], [ 84.512954998404425, 27.820447364706329 ], [ 84.513803969261858, 27.820583873363052 ], [ 84.513936923518145, 27.820623256517685 ], [ 84.513965740731408, 27.820679527502346 ], [ 84.514397638619826, 27.821755153803963 ], [ 84.514515466376196, 27.822021574544095 ], [ 84.515048886989021, 27.823123630066718 ], [ 84.515079909105211, 27.823222820434832 ], [ 84.515070343438623, 27.824393069970178 ], [ 84.515003207414935, 27.825408763021137 ], [ 84.514795263044903, 27.826812831499346 ], [ 84.514766804064863, 27.827055562785301 ], [ 84.514652669534954, 27.828374115582577 ], [ 84.514638754406676, 27.828628816244379 ], [ 84.514615478358778, 27.829649999664561 ], [ 84.514730980934274, 27.830702569767084 ], [ 84.515166968120539, 27.832479539777783 ], [ 84.515605888668787, 27.833570317607609 ], [ 84.51634288153717, 27.834525727885733 ], [ 84.517466665232689, 27.835642310621179 ], [ 84.51788434197087, 27.836011698931163 ], [ 84.518985806698737, 27.836878697314987 ], [ 84.520969658941539, 27.837842250830018 ], [ 84.522892782648555, 27.838325309155707 ], [ 84.523880751809301, 27.838481790337319 ], [ 84.525839837453063, 27.838616612882682 ], [ 84.526129084827375, 27.838629148235817 ], [ 84.528286573523886, 27.838667825304125 ], [ 84.528517032927383, 27.83866730143145 ], [ 84.530984996767046, 27.838611829651253 ], [ 84.531801824525246, 27.838534331372106 ], [ 84.532871072422864, 27.838354121273412 ], [ 84.533433255140963, 27.838229436084813 ], [ 84.533726806952629, 27.838148246957246 ], [ 84.534652844276494, 27.83822167391142 ], [ 84.535461816420366, 27.838358134914756 ], [ 84.535570724716294, 27.838375414465176 ], [ 84.53668553534942, 27.838541160343325 ], [ 84.537131377479298, 27.83858952737393 ], [ 84.538173748183283, 27.838661165000257 ], [ 84.538612186263947, 27.838674386756448 ], [ 84.539626538162622, 27.838665968170517 ], [ 84.540218909590308, 27.838630167490429 ], [ 84.541130997579842, 27.83852711104279 ], [ 84.541700012611543, 27.838433240780891 ], [ 84.542668306260964, 27.838222090778313 ], [ 84.543034286478445, 27.838163777632719 ], [ 84.545066537657334, 27.837408097444492 ], [ 84.545528384168662, 27.837118081271022 ], [ 84.54593900078963, 27.836954041089292 ], [ 84.546196805412464, 27.836822560096309 ], [ 84.546422358535494, 27.836829320554344 ], [ 84.547037402585815, 27.837119783200585 ], [ 84.548101675979112, 27.837711363642217 ], [ 84.549085517915543, 27.838320005133568 ], [ 84.549790813305421, 27.838771136405516 ], [ 84.550473274349386, 27.839251147894956 ], [ 84.551057801555913, 27.839606280591028 ], [ 84.551293420753524, 27.839728920801559 ], [ 84.551314419272018, 27.83976207558505 ], [ 84.551494941269198, 27.840021886601487 ], [ 84.551516279990778, 27.840452234631201 ], [ 84.55163241729683, 27.841232994529996 ], [ 84.552256484763262, 27.843726828397941 ], [ 84.552257726682996, 27.843731777894654 ], [ 84.552530802495738, 27.844817225033747 ], [ 84.552637651540451, 27.845411605401551 ], [ 84.552809108532756, 27.846563024225297 ], [ 84.552774319172528, 27.846814107656279 ], [ 84.552709281203605, 27.847205263476589 ], [ 84.552245742740936, 27.848137163105399 ], [ 84.55206522212525, 27.848554994606211 ], [ 84.551590173917205, 27.849841975042096 ], [ 84.551337539486497, 27.8512930085077 ], [ 84.551364427465472, 27.853693002368946 ], [ 84.551482251675566, 27.854615408830146 ], [ 84.551724048087252, 27.855594177549605 ], [ 84.551929316249428, 27.857175236308056 ], [ 84.551612417237365, 27.857687931680488 ], [ 84.55132081441873, 27.859112287852735 ], [ 84.551551963714644, 27.86054538016041 ], [ 84.552282071270326, 27.861839566439826 ], [ 84.553435932326394, 27.86286150999647 ], [ 84.554070940428332, 27.863266524111669 ], [ 84.555426365270151, 27.863881430841509 ], [ 84.556925988122202, 27.864111568992382 ], [ 84.55813403796202, 27.864133573078071 ], [ 84.559980516305004, 27.8638603355611 ], [ 84.561477003006985, 27.863070414980395 ], [ 84.565532278808192, 27.863438579308262 ], [ 84.569171117538673, 27.8648675736675 ], [ 84.569706402186739, 27.865144361173712 ], [ 84.5703646070681, 27.865776234571484 ], [ 84.570921445790063, 27.866236292743324 ], [ 84.571534124196901, 27.866671212709885 ], [ 84.571443978821932, 27.866861362598769 ], [ 84.571245933955439, 27.867891352553741 ], [ 84.571185801866193, 27.868336191154857 ], [ 84.571073736645459, 27.869759182997534 ], [ 84.571253533743288, 27.871303522431461 ], [ 84.571781462362466, 27.872959536595136 ], [ 84.572354773111712, 27.874112079766022 ], [ 84.573264513536515, 27.875078706335966 ], [ 84.575636517695074, 27.876980764951128 ], [ 84.575911602488446, 27.877186124329107 ], [ 84.577812619747021, 27.878506168395493 ], [ 84.578329644574765, 27.878821492934399 ], [ 84.580003677758725, 27.87971252654873 ], [ 84.580420683189374, 27.879911616410187 ], [ 84.581194963895186, 27.880240899710831 ], [ 84.582860765084462, 27.88177353607114 ], [ 84.583430670658274, 27.882224499437648 ], [ 84.584619682722163, 27.883031526662378 ], [ 84.585035032684843, 27.883285442340995 ], [ 84.58678206549655, 27.884243478084912 ], [ 84.588019543885125, 27.884733318953963 ], [ 84.589358768203411, 27.884914891956075 ], [ 84.590895831766417, 27.884938896987364 ], [ 84.592365494918099, 27.884769596997774 ], [ 84.593717494036483, 27.884230357293049 ], [ 84.59615255214544, 27.882848312801201 ], [ 84.596814403781693, 27.88240082617062 ], [ 84.597751641731094, 27.881651841595716 ], [ 84.599124053033378, 27.881919682204597 ], [ 84.600702645612202, 27.881782406526405 ], [ 84.602329708819724, 27.881406395457851 ], [ 84.603406767865906, 27.881036933259551 ], [ 84.606722865329616, 27.879493882892454 ], [ 84.608205489837459, 27.878450551123844 ], [ 84.608766697521972, 27.877874574768601 ], [ 84.609217059687296, 27.87932772073183 ], [ 84.609677126778578, 27.880326174831186 ], [ 84.610549083279537, 27.881716200094413 ], [ 84.611410486985491, 27.882724510704957 ], [ 84.612553304231824, 27.88348041545855 ], [ 84.613887517862409, 27.883924369561939 ], [ 84.613930840727193, 27.883932877556191 ], [ 84.614285309790347, 27.88415672416312 ], [ 84.614811419034424, 27.884447723795873 ], [ 84.616782464538645, 27.885394761076633 ], [ 84.617904850184658, 27.885789092612391 ], [ 84.619100284737499, 27.885936846452797 ], [ 84.620518343418794, 27.885960851126214 ], [ 84.62158267650635, 27.885878960555136 ], [ 84.624300786046689, 27.885409948340026 ], [ 84.625824638344881, 27.884911958888647 ], [ 84.628367708344044, 27.883638917363349 ], [ 84.629183203572168, 27.883131049379294 ], [ 84.631019225648586, 27.881730006892649 ], [ 84.631986586762991, 27.880740889793312 ], [ 84.632593152882123, 27.879546438614828 ], [ 84.632870118817408, 27.878684426788958 ], [ 84.633042668084201, 27.877870231702296 ], [ 84.633346538183957, 27.875011212573597 ], [ 84.633315817495827, 27.874686388607842 ], [ 84.635348891629761, 27.874216425612126 ], [ 84.636332742874004, 27.873889172626374 ], [ 84.637112766573424, 27.873544161308715 ], [ 84.638397329264421, 27.872733197589909 ], [ 84.639340117434998, 27.871611235439211 ], [ 84.639850282239465, 27.870286401579207 ], [ 84.640038240957352, 27.869335392259373 ], [ 84.640104396322457, 27.868266939438215 ], [ 84.639885487865371, 27.867214702828814 ], [ 84.639226226420817, 27.865332107135053 ], [ 84.639223828643821, 27.865209749878861 ], [ 84.639240909577921, 27.865051508964797 ], [ 84.639246588494458, 27.865052525760227 ], [ 84.640194840877214, 27.865542517226363 ], [ 84.641751733113452, 27.866066341764846 ], [ 84.643424796565228, 27.866363357699907 ], [ 84.645089609571158, 27.866411197080552 ], [ 84.647942726898449, 27.866073190489736 ], [ 84.648592180437689, 27.865957492293376 ], [ 84.650693261578056, 27.865454477233804 ], [ 84.652082177340233, 27.864913428346348 ], [ 84.653229227122338, 27.864031863306476 ], [ 84.654190221896172, 27.863033836231892 ], [ 84.654991908056104, 27.86189267398186 ], [ 84.655553870908051, 27.860738652741432 ], [ 84.655943583547398, 27.859418376274654 ], [ 84.655871103227469, 27.858054945207396 ], [ 84.655619488323396, 27.85744416618337 ], [ 84.655657124244115, 27.857444521308896 ], [ 84.657695123393324, 27.857085781776181 ], [ 84.660267209513833, 27.856114750209006 ], [ 84.661572395290648, 27.855398061551448 ], [ 84.66342441817666, 27.853997018890009 ], [ 84.664488307872247, 27.852880577459626 ], [ 84.665444276092117, 27.851462545440711 ], [ 84.665903769706546, 27.850575139372907 ], [ 84.666369723577233, 27.849337120341072 ], [ 84.666583878098749, 27.848525018945697 ], [ 84.666744651046969, 27.847493374521914 ], [ 84.666810979850837, 27.847339948751355 ], [ 84.667320585921999, 27.846677728408508 ], [ 84.667825740866846, 27.845845818649071 ], [ 84.669301634191584, 27.842653762121024 ], [ 84.669665646917593, 27.841307074195804 ], [ 84.669552841500362, 27.839925693603526 ], [ 84.668935528544168, 27.837545547679856 ], [ 84.668885348591431, 27.836423851169403 ], [ 84.66882960275791, 27.835912885815983 ], [ 84.668619547477476, 27.834706890053091 ], [ 84.668289883925951, 27.833664106070326 ], [ 84.667835847054008, 27.832694119208867 ], [ 84.667561551383315, 27.832196668857375 ], [ 84.666951372261764, 27.83124311539396 ], [ 84.666951396349759, 27.83124309964963 ], [ 84.667289770639726, 27.831001223498319 ], [ 84.669600795923046, 27.829199169241278 ], [ 84.670404874618839, 27.828403456025665 ], [ 84.671845846309779, 27.826582411088275 ], [ 84.672342466561773, 27.825798987180409 ], [ 84.672903430250742, 27.824661966194789 ], [ 84.673329758786167, 27.822938275488124 ], [ 84.673352869342438, 27.82188742065944 ], [ 84.673901692390302, 27.82183600406464 ], [ 84.675796590445401, 27.821311456699053 ], [ 84.676494239824706, 27.820973647888174 ], [ 84.678794220668536, 27.820339312168684 ], [ 84.680796269262174, 27.819292141616337 ], [ 84.681473101957579, 27.818717042387668 ], [ 84.682869754659791, 27.818108119130756 ], [ 84.684187475343009, 27.817279336330191 ], [ 84.686412697653751, 27.81533987661189 ], [ 84.689045553748528, 27.815101713529412 ], [ 84.689402002038463, 27.815058062820601 ], [ 84.691959798846412, 27.814662176418864 ], [ 84.694653112038523, 27.81440387986493 ], [ 84.696283242820044, 27.813994644673031 ], [ 84.697920159612281, 27.813304254085903 ], [ 84.70164046152459, 27.812767996594822 ], [ 84.704640668064016, 27.812584258591773 ], [ 84.705096722922548, 27.812537814806412 ], [ 84.707112804896752, 27.812249807972385 ], [ 84.707883378956055, 27.812083930304549 ], [ 84.709742447500773, 27.811543913295608 ], [ 84.711358170513762, 27.810762732865744 ], [ 84.712554483062434, 27.809520697976843 ], [ 84.713248458098803, 27.808457674465743 ], [ 84.713684614145492, 27.807214720139591 ], [ 84.714900181079585, 27.808032071870393 ], [ 84.716088202423336, 27.808626679019664 ], [ 84.717411409634664, 27.808918507248915 ], [ 84.718774239005711, 27.808886479698931 ], [ 84.719514269014923, 27.808779477081021 ], [ 84.720580818122002, 27.808516492294434 ], [ 84.721859862095357, 27.80806247757851 ], [ 84.723123305422519, 27.807413016057986 ], [ 84.724126528666375, 27.806470604987531 ], [ 84.724582050335613, 27.805895509623081 ], [ 84.724744934328882, 27.805815012652136 ], [ 84.729094620753855, 27.804773932010399 ], [ 84.730819788045991, 27.804026773500933 ], [ 84.731550786339724, 27.803310583695122 ], [ 84.732125366185713, 27.804898910117505 ], [ 84.733101320799506, 27.806407938380911 ], [ 84.734168897637034, 27.807562078168942 ], [ 84.735601961867246, 27.808342749888403 ], [ 84.737867029960867, 27.809154784937931 ], [ 84.739663212322029, 27.809481123012077 ], [ 84.742951077298144, 27.809539180105062 ], [ 84.743394469358662, 27.809848984060554 ], [ 84.744607916456246, 27.81047710199914 ], [ 84.745968527436688, 27.810785415677607 ], [ 84.747372074908796, 27.810750306510084 ], [ 84.749087144465477, 27.810493300125547 ], [ 84.749708175568429, 27.810361397761785 ], [ 84.750744130706948, 27.810993271211455 ], [ 84.750800123396118, 27.811043141749671 ], [ 84.750757068004788, 27.813540959341125 ], [ 84.750765081803891, 27.813872784730776 ], [ 84.750847023525537, 27.815121784323601 ], [ 84.751097396031739, 27.816281921984519 ], [ 84.751677944295693, 27.817344486977451 ], [ 84.75254886422546, 27.818236609685549 ], [ 84.754718870869581, 27.819944662648254 ], [ 84.754915340337931, 27.820091590834664 ], [ 84.757665363163184, 27.822044654926088 ], [ 84.759543695591987, 27.822883218811338 ], [ 84.763498837584834, 27.823806263868903 ], [ 84.765161586527938, 27.823941755981402 ], [ 84.766783769694214, 27.823590068012368 ], [ 84.768948841513364, 27.822766041056351 ], [ 84.770295747726095, 27.822011927074218 ], [ 84.772096767182504, 27.820608884843804 ], [ 84.773074380330669, 27.819579903337054 ], [ 84.774512335767994, 27.817501855908528 ], [ 84.77511967560072, 27.81615113967921 ], [ 84.775614916779645, 27.816593070609034 ], [ 84.775731114889567, 27.816672549721073 ], [ 84.775873161353843, 27.817463730033548 ], [ 84.776523935584407, 27.818653510002008 ], [ 84.777534960210431, 27.819624259438861 ], [ 84.77881927648005, 27.82029247500363 ], [ 84.779938310195263, 27.820692492244046 ], [ 84.781403234201335, 27.821002047013454 ], [ 84.782905835756949, 27.820915728444444 ], [ 84.784313771949996, 27.820441138297429 ], [ 84.785503040007768, 27.819620075142726 ], [ 84.785752697959538, 27.819387283029279 ], [ 84.787420669685076, 27.819520921073504 ], [ 84.788375574612786, 27.819517203910866 ], [ 84.79020565022175, 27.819356201662014 ], [ 84.791666275732467, 27.819027844279709 ], [ 84.792954050022288, 27.818332620684036 ], [ 84.793150365964877, 27.818136421938743 ], [ 84.793400990792392, 27.81825218426556 ], [ 84.794419713162313, 27.818604731966342 ], [ 84.796656792917901, 27.819140757886483 ], [ 84.797136435670424, 27.819233810445247 ], [ 84.799319767049468, 27.819559896712661 ], [ 84.799492360913348, 27.819618763683465 ], [ 84.801348745874549, 27.820840210648946 ], [ 84.802647217003056, 27.821458126978907 ], [ 84.804642280976623, 27.822097155344633 ], [ 84.806129554487455, 27.822359429384854 ], [ 84.809073675247276, 27.822479441229778 ], [ 84.81083202572141, 27.822275313893535 ], [ 84.81240397712142, 27.821545706714005 ], [ 84.813220990591589, 27.820985689270383 ], [ 84.814348487894492, 27.819910371463166 ], [ 84.814770734555111, 27.81907642133368 ], [ 84.815324549986315, 27.818815392670828 ], [ 84.817353302251888, 27.818043037795078 ], [ 84.818373393036055, 27.819939981447742 ], [ 84.81907462552077, 27.820904855421276 ], [ 84.820027244460462, 27.821680971849986 ], [ 84.821884270457304, 27.822845012464711 ], [ 84.823657803391256, 27.823551776520784 ], [ 84.82646590700476, 27.824132805620899 ], [ 84.82797250549919, 27.824239066943377 ], [ 84.829447475628072, 27.823946102969504 ], [ 84.83127253905225, 27.823318082504048 ], [ 84.832208742085768, 27.822892002374342 ], [ 84.834548795517222, 27.821537958784159 ], [ 84.835383794036304, 27.820933594765155 ], [ 84.839047805897351, 27.817648500379782 ], [ 84.839800513071935, 27.816785999588365 ], [ 84.840298143107049, 27.815787990004242 ], [ 84.84064010460088, 27.814790975899399 ], [ 84.840850640482344, 27.813190462126958 ], [ 84.840746525639474, 27.811726155600137 ], [ 84.840935045676858, 27.811186840329871 ], [ 84.841596373846571, 27.810577989676371 ], [ 84.842731358711944, 27.808945212300607 ], [ 84.843022416614403, 27.808211771204626 ], [ 84.844001216637551, 27.810003858326873 ], [ 84.84457987732776, 27.810825049455566 ], [ 84.845529858551899, 27.811897075590934 ], [ 84.846682396179062, 27.81284773762242 ], [ 84.848106915203047, 27.813439057676149 ], [ 84.84966663946129, 27.813614257365629 ], [ 84.851922732922986, 27.813554260159162 ], [ 84.852976559769701, 27.813427078598657 ], [ 84.856777758114802, 27.812600257955776 ], [ 84.859985768047608, 27.812244631106818 ], [ 84.861785039545254, 27.811729652006413 ], [ 84.863416085294716, 27.810939626125442 ], [ 84.864513811025788, 27.810222816160145 ], [ 84.866256820786759, 27.808725772484713 ], [ 84.866315895897046, 27.808664419618651 ], [ 84.866399858456774, 27.808847281968919 ], [ 84.86741435972003, 27.810245160493729 ], [ 84.868929725032785, 27.811221019350693 ], [ 84.872100810087758, 27.812553073575426 ], [ 84.873093222171818, 27.812862732865923 ], [ 84.873764246834114, 27.813004739910699 ], [ 84.875113750010826, 27.813124655126924 ], [ 84.875295287771692, 27.813119092427403 ], [ 84.875969288012513, 27.813265561077909 ], [ 84.876915550836074, 27.813573863649616 ], [ 84.877752604175768, 27.813973535969861 ], [ 84.879420089629676, 27.81446302735694 ], [ 84.88150817171406, 27.814734042901001 ], [ 84.88354821604419, 27.814629050652087 ], [ 84.884303245083714, 27.814450045208197 ], [ 84.884442379406821, 27.814396424091285 ], [ 84.884569356090225, 27.814441675151926 ], [ 84.884842365954853, 27.814504678218064 ], [ 84.886661478187932, 27.814623305975147 ], [ 84.887953531468682, 27.814499303791528 ], [ 84.888616253110698, 27.814395796273178 ], [ 84.894501482559434, 27.813113757729898 ], [ 84.895610342029656, 27.812606716435415 ], [ 84.896677157376416, 27.812588554299968 ], [ 84.898061573128984, 27.81239275924921 ], [ 84.899332885320931, 27.811867596220345 ], [ 84.899566684573813, 27.811733318302949 ], [ 84.900019288108041, 27.811800424528563 ], [ 84.90147329194545, 27.811882047426572 ], [ 84.902286521129781, 27.812253929781384 ], [ 84.904521970893583, 27.81275276580055 ], [ 84.906066034529644, 27.812775770269859 ], [ 84.90738094553106, 27.812641844801654 ], [ 84.908612160710817, 27.812210101565359 ], [ 84.910311207473185, 27.811372074067915 ], [ 84.911375583061329, 27.810671314140706 ], [ 84.911901313155369, 27.810083280308721 ], [ 84.911964764169838, 27.810088093207128 ], [ 84.913805614299946, 27.80992680828447 ], [ 84.914851653829899, 27.809657799768228 ], [ 84.916447810658568, 27.808958485423339 ], [ 84.917282825964634, 27.808412468123581 ], [ 84.918480219747536, 27.807304695392123 ], [ 84.91868321505136, 27.807037688989713 ], [ 84.919378714731636, 27.805685163615678 ], [ 84.919566442487678, 27.805065838005458 ], [ 84.919717972872732, 27.804990645115648 ], [ 84.920388129936242, 27.804791214494852 ], [ 84.921812915551655, 27.804128239635418 ], [ 84.923542485642542, 27.802980126642918 ], [ 84.92362700579524, 27.803025271503664 ], [ 84.924208289218029, 27.803490924590534 ], [ 84.925065675941056, 27.804045211203888 ], [ 84.928381866448419, 27.805749113448357 ], [ 84.930173927265088, 27.807423364423212 ], [ 84.931369891786119, 27.808249229545542 ], [ 84.933817946443966, 27.809468276104202 ], [ 84.936080134292311, 27.810039349098041 ], [ 84.936502232286927, 27.810055405924011 ], [ 84.938782959716534, 27.813711421847053 ], [ 84.938924440806574, 27.813924243531083 ], [ 84.94088736641686, 27.816700300163294 ], [ 84.941082541448353, 27.816956390353859 ], [ 84.94212451491687, 27.81822741963262 ], [ 84.942535431218289, 27.818667159227093 ], [ 84.943701422968161, 27.819765189794936 ], [ 84.945390587519896, 27.820814117576948 ], [ 84.947173639371087, 27.82149414598998 ], [ 84.948995597477435, 27.821856704476531 ], [ 84.950466657958927, 27.821902709523911 ], [ 84.952432284295753, 27.821616387255517 ], [ 84.952492095711847, 27.821596374562397 ], [ 84.952812665579728, 27.821863834459496 ], [ 84.954028575825021, 27.822614931415409 ], [ 84.954318583294565, 27.822742936548057 ], [ 84.955460847719877, 27.823103419278429 ], [ 84.956666687975527, 27.823212772943066 ], [ 84.959154791037506, 27.823172776778396 ], [ 84.961391240530389, 27.822670612326355 ], [ 84.962785281306694, 27.822030591115528 ], [ 84.963305074895146, 27.821755890966653 ], [ 84.965811128177904, 27.820244842481728 ], [ 84.966606765547297, 27.819650826182265 ], [ 84.968143768156509, 27.818240786020972 ], [ 84.969167781756326, 27.81676598685398 ], [ 84.969576630294299, 27.816767545722648 ], [ 84.971295322869224, 27.816193101002099 ], [ 84.972671539097519, 27.815112424268147 ], [ 84.973529528731973, 27.814140399043882 ], [ 84.974342383512507, 27.812806141449858 ], [ 84.974977321765778, 27.811144116212684 ], [ 84.975244630561718, 27.809557709187732 ], [ 84.97522871524346, 27.809086338428152 ], [ 84.975432247091533, 27.808964037325723 ], [ 84.975851252474712, 27.808654027789487 ], [ 84.976738410887009, 27.807803661425474 ], [ 84.977352400846897, 27.806780268628795 ], [ 84.977364800315911, 27.806751079436367 ], [ 84.977593986374984, 27.806860581625607 ], [ 84.978036918766449, 27.806942455386888 ], [ 84.978228799368352, 27.807021610102659 ], [ 84.979507579447755, 27.80737583433784 ], [ 84.9797086002485, 27.807406445502309 ], [ 84.980059538062108, 27.807711283368288 ], [ 84.980925216314375, 27.808314973305254 ], [ 84.983102257596983, 27.809519017432105 ], [ 84.984633671907787, 27.810082515753876 ], [ 84.986787751641856, 27.810527537760386 ], [ 84.989022643708338, 27.810539908078933 ], [ 84.99037169699416, 27.810276900350971 ], [ 84.991765218978699, 27.809805839257294 ], [ 84.99261624205063, 27.809381825327367 ], [ 84.993562787602229, 27.808722082843243 ], [ 84.995982772255545, 27.808807090223901 ], [ 84.998151146058106, 27.808457350800243 ], [ 84.999773200000504, 27.807850330642012 ], [ 85.000316349880535, 27.807591371646467 ], [ 85.000989387703655, 27.808071081799962 ], [ 85.003438434576012, 27.80941913125957 ], [ 85.004468075442048, 27.809852172395729 ], [ 85.005136097554256, 27.810055181389323 ], [ 85.006410314232696, 27.810284358229065 ], [ 85.006569958143956, 27.810343382977141 ], [ 85.006536226614827, 27.810502038126199 ], [ 85.00661541393319, 27.812489713578067 ], [ 85.007161334275537, 27.814331728641527 ], [ 85.007702377337836, 27.815481571032496 ], [ 85.007943490436091, 27.815843447342882 ], [ 85.008169107935288, 27.816403174810443 ], [ 85.008512389416268, 27.816946741352144 ], [ 85.008879616952058, 27.81738412085058 ], [ 85.008987648674548, 27.81761995768775 ], [ 85.009005794290331, 27.817656499372372 ], [ 85.00913894564512, 27.817978073128955 ], [ 85.010009470767812, 27.820939059923901 ], [ 85.01056042104517, 27.822089765587521 ], [ 85.010555240688504, 27.822145470610458 ], [ 85.010498807135747, 27.822233720882185 ], [ 85.010486646663409, 27.822256327789546 ], [ 85.010244133160597, 27.822793130681863 ], [ 85.010235111160725, 27.82281751640086 ], [ 85.010128744084923, 27.823146600260955 ], [ 85.010121306045434, 27.823173405696021 ], [ 85.010046633250852, 27.823491316161384 ], [ 85.010041507763447, 27.823517883296418 ], [ 85.009989170183545, 27.823873480410349 ], [ 85.009986644267187, 27.823898265697121 ], [ 85.009966031421641, 27.824332154228181 ], [ 85.009966174207364, 27.824353539683127 ], [ 85.010009931698974, 27.82491855508782 ], [ 85.010012635375332, 27.824936721450999 ], [ 85.010206151642535, 27.825708594213246 ], [ 85.01021136542677, 27.825723212257792 ], [ 85.010658701151513, 27.82658452196203 ], [ 85.010698355796634, 27.826977681415897 ], [ 85.0106995473148, 27.827294120840335 ], [ 85.010701875578846, 27.827332211336877 ], [ 85.010781972726804, 27.827921934691478 ], [ 85.010788970988742, 27.827954989183247 ], [ 85.010999483475786, 27.828643927020099 ], [ 85.011008956765593, 27.828667402544276 ], [ 85.011285417055916, 27.829229111598142 ], [ 85.011300079167555, 27.829254121131907 ], [ 85.011599223354423, 27.829699791067988 ], [ 85.011654920809875, 27.829772862160368 ], [ 85.011692409785041, 27.829822763620143 ], [ 85.011872171803915, 27.830046921460646 ], [ 85.01192896203888, 27.830113351774287 ], [ 85.0120638822942, 27.830264362504376 ], [ 85.012121562166357, 27.830326161587781 ], [ 85.012186436745083, 27.830394286274593 ], [ 85.012267086831415, 27.830477297461115 ], [ 85.012278103571418, 27.830489553403766 ], [ 85.012307147170802, 27.830468920907258 ], [ 85.012726266771438, 27.830979305369517 ], [ 85.012865243971532, 27.831072946902243 ], [ 85.01281033544511, 27.83115909606725 ], [ 85.012796191433338, 27.831183503821947 ], [ 85.012656711349152, 27.831444389622988 ], [ 85.012643135692173, 27.831472030876508 ], [ 85.01250483928041, 27.831784913998799 ], [ 85.012478304272292, 27.831852211448354 ], [ 85.012374647767231, 27.832147075724059 ], [ 85.012355383488838, 27.83220928069877 ], [ 85.012277847142329, 27.832495940586671 ], [ 85.012263362387415, 27.832558405708326 ], [ 85.012205047855147, 27.832861930223885 ], [ 85.012195699972395, 27.832923097618579 ], [ 85.012159041830145, 27.833253962863868 ], [ 85.012154973314409, 27.833312868075765 ], [ 85.012146429451406, 27.833678732560649 ], [ 85.01214766800166, 27.833734304794127 ], [ 85.012177561321138, 27.834141944426595 ], [ 85.012184057693929, 27.834194048509485 ], [ 85.012267211585893, 27.834648089763498 ], [ 85.012278917941941, 27.834696346878367 ], [ 85.012433851363667, 27.835194558471482 ], [ 85.012450706157352, 27.835238729473645 ], [ 85.012651277524924, 27.835684757596322 ], [ 85.012668429607331, 27.835717694735518 ], [ 85.012812880748768, 27.835973474321211 ], [ 85.012839126008103, 27.836016487325143 ], [ 85.012971105312403, 27.836219962759365 ], [ 85.012989230633195, 27.836246298069668 ], [ 85.01318808448022, 27.836513433865097 ], [ 85.013208909620758, 27.836539360414339 ], [ 85.013411391042226, 27.836774700217234 ], [ 85.013435115391331, 27.836800474453494 ], [ 85.01356053334429, 27.836928807563716 ], [ 85.013708798247521, 27.837095763749183 ], [ 85.013765900148996, 27.837174502723936 ], [ 85.013804200110371, 27.837224332885139 ], [ 85.013939172300482, 27.837391612963785 ], [ 85.014059739911986, 27.837534061883726 ], [ 85.014167909010467, 27.837657355319699 ], [ 85.014219421523805, 27.837714017525844 ], [ 85.014317146204505, 27.837818264724415 ], [ 85.014366251830666, 27.837869074188898 ], [ 85.014485592628787, 27.83798822713074 ], [ 85.014534287014669, 27.838035147408704 ], [ 85.014655525363594, 27.838147304888356 ], [ 85.014655458748521, 27.838147417366901 ], [ 85.014624843866855, 27.838201239835126 ], [ 85.014550708496074, 27.838337178422112 ], [ 85.014522703203909, 27.838390799268282 ], [ 85.014451687513841, 27.838533152578648 ], [ 85.014426219851742, 27.8385866772608 ], [ 85.014358523168497, 27.838736357201203 ], [ 85.014335650171859, 27.838789664715311 ], [ 85.01427172981667, 27.838947375282789 ], [ 85.014251495964842, 27.839000365200217 ], [ 85.014192051517, 27.83916652473664 ], [ 85.014174498459468, 27.839219084856126 ], [ 85.014120340311294, 27.839394081262729 ], [ 85.014105487514058, 27.839446146892982 ], [ 85.014057542960131, 27.839630326708203 ], [ 85.014049262050392, 27.839665475247365 ], [ 85.01387000625634, 27.840069768740914 ], [ 85.013578601442248, 27.841020420130807 ], [ 85.013280527552894, 27.842698405540226 ], [ 85.01324436014923, 27.843857728071207 ], [ 85.013541881699865, 27.844986941458444 ], [ 85.014208819454097, 27.846566961072373 ], [ 85.015411276063944, 27.848206813590362 ], [ 85.015429386591052, 27.848222564128207 ], [ 85.015552730707014, 27.848473111723539 ], [ 85.015564550018297, 27.848492557932399 ], [ 85.016096005924567, 27.849198668595065 ], [ 85.016111036618042, 27.849215058353991 ], [ 85.016647088730323, 27.849715778618243 ], [ 85.016682682297457, 27.849744293212176 ], [ 85.017279029156114, 27.850154954612663 ], [ 85.017294256262929, 27.850163914557434 ], [ 85.017948380873619, 27.850489771839985 ], [ 85.017962661121985, 27.850495699436554 ], [ 85.018550289278508, 27.850681747911317 ], [ 85.018630416599038, 27.850733335702103 ], [ 85.021413856070978, 27.852018984838981 ], [ 85.021435119364369, 27.852042553784269 ], [ 85.02146230595848, 27.852070733632591 ], [ 85.021671767047948, 27.852274852226291 ], [ 85.021702036161045, 27.852302593437837 ], [ 85.021905405298128, 27.852478832302065 ], [ 85.021938975598204, 27.852506338345698 ], [ 85.022129335724088, 27.852654678985299 ], [ 85.022165916835505, 27.852681781443618 ], [ 85.022338239012626, 27.852803915625756 ], [ 85.022378965947269, 27.852831516967626 ], [ 85.02259267568644, 27.852968700263691 ], [ 85.022693065715686, 27.853029680083093 ], [ 85.023035796715959, 27.853220519067388 ], [ 85.023067458006636, 27.853236624436668 ], [ 85.02342039218999, 27.853439034694329 ], [ 85.023447659188079, 27.853453147127286 ], [ 85.023798243987869, 27.853618632585672 ], [ 85.023848968658385, 27.85364036017225 ], [ 85.024167108679364, 27.853764888704184 ], [ 85.024211305155106, 27.853780605311133 ], [ 85.024248304453536, 27.853792059796671 ], [ 85.024417026451005, 27.854348980351457 ], [ 85.025391974799092, 27.855969009118702 ], [ 85.026555274904894, 27.857259479325087 ], [ 85.028542284786425, 27.858780527191804 ], [ 85.029873088957856, 27.859515578276451 ], [ 85.031392732747861, 27.859854903766376 ], [ 85.033076344617058, 27.859991726577537 ], [ 85.033200817593823, 27.860091303666266 ], [ 85.033326003560674, 27.860185850654528 ], [ 85.033432419002978, 27.860264031198739 ], [ 85.033465366559241, 27.860287573908089 ], [ 85.033617522830582, 27.860387767606262 ], [ 85.033623390676752, 27.860392708066364 ], [ 85.034197148188355, 27.860809563760682 ], [ 85.034214265231654, 27.860820247276202 ], [ 85.035025423194298, 27.861233063828784 ], [ 85.035042681067708, 27.861240058245269 ], [ 85.036077489643574, 27.86154509429889 ], [ 85.036095079946563, 27.861548469996688 ], [ 85.036956910527991, 27.861646259088779 ], [ 85.036997152735822, 27.861647737119263 ], [ 85.037742162554309, 27.861626420974982 ], [ 85.0377759921425, 27.861623232115708 ], [ 85.038830945431229, 27.861421273757689 ], [ 85.03885740090152, 27.861413517147554 ], [ 85.039469378898957, 27.861163660323548 ], [ 85.039593556496754, 27.861204162806153 ], [ 85.039831227136347, 27.861278009137582 ], [ 85.039924874189381, 27.861306199404417 ], [ 85.040133202307345, 27.861366908135807 ], [ 85.040287287523839, 27.861409411922548 ], [ 85.040365421055768, 27.861429760698805 ], [ 85.04051182546776, 27.861465784523485 ], [ 85.040583424279063, 27.861482380891641 ], [ 85.04076440262493, 27.861521195435721 ], [ 85.040856240051838, 27.86153931466902 ], [ 85.041033107093099, 27.861571288824205 ], [ 85.041132811786781, 27.861587678644813 ], [ 85.041281103515828, 27.861610041309007 ], [ 85.041391119749022, 27.861625145228331 ], [ 85.04150382740427, 27.861639470390031 ], [ 85.041636283860711, 27.861654960512439 ], [ 85.041830614252333, 27.861674310221449 ], [ 85.041898610472799, 27.86167990444396 ], [ 85.041948920462332, 27.861682842740805 ], [ 85.042297083635376, 27.861771494190805 ], [ 85.042352420052438, 27.861782370982944 ], [ 85.04286390089193, 27.86185878913815 ], [ 85.042944239361304, 27.861867068637604 ], [ 85.043314948310154, 27.86189308691873 ], [ 85.043388071144818, 27.861895829222927 ], [ 85.043391151217222, 27.861830958390918 ], [ 85.044860435952074, 27.861861583535052 ], [ 85.045261861344784, 27.861788373293145 ], [ 85.045370222784513, 27.861780239588924 ], [ 85.045414753054231, 27.861775967779678 ], [ 85.045576305837216, 27.861757905200587 ], [ 85.045709687826374, 27.861757188874659 ], [ 85.045772949621778, 27.861755584739353 ], [ 85.046023135042986, 27.861743743698721 ], [ 85.046083702765429, 27.861739542798659 ], [ 85.046352366150714, 27.861714501221346 ], [ 85.046410590561521, 27.861707677847228 ], [ 85.046694101790379, 27.861667172371778 ], [ 85.046702861325301, 27.861665693880457 ], [ 85.046784665718619, 27.861653311897683 ], [ 85.047140528209866, 27.861587719150492 ], [ 85.047194305237213, 27.86157600795643 ], [ 85.047733352466082, 27.861429996588658 ], [ 85.047760052743584, 27.861421297747199 ], [ 85.048257498500334, 27.861231927607271 ], [ 85.04828085906162, 27.861221692347939 ], [ 85.048827758538636, 27.860943304455162 ], [ 85.048848183678288, 27.86093135261105 ], [ 85.04940456317847, 27.860554494882734 ], [ 85.049422235625713, 27.860540714449641 ], [ 85.049691536307137, 27.860297389734416 ], [ 85.050976024038832, 27.861201653011488 ], [ 85.051246651973827, 27.8613235645992 ], [ 85.051606151074694, 27.861544354680735 ], [ 85.051678685950378, 27.861584460222321 ], [ 85.052060378539608, 27.861775709181849 ], [ 85.052139746599792, 27.86181155668746 ], [ 85.052483799726062, 27.861952846976862 ], [ 85.052526730856883, 27.861968776934521 ], [ 85.052808228485617, 27.862064609133171 ], [ 85.052856611562362, 27.862079632304685 ], [ 85.053155808493358, 27.862163409611785 ], [ 85.053288181977791, 27.862196515941239 ], [ 85.053354397619742, 27.862239553916762 ], [ 85.053400699749631, 27.862295703233457 ], [ 85.053527882299122, 27.862444698484911 ], [ 85.053641545444549, 27.862572967317512 ], [ 85.053690165405897, 27.862625837892836 ], [ 85.053804553404277, 27.862745891971816 ], [ 85.053850162930075, 27.862792102322352 ], [ 85.053997599072133, 27.86293515574225 ], [ 85.054043614568599, 27.862977919882105 ], [ 85.054228992731765, 27.863141553428324 ], [ 85.054274022582263, 27.863179305806081 ], [ 85.054497661773894, 27.863356024792708 ], [ 85.054542233225192, 27.863389206918111 ], [ 85.054807716647716, 27.863573872860488 ], [ 85.05485213239551, 27.863602706482958 ], [ 85.055130081479746, 27.863770887686638 ], [ 85.055174284628507, 27.863795770883701 ], [ 85.055425365356584, 27.863928275645275 ], [ 85.055472816662146, 27.86395170377914 ], [ 85.05571260065237, 27.864062770877833 ], [ 85.055763399772573, 27.864084792269932 ], [ 85.055989050023058, 27.864176612897477 ], [ 85.05604336619713, 27.86419730302233 ], [ 85.056252545053454, 27.864272140946969 ], [ 85.056310333553526, 27.864291501872319 ], [ 85.056501702445274, 27.8643517603989 ], [ 85.056563607000584, 27.864370023193871 ], [ 85.056735719712989, 27.864417800348534 ], [ 85.056802292766676, 27.864435133427158 ], [ 85.056953289205353, 27.864472208707216 ], [ 85.057025965033972, 27.864488985131484 ], [ 85.057294413351499, 27.864544088504989 ], [ 85.057341085442204, 27.864552490021392 ], [ 85.057673846792127, 27.864601572240208 ], [ 85.057682380388925, 27.864605589061419 ], [ 85.057684019986567, 27.864605843546503 ], [ 85.057742786129381, 27.86463350560858 ], [ 85.057809402542048, 27.864643847063363 ], [ 85.057915307232406, 27.864695086128474 ], [ 85.058380184867758, 27.864752488544902 ], [ 85.059010508791019, 27.864903562852991 ], [ 85.059040916467254, 27.864906722622052 ], [ 85.059136079400005, 27.864915804044813 ], [ 85.059343380447885, 27.864933831635469 ], [ 85.0601094999585, 27.864948809181026 ], [ 85.060148679467034, 27.86494694271385 ], [ 85.060372792096445, 27.864922881441231 ], [ 85.06048847882434, 27.864929036730238 ], [ 85.06051928647733, 27.864929640906482 ], [ 85.060944146951499, 27.864988300418954 ], [ 85.060939346937815, 27.865006732689068 ], [ 85.061079395384624, 27.86503553721802 ], [ 85.062170872951427, 27.865151463688328 ], [ 85.063264298185203, 27.865161630571588 ], [ 85.063423818473765, 27.865410552867417 ], [ 85.063582816624915, 27.865570557070757 ], [ 85.064938443239626, 27.866535770685825 ], [ 85.066580872985682, 27.867038334092676 ], [ 85.068317807061689, 27.867019404232632 ], [ 85.069945876768372, 27.86648119649016 ], [ 85.071274463273497, 27.865486725092122 ], [ 85.071535461230937, 27.865210717753399 ], [ 85.071675678581343, 27.865001151837237 ], [ 85.072399341740891, 27.864776092378968 ], [ 85.073719378398636, 27.864137071092745 ], [ 85.075052306043133, 27.863205082548109 ], [ 85.075965406116566, 27.861934905645064 ], [ 85.07658244358349, 27.860640341463998 ], [ 85.076613054866442, 27.860656238476231 ], [ 85.076783033255481, 27.860740666852763 ], [ 85.076859351468599, 27.860776884712795 ], [ 85.077045639617026, 27.860860958416595 ], [ 85.077122282590196, 27.860893802758678 ], [ 85.077309955077624, 27.860970088332852 ], [ 85.077401361096079, 27.861005264556834 ], [ 85.077642932624812, 27.861091759376897 ], [ 85.077710862574676, 27.861114299485461 ], [ 85.077790097800744, 27.861138020629532 ], [ 85.079398879673363, 27.861824867815535 ], [ 85.080607074194162, 27.862183140038045 ], [ 85.081169726032428, 27.862218444089745 ], [ 85.081259382558841, 27.862232381235884 ], [ 85.081665534325765, 27.862423474210182 ], [ 85.083230223123621, 27.862666080677215 ], [ 85.083291135447169, 27.862666927366231 ], [ 85.083468884635309, 27.862644433611148 ], [ 85.083475926732476, 27.86268970301677 ], [ 85.083483135989809, 27.862729201068209 ], [ 85.08353375461482, 27.862966240442976 ], [ 85.083542796427849, 27.863003163067024 ], [ 85.083615688017176, 27.863263351818976 ], [ 85.083626658350639, 27.863298074867977 ], [ 85.083689858149199, 27.863482826795195 ], [ 85.083704742031713, 27.863523210316128 ], [ 85.083808848180482, 27.863779281295098 ], [ 85.083821274987017, 27.863807183010895 ], [ 85.084017885720584, 27.864194307650695 ], [ 85.084040895620248, 27.864234458408756 ], [ 85.084293234330843, 27.864625206998113 ], [ 85.084320587536283, 27.864663051803142 ], [ 85.084626118911899, 27.865041312997018 ], [ 85.084656731842685, 27.865075356731367 ], [ 85.085038363581404, 27.865453899393525 ], [ 85.085071191386135, 27.865482984093521 ], [ 85.085517112618746, 27.865834181953119 ], [ 85.085541699020311, 27.865851365969103 ], [ 85.085945577610488, 27.866106317475026 ], [ 85.085974539502729, 27.866122771600828 ], [ 85.086313499163481, 27.866299309353682 ], [ 85.086347325690269, 27.866315397739864 ], [ 85.0865917623005, 27.866424234677613 ], [ 85.086636408186521, 27.866442794269222 ], [ 85.086898766397084, 27.866541762777754 ], [ 85.086916193109985, 27.866553504283779 ], [ 85.087309870259858, 27.866793702186332 ], [ 85.087357288234642, 27.86681980578463 ], [ 85.087645384641831, 27.866956517064725 ], [ 85.087704417429379, 27.866994207354114 ], [ 85.08774738475384, 27.867020074921232 ], [ 85.087848958891328, 27.867079659394285 ], [ 85.087880825299521, 27.867097868997913 ], [ 85.088877899722604, 27.867525809510457 ], [ 85.088897309181021, 27.867536595749495 ], [ 85.089718892566964, 27.867905680940282 ], [ 85.089748855783256, 27.867916231634435 ], [ 85.090755690243782, 27.868167779288726 ], [ 85.090792520153613, 27.86817342700866 ], [ 85.091659662418493, 27.86823912821318 ], [ 85.091691976288061, 27.868239106184777 ], [ 85.091738753888421, 27.86824468503438 ], [ 85.093413428066214, 27.868196483712957 ], [ 85.093979450664179, 27.868095480727316 ], [ 85.094396178824226, 27.867964541705469 ], [ 85.094686806096306, 27.867977052254389 ], [ 85.094711292161122, 27.867976637066182 ], [ 85.095145516214515, 27.867952704790774 ], [ 85.095173946126721, 27.867950047235134 ], [ 85.09527224354818, 27.867937432453964 ], [ 85.095647246667355, 27.867941263126859 ], [ 85.095670474476933, 27.86793968877123 ], [ 85.096578915370117, 27.867803615994372 ], [ 85.09659924785511, 27.867798851005904 ], [ 85.097603100357844, 27.867459151519519 ], [ 85.09762095862132, 27.867451093436518 ], [ 85.098557361930546, 27.866905491249732 ], [ 85.098572939467275, 27.866894046218313 ], [ 85.09913293688777, 27.866413834131475 ], [ 85.099146594022599, 27.86640017678312 ], [ 85.099791428196212, 27.865591417054013 ], [ 85.099799420118941, 27.865578611099661 ], [ 85.099972808242768, 27.865198107078427 ], [ 85.100101589395493, 27.864950902031357 ], [ 85.100103475106465, 27.864950316232168 ], [ 85.1002560396891, 27.864900475670634 ], [ 85.100324819355066, 27.864876888822408 ], [ 85.100487974102847, 27.864818028540114 ], [ 85.100553287709403, 27.864793284695129 ], [ 85.100726065174072, 27.864724416565874 ], [ 85.100788266533158, 27.864698374406352 ], [ 85.100969299912435, 27.864618630070122 ], [ 85.101028430017735, 27.864591267607089 ], [ 85.101050325085438, 27.864580607242015 ], [ 85.101074161475864, 27.864573275913134 ], [ 85.101148548809363, 27.864549598005674 ], [ 85.101439344328995, 27.864439961384356 ], [ 85.101530477159926, 27.864434595196091 ], [ 85.101558826594598, 27.864431893661031 ], [ 85.102016052536413, 27.864369484783179 ], [ 85.102042730737125, 27.864364728691104 ], [ 85.102359327709323, 27.864293698072018 ], [ 85.102616780239103, 27.864244662916079 ], [ 85.102642782211902, 27.864238791878712 ], [ 85.103009291739909, 27.864142852919446 ], [ 85.103057160300821, 27.864128562086481 ], [ 85.103330681459596, 27.864039059345306 ], [ 85.10337709976524, 27.864022510421421 ], [ 85.103405777666907, 27.864018788628009 ], [ 85.10348224607263, 27.864125203511112 ], [ 85.103566027595946, 27.864367609279402 ], [ 85.103575162566429, 27.864391008640315 ], [ 85.103757319609514, 27.864793872124391 ], [ 85.103766392637667, 27.864811443391883 ], [ 85.104133672211489, 27.865401812494447 ], [ 85.10414509273248, 27.865417307853157 ], [ 85.104600456561059, 27.865945575944245 ], [ 85.104615803160556, 27.865960892399787 ], [ 85.104852102300967, 27.866164079163749 ], [ 85.10487633010446, 27.866196204912612 ], [ 85.104923628240101, 27.866278426573711 ], [ 85.104937909330104, 27.866300356973973 ], [ 85.105211516055022, 27.866676181708172 ], [ 85.105233139624033, 27.866702879640471 ], [ 85.10545276257308, 27.866954776913058 ], [ 85.105478007494852, 27.866981710477372 ], [ 85.105685733034832, 27.867189922983655 ], [ 85.105714767709628, 27.867217277683761 ], [ 85.105903617460058, 27.867386050472728 ], [ 85.105936967413953, 27.867414322656078 ], [ 85.106046564441087, 27.867500436472628 ], [ 85.106092633266712, 27.867545233244357 ], [ 85.106120396374109, 27.867569046262734 ], [ 85.106169236987981, 27.867605306288116 ], [ 85.107184521027492, 27.868536770342317 ], [ 85.107330901265485, 27.868865067948455 ], [ 85.107430348105851, 27.868983997538297 ], [ 85.107858584426495, 27.869832616590649 ], [ 85.1080393567931, 27.870563404852842 ], [ 85.108068404587868, 27.870645024662959 ], [ 85.108433118451927, 27.871188017800844 ], [ 85.10858431817978, 27.87158702895486 ], [ 85.108591113427806, 27.871752506438508 ], [ 85.108598919186264, 27.87185853165569 ], [ 85.108624418987731, 27.872102765547158 ], [ 85.108643096378444, 27.872240760017618 ], [ 85.108663660108348, 27.872375526786744 ], [ 85.108683221158103, 27.872490661231812 ], [ 85.108734006131343, 27.872741395272822 ], [ 85.108744044811047, 27.872784017557265 ], [ 85.108806696205434, 27.873018582133156 ], [ 85.108818058415636, 27.873056573957939 ], [ 85.108920371677627, 27.873356340222347 ], [ 85.10894396648672, 27.873417713109991 ], [ 85.109078467596191, 27.873729372568 ], [ 85.109107915743152, 27.873790718323406 ], [ 85.109260522405094, 27.874079823309856 ], [ 85.109295369326915, 27.874140185382238 ], [ 85.10938604411362, 27.874284665284456 ], [ 85.109455137328851, 27.874457926767761 ], [ 85.109461532116981, 27.874471041586059 ], [ 85.109930125408923, 27.875225192060132 ], [ 85.109946561649934, 27.875246536058675 ], [ 85.110201859741508, 27.875524465278055 ], [ 85.110346194074268, 27.875745970502017 ], [ 85.110363673712172, 27.875766364922072 ], [ 85.110818881677233, 27.876171168958376 ], [ 85.110849234688501, 27.876225198561094 ], [ 85.110878553195761, 27.876270991776263 ], [ 85.11103574629189, 27.876500352289465 ], [ 85.111057958906244, 27.876530691703298 ], [ 85.11135371602181, 27.876893821057543 ], [ 85.111375905931425, 27.876918396050467 ], [ 85.111856659456691, 27.877380662652929 ], [ 85.111879080664863, 27.877399409892735 ], [ 85.112530613240466, 27.877860782003214 ], [ 85.11255473445938, 27.877875155591934 ], [ 85.113164815972013, 27.878186542379602 ], [ 85.113193867503583, 27.878199077334774 ], [ 85.113691791228902, 27.878385517412866 ], [ 85.113726122519139, 27.878396500066227 ], [ 85.114069792397828, 27.878494328644614 ], [ 85.114116310901082, 27.87850596798436 ], [ 85.114482856825035, 27.878584751928511 ], [ 85.114531367389361, 27.878593497990835 ], [ 85.114983186833129, 27.878656283666551 ], [ 85.115042479072883, 27.878662106792113 ], [ 85.11527531271183, 27.878680164285793 ], [ 85.115333198404571, 27.878683462801678 ], [ 85.115639457102631, 27.878692680432142 ], [ 85.115683089484634, 27.878692822952392 ], [ 85.116139721027082, 27.878676036681309 ], [ 85.116178467525742, 27.878673055607248 ], [ 85.116243237600202, 27.878664700113568 ], [ 85.116340661933776, 27.878726809888729 ], [ 85.116363729964064, 27.878740285826019 ], [ 85.116464661951326, 27.87879502524304 ], [ 85.116760614670611, 27.878984525478288 ], [ 85.116780795422216, 27.878995241859617 ], [ 85.117247982402802, 27.879205200373917 ], [ 85.117477720184624, 27.879323872093487 ], [ 85.117497022737524, 27.879332699243776 ], [ 85.117964877230492, 27.879510273183321 ], [ 85.118164039664066, 27.879667097704068 ], [ 85.118183979525242, 27.879681071222233 ], [ 85.118755805326174, 27.880028335755195 ], [ 85.11877306150474, 27.880037345982547 ], [ 85.119258356236188, 27.880260439474242 ], [ 85.119277106976043, 27.880267952079151 ], [ 85.119767922822788, 27.880437963147234 ], [ 85.119787639596169, 27.88044376514457 ], [ 85.120097170728911, 27.880519195906601 ], [ 85.121245338781492, 27.883831293757918 ], [ 85.121838187441341, 27.884958571257535 ], [ 85.122755043269251, 27.885899088183933 ], [ 85.124395315347812, 27.8871738462501 ], [ 85.124601765570503, 27.887356865809956 ], [ 85.124625101244717, 27.887375957457838 ], [ 85.124685229374649, 27.887420565794084 ], [ 85.124759375776662, 27.887537266765605 ], [ 85.124776639183011, 27.887562220338619 ], [ 85.124780200380982, 27.887566784487717 ], [ 85.125004969112979, 27.887933980237893 ], [ 85.12501787056577, 27.887951544570797 ], [ 85.125395415033822, 27.888401644205103 ], [ 85.125412026318614, 27.888419070351219 ], [ 85.125761598775327, 27.888750421583964 ], [ 85.12578217296975, 27.888768054101966 ], [ 85.126056467538277, 27.888986628330983 ], [ 85.12608376908122, 27.889006844909634 ], [ 85.126338608915816, 27.889183645729236 ], [ 85.126373296731032, 27.889206169218781 ], [ 85.126961995020096, 27.889535940352378 ], [ 85.126991039986876, 27.889549836084658 ], [ 85.127336061391262, 27.889675552680917 ], [ 85.127445551071972, 27.889755809525681 ], [ 85.127476382006307, 27.889777128788705 ], [ 85.127772828472672, 27.889967297046383 ], [ 85.127846241059189, 27.890010906386561 ], [ 85.128043202863921, 27.89012010930395 ], [ 85.128193666541264, 27.890227205110595 ], [ 85.128246968579489, 27.890260631950913 ], [ 85.128603062627107, 27.890464717235215 ], [ 85.128655457812684, 27.890492065196646 ], [ 85.128801006978847, 27.890564858470416 ], [ 85.129215223685307, 27.890927601162819 ], [ 85.129238315845953, 27.890945587753862 ], [ 85.129261752071699, 27.890961942470121 ], [ 85.12927062332524, 27.890970055730161 ], [ 85.129396122650704, 27.891078149396467 ], [ 85.13013924506626, 27.892313279873235 ], [ 85.130006658160426, 27.894567647877153 ], [ 85.130048979910228, 27.895429877211964 ], [ 85.1302118794531, 27.896461581846168 ], [ 85.130211672919756, 27.896532538368586 ], [ 85.130213508413405, 27.896576853855546 ], [ 85.130250179208176, 27.896976851739254 ], [ 85.130255704905679, 27.897015682444863 ], [ 85.130321360468173, 27.897365769973796 ], [ 85.130331248157646, 27.897408137990773 ], [ 85.130380999304535, 27.897592653497732 ], [ 85.130441503469825, 27.89789214902061 ], [ 85.130481627794751, 27.898070101684159 ], [ 85.130991430256898, 27.900116442516371 ], [ 85.131005024278721, 27.900230634014729 ], [ 85.131016476319815, 27.900309555232433 ], [ 85.131044983035409, 27.900480209788455 ], [ 85.131061362676704, 27.900566826434204 ], [ 85.13108975484414, 27.900703961383908 ], [ 85.131102723976269, 27.900761583199241 ], [ 85.131155880160804, 27.900971572476497 ], [ 85.131168661153211, 27.901016974984621 ], [ 85.131293163386985, 27.901390076507674 ], [ 85.131308616122382, 27.901429981291674 ], [ 85.131331163119398, 27.901480119123232 ], [ 85.131539429553641, 27.902316092835061 ], [ 85.132237529581857, 27.903796713500732 ], [ 85.132374655454029, 27.903984482579325 ], [ 85.132530802634946, 27.904826091112319 ], [ 85.132457161579339, 27.905534266937639 ], [ 85.132315562205463, 27.905716186111359 ], [ 85.132308463861079, 27.905727920361191 ], [ 85.131852266364632, 27.906779264626323 ], [ 85.131848718593446, 27.906791992787202 ], [ 85.131752709196974, 27.907338551615339 ], [ 85.131069046436394, 27.908979005943714 ], [ 85.129457308025835, 27.911616283279802 ], [ 85.129138609482851, 27.911989044925075 ], [ 85.128940793792111, 27.912351680909779 ], [ 85.128791146386547, 27.912826317749634 ], [ 85.128479279862191, 27.913555407767898 ], [ 85.128350800630699, 27.914757719515631 ], [ 85.128398750258341, 27.91583271887006 ], [ 85.128858078482494, 27.91753671713829 ], [ 85.130013595022533, 27.918956778675913 ], [ 85.131186468051581, 27.919926379111097 ], [ 85.131187862826053, 27.92006447259676 ], [ 85.131190047596661, 27.920095817910379 ], [ 85.131308501562955, 27.92082413324157 ], [ 85.131315189805164, 27.920850076118949 ], [ 85.13156737439013, 27.921555969572232 ], [ 85.131574939534488, 27.921572342826664 ], [ 85.131822142604335, 27.922031700018344 ], [ 85.13183242145044, 27.922048319448887 ], [ 85.132094430297968, 27.922426555339026 ], [ 85.1321073607008, 27.92244331360039 ], [ 85.132369836478091, 27.922753922714463 ], [ 85.13238529514345, 27.922770663801877 ], [ 85.132772691136353, 27.923145015666581 ], [ 85.132810728046223, 27.923177848857559 ], [ 85.133327114195538, 27.923567603099276 ], [ 85.133371119206132, 27.923596558820879 ], [ 85.134015802453703, 27.923957567135467 ], [ 85.134040174306165, 27.923969041996997 ], [ 85.134765451821607, 27.924248658976051 ], [ 85.134792752898178, 27.924257008428444 ], [ 85.135470873740232, 27.924418806478087 ], [ 85.135501312138089, 27.924424097390283 ], [ 85.136089810310281, 27.924494970225417 ], [ 85.136123822578, 27.924497278886186 ], [ 85.136580978518694, 27.924509965533339 ], [ 85.136614985742355, 27.924509548546151 ], [ 85.136953123252894, 27.924495382449184 ], [ 85.136991892525941, 27.924492605765991 ], [ 85.137280750621997, 27.924464510758302 ], [ 85.137407533885153, 27.924448908215943 ], [ 85.137472189599293, 27.924441155720807 ], [ 85.13773642656858, 27.924403151229825 ], [ 85.137793698502776, 27.924393532044014 ], [ 85.138163515769691, 27.924318616179598 ], [ 85.138214142477835, 27.924306577687222 ], [ 85.13846211077302, 27.924236483868608 ], [ 85.138625121569405, 27.924240216419349 ], [ 85.138665788486989, 27.924239943095543 ], [ 85.138913411805476, 27.924232912030853 ], [ 85.138998067910705, 27.924228670625155 ], [ 85.139266600634542, 27.924180568961926 ], [ 85.140080094291662, 27.924779478659175 ], [ 85.140593105218272, 27.925045488587187 ], [ 85.142418685959655, 27.925613315805961 ], [ 85.142796607717415, 27.925662425053385 ], [ 85.143005184020467, 27.925869276532705 ], [ 85.143029370743506, 27.92589136763371 ], [ 85.143229776408162, 27.926055106015834 ], [ 85.143232902161614, 27.926063515341284 ], [ 85.142911285246399, 27.926540342015716 ], [ 85.142505113801491, 27.927616694970936 ], [ 85.142273940648394, 27.928065278680844 ], [ 85.141859264504347, 27.929336008609987 ], [ 85.141877415145544, 27.930658938572556 ], [ 85.142326847276536, 27.931920314488124 ], [ 85.142416133752704, 27.932082966633143 ], [ 85.142780815847601, 27.933391308459711 ], [ 85.142947969143478, 27.93387356534323 ], [ 85.143488134460526, 27.935169361518401 ], [ 85.143499776086827, 27.935239754188601 ], [ 85.144020127928584, 27.936667882726756 ], [ 85.144278113570778, 27.937107890440544 ], [ 85.145299283146713, 27.938307101690718 ], [ 85.146707460961792, 27.939141723151106 ], [ 85.148346262962136, 27.939519061615997 ], [ 85.148346412933321, 27.939519050818337 ], [ 85.149909423752703, 27.940259401335243 ], [ 85.151862370419295, 27.941787257817463 ], [ 85.151951369640997, 27.941866617911856 ], [ 85.151915387805758, 27.942312310059343 ], [ 85.151945377924889, 27.942526310645174 ], [ 85.152464521210376, 27.944024879923305 ], [ 85.153529822786084, 27.945275188480078 ], [ 85.153960654757753, 27.945522463173372 ], [ 85.154016645363228, 27.945675712868169 ], [ 85.154036481625113, 27.945728879148163 ], [ 85.154110098350046, 27.94592216443246 ], [ 85.154141314019739, 27.946001670632267 ], [ 85.154172262511139, 27.946078191834868 ], [ 85.154075796465165, 27.946633444338065 ], [ 85.154382607937421, 27.948113515674891 ], [ 85.155220515894911, 27.94942164370384 ], [ 85.15639552204135, 27.950334022728079 ], [ 85.156431763016116, 27.950641747044873 ], [ 85.156448730492812, 27.950768467416001 ], [ 85.156462699570056, 27.950861546943699 ], [ 85.156481555103156, 27.950975967538042 ], [ 85.156496741887523, 27.951060544938048 ], [ 85.156525370710739, 27.951204868566979 ], [ 85.156547329627315, 27.951305931899018 ], [ 85.156556687073618, 27.951304328658139 ], [ 85.156563814182974, 27.95143026903261 ], [ 85.156600753327524, 27.95158337456559 ], [ 85.156606270365231, 27.951689787600664 ], [ 85.156606275810603, 27.951690059317784 ], [ 85.156609074839636, 27.951773984324713 ], [ 85.156617376670624, 27.951930726917901 ], [ 85.156622221070805, 27.951997444808516 ], [ 85.15663683510131, 27.95227932158409 ], [ 85.156626396175355, 27.952360556225422 ], [ 85.15648027313739, 27.952597354560176 ], [ 85.156398157558684, 27.952954528644199 ], [ 85.156360873899288, 27.953037306626687 ], [ 85.156353129400074, 27.953060221317855 ], [ 85.156214101192958, 27.953582700452568 ], [ 85.156206752932036, 27.953620151142523 ], [ 85.156167965989326, 27.953853859529872 ], [ 85.15616196668033, 27.953897989436197 ], [ 85.156129066478314, 27.954266052045618 ], [ 85.156127057155103, 27.95431263959869 ], [ 85.1561267694902, 27.954651173611424 ], [ 85.156128777330807, 27.954699638889121 ], [ 85.156154484576021, 27.955016303724978 ], [ 85.156160475860602, 27.955065762755588 ], [ 85.156208438644271, 27.95536625695657 ], [ 85.15621506302665, 27.955399636102943 ], [ 85.156241247655672, 27.955511904667489 ], [ 85.156103221294899, 27.955866999692589 ], [ 85.156093558362514, 27.956046948138045 ], [ 85.156064678187064, 27.956175267557533 ], [ 85.15605696969314, 27.956222235369808 ], [ 85.156012094758097, 27.956616069212686 ], [ 85.156007925788302, 27.956680997612334 ], [ 85.156003261649644, 27.957107020715124 ], [ 85.156004291644493, 27.957131391323351 ], [ 85.156041727629372, 27.957534265198188 ], [ 85.156044861965384, 27.957556037815365 ], [ 85.156123009063847, 27.957955328454865 ], [ 85.156129457571311, 27.957981300463278 ], [ 85.15625166885404, 27.958383987424252 ], [ 85.156259706073513, 27.958406307658031 ], [ 85.156488749689331, 27.958928215051397 ], [ 85.1564983318938, 27.958946587807127 ], [ 85.156788108294521, 27.95942450440252 ], [ 85.156801380791805, 27.959443551991086 ], [ 85.157159695160786, 27.959893761467971 ], [ 85.157202763073897, 27.959941407190708 ], [ 85.157237557306871, 27.959979983519208 ], [ 85.157470037444426, 27.960219968160363 ], [ 85.157489756461757, 27.960238935064833 ], [ 85.158050852436318, 27.960702904645181 ], [ 85.158071297817145, 27.960717414863851 ], [ 85.159112612377228, 27.96128883125759 ], [ 85.159132555584037, 27.961297012790528 ], [ 85.160125168988984, 27.961598311484959 ], [ 85.160167544561062, 27.961606962534265 ], [ 85.161318912805271, 27.96171105858485 ], [ 85.161334480372247, 27.961719153891067 ], [ 85.161390749129666, 27.961747365428845 ], [ 85.161567715093668, 27.961832036299164 ], [ 85.161629223252575, 27.961860085822011 ], [ 85.161782703349971, 27.961927202295517 ], [ 85.161850761723599, 27.961955710159792 ], [ 85.16197405436894, 27.96200558087201 ], [ 85.162008764384922, 27.962019127565664 ], [ 85.162365805956469, 27.962288520667613 ], [ 85.162387611112152, 27.962303094460264 ], [ 85.162777778671114, 27.962539470649777 ], [ 85.162801864013559, 27.962552648923513 ], [ 85.163107884008781, 27.962704545358481 ], [ 85.163232417212697, 27.9631036416379 ], [ 85.163229141935844, 27.963244083064239 ], [ 85.163229507164885, 27.963291715946319 ], [ 85.163241814824303, 27.963576328885072 ], [ 85.163245320246133, 27.963620753886765 ], [ 85.163269323432274, 27.963844704150343 ], [ 85.163281798074806, 27.963936707238819 ], [ 85.163319758210392, 27.963932649613167 ], [ 85.163351971643579, 27.964295088246665 ], [ 85.163358667433201, 27.964340128908088 ], [ 85.163473281529789, 27.964867131143329 ], [ 85.163485417487863, 27.964909283412243 ], [ 85.163617472016753, 27.965295169834562 ], [ 85.163639136617093, 27.9653496019892 ], [ 85.163747072960092, 27.965597325452176 ], [ 85.163779258181592, 27.965665186028975 ], [ 85.163952957690483, 27.96599379397858 ], [ 85.163988263695416, 27.966054146979971 ], [ 85.164234338957883, 27.966429451306421 ], [ 85.164272031590585, 27.966481055031323 ], [ 85.164527150516761, 27.966799256743037 ], [ 85.164546765877745, 27.966821607396664 ], [ 85.164762717207864, 27.967051513565114 ], [ 85.164782788490683, 27.967071494961623 ], [ 85.165109102791064, 27.967367757611093 ], [ 85.165135845177289, 27.967389904535736 ], [ 85.165546801007324, 27.967695876729302 ], [ 85.165577287858113, 27.967716242391219 ], [ 85.165978722869141, 27.96795863992001 ], [ 85.166013159197092, 27.967977362400866 ], [ 85.166385384383815, 27.968161152518178 ], [ 85.166424183046118, 27.968178461116313 ], [ 85.166501092887785, 27.968209855139385 ], [ 85.166543920412565, 27.968255017913592 ], [ 85.166557693520033, 27.968267885754553 ], [ 85.166807886350114, 27.968466315891309 ], [ 85.166808521241251, 27.96846850418649 ], [ 85.166814824627437, 27.968482077459935 ], [ 85.167319077277156, 27.969310231133175 ], [ 85.167329850514747, 27.969324208684601 ], [ 85.167814585615844, 27.969860362248404 ], [ 85.167829781579513, 27.969874767786649 ], [ 85.168216106091762, 27.970204317221832 ], [ 85.168236954406808, 27.970220313245061 ], [ 85.168832821497503, 27.970613821420041 ], [ 85.168842991099666, 27.970619562973479 ], [ 85.169094175732809, 27.970728965629998 ], [ 85.169516004089161, 27.970966021104342 ], [ 85.16954832245905, 27.970996293658356 ], [ 85.169563710005818, 27.971009068088023 ], [ 85.17021502781995, 27.971467199732835 ], [ 85.170242213883313, 27.971483296024189 ], [ 85.170810624374511, 27.971774611313514 ], [ 85.170851435844128, 27.9717925140482 ], [ 85.171313386969459, 27.971970451227492 ], [ 85.171352662074497, 27.971983567425607 ], [ 85.171977108971717, 27.972152340831407 ], [ 85.17202255238881, 27.972161840483309 ], [ 85.172205991743965, 27.972192462142299 ], [ 85.17234263530662, 27.972338198854434 ], [ 85.172355017034263, 27.972350039595899 ], [ 85.172854037115968, 27.972766970002205 ], [ 85.172875736312179, 27.972782791652367 ], [ 85.173404254253654, 27.973120247450456 ], [ 85.173429244075379, 27.973134138104321 ], [ 85.174120978301147, 27.973455797951935 ], [ 85.174137419664945, 27.973462065505043 ], [ 85.174420041730173, 27.973546237538898 ], [ 85.17446377786078, 27.973567040618939 ], [ 85.174787688697052, 27.973794609979329 ], [ 85.175538226034874, 27.974082352059423 ], [ 85.175540695099727, 27.974107718641736 ], [ 85.175582526855237, 27.974414534962026 ], [ 85.175588681864696, 27.974449572175136 ], [ 85.175667672495166, 27.974804892056831 ], [ 85.175677931587217, 27.974842932090677 ], [ 85.175690710140884, 27.974884694500027 ], [ 85.175760086527504, 27.975229545611175 ], [ 85.175767141151638, 27.975256555501154 ], [ 85.175773328663453, 27.975275109160012 ], [ 85.175771531503116, 27.975279302588302 ], [ 85.175659536960993, 27.975570047109198 ], [ 85.175633227265848, 27.975646790228613 ], [ 85.175584721367628, 27.975807006710834 ], [ 85.175462366132038, 27.976035222962157 ], [ 85.175422123169298, 27.976116447879175 ], [ 85.17527507240014, 27.976448239116753 ], [ 85.175245146772241, 27.976524472093381 ], [ 85.175162053234033, 27.976770887689216 ], [ 85.175156165973988, 27.976779975104535 ], [ 85.175031874473589, 27.976983766240743 ], [ 85.175010698523522, 27.97702072314371 ], [ 85.174938953051935, 27.977154753278064 ], [ 85.174903450583486, 27.977189344985081 ], [ 85.174870743194603, 27.97722283313831 ], [ 85.174724719951115, 27.97737932727096 ], [ 85.174692318845061, 27.977415688408406 ], [ 85.174596870294081, 27.977527444996451 ], [ 85.174353559492587, 27.977498579218377 ], [ 85.174317121545457, 27.977495344759035 ], [ 85.173980932088725, 27.977475466822849 ], [ 85.173944426376067, 27.977474385571515 ], [ 85.173603945536669, 27.977474431416351 ], [ 85.173567820207822, 27.97747551112742 ], [ 85.173220235773954, 27.977496506201444 ], [ 85.173184809236915, 27.977499732152076 ], [ 85.172827436452678, 27.977543702784299 ], [ 85.172793043634769, 27.977549045131227 ], [ 85.172424293316766, 27.977618929867962 ], [ 85.172391220558907, 27.977626346392821 ], [ 85.172162017429613, 27.977682841950863 ], [ 85.172117412754218, 27.977694841319469 ], [ 85.171321595811833, 27.977975869696884 ], [ 85.171295462854431, 27.977987449288541 ], [ 85.170312139270024, 27.97855783851265 ], [ 85.170295339141589, 27.978570263150974 ], [ 85.169707022902827, 27.979082549506884 ], [ 85.169690339941866, 27.979099645019122 ], [ 85.169335138966204, 27.979508787516039 ], [ 85.169318418303959, 27.979530514868326 ], [ 85.169124021551937, 27.979803622781777 ], [ 85.169103482761713, 27.979834904286189 ], [ 85.168870797909122, 27.980233676427872 ], [ 85.168854348804871, 27.980265672052479 ], [ 85.168581439781747, 27.980929956470074 ], [ 85.16857016778242, 27.980965933217544 ], [ 85.168430934930456, 27.981565103760794 ], [ 85.168424755554938, 27.98160531413135 ], [ 85.168379463774613, 27.982111038530096 ], [ 85.168378293949132, 27.98215601208544 ], [ 85.168387019790757, 27.982544192845317 ], [ 85.168390256320862, 27.982589744012092 ], [ 85.168420939560534, 27.982876011723924 ], [ 85.168428384799753, 27.982927882103827 ], [ 85.168472086838463, 27.983176735066536 ], [ 85.168508246077295, 27.98335060051259 ], [ 85.168519015256081, 27.983400788911119 ], [ 85.168541481767519, 27.983502359042756 ], [ 85.168612453418248, 27.983777419707611 ], [ 85.168624220478804, 27.983817256317469 ], [ 85.168704852261797, 27.984061851797726 ], [ 85.168717772214364, 27.984097297886482 ], [ 85.168859415121517, 27.984438337257714 ], [ 85.168869747822654, 27.984460430197444 ], [ 85.169068078880528, 27.984834986904332 ], [ 85.169081110391787, 27.984856923539834 ], [ 85.169295778064395, 27.985184208501778 ], [ 85.169311645795602, 27.985206220783137 ], [ 85.169525345931788, 27.985479876401961 ], [ 85.169544363684935, 27.985502406196378 ], [ 85.169723618906119, 27.985698395142627 ], [ 85.169864832263258, 27.985921774476715 ], [ 85.169872060624897, 27.985929895469759 ], [ 85.170358936467764, 27.986358966211803 ], [ 85.17041019183894, 27.986410478008082 ], [ 85.170431793617027, 27.986430455587588 ], [ 85.170476616631007, 27.986469349589644 ], [ 85.17050987407913, 27.986505713119591 ], [ 85.170561301809059, 27.9865588265179 ], [ 85.17078420978396, 27.986774476951172 ], [ 85.170836102164316, 27.986821520992024 ], [ 85.171109534384115, 27.987051682391737 ], [ 85.17116182027128, 27.987092535176451 ], [ 85.171492325593647, 27.987329754152203 ], [ 85.171545194702915, 27.987364558965364 ], [ 85.171937473788873, 27.987598521035736 ], [ 85.171991038687338, 27.987627353348707 ], [ 85.17227176745466, 27.987767853714441 ], [ 85.172341783346965, 27.98780034300388 ], [ 85.172403980350978, 27.9878257590732 ], [ 85.172628581765025, 27.987950589825228 ], [ 85.172660693689792, 27.987965368636541 ], [ 85.173328462128381, 27.988220693184303 ], [ 85.173365148189049, 27.988232034622605 ], [ 85.173575035917551, 27.988289136723196 ], [ 85.173590846178357, 27.988294330381461 ], [ 85.173639787846511, 27.988308945373678 ], [ 85.173897489003338, 27.988379204287845 ], [ 85.173950662596553, 27.988392342077294 ], [ 85.174258303634105, 27.988459257778693 ], [ 85.174372308015023, 27.988480736114003 ], [ 85.174590411280406, 27.988516831973225 ], [ 85.174673800134514, 27.9887172240044 ], [ 85.17471159879878, 27.989018298731303 ], [ 85.174712071782551, 27.989024204477229 ], [ 85.17480641244822, 27.989625745724378 ], [ 85.174815314768779, 27.989663622476407 ], [ 85.175054950666265, 27.990380102003339 ], [ 85.175069459000113, 27.990413156335055 ], [ 85.175504292837317, 27.991179214114236 ], [ 85.175524579048229, 27.991207812860281 ], [ 85.175974071838496, 27.991732838809462 ], [ 85.176031297899229, 27.992089079868933 ], [ 85.17604163081198, 27.992135197060747 ], [ 85.176175989030185, 27.992602638899193 ], [ 85.176193693257972, 27.992652854534221 ], [ 85.17625707271462, 27.992811930540633 ], [ 85.176272440929893, 27.992878462574634 ], [ 85.176310815393535, 27.993031099087972 ], [ 85.176328158463591, 27.993094862354504 ], [ 85.176385070776874, 27.993285702236456 ], [ 85.176403664256696, 27.993342956298306 ], [ 85.17651208288801, 27.993638218813707 ], [ 85.176540462889321, 27.993707337526992 ], [ 85.17662327728361, 27.99388731478729 ], [ 85.176793620963238, 27.994356329332089 ], [ 85.176826979858944, 27.994586141772466 ], [ 85.176835534999739, 27.994623805331059 ], [ 85.176917507277125, 27.99490751189273 ], [ 85.176933528761566, 27.994976604805764 ], [ 85.176945563569319, 27.995023246279409 ], [ 85.176994599650001, 27.995197307839838 ], [ 85.177009589352295, 27.995246351168241 ], [ 85.177079822568729, 27.995455908475567 ], [ 85.177117730463834, 27.995559740706064 ], [ 85.17718774306023, 27.995738618897793 ], [ 85.177250415150624, 27.995888517701413 ], [ 85.177330844095778, 27.996068899475972 ], [ 85.177355241950025, 27.996120356185141 ], [ 85.177376233641709, 27.996160866576957 ], [ 85.177461529446461, 27.996483736768191 ], [ 85.177476907559281, 27.996527845965495 ], [ 85.177708449989922, 27.997067125540447 ], [ 85.177734119434078, 27.997117054915005 ], [ 85.177909716261794, 27.997426551294659 ], [ 85.177944408813573, 27.997482263255495 ], [ 85.178050007385082, 27.997638136350798 ], [ 85.178080109204245, 27.997703641445941 ], [ 85.178131421802874, 27.997811507359955 ], [ 85.178174802627254, 27.997900043833187 ], [ 85.178205327243035, 27.997960563019145 ], [ 85.178291295733914, 27.998122330467318 ], [ 85.178322225976061, 27.998177662175671 ], [ 85.178452908411998, 27.998396181641514 ], [ 85.178483499640791, 27.998444113057879 ], [ 85.178522339409312, 27.998501192489922 ], [ 85.178478082060934, 27.998600789372201 ], [ 85.178464231256598, 27.998636907804581 ], [ 85.178353952109461, 27.998964735845188 ], [ 85.178341935295933, 27.999006121933359 ], [ 85.178277476781176, 27.999257667956769 ], [ 85.17826644043636, 27.999307251555599 ], [ 85.178257035760609, 27.999364276729491 ], [ 85.178082337672748, 27.999916297161921 ], [ 85.17807212467055, 27.999960022868517 ], [ 85.177987382271382, 28.00046529471043 ], [ 85.177983338667104, 28.000504566356089 ], [ 85.177964300571986, 28.00078681491194 ], [ 85.177962948664501, 28.000828968634281 ], [ 85.177962699734863, 28.001077716114704 ], [ 85.177964048592074, 28.001122576955627 ], [ 85.177976795422353, 28.001343409045873 ], [ 85.177980833916138, 28.001390672724785 ], [ 85.177998691461198, 28.001539294612538 ], [ 85.177992404410347, 28.001697488168297 ], [ 85.177992765737699, 28.001732573869994 ], [ 85.17799528171679, 28.001777280784772 ], [ 85.177921861233798, 28.00216843332522 ], [ 85.177913738723475, 28.002231899416298 ], [ 85.177882830670058, 28.00262885386875 ], [ 85.177881989302591, 28.002658850823842 ], [ 85.177884543585563, 28.002952947454567 ], [ 85.177885847256448, 28.002981638991411 ], [ 85.177913333105636, 28.00330224089797 ], [ 85.177916776571877, 28.00332951684538 ], [ 85.177958649569945, 28.003574456760887 ], [ 85.17795948821994, 28.003593121529811 ], [ 85.177985394731579, 28.003854117101408 ], [ 85.17798686385099, 28.003961260485973 ], [ 85.178017475500624, 28.004605990401572 ], [ 85.17801568967802, 28.004616074145137 ], [ 85.178006480631069, 28.004659260439301 ], [ 85.178007996586004, 28.004659515088576 ], [ 85.177969540369773, 28.004876665586174 ], [ 85.177954718495627, 28.004907456914015 ], [ 85.177940750289707, 28.004939851879083 ], [ 85.177761719170135, 28.005440645969799 ], [ 85.177751710250007, 28.005475583324991 ], [ 85.177647124570797, 28.005942615542285 ], [ 85.177640971659002, 28.005980435068786 ], [ 85.177595553125215, 28.006392583836632 ], [ 85.17759314640999, 28.006433952819073 ], [ 85.17758875474712, 28.006679157008751 ], [ 85.177564141052684, 28.006823088930052 ], [ 85.177556770342633, 28.006877913817302 ], [ 85.177532159751181, 28.007113197749387 ], [ 85.177528492408612, 28.00716215874748 ], [ 85.177522530329668, 28.007318439319896 ], [ 85.177452457607373, 28.007587201085567 ], [ 85.177358173254646, 28.007774556869126 ], [ 85.177342739756426, 28.007812533950496 ], [ 85.177333140915692, 28.007840388588765 ], [ 85.177222825507457, 28.008047552702109 ], [ 85.1771944811764, 28.008106836437989 ], [ 85.17710972525407, 28.008295848170786 ], [ 85.177081550443063, 28.008363051508042 ], [ 85.177025209600473, 28.008504598540178 ], [ 85.176997497165146, 28.008578091896812 ], [ 85.176968358800991, 28.00865781973496 ], [ 85.176932114468073, 28.008760222109323 ], [ 85.176885324548024, 28.008887826326788 ], [ 85.176849101924617, 28.00899077721024 ], [ 85.176824406180117, 28.009064032579122 ], [ 85.176760249155507, 28.009272377139162 ], [ 85.176739912134551, 28.009345234566666 ], [ 85.176669160666023, 28.009640769203497 ], [ 85.176655851906403, 28.009707236509325 ], [ 85.176639157895295, 28.009818289164585 ], [ 85.176581812299531, 28.01006964026363 ], [ 85.176571596333588, 28.010123635829729 ], [ 85.176534044794394, 28.01036035226435 ], [ 85.176526260456029, 28.010421026788897 ], [ 85.176508483398408, 28.010586728522604 ], [ 85.176504156748251, 28.010636836677861 ], [ 85.176493926690085, 28.01073856680566 ], [ 85.176476011510275, 28.011006580461512 ], [ 85.176473908675547, 28.01106983111568 ], [ 85.176479984701245, 28.011460419145212 ], [ 85.176481982921672, 28.011491439221384 ], [ 85.176521805854193, 28.011853166497776 ], [ 85.176526205968969, 28.011881349490189 ], [ 85.176614549706755, 28.012300425726128 ], [ 85.176621428255871, 28.012326240127468 ], [ 85.176775110449782, 28.012790320843681 ], [ 85.176784529767488, 28.012813992189546 ], [ 85.176862798981475, 28.012975575451588 ], [ 85.176874480207246, 28.013029339551085 ], [ 85.176873110027103, 28.013054296080089 ], [ 85.176868106370321, 28.013364264799275 ], [ 85.176869304927038, 28.013417347791147 ], [ 85.176899607837612, 28.013827029559195 ], [ 85.176905704472432, 28.013875545152171 ], [ 85.176992858771641, 28.014343843441054 ], [ 85.177003974924389, 28.014388736323436 ], [ 85.177164542669814, 28.014894585527976 ], [ 85.17718080271564, 28.01493632481623 ], [ 85.177351944064384, 28.01531832499202 ], [ 85.177372095081537, 28.015357943626231 ], [ 85.177483942493623, 28.015563778538969 ], [ 85.177509062887452, 28.015607164101432 ], [ 85.177616514196885, 28.015783038412039 ], [ 85.177658915830605, 28.015848911690739 ], [ 85.177793072539572, 28.016045527147888 ], [ 85.17783626397329, 28.01610533361271 ], [ 85.178004613763349, 28.016324036723113 ], [ 85.178048217305474, 28.016377257847189 ], [ 85.178263849616201, 28.016622240363752 ], [ 85.178307656991009, 28.016668623385232 ], [ 85.178548421661489, 28.016903316796792 ], [ 85.178454505161525, 28.016992406096836 ], [ 85.178434982191519, 28.017012820171118 ], [ 85.178161990488377, 28.017325014920615 ], [ 85.178143802204744, 28.017347810216975 ], [ 85.177916995680377, 28.017658323632528 ], [ 85.177900501132257, 28.017683073543107 ], [ 85.177708048802572, 28.018000070377145 ], [ 85.177693763928943, 28.018026029997078 ], [ 85.17752876858188, 28.01835934366337 ], [ 85.177517086898831, 28.018385791733458 ], [ 85.177375976270994, 28.018750407132512 ], [ 85.177367227491857, 28.018776607107565 ], [ 85.17723385474693, 28.019280524946552 ], [ 85.177226245941455, 28.019319096654613 ], [ 85.177157419812659, 28.019854894082417 ], [ 85.177154841827146, 28.019897449249324 ], [ 85.177154276013724, 28.02037233703776 ], [ 85.177156863513403, 28.020416802678042 ], [ 85.177210178232755, 28.020875689132826 ], [ 85.177217769395199, 28.020919119241256 ], [ 85.177301407255712, 28.021292722949518 ], [ 85.177312169635755, 28.021332033836327 ], [ 85.177427360965822, 28.021688298460131 ], [ 85.177439500029209, 28.021720749877446 ], [ 85.177648093899847, 28.022189153615908 ], [ 85.177662173346661, 28.022216239398681 ], [ 85.178024552608335, 28.022796831193631 ], [ 85.178040689727027, 28.022818715319374 ], [ 85.178471815745823, 28.023322406240798 ], [ 85.17848885984148, 28.023339660037628 ], [ 85.178858566636634, 28.023676719654514 ], [ 85.178876983001814, 28.02369184552375 ], [ 85.178906806925468, 28.023713621299741 ], [ 85.178915586393117, 28.023897888977174 ], [ 85.178919081305182, 28.023918459282804 ], [ 85.17927001235347, 28.025016165049855 ], [ 85.179275607298464, 28.025027803457174 ], [ 85.179504331679084, 28.025399169840334 ], [ 85.179486779981431, 28.025717235473909 ], [ 85.1794879873638, 28.025749130328958 ], [ 85.179640148743189, 28.026703291892908 ], [ 85.179646993664335, 28.026727322422815 ], [ 85.179924762899688, 28.027443231184442 ], [ 85.179937146263839, 28.027468131966256 ], [ 85.180276842240104, 28.028037326596046 ], [ 85.180294305485234, 28.028062127687711 ], [ 85.180684780537746, 28.028543169815077 ], [ 85.180706035687365, 28.028566023915005 ], [ 85.18121016303877, 28.029034947460367 ], [ 85.181232326319261, 28.029052799384427 ], [ 85.181767688771501, 28.029429053167526 ], [ 85.181793819110197, 28.029445006377379 ], [ 85.182451129058009, 28.029784997077815 ], [ 85.182464807817325, 28.029790903350655 ], [ 85.182931073488191, 28.029950793325828 ], [ 85.182988639784938, 28.029989876546583 ], [ 85.183029497274859, 28.030013465216651 ], [ 85.183033520656608, 28.030015510642201 ], [ 85.183274435849341, 28.030336031678353 ], [ 85.183288295045969, 28.030351122897741 ], [ 85.183810394752882, 28.030840045300657 ], [ 85.183827376560714, 28.030853738317749 ], [ 85.184355652779814, 28.031226044833176 ], [ 85.184375918665822, 28.03123847532239 ], [ 85.184861962823817, 28.031502172858584 ], [ 85.184885879194169, 28.031513566747584 ], [ 85.185402809727748, 28.031727607828625 ], [ 85.185450607183796, 28.031744571308547 ], [ 85.18577979828558, 28.031849894291518 ], [ 85.185812896248009, 28.031859355095492 ], [ 85.186154085255538, 28.031959071320859 ], [ 85.18623194049556, 28.031979070299986 ], [ 85.186643465194152, 28.032068474207083 ], [ 85.186688259483446, 28.032076466760707 ], [ 85.186984389825497, 28.032121272831368 ], [ 85.187034374515818, 28.032127493647142 ], [ 85.187340600211101, 28.032157243255163 ], [ 85.187406643881786, 28.03216186795062 ], [ 85.187582054314689, 28.032248086850821 ], [ 85.187537842117152, 28.032404530604108 ], [ 85.187526919004824, 28.032449963081618 ], [ 85.187460012710631, 28.032792402985994 ], [ 85.18745329545834, 28.032836907262432 ], [ 85.187419846567622, 28.033131904860891 ], [ 85.18741478916678, 28.033198373728339 ], [ 85.187404378777686, 28.033406817614537 ], [ 85.187402688573243, 28.03347767631616 ], [ 85.187402556442564, 28.033662910167269 ], [ 85.187404239686003, 28.033737969267808 ], [ 85.187411403097371, 28.033903868374317 ], [ 85.18741645364716, 28.033982828172494 ], [ 85.187445866253213, 28.0342747096213 ], [ 85.187454387291936, 28.034336551114482 ], [ 85.187531328649499, 28.034741184080115 ], [ 85.187546746636343, 28.034804547903583 ], [ 85.187644474479725, 28.035138667255509 ], [ 85.187626967085251, 28.035219303878936 ], [ 85.187592962688967, 28.0353923922445 ], [ 85.187575297272303, 28.035488421485798 ], [ 85.187554309435939, 28.035610796669349 ], [ 85.187529933947943, 28.035772539138492 ], [ 85.187513600586584, 28.035898173188702 ], [ 85.187496428733908, 28.036053946645481 ], [ 85.187484778814252, 28.036182630576313 ], [ 85.187474025798977, 28.036332705068215 ], [ 85.187467081805096, 28.036464191903054 ], [ 85.187462058571967, 28.036609004883648 ], [ 85.187459835385752, 28.036743076423512 ], [ 85.187459962555039, 28.036883099461395 ], [ 85.187462469766942, 28.037019367771869 ], [ 85.187467271491172, 28.037155115133768 ], [ 85.187474502969252, 28.037293220048571 ], [ 85.1874802554957, 28.037376669488282 ], [ 85.187406813746705, 28.037954904038823 ], [ 85.18742179773939, 28.038293903901661 ], [ 85.187751739935464, 28.039724939649304 ], [ 85.18781774939653, 28.039825598831246 ], [ 85.187864952269393, 28.040193883263253 ], [ 85.188319709519035, 28.041179974300487 ], [ 85.188389442968202, 28.041565116509823 ], [ 85.188887617184193, 28.042589767595924 ], [ 85.189393594923871, 28.043353782600388 ], [ 85.190064557958905, 28.044150523226932 ], [ 85.190105498035422, 28.044189347211073 ], [ 85.190309498185854, 28.044489414768027 ], [ 85.191464381131823, 28.045665892564536 ], [ 85.191792430530313, 28.045901496220427 ], [ 85.191899935020487, 28.045982438858179 ], [ 85.192451553224899, 28.046376231235058 ], [ 85.192486618038131, 28.046409392806574 ], [ 85.192593760526208, 28.046509299840334 ], [ 85.192659855156919, 28.046569789735919 ], [ 85.192759102166391, 28.046658939948152 ], [ 85.192840737243955, 28.046730632006408 ], [ 85.192934519917117, 28.046811152042935 ], [ 85.193031669267057, 28.046892398775007 ], [ 85.193123678766725, 28.046967347862303 ], [ 85.193236895417087, 28.047056848724061 ], [ 85.193326396139767, 28.047125505128079 ], [ 85.193455106024331, 28.047220992721403 ], [ 85.193542924544943, 28.047283989118799 ], [ 85.193687526479323, 28.047383949229808 ], [ 85.193774167400178, 28.047441646023522 ], [ 85.193990691052534, 28.04757814038053 ], [ 85.194065351072013, 28.047622648618468 ], [ 85.194311337653829, 28.047760332044795 ], [ 85.19433443493854, 28.047784005939441 ], [ 85.194446927988182, 28.047895515293689 ], [ 85.194502886514314, 28.047949166686298 ], [ 85.194612709381346, 28.048051213310362 ], [ 85.194666315500371, 28.04809948927063 ], [ 85.194796605874529, 28.048212690945302 ], [ 85.194848917935147, 28.048256539444868 ], [ 85.19499986501404, 28.048378078363871 ], [ 85.195051431806434, 28.048417956044272 ], [ 85.19521086034591, 28.048536246971683 ], [ 85.195263726313158, 28.048573870132703 ], [ 85.195410582089792, 28.048674531751733 ], [ 85.195467280493844, 28.048711949810844 ], [ 85.195604629035699, 28.048799483551477 ], [ 85.195665759554103, 28.04883709154128 ], [ 85.19573454129781, 28.048878091097059 ], [ 85.196217413376232, 28.049221849737343 ], [ 85.196228959249908, 28.049233557309268 ], [ 85.196283117697135, 28.04928691092039 ], [ 85.196376621039306, 28.049376554202279 ], [ 85.196424132997336, 28.049420885613237 ], [ 85.196966288825251, 28.050326782007112 ], [ 85.197364082584301, 28.050827081241579 ], [ 85.197647797711369, 28.051431825008979 ], [ 85.197921164340556, 28.051849944207106 ], [ 85.198008161872821, 28.052123641401096 ], [ 85.199081901467949, 28.053876524097511 ], [ 85.201389875094833, 28.056207586573798 ], [ 85.201406538387488, 28.056194602448922 ], [ 85.201921174019986, 28.056728206241239 ], [ 85.201988755062374, 28.057008812050906 ], [ 85.202226468345103, 28.057473431169043 ], [ 85.202157328714534, 28.057863609113838 ], [ 85.202076788196365, 28.05810753429698 ], [ 85.202053440679322, 28.058188941967561 ], [ 85.202035371133178, 28.058260380020911 ], [ 85.201943497072477, 28.05839235392564 ], [ 85.201380572102394, 28.059523332117216 ], [ 85.201195667232014, 28.060679601343296 ], [ 85.20089240508949, 28.061153484602791 ], [ 85.200581266909367, 28.062599284501154 ], [ 85.200620244827775, 28.062846313033329 ], [ 85.200551158676504, 28.062950135514406 ], [ 85.200514671367856, 28.063007306122746 ], [ 85.200415042210309, 28.06317121072685 ], [ 85.200383024405909, 28.063226590731901 ], [ 85.200281925754865, 28.063411734210128 ], [ 85.200254062077832, 28.063465873603793 ], [ 85.200155101168065, 28.063671493016376 ], [ 85.200131226546105, 28.063724713630805 ], [ 85.200017988072076, 28.064003452258689 ], [ 85.199990717853964, 28.064078185641151 ], [ 85.199896204485171, 28.064370467353928 ], [ 85.19987192079013, 28.06445638990585 ], [ 85.199819324631008, 28.064662919707096 ], [ 85.199799178193331, 28.064751668896065 ], [ 85.199777499600884, 28.064853157210422 ], [ 85.199740047313782, 28.065040168588485 ], [ 85.199716063266024, 28.065159740773694 ], [ 85.199700331302935, 28.06524264315474 ], [ 85.199678530714323, 28.065364447081102 ], [ 85.199664811368038, 28.065445892553335 ], [ 85.199645329010991, 28.065569241224974 ], [ 85.199633497551318, 28.065649364607694 ], [ 85.199616350425558, 28.065774154465473 ], [ 85.199606311002881, 28.065852981486803 ], [ 85.199591510857061, 28.065979118829691 ], [ 85.199583158492544, 28.06605682608113 ], [ 85.199570721685845, 28.066184184779409 ], [ 85.199563982064049, 28.066260781665623 ], [ 85.199553918732533, 28.066389242727542 ], [ 85.199548707282503, 28.066464969280243 ], [ 85.199541030884745, 28.066594397512951 ], [ 85.199537404580468, 28.066666538945562 ], [ 85.199529162498351, 28.066866441822768 ], [ 85.199526268448949, 28.066967807915113 ], [ 85.199523633558158, 28.067133765707883 ], [ 85.199523765880173, 28.067268685114264 ], [ 85.199526453606779, 28.067419354482002 ], [ 85.199528108934743, 28.067462628374294 ], [ 85.199478535349954, 28.067926187726627 ], [ 85.199518430837216, 28.068419098700911 ], [ 85.199519823153395, 28.068455142062135 ], [ 85.19953183461908, 28.068646823864718 ], [ 85.19953857049461, 28.068724465148666 ], [ 85.19956253342427, 28.068935622210077 ], [ 85.199572886675867, 28.069009396031792 ], [ 85.199588816796648, 28.069113084652244 ], [ 85.199589324188835, 28.06911612324917 ], [ 85.199606386561797, 28.069211286010844 ], [ 85.199620072262462, 28.069282691604933 ], [ 85.199652851307604, 28.069437343482747 ], [ 85.199670425972457, 28.069512972754293 ], [ 85.199708625529098, 28.069664176636852 ], [ 85.199729478297115, 28.069740546515497 ], [ 85.199772199790033, 28.069886325750375 ], [ 85.199796195632786, 28.069962931785206 ], [ 85.199843476702554, 28.070104813570012 ], [ 85.199870469846033, 28.07018118546269 ], [ 85.199922717896385, 28.070320976285768 ], [ 85.199952487022117, 28.070396475789632 ], [ 85.200010342247481, 28.070535805509341 ], [ 85.200042653090918, 28.070609838428723 ], [ 85.200107164339073, 28.070750566434818 ], [ 85.200141751400366, 28.070822520114735 ], [ 85.20022713023431, 28.070990541463967 ], [ 85.200247163524651, 28.071027909283412 ], [ 85.200353769221238, 28.071215382122467 ], [ 85.200375968750322, 28.071252261218387 ], [ 85.200450339035584, 28.071371443196345 ], [ 85.200538498977664, 28.071507822770254 ], [ 85.200538571629153, 28.071507785819183 ], [ 85.20060322273234, 28.071613073714147 ], [ 85.200634636606551, 28.071660017921023 ], [ 85.200654118591899, 28.071687062496697 ], [ 85.200662329485141, 28.071703072776284 ], [ 85.200721758948731, 28.071813207096998 ], [ 85.200805569303, 28.071961463121841 ], [ 85.200871221703309, 28.072072458710007 ], [ 85.200957018865338, 28.072211517630699 ], [ 85.20102838166828, 28.072322505891218 ], [ 85.201116772458363, 28.072454693108103 ], [ 85.201155010138109, 28.072509718851169 ], [ 85.20117171714827, 28.072545960790979 ], [ 85.201203823207194, 28.072612823357243 ], [ 85.201272579117159, 28.072749663435388 ], [ 85.201305179943532, 28.072811752981295 ], [ 85.201347886691821, 28.072889298035687 ], [ 85.201353482276019, 28.072937912749758 ], [ 85.201432943656329, 28.073394945439951 ], [ 85.201442955656759, 28.073437811360332 ], [ 85.20159926903284, 28.073952079145158 ], [ 85.201610809532937, 28.073982721268671 ], [ 85.201745859179951, 28.074300878609868 ], [ 85.201759210096995, 28.07432906265409 ], [ 85.201944009481323, 28.074676879903905 ], [ 85.201958961419948, 28.074702167222885 ], [ 85.202212407326343, 28.075083964715478 ], [ 85.202228824669334, 28.075106129707354 ], [ 85.202266570589231, 28.075152609731497 ], [ 85.202459522556069, 28.075567963602971 ], [ 85.203798565464041, 28.076790558780598 ], [ 85.204202017429495, 28.077040580102846 ], [ 85.204269509363201, 28.077103146965019 ], [ 85.204307317759302, 28.077135567599623 ], [ 85.204571302806642, 28.077346617475801 ], [ 85.204614127130256, 28.077378521573312 ], [ 85.204850676395466, 28.077544397386738 ], [ 85.204896585582418, 28.07757467309278 ], [ 85.204921859511586, 28.077590513805998 ], [ 85.204929741294791, 28.077597173827911 ], [ 85.204991366576422, 28.077648387586102 ], [ 85.205391726243619, 28.077975612499117 ], [ 85.205504368913168, 28.078070347173071 ], [ 85.205509400764356, 28.078074329258477 ], [ 85.205866569919408, 28.078371204613845 ], [ 85.206834181973832, 28.078862643818308 ], [ 85.206824512328666, 28.078874820110823 ], [ 85.206864607963453, 28.078899867900883 ], [ 85.206935831764326, 28.078941534851719 ], [ 85.206959923890167, 28.078975233119024 ], [ 85.207967621001359, 28.080001467498708 ], [ 85.209274502179895, 28.080714522746575 ], [ 85.210761668842522, 28.081049522626842 ], [ 85.210809945510789, 28.081047205832576 ], [ 85.210985237692867, 28.081196683453772 ], [ 85.21105167496026, 28.081250478881302 ], [ 85.211115202937165, 28.081298810048459 ], [ 85.211116544364302, 28.081300031979051 ], [ 85.211132693117591, 28.081313827459532 ], [ 85.211251374542115, 28.081405633953349 ], [ 85.211255632524697, 28.081410572837711 ], [ 85.211290521768319, 28.081448295320094 ], [ 85.211350341899418, 28.081508243038776 ], [ 85.21153820206051, 28.082333016209759 ], [ 85.212414896249498, 28.083637464545081 ], [ 85.213729936481698, 28.084610046592243 ], [ 85.214900938787594, 28.084997261821098 ], [ 85.216156509180664, 28.085893176337031 ], [ 85.216554968126275, 28.086017203738756 ], [ 85.217449987994115, 28.086844865548471 ], [ 85.218714096930796, 28.087485462850591 ], [ 85.220131037846073, 28.087782285518117 ], [ 85.220271043484288, 28.087793286271715 ], [ 85.220490539545253, 28.08778285796663 ], [ 85.220590512971214, 28.087843046799271 ], [ 85.220640061497505, 28.087870567921282 ], [ 85.22088603126501, 28.08799881562771 ], [ 85.220940465613694, 28.088025404584688 ], [ 85.221161599897997, 28.088127241434982 ], [ 85.221221562935312, 28.088153222416434 ], [ 85.221412315182164, 28.088231584835754 ], [ 85.221479685169228, 28.088257775458665 ], [ 85.221510661342535, 28.088268959483194 ], [ 85.221518024466505, 28.08828372205252 ], [ 85.221532849753913, 28.088310289080212 ], [ 85.221701548535307, 28.088587768522789 ], [ 85.221720286983597, 28.088616167747006 ], [ 85.221863375698547, 28.088820345881871 ], [ 85.22188746883775, 28.088852765530753 ], [ 85.222120872725526, 28.089141424249217 ], [ 85.222138609705524, 28.089161630412388 ], [ 85.222194837731294, 28.089219100182213 ], [ 85.222531742028295, 28.089655040782233 ], [ 85.222555280474594, 28.089680138579155 ], [ 85.222971025977756, 28.090062006070394 ], [ 85.222970421221348, 28.090062535929938 ], [ 85.223014495566247, 28.090102099234763 ], [ 85.223017614933454, 28.090104798245878 ], [ 85.22307820960927, 28.09016045486138 ], [ 85.223101991925816, 28.090179287141286 ], [ 85.223119561257846, 28.090193134976314 ], [ 85.223121138363084, 28.090194372212984 ], [ 85.223148324963631, 28.090217895516989 ], [ 85.223194830155165, 28.090256680736786 ], [ 85.223328393200347, 28.090364179480897 ], [ 85.223364896250146, 28.090392529010778 ], [ 85.223682565020113, 28.090758471886467 ], [ 85.223694821447864, 28.090770092941149 ], [ 85.224452015556494, 28.091358675093154 ], [ 85.224468484293922, 28.091369114219919 ], [ 85.22519779307315, 28.091753214591346 ], [ 85.225197643429425, 28.091753477350931 ], [ 85.225201989424676, 28.091755424722379 ], [ 85.225208296617197, 28.09175874639989 ], [ 85.225273346950203, 28.091786701157439 ], [ 85.225273568444877, 28.091786295833927 ], [ 85.225481341909997, 28.091873233622575 ], [ 85.225519093028538, 28.09188793871234 ], [ 85.225859154856394, 28.09200765864227 ], [ 85.225943564551457, 28.092034301314918 ], [ 85.225966111292166, 28.092040636812975 ], [ 85.226011644925947, 28.092077335123268 ], [ 85.226067877365779, 28.092121089713984 ], [ 85.226211096552703, 28.092228451124381 ], [ 85.226267518171397, 28.092269189304492 ], [ 85.226423903343772, 28.092377673597589 ], [ 85.226480402504762, 28.092415314499597 ], [ 85.226622583116139, 28.092506677430762 ], [ 85.226693639940905, 28.092550699254996 ], [ 85.226860941309454, 28.092650037464892 ], [ 85.226922262161295, 28.092684909461145 ], [ 85.226962712566973, 28.092706612922228 ], [ 85.227027343694317, 28.09278864680525 ], [ 85.227040020371319, 28.092803154613001 ], [ 85.227463814047667, 28.093229691574589 ], [ 85.227499475344743, 28.093261321230759 ], [ 85.227900827262545, 28.093581386156 ], [ 85.22795268810556, 28.093618526145239 ], [ 85.22834008882252, 28.093870131732064 ], [ 85.22837702613559, 28.093891823349448 ], [ 85.228817503906157, 28.094118349085324 ], [ 85.228920213604979, 28.094184447007901 ], [ 85.228961718984891, 28.094209578135988 ], [ 85.229163266889586, 28.094325522650937 ], [ 85.229257404880187, 28.094376918431038 ], [ 85.229429951616112, 28.094467018830624 ], [ 85.229510188651673, 28.09450705241127 ], [ 85.229559457224653, 28.094530145253749 ], [ 85.230240468402044, 28.094945247537684 ], [ 85.230639097752459, 28.095373033827965 ], [ 85.232073073942658, 28.096149875052745 ], [ 85.232258079580774, 28.096215877867838 ], [ 85.233486678148552, 28.096502579212491 ], [ 85.234757075007408, 28.096510419280445 ], [ 85.23480355812741, 28.096505523377935 ], [ 85.235899823621551, 28.096729782666571 ], [ 85.236191817473809, 28.096719693356764 ], [ 85.236507731802519, 28.097012254305191 ], [ 85.237803399178219, 28.097660432985155 ], [ 85.239255112194584, 28.097948568211873 ], [ 85.24073875689966, 28.097852025349678 ], [ 85.241887748974335, 28.097460708143235 ], [ 85.243355393138856, 28.097534662450929 ], [ 85.244440122616467, 28.097486351197283 ], [ 85.245154213377219, 28.097386027389252 ], [ 85.24639637421231, 28.09749127389221 ], [ 85.246739687315184, 28.097481738003427 ], [ 85.247567839493215, 28.097393889689982 ], [ 85.247919072413708, 28.097543105207571 ], [ 85.248119335534881, 28.097600323158943 ], [ 85.249782027533541, 28.097816803174659 ], [ 85.249813524677862, 28.097816240836746 ], [ 85.249822491551484, 28.09781750223264 ], [ 85.250584160868641, 28.098212385265228 ], [ 85.250823743895268, 28.098278981689106 ], [ 85.251855714320101, 28.0989574668912 ], [ 85.252475576708179, 28.099234024914757 ], [ 85.25247615071666, 28.099233013237381 ], [ 85.253136087482901, 28.099547854914835 ], [ 85.25358927381383, 28.099705212215206 ], [ 85.254760092782789, 28.099919664687981 ], [ 85.254752901364327, 28.09995736261595 ], [ 85.255123785500047, 28.100012996100144 ], [ 85.255485140497967, 28.100068589678013 ], [ 85.255731411476646, 28.100095964761831 ], [ 85.256836190790793, 28.100302528874558 ], [ 85.256841670143203, 28.10031003118948 ], [ 85.256871758538438, 28.100337488122392 ], [ 85.257378020960218, 28.100692296570166 ], [ 85.257531991090886, 28.100832800108702 ], [ 85.257671958546936, 28.100898297669755 ], [ 85.25791388966752, 28.101067849826173 ], [ 85.258103610940381, 28.101140373368438 ], [ 85.258277119129517, 28.101261972521204 ], [ 85.258477623438949, 28.10133861905533 ], [ 85.258590808800633, 28.101441901697758 ], [ 85.25873077067574, 28.101507393995252 ], [ 85.258972691596455, 28.101676935120476 ], [ 85.258973101259471, 28.101677091667973 ], [ 85.258974399129585, 28.101679604864852 ], [ 85.25918694555412, 28.10216918355308 ], [ 85.259306083026814, 28.102321851968341 ], [ 85.259338551915022, 28.102384721714991 ], [ 85.259472646469234, 28.102593327039248 ], [ 85.259743268007369, 28.102882077001215 ], [ 85.259873960060148, 28.1030495492734 ], [ 85.259937263416106, 28.103113004117091 ], [ 85.259950192964723, 28.103102862100283 ], [ 85.26060718177196, 28.103803849149379 ], [ 85.260683747873998, 28.103861275365027 ], [ 85.260722919170064, 28.103900540456308 ], [ 85.261236229918381, 28.104244187098445 ], [ 85.26119084115652, 28.104288795271152 ], [ 85.261518648343113, 28.104551048464749 ], [ 85.262284489238723, 28.105169629641857 ], [ 85.262433475226956, 28.105269299566192 ], [ 85.263037124154991, 28.105827946127082 ], [ 85.263114476862512, 28.105762228206761 ], [ 85.263666313091889, 28.106334386623615 ], [ 85.264068620737362, 28.106602597861212 ], [ 85.264194895272354, 28.106684122608016 ], [ 85.264433300596238, 28.10683312986788 ], [ 85.264577554562436, 28.106902000072317 ], [ 85.264806683112255, 28.107044024642772 ], [ 85.265397458961289, 28.107304443574016 ], [ 85.265563090583186, 28.107388311669155 ], [ 85.266230557350553, 28.107826010937583 ], [ 85.266255106223113, 28.107881398697572 ], [ 85.267401206430847, 28.109428842740101 ], [ 85.268527068739232, 28.110422507806497 ], [ 85.26852921255383, 28.110420598148981 ], [ 85.268587165972875, 28.110479069175781 ], [ 85.268621525860638, 28.110508621746614 ], [ 85.269093119106799, 28.11086736847518 ], [ 85.269109660933367, 28.11087847210699 ], [ 85.269508015904094, 28.111120390898655 ], [ 85.269527570951496, 28.111131094809959 ], [ 85.269880018242361, 28.111304103477984 ], [ 85.269879234085437, 28.111305416444516 ], [ 85.27013211265556, 28.111424147166339 ], [ 85.270142819598476, 28.111446092158509 ], [ 85.27034073789352, 28.111806437717885 ], [ 85.270419339426098, 28.111972539379202 ], [ 85.270438072860131, 28.112006423050232 ], [ 85.270915417379697, 28.112702663639269 ], [ 85.270937393633901, 28.11272901990916 ], [ 85.271302411389982, 28.113089475709351 ], [ 85.271409574395804, 28.113228891056966 ], [ 85.271427798056521, 28.11324826253691 ], [ 85.271771302330023, 28.113574191284322 ], [ 85.271822316264391, 28.113911705270837 ], [ 85.271827850139545, 28.1139354011823 ], [ 85.272113415304702, 28.114755531495728 ], [ 85.27241342489684, 28.115394085639313 ], [ 85.273231755897271, 28.116579299651082 ], [ 85.273525751841106, 28.116886307713333 ], [ 85.2749207603256, 28.117903839250321 ], [ 85.275287768839178, 28.118085846179063 ], [ 85.276634111577977, 28.118545739831777 ], [ 85.277192889028782, 28.118587089949152 ], [ 85.277314826049363, 28.118904462737699 ], [ 85.278341519620653, 28.120079246062136 ], [ 85.279743032009989, 28.120894562173319 ], [ 85.280265428863117, 28.121012722392855 ], [ 85.28112742925174, 28.121693749796812 ], [ 85.282534268509565, 28.122255973470647 ], [ 85.283041404722852, 28.122309772296166 ], [ 85.2831573189343, 28.122382776020515 ], [ 85.283606218813503, 28.123250418202201 ], [ 85.284000207705304, 28.123747429542114 ], [ 85.285390179616783, 28.124935934188937 ], [ 85.28577018645629, 28.125154942115078 ], [ 85.286812731731686, 28.125604923197749 ], [ 85.287105937618094, 28.12595076462496 ], [ 85.287396937502095, 28.126198772078176 ], [ 85.288685489941244, 28.126998123259526 ], [ 85.289046995664009, 28.127155084930433 ], [ 85.289610751623954, 28.127699397359699 ], [ 85.289828476811053, 28.1279247779648 ], [ 85.290443644547551, 28.12850296814976 ], [ 85.291034348809163, 28.128893306954325 ], [ 85.29129040177061, 28.129137595913082 ], [ 85.292320140406602, 28.129735235090646 ], [ 85.29255854951883, 28.129839539783802 ], [ 85.293200662976062, 28.130039514506013 ], [ 85.293389999089925, 28.130474944906549 ], [ 85.294014620087594, 28.131495839013617 ], [ 85.294413778808106, 28.131871805340907 ], [ 85.294413806158303, 28.132086361087463 ], [ 85.29441664308203, 28.132139480780712 ], [ 85.294465365438867, 28.132584122796462 ], [ 85.294473771168327, 28.132634671114026 ], [ 85.294565381760819, 28.133049686688384 ], [ 85.294582339529157, 28.133111083754407 ], [ 85.294742854645747, 28.133580241923294 ], [ 85.294752364867904, 28.133603421561993 ], [ 85.294953245667813, 28.134025103269796 ], [ 85.294964067150246, 28.134044945563321 ], [ 85.29530997995542, 28.134581871615982 ], [ 85.29533313178797, 28.134612691725817 ], [ 85.295555735841447, 28.134886274998962 ], [ 85.296102160983494, 28.135507495201228 ], [ 85.296801815474453, 28.136157452336469 ], [ 85.297233085160116, 28.136485443015772 ], [ 85.298844741265512, 28.138445171888428 ], [ 85.299220000205977, 28.139140505160789 ], [ 85.299226682157823, 28.139228402730289 ], [ 85.299230786227227, 28.139251473463887 ], [ 85.299485106875025, 28.140114751628026 ], [ 85.299493988015456, 28.140136022517193 ], [ 85.299875737196345, 28.140850700589599 ], [ 85.299900095456024, 28.140887555459084 ], [ 85.300347213149337, 28.141458226530499 ], [ 85.300375062984827, 28.141488499464447 ], [ 85.300462465095976, 28.141566990914097 ], [ 85.300576372879462, 28.14175231031448 ], [ 85.302869333422436, 28.144268374189863 ], [ 85.303869671713628, 28.145104167777358 ], [ 85.304529681136714, 28.145522182339104 ], [ 85.305388621422054, 28.145961007739778 ], [ 85.30554583109668, 28.146024129887635 ], [ 85.306000742358933, 28.146400883824324 ], [ 85.306512152698232, 28.146684535837295 ], [ 85.30663009898683, 28.146792423248367 ], [ 85.307132785592799, 28.147028763426697 ], [ 85.307650485845244, 28.147315896698906 ], [ 85.307809482855177, 28.147370038603906 ], [ 85.307902538208197, 28.147421240005499 ], [ 85.307914338378978, 28.147436340750108 ], [ 85.307944437653248, 28.14746378724697 ], [ 85.307944762549056, 28.147464014716661 ], [ 85.308005128581186, 28.14754655899679 ], [ 85.308065357792358, 28.147601452325581 ], [ 85.308095472420959, 28.147628898980891 ], [ 85.308122433712342, 28.147645352797372 ], [ 85.308537016692227, 28.148148209654238 ], [ 85.309375887317984, 28.148943155478996 ], [ 85.310088892216527, 28.149473172585605 ], [ 85.310822301660309, 28.149927394624925 ], [ 85.31390570585728, 28.151498984347409 ], [ 85.313926492965734, 28.151517927392685 ], [ 85.313968131489617, 28.151537381690471 ], [ 85.314157217398474, 28.151669716264394 ], [ 85.314510987246592, 28.15180472450713 ], [ 85.314793500330126, 28.152002442950522 ], [ 85.314890464363188, 28.152039446566324 ], [ 85.315799299001512, 28.152867630601271 ], [ 85.316881564514119, 28.153373254945528 ], [ 85.318353244147389, 28.154435577401081 ], [ 85.319381469098104, 28.155011654736779 ], [ 85.320056150248476, 28.155212601366145 ], [ 85.320174785234187, 28.155268021352327 ], [ 85.320176438637503, 28.155268274293519 ], [ 85.32023544770027, 28.155295840128304 ], [ 85.320237101104183, 28.155296093068781 ], [ 85.320296110198797, 28.155323658878647 ], [ 85.320297756188197, 28.155323910644487 ], [ 85.320356751359469, 28.155351470211578 ], [ 85.32120084908189, 28.155480595803436 ], [ 85.321229613604544, 28.155506804525881 ], [ 85.321259733853935, 28.155534248495741 ], [ 85.321289913268885, 28.155561745438849 ], [ 85.321382191405505, 28.15561804221278 ], [ 85.321627646279211, 28.155789799688598 ], [ 85.321649117928132, 28.155809363339916 ], [ 85.321668629974198, 28.15581847800868 ], [ 85.321802118267442, 28.155911886232644 ], [ 85.321873884770511, 28.15598827219485 ], [ 85.322112040649117, 28.156224386705958 ], [ 85.323388531277047, 28.157403850532496 ], [ 85.323392566044291, 28.157419992010542 ], [ 85.323422265501762, 28.157474505174445 ], [ 85.324201690160976, 28.158510158184288 ], [ 85.324219319992011, 28.158523473595992 ], [ 85.324291631232668, 28.158619556084005 ], [ 85.325360758741908, 28.159427031236547 ], [ 85.326044591096846, 28.159704220848287 ], [ 85.326169040729312, 28.159817599540883 ], [ 85.32626160188326, 28.159860832324174 ], [ 85.326421347881933, 28.15998147946399 ], [ 85.326894122668548, 28.160173116642124 ], [ 85.327049842570091, 28.160370263502131 ], [ 85.327079965669355, 28.160397706294908 ], [ 85.327410397164925, 28.16062889438323 ], [ 85.327860064301362, 28.161108497253135 ], [ 85.327873094020219, 28.161128765356427 ], [ 85.327993308595083, 28.161256522546054 ], [ 85.328032822155862, 28.161227319875053 ], [ 85.328230984062358, 28.161501063612498 ], [ 85.328278870635032, 28.161545258138489 ], [ 85.328328255543141, 28.161590205568892 ], [ 85.328370740198309, 28.161628338765826 ], [ 85.329065338573727, 28.162149228428827 ], [ 85.329629081288829, 28.162500490572118 ], [ 85.329983072535896, 28.162814904574482 ], [ 85.330778482904236, 28.163179567251557 ], [ 85.330787457291564, 28.163196036340825 ], [ 85.33080139495884, 28.163190071347007 ], [ 85.330846755564366, 28.163210867025388 ], [ 85.330847021874064, 28.163211529182593 ], [ 85.33087925670084, 28.163366236897193 ], [ 85.330945865164921, 28.163457267064082 ], [ 85.330948300800628, 28.163463322434758 ], [ 85.330874471022398, 28.163494920107883 ], [ 85.330904175871879, 28.163549431836387 ], [ 85.330933880750337, 28.163603943559313 ], [ 85.331078503901011, 28.163787023213096 ], [ 85.331124652957584, 28.16390175488656 ], [ 85.331184483175065, 28.16398370943374 ], [ 85.331218478665122, 28.163964217677833 ], [ 85.331431493797908, 28.164233872902088 ], [ 85.33160900694098, 28.165295386688115 ], [ 85.33163829266816, 28.165376967993726 ], [ 85.331905340329541, 28.165971291314868 ], [ 85.331935046329917, 28.16602580285231 ], [ 85.332870510518205, 28.167209956190852 ], [ 85.332900636994523, 28.167237397821797 ], [ 85.333147691241024, 28.167410223671403 ], [ 85.334042845353238, 28.168225588741137 ], [ 85.335452155860793, 28.168883678442963 ], [ 85.335498038144451, 28.168890691320641 ], [ 85.335543376806399, 28.168911862232047 ], [ 85.336324462487951, 28.169031244931389 ], [ 85.336484117204392, 28.169092135098083 ], [ 85.336492029800496, 28.169155249577695 ], [ 85.336514352065109, 28.169442042305466 ], [ 85.336507284594276, 28.169478355871185 ], [ 85.336505609396553, 28.169586634926311 ], [ 85.336534640802171, 28.169702709256889 ], [ 85.336541234047147, 28.169787417945379 ], [ 85.336569268243665, 28.169950207645531 ], [ 85.336647902915331, 28.170155555349382 ], [ 85.336668006103608, 28.17023593183648 ], [ 85.3366412431199, 28.170237890467657 ], [ 85.336844849801267, 28.172422639220528 ], [ 85.336826948019038, 28.172514623237156 ], [ 85.336826660652591, 28.172533198864905 ], [ 85.336793468857181, 28.172703739527929 ], [ 85.336791793721261, 28.172812018547827 ], [ 85.336874396837288, 28.173482254428503 ], [ 85.336876669724603, 28.17366105098176 ], [ 85.336880662199604, 28.17375864101427 ], [ 85.336801401917853, 28.174165877265924 ], [ 85.336799307878238, 28.174301226012158 ], [ 85.336802740627277, 28.174424469413587 ], [ 85.336620572168655, 28.174339411701968 ], [ 85.336482472797186, 28.174318305727546 ], [ 85.336426657048008, 28.174297020030867 ], [ 85.335890713438076, 28.174227864386662 ], [ 85.335050672672054, 28.174099472418728 ], [ 85.335020124539184, 28.174099100907341 ], [ 85.333443386725492, 28.174300772057386 ], [ 85.332014134343524, 28.17492431459976 ], [ 85.330872260416456, 28.175908697839017 ], [ 85.330129538078552, 28.177157571668303 ], [ 85.329858680041795, 28.178548694823288 ], [ 85.329856997511456, 28.178656973367868 ], [ 85.330079824318489, 28.180025252551641 ], [ 85.329946048259885, 28.180791636110875 ], [ 85.329945965448118, 28.180796965218445 ], [ 85.330115399341366, 28.181474515825357 ], [ 85.33019170463966, 28.182049098029307 ], [ 85.330343631214561, 28.182387182190308 ], [ 85.33045216141376, 28.18282117373569 ], [ 85.330481870853561, 28.182875685627437 ], [ 85.331261536636674, 28.183911305540349 ], [ 85.331448537400945, 28.184052495879435 ], [ 85.331478136591457, 28.184087666184475 ], [ 85.331508267193726, 28.18411510824383 ], [ 85.331628904440038, 28.184188677057261 ], [ 85.332083556375522, 28.184531946883251 ], [ 85.332169367458107, 28.18461010021726 ], [ 85.33221575930348, 28.184631761628335 ], [ 85.332330936454255, 28.184718721461429 ], [ 85.332488024408633, 28.184782375405824 ], [ 85.332758297126801, 28.185096390213328 ], [ 85.332782061219845, 28.185120356571357 ], [ 85.332973522298218, 28.185279012214856 ], [ 85.33302570235675, 28.185338599802463 ], [ 85.333040931057411, 28.185353039240418 ], [ 85.333643667527113, 28.185839789613301 ], [ 85.333662948694425, 28.185853019347512 ], [ 85.333938774170448, 28.186012837081016 ], [ 85.333965967499594, 28.186033660633885 ], [ 85.333999508933431, 28.186057064426219 ], [ 85.334423229755984, 28.18632287080548 ], [ 85.334455080398982, 28.186340764053 ], [ 85.334905939655641, 28.186566428410174 ], [ 85.33493770923387, 28.186580492189453 ], [ 85.3352766015783, 28.186717034327103 ], [ 85.33531309100573, 28.186730332357218 ], [ 85.335657578538331, 28.186843186126609 ], [ 85.335768328850435, 28.186875495588431 ], [ 85.335892282083066, 28.186910109637772 ], [ 85.335949161072421, 28.186925288926243 ], [ 85.336129205238208, 28.186970159007249 ], [ 85.336147615693974, 28.18697442554117 ], [ 85.336436774548901, 28.18715509024533 ], [ 85.336463730351824, 28.187169700741787 ], [ 85.337159762252881, 28.187484666378904 ], [ 85.33719392785666, 28.187497300331664 ], [ 85.337818492385978, 28.187687154130579 ], [ 85.337858914235028, 28.1876968974078 ], [ 85.338182789190725, 28.187764974735927 ], [ 85.338236120069993, 28.187774565093509 ], [ 85.338801176415828, 28.187847237164831 ], [ 85.338836725148823, 28.187850017835672 ], [ 85.339475960091605, 28.187842006833591 ], [ 85.339480113985189, 28.187858610860413 ], [ 85.339509829367898, 28.187913121007377 ], [ 85.339869773341931, 28.188468810262869 ], [ 85.339982395402458, 28.188617174331547 ], [ 85.340219684283255, 28.188873949409746 ], [ 85.34025206249872, 28.189099968567348 ], [ 85.340270844328089, 28.189161001042322 ], [ 85.340509124908337, 28.189729687689276 ], [ 85.340514970256947, 28.190119826511726 ], [ 85.340584956138727, 28.190428828510459 ], [ 85.341281995468862, 28.191964050612548 ], [ 85.342556899633479, 28.193173366346688 ], [ 85.342818674896876, 28.193344275087824 ], [ 85.34282703193621, 28.193354202102388 ], [ 85.342970010961452, 28.193557807917749 ], [ 85.342987450397771, 28.193639553449316 ], [ 85.343011325868744, 28.193797259401336 ], [ 85.343171779197007, 28.194109419279449 ], [ 85.343183822855167, 28.19415472263972 ], [ 85.343330321082462, 28.194520884490402 ], [ 85.343436689648485, 28.194837713732479 ], [ 85.343466408826202, 28.1948922231336 ], [ 85.343500191637887, 28.194945460740925 ], [ 85.343555149062027, 28.195082821063103 ], [ 85.343584868362385, 28.19513733044203 ], [ 85.343616296039386, 28.195186856346915 ], [ 85.34376641301219, 28.195520770253424 ], [ 85.344095318182283, 28.196509968557347 ], [ 85.344140620934226, 28.196597316827248 ], [ 85.344207595843216, 28.196960878420448 ], [ 85.34447353024224, 28.197837536395834 ], [ 85.344611744893044, 28.198159611285973 ], [ 85.344616976887039, 28.198177535565307 ], [ 85.344630460957703, 28.198216883167959 ], [ 85.344758527310375, 28.198544689621936 ], [ 85.344776098549261, 28.198584628151053 ], [ 85.344918646806534, 28.198877578552462 ], [ 85.344940247154739, 28.198917977336166 ], [ 85.345092091189571, 28.199179569698046 ], [ 85.345117698331066, 28.1992203580607 ], [ 85.345171194909383, 28.199193998140004 ], [ 85.34630956163474, 28.200584242472118 ], [ 85.346627001799291, 28.200826555272002 ], [ 85.346814927005724, 28.20191295266995 ], [ 85.346815004725087, 28.20202925653679 ], [ 85.346816966904115, 28.202098990668919 ], [ 85.346831158250254, 28.202341377025494 ], [ 85.34683705140317, 28.202407559508661 ], [ 85.346837443172944, 28.202410691563713 ], [ 85.346829382489972, 28.202492391321595 ], [ 85.346827695407185, 28.202526603424882 ], [ 85.346841796408029, 28.203112429479425 ], [ 85.346844751451016, 28.203142688795463 ], [ 85.346945377759781, 28.203725766663204 ], [ 85.346956565653528, 28.203770695307352 ], [ 85.347113429133529, 28.204265003415987 ], [ 85.347129551806844, 28.204306568508731 ], [ 85.347362684145025, 28.204807486105409 ], [ 85.347375178000874, 28.204830332036096 ], [ 85.347493571678314, 28.205021820728696 ], [ 85.347726585760981, 28.205655582836592 ], [ 85.347738329425255, 28.205680648835369 ], [ 85.348143408238442, 28.2063704692325 ], [ 85.348154653623865, 28.206386150468614 ], [ 85.3482520594318, 28.206503220468129 ], [ 85.348099862796502, 28.20728532535102 ], [ 85.348097711953372, 28.207288469657936 ], [ 85.348085559066575, 28.207311035960132 ], [ 85.347768586744962, 28.208066958487745 ], [ 85.347755904340545, 28.208108163868886 ], [ 85.347621449711013, 28.208697096474832 ], [ 85.34761495358859, 28.208740135519747 ], [ 85.347570442468765, 28.209395785422977 ], [ 85.347571002999445, 28.20943462195785 ], [ 85.347597855038018, 28.209728944260291 ], [ 85.347575922552906, 28.209875136610062 ], [ 85.347811289886465, 28.211170177003918 ], [ 85.348457219925493, 28.212350521773665 ], [ 85.348710623931254, 28.212594816810174 ], [ 85.348701324635726, 28.212792531180462 ], [ 85.348697178743279, 28.21298862442865 ], [ 85.348696684704876, 28.213129592458298 ], [ 85.348697702715683, 28.213201626388287 ], [ 85.348701835980435, 28.213335445767097 ], [ 85.348704947509802, 28.213400738077898 ], [ 85.348721744482916, 28.213622919174746 ], [ 85.348729685258533, 28.213699540114671 ], [ 85.348764372401192, 28.213954374124121 ], [ 85.348778591502679, 28.214038600350623 ], [ 85.348814303813157, 28.214223714891585 ], [ 85.348827263985598, 28.214283386142853 ], [ 85.348824123650076, 28.214355656586331 ], [ 85.348820666125462, 28.214479309062053 ], [ 85.348818900903154, 28.214620728221323 ], [ 85.348821259609224, 28.21481668443845 ], [ 85.348825652680716, 28.214936823152541 ], [ 85.348842198415454, 28.215182300824154 ], [ 85.348847443454076, 28.215235637382822 ], [ 85.348812310738055, 28.215297106472683 ], [ 85.348571389970985, 28.216716107326061 ], [ 85.34857437792293, 28.216970106934834 ], [ 85.348809439513801, 28.218278696498842 ], [ 85.349463526909744, 28.21947037431708 ], [ 85.350480240704982, 28.220442362958138 ], [ 85.350889160335612, 28.220653991511096 ], [ 85.350980752911425, 28.220781340046415 ], [ 85.351603428464955, 28.221482852403064 ], [ 85.351731172577175, 28.221600637324304 ], [ 85.351843437685048, 28.221745984793998 ], [ 85.351883107718464, 28.221794841909553 ], [ 85.352027728133592, 28.221964384307832 ], [ 85.352097082658076, 28.222041829049793 ], [ 85.3522180246283, 28.222171819374893 ], [ 85.352295103931013, 28.22225158354993 ], [ 85.352386645749505, 28.222343252260327 ], [ 85.352486495387481, 28.222479194138877 ], [ 85.352495134709542, 28.222485873060126 ], [ 85.352516640281536, 28.222575496070405 ], [ 85.35269862285115, 28.223012501662634 ], [ 85.353625158823974, 28.22440279087391 ], [ 85.353785376618944, 28.224517033708405 ], [ 85.354128070572898, 28.225001504841163 ], [ 85.354980959654384, 28.225687140613843 ], [ 85.355052316760705, 28.226083038601431 ], [ 85.355118309960019, 28.226281463521588 ], [ 85.355113527814694, 28.226353477365468 ], [ 85.355015825475817, 28.226669409968029 ], [ 85.355007037004569, 28.226703753296071 ], [ 85.354935802182453, 28.227041204673615 ], [ 85.354929454668763, 28.227079230650627 ], [ 85.354888048351, 28.227412410322838 ], [ 85.354882748530457, 28.227477062507415 ], [ 85.354870082646428, 28.227728552520031 ], [ 85.354869273919419, 28.227771501170693 ], [ 85.354865307786767, 28.227821339005537 ], [ 85.354854699840701, 28.228012178821636 ], [ 85.354850422206624, 28.228147370388502 ], [ 85.35484842940798, 28.228280988150406 ], [ 85.354848668990897, 28.228413582538661 ], [ 85.354849038244794, 28.22845229524971 ], [ 85.354819450193673, 28.228541361011434 ], [ 85.354805799086478, 28.228586651700706 ], [ 85.35475113236258, 28.228786123095723 ], [ 85.354740556768036, 28.228828938242444 ], [ 85.354691360063143, 28.229055774462708 ], [ 85.354683672036543, 28.229096875318007 ], [ 85.354644866348153, 28.229347836163569 ], [ 85.354639993416569, 28.229387630687928 ], [ 85.35461511811674, 28.229695107156246 ], [ 85.354614537360689, 28.229697340875596 ], [ 85.354590339518865, 28.229794563078002 ], [ 85.354549924267829, 28.229974217432751 ], [ 85.354529253165012, 28.230076944845319 ], [ 85.354485288763399, 28.23034013870139 ], [ 85.354472930932047, 28.230432944872465 ], [ 85.35447117459141, 28.23044630652161 ], [ 85.354451868207249, 28.230595107853414 ], [ 85.354316407199079, 28.23110553853191 ], [ 85.354317280498208, 28.231129265092573 ], [ 85.354129321441874, 28.231531494405004 ], [ 85.353830181235438, 28.23190401360819 ], [ 85.353209117418118, 28.232940776195964 ], [ 85.353153874276458, 28.233152659555429 ], [ 85.352969081096802, 28.233337936679597 ], [ 85.352667073121765, 28.23374092705712 ], [ 85.351925967054299, 28.235308648900549 ], [ 85.351879958608521, 28.235502646858997 ], [ 85.351894952421972, 28.236613094242418 ], [ 85.351822978791475, 28.236769333399774 ], [ 85.351725954250668, 28.238245576277329 ], [ 85.351965790643476, 28.239009818885698 ], [ 85.351777138236955, 28.240228543056716 ], [ 85.351787929536286, 28.24032849438548 ], [ 85.351776541696196, 28.240401535688608 ], [ 85.351758199921377, 28.240533502472598 ], [ 85.351748830942412, 28.240610217603539 ], [ 85.351737080216495, 28.240718667882525 ], [ 85.351736754213135, 28.24072211408183 ], [ 85.351616144518275, 28.241652471770195 ], [ 85.351741619864768, 28.24328452779331 ], [ 85.352515960847072, 28.244769703747966 ], [ 85.352701047056684, 28.245001813648546 ], [ 85.352724358652168, 28.245048109138363 ], [ 85.352803654030694, 28.245198119855981 ], [ 85.352862776623823, 28.245304821688112 ], [ 85.352968640179611, 28.245485459547975 ], [ 85.353028648310925, 28.245582438629576 ], [ 85.353160356989761, 28.245782889326613 ], [ 85.353222206373047, 28.245871687782405 ], [ 85.353382516724466, 28.246087740473143 ], [ 85.353446757959219, 28.246169138351593 ], [ 85.353618003361319, 28.246373582836917 ], [ 85.35370553095936, 28.246472142179407 ], [ 85.353858567643002, 28.246636341256284 ], [ 85.353956670642376, 28.246736680277692 ], [ 85.354234729115262, 28.246999148049365 ], [ 85.354277938105625, 28.247036804909687 ], [ 85.354339484390067, 28.247085307388506 ], [ 85.354535312766075, 28.247306787259621 ], [ 85.354594051339262, 28.247368120103356 ], [ 85.354785774782215, 28.247557244316535 ], [ 85.354910049997187, 28.247673097480472 ], [ 85.354928638277897, 28.247690334515781 ], [ 85.354998173044635, 28.247754474832778 ], [ 85.355168222595395, 28.247904120043909 ], [ 85.355242698903211, 28.247966645594101 ], [ 85.355412640715315, 28.248103019543617 ], [ 85.35549199318082, 28.248163874468354 ], [ 85.355660702705762, 28.248287735609779 ], [ 85.355744839670194, 28.248346849294933 ], [ 85.355911498668419, 28.248459079083322 ], [ 85.356000353626428, 28.248516401975234 ], [ 85.356164375769936, 28.248617912006139 ], [ 85.356257777193989, 28.248673331016654 ], [ 85.356418795639613, 28.24876503616121 ], [ 85.356516582931405, 28.24881845638447 ], [ 85.356661596823145, 28.248894516260474 ], [ 85.356954898202105, 28.249094552681143 ], [ 85.357077893642796, 28.249230411152404 ], [ 85.35713702748626, 28.249292449850511 ], [ 85.357275463763358, 28.249431769806119 ], [ 85.357337527719125, 28.249491698421615 ], [ 85.357419966562432, 28.249569436167661 ], [ 85.357484877540429, 28.249629213927136 ], [ 85.357566034002133, 28.249702273279041 ], [ 85.357633756798919, 28.24976186997057 ], [ 85.357713694814834, 28.249830693196593 ], [ 85.3577841872319, 28.24989006949929 ], [ 85.357899709849349, 28.249984413243563 ], [ 85.357951865047241, 28.250025707036517 ], [ 85.35808942039516, 28.250130769713497 ], [ 85.358106546121149, 28.250143385703179 ], [ 85.357666002470268, 28.250746558364849 ], [ 85.357283782648679, 28.252358794257866 ], [ 85.35727977541967, 28.252510793862832 ], [ 85.357552123035418, 28.254075044413302 ], [ 85.358417807184352, 28.2554597728987 ], [ 85.358626605896703, 28.255619527089813 ], [ 85.358629402228672, 28.256267207866884 ], [ 85.358771870229788, 28.256646299422677 ], [ 85.358784912644921, 28.256712496241427 ], [ 85.358802782859655, 28.256791162539887 ], [ 85.358878151170828, 28.25707512376259 ], [ 85.358895929864715, 28.257133556925975 ], [ 85.358979564016963, 28.257376596845802 ], [ 85.359041365733873, 28.25775234191596 ], [ 85.35920896228285, 28.258281214879851 ], [ 85.359175096159547, 28.258289084762634 ], [ 85.359193582446181, 28.258351451314837 ], [ 85.359301350067014, 28.258667456384881 ], [ 85.359323607928232, 28.258725022738819 ], [ 85.359473380579345, 28.25906647741504 ], [ 85.359499631848109, 28.259119803056233 ], [ 85.359547966502419, 28.259214968112197 ], [ 85.359587123734798, 28.259289740230159 ], [ 85.359681410081492, 28.259460284981458 ], [ 85.359701165382774, 28.259494192241061 ], [ 85.359928910766499, 28.259845435372949 ], [ 85.359951153037386, 28.259876428528294 ], [ 85.360311372707358, 28.260310216546298 ], [ 85.36036203891166, 28.260419555938828 ], [ 85.361342627435448, 28.26146713537452 ], [ 85.361833629406107, 28.261854147545947 ], [ 85.362817846689211, 28.262390133802676 ], [ 85.363213854866572, 28.262823966848167 ], [ 85.364016374359707, 28.263310194702957 ], [ 85.365227207091976, 28.264177024288582 ], [ 85.365633869851038, 28.264289212642115 ], [ 85.365677614071998, 28.264308428238156 ], [ 85.365722837336747, 28.264327217577762 ], [ 85.365949925390822, 28.264415661820617 ], [ 85.365993720281679, 28.264431603777094 ], [ 85.366251417460603, 28.264518271734961 ], [ 85.366281684009451, 28.264527629698474 ], [ 85.366403022351946, 28.265364902223212 ], [ 85.366955081706806, 28.266508066802743 ], [ 85.367106128754287, 28.266730027752974 ], [ 85.367647709660119, 28.267328566564455 ], [ 85.367682307779248, 28.267380654801446 ], [ 85.367702970572509, 28.267409183956648 ], [ 85.367968179439472, 28.26774138337937 ], [ 85.367990099229971, 28.267766368988404 ], [ 85.368329892998688, 28.268115337545336 ], [ 85.368353276296162, 28.268137008582375 ], [ 85.368561328138995, 28.268311373359904 ], [ 85.368621475335829, 28.268390532663879 ], [ 85.369108600874753, 28.268824944408966 ], [ 85.369087760749764, 28.268840053661553 ], [ 85.369114292199171, 28.268868737515021 ], [ 85.369269081168554, 28.269028343560532 ], [ 85.369308069191931, 28.269066698262758 ], [ 85.369369302680525, 28.269125870025466 ], [ 85.369552421826711, 28.269299694250051 ], [ 85.369600752489234, 28.269344941520522 ], [ 85.369685475582344, 28.269423170731805 ], [ 85.369787957011454, 28.269515125001359 ], [ 85.369875062681984, 28.269591076668846 ], [ 85.370027657516601, 28.269718756891152 ], [ 85.370108050233782, 28.2697833002462 ], [ 85.370313292329072, 28.269939489883555 ], [ 85.3703969878474, 28.269999836184116 ], [ 85.370455095221189, 28.270038985873505 ], [ 85.370474306412589, 28.270107931373321 ], [ 85.370583284917998, 28.270315071303276 ], [ 85.370576207025749, 28.270520047370688 ], [ 85.3705957952875, 28.271076403980576 ], [ 85.370614859063167, 28.271257590820493 ], [ 85.371022583246273, 28.272464706138624 ], [ 85.370968433631205, 28.272542318453201 ], [ 85.370950686459125, 28.272570541592877 ], [ 85.370768011113867, 28.272890299713847 ], [ 85.370751851925263, 28.27292161384371 ], [ 85.370614050475325, 28.27321568199617 ], [ 85.370599659922107, 28.27324973911454 ], [ 85.370495075881166, 28.273523699658536 ], [ 85.370482574693582, 28.273560271078047 ], [ 85.370403046425622, 28.273820786847551 ], [ 85.370392741732687, 28.273859051361359 ], [ 85.37033308385142, 28.274112639615939 ], [ 85.370325183122659, 28.274151827171803 ], [ 85.3702820463064, 28.274408135141378 ], [ 85.370276758821134, 28.274447223010352 ], [ 85.370247711270181, 28.274745475178527 ], [ 85.370246073594089, 28.274772893164123 ], [ 85.370239569218299, 28.275080743160476 ], [ 85.370240074106519, 28.275109719138896 ], [ 85.370266793554052, 28.275506728308283 ], [ 85.370274266738377, 28.275570360947523 ], [ 85.370305487877673, 28.275756323197591 ], [ 85.370285411146014, 28.27588251582641 ], [ 85.370283532228683, 28.275903078317736 ], [ 85.370267374132084, 28.276325933795796 ], [ 85.370267718159809, 28.276349204109419 ], [ 85.370298229075161, 28.276786624877904 ], [ 85.370304578876301, 28.27683740256494 ], [ 85.370354646543049, 28.277142224211655 ], [ 85.370373282823294, 28.277233647756294 ], [ 85.370398021262716, 28.277346727798989 ], [ 85.370405238908901, 28.277377603283139 ], [ 85.370499929386909, 28.277716150789924 ], [ 85.370509826644707, 28.277746462594706 ], [ 85.370597327548822, 28.277980473436191 ], [ 85.370485430498221, 28.278238973303125 ], [ 85.370468789913488, 28.278282491400439 ], [ 85.370414047674046, 28.27844127338329 ], [ 85.370208527387987, 28.27876565024987 ], [ 85.370195219520397, 28.278790671826275 ], [ 85.369930213521826, 28.279399763770861 ], [ 85.369920574250088, 28.279427819952737 ], [ 85.369915575531323, 28.279446510877577 ], [ 85.369907777351472, 28.279455026204399 ], [ 85.369862668910685, 28.279507151711474 ], [ 85.369850958656087, 28.279521512608309 ], [ 85.369694240717905, 28.27961285020406 ], [ 85.369617207584, 28.27965973010668 ], [ 85.369462308519559, 28.27975781873316 ], [ 85.369400076051207, 28.279798804159604 ], [ 85.36927789614677, 28.279881837994214 ], [ 85.369216083400858, 28.279925175719793 ], [ 85.369100465819116, 28.280008703702531 ], [ 85.369039197485222, 28.280054305873833 ], [ 85.368929488926142, 28.280138350188533 ], [ 85.368868902132874, 28.280186115563531 ], [ 85.368764669683529, 28.280270612939557 ], [ 85.368704888282508, 28.280320441922957 ], [ 85.368605362046324, 28.280405686418518 ], [ 85.368601726734596, 28.28040888581933 ], [ 85.368453038874023, 28.280459274856707 ], [ 85.368372427028746, 28.280487978441609 ], [ 85.368220388480594, 28.280544662303434 ], [ 85.368139396353072, 28.280576233827251 ], [ 85.367994650445809, 28.280635064139545 ], [ 85.36791342876613, 28.280669445841561 ], [ 85.367775432251506, 28.280730146118348 ], [ 85.367747949081874, 28.280742697166261 ], [ 85.367680013071748, 28.280751539755286 ], [ 85.367479949615102, 28.280781191463156 ], [ 85.367471604735044, 28.28078257991536 ], [ 85.367453190851151, 28.280782928637205 ], [ 85.367359735689718, 28.280785457775618 ], [ 85.367254932269049, 28.280789145978904 ], [ 85.367059887475421, 28.280799327467502 ], [ 85.3669607865274, 28.280806189995559 ], [ 85.366699418202302, 28.280830303890205 ], [ 85.366610166014951, 28.280840603302909 ], [ 85.366341539366275, 28.280878077867001 ], [ 85.366265347078311, 28.28089055936324 ], [ 85.36622021129719, 28.280898821567678 ], [ 85.365909050022296, 28.280889759032494 ], [ 85.365798127366332, 28.280862652439726 ], [ 85.364863626009736, 28.280662403645028 ], [ 85.363922820062342, 28.280541545801324 ], [ 85.363074144327626, 28.280503405429656 ], [ 85.362463991516904, 28.280508355081047 ], [ 85.361996743834382, 28.280536962402238 ], [ 85.361188390660857, 28.280644617496829 ], [ 85.360959486599597, 28.280691976624166 ], [ 85.360911762472881, 28.280701851324423 ], [ 85.360872640105541, 28.280710090334019 ], [ 85.360739140903291, 28.280738697868031 ], [ 85.360023007502576, 28.280953613920278 ], [ 85.358581018710439, 28.280944049067408 ], [ 85.358072332909387, 28.281008791919145 ], [ 85.357382484361665, 28.281092693829009 ], [ 85.356469926739464, 28.281372291481798 ], [ 85.356462033905288, 28.281346989051759 ], [ 85.35603292645321, 28.281451882456899 ], [ 85.355517266737564, 28.281664167911359 ], [ 85.355500040335087, 28.281669445697801 ], [ 85.355483062853509, 28.281678248793259 ], [ 85.35528286689447, 28.281760664125905 ], [ 85.355166267874907, 28.281710694610783 ], [ 85.354925884785359, 28.281691450095437 ], [ 85.354858288363374, 28.281673122168165 ], [ 85.354694166707787, 28.281672898785672 ], [ 85.353345302651547, 28.281564901438891 ], [ 85.352868517897534, 28.281603045058972 ], [ 85.35158109925203, 28.281857768757426 ], [ 85.350962215983657, 28.282142590472361 ], [ 85.350885884411895, 28.282162910799119 ], [ 85.350862765394666, 28.282171771085203 ], [ 85.350650447447919, 28.282286070592665 ], [ 85.350437309280423, 28.282384158978729 ], [ 85.350403678233732, 28.282393086242738 ], [ 85.350140163257137, 28.282470015411036 ], [ 85.350102984926579, 28.282481871626196 ], [ 85.349815211756294, 28.282582478333126 ], [ 85.34978052748032, 28.282595694857807 ], [ 85.349618451482783, 28.282663125590091 ], [ 85.349413787507743, 28.282700018878593 ], [ 85.349355489536919, 28.282711844336479 ], [ 85.349154934134816, 28.28275633409925 ], [ 85.349094692163703, 28.282770853324685 ], [ 85.34891446183029, 28.282817464339672 ], [ 85.348851711040027, 28.282834809486616 ], [ 85.348693177072533, 28.282881166125645 ], [ 85.348626861832926, 28.282901629468522 ], [ 85.348448315337293, 28.282960056769678 ], [ 85.348317512734042, 28.283005335405718 ], [ 85.348317055691112, 28.283005500537683 ], [ 85.347390974902439, 28.283135590488914 ], [ 85.346230899592086, 28.283576693661058 ], [ 85.345973432194398, 28.2837101943168 ], [ 85.344880045545906, 28.284582860081141 ], [ 85.344736032936268, 28.284682866614848 ], [ 85.344065495823656, 28.285242186277792 ], [ 85.343941526086411, 28.285366152396371 ], [ 85.343331955426038, 28.286119177901796 ], [ 85.343247534525588, 28.286250022451181 ], [ 85.343235588198581, 28.28626538125782 ], [ 85.3432837280684, 28.286294721130496 ], [ 85.342686169439304, 28.286853768374776 ], [ 85.342644358917667, 28.286917632275049 ], [ 85.342478804248501, 28.287191878219108 ], [ 85.342428859334547, 28.287281948856446 ], [ 85.342294508172927, 28.287545226130657 ], [ 85.342249598963292, 28.287641317815435 ], [ 85.342141476846436, 28.287893799084053 ], [ 85.342101896481381, 28.287995288173772 ], [ 85.342015721230993, 28.288238278956882 ], [ 85.341981690786923, 28.288344652838333 ], [ 85.341914024446098, 28.288580189147122 ], [ 85.341885932751467, 28.288690308210938 ], [ 85.341834250247743, 28.288920647940419 ], [ 85.341812372958955, 28.289033438886694 ], [ 85.34177486159939, 28.289261665314239 ], [ 85.34175945586766, 28.289375801920933 ], [ 85.34173148876657, 28.289657919695475 ], [ 85.341729016218096, 28.28969686605339 ], [ 85.341722766263985, 28.289925747355642 ], [ 85.341708994511649, 28.290017428108776 ], [ 85.341701840862697, 28.290082633980681 ], [ 85.3416859189891, 28.290334867920162 ], [ 85.341685236057543, 28.290340006298745 ], [ 85.34166495405465, 28.290525581770048 ], [ 85.341660918203829, 28.290572633274216 ], [ 85.34164830448222, 28.29078736051855 ], [ 85.341646978659313, 28.290829083291758 ], [ 85.341648061044793, 28.291113217076198 ], [ 85.341649745432832, 28.291155964626572 ], [ 85.341655508909838, 28.291224082377905 ], [ 85.341677943651561, 28.29179061921899 ], [ 85.341681598538585, 28.291820959917722 ], [ 85.341697046447052, 28.291909389486886 ], [ 85.341706107016066, 28.291997342849353 ], [ 85.341710593823279, 28.292034725787591 ], [ 85.341800762125658, 28.292526064963337 ], [ 85.341809740569673, 28.292562245292117 ], [ 85.341909770565806, 28.292848803043 ], [ 85.341915198715967, 28.292870020514485 ], [ 85.341923599786554, 28.292900171565059 ], [ 85.342041869841964, 28.293259733074958 ], [ 85.342056408383542, 28.293297946512428 ], [ 85.34213650375554, 28.293493453258797 ], [ 85.342153665950576, 28.29353251168142 ], [ 85.342276750078526, 28.29378890481231 ], [ 85.342319652241017, 28.293871123765346 ], [ 85.342465631348432, 28.294128906669396 ], [ 85.342518765083113, 28.294215695406969 ], [ 85.342584428438244, 28.294318297537625 ], [ 85.342636596136899, 28.294427165357533 ], [ 85.342656717168069, 28.294531025143684 ], [ 85.34267386312375, 28.294612938545754 ], [ 85.342679567140692, 28.294638437100183 ], [ 85.34267905286886, 28.294716109966696 ], [ 85.342680062725634, 28.294790636512236 ], [ 85.342687749010352, 28.294962643965892 ], [ 85.342681699296477, 28.29501445256097 ], [ 85.34267838739018, 28.295057894815333 ], [ 85.342667830590244, 28.295271882457698 ], [ 85.342666745085893, 28.295320155645989 ], [ 85.342667776653798, 28.295537607615952 ], [ 85.342672162738339, 28.295674757710714 ], [ 85.342680136811936, 28.295829783579446 ], [ 85.342684362656868, 28.295889365257203 ], [ 85.34269673804755, 28.296016137051517 ], [ 85.342655671550716, 28.296285004460181 ], [ 85.342647981627465, 28.296355270351178 ], [ 85.342627753535794, 28.296622624373697 ], [ 85.342625259216575, 28.296681992700119 ], [ 85.342625817358069, 28.296866407887933 ], [ 85.342540579983748, 28.297233533028336 ], [ 85.342530054402445, 28.297293066460046 ], [ 85.342503645739072, 28.297476718137901 ], [ 85.342428480455567, 28.297695990314388 ], [ 85.342344482912779, 28.29771785911548 ], [ 85.34219723274667, 28.297758347035114 ], [ 85.342129121722351, 28.297778079317393 ], [ 85.341909057843054, 28.297846807680354 ], [ 85.341848546663783, 28.297867096000502 ], [ 85.34157486654469, 28.29796699132897 ], [ 85.341520895186562, 28.297988334528956 ], [ 85.341512331448698, 28.297991941401005 ], [ 85.340857043337749, 28.298148306425229 ], [ 85.340830583006309, 28.298156425734621 ], [ 85.340233138012479, 28.298378319843458 ], [ 85.340178749176047, 28.298402224075328 ], [ 85.33971653324636, 28.298632646174582 ], [ 85.339695357263537, 28.298644527889948 ], [ 85.339314586332065, 28.298880375867792 ], [ 85.3392965525872, 28.2988926666631 ], [ 85.33900039441474, 28.299118596117726 ], [ 85.338803495237983, 28.299233046901701 ], [ 85.338729855169092, 28.299279229525485 ], [ 85.338527794207479, 28.299412713368209 ], [ 85.338462447106721, 28.299458152052114 ], [ 85.3382383236587, 28.299623387248758 ], [ 85.33817976551687, 28.299669133149361 ], [ 85.337941331866631, 28.299867815136796 ], [ 85.337889011363018, 28.299914307391798 ], [ 85.33777522646426, 28.300018721583864 ], [ 85.337747928722408, 28.300044590873785 ], [ 85.337509820184195, 28.300286988865057 ], [ 85.337494687859262, 28.30030354917594 ], [ 85.337129521047004, 28.300757971339646 ], [ 85.337120575338801, 28.300770701939339 ], [ 85.336833783497667, 28.301238213015424 ], [ 85.336825729177903, 28.301253417319135 ], [ 85.336600710291648, 28.301753938648908 ], [ 85.336573196325872, 28.30182767794669 ], [ 85.336597198410786, 28.301834693363151 ], [ 85.336382341415032, 28.302298283443719 ], [ 85.336375839907561, 28.302322794953032 ], [ 85.336244505872045, 28.303184685227485 ], [ 85.336243174110862, 28.303216077063297 ], [ 85.336274052228049, 28.303909155363783 ], [ 85.336278217383864, 28.303940695420906 ], [ 85.336423598223902, 28.304604779642688 ], [ 85.336427397624533, 28.30461710146491 ], [ 85.336727299115211, 28.305340053073405 ], [ 85.336731877385034, 28.305348720315468 ], [ 85.337954240376334, 28.306803072951048 ], [ 85.337961289795317, 28.306808644962757 ], [ 85.33909993989279, 28.307488991992678 ], [ 85.340402528092866, 28.30787553863723 ], [ 85.340412668316716, 28.307877249399809 ], [ 85.340470592707476, 28.307877483533275 ], [ 85.34045193426212, 28.308003378417396 ], [ 85.340446424460737, 28.308049368551085 ], [ 85.340424601370444, 28.308295684361717 ], [ 85.340419316392087, 28.30838755475903 ], [ 85.340413114770612, 28.308560957250204 ], [ 85.340410642541912, 28.308737189775279 ], [ 85.340408208028819, 28.308851509161567 ], [ 85.34040903484518, 28.309054133194902 ], [ 85.340411767569336, 28.309146889842719 ], [ 85.340428149110167, 28.309375211134917 ], [ 85.340425950072984, 28.309441342974829 ], [ 85.340424691568089, 28.309661064191367 ], [ 85.340425953986085, 28.309718997944135 ], [ 85.340435700810815, 28.30992409573 ], [ 85.340439556669239, 28.309976696681499 ], [ 85.340451452844022, 28.31010888241968 ], [ 85.34046256765653, 28.310213024676511 ], [ 85.340474065653254, 28.310290667857196 ], [ 85.340473436490697, 28.310297188198625 ], [ 85.340433439740551, 28.310548022211652 ], [ 85.340428847653371, 28.310585071795135 ], [ 85.340405378016996, 28.310841907621676 ], [ 85.3404030925862, 28.310880666570505 ], [ 85.34039821704593, 28.311047799628664 ], [ 85.34038490390067, 28.311070804727496 ], [ 85.340372877858144, 28.311093786309396 ], [ 85.340212581029405, 28.311436365044568 ], [ 85.340202980071012, 28.311459534035819 ], [ 85.340061694338274, 28.311856141962735 ], [ 85.340054230375017, 28.311881042617799 ], [ 85.33997039235139, 28.312209836573146 ], [ 85.33996371036848, 28.312241509005521 ], [ 85.339906701499515, 28.312584154959463 ], [ 85.339904379201613, 28.312603145544113 ], [ 85.339894512447529, 28.312743485033312 ], [ 85.339859828734348, 28.313043946760281 ], [ 85.339857212138654, 28.31307800876403 ], [ 85.339845579796673, 28.313413462470013 ], [ 85.339845818358313, 28.313445832763907 ], [ 85.339866268968436, 28.313821190868321 ], [ 85.339869359467528, 28.313851553546417 ], [ 85.339923871274735, 28.314218188936142 ], [ 85.339928976798618, 28.314244226178744 ], [ 85.340001189816135, 28.314549463129644 ], [ 85.34000851039157, 28.314575827839398 ], [ 85.340100614551133, 28.314865486346118 ], [ 85.340109989924684, 28.314891598081562 ], [ 85.340223991858522, 28.315175821732105 ], [ 85.340235187429869, 28.315201027850883 ], [ 85.340372804100483, 28.315482388328192 ], [ 85.340389250801223, 28.315513106561585 ], [ 85.340570248528905, 28.315820127024093 ], [ 85.340587602565634, 28.315846996369089 ], [ 85.34084370044198, 28.316203637576432 ], [ 85.340861818438043, 28.316226435170417 ], [ 85.341229879951413, 28.316636699236302 ], [ 85.34124867686424, 28.316655320242472 ], [ 85.341807493324893, 28.317130643347092 ], [ 85.341838441388731, 28.317153224907948 ], [ 85.342493875278848, 28.317559445342045 ], [ 85.342529421601839, 28.317577978134878 ], [ 85.343240708707967, 28.317885682998291 ], [ 85.343278352308488, 28.317898871317468 ], [ 85.344099099929835, 28.318117828866445 ], [ 85.34413640025285, 28.318124817269553 ], [ 85.344841615227679, 28.318211966007492 ], [ 85.344871159524004, 28.31821376924588 ], [ 85.345685598210324, 28.31820577064347 ], [ 85.345707915701198, 28.318203967317025 ], [ 85.347057779185008, 28.317927606506956 ], [ 85.347082150698483, 28.317919398568744 ], [ 85.348230777193251, 28.317374893981807 ], [ 85.348255776650134, 28.317359102667357 ], [ 85.348942389945265, 28.316838176248616 ], [ 85.348968174390478, 28.316814797213521 ], [ 85.349356512949598, 28.316419105944338 ], [ 85.349385076455846, 28.316386335835517 ], [ 85.349631257760834, 28.31607804130774 ], [ 85.349645214667419, 28.316058912361974 ], [ 85.349840341218552, 28.315768108293902 ], [ 85.349854670481591, 28.31574480534049 ], [ 85.350032022239404, 28.315427303882444 ], [ 85.350047942359225, 28.315395741683584 ], [ 85.35021736107673, 28.315014166151261 ], [ 85.350230682643101, 28.314979628617294 ], [ 85.350234240764493, 28.314968985446924 ], [ 85.350410119008998, 28.314726652174148 ], [ 85.350428737118136, 28.314695234442869 ], [ 85.350506609542876, 28.31454043368969 ], [ 85.350557048709945, 28.314464000085685 ], [ 85.350605544129508, 28.314403790514454 ], [ 85.350613827452506, 28.314388825515007 ], [ 85.350627336511508, 28.314357488592464 ], [ 85.350695484563659, 28.314254219080581 ], [ 85.35070487506016, 28.314237159259896 ], [ 85.351076340580136, 28.313323917369377 ], [ 85.351080910772339, 28.313307227951586 ], [ 85.351146211656882, 28.312922541164628 ], [ 85.351196134417194, 28.312741387102392 ], [ 85.351201798319678, 28.3127105157612 ], [ 85.351260439941626, 28.31222811317474 ], [ 85.351262363151307, 28.312196255346919 ], [ 85.351262002220878, 28.311708934767029 ], [ 85.351260082468272, 28.311677897794219 ], [ 85.35119203614066, 28.311150042593422 ], [ 85.351186363981455, 28.311121231829787 ], [ 85.351095130008176, 28.310802390947238 ], [ 85.351103494055408, 28.310741844692632 ], [ 85.351104917979839, 28.310704473885707 ], [ 85.351088097131665, 28.310155984139584 ], [ 85.351081954436467, 28.310094350741544 ], [ 85.351073827714117, 28.310020995854622 ], [ 85.351071643525572, 28.309842726158482 ], [ 85.351067647276267, 28.309768080537047 ], [ 85.351037362731986, 28.309446390866515 ], [ 85.351031123085136, 28.309400167972996 ], [ 85.350987242564571, 28.309139828348791 ], [ 85.350977965250024, 28.309093992916175 ], [ 85.35091592387856, 28.308832380099993 ], [ 85.350911594630759, 28.30881648282601 ], [ 85.350920365956569, 28.308798955757144 ], [ 85.351087464026705, 28.308419713330125 ], [ 85.351095557519471, 28.308398573003576 ], [ 85.351165141296136, 28.308181701791295 ], [ 85.351205529958378, 28.308078245897825 ], [ 85.351218575546881, 28.308039368439815 ], [ 85.351306609464629, 28.307739695813602 ], [ 85.351318015883265, 28.307694560585059 ], [ 85.351392885444341, 28.307327763503665 ], [ 85.351400128736685, 28.30728140294536 ], [ 85.351443838600389, 28.306849519101728 ], [ 85.351446237757443, 28.306798089445344 ], [ 85.351446398535742, 28.306736189588953 ], [ 85.351601319708621, 28.306459110641612 ], [ 85.351619808260381, 28.306421685977419 ], [ 85.351763511704689, 28.306071217736697 ], [ 85.351769571778576, 28.306057866311043 ], [ 85.351783483404986, 28.306022509799455 ], [ 85.351842480485772, 28.30587862512942 ], [ 85.351843906739461, 28.30587430123072 ], [ 85.351910703668707, 28.305759635803106 ], [ 85.351938494348829, 28.305709280728621 ], [ 85.352081236398504, 28.305426406052408 ], [ 85.352116088640756, 28.305350435292283 ], [ 85.352116690398773, 28.305349011400491 ], [ 85.35220554476075, 28.305226413317161 ], [ 85.352269528991997, 28.305129672497134 ], [ 85.352364471867631, 28.304979636513497 ], [ 85.352369478774321, 28.30497135801264 ], [ 85.35253220278544, 28.304628528645221 ], [ 85.352559644280177, 28.304598221018157 ], [ 85.353105073371765, 28.303455963247377 ], [ 85.353119418706285, 28.303408615179581 ], [ 85.353184321534187, 28.303168268915687 ], [ 85.35319531494531, 28.303121986840342 ], [ 85.353200790630993, 28.303094721832391 ], [ 85.353223492041749, 28.303035073900595 ], [ 85.353229683757405, 28.303015269603296 ], [ 85.353344209940076, 28.302557676706041 ], [ 85.353348171435357, 28.302536753491999 ], [ 85.353406118856824, 28.302102465958203 ], [ 85.353407838251925, 28.302080468813763 ], [ 85.353418954736199, 28.301677981540919 ], [ 85.353418825503653, 28.301672315816027 ], [ 85.353434455725974, 28.301608691291047 ], [ 85.353443682715735, 28.301565986974396 ], [ 85.35348182845479, 28.30136491515314 ], [ 85.353489285910612, 28.301319319589467 ], [ 85.353514192146577, 28.301142473787898 ], [ 85.353520031689314, 28.30109308090984 ], [ 85.353537767230705, 28.300905229548032 ], [ 85.353541164196557, 28.300857169053334 ], [ 85.353602155305978, 28.300620399536843 ], [ 85.353612077555326, 28.300565706870408 ], [ 85.353671171403988, 28.300057602312478 ], [ 85.353674411807177, 28.299995218405655 ], [ 85.353676742716331, 28.299632003979944 ], [ 85.353674116502049, 28.299564815790287 ], [ 85.35366202453514, 28.299373338004191 ], [ 85.353654672616372, 28.299289094809968 ], [ 85.353711838864712, 28.299149592951309 ], [ 85.353720584583684, 28.299123753819266 ], [ 85.353819867194744, 28.298782462017652 ], [ 85.353827449962381, 28.298751421375066 ], [ 85.353885538312426, 28.298471015445735 ], [ 85.353905095157359, 28.298356284747523 ], [ 85.353919868260462, 28.298263031342024 ], [ 85.353929334678043, 28.298198376022576 ], [ 85.353967504569241, 28.297799501380798 ], [ 85.353970666985802, 28.297729775695903 ], [ 85.353971117021615, 28.297378022553954 ], [ 85.353967942611732, 28.297303840704707 ], [ 85.353963096534287, 28.297245000240586 ], [ 85.353997348529319, 28.297144090528136 ], [ 85.354008023263944, 28.297107776024959 ], [ 85.354080491140763, 28.296823992818773 ], [ 85.354089151342478, 28.296784145159744 ], [ 85.354133123370985, 28.296548299172514 ], [ 85.35413959364314, 28.296506776267471 ], [ 85.354164457611787, 28.29631787680102 ], [ 85.354169477753175, 28.296271197665291 ], [ 85.3541853030097, 28.29608192587455 ], [ 85.35419333546028, 28.295947493896165 ], [ 85.354197904097347, 28.29585177283133 ], [ 85.354200630644954, 28.295775434774875 ], [ 85.354203005314119, 28.295595939334422 ], [ 85.354202997276801, 28.295595070145168 ], [ 85.354064885229192, 28.294922486924001 ], [ 85.354070265468366, 28.294867616663517 ], [ 85.353985437836329, 28.294535587436851 ], [ 85.353891661524628, 28.294078904892075 ], [ 85.353853988635933, 28.294021070076766 ], [ 85.353724263596035, 28.293513297161706 ], [ 85.353629720836295, 28.29337091633338 ], [ 85.353626229820605, 28.293244416224063 ], [ 85.353620186355641, 28.293148976915234 ], [ 85.353612372958821, 28.293046483561806 ], [ 85.35359494724915, 28.292851047088689 ], [ 85.35358169069309, 28.292724955810023 ], [ 85.35357086732148, 28.292635616505834 ], [ 85.353530178877349, 28.292372863756771 ], [ 85.353513660982543, 28.292285389799378 ], [ 85.353451739993218, 28.292010344086599 ], [ 85.353441481276604, 28.291971170766651 ], [ 85.353380759927262, 28.291762159120942 ], [ 85.353369011362915, 28.291725388291603 ], [ 85.353351949392277, 28.291673763283033 ], [ 85.353441999902799, 28.291690136923641 ], [ 85.353546678725195, 28.2917057776537 ], [ 85.353816316426631, 28.291739535776319 ], [ 85.353923797143466, 28.291750408783482 ], [ 85.354185503859227, 28.291770851510854 ], [ 85.354295335452406, 28.291776910734324 ], [ 85.354549626204857, 28.291785306177264 ], [ 85.354661291103554, 28.291786523710261 ], [ 85.354909239977871, 28.291783887968744 ], [ 85.355022252996207, 28.291780251640819 ], [ 85.355264739970693, 28.291767321945279 ], [ 85.355378399283452, 28.29175885127454 ], [ 85.355616806388909, 28.291736073345149 ], [ 85.355730454623156, 28.291722814562092 ], [ 85.355965847723553, 28.291690382026115 ], [ 85.356078762633913, 28.29167242300176 ], [ 85.35634513486211, 28.29162352810804 ], [ 85.356384665378073, 28.29161529229237 ], [ 85.356455257661707, 28.291598876618714 ], [ 85.356529670712391, 28.291591812515055 ], [ 85.356601014431305, 28.29158264193752 ], [ 85.356853300780827, 28.291544465250478 ], [ 85.356926091219279, 28.291531777778662 ], [ 85.357161873554858, 28.291485519143087 ], [ 85.357236095379264, 28.291469315495362 ], [ 85.357455367476192, 28.291416831168071 ], [ 85.357531002227788, 28.291397116538338 ], [ 85.357734459320355, 28.291339960031721 ], [ 85.357811489589622, 28.291316737821759 ], [ 85.357999754850553, 28.29125630302449 ], [ 85.358078165241011, 28.291229578465511 ], [ 85.35825206962798, 28.291167028192667 ], [ 85.358325046182443, 28.291139383315347 ], [ 85.358450441142736, 28.29111589995809 ], [ 85.358536642452805, 28.291097043532346 ], [ 85.358800113026717, 28.291060880681865 ], [ 85.359126204603868, 28.291006446933693 ], [ 85.359755611200853, 28.290882473978616 ], [ 85.359827832966928, 28.290867759871968 ], [ 85.360190218437538, 28.290791469103269 ], [ 85.360576898120911, 28.290692560794287 ], [ 85.36137042646331, 28.290648206612488 ], [ 85.362190563840798, 28.290543306420179 ], [ 85.362656856537015, 28.290453150070537 ], [ 85.362774136416633, 28.290463621802225 ], [ 85.362822252381164, 28.290480513727367 ], [ 85.363179330318133, 28.290592467940485 ], [ 85.363262546464313, 28.290615515974885 ], [ 85.363661565715248, 28.290710497662165 ], [ 85.36374282347181, 28.290726745161876 ], [ 85.364149194273807, 28.290792803450998 ], [ 85.364222124404961, 28.290801971961439 ], [ 85.364584655507343, 28.290835893039947 ], [ 85.364660457250963, 28.290840567031115 ], [ 85.365005509544872, 28.29085146718759 ], [ 85.365083302778729, 28.2908515909849 ], [ 85.365086742042081, 28.290851496974199 ], [ 85.365146686500211, 28.290869712709643 ], [ 85.365400326313861, 28.290940298402944 ], [ 85.365457357366182, 28.290954734163204 ], [ 85.365672937084028, 28.291004815771473 ], [ 85.365739879500893, 28.291018990104892 ], [ 85.365977160084668, 28.291063974627246 ], [ 85.366052867134513, 28.291076667126848 ], [ 85.366350550573614, 28.291118545754127 ], [ 85.366429661158392, 28.291127561422133 ], [ 85.366707699752141, 28.291152410834609 ], [ 85.36679058839367, 28.291157792045411 ], [ 85.367045481426729, 28.291168670371807 ], [ 85.367132772457353, 28.291170458877801 ], [ 85.367360290466848, 28.291170624663575 ], [ 85.367451506664608, 28.291168888755255 ], [ 85.367649825050066, 28.291161693129041 ], [ 85.367713654648242, 28.291158274178997 ], [ 85.368039463471987, 28.291200373018999 ], [ 85.369282807477575, 28.291225310579829 ], [ 85.369820881654277, 28.291177694296781 ], [ 85.37036040580908, 28.291129949687175 ], [ 85.371952371761324, 28.290752012590229 ], [ 85.372715282775971, 28.290446846799028 ], [ 85.37298214596369, 28.290331702061181 ], [ 85.374177776793829, 28.28977709946146 ], [ 85.374306021403029, 28.28971761250644 ], [ 85.374420572452294, 28.289689370227592 ], [ 85.374564587094724, 28.289651832330978 ], [ 85.374649931053241, 28.289628372729439 ], [ 85.374805699259014, 28.289583110905433 ], [ 85.37488120033828, 28.289559975318575 ], [ 85.375091384222117, 28.289490951238392 ], [ 85.375176511074628, 28.289461094572577 ], [ 85.375443781813388, 28.289359450958649 ], [ 85.375521239270014, 28.289327646399908 ], [ 85.375814200290762, 28.289197056156894 ], [ 85.375885529335648, 28.289162670465444 ], [ 85.376194016670752, 28.28900126079456 ], [ 85.376259970265821, 28.28896392210093 ], [ 85.376586925950534, 28.288762463339879 ], [ 85.376634780726491, 28.288730448761957 ], [ 85.376645928431643, 28.288722433428124 ], [ 85.376665186610211, 28.288714650611468 ], [ 85.376719019674525, 28.288690725706058 ], [ 85.377077583052071, 28.288515051456191 ], [ 85.377134303997821, 28.288484562593862 ], [ 85.377415581067723, 28.288321901761648 ], [ 85.377445235993392, 28.288303490187811 ], [ 85.377585134551438, 28.288250692313078 ], [ 85.377632083469265, 28.288231315918559 ], [ 85.377900305915773, 28.288111983390412 ], [ 85.377942988157471, 28.288091578801598 ], [ 85.378233509393752, 28.287941527598271 ], [ 85.378272662343377, 28.287919741687897 ], [ 85.378575238064485, 28.287737649058705 ], [ 85.378611235010737, 28.287714270578267 ], [ 85.378999245973887, 28.287435368189762 ], [ 85.379044092096777, 28.287399764799684 ], [ 85.379230949180695, 28.287235545332379 ], [ 85.379247555478329, 28.287224887721329 ], [ 85.379399422250202, 28.287116992786157 ], [ 85.379600652761951, 28.287237785516819 ], [ 85.37967145994692, 28.287281563320377 ], [ 85.379717833778031, 28.287311131497699 ], [ 85.379726573638933, 28.287316931369723 ], [ 85.379839938624301, 28.287424435049985 ], [ 85.379906461844655, 28.287486333487191 ], [ 85.379999749132054, 28.287571505561065 ], [ 85.380148607608632, 28.287701941566056 ], [ 85.380245808293083, 28.287783681701203 ], [ 85.380468291439868, 28.287960091551106 ], [ 85.380559733072943, 28.288028429754647 ], [ 85.38077599047746, 28.288181342017669 ], [ 85.380825392043917, 28.288214368800375 ], [ 85.380973422427047, 28.288309686385539 ], [ 85.381029125699257, 28.288344217363331 ], [ 85.381029391853986, 28.288344375837848 ], [ 85.381079310009724, 28.288404420057965 ], [ 85.381123047704563, 28.288454452926484 ], [ 85.381253475318317, 28.288597532216254 ], [ 85.381306847010364, 28.28865369976301 ], [ 85.381388582105302, 28.288737603256862 ], [ 85.381444170914719, 28.288793269979426 ], [ 85.381567035907324, 28.288911970397383 ], [ 85.381684937224492, 28.289021872601207 ], [ 85.38184779409535, 28.289166948453371 ], [ 85.381974800123203, 28.289275072109067 ], [ 85.382134730332041, 28.289405526790038 ], [ 85.382271100807927, 28.289512092432144 ], [ 85.382426108540983, 28.28962843793024 ], [ 85.382571893472075, 28.289733511086549 ], [ 85.382720349002639, 28.289836524561622 ], [ 85.382742218479493, 28.28985112969843 ], [ 85.382804037853262, 28.28991678041012 ], [ 85.382889470840354, 28.290002882814036 ], [ 85.382995731899456, 28.290106681422429 ], [ 85.383049871671119, 28.290157944253515 ], [ 85.383156816237886, 28.290256185349058 ], [ 85.383201748588618, 28.2902962312202 ], [ 85.383355614236535, 28.29042772730628 ], [ 85.383397588660912, 28.290462122787883 ], [ 85.383598294730675, 28.290618146535838 ], [ 85.383638325353502, 28.29064765721003 ], [ 85.383969409703312, 28.290872083039947 ], [ 85.384016784178911, 28.290901555080744 ], [ 85.384410532366886, 28.291123389694484 ], [ 85.384466200082628, 28.29115166915064 ], [ 85.384645052729113, 28.291235924229518 ], [ 85.384887517380903, 28.291432695326751 ], [ 85.384938241694996, 28.291471218974902 ], [ 85.385132706695728, 28.291611701178383 ], [ 85.385187418848204, 28.29164927735685 ], [ 85.385373275342545, 28.291771047212325 ], [ 85.385432497002753, 28.291808037659603 ], [ 85.385604511843184, 28.291910900386416 ], [ 85.385669264174197, 28.291947944396867 ], [ 85.385871000616334, 28.292057562297657 ], [ 85.386001971194929, 28.292125072860301 ], [ 85.386165007018533, 28.292205609395317 ], [ 85.386207481633789, 28.292225696971084 ], [ 85.386211047666038, 28.292228307253357 ], [ 85.38630726112217, 28.29230078177844 ], [ 85.386400427025777, 28.292373309659009 ], [ 85.386495395136976, 28.292449647711766 ], [ 85.386592059972543, 28.292529814090337 ], [ 85.386690302253484, 28.29261380873572 ], [ 85.386790024620822, 28.292701645205081 ], [ 85.386891133260647, 28.292793331863237 ], [ 85.3869551981836, 28.292853105290348 ], [ 85.387088740765918, 28.292995695002222 ], [ 85.387145020399231, 28.293054750766235 ], [ 85.38722474589342, 28.293136970138676 ], [ 85.387351822796617, 28.293263159845154 ], [ 85.387437496250541, 28.293345091967485 ], [ 85.387631394025746, 28.293520686202204 ], [ 85.387712113407773, 28.293589913023496 ], [ 85.387770937102331, 28.293637145154978 ], [ 85.387962273811709, 28.293855365207822 ], [ 85.387993792065245, 28.29389094224118 ], [ 85.388091821501916, 28.294000461060502 ], [ 85.388163887589215, 28.29407914268457 ], [ 85.388271125954304, 28.294193574973452 ], [ 85.388380862112868, 28.294306809187002 ], [ 85.388479980864176, 28.294405729992938 ], [ 85.388628128769824, 28.294547359944961 ], [ 85.388733671906493, 28.294644027066163 ], [ 85.388926516955763, 28.294811533252538 ], [ 85.389029730846843, 28.294896551267897 ], [ 85.38920028705482, 28.2950308586835 ], [ 85.389251592401067, 28.295069473396026 ], [ 85.389315149874008, 28.295115771883545 ], [ 85.389402786398904, 28.295198850233245 ], [ 85.389452160145709, 28.295256144902069 ], [ 85.389495670324138, 28.295300940799361 ], [ 85.389803480265556, 28.295590933020456 ], [ 85.389845304016589, 28.295627007083581 ], [ 85.390081041114797, 28.295817957690431 ], [ 85.390090771474206, 28.295825356996563 ], [ 85.390178931119948, 28.295929802244007 ], [ 85.390292767007764, 28.296070347664767 ], [ 85.390375483803439, 28.296177638255845 ], [ 85.390381885080856, 28.296200113067385 ], [ 85.390444465625293, 28.296400278055849 ], [ 85.390467761589008, 28.296468629572686 ], [ 85.390542462860509, 28.296670493946461 ], [ 85.390566513292327, 28.296730658801479 ], [ 85.390656455372948, 28.296939116356778 ], [ 85.39068906610845, 28.297009429559516 ], [ 85.390778076696478, 28.297190020247385 ], [ 85.390797291167118, 28.297226791572911 ], [ 85.390813598200424, 28.297289376932035 ], [ 85.39083031619495, 28.297347806459321 ], [ 85.39086531491796, 28.297463637757737 ], [ 85.390892354562055, 28.297548588667699 ], [ 85.39089644845231, 28.297561378139136 ], [ 85.390952747905303, 28.297736278847175 ], [ 85.391005004357609, 28.297888395643501 ], [ 85.391025402900397, 28.297944221514559 ], [ 85.391087499849476, 28.298103896128094 ], [ 85.391107670633147, 28.298152771008812 ], [ 85.391197658183899, 28.298355493334423 ], [ 85.391220053433216, 28.29840257318331 ], [ 85.391347419690661, 28.298649310078336 ], [ 85.391370876747416, 28.298691359284735 ], [ 85.391541472586951, 28.298971779877775 ], [ 85.391566320216995, 28.299009380803703 ], [ 85.391789571754117, 28.299317772546122 ], [ 85.391815997445022, 28.299351206256993 ], [ 85.392097617574279, 28.299675205593083 ], [ 85.392119687166868, 28.299698346447755 ], [ 85.392423207383374, 28.299989624549859 ], [ 85.392448424264103, 28.300011787112442 ], [ 85.392748977866432, 28.30025560185755 ], [ 85.392777603580313, 28.300277023840732 ], [ 85.392856153943086, 28.3003317325519 ], [ 85.392874931359216, 28.300359936687389 ], [ 85.392992545519263, 28.300528060555731 ], [ 85.393050901722873, 28.300607532480836 ], [ 85.393176369828808, 28.300770491902995 ], [ 85.39323993172394, 28.300849289495961 ], [ 85.393336282721449, 28.300964803666272 ], [ 85.393410041284412, 28.30105034910796 ], [ 85.393503080801224, 28.301155016745973 ], [ 85.393631338716006, 28.301295002247493 ], [ 85.39365733199979, 28.301338270510556 ], [ 85.393771782001394, 28.301518678800655 ], [ 85.39381464683234, 28.301582759318581 ], [ 85.393995629145664, 28.301834005231289 ], [ 85.394037894158586, 28.301888613276194 ], [ 85.39422325521349, 28.302112959532259 ], [ 85.394271956790732, 28.302168246091657 ], [ 85.394415273890218, 28.302323686447153 ], [ 85.394468044833431, 28.302378391767466 ], [ 85.394610990127177, 28.302520402965989 ], [ 85.39466783642753, 28.302574536129868 ], [ 85.394809288405924, 28.302703959008987 ], [ 85.394870223176028, 28.302757530085383 ], [ 85.395008964278674, 28.30287499434899 ], [ 85.395073985458453, 28.302928005106274 ], [ 85.395209173034132, 28.303034360117149 ], [ 85.395278334992085, 28.3030868572095 ], [ 85.395359423347912, 28.303146357482209 ], [ 85.395537291698489, 28.303408001668014 ], [ 85.395552502786614, 28.303427296179162 ], [ 85.395580048969492, 28.303458465565367 ], [ 85.395639601151984, 28.303551211480926 ], [ 85.395745131758034, 28.303708087184454 ], [ 85.3958026297001, 28.30378975451735 ], [ 85.395968679757289, 28.304010836235378 ], [ 85.396024398417353, 28.30408048572459 ], [ 85.396262961690624, 28.304355627139113 ], [ 85.396317703061484, 28.30441397393561 ], [ 85.396557854285533, 28.304652256096283 ], [ 85.396585865323146, 28.304678143764043 ], [ 85.396784267580372, 28.304851737494165 ], [ 85.396812344687845, 28.304874994222189 ], [ 85.397043958117521, 28.305055519029935 ], [ 85.397072161734627, 28.305076194255584 ], [ 85.397340303655582, 28.305259805754368 ], [ 85.397368674099596, 28.3052779306277 ], [ 85.397412618491714, 28.305303911082326 ], [ 85.397459627097248, 28.305341626436427 ], [ 85.397520268477123, 28.305388085808111 ], [ 85.3976868328769, 28.305510320998053 ], [ 85.397752262172531, 28.305556298590592 ], [ 85.397909213671241, 28.305662270008948 ], [ 85.397979305094594, 28.305707721915237 ], [ 85.398124196223989, 28.305798292808007 ], [ 85.398200195425531, 28.30584406663689 ], [ 85.398330567626601, 28.305920030819809 ], [ 85.398413523432723, 28.3059667715128 ], [ 85.398525938654643, 28.306028312785497 ], [ 85.398618950387387, 28.306077767819794 ], [ 85.398793011815258, 28.306166237663188 ], [ 85.398889547198578, 28.306213091352973 ], [ 85.399135337466888, 28.306324827520474 ], [ 85.399238182926481, 28.306368505098511 ], [ 85.399471235045979, 28.306461195043344 ], [ 85.399580964036033, 28.306501943269751 ], [ 85.39979736231065, 28.306577214467644 ], [ 85.399914972641028, 28.306615406913544 ], [ 85.400109293532651, 28.306674605036164 ], [ 85.400233451373111, 28.306709967929041 ], [ 85.400402533096909, 28.306755280148526 ], [ 85.400538309242322, 28.306789405333124 ], [ 85.40067907491013, 28.306822867576262 ], [ 85.400829660313946, 28.306856629018355 ], [ 85.400934939059894, 28.306879182004593 ], [ 85.401119531179134, 28.306916892853909 ], [ 85.401250030064148, 28.306941964149406 ], [ 85.401308908719855, 28.306952563193978 ], [ 85.401369902231409, 28.306962610379912 ], [ 85.401479595345947, 28.307161937081997 ], [ 85.401492272526013, 28.307182691309254 ], [ 85.401743681463216, 28.307551113949508 ], [ 85.401757796930767, 28.307569730741442 ], [ 85.401778459143415, 28.307593099475309 ], [ 85.401863672739509, 28.307718513552537 ], [ 85.401966657292846, 28.308056977176392 ], [ 85.401973156327031, 28.308074568884354 ], [ 85.402205302711977, 28.308592309094351 ], [ 85.402213088802, 28.308606963799246 ], [ 85.402250395477111, 28.308667767764486 ], [ 85.402303445018831, 28.308791457451289 ], [ 85.402328414737198, 28.308841962740996 ], [ 85.402458774643549, 28.309085553328824 ], [ 85.402487778308483, 28.309135811595848 ], [ 85.402627925210766, 28.309362403938039 ], [ 85.402660769068589, 28.309412075369913 ], [ 85.402809986685881, 28.309624058434004 ], [ 85.402846403518424, 28.30967273737863 ], [ 85.403004930631866, 28.30987266762051 ], [ 85.40304466567521, 28.309920001818629 ], [ 85.403213707290675, 28.310110471362542 ], [ 85.403256308900922, 28.310155907702477 ], [ 85.403437659608699, 28.310339035523626 ], [ 85.403482672079193, 28.310382087631389 ], [ 85.403679316118925, 28.310560057506454 ], [ 85.403726209589124, 28.310600219188796 ], [ 85.404026382995582, 28.310837719559135 ], [ 85.404064883160558, 28.310865841168177 ], [ 85.404426949782348, 28.311107182656674 ], [ 85.404472607082852, 28.311134889653559 ], [ 85.404502144291442, 28.311151627249945 ], [ 85.404622264509996, 28.311246649165614 ], [ 85.404674307573757, 28.311285988997223 ], [ 85.404905484773707, 28.311450684540073 ], [ 85.404954724882103, 28.311483720974589 ], [ 85.405111288093551, 28.311584676053897 ], [ 85.405221575936324, 28.311652991360059 ], [ 85.405321495022818, 28.311713333717982 ], [ 85.405398125685281, 28.311758441977251 ], [ 85.405552149248621, 28.312060523188514 ], [ 85.405602622451568, 28.312150186413337 ], [ 85.405736105674663, 28.312371655049827 ], [ 85.40575809794008, 28.312405819598727 ], [ 85.405951882885191, 28.312683067393394 ], [ 85.40597738821819, 28.312716772058725 ], [ 85.406050379350802, 28.312806576486512 ], [ 85.406083880191005, 28.31296697516143 ], [ 85.406098463995477, 28.313028479954063 ], [ 85.406143220423331, 28.313200431597796 ], [ 85.406156299218765, 28.313246538487768 ], [ 85.406236517506983, 28.313498211545983 ], [ 85.406250839782345, 28.313538624668737 ], [ 85.406378777110518, 28.31385727720054 ], [ 85.406394714757354, 28.313892704838398 ], [ 85.4066172791496, 28.314320888514391 ], [ 85.406644775790284, 28.314367244926942 ], [ 85.406851768405872, 28.314684251197622 ], [ 85.406901512205849, 28.314753760871426 ], [ 85.406957468091818, 28.314829532085753 ], [ 85.40695792277333, 28.314971759227063 ], [ 85.406959938587022, 28.315035069314376 ], [ 85.406965275286908, 28.31511354524666 ], [ 85.406960332587815, 28.315209895845481 ], [ 85.406960050782303, 28.315274570756277 ], [ 85.406967568384829, 28.315537514845978 ], [ 85.406971045700459, 28.315593977613982 ], [ 85.406986898056644, 28.315780292398305 ], [ 85.406993655438058, 28.315842483684854 ], [ 85.407013017420169, 28.315993823084028 ], [ 85.407023124987788, 28.316062444945064 ], [ 85.407033648780526, 28.316127015220374 ], [ 85.407013256764571, 28.316175173549006 ], [ 85.406952352967664, 28.316327223891779 ], [ 85.406922976413554, 28.316404949449531 ], [ 85.406872564096943, 28.316545975151836 ], [ 85.406844972174298, 28.316627802603286 ], [ 85.406796476530801, 28.316781489901913 ], [ 85.406779316747034, 28.316839834384417 ], [ 85.406733427611243, 28.317009206574642 ], [ 85.40671851203021, 28.317069356065588 ], [ 85.406681554742079, 28.317232746814106 ], [ 85.406668862658734, 28.317294791324603 ], [ 85.406640074286429, 28.317451129949976 ], [ 85.406629579479983, 28.317515187403433 ], [ 85.406608053082437, 28.317663950346596 ], [ 85.406599741113112, 28.317730100898622 ], [ 85.406584604458672, 28.317870515463476 ], [ 85.406578441223999, 28.317938995171104 ], [ 85.406568771450111, 28.318070776769023 ], [ 85.406564738478309, 28.318141799308947 ], [ 85.406559664817081, 28.318264363156615 ], [ 85.406557742101839, 28.318338245071608 ], [ 85.406556783322713, 28.318498137206575 ], [ 85.406557041607755, 28.318516551018579 ], [ 85.406401112888361, 28.31883742350966 ], [ 85.406391857331585, 28.318859737887475 ], [ 85.406260552480717, 28.319223106867881 ], [ 85.406253095717744, 28.319247211131806 ], [ 85.406165703043698, 28.319578198034833 ], [ 85.406159967117659, 28.319604328636345 ], [ 85.40610726809733, 28.319894649381116 ], [ 85.406103149264226, 28.319923267189306 ], [ 85.40609397608614, 28.320012059677229 ], [ 85.406064228022828, 28.320124011593997 ], [ 85.406048773538686, 28.320187614830086 ], [ 85.406012793150822, 28.32035015362484 ], [ 85.405999693280535, 28.320415685010769 ], [ 85.405971721315836, 28.320571435102107 ], [ 85.405960939758643, 28.320639072910524 ], [ 85.405940167074888, 28.320787024349531 ], [ 85.405931680735165, 28.320856882027165 ], [ 85.405917222888007, 28.320996183904697 ], [ 85.405910981285274, 28.321068638106002 ], [ 85.405901922954882, 28.321198450792338 ], [ 85.405897893386907, 28.321273848596668 ], [ 85.405893292596431, 28.321393628347572 ], [ 85.405891447811698, 28.321472498298771 ], [ 85.405890572162136, 28.321607430307917 ], [ 85.405891900392248, 28.321735026871938 ], [ 85.405895690983712, 28.321872306179035 ], [ 85.405902053592726, 28.322014243521782 ], [ 85.405907774710457, 28.322113984488784 ], [ 85.405918093515496, 28.322261594194824 ], [ 85.405921671510882, 28.322308765667717 ], [ 85.40593942357178, 28.322525781317236 ], [ 85.405867635295252, 28.322875835579811 ], [ 85.405864212638733, 28.322901732357085 ], [ 85.405830128883267, 28.323366982235179 ], [ 85.405829700512328, 28.323396031207967 ], [ 85.405851990685122, 28.323880410074374 ], [ 85.405858551112473, 28.323941693842475 ], [ 85.405907203432662, 28.324268498198773 ], [ 85.405930163890289, 28.324388646487467 ], [ 85.405947615577148, 28.324474868671423 ], [ 85.405954936430902, 28.324509119000762 ], [ 85.406048453054666, 28.324866423520842 ], [ 85.406059333114385, 28.324901450056302 ], [ 85.406172178826111, 28.325218530554135 ], [ 85.406180983287044, 28.325240420143775 ], [ 85.406194542034228, 28.325339391378144 ], [ 85.406228975392438, 28.325549304872329 ], [ 85.406250807140168, 28.32566345187486 ], [ 85.406302931380921, 28.325898027503854 ], [ 85.406329927001792, 28.326004528422384 ], [ 85.406398128207641, 28.32624296035813 ], [ 85.406411520947373, 28.326284936536002 ], [ 85.406484698932331, 28.326494647220201 ], [ 85.406500978338755, 28.326537567722507 ], [ 85.406578285781947, 28.32672722977831 ], [ 85.406597594068444, 28.326771476211494 ], [ 85.406675094845482, 28.326938995090778 ], [ 85.406697735774614, 28.326985264113016 ], [ 85.406798817879476, 28.327179122877833 ], [ 85.406806028790143, 28.32719213377133 ], [ 85.406832427437436, 28.327293119796931 ], [ 85.406853969878085, 28.327367367702674 ], [ 85.406880468653995, 28.327447832007906 ], [ 85.40682451670132, 28.327611239365659 ], [ 85.40681325594386, 28.327650733638027 ], [ 85.406753621782812, 28.327886278739093 ], [ 85.406745013324183, 28.327925124400487 ], [ 85.406696402194825, 28.328184200656665 ], [ 85.406690691051281, 28.328221289603217 ], [ 85.406656347972969, 28.328516710892572 ], [ 85.406653605025326, 28.328551532241843 ], [ 85.406641381417785, 28.328895980327985 ], [ 85.406641627465348, 28.328927962144672 ], [ 85.406665426173788, 28.329333738939667 ], [ 85.406668629355124, 28.329362899804696 ], [ 85.40675119740483, 28.32984367920907 ], [ 85.406757341721644, 28.329869863704175 ], [ 85.40693250856242, 28.330431382539761 ], [ 85.406941570977594, 28.330454497430605 ], [ 85.407191101095137, 28.330980812058275 ], [ 85.407202223852721, 28.33100065147547 ], [ 85.407437603201444, 28.33137477216335 ], [ 85.407451726481938, 28.33139490831428 ], [ 85.407695099190022, 28.331711134108467 ], [ 85.407711850547116, 28.331731031065594 ], [ 85.407966572681815, 28.332009751490535 ], [ 85.40798543401948, 28.332028790402951 ], [ 85.408259896076544, 28.332284894976262 ], [ 85.408280256380678, 28.332302463129913 ], [ 85.408588911482539, 28.332547919357335 ], [ 85.408610117220036, 28.332563450472655 ], [ 85.408972593446435, 28.332805689489092 ], [ 85.40899398469935, 28.332818702949812 ], [ 85.409438953651048, 28.333060680835498 ], [ 85.409459966350795, 28.333070834322736 ], [ 85.410000394477365, 28.333296662920464 ], [ 85.41001751925036, 28.333302760324667 ], [ 85.410543236617229, 28.333461104590899 ], [ 85.410562035122553, 28.333465772928868 ], [ 85.41125921231486, 28.333593239101965 ], [ 85.411302118138067, 28.333598353273747 ], [ 85.412023913551735, 28.333638599745743 ], [ 85.412074156085865, 28.333638242431121 ], [ 85.412168087856728, 28.33363361622499 ], [ 85.412479860169896, 28.333691996999292 ], [ 85.412521225063443, 28.333698333785645 ], [ 85.412851612530602, 28.333739148518681 ], [ 85.412896445311091, 28.333743369484264 ], [ 85.413275072758893, 28.333766450099478 ], [ 85.413368276828791, 28.333769054050528 ], [ 85.413650801521271, 28.333770018866982 ], [ 85.413821580496915, 28.333766414801179 ], [ 85.413869282413344, 28.33376521043548 ], [ 85.414009741350171, 28.333761082094917 ], [ 85.41426940434161, 28.333747577079176 ], [ 85.414390695099556, 28.333738517198828 ], [ 85.414417780433894, 28.333735713561126 ], [ 85.414464356537565, 28.333767444438948 ], [ 85.414697888378626, 28.333917425254583 ], [ 85.414794048183751, 28.333975578634789 ], [ 85.415008731199933, 28.334098537065607 ], [ 85.415114502267471, 28.334155838946071 ], [ 85.415306841516781, 28.334254998356474 ], [ 85.415423464078842, 28.334312142689438 ], [ 85.415588665717365, 28.33438962342084 ], [ 85.415715885689053, 28.33444667193103 ], [ 85.4157292930811, 28.33445493295708 ], [ 85.415941272037315, 28.334578725498965 ], [ 85.416007836931684, 28.334615526091607 ], [ 85.41617815732522, 28.334705658984372 ], [ 85.416253618752336, 28.334743848816174 ], [ 85.416423303552605, 28.334825984607441 ], [ 85.416589431262608, 28.33490281311542 ], [ 85.416719439868928, 28.334970540813554 ], [ 85.41693831855487, 28.335078250067109 ], [ 85.417042965629264, 28.335126808524606 ], [ 85.417348188502046, 28.335257185158643 ], [ 85.41740857325685, 28.335280822692155 ], [ 85.417715103403197, 28.335390443763693 ], [ 85.417772337919317, 28.335409025821498 ], [ 85.418134158862031, 28.335513119670612 ], [ 85.418189365851575, 28.335527010338385 ], [ 85.4184078775355, 28.335573396796768 ], [ 85.418517473026085, 28.335616424181435 ], [ 85.418745498446583, 28.335700162240993 ], [ 85.418865858160103, 28.33574136926153 ], [ 85.419112461669712, 28.335819416957712 ], [ 85.419168326455164, 28.33583567849567 ], [ 85.419359236368976, 28.335887606799769 ], [ 85.419413163052894, 28.335901258325681 ], [ 85.419544039009907, 28.335932729836458 ], [ 85.419712182475891, 28.335971045861637 ], [ 85.419835465671611, 28.335997696352685 ], [ 85.419960978703372, 28.336023368808586 ], [ 85.420147235024331, 28.336058238382744 ], [ 85.420260981008227, 28.336077577738571 ], [ 85.42049991883556, 28.336113017349387 ], [ 85.420604265974859, 28.336126247792059 ], [ 85.420842172616432, 28.336151381543967 ], [ 85.420926602978426, 28.336158525762073 ], [ 85.421121415550175, 28.336171683451497 ], [ 85.421208748564524, 28.336176094945603 ], [ 85.421391581889139, 28.336182421315325 ], [ 85.421482086603234, 28.336184114924961 ], [ 85.421652090555611, 28.336184788331664 ], [ 85.421746174825032, 28.336183773281949 ], [ 85.421902452350295, 28.336179966759442 ], [ 85.422000162829264, 28.336176259827994 ], [ 85.422141898284693, 28.336169132644578 ], [ 85.422244491038285, 28.336162705034916 ], [ 85.422371197559357, 28.336153360607693 ], [ 85.422479749651927, 28.336144148054554 ], [ 85.422590053002878, 28.336133714464182 ], [ 85.422706956279882, 28.336121517185326 ], [ 85.422812925544889, 28.336109463492811 ], [ 85.422950505582961, 28.336092516088442 ], [ 85.423101256717374, 28.33607190812841 ], [ 85.423142980513404, 28.336065637738354 ], [ 85.423145415381867, 28.336066600872972 ], [ 85.423211288723451, 28.336089960897098 ], [ 85.423583902659715, 28.336207472469628 ], [ 85.423639254594974, 28.336222815652942 ], [ 85.423933529229359, 28.33629589395121 ], [ 85.423992312576203, 28.336308823657706 ], [ 85.424262481470933, 28.336361408069788 ], [ 85.424325305142688, 28.336372063991721 ], [ 85.424565378195368, 28.336407551249014 ], [ 85.424633480423083, 28.336416145326961 ], [ 85.424884955858786, 28.336442261965537 ], [ 85.425005777206792, 28.336452126174045 ], [ 85.425195944628072, 28.336464484382468 ], [ 85.425383316419314, 28.33647354833975 ], [ 85.425429696416884, 28.336476664353697 ], [ 85.425495898631937, 28.336480729001231 ], [ 85.425616943771104, 28.336487460882545 ], [ 85.425917539643777, 28.336496315572383 ], [ 85.426045377349254, 28.336496743907063 ], [ 85.426313307409629, 28.336491410768772 ], [ 85.426449115602352, 28.336485545516982 ], [ 85.42651360932318, 28.336481449167447 ], [ 85.426548606582386, 28.33650938166706 ], [ 85.426600183723551, 28.33654827861125 ], [ 85.426778098538833, 28.336675438469442 ], [ 85.426789537171032, 28.336690915470502 ], [ 85.42687953447809, 28.33681072750095 ], [ 85.426971765366574, 28.336929361935667 ], [ 85.427061105297639, 28.337040439125559 ], [ 85.42719679078634, 28.337201429641173 ], [ 85.427281156138065, 28.337297013924807 ], [ 85.427412305386966, 28.337439522400398 ], [ 85.427455867674837, 28.337484936517853 ], [ 85.427561229134866, 28.337591349269367 ], [ 85.42760454438087, 28.337633737128407 ], [ 85.427722801285213, 28.337745585973479 ], [ 85.427766082696806, 28.33778515399268 ], [ 85.427897648141411, 28.337901129075313 ], [ 85.427941048690741, 28.337938017998272 ], [ 85.428086417390048, 28.33805686373471 ], [ 85.428130111400463, 28.338091219062726 ], [ 85.428289768287073, 28.338211644281451 ], [ 85.428333824416143, 28.338243513729982 ], [ 85.428507502822185, 28.33836370191257 ], [ 85.428552018944202, 28.338393157900764 ], [ 85.428739637703885, 28.338511551061966 ], [ 85.428784690606818, 28.33853864320297 ], [ 85.429035070167615, 28.338679955423604 ], [ 85.429110490837616, 28.338719837258566 ], [ 85.429385106610312, 28.338855069450673 ], [ 85.429471185567891, 28.338894434859561 ], [ 85.429472864741498, 28.338895159226087 ], [ 85.429480065334559, 28.338901871795947 ], [ 85.429573602528833, 28.338986805735409 ], [ 85.429662580526056, 28.33906550366002 ], [ 85.429795680070654, 28.339179032913393 ], [ 85.429878107664351, 28.33924683344442 ], [ 85.430049916873131, 28.33938189782404 ], [ 85.430132507056555, 28.339443934925608 ], [ 85.430345863386208, 28.339595669227243 ], [ 85.430426339956128, 28.339649821982096 ], [ 85.430678944170623, 28.339809304139145 ], [ 85.430758465732794, 28.339856346670611 ], [ 85.43105033493697, 28.340016690837626 ], [ 85.431129567959005, 28.340057012550567 ], [ 85.431351192177218, 28.340163433980138 ], [ 85.431420468021543, 28.340194763136608 ], [ 85.431540097741063, 28.340247128710061 ], [ 85.431612041689007, 28.340277590470006 ], [ 85.431783078960237, 28.340346610729561 ], [ 85.431935107000285, 28.340404989550947 ], [ 85.432147100115202, 28.340481439037628 ], [ 85.432310282241815, 28.340536540549433 ], [ 85.432503524873624, 28.340597879049312 ], [ 85.432678663950853, 28.340649975053498 ], [ 85.432840916508638, 28.340695585331598 ], [ 85.432909077166556, 28.340713643240623 ], [ 85.43305211057573, 28.340749535723102 ], [ 85.433122095321011, 28.340766126265251 ], [ 85.433327944240162, 28.340810889489052 ], [ 85.433473990766188, 28.340839814386673 ], [ 85.433729041658296, 28.340884320415945 ], [ 85.433884427378246, 28.340907811695402 ], [ 85.434112150471705, 28.340937575778621 ], [ 85.434279715985312, 28.340956068529277 ], [ 85.43437170072049, 28.340964744383022 ], [ 85.434840367823142, 28.341347465101876 ], [ 85.43486618925003, 28.341364647175954 ], [ 85.435820994115872, 28.341866167006156 ], [ 85.435852849411816, 28.341878979614904 ], [ 85.436718188113645, 28.342146939272844 ], [ 85.436756062972108, 28.342155376771057 ], [ 85.437156172488358, 28.34222956181792 ], [ 85.437187309350136, 28.342234191054004 ], [ 85.437298776031284, 28.342244996908569 ], [ 85.437334385259248, 28.342271551764696 ], [ 85.437406394297113, 28.342324051213652 ], [ 85.437495859528667, 28.342387794320953 ], [ 85.437568665407184, 28.342438482476776 ], [ 85.43766121182243, 28.342501410354572 ], [ 85.437734681255151, 28.342550193631531 ], [ 85.437830503340265, 28.342612288823219 ], [ 85.437904502933989, 28.342659080854691 ], [ 85.438020723763117, 28.342730436810186 ], [ 85.438111420361338, 28.342784488338776 ], [ 85.438243850975425, 28.342860799370303 ], [ 85.438337980824926, 28.342913220446349 ], [ 85.43846847407373, 28.342983500153448 ], [ 85.438566022016929, 28.343034280663499 ], [ 85.43869420910201, 28.343098821569953 ], [ 85.438795157927402, 28.343147952279747 ], [ 85.438920767484248, 28.343207080877875 ], [ 85.439025097939748, 28.343254552529999 ], [ 85.439147847220624, 28.343308571628306 ], [ 85.439175116368816, 28.343320170288003 ], [ 85.439206743766619, 28.343336104699642 ], [ 85.43927781155783, 28.343370625471135 ], [ 85.439446901185562, 28.343449150961646 ], [ 85.439618311156536, 28.343525166864367 ], [ 85.439771462148471, 28.343590283921991 ], [ 85.439840888511725, 28.343618552969183 ], [ 85.439986711739621, 28.343675503176858 ], [ 85.44005893015381, 28.343702522504987 ], [ 85.440198917720124, 28.343752747460396 ], [ 85.440274100658456, 28.343778581307134 ], [ 85.440407417446664, 28.343822507477526 ], [ 85.440485815601662, 28.343847242634791 ], [ 85.440611562121106, 28.343885290069565 ], [ 85.440625786604272, 28.343889411622783 ], [ 85.440838270071765, 28.343969510997361 ], [ 85.440913422941193, 28.343994910955644 ], [ 85.441201274342092, 28.34408357196272 ], [ 85.441281743804225, 28.344105995580655 ], [ 85.441456173970764, 28.344151593863611 ], [ 85.441532440901611, 28.344170229349459 ], [ 85.441731627736871, 28.344215098044447 ], [ 85.441804455561098, 28.344230127405055 ], [ 85.442028655161778, 28.344271721280297 ], [ 85.442098416074259, 28.344283222774706 ], [ 85.44230258937074, 28.344313106097214 ], [ 85.442381761493891, 28.344323238454717 ], [ 85.442563001361961, 28.344343508470377 ], [ 85.442637978023726, 28.344350689424612 ], [ 85.442841420250886, 28.344366535319889 ], [ 85.442912919662078, 28.344370829934686 ], [ 85.443137808087101, 28.344379931836311 ], [ 85.443206176743374, 28.34438136212168 ], [ 85.443452791429621, 28.344381244565827 ], [ 85.443518430237091, 28.344379808783884 ], [ 85.443786375589113, 28.344367702310269 ], [ 85.443849295911647, 28.344363388861439 ], [ 85.444136818718889, 28.344336404997748 ], [ 85.444197146086225, 28.344329208099087 ], [ 85.444502743335065, 28.34428435239283 ], [ 85.444560558463266, 28.344274261238283 ], [ 85.445015218453406, 28.344175527290464 ], [ 85.445081408977671, 28.344158268085842 ], [ 85.44509575982309, 28.34415398265336 ], [ 85.445256145930131, 28.344126918123532 ], [ 85.445311622612039, 28.344116350540993 ], [ 85.445613507252631, 28.344050264417088 ], [ 85.445663276515745, 28.344037933130583 ], [ 85.445733711096096, 28.344018490993175 ], [ 85.445823111382396, 28.344010776264732 ], [ 85.445909403039053, 28.344000800575895 ], [ 85.446153914789775, 28.343967177770725 ], [ 85.446247909954891, 28.343952177873419 ], [ 85.446438913494575, 28.343918352843307 ], [ 85.446542606864284, 28.343898160124212 ], [ 85.446669613111894, 28.343871916799351 ], [ 85.446808068389558, 28.3438416507996 ], [ 85.446915218657395, 28.343817133480812 ], [ 85.447032542628008, 28.343789083206957 ], [ 85.447182463443212, 28.343751054017709 ], [ 85.447301291683345, 28.34371916424903 ], [ 85.447443592526241, 28.343678952402737 ], [ 85.447563920929866, 28.343643223091153 ], [ 85.447698751964182, 28.343601318856376 ], [ 85.447820579472889, 28.343561750891116 ], [ 85.447948246335486, 28.343518560115093 ], [ 85.44807156883175, 28.343475154350493 ], [ 85.448192307543096, 28.343431065208787 ], [ 85.44831713216881, 28.343383819919833 ], [ 85.448431250254728, 28.34333915795342 ], [ 85.448557585185455, 28.343288070524206 ], [ 85.448665428017833, 28.343243105295663 ], [ 85.448781791060014, 28.343193108697253 ], [ 85.44882290284562, 28.343175669328069 ], [ 85.449036057068795, 28.343090508431768 ], [ 85.449123897134569, 28.343054522035228 ], [ 85.449245720499604, 28.343003365495058 ], [ 85.449430391636668, 28.342921725549086 ], [ 85.449555407403821, 28.342863631388067 ], [ 85.44974924145329, 28.342768749599585 ], [ 85.449804736782468, 28.34274017455223 ], [ 85.449950265255467, 28.342662338284132 ], [ 85.450002021072279, 28.34263360332567 ], [ 85.450170645219174, 28.34253581993508 ], [ 85.450211008880316, 28.342511390868331 ], [ 85.450274334451663, 28.342526085167979 ], [ 85.450469342141758, 28.342567726658039 ], [ 85.45054467623271, 28.342582432365845 ], [ 85.45075218110334, 28.34261896251731 ], [ 85.450826162546377, 28.342630580588722 ], [ 85.451046541961389, 28.34266080762238 ], [ 85.451119147353779, 28.342669332375465 ], [ 85.451236345622476, 28.342679996040594 ], [ 85.451325254365784, 28.342702389114812 ], [ 85.45148327032328, 28.342739211302057 ], [ 85.451641515338409, 28.342839291748579 ], [ 85.45165910695782, 28.342849070628951 ], [ 85.451738035254323, 28.34288776682568 ], [ 85.451741323279649, 28.342890873473145 ], [ 85.451778106719274, 28.342923961636284 ], [ 85.451950461826982, 28.343071869832087 ], [ 85.451989756972836, 28.343104037921552 ], [ 85.452162882926714, 28.343239452968842 ], [ 85.452204531507689, 28.343270571024394 ], [ 85.452378509403005, 28.343394881974863 ], [ 85.452422377271319, 28.343424844678118 ], [ 85.452597331675037, 28.343539158683441 ], [ 85.452643147133259, 28.343567778833091 ], [ 85.452820225360881, 28.343673549385649 ], [ 85.452867730687743, 28.343700660697301 ], [ 85.453047245676416, 28.343798520739327 ], [ 85.453096119048581, 28.34382394537251 ], [ 85.453140896289426, 28.343846969260284 ], [ 85.453216007955433, 28.343885140577591 ], [ 85.453452991819191, 28.343998319553801 ], [ 85.453494574236558, 28.344016941332992 ], [ 85.453979277277966, 28.344206693025406 ], [ 85.454019273225697, 28.344220198426488 ], [ 85.454762901514769, 28.344415438535599 ], [ 85.454799323211645, 28.34442238624057 ], [ 85.455695397906297, 28.344520971673727 ], [ 85.455729077325699, 28.344522017297354 ], [ 85.456469133362191, 28.344497392762893 ], [ 85.456507351181386, 28.344493649436668 ], [ 85.457001489410231, 28.344423391589174 ], [ 85.45704041634859, 28.344416107492449 ], [ 85.457173616909458, 28.344388295207498 ], [ 85.457378502608321, 28.344357182690082 ], [ 85.457426546856567, 28.344348871678445 ], [ 85.457673235501247, 28.344300555930037 ], [ 85.457719126869264, 28.344290506611877 ], [ 85.457980252067202, 28.344226768680862 ], [ 85.458023938351957, 28.344214992203334 ], [ 85.458402302744531, 28.344098442232973 ], [ 85.458404273299664, 28.344097757306312 ], [ 85.458704974970161, 28.344068030162525 ], [ 85.458715223382271, 28.344066382585606 ], [ 85.458830008851564, 28.344066560525832 ], [ 85.458873322138942, 28.344065417367986 ], [ 85.459139498850604, 28.344052224840674 ], [ 85.459187070943528, 28.344048761531266 ], [ 85.459476076801778, 28.344020362679544 ], [ 85.459598195899289, 28.344005233495995 ], [ 85.459899027799111, 28.343959806474842 ], [ 85.459987764450318, 28.343943975947173 ], [ 85.460377173480921, 28.343860296545866 ], [ 85.460466810391978, 28.343837700766429 ], [ 85.460830883860226, 28.343732699549438 ], [ 85.460919768471399, 28.343703755785334 ], [ 85.461267220975344, 28.343577575533342 ], [ 85.461353751275212, 28.343542804519437 ], [ 85.46169105724961, 28.343393718455363 ], [ 85.461773560382724, 28.343353815225164 ], [ 85.4621059515936, 28.343178236497806 ], [ 85.462143824110072, 28.343156464750127 ], [ 85.462267516148188, 28.343170319827561 ], [ 85.46234542299014, 28.343176328977812 ], [ 85.462807990738796, 28.343193345997346 ], [ 85.462881050423832, 28.343193097292378 ], [ 85.46340515723324, 28.343167413802195 ], [ 85.463473772642629, 28.343160904568204 ], [ 85.46404745947406, 28.343076985839318 ], [ 85.464111849125999, 28.343064193281396 ], [ 85.464653139668954, 28.342928515048307 ], [ 85.464678771857308, 28.342920715357558 ], [ 85.464769652945009, 28.34288921548616 ], [ 85.465126947350825, 28.342807057656678 ], [ 85.465150061060413, 28.342799668149112 ], [ 85.465692984217554, 28.34257737925261 ], [ 85.465891347757122, 28.342512925853363 ], [ 85.46593684195517, 28.342497049898576 ], [ 85.466142353737524, 28.342420700641423 ], [ 85.466234153790538, 28.342384488463836 ], [ 85.466377751984723, 28.34232546232791 ], [ 85.466472454756001, 28.342284941573325 ], [ 85.466600460026967, 28.342228196482299 ], [ 85.466699014871452, 28.342182964474645 ], [ 85.466810563945899, 28.342130205277734 ], [ 85.46691478939168, 28.342079429587173 ], [ 85.467035447560164, 28.342018740653231 ], [ 85.467231140890505, 28.341917168194886 ], [ 85.467321587941115, 28.341869103056041 ], [ 85.467458237273675, 28.341794772553534 ], [ 85.467479674582236, 28.341797324941396 ], [ 85.46774704295909, 28.341822829435898 ], [ 85.467795564832315, 28.341826315832574 ], [ 85.468145091067512, 28.341840774847608 ], [ 85.468202621603027, 28.341841406576815 ], [ 85.468650075096136, 28.341828934639867 ], [ 85.468703754086818, 28.341825347014364 ], [ 85.469205394296395, 28.341769584539165 ], [ 85.46925561688245, 28.341761747706858 ], [ 85.469797003093433, 28.34165004873206 ], [ 85.469844020714007, 28.341637923109673 ], [ 85.470214867019465, 28.341521171135785 ], [ 85.470306487673952, 28.341514149148953 ], [ 85.470386609536192, 28.34150903310886 ], [ 85.470397305097933, 28.341513591501968 ], [ 85.47060871956154, 28.341598506063182 ], [ 85.470749578513974, 28.341651694510986 ], [ 85.470922770102092, 28.341713798106678 ], [ 85.471080862322026, 28.341767525090873 ], [ 85.471202464300717, 28.34180728919327 ], [ 85.471410281876999, 28.341872601827184 ], [ 85.471514950198014, 28.341904369628541 ], [ 85.471660402240488, 28.341946960854404 ], [ 85.471791475810804, 28.341983615130129 ], [ 85.471950734009511, 28.342026071047904 ], [ 85.472057771072741, 28.342053480600391 ], [ 85.472234838860288, 28.342096974146262 ], [ 85.472310842810685, 28.342115085431743 ], [ 85.472538149386807, 28.342167589698871 ], [ 85.472607621442052, 28.342183176094576 ], [ 85.472896977789802, 28.342246183121858 ], [ 85.473006723276455, 28.342268944933405 ], [ 85.473275605917479, 28.342321945975211 ], [ 85.473402481180287, 28.342345461672352 ], [ 85.473657103381271, 28.34238967347239 ], [ 85.473799746658386, 28.342412583611978 ], [ 85.474042972894523, 28.342448496770338 ], [ 85.474225840804891, 28.342472492256672 ], [ 85.474353256938301, 28.342487128574483 ], [ 85.474411398169934, 28.342492857374765 ], [ 85.474431323475187, 28.342507119127685 ], [ 85.474513133194364, 28.342564459635941 ], [ 85.474825877445795, 28.342779090462429 ], [ 85.47497886570099, 28.342885190547324 ], [ 85.475053032629418, 28.342935661672964 ], [ 85.475208213913547, 28.343039272728557 ], [ 85.475292781912671, 28.343094535638812 ], [ 85.475442268620768, 28.343190129875339 ], [ 85.475537276752661, 28.343249438775576 ], [ 85.475668879336808, 28.343329619377979 ], [ 85.476092090210514, 28.343591007449131 ], [ 85.476230021484668, 28.343673270477868 ], [ 85.476345520839828, 28.343739757185251 ], [ 85.476515631684279, 28.34383352370844 ], [ 85.476620336146823, 28.343888740919517 ], [ 85.476854612641603, 28.344005003451432 ], [ 85.476968092086111, 28.344057892466363 ], [ 85.477194872985521, 28.344157307537277 ], [ 85.477249426219018, 28.34417974834675 ], [ 85.477419755677261, 28.34424649476518 ], [ 85.477473193304604, 28.344266410449599 ], [ 85.477658920108709, 28.344331867222902 ], [ 85.477711497887313, 28.344349349080883 ], [ 85.477912359011128, 28.344411932366985 ], [ 85.477964158203818, 28.344427003865487 ], [ 85.478179606891771, 28.344485059325578 ], [ 85.478230751431241, 28.344497756140225 ], [ 85.478459843390283, 28.344549591786627 ], [ 85.478510433890406, 28.34455993940503 ], [ 85.478743450098534, 28.344602559530024 ], [ 85.478808450879285, 28.344613056051482 ], [ 85.479025190688731, 28.344643807383672 ], [ 85.479093075974092, 28.344652117575578 ], [ 85.479295211055558, 28.344673234409807 ], [ 85.479366101998167, 28.344679374056842 ], [ 85.479553391409041, 28.344692518366795 ], [ 85.479627486667098, 28.344696505020345 ], [ 85.479799588934085, 28.34470318612609 ], [ 85.479876905677273, 28.344705030801794 ], [ 85.48003386503575, 28.344706637684681 ], [ 85.480115021117541, 28.34470636350855 ], [ 85.480256596122601, 28.34470414613434 ], [ 85.480342125023185, 28.344701755434521 ], [ 85.480468025761894, 28.344696858084102 ], [ 85.480559061280346, 28.344692319262737 ], [ 85.480800130495808, 28.344675218983433 ], [ 85.480892110477853, 28.344666748301332 ], [ 85.481209868124395, 28.34462851721435 ], [ 85.481263352872304, 28.344620559778178 ], [ 85.481345034227317, 28.344636264042165 ], [ 85.481410028035356, 28.344647846775683 ], [ 85.481726366429911, 28.344695115734211 ], [ 85.481794509036888, 28.344703357055899 ], [ 85.482089143386034, 28.344731303973624 ], [ 85.482160647556938, 28.344736232415357 ], [ 85.482431106202739, 28.344748493313055 ], [ 85.482506322477647, 28.3447501335257 ], [ 85.482749987824704, 28.344750295703783 ], [ 85.482828757551943, 28.344748682919018 ], [ 85.483044437634234, 28.344740223106459 ], [ 85.483128172523948, 28.344735365803643 ], [ 85.483315175936056, 28.344721456910666 ], [ 85.483405011129307, 28.344713300018352 ], [ 85.483560730668927, 28.344697017109691 ], [ 85.483660109376558, 28.344685252341542 ], [ 85.483919378028091, 28.344648526076494 ], [ 85.483984754255474, 28.344637731409716 ], [ 85.484171692919958, 28.344600751476015 ], [ 85.484171762439132, 28.344601042586053 ], [ 85.484197229164977, 28.344596283327991 ], [ 85.484224566139488, 28.344590292078841 ], [ 85.484337750278556, 28.344567901942909 ], [ 85.484406396447596, 28.344552041525915 ], [ 85.484405952811841, 28.344550538700386 ], [ 85.484540337043754, 28.34452108630348 ], [ 85.484622774652337, 28.344500311438797 ], [ 85.484973200790904, 28.344399761809203 ], [ 85.485025148899084, 28.344382998527909 ], [ 85.485093409479262, 28.344375783399819 ], [ 85.485180820559123, 28.344364528960963 ], [ 85.485515192467972, 28.344311361315601 ], [ 85.48559353258797, 28.344296505940783 ], [ 85.485961674837782, 28.344213900748578 ], [ 85.486033820701337, 28.344195156926226 ], [ 85.486367779340171, 28.344097202637514 ], [ 85.486441452118143, 28.344073067701032 ], [ 85.486736640060911, 28.343966975747062 ], [ 85.486812462761435, 28.343937250846754 ], [ 85.487066803988284, 28.343830009819378 ], [ 85.487145872119811, 28.343794267594525 ], [ 85.48715404707464, 28.343790358263551 ], [ 85.487357408114676, 28.343823929216491 ], [ 85.487406406461986, 28.343831064159627 ], [ 85.487428428195713, 28.343834298782944 ], [ 85.48762486485009, 28.343868926998049 ], [ 85.487754840865719, 28.343890293672558 ], [ 85.487884508875965, 28.343910074979181 ], [ 85.488078181900889, 28.343936241915781 ], [ 85.488147434713184, 28.343944397605842 ], [ 85.488333805134488, 28.343963266752297 ], [ 85.488397585172947, 28.343968674879459 ], [ 85.488617740060675, 28.343983096166973 ], [ 85.488677178366302, 28.343985846888945 ], [ 85.48893142760943, 28.343991994390628 ], [ 85.488987067545736, 28.343992111783251 ], [ 85.489299967337573, 28.343984273115677 ], [ 85.48935994189172, 28.343981138792206 ], [ 85.489739951757628, 28.343948614401665 ], [ 85.489795807883127, 28.343941958707841 ], [ 85.490219851036102, 28.343875195107824 ], [ 85.490271877894955, 28.343864981544147 ], [ 85.490732755786468, 28.343754241299351 ], [ 85.490781134381464, 28.343740434879525 ], [ 85.491267063822306, 28.343577133671506 ], [ 85.491311983709451, 28.343559671530322 ], [ 85.491804940476086, 28.343339129575888 ], [ 85.491846451951332, 28.343317986120976 ], [ 85.492325407522642, 28.343041285363601 ], [ 85.492363589705036, 28.343016417276715 ], [ 85.492806891965458, 28.342692049746532 ], [ 85.49284180449456, 28.342663421620433 ], [ 85.493173001559228, 28.342361515930381 ], [ 85.493305058630909, 28.342278122079314 ], [ 85.493361971523143, 28.342240244237487 ], [ 85.493548925658516, 28.342109660175506 ], [ 85.493600111292281, 28.342072158490367 ], [ 85.49380246462853, 28.341915771835797 ], [ 85.493848930087154, 28.341877906555982 ], [ 85.49405964222484, 28.34169597161344 ], [ 85.494101870559859, 28.341657342860831 ], [ 85.494170102977478, 28.341593699999017 ], [ 85.494383423578967, 28.341390813878256 ], [ 85.494532996204072, 28.341242110216456 ], [ 85.494592985126047, 28.341179752643168 ], [ 85.494751652616316, 28.341006307542809 ], [ 85.494801588186789, 28.340948873128319 ], [ 85.494994670125834, 28.340711227423032 ], [ 85.495040617726502, 28.340650619894149 ], [ 85.495258816502513, 28.340335653876156 ], [ 85.495295746945089, 28.340277092038598 ], [ 85.495512473461687, 28.339891189049986 ], [ 85.495540908631369, 28.339833836653813 ], [ 85.495734733957505, 28.339377288776156 ], [ 85.495754883049059, 28.339320711349774 ], [ 85.495892016242578, 28.338847732385627 ], [ 85.495906231385405, 28.338784708723257 ], [ 85.495925823100364, 28.338671534751825 ], [ 85.496266026672131, 28.338298136484514 ], [ 85.496283656639804, 28.338274953052331 ], [ 85.496608517813513, 28.337783394354911 ], [ 85.49662497206576, 28.337754446196559 ], [ 85.496808076285475, 28.337393745944201 ], [ 85.496823374155639, 28.337359691227782 ], [ 85.496910182764921, 28.337151695981969 ], [ 85.496931513712667, 28.33709644541953 ], [ 85.497008969556177, 28.336877828233593 ], [ 85.497027897300001, 28.336819232628176 ], [ 85.497135266741537, 28.336418422514008 ], [ 85.497148819306545, 28.336355069174935 ], [ 85.497209339025787, 28.335991834708249 ], [ 85.497217486988916, 28.335923862312974 ], [ 85.497243124195748, 28.335597630026886 ], [ 85.497245839228839, 28.335525244044462 ], [ 85.497245972961622, 28.335379837653587 ], [ 85.497311510674749, 28.335338125718909 ], [ 85.49734275320958, 28.335317056853857 ], [ 85.497656207665145, 28.335087622537888 ], [ 85.497682380298485, 28.33506685514703 ], [ 85.498048530165548, 28.334745311687939 ], [ 85.498070028554608, 28.334724418743853 ], [ 85.498467011836027, 28.334286780676781 ], [ 85.498495318437193, 28.334251257036343 ], [ 85.498813484904971, 28.333797056612781 ], [ 85.498838476302382, 28.33375615352378 ], [ 85.499074445402528, 28.333314293734357 ], [ 85.499094729970793, 28.333270285594715 ], [ 85.499276756490346, 28.332803943730248 ], [ 85.499291053080327, 28.332759592605708 ], [ 85.499409269786014, 28.33230491573994 ], [ 85.499414382831532, 28.332279237683444 ], [ 85.499470150386983, 28.331911028775171 ], [ 85.499473016000223, 28.331883557966922 ], [ 85.499493720622667, 28.33155265352384 ], [ 85.499494334267254, 28.331523424212271 ], [ 85.49948961977087, 28.33122832865029 ], [ 85.499487980745954, 28.331197392272006 ], [ 85.499449165327192, 28.330814490847754 ], [ 85.499439136773319, 28.330747693720259 ], [ 85.4993531613964, 28.330328074000704 ], [ 85.49933425420744, 28.330255518624512 ], [ 85.499239482859011, 28.329943362164634 ], [ 85.499226486420682, 28.329905957061474 ], [ 85.499128384398531, 28.329650967804547 ], [ 85.499112745541964, 28.32961397675496 ], [ 85.498996831139053, 28.329363041834505 ], [ 85.498979025881695, 28.329327577455167 ], [ 85.498837357293056, 28.329068071879231 ], [ 85.498817878708124, 28.329035121524225 ], [ 85.498584965207399, 28.328681217234447 ], [ 85.498569379659685, 28.328659830292441 ], [ 85.498240431787835, 28.328258666160444 ], [ 85.498221859698518, 28.32823845296809 ], [ 85.497871297668254, 28.327894584661824 ], [ 85.497849558273231, 28.327875344657027 ], [ 85.497614731886969, 28.327685776785348 ], [ 85.497688993744617, 28.327562082261817 ], [ 85.497715970466018, 28.327514754514493 ], [ 85.497825381812262, 28.32731020129911 ], [ 85.497848550462436, 28.327263918219327 ], [ 85.497960363196043, 28.327021841550405 ], [ 85.497979263505854, 28.326977275867545 ], [ 85.49808558364748, 28.326699441967165 ], [ 85.498089586767264, 28.326687742149648 ], [ 85.498162525253122, 28.326623355512112 ], [ 85.498200146634829, 28.326588447008316 ], [ 85.498362451889236, 28.32643052932055 ], [ 85.498443950224171, 28.326347363969884 ], [ 85.498487616214192, 28.326317968404187 ], [ 85.498560890402302, 28.326266555276579 ], [ 85.498636059434887, 28.326211401817201 ], [ 85.498985500170164, 28.326095411581505 ], [ 85.49902511130874, 28.326080735653008 ], [ 85.499315745941502, 28.32596345760675 ], [ 85.499407904146409, 28.325923137854314 ], [ 85.499658012495146, 28.325805961772794 ], [ 85.499738766622684, 28.325765550675829 ], [ 85.50003001346137, 28.325608196802712 ], [ 85.500101281241797, 28.32556673354761 ], [ 85.50042874739492, 28.325359377505077 ], [ 85.500491016512825, 28.325316559732244 ], [ 85.500765837038614, 28.325113500422876 ], [ 85.500795872210801, 28.325089675527586 ], [ 85.500980964388773, 28.324935316060312 ], [ 85.501010451608209, 28.324909466166261 ], [ 85.501253168715294, 28.324681378131118 ], [ 85.50131052920436, 28.324623579328456 ], [ 85.501575725136675, 28.324332920754848 ], [ 85.501631001253912, 28.324266923922846 ], [ 85.501839731857572, 28.3239978909704 ], [ 85.501893051232727, 28.32392354140746 ], [ 85.5020555274195, 28.323680488602896 ], [ 85.502106796181565, 28.323598008225606 ], [ 85.502232601334285, 28.323382040706342 ], [ 85.502282414062307, 28.323290560621004 ], [ 85.502306638275286, 28.323243328352763 ], [ 85.502362680223172, 28.323203802185873 ], [ 85.502440452496657, 28.323146485924475 ], [ 85.502702186819633, 28.322939690996577 ], [ 85.502756564697634, 28.32289365558832 ], [ 85.503058905947839, 28.322612521729873 ], [ 85.503211683214985, 28.322508552147017 ], [ 85.50331418476317, 28.322434183725061 ], [ 85.503540883736321, 28.322259569631118 ], [ 85.503641873517665, 28.322177029225649 ], [ 85.503842126081892, 28.322004112449246 ], [ 85.503941260507489, 28.321913680612226 ], [ 85.504118497779857, 28.321743476718492 ], [ 85.504215354303739, 28.321645537827482 ], [ 85.504372899079925, 28.321478252951177 ], [ 85.504467153153854, 28.321373113035929 ], [ 85.504607846742658, 28.321208578962434 ], [ 85.50469881480322, 28.321096982350884 ], [ 85.504825327618633, 28.320934399371307 ], [ 85.504912418283311, 28.320817063424563 ], [ 85.505026948121341, 28.320655410748167 ], [ 85.505109465906926, 28.320533277316848 ], [ 85.505215750017982, 28.320368170441292 ], [ 85.505243035392368, 28.320323628666227 ], [ 85.505336370556876, 28.320163733204566 ], [ 85.50536283432848, 28.320116090377155 ], [ 85.505440869348988, 28.319968968437351 ], [ 85.505466750019593, 28.319917798478539 ], [ 85.505530784138543, 28.319785580278818 ], [ 85.505556486590109, 28.319730082580875 ], [ 85.505625010139383, 28.319573923585597 ], [ 85.505673682361362, 28.3194565941284 ], [ 85.505703651340994, 28.319380867699742 ], [ 85.505817239817233, 28.319237699781343 ], [ 85.50588553769343, 28.31914940856818 ], [ 85.505953008214263, 28.31905992893817 ], [ 85.506021500817852, 28.318966622143105 ], [ 85.506080094737626, 28.318884603843429 ], [ 85.506148736457476, 28.3187857282689 ], [ 85.506225917112531, 28.318671278329901 ], [ 85.50628180066694, 28.318586319731978 ], [ 85.506359722960937, 28.318464830965052 ], [ 85.506408311623062, 28.318387312147607 ], [ 85.506487794930706, 28.318257513751835 ], [ 85.506529130662443, 28.31818859537832 ], [ 85.50661174146002, 28.318047935930295 ], [ 85.506654514523518, 28.317973428786036 ], [ 85.506801676116922, 28.317711096862237 ], [ 85.506829305566811, 28.317661071623778 ], [ 85.507152964963666, 28.317065773263479 ], [ 85.507211133317512, 28.316962534343052 ], [ 85.507257262953814, 28.316883526192843 ], [ 85.507296990099377, 28.316818375833684 ], [ 85.507324950330414, 28.316774790042778 ], [ 85.507327739191254, 28.316770676906064 ], [ 85.507352862136528, 28.316743051976086 ], [ 85.507612598018781, 28.316465425853483 ], [ 85.507675804347031, 28.316396496437193 ], [ 85.507753925109242, 28.316309568158907 ], [ 85.507818878963221, 28.316235732284454 ], [ 85.507887336693116, 28.316156226167543 ], [ 85.507970197602276, 28.316057216844506 ], [ 85.508042973850579, 28.315967728168395 ], [ 85.508142436890807, 28.315840903026899 ], [ 85.508207439583416, 28.315754914075473 ], [ 85.508312862385296, 28.315609506735512 ], [ 85.508371264776628, 28.315525455458623 ], [ 85.508478829299065, 28.315363161972595 ], [ 85.508531209063037, 28.315280215359905 ], [ 85.50865325962242, 28.315074695775259 ], [ 85.508716599762494, 28.314961028884877 ], [ 85.508804732550431, 28.314794388678344 ], [ 85.508887855166364, 28.314628493112391 ], [ 85.508895816063585, 28.31461712144419 ], [ 85.50898880566038, 28.314490792464746 ], [ 85.509272896375847, 28.314118313515898 ], [ 85.50937765903322, 28.31397519611123 ], [ 85.509443529637394, 28.313881370372226 ], [ 85.509526598373668, 28.313755829185212 ], [ 85.50976515124627, 28.313570881872746 ], [ 85.509797732256743, 28.313543873256314 ], [ 85.510016184817388, 28.313351488453574 ], [ 85.510048493397491, 28.313321261122152 ], [ 85.510232442669391, 28.313139564230024 ], [ 85.510264716462515, 28.313105896961854 ], [ 85.510456796469541, 28.312892794896637 ], [ 85.510508776051552, 28.312831410563685 ], [ 85.510683139689547, 28.312612220975396 ], [ 85.510738028764507, 28.312538672548268 ], [ 85.510794219956409, 28.31246008988067 ], [ 85.51081532013724, 28.312442094096546 ], [ 85.510949114382086, 28.312323668283724 ], [ 85.51103010413398, 28.312249270031277 ], [ 85.511206315909149, 28.312078878080733 ], [ 85.511275642480527, 28.31200829554917 ], [ 85.511379473533793, 28.311899144613015 ], [ 85.511502008739242, 28.311766117544689 ], [ 85.511561497089062, 28.311700289428842 ], [ 85.511644247855116, 28.311606945335516 ], [ 85.511735642095516, 28.311500648161388 ], [ 85.5118080157267, 28.311413836053511 ], [ 85.511920767411254, 28.311273031372714 ], [ 85.511983050620131, 28.311192010721406 ], [ 85.51211106980567, 28.311016908690213 ], [ 85.512167324145182, 28.310935920593391 ], [ 85.51230522622447, 28.310724802903618 ], [ 85.512353431715283, 28.310646173716293 ], [ 85.512421315756285, 28.310527007769277 ], [ 85.512478625760792, 28.310459008821482 ], [ 85.512489475475178, 28.310443841085707 ], [ 85.512804706060976, 28.309932956370456 ], [ 85.512814103540833, 28.309915071537375 ], [ 85.513013627390592, 28.309476635156837 ], [ 85.513021729811925, 28.309455732608733 ], [ 85.513167879150259, 28.30900298419893 ], [ 85.513179205378663, 28.308959403020975 ], [ 85.513243628939108, 28.308667897498601 ], [ 85.513257825438117, 28.308590157746572 ], [ 85.513263644314534, 28.308560361143527 ], [ 85.513303425799961, 28.308317459273351 ], [ 85.51331095242918, 28.308260658985386 ], [ 85.513334293955481, 28.308036152350017 ], [ 85.51333879954295, 28.307976520435155 ], [ 85.513349014536487, 28.307771112825041 ], [ 85.513350514318716, 28.307708508658028 ], [ 85.513350622324751, 28.307521835770459 ], [ 85.513349128069663, 28.307456294678737 ], [ 85.513341754726966, 28.307288243600031 ], [ 85.513337269854873, 28.307219227718569 ], [ 85.513324699659606, 28.307069369905793 ], [ 85.513317198917377, 28.306996423186003 ], [ 85.513301479150527, 28.306864923446089 ], [ 85.513290846634305, 28.306786921888612 ], [ 85.513275222893029, 28.306688926841272 ], [ 85.513282797402738, 28.306539939964583 ], [ 85.513284695788386, 28.306477270635821 ], [ 85.513286437189649, 28.30632956596855 ], [ 85.513285992950699, 28.306263317897006 ], [ 85.513283000703581, 28.306133225987658 ], [ 85.513282270785794, 28.306114655437312 ], [ 85.513379531134319, 28.306042950085523 ], [ 85.513404813389272, 28.306022400668095 ], [ 85.513878506875741, 28.305581720451482 ], [ 85.513897787616671, 28.305561171478622 ], [ 85.514394625032338, 28.304928737464571 ], [ 85.514408167233668, 28.30490790574115 ], [ 85.514598129909544, 28.304531237867504 ], [ 85.514622425766788, 28.304516025271106 ], [ 85.514815114560648, 28.304389245640252 ], [ 85.514866465410336, 28.304353767559938 ], [ 85.51503185661916, 28.304234487040262 ], [ 85.515084158619132, 28.304195126644803 ], [ 85.515224548167836, 28.304085480608947 ], [ 85.515278678814525, 28.304041612976032 ], [ 85.515396382252803, 28.30394313806957 ], [ 85.51545302933576, 28.303894213826339 ], [ 85.515548650385227, 28.30380940657049 ], [ 85.515609748023877, 28.303753759937671 ], [ 85.515667324846191, 28.303700455211263 ], [ 85.515758165468185, 28.303614966938106 ], [ 85.51591040723325, 28.30346512686803 ], [ 85.515968988281912, 28.303404813738258 ], [ 85.516199686959112, 28.303149090299609 ], [ 85.516248049511077, 28.303091302231568 ], [ 85.516517817362754, 28.302734665240727 ], [ 85.516555754580025, 28.302678950565291 ], [ 85.516727607971504, 28.302392799076614 ], [ 85.516858747322189, 28.302244209132741 ], [ 85.517047272551011, 28.302116316547558 ], [ 85.517062772599019, 28.302104540948935 ], [ 85.517474248813613, 28.301754693525904 ], [ 85.517488188728507, 28.301741436138457 ], [ 85.517846855052625, 28.301360312323531 ], [ 85.51785926583527, 28.301345543715133 ], [ 85.518139849144561, 28.300974662540519 ], [ 85.518180250061008, 28.300915082426087 ], [ 85.518365430478397, 28.300617085242845 ], [ 85.518381774092873, 28.300588262761686 ], [ 85.518490150500014, 28.300382426652966 ], [ 85.518560437306618, 28.300352758146254 ], [ 85.518712306565234, 28.300286413655851 ], [ 85.518884136463271, 28.300207725773387 ], [ 85.518896432021947, 28.30020183068018 ], [ 85.51925165610028, 28.300183347891792 ], [ 85.519279704258025, 28.300181819817389 ], [ 85.51993589796453, 28.300144461122333 ], [ 85.52031252813191, 28.300126482456278 ], [ 85.520459973002502, 28.300121080010481 ], [ 85.520597818506943, 28.300117298551783 ], [ 85.520720786463983, 28.300115186330228 ], [ 85.520829890575541, 28.300114536861699 ], [ 85.520934964885569, 28.300115222069607 ], [ 85.521027979308442, 28.300117106141546 ], [ 85.521110947023629, 28.300120000262261 ], [ 85.52118469518426, 28.300123715486897 ], [ 85.521250119639106, 28.300128079946592 ], [ 85.521307730728807, 28.300132911095265 ], [ 85.521343134361231, 28.300136515135403 ], [ 85.521608617913259, 28.300190061447161 ], [ 85.521691456225099, 28.300206129035402 ], [ 85.521832982919079, 28.300232489959381 ], [ 85.522010972964807, 28.300262728624229 ], [ 85.522151265109983, 28.3002842816501 ], [ 85.522400716196941, 28.300317001781856 ], [ 85.522527807835743, 28.300330838468433 ], [ 85.522704674100467, 28.300347327842939 ], [ 85.522870832804287, 28.300360229573457 ], [ 85.522964293847551, 28.300366720667601 ], [ 85.523104028520422, 28.300375282079042 ], [ 85.523226685901832, 28.300381483710691 ], [ 85.52335418821923, 28.300386566884722 ], [ 85.523501592895812, 28.300390553650164 ], [ 85.523619772028738, 28.300392236112266 ], [ 85.523790561399309, 28.300392135045357 ], [ 85.523903683150408, 28.300390390743502 ], [ 85.524097067075999, 28.300384157626862 ], [ 85.524204203639812, 28.300378900725566 ], [ 85.524416921791541, 28.300364506246233 ], [ 85.524518983296417, 28.300355695154334 ], [ 85.524749884393643, 28.30033104336956 ], [ 85.524847406848039, 28.300318627935884 ], [ 85.525126457395359, 28.300276070395856 ], [ 85.52519431156459, 28.300263995731548 ], [ 85.525487679596765, 28.30020376013055 ], [ 85.525557664162605, 28.300187448378011 ], [ 85.5258193039801, 28.300119796824386 ], [ 85.525892026517852, 28.300099110143616 ], [ 85.526119685440008, 28.300029053079822 ], [ 85.526196249446173, 28.300003681185668 ], [ 85.526374291578676, 28.299941133490655 ], [ 85.52655645763916, 28.299980046049416 ], [ 85.526648173407153, 28.299998047609314 ], [ 85.526760919841507, 28.300018996907102 ], [ 85.526851764784737, 28.300034930275128 ], [ 85.526968310311091, 28.300054127624168 ], [ 85.527058169443947, 28.300067974412123 ], [ 85.527179002773579, 28.300085273897889 ], [ 85.52726777943731, 28.300097017720653 ], [ 85.527393060999401, 28.300112187122998 ], [ 85.527480653387258, 28.300121815150479 ], [ 85.527610518473821, 28.300134596254967 ], [ 85.527696866468858, 28.30014210422998 ], [ 85.527831877177007, 28.300152242069878 ], [ 85.527916916645822, 28.300157621179313 ], [ 85.528056779796003, 28.30016475995615 ], [ 85.528140452597924, 28.30016801047741 ], [ 85.528285717774267, 28.300171818551608 ], [ 85.528367897519658, 28.300172935513842 ], [ 85.528518427326077, 28.300173014180341 ], [ 85.528599144538305, 28.300172001525027 ], [ 85.528755036559616, 28.300167934124083 ], [ 85.528834252456292, 28.300164793240679 ], [ 85.528995631435563, 28.300156123241671 ], [ 85.529073309285508, 28.300150854639455 ], [ 85.529239986920615, 28.300137109773164 ], [ 85.529316089955145, 28.300129716669048 ], [ 85.529487965998129, 28.30011039817866 ], [ 85.529562468675906, 28.300100883008334 ], [ 85.52973918034948, 28.300075503118382 ], [ 85.529812059143339, 28.30006387014474 ], [ 85.529993570770401, 28.300031875650955 ], [ 85.530064798111951, 28.300018126386089 ], [ 85.530254137779821, 28.299978211600639 ], [ 85.530338306420489, 28.29995895802459 ], [ 85.530522840694204, 28.299913455667784 ], [ 85.530608550177746, 28.299890777177605 ], [ 85.530781469496588, 28.299842039253409 ], [ 85.530868381036569, 28.299816026065614 ], [ 85.531031512253023, 28.299764449995653 ], [ 85.53111921830822, 28.299735224079178 ], [ 85.531274396646097, 28.29968093200063 ], [ 85.531362538727848, 28.299648607730933 ], [ 85.53151129229974, 28.299591586154143 ], [ 85.531599277029699, 28.299556378269394 ], [ 85.531743314725588, 28.299496325115783 ], [ 85.531830596635132, 28.299458449774392 ], [ 85.531971419884826, 28.299394925164293 ], [ 85.532057380388736, 28.299354650989656 ], [ 85.53226257679394, 28.299253083262823 ], [ 85.532373023365153, 28.299195416014953 ], [ 85.53262631420381, 28.299054131299346 ], [ 85.532735739484323, 28.298989043930469 ], [ 85.532965932957623, 28.298843761939519 ], [ 85.533074278317983, 28.298771288138628 ], [ 85.533282311482324, 28.298624426495707 ], [ 85.533389507944548, 28.298544611572861 ], [ 85.533576684335927, 28.298398166097567 ], [ 85.53368267623263, 28.298311051894782 ], [ 85.533850690627403, 28.298166455530826 ], [ 85.533955377949113, 28.298072120416212 ], [ 85.534105873121177, 28.297930530979301 ], [ 85.534209168085965, 28.297829054353777 ], [ 85.534343902130658, 28.297691190987543 ], [ 85.534445698287641, 28.297582675516104 ], [ 85.534566406026499, 28.297448916302894 ], [ 85.534666874553963, 28.297333147232198 ], [ 85.534775167930903, 28.297203639046387 ], [ 85.534873882511405, 28.297081068493519 ], [ 85.534971039160041, 28.296956036017324 ], [ 85.535067854592015, 28.296826842041035 ], [ 85.535155176350258, 28.296706201271405 ], [ 85.535249913970006, 28.29657062294266 ], [ 85.535328652762288, 28.296454054494472 ], [ 85.53542118271703, 28.296312266425435 ], [ 85.535492381206168, 28.296199466621193 ], [ 85.535582396335286, 28.296051933037958 ], [ 85.535647080879869, 28.295942350907151 ], [ 85.535734315303003, 28.295789500377694 ], [ 85.535793295251281, 28.295682682707152 ], [ 85.535877411455274, 28.295525111804089 ], [ 85.535903084130979, 28.295476267417683 ], [ 85.536046333809225, 28.295199413487719 ], [ 85.536109919288464, 28.295071313710061 ], [ 85.536153056640913, 28.294980615527596 ], [ 85.5362146518342, 28.294845007705181 ], [ 85.536250357909992, 28.294762563752148 ], [ 85.536320676156834, 28.294589757581345 ], [ 85.536352553266568, 28.294506118213949 ], [ 85.536411150048991, 28.294338931637743 ], [ 85.536424082987054, 28.294324670353664 ], [ 85.536492863016107, 28.294243374173945 ], [ 85.536603310992859, 28.294107655391738 ], [ 85.536670884504673, 28.294021289318177 ], [ 85.536768808900092, 28.293891384723906 ], [ 85.536835224649607, 28.293799887916649 ], [ 85.536921952553499, 28.293676056629486 ], [ 85.536987274000992, 28.29357933681657 ], [ 85.537063815456889, 28.293462041138412 ], [ 85.537128072611978, 28.293360066157863 ], [ 85.537195554803588, 28.293249373970784 ], [ 85.537258913295972, 28.29314188748063 ], [ 85.537318254197871, 28.293037968661167 ], [ 85.537380850714854, 28.292924742889078 ], [ 85.537432903645936, 28.292827677988086 ], [ 85.537494960890186, 28.29270830918653 ], [ 85.537552460371998, 28.292593528182007 ], [ 85.537613774212303, 28.292466387806105 ], [ 85.537675914025286, 28.292331548742354 ], [ 85.537733740971319, 28.292200038821008 ], [ 85.537788843602115, 28.292068729929607 ], [ 85.537842985755347, 28.291933305936077 ], [ 85.53789192608572, 28.29180478281123 ], [ 85.537942172342795, 28.291665971376588 ], [ 85.537985666974791, 28.291539461379376 ], [ 85.538031834242858, 28.291397754235614 ], [ 85.53807043096937, 28.291272548169406 ], [ 85.538112288440757, 28.291128645923777 ], [ 85.538146448526831, 28.291003882038432 ], [ 85.538183801585078, 28.290858448681625 ], [ 85.538213840885305, 28.290733310419313 ], [ 85.53824650316804, 28.290587077719618 ], [ 85.538271832187405, 28.290464854539842 ], [ 85.538289525771305, 28.290372312751142 ], [ 85.538309845978162, 28.290256986041431 ], [ 85.538325133460759, 28.290162184729102 ], [ 85.538341440109932, 28.290051249169213 ], [ 85.538354339049107, 28.28995409827051 ], [ 85.538367048919682, 28.289847454263636 ], [ 85.538377571175346, 28.289747832968452 ], [ 85.538387016101979, 28.289645978474407 ], [ 85.538395176111493, 28.289543801198487 ], [ 85.538401747557316, 28.289446623351541 ], [ 85.538407561520586, 28.289341675467565 ], [ 85.538411602894271, 28.289249451501437 ], [ 85.538415083693678, 28.289141537299383 ], [ 85.53841694443166, 28.289054274655797 ], [ 85.53841809974476, 28.288943131582514 ], [ 85.53841811538517, 28.288861630967087 ], [ 85.538416986060412, 28.288748822639935 ], [ 85.538415510558849, 28.288673118527822 ], [ 85.538412130530347, 28.288556460288017 ], [ 85.538407776991065, 28.288452751398619 ], [ 85.538394182530254, 28.288205553067648 ], [ 85.53838594398492, 28.28808758306786 ], [ 85.538363065114552, 28.28781747032092 ], [ 85.538354253780355, 28.287725946222221 ], [ 85.538320135828315, 28.287409647181576 ], [ 85.538308571385542, 28.287313365168572 ], [ 85.538277193172718, 28.287076337473689 ], [ 85.538259288996599, 28.286955282307012 ], [ 85.538219819640503, 28.286713841260177 ], [ 85.538199163898682, 28.286598108084437 ], [ 85.538151727691698, 28.286353013132253 ], [ 85.538128555592962, 28.28624169399103 ], [ 85.538073332491962, 28.285993883875211 ], [ 85.538056369655479, 28.285920939849589 ], [ 85.538001825941706, 28.285695812115772 ], [ 85.537990301783211, 28.285649437556028 ], [ 85.537939520057876, 28.285450091102852 ], [ 85.537924748165878, 28.285393786167166 ], [ 85.537875005136542, 28.285209547413931 ], [ 85.537856935381157, 28.285144744237023 ], [ 85.537807330635559, 28.284972338193498 ], [ 85.53778565089668, 28.284899533250538 ], [ 85.537734941937472, 28.284734829274328 ], [ 85.53770932784596, 28.284654565117933 ], [ 85.537657608068827, 28.28449804074199 ], [ 85.537627766553896, 28.284410994555351 ], [ 85.537574690275875, 28.284261609069329 ], [ 85.537540190060838, 28.284168081734251 ], [ 85.537485528457623, 28.284025196401121 ], [ 85.537445549477823, 28.283924618386798 ], [ 85.537388131509189, 28.283785441773304 ], [ 85.537341979677208, 28.283677851575312 ], [ 85.537282559727998, 28.283544480206636 ], [ 85.537229982167574, 28.283431009674484 ], [ 85.537168418813991, 28.283303124339277 ], [ 85.537108778017611, 28.283184029267172 ], [ 85.537044962182492, 28.283061405865023 ], [ 85.536977619584007, 28.282937042303605 ], [ 85.536911422049769, 28.282819438466653 ], [ 85.536835729805517, 28.282690229962945 ], [ 85.536767092766055, 28.282577549394343 ], [ 85.536682464996787, 28.282444085678989 ], [ 85.536611311708924, 28.282336200289354 ], [ 85.536517118473483, 28.282199042818561 ], [ 85.536443383994808, 28.282095856232193 ], [ 85.536296712087136, 28.281901890434444 ], [ 85.536240083124071, 28.281831036961876 ], [ 85.536098414128773, 28.281664238092098 ], [ 85.536055037344994, 28.281559116496474 ], [ 85.536033454792744, 28.281509769516102 ], [ 85.535947856785214, 28.281326163450075 ], [ 85.535925259577667, 28.281280565513111 ], [ 85.535818560064939, 28.28107893492794 ], [ 85.535794704980674, 28.281036606886445 ], [ 85.535686165006481, 28.280854534766636 ], [ 85.535604385739362, 28.280724621548849 ], [ 85.535478727388124, 28.280535924197029 ], [ 85.535401305657558, 28.280425859079543 ], [ 85.535275389681885, 28.280255538252877 ], [ 85.535237079444101, 28.280206184142116 ], [ 85.53513497586917, 28.280079390329664 ], [ 85.535096783457504, 28.280033652977032 ], [ 85.534978265092377, 28.279897241636462 ], [ 85.534940053112479, 28.279854954401138 ], [ 85.534802832140628, 28.279709470706397 ], [ 85.534764510207467, 28.279670533335342 ], [ 85.534606808294825, 28.27951753458979 ], [ 85.534572550672422, 28.279485793316638 ], [ 85.53440829296288, 28.279340383686581 ], [ 85.534371808971727, 28.279309525516915 ], [ 85.534206642480996, 28.279175842480651 ], [ 85.534167887764369, 28.279145830829947 ], [ 85.534003800416315, 28.27902405104264 ], [ 85.533962717500614, 28.27899483925799 ], [ 85.533801169991506, 28.278884605295211 ], [ 85.533757718496872, 28.27885616405533 ], [ 85.533600452501091, 28.278757244622291 ], [ 85.533554509200911, 28.278729489565087 ], [ 85.533329239760803, 28.278600951901296 ], [ 85.533229355851731, 28.278547195066704 ], [ 85.532961031904236, 28.278412455536191 ], [ 85.532854205976236, 28.278362532723897 ], [ 85.532627059403438, 28.278262695578803 ], [ 85.532506198179235, 28.27821285185999 ], [ 85.532327826400618, 28.278142935793525 ], [ 85.532193010385441, 28.27809280105804 ], [ 85.532079960372101, 28.278052162680524 ], [ 85.531880347850702, 28.277982859188533 ], [ 85.531736516106591, 28.277935122956944 ], [ 85.531627293165656, 28.277900525452903 ], [ 85.531367025148342, 28.27782500134342 ], [ 85.531253982481232, 28.277795151291233 ], [ 85.530999349479544, 28.277734217525413 ], [ 85.53088232961143, 28.277709071694709 ], [ 85.530635888012441, 28.277661796686569 ], [ 85.530514682512774, 28.277641310397186 ], [ 85.530278804969257, 28.27760649743076 ], [ 85.530153270472553, 28.277590639338783 ], [ 85.529929722748889, 28.277566846469192 ], [ 85.529799439981559, 28.277555557893589 ], [ 85.529589540224265, 28.277541237649437 ], [ 85.529454120148003, 28.277534485504006 ], [ 85.52925917756167, 28.277528075164629 ], [ 85.529118052716711, 28.277525827148363 ], [ 85.528943405631722, 28.2775256941283 ], [ 85.528804241984801, 28.277527698863896 ], [ 85.528649475006077, 28.277532010648397 ], [ 85.528503665019386, 28.277538036445048 ], [ 85.528364128393946, 28.277545501699947 ], [ 85.528210494901657, 28.277555594517192 ], [ 85.528087002938364, 28.277565044922273 ], [ 85.527923304081114, 28.277579349346656 ], [ 85.527820795540649, 28.277589234593776 ], [ 85.527658113497537, 28.277606398035193 ], [ 85.527576408373903, 28.277615611317596 ], [ 85.527395895427929, 28.277637279879922 ], [ 85.527317769940296, 28.277647203802506 ], [ 85.526758396995461, 28.277722174221633 ], [ 85.526679915169765, 28.277733247362359 ], [ 85.526570888677313, 28.277749402513908 ], [ 85.526428292819034, 28.277772381338998 ], [ 85.52630835151686, 28.277793273217714 ], [ 85.526164383180443, 28.277820266830506 ], [ 85.525781645562148, 28.277897154781073 ], [ 85.525754767373172, 28.277897395358583 ], [ 85.525668349501032, 28.277896724037461 ], [ 85.525117074711318, 28.277883922993425 ], [ 85.525065666191452, 28.277882958747643 ], [ 85.524844554441401, 28.277879799211242 ], [ 85.524734888099815, 28.27787927657009 ], [ 85.524516953419933, 28.277880313273442 ], [ 85.524364449801567, 28.277883059071026 ], [ 85.524168581429009, 28.277889181989085 ], [ 85.524028532455432, 28.277895268211456 ], [ 85.523924498144083, 28.277901060019889 ], [ 85.523813150556549, 28.277908343556597 ], [ 85.523712995943882, 28.277915872079351 ], [ 85.523594279415633, 28.277926035535501 ], [ 85.52349743812951, 28.277935339785785 ], [ 85.523371649609714, 28.277948827499223 ], [ 85.5232777357147, 28.277959947535873 ], [ 85.523145744010819, 28.277977135569937 ], [ 85.523054335731842, 28.277990122795774 ], [ 85.522916585882101, 28.278011413772273 ], [ 85.52282753603447, 28.278026294579607 ], [ 85.522684954425131, 28.278051991816007 ], [ 85.522598052499632, 28.278068800937369 ], [ 85.522451320412841, 28.278099201314092 ], [ 85.52236639771813, 28.27811797212869 ], [ 85.522172170568282, 28.27816452668047 ], [ 85.522021283737644, 28.278203538396255 ], [ 85.521859195392238, 28.278248051637476 ], [ 85.521587226642183, 28.27832715718926 ], [ 85.521561054855582, 28.27833417551652 ], [ 85.521419577452363, 28.27836865988921 ], [ 85.521252686519134, 28.278407603984892 ], [ 85.521096545853197, 28.278442305073973 ], [ 85.520950160566713, 28.278473115867936 ], [ 85.520812507211488, 28.278500382354345 ], [ 85.520683327956547, 28.278524290215117 ], [ 85.520562204103825, 28.278545061022356 ], [ 85.520448883331156, 28.278562887190784 ], [ 85.52034252068465, 28.278578048936339 ], [ 85.520243636783675, 28.278590623847357 ], [ 85.520151982474388, 28.278600818085341 ], [ 85.520067505239552, 28.278608817467646 ], [ 85.519990099974706, 28.278614821049132 ], [ 85.519919649546495, 28.27861903506335 ], [ 85.519856075994426, 28.278621671311434 ], [ 85.519799540323348, 28.278622942016995 ], [ 85.519749011730156, 28.278623081775045 ], [ 85.519705418912253, 28.278622309772825 ], [ 85.519674912911611, 28.27862112363983 ], [ 85.519606187907243, 28.27858618666297 ], [ 85.519377022466742, 28.278476484526884 ], [ 85.519324313757807, 28.278452773274786 ], [ 85.519102805533322, 28.278358998894216 ], [ 85.519052984113628, 28.278339197900685 ], [ 85.51879154644304, 28.278242923833929 ], [ 85.518743662230932, 28.278226656368279 ], [ 85.518442991948419, 28.278133939642412 ], [ 85.518396552697965, 28.278121044223852 ], [ 85.518036338851374, 28.2780337129158 ], [ 85.51798590251758, 28.278023227055229 ], [ 85.517609936936068, 28.277958152744205 ], [ 85.517556620666085, 28.277950753695645 ], [ 85.517210794629165, 28.277913429372035 ], [ 85.517154087611445, 28.277909043892659 ], [ 85.516847319718167, 28.277893549411989 ], [ 85.516815436819059, 28.277892791466311 ], [ 85.516667862782697, 28.277825063469617 ], [ 85.516561691392326, 28.277779365362782 ], [ 85.516249165689032, 28.277656149753465 ], [ 85.516150670080421, 28.277620773865447 ], [ 85.515864324303422, 28.277526671798913 ], [ 85.515800117396395, 28.277507488599088 ], [ 85.515596823386431, 28.277450912084031 ], [ 85.515530750923702, 28.277433859202336 ], [ 85.515332128665989, 28.277386424117868 ], [ 85.515264052502872, 28.27737146394535 ], [ 85.515071781164124, 28.277332690283149 ], [ 85.515001517335833, 28.27731978110268 ], [ 85.514816903935653, 28.277288993032659 ], [ 85.514744337530075, 28.27727811283075 ], [ 85.51456929425018, 28.277254628296596 ], [ 85.514494047904549, 28.277245713397456 ], [ 85.514329684153481, 28.277228639637283 ], [ 85.514251415894947, 28.277221647506916 ], [ 85.514098586826691, 28.277210047933313 ], [ 85.514016776286766, 28.277204934998462 ], [ 85.513834935692856, 28.277196456856593 ], [ 85.513690707643974, 28.277192017451721 ], [ 85.513500417497681, 28.277189307282228 ], [ 85.513338749541006, 28.277189676787565 ], [ 85.513206397768442, 28.277191500685763 ], [ 85.513047686716476, 28.277195513033391 ], [ 85.512986912363928, 28.277197370709505 ], [ 85.512858598958758, 28.277201971259753 ], [ 85.512702448323765, 28.27715774118893 ], [ 85.51265613210002, 28.277144836971914 ], [ 85.512509989874417, 28.277104796162426 ], [ 85.51240954022559, 28.277078273206939 ], [ 85.512261348613137, 28.277040608725354 ], [ 85.512117640269082, 28.27700608677608 ], [ 85.51198391972396, 28.276975813365986 ], [ 85.511791450897064, 28.276935743633711 ], [ 85.511644133788067, 28.276907731491722 ], [ 85.511397781959943, 28.276866471169541 ], [ 85.511259207205768, 28.276846373363977 ], [ 85.510977679844743, 28.276812644750297 ], [ 85.510845347455032, 28.2768001037239 ], [ 85.510613708736415, 28.276782870558645 ], [ 85.510549463150952, 28.276779394736973 ], [ 85.510386595125837, 28.27677289562331 ], [ 85.510323444211934, 28.276771270977655 ], [ 85.510142889881166, 28.276769458356416 ], [ 85.50998637923702, 28.276770341350929 ], [ 85.509803080128179, 28.276774294797278 ], [ 85.509640952126219, 28.276780376017758 ], [ 85.509470525642172, 28.276789301765678 ], [ 85.509302926098982, 28.276800575562714 ], [ 85.509144287759497, 28.276813456615631 ], [ 85.508971404398466, 28.276829909675314 ], [ 85.50884133863515, 28.276843786749279 ], [ 85.508744833020998, 28.27685519880173 ], [ 85.508637564910842, 28.27686891257817 ], [ 85.508540237664448, 28.276882292040025 ], [ 85.508384505155021, 28.276905894053431 ], [ 85.508187458208923, 28.27693854786828 ], [ 85.507989522998756, 28.276974959456616 ], [ 85.507789411054816, 28.277015451920221 ], [ 85.507602283730492, 28.277056628738112 ], [ 85.507399287656128, 28.277104923912241 ], [ 85.507222598244311, 28.277150000529094 ], [ 85.507016864227325, 28.277206063903265 ], [ 85.506849929802442, 28.277254356389559 ], [ 85.506641751383938, 28.277318114451752 ], [ 85.506484179934077, 28.277368957755467 ], [ 85.506273820229822, 28.277440325833378 ], [ 85.506124746842517, 28.277493300988112 ], [ 85.505912541696958, 28.277572169935947 ], [ 85.505794427934845, 28.277617630616987 ], [ 85.505610750103088, 28.277690782306582 ], [ 85.505506645179949, 28.277733496737731 ], [ 85.50533717803998, 28.277805091452201 ], [ 85.505220610863446, 28.277855962562754 ], [ 85.505062120889264, 28.277927366589577 ], [ 85.504934692370469, 28.277986797766864 ], [ 85.504785737001441, 28.278058666836404 ], [ 85.504648407738301, 28.278127387317525 ], [ 85.504507347301129, 28.278200547374041 ], [ 85.504361397542525, 28.278279180966656 ], [ 85.504228199754095, 28.278353680424608 ], [ 85.504075033114319, 28.278442799228184 ], [ 85.503949192420222, 28.278518921390205 ], [ 85.503790055539042, 28.278619197418227 ], [ 85.503671245979078, 28.278697140909721 ], [ 85.503511444522047, 28.278806382370817 ], [ 85.503356838895655, 28.278916466576121 ], [ 85.503205160158075, 28.279028825439049 ], [ 85.503054767130251, 28.279144696389782 ], [ 85.502908894961209, 28.279261538915296 ], [ 85.502763602913362, 28.279382511436843 ], [ 85.502622525168945, 28.279504615278434 ], [ 85.502483113939817, 28.279630039111805 ], [ 85.502346140772246, 28.279758186441754 ], [ 85.502213404526358, 28.279887335677252 ], [ 85.50207994409395, 28.28002249529575 ], [ 85.501954397643757, 28.280154863886377 ], [ 85.501824285526737, 28.280297855397546 ], [ 85.501706465004787, 28.280432871648006 ], [ 85.501579579150004, 28.280584743366862 ], [ 85.501469929067142, 28.280721899559978 ], [ 85.501398253028242, 28.280813953220733 ], [ 85.501286280328017, 28.280961642361067 ], [ 85.501237440213487, 28.281027289735945 ], [ 85.501158497836045, 28.281135437148212 ], [ 85.50108658479229, 28.281236882909631 ], [ 85.501018004197732, 28.281336541118097 ], [ 85.500930994376063, 28.281467919630487 ], [ 85.500871970553746, 28.28156059064079 ], [ 85.500774285965491, 28.281721488943873 ], [ 85.500721358718252, 28.281813064356289 ], [ 85.500617239791396, 28.282004162539813 ], [ 85.500572016639353, 28.282092408227257 ], [ 85.500468012037459, 28.282310371970091 ], [ 85.500430001446446, 28.282396245546032 ], [ 85.500330909281246, 28.282640584309515 ], [ 85.500299879461096, 28.282724623858059 ], [ 85.500192583447699, 28.283058099044787 ], [ 85.500171512419428, 28.283134636963247 ], [ 85.500135542087818, 28.283292514017862 ], [ 85.500110290993462, 28.28332403313274 ], [ 85.500015652148051, 28.283446375601784 ], [ 85.499955139614855, 28.283527426981703 ], [ 85.499840121484439, 28.283688800425235 ], [ 85.499787403271043, 28.283766351625431 ], [ 85.499666403292949, 28.283954414955943 ], [ 85.499620485112985, 28.284029938817717 ], [ 85.499498961250524, 28.284243148746487 ], [ 85.499459380675759, 28.284317415473584 ], [ 85.499368184562158, 28.284498763511944 ], [ 85.499306293004153, 28.284629504820447 ], [ 85.499249189485226, 28.284755409037267 ], [ 85.499189546569767, 28.284892852739922 ], [ 85.499140599575753, 28.285010505626047 ], [ 85.499082991461663, 28.285155142156778 ], [ 85.499041314309352, 28.28526419743574 ], [ 85.498985435508885, 28.285416799610982 ], [ 85.49895041504351, 28.285516344969754 ], [ 85.498896251700955, 28.285676810657908 ], [ 85.498867114324014, 28.285766505027176 ], [ 85.4988137087648, 28.285937544803801 ], [ 85.498789814528664, 28.286016873130535 ], [ 85.498736439183133, 28.286200783133332 ], [ 85.498717418106224, 28.286268489924424 ], [ 85.498662335455847, 28.286471239272228 ], [ 85.49863475717622, 28.286578482434631 ], [ 85.49860993728808, 28.28668074214632 ], [ 85.498577042758242, 28.286828184828639 ], [ 85.498555075055691, 28.286936073312205 ], [ 85.498530189838178, 28.28706975793666 ], [ 85.49851084024094, 28.287184408895069 ], [ 85.498492733494913, 28.287302313018753 ], [ 85.498475612276565, 28.287425997422446 ], [ 85.498460181510779, 28.287552135768575 ], [ 85.498435856042917, 28.287781002736882 ], [ 85.498427811207037, 28.287865124159335 ], [ 85.498390981788432, 28.288298418834508 ], [ 85.498358324886809, 28.288373603327351 ], [ 85.49831888833657, 28.288467494328351 ], [ 85.498269322342509, 28.288589635056571 ], [ 85.49820759174807, 28.288751296253292 ], [ 85.49816632762824, 28.28886649580377 ], [ 85.498095197471287, 28.2890838472266 ], [ 85.498063714615967, 28.289189933275203 ], [ 85.497989542049979, 28.289477918798923 ], [ 85.497969849881471, 28.289567867497848 ], [ 85.497918410697622, 28.289850592147239 ], [ 85.497903548720231, 28.289952854689826 ], [ 85.497900094326837, 28.289981544154564 ], [ 85.497847896942503, 28.290098728240011 ], [ 85.497813950506469, 28.29018263837056 ], [ 85.497699028109963, 28.290504065944027 ], [ 85.497670978831394, 28.290594077861421 ], [ 85.497638710023736, 28.290713117913754 ], [ 85.497494741118814, 28.290804540563343 ], [ 85.497408338895468, 28.290861517077307 ], [ 85.4972590875105, 28.290963795318632 ], [ 85.49718373459703, 28.291017436637546 ], [ 85.496981891218951, 28.291168924174457 ], [ 85.49689562912252, 28.291237149983164 ], [ 85.496640955431403, 28.291453052024202 ], [ 85.496566031271698, 28.291521120856817 ], [ 85.496365096382704, 28.291714639787237 ], [ 85.496331384903002, 28.291749067864689 ], [ 85.496196204473719, 28.291893051161694 ], [ 85.496164876464491, 28.291927863744718 ], [ 85.496031159389403, 28.292083238596991 ], [ 85.496002130970979, 28.292118527727808 ], [ 85.495871727823669, 28.292284765795348 ], [ 85.495844937773811, 28.292320607520317 ], [ 85.495701610454773, 28.292523892213104 ], [ 85.495667390826455, 28.292575424459631 ], [ 85.495530564583476, 28.292795248920527 ], [ 85.495497776175981, 28.292851578431524 ], [ 85.495388889456279, 28.293050458892665 ], [ 85.495357191795193, 28.293112160440884 ], [ 85.495272504137219, 28.293286666181135 ], [ 85.495241279875614, 28.293354933320419 ], [ 85.495162757948776, 28.293537923364109 ], [ 85.495112052766316, 28.29366427934438 ], [ 85.495060068900173, 28.293800682029371 ], [ 85.494984004672432, 28.294011304990452 ], [ 85.494961190418223, 28.294071139563975 ], [ 85.494924043723401, 28.29416803617347 ], [ 85.494886017416604, 28.294271294581094 ], [ 85.494848559347687, 28.294377323742527 ], [ 85.494816652492631, 28.294471208161962 ], [ 85.49477984004254, 28.294583952833033 ], [ 85.494753641630425, 28.294667168412225 ], [ 85.494716753514069, 28.294788830007114 ], [ 85.494690636282826, 28.294878644683951 ], [ 85.494627531756578, 28.295105277882044 ], [ 85.494611301117033, 28.295165334152852 ], [ 85.494478353549482, 28.295672575274121 ], [ 85.494458499876529, 28.295743098138264 ], [ 85.494455345282631, 28.295753555664334 ], [ 85.494369683562979, 28.295896000358411 ], [ 85.494310981023659, 28.295996640392495 ], [ 85.49423852336507, 28.296124782200682 ], [ 85.494168124930084, 28.296254402978548 ], [ 85.494133600201678, 28.296320655072069 ], [ 85.494075494087966, 28.296436403395234 ], [ 85.494045076967694, 28.296499361453893 ], [ 85.493984451898015, 28.296630502723865 ], [ 85.49395761830354, 28.296691252116641 ], [ 85.493896652187473, 28.296836589248048 ], [ 85.493873149228961, 28.29689571111971 ], [ 85.493821252354607, 28.29703328047005 ], [ 85.493787488227966, 28.297127814017472 ], [ 85.493747887391123, 28.297244112893093 ], [ 85.493716191502514, 28.297341943569087 ], [ 85.493681872423181, 28.297453219067162 ], [ 85.49365224789247, 28.2975543433 ], [ 85.493622685814969, 28.297660534765516 ], [ 85.493595129594141, 28.297764952525071 ], [ 85.493569746030104, 28.297866396808889 ], [ 85.493544262322118, 28.297974100021943 ], [ 85.49352262927593, 28.298070779771365 ], [ 85.493499210687702, 28.298181787311922 ], [ 85.493480861466182, 28.298274064976678 ], [ 85.493459508887767, 28.298388386784612 ], [ 85.493444103834406, 28.298476234793505 ], [ 85.493424809783619, 28.298593896058815 ], [ 85.493398464011364, 28.298782391006942 ], [ 85.493386418915293, 28.298886511465899 ], [ 85.493365267719213, 28.299139178642456 ], [ 85.493359185147227, 28.299256440565756 ], [ 85.493353962160768, 28.299429774810879 ], [ 85.493353443864535, 28.299491361109684 ], [ 85.493301960983345, 28.299631851485415 ], [ 85.493251649176699, 28.299762145215507 ], [ 85.493231807843429, 28.299810141126567 ], [ 85.493199359648415, 28.299837660022042 ], [ 85.493139231448737, 28.299890229508726 ], [ 85.493023341996363, 28.299994895309112 ], [ 85.492971263179413, 28.300043484122497 ], [ 85.492823146587156, 28.300187794520127 ], [ 85.492768513362648, 28.300243391070691 ], [ 85.492590842479132, 28.300434538981136 ], [ 85.492543131737776, 28.300488838241286 ], [ 85.492357260567033, 28.300714448846627 ], [ 85.492315594445159, 28.300768457378307 ], [ 85.492130801907251, 28.301026310683334 ], [ 85.492094762805777, 28.301080574431762 ], [ 85.491922237898152, 28.301362866342892 ], [ 85.491891900282383, 28.301417024244699 ], [ 85.491752312150894, 28.30168839045816 ], [ 85.49172468580548, 28.301747173885875 ], [ 85.49161755603572, 28.301995512363138 ], [ 85.491592373028993, 28.302059483345097 ], [ 85.491512837292603, 28.302279494017114 ], [ 85.491489660998681, 28.302349751516175 ], [ 85.491435911388407, 28.302525844620771 ], [ 85.491416978463349, 28.302593255528866 ], [ 85.491403291847803, 28.302645384431333 ], [ 85.49131719584507, 28.302770121772767 ], [ 85.491273338210846, 28.302836471993032 ], [ 85.491150053432037, 28.303034173211351 ], [ 85.491107253581475, 28.303107061157412 ], [ 85.49096889394805, 28.303361893780906 ], [ 85.490935733171511, 28.303428215557574 ], [ 85.490758966632967, 28.303558761298564 ], [ 85.49071602170136, 28.30359197289042 ], [ 85.490561124306723, 28.303716822323508 ], [ 85.49051744182303, 28.303753512112522 ], [ 85.490385256860932, 28.30386865277265 ], [ 85.490340188751347, 28.303909364130948 ], [ 85.490188973704377, 28.304052018960778 ], [ 85.49009613042837, 28.3041435017055 ], [ 85.490060840569541, 28.304179544017753 ], [ 85.489974715167591, 28.30423603408952 ], [ 85.489916352357284, 28.304277249842741 ], [ 85.489526079473833, 28.304583026368796 ], [ 85.489478141638315, 28.304624642476888 ], [ 85.489165355221061, 28.304921778620251 ], [ 85.489114400943251, 28.304974777123068 ], [ 85.488921553447369, 28.305188124838644 ], [ 85.488873058546346, 28.305245237058809 ], [ 85.488702204753821, 28.305459103993304 ], [ 85.488656833993829, 28.305519544899564 ], [ 85.488563681119231, 28.305651635283969 ], [ 85.488509872737183, 28.305703210165465 ], [ 85.48849979972394, 28.305715389979078 ], [ 85.488080792034765, 28.306315365524963 ], [ 85.488071547453004, 28.306331260206694 ], [ 85.487819516844326, 28.306839067372923 ], [ 85.487816554214902, 28.306846197722425 ], [ 85.487744972153095, 28.306927941556719 ], [ 85.487703088980865, 28.306978134778269 ], [ 85.487584117358608, 28.307126907691593 ], [ 85.487546916315097, 28.307175478575019 ], [ 85.487422554024036, 28.307345983452329 ], [ 85.487389407570205, 28.307393752660456 ], [ 85.48726429642565, 28.307584344832346 ], [ 85.487234895314657, 28.307631763815724 ], [ 85.487193821643189, 28.307702501385336 ], [ 85.487136858412541, 28.307749866115188 ], [ 85.487068512406466, 28.307809716930414 ], [ 85.486827393447456, 28.3080359411621 ], [ 85.486769549221961, 28.308094103212248 ], [ 85.48654731861123, 28.308333666820321 ], [ 85.486471155983949, 28.30842177410732 ], [ 85.48631394594733, 28.30861390093143 ], [ 85.486236266003203, 28.308714286200349 ], [ 85.486118272190879, 28.30887390322162 ], [ 85.48603719112198, 28.308988816318614 ], [ 85.486013186634011, 28.309024027528988 ], [ 85.485951803558962, 28.309052589709275 ], [ 85.485881881701332, 28.309087081599582 ], [ 85.485644310305261, 28.309211856261541 ], [ 85.48557959257775, 28.309247979716833 ], [ 85.485330659783671, 28.30939616089309 ], [ 85.485270685620563, 28.309434176161236 ], [ 85.485048819927144, 28.309583084798966 ], [ 85.484979568445397, 28.309632256721454 ], [ 85.484797411992986, 28.30976790229224 ], [ 85.48473051660288, 28.309820125464032 ], [ 85.484555301730239, 28.309963500263081 ], [ 85.484491692574338, 28.310018048573696 ], [ 85.484320176281685, 28.31017236206316 ], [ 85.484260636897119, 28.310228564635828 ], [ 85.48405739784917, 28.31043238447473 ], [ 85.484029595906108, 28.310462019269622 ], [ 85.483850595419014, 28.310666173069126 ], [ 85.483741243241738, 28.310726721320275 ], [ 85.4836768854924, 28.310762951701008 ], [ 85.483526166650663, 28.310849207204974 ], [ 85.483437894449992, 28.310900882431511 ], [ 85.483303053490786, 28.310981612029487 ], [ 85.483196720669028, 28.31104703085024 ], [ 85.483074475209833, 28.311124295554478 ], [ 85.482952953180984, 28.311203532595503 ], [ 85.482837498041363, 28.311281173091011 ], [ 85.482703101341343, 28.311374738217104 ], [ 85.482596141849669, 28.311451805988771 ], [ 85.482453185763518, 28.311558730898025 ], [ 85.482353619480619, 28.311636018759394 ], [ 85.482204521288722, 28.311756459538703 ], [ 85.482111726365986, 28.311834454276077 ], [ 85.482081688815271, 28.311859908067273 ], [ 85.481849090995127, 28.312058625526316 ], [ 85.481719339461506, 28.312173541594355 ], [ 85.481655856989164, 28.312231827205704 ], [ 85.481514434112057, 28.31236709511553 ], [ 85.481460203309496, 28.312421138868451 ], [ 85.481286747654053, 28.312603476335781 ], [ 85.481233915139427, 28.312662088728079 ], [ 85.481035318665505, 28.312897769762632 ], [ 85.480990079922478, 28.312955274349928 ], [ 85.480787748542099, 28.31323371814505 ], [ 85.480749373399121, 28.313291048148933 ], [ 85.480555228446235, 28.313609562637922 ], [ 85.480523387515731, 28.31366722163191 ], [ 85.480384131628384, 28.313942324288405 ], [ 85.480367564670203, 28.313978220727254 ], [ 85.48036041345604, 28.31398315798306 ], [ 85.479725881643532, 28.314503627037727 ], [ 85.479713502960109, 28.314515663125746 ], [ 85.479318844020725, 28.314950624336102 ], [ 85.479307411623026, 28.314964956089085 ], [ 85.478914936939432, 28.315544727185916 ], [ 85.478894424463661, 28.315580930246092 ], [ 85.478639262507173, 28.316114173203545 ], [ 85.478623151663797, 28.316154950479966 ], [ 85.47853532512184, 28.316399320488561 ], [ 85.478505235170729, 28.316492091724935 ], [ 85.47848387187436, 28.316559950569243 ], [ 85.478468353154739, 28.316610775768655 ], [ 85.4784442130413, 28.316704499591712 ], [ 85.478333334568234, 28.316795780713221 ], [ 85.478299564166861, 28.316826561549874 ], [ 85.477968138184892, 28.317160018063305 ], [ 85.477930692317486, 28.317201658340192 ], [ 85.47770040965338, 28.317478792330235 ], [ 85.477664595198235, 28.317525526449948 ], [ 85.47748253689312, 28.317781114093599 ], [ 85.477448044344797, 28.317833334824204 ], [ 85.477307349098979, 28.318061142592104 ], [ 85.477273643786702, 28.318119656242079 ], [ 85.4771723130238, 28.318306004653827 ], [ 85.477141945824712, 28.318365290161736 ], [ 85.477070872424051, 28.3185107896015 ], [ 85.47703928154975, 28.31857871289656 ], [ 85.476980614050191, 28.318710710815825 ], [ 85.476882284919299, 28.318942578485263 ], [ 85.476869523017001, 28.318973003904503 ], [ 85.476830896636869, 28.319066118014362 ], [ 85.476785421570085, 28.319180466922909 ], [ 85.476749053317548, 28.319275995156506 ], [ 85.476708279167994, 28.31938789402566 ], [ 85.476674247459314, 28.31948563058808 ], [ 85.476637741753905, 28.319595399140937 ], [ 85.476606126373468, 28.319695113884471 ], [ 85.476573513352463, 28.319803099641302 ], [ 85.476544383721148, 28.319904574034922 ], [ 85.476515315228468, 28.3200112555065 ], [ 85.476488760293961, 28.320114189108445 ], [ 85.476462975346905, 28.320219967800792 ], [ 85.476439070595703, 28.320324074458973 ], [ 85.476416387422972, 28.3204292396771 ], [ 85.47639520372006, 28.320534199794686 ], [ 85.47638119441423, 28.320607054589026 ], [ 85.476348225282067, 28.320787428657397 ], [ 85.476333440355162, 28.320873587355742 ], [ 85.476311620158981, 28.321009578586185 ], [ 85.476293263023365, 28.321136991399477 ], [ 85.476277525527053, 28.321260172617656 ], [ 85.476260188953887, 28.321421902688613 ], [ 85.476250420917069, 28.321534567719944 ], [ 85.476238332061698, 28.321728836835398 ], [ 85.476234231687769, 28.321837275520327 ], [ 85.476232096888367, 28.322063851947977 ], [ 85.476234028642537, 28.322165754322477 ], [ 85.476246948990507, 28.322419860009486 ], [ 85.476254932816587, 28.322516263281784 ], [ 85.476287996955065, 28.322795765469525 ], [ 85.476302085879126, 28.322887246933679 ], [ 85.476345532302588, 28.3231226588189 ], [ 85.476370764886397, 28.32323982020052 ], [ 85.476423128097764, 28.32345442380435 ], [ 85.476451058849136, 28.32355675817367 ], [ 85.476532952936537, 28.323821295983091 ], [ 85.476564644569351, 28.323912671624154 ], [ 85.476645832008359, 28.32411931121468 ], [ 85.476479752215056, 28.324157345968878 ], [ 85.47633988886912, 28.324191836716924 ], [ 85.476139255730843, 28.324245267372145 ], [ 85.47600714923415, 28.324283084418624 ], [ 85.47579233977828, 28.324349294229823 ], [ 85.475666904443969, 28.324390754892747 ], [ 85.475465446289846, 28.324461697730957 ], [ 85.475401544924125, 28.324485605068876 ], [ 85.475235694198133, 28.324550756208268 ], [ 85.475169628237552, 28.324577964090459 ], [ 85.475023119244312, 28.324640837941672 ], [ 85.474954217750579, 28.324671618647507 ], [ 85.474905869865708, 28.324693974809492 ], [ 85.474863021752697, 28.324690590667473 ], [ 85.47476088651112, 28.324684016723186 ], [ 85.474553153011584, 28.324674409963496 ], [ 85.474451441152539, 28.324671545324605 ], [ 85.474203553859368, 28.324669898009162 ], [ 85.474107962633155, 28.324671318989971 ], [ 85.473831277306317, 28.324682087574882 ], [ 85.473740368223503, 28.324687817809103 ], [ 85.473439769731471, 28.324714705045455 ], [ 85.473352758644012, 28.324724799849051 ], [ 85.473181179864028, 28.324747338698078 ], [ 85.472967587734601, 28.324778690414771 ], [ 85.472818806334757, 28.324802539529628 ], [ 85.47274620636118, 28.324815163434533 ], [ 85.472597519170165, 28.324843060301646 ], [ 85.472532496604373, 28.324856158803801 ], [ 85.472350377180263, 28.324895977342699 ], [ 85.472286701854301, 28.324911004130158 ], [ 85.472072664885616, 28.324965974881152 ], [ 85.4720136226547, 28.324982384624949 ], [ 85.471777404552412, 28.32505370218783 ], [ 85.471722179260382, 28.325071722214531 ], [ 85.471709998542323, 28.32507602900521 ], [ 85.471709512235066, 28.325076128880632 ], [ 85.47154082590886, 28.325113478248991 ], [ 85.47143902055744, 28.325137658501454 ], [ 85.471197569092013, 28.325200699603123 ], [ 85.47110706588289, 28.325226494483889 ], [ 85.471012770345965, 28.325256240676588 ], [ 85.470913157447143, 28.3252675357021 ], [ 85.470692817052111, 28.325296862545915 ], [ 85.47062869686691, 28.325306668862691 ], [ 85.470462624813749, 28.325334583194952 ], [ 85.470401638564311, 28.32534576386038 ], [ 85.470222954781235, 28.325381495457592 ], [ 85.470164681159318, 28.325394126077036 ], [ 85.469974607783101, 28.325438778364848 ], [ 85.469918784835869, 28.325452917376762 ], [ 85.469737748852722, 28.325502006060702 ], [ 85.469635859855003, 28.325531475413268 ], [ 85.469414653487789, 28.325600476187308 ], [ 85.469329177974004, 28.325629110506831 ], [ 85.469050028928223, 28.325731086435937 ], [ 85.468973865461749, 28.325761275349652 ], [ 85.468651049238602, 28.325901524945767 ], [ 85.468582688110644, 28.325933920297775 ], [ 85.468447505154131, 28.326005361339462 ], [ 85.468405387039752, 28.326015879904787 ], [ 85.468235460754897, 28.326061156325888 ], [ 85.468120936883636, 28.326093604437673 ], [ 85.467889332782875, 28.326164699415912 ], [ 85.467788138673598, 28.326198194927532 ], [ 85.467503158925695, 28.326301304347794 ], [ 85.467403459265796, 28.326340525618196 ], [ 85.467072495892168, 28.326483607122881 ], [ 85.466981800760593, 28.326526473396775 ], [ 85.466719348314768, 28.326659517826283 ], [ 85.466676897885122, 28.326682542942887 ], [ 85.466498704854672, 28.326783757418024 ], [ 85.466458059738073, 28.326807912839879 ], [ 85.466279601105015, 28.326918944756589 ], [ 85.466240667679713, 28.326944286295227 ], [ 85.466063726107606, 28.327064827092723 ], [ 85.46602643432405, 28.327091402702127 ], [ 85.466001245408904, 28.327109470438675 ], [ 85.465900325965677, 28.32718233045571 ], [ 85.465549737444036, 28.327460250194228 ], [ 85.465521960695, 28.327484404752045 ], [ 85.465169669056394, 28.327823742380893 ], [ 85.465147501707037, 28.32784741484862 ], [ 85.464735443901318, 28.328355343794513 ], [ 85.464707843313704, 28.328394887899705 ], [ 85.464554076156432, 28.32865161090692 ], [ 85.464515548086823, 28.328664135556462 ], [ 85.464352817117998, 28.328719849625866 ], [ 85.464148897845263, 28.32879323830015 ], [ 85.464054598575714, 28.328828154276273 ], [ 85.463956372975048, 28.328865552003716 ], [ 85.463839188168265, 28.328911722163902 ], [ 85.463757955860331, 28.328944816607553 ], [ 85.463605878230624, 28.329009492937672 ], [ 85.463532989044111, 28.329041815698609 ], [ 85.463354156398623, 28.329125081767131 ], [ 85.463287889307068, 28.329157435662026 ], [ 85.463232536519286, 28.329186209576445 ], [ 85.462937857067061, 28.329076112682806 ], [ 85.462896916894906, 28.329064946778278 ], [ 85.462094463351818, 28.328907422228031 ], [ 85.462048523294399, 28.328901791638209 ], [ 85.461282984980357, 28.328859492027817 ], [ 85.461237268466576, 28.328860014267288 ], [ 85.460391917990634, 28.328932250496486 ], [ 85.460350725881682, 28.328938869385283 ], [ 85.459397389566348, 28.329178666376535 ], [ 85.459366064159326, 28.329189554230087 ], [ 85.458639923035591, 28.329502765799564 ], [ 85.458606482168264, 28.329520216959263 ], [ 85.458119580731349, 28.329808905369333 ], [ 85.458083600925846, 28.329832999920718 ], [ 85.457784560937924, 28.330049500241149 ], [ 85.457740480524507, 28.330083961350191 ], [ 85.457508792760237, 28.330276802366715 ], [ 85.457488498571422, 28.330294781842138 ], [ 85.45744485273508, 28.330336534228092 ], [ 85.45737190981518, 28.330325684831493 ], [ 85.457228005141644, 28.330307198682956 ], [ 85.457012018524836, 28.330283604524112 ], [ 85.456863840554689, 28.330270250941584 ], [ 85.45665736151939, 28.330255385491753 ], [ 85.456504907155463, 28.330247163519481 ], [ 85.456308229591201, 28.330239924320342 ], [ 85.456151505908977, 28.330236834923479 ], [ 85.456066303821231, 28.330236535002491 ], [ 85.455593958656067, 28.330151152188296 ], [ 85.455568110787283, 28.330147660182419 ], [ 85.455378062585112, 28.330131753039943 ], [ 85.45534263465413, 28.330126060514313 ], [ 85.4553022370078, 28.330114617534292 ], [ 85.455280579731181, 28.330106648849785 ], [ 85.455238028667381, 28.330093213375427 ], [ 85.455059499542614, 28.330044795165822 ], [ 85.454971534105042, 28.329681298671009 ], [ 85.454963752683696, 28.329660358173463 ], [ 85.454392088512392, 28.328606630477481 ], [ 85.454386560810406, 28.328599123091102 ], [ 85.453614638317873, 28.327781233866773 ], [ 85.453608023310778, 28.327775707758665 ], [ 85.452460361297099, 28.327053578896031 ], [ 85.452452663034634, 28.327050035883751 ], [ 85.45110315223576, 28.326629163116735 ], [ 85.451094369651187, 28.326627603155792 ], [ 85.449690212303182, 28.326553291268898 ], [ 85.449661526873683, 28.326555291054479 ], [ 85.448615360633212, 28.326726739078321 ], [ 85.448586116687395, 28.326734394591398 ], [ 85.447493049903628, 28.327148448452782 ], [ 85.447476649321757, 28.327156783253706 ], [ 85.446700266038846, 28.327641694960501 ], [ 85.446683506138712, 28.327654389172107 ], [ 85.446466916133872, 28.327848079704395 ], [ 85.446431882029358, 28.327868184174143 ], [ 85.446401217985354, 28.327887961695463 ], [ 85.445994301655773, 28.328179872786659 ], [ 85.44596803122964, 28.328200785962892 ], [ 85.445563932402024, 28.328561872836456 ], [ 85.445387933529204, 28.328684541943531 ], [ 85.445367987648325, 28.328700410780559 ], [ 85.445236758080412, 28.32882166751622 ], [ 85.445188878916753, 28.328833263391953 ], [ 85.444856475184849, 28.328924666379397 ], [ 85.444781473640916, 28.328947801698622 ], [ 85.444519956035805, 28.329035659883459 ], [ 85.444459184402348, 28.32905778221091 ], [ 85.444199914521178, 28.329159713291904 ], [ 85.444114381176291, 28.329195893826963 ], [ 85.443883916961127, 28.32929981359586 ], [ 85.443809052274631, 28.329335715817745 ], [ 85.443539258672942, 28.32947471594499 ], [ 85.443472565589602, 28.329511540605509 ], [ 85.443169874922944, 28.329692308568521 ], [ 85.443142725287572, 28.329709806177569 ], [ 85.443135156570136, 28.32970738484876 ], [ 85.443125549392818, 28.329704504528067 ], [ 85.443014573424932, 28.329652027868807 ], [ 85.442993643118896, 28.329637294988231 ], [ 85.442952947056767, 28.329610017177838 ], [ 85.442769582344198, 28.329492684207793 ], [ 85.442726114502705, 28.329466149039192 ], [ 85.442550154519665, 28.329363417322664 ], [ 85.442503902842688, 28.329337612015568 ], [ 85.44233726477384, 28.3292485266931 ], [ 85.442287963300558, 28.329223293876179 ], [ 85.442058184218851, 28.329112552813015 ], [ 85.441949200510152, 28.329063193104695 ], [ 85.44169322492823, 28.328955099646059 ], [ 85.441648847318348, 28.328937683459422 ], [ 85.441420630653312, 28.328853912317967 ], [ 85.441373462249089, 28.328837771884722 ], [ 85.441161619159004, 28.32877000182971 ], [ 85.441111277409902, 28.328755001006819 ], [ 85.440918757835064, 28.328701363267307 ], [ 85.440864509456276, 28.328687286995454 ], [ 85.440631587646024, 28.328632105369625 ], [ 85.440515046664757, 28.328607092482265 ], [ 85.440321057615009, 28.328568982068472 ], [ 85.440175749880353, 28.328543052935526 ], [ 85.439819934765325, 28.328474319174287 ], [ 85.439687991361751, 28.328450441679067 ], [ 85.439512301825943, 28.328420780432481 ], [ 85.439317542830395, 28.328391347367599 ], [ 85.439225429373408, 28.32837904659667 ], [ 85.439044045030897, 28.328357762046757 ], [ 85.438958445011679, 28.328349096892083 ], [ 85.438939731567785, 28.328347549406228 ], [ 85.438929516423883, 28.32832361461352 ], [ 85.438880675608587, 28.328213284536218 ], [ 85.438831615247125, 28.328106495600387 ], [ 85.438780732417442, 28.327999671803457 ], [ 85.438726094759559, 28.327889118843064 ], [ 85.438673228220068, 28.327785930143452 ], [ 85.438612457649583, 28.327671598034339 ], [ 85.438557679901606, 28.327572178826077 ], [ 85.438490061022335, 28.327453896104622 ], [ 85.438433410882993, 28.327358312708164 ], [ 85.438358109173478, 28.327235894089291 ], [ 85.438299632373457, 28.327144228246127 ], [ 85.438215900471064, 28.327017813075205 ], [ 85.438155639931296, 28.326930129346586 ], [ 85.438137503679428, 28.326903940883245 ], [ 85.438068315030961, 28.326804792420219 ], [ 85.437994886099517, 28.326702657916474 ], [ 85.437959724391035, 28.326655169156226 ], [ 85.437800996443187, 28.326453043349904 ], [ 85.437764272402475, 28.326408898468845 ], [ 85.437513608729518, 28.326131193578995 ], [ 85.437477844044295, 28.326094622570057 ], [ 85.437128384773018, 28.325771190389627 ], [ 85.437074905423728, 28.32572637055728 ], [ 85.436712863584503, 28.325450250415528 ], [ 85.436649839744206, 28.325406566511489 ], [ 85.436328282362226, 28.325201026377517 ], [ 85.436254964689823, 28.325157899390479 ], [ 85.435990591479211, 28.325012484543901 ], [ 85.43590253380691, 28.324967286832948 ], [ 85.435638468399119, 28.324840792531944 ], [ 85.435603765573674, 28.324825320157579 ], [ 85.43527523055036, 28.324691548219555 ], [ 85.435239201022313, 28.324678226540822 ], [ 85.434906640536028, 28.324567145889414 ], [ 85.434869210255073, 28.324555946070362 ], [ 85.434538723534629, 28.324467967161279 ], [ 85.434499793935302, 28.324458862793048 ], [ 85.434178862894811, 28.324393539566195 ], [ 85.434138370042476, 28.324386507346276 ], [ 85.433831816071873, 28.324341804116983 ], [ 85.433789557531469, 28.324336806519156 ], [ 85.433501997358505, 28.324310116812743 ], [ 85.433457786787102, 28.324307131838445 ], [ 85.433192968103455, 28.32429536966745 ], [ 85.433146526322815, 28.324294376960147 ], [ 85.432830470922994, 28.324296290855347 ], [ 85.432745888187043, 28.324299124215411 ], [ 85.432556162282609, 28.324310870537353 ], [ 85.43235585630039, 28.324276647131889 ], [ 85.432252531610729, 28.324261127300904 ], [ 85.432044840094392, 28.324233810967122 ], [ 85.431935496342447, 28.32422145989533 ], [ 85.431749865572669, 28.324203541507899 ], [ 85.431632486625986, 28.324194132039615 ], [ 85.431485496833702, 28.324184241991979 ], [ 85.431379517147349, 28.324178473176836 ], [ 85.431268843413847, 28.324173516256678 ], [ 85.431150689748776, 28.324169362650945 ], [ 85.431046481185888, 28.324166643002904 ], [ 85.430669100488785, 28.324160209181063 ], [ 85.430631953560095, 28.324159117843788 ], [ 85.430142148438208, 28.324106180541985 ], [ 85.430103664845035, 28.324101687684365 ], [ 85.429953493877861, 28.324030176982642 ], [ 85.429869717589852, 28.323992518183339 ], [ 85.429565996863658, 28.323866928081003 ], [ 85.429488928563103, 28.323837751240646 ], [ 85.429186086676225, 28.323733075561609 ], [ 85.429133786923629, 28.323716678785324 ], [ 85.428890827871115, 28.323646519562008 ], [ 85.428836958527839, 28.323632275110533 ], [ 85.428597722260548, 28.32357458249869 ], [ 85.428542175602502, 28.323562462952456 ], [ 85.428309502258159, 28.323516772769732 ], [ 85.428252132897057, 28.323506745763318 ], [ 85.428028388615246, 28.323472201938273 ], [ 85.427969102983951, 28.323464248338539 ], [ 85.427756802891892, 28.323439788959291 ], [ 85.427695309953037, 28.323433862990822 ], [ 85.427495874205761, 28.323418142702469 ], [ 85.427431904045505, 28.323414218687546 ], [ 85.427246889834009, 28.323405854463719 ], [ 85.427180041960057, 28.323403908829029 ], [ 85.426956916013012, 28.323401737061911 ], [ 85.426838697816805, 28.323402875406998 ], [ 85.426837133807425, 28.323402139706776 ], [ 85.426771972192469, 28.323372744864781 ], [ 85.426598596451882, 28.323298153236252 ], [ 85.426535143276823, 28.323272154233219 ], [ 85.42634296480098, 28.323197621521999 ], [ 85.426280903766553, 28.323174887455234 ], [ 85.426035254077931, 28.32309140398268 ], [ 85.425931584744987, 28.323058862440753 ], [ 85.425659663770134, 28.322981026475073 ], [ 85.425549570232775, 28.322952502449553 ], [ 85.425296196657129, 28.322893067849037 ], [ 85.425179571208773, 28.322868531190448 ], [ 85.424945450175557, 28.322824385101843 ], [ 85.424822055897735, 28.322803784315422 ], [ 85.424609816104095, 28.322772438786114 ], [ 85.424545470011353, 28.322764166268101 ], [ 85.424365687391969, 28.32274393251685 ], [ 85.424294051524953, 28.322737012475077 ], [ 85.424114703990668, 28.322722518254189 ], [ 85.423903110098834, 28.322708746942119 ], [ 85.423851131505089, 28.32270560010436 ], [ 85.423668537294105, 28.322695374515039 ], [ 85.423582681171183, 28.322691209212095 ], [ 85.423418234841321, 28.322684460910203 ], [ 85.423315593520698, 28.322681165078976 ], [ 85.423162381209437, 28.322677612072106 ], [ 85.423044964172277, 28.322676085916445 ], [ 85.422900471484496, 28.322675680227434 ], [ 85.422769074222074, 28.322676809475876 ], [ 85.422630260298249, 28.322679585470478 ], [ 85.422485983707119, 28.322684279598832 ], [ 85.42235298869771, 28.322690275914994 ], [ 85.422197216179327, 28.322699416535379 ], [ 85.422069175602061, 28.322708673733171 ], [ 85.421925123098987, 28.322721193970438 ], [ 85.421755300567156, 28.322603685191027 ], [ 85.421679607726716, 28.322553555810899 ], [ 85.42139634170708, 28.322378875267145 ], [ 85.421364363338753, 28.322360546482798 ], [ 85.421264328516486, 28.322307892896635 ], [ 85.420931009487887, 28.322090807641949 ], [ 85.420903239725078, 28.322075008425468 ], [ 85.420637832798946, 28.321942108310733 ], [ 85.420510442531565, 28.321851435714148 ], [ 85.4204702473277, 28.321824957721656 ], [ 85.420281293482617, 28.321706294327679 ], [ 85.420238482811868, 28.321680683070568 ], [ 85.420056154675962, 28.321576538663518 ], [ 85.42001062139245, 28.321551728816218 ], [ 85.419836751061993, 28.321461139923674 ], [ 85.419788331275896, 28.321437041136331 ], [ 85.419614560835598, 28.321355886749512 ], [ 85.419612385529803, 28.321331305145865 ], [ 85.419598741191763, 28.321187977655107 ], [ 85.419586143337526, 28.321073198433286 ], [ 85.419567417266379, 28.320922611050545 ], [ 85.419543088663403, 28.320755672665118 ], [ 85.419520700091866, 28.320621784175191 ], [ 85.419510807757135, 28.320569887365167 ], [ 85.41954314023215, 28.320474544361346 ], [ 85.41956616746323, 28.320400604140435 ], [ 85.419610458315972, 28.320248037344012 ], [ 85.419631443127614, 28.32017013314767 ], [ 85.419666477692886, 28.32003026086058 ], [ 85.419685613207989, 28.319947679248838 ], [ 85.41971254980416, 28.319822468354971 ], [ 85.419730146359555, 28.319733879936152 ], [ 85.419756364040609, 28.319587904522635 ], [ 85.41978555309916, 28.319406236792773 ], [ 85.419802674214765, 28.319288603548237 ], [ 85.419839831065019, 28.319003815015844 ], [ 85.419874304585761, 28.318910722876048 ], [ 85.419902846942264, 28.318831167736075 ], [ 85.419941469620369, 28.318719959772459 ], [ 85.419996926878397, 28.318548248431043 ], [ 85.420030595620901, 28.318435609469081 ], [ 85.420094952435363, 28.318193494385788 ], [ 85.420118974958626, 28.318090455482736 ], [ 85.420166750768928, 28.31785384926577 ], [ 85.420188728835228, 28.317725320891132 ], [ 85.420210472489103, 28.317582856943645 ], [ 85.420230545285051, 28.317433430187279 ], [ 85.420292173203748, 28.317012787499937 ], [ 85.420300257623168, 28.316949869495708 ], [ 85.420364286945343, 28.316767059320078 ], [ 85.420380764536432, 28.316712556879086 ], [ 85.420460497357737, 28.316406539884703 ], [ 85.420473450902492, 28.316347509415571 ], [ 85.420522872299031, 28.316079390181716 ], [ 85.420532540192568, 28.316014746941701 ], [ 85.420557995663998, 28.315808018160297 ], [ 85.42056369303873, 28.315749187976831 ], [ 85.420575502608486, 28.315597075118966 ], [ 85.420579382682519, 28.315530718724393 ], [ 85.420585061743338, 28.31539268544563 ], [ 85.420589367736454, 28.315211995578203 ], [ 85.420591046640354, 28.31517199535072 ], [ 85.420591499786326, 28.315160827667402 ], [ 85.42059436416119, 28.315087702508084 ], [ 85.420597369963659, 28.314952299386153 ], [ 85.420597798174214, 28.314870533488257 ], [ 85.420596867978219, 28.314760936419979 ], [ 85.420596573407053, 28.314747676213671 ], [ 85.42056591450978, 28.314334441405801 ], [ 85.420500153792659, 28.313814528057545 ], [ 85.420103047276172, 28.312505342366126 ], [ 85.419475247900323, 28.311237553217428 ], [ 85.419435560686395, 28.310954001588719 ], [ 85.419425627955405, 28.310897863062163 ], [ 85.419365243918506, 28.310615668323738 ], [ 85.419350675313851, 28.310557736083432 ], [ 85.419341704907708, 28.31052636296528 ], [ 85.419407315664373, 28.310433491230757 ], [ 85.419424377496313, 28.310405709567021 ], [ 85.419796902222686, 28.30963665712072 ], [ 85.419806595587659, 28.309610071634651 ], [ 85.419988093645017, 28.308941841388048 ], [ 85.419993965158383, 28.308909573728936 ], [ 85.420049329085288, 28.308467312320449 ], [ 85.420051346885842, 28.308438078468857 ], [ 85.420047089544397, 28.307831893296026 ], [ 85.420045103327681, 28.307808001010844 ], [ 85.41985811576609, 28.306885442873636 ], [ 85.419852207384295, 28.306867363298924 ], [ 85.41930345473989, 28.305766020810704 ], [ 85.419297709016163, 28.305757709942146 ], [ 85.418597246853253, 28.304960915622214 ], [ 85.418589164760519, 28.30495358755363 ], [ 85.417839020805587, 28.30439317279864 ], [ 85.417828529969384, 28.304386757170985 ], [ 85.417155658364578, 28.304039292451886 ], [ 85.417142571836834, 28.304033673362511 ], [ 85.416481544089947, 28.303798790306509 ], [ 85.416455068816148, 28.303791236103766 ], [ 85.41623327116244, 28.303736331274546 ], [ 85.416233413200132, 28.303735898189004 ], [ 85.416204679776811, 28.303728517190113 ], [ 85.416177521663315, 28.303722530683782 ], [ 85.416070801535, 28.303696112470099 ], [ 85.41599241048047, 28.303679604927119 ], [ 85.415991872178012, 28.303681607461606 ], [ 85.415824983632646, 28.30364481956078 ], [ 85.4157944837023, 28.30363918687241 ], [ 85.415615808070953, 28.30361190276869 ], [ 85.415536970819986, 28.303565964730129 ], [ 85.415491705784518, 28.303542279383898 ], [ 85.415466732901166, 28.303530844090812 ], [ 85.415336035466424, 28.30331493818893 ], [ 85.41531187357549, 28.303278249097723 ], [ 85.415114371008571, 28.303001878433289 ], [ 85.415087648738108, 28.30296732376836 ], [ 85.414858857156204, 28.302694156315297 ], [ 85.414830042888624, 28.302662333539732 ], [ 85.414561075382238, 28.302388601229474 ], [ 85.41453068389275, 28.302360073146808 ], [ 85.414209268690399, 28.302083767524664 ], [ 85.414177763602609, 28.302058969993432 ], [ 85.413774700770858, 28.301772740582983 ], [ 85.413730763516213, 28.301744655989758 ], [ 85.41328183374884, 28.301488264759911 ], [ 85.413235233758854, 28.301464615525308 ], [ 85.412704103153843, 28.301230308242076 ], [ 85.412683395319334, 28.301222469321544 ], [ 85.412474315232672, 28.301155966031626 ], [ 85.412282683398118, 28.301047548136452 ], [ 85.412234391408177, 28.301022301324412 ], [ 85.412189231723048, 28.301000241459544 ], [ 85.412188801390883, 28.30099949442031 ], [ 85.412052782464983, 28.300778797116841 ], [ 85.412021913814939, 28.300731870043162 ], [ 85.411823362185686, 28.300453852239645 ], [ 85.411791800386467, 28.300413032378962 ], [ 85.411526982391536, 28.300100480743826 ], [ 85.411494194109594, 28.300065084999108 ], [ 85.411151713118585, 28.29973094043515 ], [ 85.411117399188853, 28.299700653035707 ], [ 85.410772614596823, 28.299422966831031 ], [ 85.41074394216254, 28.299401912590195 ], [ 85.410466193198701, 28.299211862156593 ], [ 85.410434514023777, 28.299191688878906 ], [ 85.410171074156153, 28.299034715595436 ], [ 85.410136231689094, 28.29901532217221 ], [ 85.409892494222746, 28.298887875155078 ], [ 85.409854200235571, 28.29886910118514 ], [ 85.409723547699627, 28.298810182222539 ], [ 85.409569060323591, 28.298611089853431 ], [ 85.409519750461712, 28.298552792534885 ], [ 85.409285378067139, 28.298295863871513 ], [ 85.409227890800096, 28.298237360161906 ], [ 85.409015591913729, 28.298034236068368 ], [ 85.408953655667204, 28.297978506120398 ], [ 85.408773338758806, 28.297824052095109 ], [ 85.408701037915449, 28.297765101151473 ], [ 85.408564620909317, 28.297657803516941 ], [ 85.408486562171547, 28.297598585891549 ], [ 85.408412539233098, 28.297543499255667 ], [ 85.408264808177393, 28.29743566032915 ], [ 85.408178345075626, 28.297373933433008 ], [ 85.408078938863554, 28.297304534687274 ], [ 85.407918692102641, 28.297197128140382 ], [ 85.407785286443101, 28.297111321482582 ], [ 85.407751954762702, 28.297090063569264 ], [ 85.407632099307506, 28.29701427097708 ], [ 85.407446996346025, 28.296902572482363 ], [ 85.407408261286079, 28.29688028560382 ], [ 85.407202310069181, 28.296767850366741 ], [ 85.407166892141717, 28.296749527083492 ], [ 85.40683645317236, 28.296592711364205 ], [ 85.406799488948892, 28.29657668936154 ], [ 85.406387933956708, 28.296417789521133 ], [ 85.406348327917073, 28.296404302361022 ], [ 85.405954572558912, 28.296286290068274 ], [ 85.405911977776782, 28.296275215459335 ], [ 85.405836438035649, 28.296258205249003 ], [ 85.405818833683483, 28.29624896180864 ], [ 85.405429769520907, 28.296064346557092 ], [ 85.405351175296119, 28.296030845724328 ], [ 85.405002649295071, 28.295896219177685 ], [ 85.404914830094498, 28.295865695059469 ], [ 85.404830652398076, 28.295839074044338 ], [ 85.404805863972669, 28.295811204109597 ], [ 85.404716574711159, 28.295715932013614 ], [ 85.404594145986053, 28.295590086525774 ], [ 85.404502340079702, 28.2954991574851 ], [ 85.404370243718873, 28.295373232850711 ], [ 85.404276365239852, 28.295287089750591 ], [ 85.40422762984953, 28.295244108280777 ], [ 85.404206898841721, 28.294981483461818 ], [ 85.404203811121306, 28.294956420234513 ], [ 85.404100857275878, 28.29442160859011 ], [ 85.404095185374956, 28.29440006286762 ], [ 85.403934972530834, 28.293943938589113 ], [ 85.403938859113779, 28.293822518154769 ], [ 85.40393863673188, 28.293784668449472 ], [ 85.403928573675131, 28.293523793128859 ], [ 85.403925721830106, 28.293483816183212 ], [ 85.403903824343004, 28.293263146732727 ], [ 85.403898317700524, 28.29321987171172 ], [ 85.40385721760066, 28.292963342585654 ], [ 85.403837281277646, 28.29286028804896 ], [ 85.403764650542968, 28.292550548812052 ], [ 85.403752000725902, 28.292504737285569 ], [ 85.403631266555564, 28.292136212442848 ], [ 85.403613534876271, 28.292089597829698 ], [ 85.403474144762242, 28.29176502599719 ], [ 85.403451157856765, 28.291717135154119 ], [ 85.403306314345784, 28.291441548569054 ], [ 85.40327763426167, 28.291391463936726 ], [ 85.403154296281528, 28.291189040246838 ], [ 85.403127190677012, 28.291147146108603 ], [ 85.40303114441727, 28.291004825783496 ], [ 85.402998917967423, 28.290959006333562 ], [ 85.402902808455693, 28.290827501339155 ], [ 85.402871831329634, 28.290786686921344 ], [ 85.402824379514058, 28.290708246741197 ], [ 85.402732130308465, 28.290562318050405 ], [ 85.402695663860143, 28.290507060258474 ], [ 85.402587750091215, 28.290350899735593 ], [ 85.402553438000837, 28.290303437610508 ], [ 85.40238639545791, 28.29008654204107 ], [ 85.402344194288304, 28.290035031916524 ], [ 85.402090650916378, 28.289750362729116 ], [ 85.402048509168196, 28.289706769916325 ], [ 85.401708193958584, 28.289387567532842 ], [ 85.401665318262189, 28.289351082204252 ], [ 85.401224164822608, 28.289016341526072 ], [ 85.401180131220499, 28.288986609414948 ], [ 85.40068095658323, 28.288689104080806 ], [ 85.400646968710873, 28.288671333831683 ], [ 85.400527278122027, 28.288616016079736 ], [ 85.400500557542983, 28.288586014461053 ], [ 85.400430842471053, 28.288512358209331 ], [ 85.400225840563422, 28.288308611221716 ], [ 85.400175432616948, 28.288261462647561 ], [ 85.400006355280453, 28.288110597736562 ], [ 85.399947996019279, 28.288060920977955 ], [ 85.399816493284462, 28.287952860852567 ], [ 85.399751861136863, 28.287901595211846 ], [ 85.399676108893516, 28.287842694327416 ], [ 85.399564958081839, 28.287757978384874 ], [ 85.399493169121143, 28.287704275034432 ], [ 85.399464297797977, 28.287683077950064 ], [ 85.399426736679047, 28.286176872482105 ], [ 85.399425391488137, 28.286171310873144 ], [ 85.398902960825325, 28.28493437057875 ], [ 85.397998355780771, 28.283884293017522 ], [ 85.396789067238686, 28.283111018626425 ], [ 85.396782803616958, 28.283108141037392 ], [ 85.395044393010465, 28.282633288406181 ], [ 85.395033597331675, 28.282632137198739 ], [ 85.394470537054943, 28.282625366759103 ], [ 85.394361314273411, 28.282485432744711 ], [ 85.394336862296399, 28.282456556893617 ], [ 85.393984370202489, 28.282083930863202 ], [ 85.393960218235677, 28.282061027583911 ], [ 85.393431251129897, 28.281625776916936 ], [ 85.39340709966838, 28.281608559273685 ], [ 85.392634707619933, 28.28115384993874 ], [ 85.392610398164734, 28.281142212235792 ], [ 85.391591362083204, 28.280773963820984 ], [ 85.391570904513571, 28.28076876818913 ], [ 85.390532469638273, 28.280605523801096 ], [ 85.390510010430674, 28.280604087683102 ], [ 85.390412106590162, 28.280605507499125 ], [ 85.390332695924926, 28.280580307715518 ], [ 85.390295183149874, 28.280570044623435 ], [ 85.390208995670378, 28.280550430487192 ], [ 85.389768922295659, 28.280404508039162 ], [ 85.389707385124083, 28.280387553816396 ], [ 85.389603031693838, 28.280363803049735 ], [ 85.389534362655894, 28.280309950352507 ], [ 85.389502679204838, 28.280286833864487 ], [ 85.389216815529437, 28.280096268816447 ], [ 85.389186648777496, 28.280063209852322 ], [ 85.389002662899202, 28.279872664664719 ], [ 85.388960625275757, 28.279831500567923 ], [ 85.38883072367706, 28.27970995287777 ], [ 85.388708350199607, 28.279555779894057 ], [ 85.388674105261899, 28.279513163211728 ], [ 85.388523554824445, 28.27932808842106 ], [ 85.388482203332146, 28.279277984225939 ], [ 85.388339077615996, 28.279107043280977 ], [ 85.388290988296859, 28.279050539441222 ], [ 85.388153125789003, 28.278891169036584 ], [ 85.38809819248911, 28.278828805326874 ], [ 85.387962901718851, 28.27867795937431 ], [ 85.387900949133297, 28.27861023702695 ], [ 85.387768330320569, 28.278468095405763 ], [ 85.387699342752114, 28.278395714550339 ], [ 85.387568614297251, 28.278261440448304 ], [ 85.387492285055416, 28.278184812499028 ], [ 85.387362933887857, 28.278057880923637 ], [ 85.387278288550135, 28.27797683424766 ], [ 85.387148072451268, 28.277855173665312 ], [ 85.387054586378923, 28.277770099134106 ], [ 85.386925011404173, 28.277655244413417 ], [ 85.386822800221282, 28.277567145669963 ], [ 85.386693576600976, 28.277458840683771 ], [ 85.386582229903482, 28.277368253349419 ], [ 85.386453142167611, 28.277266317753334 ], [ 85.386332209530622, 28.277173794751359 ], [ 85.386203009743042, 28.277078037888199 ], [ 85.38607216384186, 28.276984270590109 ], [ 85.385942747076086, 28.276894618107566 ], [ 85.385801811589516, 28.276800424570212 ], [ 85.385672036632272, 28.276716774611309 ], [ 85.385520560882028, 28.276622811708204 ], [ 85.385390309472655, 28.276545095175567 ], [ 85.38513575234083, 28.276402704862843 ], [ 85.385061456382118, 28.276363816074028 ], [ 85.384747140475213, 28.276212218784632 ], [ 85.384661166798622, 28.276174155547622 ], [ 85.384643021029788, 28.27616661711248 ], [ 85.384625709656291, 28.27615383810269 ], [ 85.384571899976962, 28.276118250798728 ], [ 85.384149755127851, 28.275867104857024 ], [ 85.384089639809844, 28.275835074409134 ], [ 85.383910985411305, 28.275749234863007 ], [ 85.383911945291956, 28.275743429465408 ], [ 85.383929091766205, 28.275622999564732 ], [ 85.383946518513724, 28.275483029013316 ], [ 85.383968321541403, 28.2752786707971 ], [ 85.383975416001235, 28.275193949794538 ], [ 85.38398800928411, 28.275152225586965 ], [ 85.383997910462696, 28.275112423607357 ], [ 85.384063792007183, 28.274793387704886 ], [ 85.384070762173025, 28.274751091743742 ], [ 85.384072604848029, 28.274736669935358 ], [ 85.384257431595074, 28.274284542211582 ], [ 85.38439873004414, 28.273552772406731 ], [ 85.384447543815654, 28.273459052892555 ], [ 85.384456304752163, 28.27343770421745 ], [ 85.384471589070273, 28.273389164545808 ], [ 85.384633997782203, 28.273150635023882 ], [ 85.384649372164247, 28.273124115635522 ], [ 85.385029824190227, 28.272258485987965 ], [ 85.385037587409144, 28.272233454121132 ], [ 85.385207670119271, 28.271345662936646 ], [ 85.38520929029437, 28.271324619662181 ], [ 85.385212300826268, 28.270752918271295 ], [ 85.385210694980969, 28.27072874039926 ], [ 85.385158273553785, 28.270296400658285 ], [ 85.385153447915954, 28.270269083749199 ], [ 85.385082123619327, 28.269943986103478 ], [ 85.385073995727922, 28.269913051759559 ], [ 85.384945184225003, 28.269509006621522 ], [ 85.384936861186461, 28.269486891852214 ], [ 85.384705206239929, 28.268977186618184 ], [ 85.384693477762397, 28.268955327586404 ], [ 85.384423758605635, 28.268516984255903 ], [ 85.38440852564797, 28.268495191153377 ], [ 85.384137646967915, 28.268146407755875 ], [ 85.383961049640305, 28.267881970440683 ], [ 85.383942713987224, 28.267856659662911 ], [ 85.383748041875435, 28.267606838702314 ], [ 85.383730113561526, 28.267585410738306 ], [ 85.383454074330672, 28.267283567771027 ], [ 85.383436015294066, 28.267265472040457 ], [ 85.383413868304686, 28.26724559442119 ], [ 85.383500585057035, 28.267113631039983 ], [ 85.383508502398442, 28.267098237005552 ], [ 85.383815850668697, 28.26631809370053 ], [ 85.383820979158742, 28.266299849060715 ], [ 85.383947714521284, 28.265648593938533 ], [ 85.383950032749297, 28.265627570657262 ], [ 85.383973234560273, 28.2651037369886 ], [ 85.38397272837291, 28.265080065766703 ], [ 85.383941255751452, 28.264657606665153 ], [ 85.383937874803408, 28.264631181315814 ], [ 85.383878239618426, 28.264285477870988 ], [ 85.383872025529058, 28.264256919801422 ], [ 85.383796917364961, 28.263964443418949 ], [ 85.383787973183686, 28.263934288122321 ], [ 85.383700085265218, 28.263670884845872 ], [ 85.383688857947632, 28.263640654700712 ], [ 85.383490435119171, 28.263189532603882 ], [ 85.383479313418206, 28.263167777222723 ], [ 85.383125048357314, 28.262590716450237 ], [ 85.383109826789948, 28.262569723866072 ], [ 85.382716793515499, 28.262098132541794 ], [ 85.382697336414637, 28.262077708890313 ], [ 85.382311480604614, 28.26171531448211 ], [ 85.382287451835751, 28.261695107395941 ], [ 85.38185016468239, 28.261366754911343 ], [ 85.381799172538479, 28.261332639536413 ], [ 85.381503141125165, 28.261148819294242 ], [ 85.381390296369915, 28.26108391094197 ], [ 85.381348354714618, 28.261059297867778 ], [ 85.380957770932042, 28.26085171424301 ], [ 85.380891051532004, 28.260819755959847 ], [ 85.380510519127768, 28.260655195908122 ], [ 85.380437911061534, 28.260627042024218 ], [ 85.38008439434843, 28.260503658615725 ], [ 85.380004689691845, 28.260478838119166 ], [ 85.379710550390257, 28.260396014011036 ], [ 85.379688678648364, 28.260390495262008 ], [ 85.379591502989115, 28.260345895839563 ], [ 85.378938694158435, 28.260165473498454 ], [ 85.378458614087194, 28.25997046881141 ], [ 85.378445113204236, 28.259966163699957 ], [ 85.378366076008248, 28.259782504632554 ], [ 85.377678129040419, 28.258678615010631 ], [ 85.377112116183085, 28.258011631191053 ], [ 85.376080822543088, 28.257102597449109 ], [ 85.376041988124442, 28.257083963839097 ], [ 85.37601479542856, 28.257058936413447 ], [ 85.375813810804758, 28.256883913349174 ], [ 85.37574813057941, 28.256829798840602 ], [ 85.375563531166009, 28.25668492623452 ], [ 85.375532233748402, 28.256661536953629 ], [ 85.375193761179673, 28.25642942452949 ], [ 85.375159329463997, 28.256407798374322 ], [ 85.374826905735958, 28.256215785963047 ], [ 85.374789015642207, 28.256195717806584 ], [ 85.374477635926695, 28.256043601159334 ], [ 85.374467147202552, 28.256038892169038 ], [ 85.374226716177873, 28.255869552544642 ], [ 85.374183533225121, 28.255841164335692 ], [ 85.374100672073979, 28.255790721678078 ], [ 85.373668790622332, 28.255453628124926 ], [ 85.373635472867505, 28.255431041067609 ], [ 85.373116413103332, 28.255121966384042 ], [ 85.373077423753699, 28.255101710501979 ], [ 85.372826786806144, 28.254985145604092 ], [ 85.372606841896527, 28.254847075284069 ], [ 85.372584905377593, 28.254834890290024 ], [ 85.372444927328004, 28.254768399222471 ], [ 85.372445106160583, 28.254735780443209 ], [ 85.372441025472398, 28.254532009295101 ], [ 85.372434733248696, 28.254393890701348 ], [ 85.372419386300706, 28.254181520961005 ], [ 85.372406059976456, 28.254046984512996 ], [ 85.372369793801241, 28.253775584282099 ], [ 85.372355740131837, 28.253692153709771 ], [ 85.372297776719563, 28.253409879532143 ], [ 85.372275706934118, 28.253318934068275 ], [ 85.372219228333265, 28.253111132569735 ], [ 85.37221923184228, 28.253111076025164 ], [ 85.372225868537086, 28.252988266988417 ], [ 85.372230730764144, 28.252860263807449 ], [ 85.372233493103622, 28.252734385261949 ], [ 85.372233310324404, 28.252551101353291 ], [ 85.372231634469941, 28.252481101915297 ], [ 85.372211658618028, 28.252481476861476 ], [ 85.372210551535773, 28.25211266535084 ], [ 85.372231233050357, 28.251743259497825 ], [ 85.372231569133589, 28.251703959882143 ], [ 85.372226751710969, 28.251585501860923 ], [ 85.372389457770794, 28.25024214625882 ], [ 85.372388609366595, 28.250226808191023 ], [ 85.371762715179798, 28.248271065805799 ], [ 85.371754771131947, 28.248258291117882 ], [ 85.371440874405977, 28.247933211798941 ], [ 85.371233328410682, 28.247539212433409 ], [ 85.371221765570212, 28.247521933561305 ], [ 85.371192938782642, 28.247487086129144 ], [ 85.371157197123509, 28.2473970581887 ], [ 85.371125254881363, 28.247323660298743 ], [ 85.371009718918614, 28.247079738128189 ], [ 85.370972752241414, 28.247007690016943 ], [ 85.370841411642104, 28.246770412305608 ], [ 85.370799878556127, 28.246700627325957 ], [ 85.37065072912155, 28.246467126547159 ], [ 85.370605120549683, 28.246400431803654 ], [ 85.370434925714335, 28.246167969938597 ], [ 85.370385806997177, 28.246105190714506 ], [ 85.370237096319002, 28.245929366301084 ], [ 85.370216682942186, 28.245896813413506 ], [ 85.370169319644248, 28.245823231434141 ], [ 85.370101396848611, 28.245720863158553 ], [ 85.370055216905314, 28.245653314890959 ], [ 85.369973816115888, 28.245538195580515 ], [ 85.369928269032272, 28.245475886579847 ], [ 85.369831870308261, 28.245348791729317 ], [ 85.369786257645373, 28.245290804850022 ], [ 85.369672952122713, 28.245152424982813 ], [ 85.369627290229602, 28.245098824491336 ], [ 85.369495514232639, 28.244950681822353 ], [ 85.369449594870744, 28.244901221554901 ], [ 85.369297128762312, 28.244744466572886 ], [ 85.369250815535281, 28.244699001397933 ], [ 85.369039350493395, 28.244503530700797 ], [ 85.369007925718336, 28.244476174758926 ], [ 85.368862146801987, 28.244357553322658 ], [ 85.368815674401873, 28.244293171274915 ], [ 85.368762494641089, 28.244188144127889 ], [ 85.368731063648468, 28.244131273785104 ], [ 85.368649990944547, 28.243990852800465 ], [ 85.368615837230763, 28.243934163828371 ], [ 85.368532078690862, 28.243800632311377 ], [ 85.368495159550449, 28.24374405199508 ], [ 85.368409618007348, 28.243617759059955 ], [ 85.36836987770765, 28.243561200088912 ], [ 85.368283432440236, 28.243442361182616 ], [ 85.368240827145769, 28.243385758047978 ], [ 85.36815436631592, 28.243274533493512 ], [ 85.368108777198444, 28.243217725931618 ], [ 85.368023180824352, 28.243114214768468 ], [ 85.367974493875721, 28.243057060622807 ], [ 85.367890678573488, 28.24296136747455 ], [ 85.367838726619752, 28.242903668901473 ], [ 85.367720687086091, 28.242777350674949 ], [ 85.367609954693961, 28.242663141650102 ], [ 85.367571538932012, 28.242625157348847 ], [ 85.367378566480781, 28.242320001706499 ], [ 85.366235564797719, 28.24137336638465 ], [ 85.365757789969734, 28.241172327812471 ], [ 85.365650404648036, 28.241109057768796 ], [ 85.365596485905812, 28.241079203431244 ], [ 85.364820949174927, 28.24063481966412 ], [ 85.364698167500663, 28.240590585491923 ], [ 85.364775931155208, 28.240175974661462 ], [ 85.364782744925307, 28.240118778507355 ], [ 85.364804769955427, 28.23986601171589 ], [ 85.364809690346107, 28.239777002567198 ], [ 85.36481549498707, 28.239508275254323 ], [ 85.364814868740368, 28.239456260658237 ], [ 85.364781044380209, 28.239013113723214 ], [ 85.36479720592672, 28.238950325072654 ], [ 85.364830451354052, 28.238811062187644 ], [ 85.364847418427814, 28.238734000836871 ], [ 85.364869074431184, 28.238629052823764 ], [ 85.364885793798095, 28.23854223615287 ], [ 85.364901314708817, 28.23845669471692 ], [ 85.364956516896314, 28.238132620875572 ], [ 85.364991729945373, 28.237945464621085 ], [ 85.365016501376104, 28.237799020961191 ], [ 85.365027259139936, 28.237727423009005 ], [ 85.365047334402632, 28.237573692027581 ], [ 85.365054506500101, 28.23750907800509 ], [ 85.365053340596717, 28.237508976519418 ], [ 85.365139456970269, 28.237049889558545 ], [ 85.365140542782854, 28.236974822251657 ], [ 85.365190400853137, 28.236794028622104 ], [ 85.365215822951143, 28.236741003614849 ], [ 85.365284242118094, 28.236590862825739 ], [ 85.365308260673615, 28.236535303686761 ], [ 85.36538863530717, 28.236335430616897 ], [ 85.365421253583492, 28.236247853603498 ], [ 85.365490335049003, 28.236046743931578 ], [ 85.365521506512835, 28.235947773646288 ], [ 85.365527395177097, 28.235927796220398 ], [ 85.365793945923812, 28.235603737465716 ], [ 85.366527122812954, 28.234325510496696 ], [ 85.36677049571027, 28.232908110249188 ], [ 85.366761451634588, 28.231981108794507 ], [ 85.366660414047431, 28.231235344732589 ], [ 85.366957043599939, 28.230119305765424 ], [ 85.367729516559976, 28.229395255888008 ], [ 85.368109509611926, 28.22893524427813 ], [ 85.368913528894467, 28.227456139721742 ], [ 85.369066869367771, 28.225820169076499 ], [ 85.368549262023905, 28.224243885243137 ], [ 85.368461256819884, 28.224088887963738 ], [ 85.367458807144956, 28.222878881735092 ], [ 85.367278509661617, 28.222768787951509 ], [ 85.367224522055579, 28.22186176475207 ], [ 85.367079188927647, 28.221487747156939 ], [ 85.367028124842051, 28.22078240594913 ], [ 85.366469446243826, 28.219503385444312 ], [ 85.36550279566579, 28.218432097342255 ], [ 85.364793211534717, 28.218009990222914 ], [ 85.363868663370241, 28.217185426444459 ], [ 85.362492393378588, 28.216546703564998 ], [ 85.3623801464759, 28.216528979333305 ], [ 85.362185510994621, 28.216321814490108 ], [ 85.361966086762081, 28.216162301574908 ], [ 85.361957954047938, 28.216135421165845 ], [ 85.361930871018188, 28.216050213460495 ], [ 85.361898077924835, 28.215951379978836 ], [ 85.36186723682755, 28.215862205005056 ], [ 85.36183601399523, 28.215775086663008 ], [ 85.361800907600113, 28.215680466371158 ], [ 85.361754036278214, 28.215559907038898 ], [ 85.36170533573609, 28.215440165373241 ], [ 85.36169786607654, 28.215422804115441 ], [ 85.361685540722348, 28.215365385716169 ], [ 85.36166676256228, 28.215281529200258 ], [ 85.36162986909369, 28.215130393564337 ], [ 85.361606679851931, 28.215042700036598 ], [ 85.361541526140073, 28.214821668058747 ], [ 85.361516461103164, 28.214744665575129 ], [ 85.361459181699914, 28.214580505440949 ], [ 85.361427385046809, 28.214495171682088 ], [ 85.361391456170168, 28.214402164397306 ], [ 85.361361649085111, 28.214327663653169 ], [ 85.361313966593102, 28.214213406880017 ], [ 85.361284487390932, 28.214145597543471 ], [ 85.361223949981365, 28.214012680959733 ], [ 85.361194293229289, 28.213950434267968 ], [ 85.36111867622644, 28.213799492997278 ], [ 85.361088112905449, 28.213741376975754 ], [ 85.3609948038699, 28.2135731675633 ], [ 85.360963413757418, 28.2135194295441 ], [ 85.360860578593716, 28.213352968918144 ], [ 85.360855810842097, 28.213279665754644 ], [ 85.361053070240985, 28.211836259667614 ], [ 85.360669767444023, 28.210334731383501 ], [ 85.360593542088722, 28.210228276072492 ], [ 85.360457439271613, 28.209698584192864 ], [ 85.360455667248118, 28.209693268730522 ], [ 85.360614011234674, 28.209278390606752 ], [ 85.36075498611352, 28.208699384484799 ], [ 85.36084851237122, 28.208157055535686 ], [ 85.361003442312253, 28.206649046908581 ], [ 85.360981524961204, 28.206372739252423 ], [ 85.361043371542806, 28.206054719319511 ], [ 85.361045851049965, 28.205892300490433 ], [ 85.361017371110478, 28.205755841553312 ], [ 85.361017773036679, 28.205729513765483 ], [ 85.360923681289421, 28.205167939872716 ], [ 85.36094537042176, 28.204977597965126 ], [ 85.360636017542873, 28.203642954253379 ], [ 85.359891064980687, 28.202450961304379 ], [ 85.359821627769449, 28.202371241360815 ], [ 85.359565067732234, 28.202050792086727 ], [ 85.359546707853724, 28.202022547614984 ], [ 85.359365513630564, 28.201764329805645 ], [ 85.359338417838913, 28.201728469611531 ], [ 85.359476523739872, 28.200902614466493 ], [ 85.359477986147198, 28.200873772851669 ], [ 85.35945542594294, 28.200201428527613 ], [ 85.359451515299654, 28.200168340313947 ], [ 85.359343207653467, 28.199602474050891 ], [ 85.359334395239301, 28.199569371278457 ], [ 85.359118550396104, 28.198957159867142 ], [ 85.359110838979575, 28.198939746661683 ], [ 85.358807252126653, 28.198373457510023 ], [ 85.358796284606058, 28.198356205587238 ], [ 85.358457268975584, 28.197891967513378 ], [ 85.358443066272102, 28.197874909596276 ], [ 85.358281419837937, 28.197700945960953 ], [ 85.358132653208855, 28.19734134790405 ], [ 85.358102925802783, 28.197286841366431 ], [ 85.358062855155822, 28.197233648205689 ], [ 85.357908269411354, 28.196406419665387 ], [ 85.357015165722757, 28.195022210354558 ], [ 85.356587266766596, 28.194705300899297 ], [ 85.356462554405027, 28.194555885884473 ], [ 85.356263839381668, 28.194284508992521 ], [ 85.356263597057023, 28.194279761925305 ], [ 85.35624130772932, 28.194201656338365 ], [ 85.356229689208362, 28.19397061767534 ], [ 85.356188680330007, 28.193775618796842 ], [ 85.356122830036298, 28.193786489017992 ], [ 85.355981553631182, 28.193291426698405 ], [ 85.356013298437503, 28.193284799276242 ], [ 85.355984401760253, 28.193176152465437 ], [ 85.355859846173601, 28.192864934721722 ], [ 85.355761581732224, 28.192520590284154 ], [ 85.355731856747411, 28.192466084203296 ], [ 85.355654406562266, 28.192351614123059 ], [ 85.355612972019088, 28.19224808328751 ], [ 85.355583247193309, 28.192193576276289 ], [ 85.355553522396562, 28.192139069259461 ], [ 85.355523797628862, 28.192084562237028 ], [ 85.355302525816867, 28.191750561554223 ], [ 85.355142278508666, 28.191302167250509 ], [ 85.355008836430827, 28.191135424102718 ], [ 85.355038939531369, 28.191010239746781 ], [ 85.355039768545524, 28.190956099881042 ], [ 85.354811889033968, 28.189558925686683 ], [ 85.354107872174438, 28.188292522843227 ], [ 85.353065440943638, 28.187343483709238 ], [ 85.352933679346066, 28.187176783371523 ], [ 85.352910621653166, 28.187125502796043 ], [ 85.352880899508946, 28.18707099527585 ], [ 85.352857859244153, 28.187080858087736 ], [ 85.352835941156386, 28.187053127888696 ], [ 85.35254140412232, 28.18650065269799 ], [ 85.352536236822743, 28.186493578728395 ], [ 85.35252382098119, 28.186443974513086 ], [ 85.352494099207817, 28.186389466919866 ], [ 85.352463833877962, 28.18633490404277 ], [ 85.352362154373239, 28.186154671364076 ], [ 85.352203773902104, 28.18589546454487 ], [ 85.352175770831309, 28.185853008136601 ], [ 85.352166746476186, 28.185816952938826 ], [ 85.352137025044641, 28.185762445278176 ], [ 85.352107303642114, 28.185707937611927 ], [ 85.351797122247007, 28.185219171001915 ], [ 85.351782942223011, 28.185199758374981 ], [ 85.351738443763168, 28.185086207947229 ], [ 85.35172556363986, 28.185090170570845 ], [ 85.351701164392068, 28.184948621509662 ], [ 85.351566275509199, 28.184571119084566 ], [ 85.351561025582527, 28.184545226390139 ], [ 85.351552949201121, 28.184533823720514 ], [ 85.351226411013386, 28.183619956890023 ], [ 85.350316708493949, 28.182483038664635 ], [ 85.350286573312559, 28.18245559965457 ], [ 85.350226214156066, 28.182400643472167 ], [ 85.350063833574453, 28.18230165039331 ], [ 85.349885395439031, 28.18198062348517 ], [ 85.34984256567121, 28.181775268595498 ], [ 85.349605775938386, 28.181451811859809 ], [ 85.34959045188053, 28.18138262741294 ], [ 85.349285361358355, 28.180745362856598 ], [ 85.349262106930979, 28.180694870291504 ], [ 85.349231056017743, 28.180706098153745 ], [ 85.349188569958457, 28.180525294417521 ], [ 85.349109969700805, 28.180371068750905 ], [ 85.348905347812348, 28.180077977363197 ], [ 85.348930330825368, 28.179947083711145 ], [ 85.348934891532849, 28.179719163290013 ], [ 85.348948992663978, 28.179646673968012 ], [ 85.348951071876257, 28.179511324493735 ], [ 85.348948135512217, 28.179401758517979 ], [ 85.348953151074141, 28.179375975016644 ], [ 85.348954398585946, 28.179294765329033 ], [ 85.348954547071614, 28.179284190937505 ], [ 85.348968001774054, 28.178226069751755 ], [ 85.349070580047666, 28.17769874656776 ], [ 85.349072243160492, 28.177590466951109 ], [ 85.349035646964651, 28.177371860236764 ], [ 85.349045851637143, 28.177319399480499 ], [ 85.349048346300663, 28.177156980047869 ], [ 85.349044540401621, 28.177128359097772 ], [ 85.349342826855278, 28.175888009698031 ], [ 85.349343658212703, 28.175833869868168 ], [ 85.349164948902725, 28.175119733835778 ], [ 85.349137841094944, 28.174838116675264 ], [ 85.34910937112825, 28.174702398717361 ], [ 85.348988038340622, 28.174412777245003 ], [ 85.348877847684747, 28.173972437567013 ], [ 85.348917024202208, 28.173771030602975 ], [ 85.348919102943114, 28.173635681014737 ], [ 85.348829516463042, 28.173086156225338 ], [ 85.348826611829097, 28.172955350168763 ], [ 85.348808332986593, 28.17264978240253 ], [ 85.34884492012003, 28.172497639157832 ], [ 85.348847830325113, 28.172308149705167 ], [ 85.348795209654725, 28.172055827382792 ], [ 85.34893745234487, 28.170679641434646 ], [ 85.348941104148693, 28.169893555083213 ], [ 85.348797832772831, 28.168369301166894 ], [ 85.349025934986969, 28.16776143880876 ], [ 85.349062601214726, 28.167572357127266 ], [ 85.34909844535359, 28.166913570069276 ], [ 85.349893479709039, 28.166227922414272 ], [ 85.350002922339883, 28.166043804963238 ], [ 85.350771573732175, 28.16531124765141 ], [ 85.350891129414123, 28.165150237670339 ], [ 85.350978644840936, 28.164971494070208 ], [ 85.351339686689755, 28.164757978877258 ], [ 85.351432161582821, 28.164661770831863 ], [ 85.351830248108257, 28.164415647197853 ], [ 85.352700538387481, 28.163487614397678 ], [ 85.35279534919313, 28.163353380797595 ], [ 85.353332842900542, 28.162323451746712 ], [ 85.353416638778114, 28.161917738920053 ], [ 85.353433058363763, 28.161908873436655 ], [ 85.353816737654739, 28.161736552098006 ], [ 85.35394016012259, 28.16165681154262 ], [ 85.353927776712766, 28.161641757448876 ], [ 85.35423253291421, 28.161477207166332 ], [ 85.3551865088223, 28.160564033494115 ], [ 85.355345338086806, 28.160287073728146 ], [ 85.355354811973058, 28.160292362983981 ], [ 85.355794849389426, 28.159673295584454 ], [ 85.355821305259852, 28.159630169957978 ], [ 85.356154644211131, 28.159317985121739 ], [ 85.356220393370691, 28.159239367087043 ], [ 85.35633410389633, 28.159192726726406 ], [ 85.356504388211931, 28.159063471440906 ], [ 85.356510061377321, 28.159070792022508 ], [ 85.35668161020007, 28.158966370737705 ], [ 85.356854338905748, 28.158797837851363 ], [ 85.35739328823125, 28.15838873842079 ], [ 85.357437895641638, 28.158344129384503 ], [ 85.357394553564248, 28.158310086854137 ], [ 85.357474444937267, 28.158259845559453 ], [ 85.357509130428227, 28.158235401228676 ], [ 85.357612998928047, 28.158151309638939 ], [ 85.357796861002967, 28.158081945735574 ], [ 85.357816511468144, 28.158072340476938 ], [ 85.358264558675245, 28.157811595292895 ], [ 85.358667528475891, 28.15766773336108 ], [ 85.358702905481493, 28.157652264260303 ], [ 85.358879228197864, 28.157571337696723 ], [ 85.358920965608263, 28.157551257155465 ], [ 85.359320805664638, 28.157337279771273 ], [ 85.359338937542532, 28.157326540600241 ], [ 85.360153119245098, 28.156727006280956 ], [ 85.360167086120228, 28.156714326382609 ], [ 85.361131014940725, 28.155482857486792 ], [ 85.36113832953292, 28.155469074441569 ], [ 85.361594259035755, 28.154022958408223 ], [ 85.361596685902512, 28.154002609815965 ], [ 85.361601965812199, 28.153100578629392 ], [ 85.361599536361652, 28.153077966226508 ], [ 85.361375503945737, 28.152117408131577 ], [ 85.361371980193496, 28.152107749802671 ], [ 85.360917518897267, 28.151210487091987 ], [ 85.36091155060754, 28.151201482695935 ], [ 85.360324391613531, 28.150486659169214 ], [ 85.360315937065948, 28.150478242300469 ], [ 85.35971999509448, 28.149973844936543 ], [ 85.359708930919993, 28.149965893160413 ], [ 85.359030187882468, 28.149553925387345 ], [ 85.359004182554585, 28.14954074145545 ], [ 85.358538839383712, 28.149332099183681 ], [ 85.358479294342189, 28.149308714773429 ], [ 85.358379636401949, 28.149270698111739 ], [ 85.358343533181824, 28.1492573280645 ], [ 85.35773439133682, 28.149070924799069 ], [ 85.357692278564357, 28.149060630467662 ], [ 85.357257076417241, 28.148972247781419 ], [ 85.357214628845739, 28.148965348116047 ], [ 85.357008970843367, 28.148935761143971 ], [ 85.356910065858287, 28.148923367570497 ], [ 85.356893699321702, 28.148921340712487 ], [ 85.356768487292399, 28.148906017840485 ], [ 85.356469934865416, 28.148877406621626 ], [ 85.356346938942963, 28.148868863382624 ], [ 85.356243940774704, 28.148862639815164 ], [ 85.356119979028193, 28.148856267937461 ], [ 85.355589371093018, 28.148853544431944 ], [ 85.355551291863165, 28.148855109821206 ], [ 85.354977411411213, 28.148907708511402 ], [ 85.354943749584905, 28.148912515318603 ], [ 85.354368987254347, 28.14902514178495 ], [ 85.354330398172777, 28.149034807883211 ], [ 85.353921221620581, 28.149154085278955 ], [ 85.353878665308002, 28.149168285576966 ], [ 85.353515024354095, 28.149304110361793 ], [ 85.3534655132746, 28.149324641014708 ], [ 85.353072610434324, 28.149506444770029 ], [ 85.353025978771015, 28.14953036718298 ], [ 85.352635749276288, 28.149752173028638 ], [ 85.352593138334171, 28.149778895367902 ], [ 85.35220059449189, 28.150051594727103 ], [ 85.352162735237954, 28.150080658315158 ], [ 85.351726306851603, 28.150459007943663 ], [ 85.351716283255541, 28.150464878223495 ], [ 85.351365584820172, 28.150689817114824 ], [ 85.351320817663719, 28.150721185330603 ], [ 85.351309019733122, 28.150730411472502 ], [ 85.350965654583447, 28.150931978654445 ], [ 85.350935698331057, 28.150952204969066 ], [ 85.350613743322924, 28.1511887225499 ], [ 85.350570655274936, 28.151223117856706 ], [ 85.350346691189117, 28.151413987353987 ], [ 85.35008971046895, 28.151525967740966 ], [ 85.350011859434332, 28.151564892992194 ], [ 85.348770621570253, 28.151574213869978 ], [ 85.347228573335471, 28.152042409717872 ], [ 85.346456906058066, 28.152564068759752 ], [ 85.346259114313639, 28.152106627474648 ], [ 85.346229328531493, 28.152057429360077 ], [ 85.346212588438192, 28.152029778893397 ], [ 85.345557630226693, 28.151191578954318 ], [ 85.345544458584371, 28.151178239760068 ], [ 85.344464729983429, 28.150353353095536 ], [ 85.343169310229015, 28.14982612521986 ], [ 85.341759760991593, 28.149637889718864 ], [ 85.340911993924749, 28.149737183625312 ], [ 85.340909845933723, 28.149720872293294 ], [ 85.340494575062266, 28.149763832369565 ], [ 85.34047806987266, 28.149765564029302 ], [ 85.340253729035751, 28.149789429971669 ], [ 85.339967554881582, 28.149827213263048 ], [ 85.339786171798309, 28.149855852489093 ], [ 85.338256904270096, 28.150329332050763 ], [ 85.336972859418992, 28.15120464052422 ], [ 85.336972741108482, 28.1512047519 ], [ 85.336809939435483, 28.151287367312204 ], [ 85.335714352897057, 28.152035125633958 ], [ 85.335554972929771, 28.152224016941538 ], [ 85.335525464788191, 28.152250841394814 ], [ 85.335411300020894, 28.152358073601491 ], [ 85.335345042199393, 28.152422380997852 ], [ 85.334314671778841, 28.151802309418141 ], [ 85.33423929259618, 28.151786560848919 ], [ 85.334130132158862, 28.151715734383831 ], [ 85.334110476618505, 28.151704503829158 ], [ 85.333796495433759, 28.151571371349281 ], [ 85.333770976589392, 28.151536414358912 ], [ 85.333711150734956, 28.151454461913197 ], [ 85.333667967432589, 28.151479226166931 ], [ 85.33359868439166, 28.151391515135604 ], [ 85.333560524192265, 28.15131723488669 ], [ 85.333500698602023, 28.151235283260885 ], [ 85.333291805220242, 28.151003009726541 ], [ 85.333056102137547, 28.150704610066008 ], [ 85.333025980022157, 28.150677168601781 ], [ 85.332995857922114, 28.150649727131466 ], [ 85.332947626458036, 28.150620306296894 ], [ 85.332875369675449, 28.150539961189455 ], [ 85.332815125644203, 28.150485078181994 ], [ 85.332754881674347, 28.150430195150239 ], [ 85.332724759712448, 28.150402753625251 ], [ 85.332633561109233, 28.150347122210565 ], [ 85.332579519606924, 28.150297889504895 ], [ 85.332204338238483, 28.149462816355264 ], [ 85.331409901576848, 28.148518576133746 ], [ 85.331349659404296, 28.148463692546329 ], [ 85.330306582584726, 28.147733865489094 ], [ 85.329729117704574, 28.14751356010478 ], [ 85.329342660607338, 28.147105360512846 ], [ 85.329069258729135, 28.146888380828724 ], [ 85.329059189937851, 28.146898348189865 ], [ 85.329058071720311, 28.146897484218783 ], [ 85.329052517183186, 28.146892423498912 ], [ 85.329047785203429, 28.14688953672643 ], [ 85.32829908787744, 28.146311078747054 ], [ 85.327682697779011, 28.1460567457232 ], [ 85.327416384845364, 28.145894274694385 ], [ 85.327256547228686, 28.145864059385751 ], [ 85.326958546465136, 28.145722607947363 ], [ 85.326867347418798, 28.145694419283785 ], [ 85.326467886633338, 28.145631942585077 ], [ 85.326119932426764, 28.145499183040371 ], [ 85.325652184809684, 28.145438774382431 ], [ 85.324542967737202, 28.144428087629851 ], [ 85.323407766022953, 28.143897773286415 ], [ 85.323387451366628, 28.143872049052611 ], [ 85.323297098267048, 28.143789718745648 ], [ 85.322254123002892, 28.143059834162457 ], [ 85.32215207815058, 28.143020895215173 ], [ 85.322148418212223, 28.143017560167927 ], [ 85.321286191665109, 28.142491468262151 ], [ 85.321241110741269, 28.142437874024427 ], [ 85.321210993980742, 28.142410430158112 ], [ 85.321042598808006, 28.142307681546537 ], [ 85.320939148456532, 28.142214302738612 ], [ 85.320819055228384, 28.142080728999066 ], [ 85.320788938675562, 28.142053285047499 ], [ 85.320701988835424, 28.142000230950714 ], [ 85.320415064788975, 28.141741237777616 ], [ 85.319841057277344, 28.141474911344631 ], [ 85.319804868292337, 28.141452829434236 ], [ 85.319859275003026, 28.141395829159524 ], [ 85.319832213748057, 28.141375534129953 ], [ 85.319213446621859, 28.140984283273728 ], [ 85.319210238695575, 28.140981567754064 ], [ 85.319203991402802, 28.140978304587644 ], [ 85.319148468826626, 28.140943196988843 ], [ 85.318879969465954, 28.140801490830139 ], [ 85.318449888459895, 28.140624077643299 ], [ 85.317417358308091, 28.140110639145977 ], [ 85.317293458877415, 28.139877677356097 ], [ 85.317269904280963, 28.139844703448222 ], [ 85.317240485870698, 28.139801085887829 ], [ 85.316995853500131, 28.139369568398312 ], [ 85.316921266259669, 28.139257694200861 ], [ 85.316653985501191, 28.138897309190206 ], [ 85.316482436129931, 28.138688476267347 ], [ 85.315819929896875, 28.138028819683683 ], [ 85.315655843134792, 28.137894571141 ], [ 85.315404449736818, 28.137725275843689 ], [ 85.31538373609385, 28.137698008192498 ], [ 85.31522710804056, 28.13756375971299 ], [ 85.315200640469357, 28.137588024236745 ], [ 85.314881399884669, 28.137373036308503 ], [ 85.314818301501788, 28.137338434566736 ], [ 85.313899495887853, 28.136665654155742 ], [ 85.313735413766238, 28.136591071818462 ], [ 85.312712218754143, 28.13624347637645 ], [ 85.312361682633409, 28.136161437694344 ], [ 85.312356747551519, 28.136160869981619 ], [ 85.31173949584101, 28.135728794319746 ], [ 85.311268062595886, 28.135548845863283 ], [ 85.311004768053508, 28.135018098106798 ], [ 85.310266690562756, 28.134163497667963 ], [ 85.310005512038828, 28.133926138469764 ], [ 85.309819648640428, 28.133512169087346 ], [ 85.309496171851421, 28.133127497989097 ], [ 85.309342626989888, 28.132923379600879 ], [ 85.30929569029243, 28.132838830084349 ], [ 85.309242676943612, 28.132790508247734 ], [ 85.309001953893315, 28.13247049470429 ], [ 85.308955843800021, 28.132435652290443 ], [ 85.308923369563885, 28.132285648174509 ], [ 85.308916397408922, 28.132259487323466 ], [ 85.308786386862494, 28.131856378970962 ], [ 85.308777835308476, 28.131833877180764 ], [ 85.308536578664985, 28.131310137403045 ], [ 85.308514573877488, 28.131269797839924 ], [ 85.308215255684914, 28.130796115549803 ], [ 85.308185048762383, 28.130754412996936 ], [ 85.308104782554267, 28.130658991389573 ], [ 85.308091148767545, 28.130626437307274 ], [ 85.307998185471163, 28.130420171526378 ], [ 85.307971395287254, 28.130364730958298 ], [ 85.307913440153712, 28.130249289556868 ], [ 85.307887172382166, 28.130198878787137 ], [ 85.307863116468951, 28.13015025355951 ], [ 85.307796126818289, 28.130020464462444 ], [ 85.307775623864316, 28.129982346318975 ], [ 85.307615387679817, 28.129708889955772 ], [ 85.307592030962581, 28.129672153458454 ], [ 85.30731706627563, 28.12928662846884 ], [ 85.307292952005838, 28.129256325460876 ], [ 85.30699491846643, 28.128917315031291 ], [ 85.306974184736717, 28.128895916207359 ], [ 85.306753804284099, 28.128682689634903 ], [ 85.306729886956433, 28.128660987914454 ], [ 85.306442461040177, 28.128419713404345 ], [ 85.306382694669921, 28.128373315044236 ], [ 85.306174856534255, 28.128227753790416 ], [ 85.306126855665852, 28.128025955299943 ], [ 85.305959841888239, 28.127663960388031 ], [ 85.30509593070569, 28.126417748416106 ], [ 85.30446768664477, 28.125954202355629 ], [ 85.304334653617957, 28.125460762078379 ], [ 85.30364379815606, 28.124371901908329 ], [ 85.303355792000119, 28.124036910051867 ], [ 85.301994079032141, 28.122957301659124 ], [ 85.301749439074442, 28.122579379226604 ], [ 85.300775148300161, 28.121725297585961 ], [ 85.300685748721392, 28.121665699708061 ], [ 85.299975341474422, 28.121315187957226 ], [ 85.299789606484524, 28.121184476051688 ], [ 85.299327710777519, 28.120916283455919 ], [ 85.299072127949756, 28.120818746678978 ], [ 85.29900799952668, 28.120775331105708 ], [ 85.298857329818318, 28.120677157718383 ], [ 85.298770208955588, 28.120622547915929 ], [ 85.298672126968384, 28.120564113982677 ], [ 85.298683050345872, 28.120552522410705 ], [ 85.298632636486332, 28.120515180176206 ], [ 85.298562064759963, 28.120410582798048 ], [ 85.298549141705621, 28.120396224397439 ], [ 85.298519618964761, 28.120363423036412 ], [ 85.297556817833851, 28.119542791639567 ], [ 85.297304674320102, 28.11941993450705 ], [ 85.297205296952882, 28.119329869224501 ], [ 85.297175798130908, 28.119311842838076 ], [ 85.296980490208128, 28.119217335536362 ], [ 85.296732316465324, 28.119026984473457 ], [ 85.296696262690091, 28.119004041895391 ], [ 85.296631688037195, 28.118973754208302 ], [ 85.296396847619008, 28.118778204928145 ], [ 85.296316173132652, 28.118679069950279 ], [ 85.295121210125856, 28.117631194207636 ], [ 85.294593217950094, 28.11730120567562 ], [ 85.294432693266756, 28.117222712098009 ], [ 85.294210034720919, 28.117085256220999 ], [ 85.294175440816318, 28.117065412188271 ], [ 85.294099347172406, 28.117013639820875 ], [ 85.29402402089822, 28.116964253129812 ], [ 85.293978330417232, 28.116935221954424 ], [ 85.293978961927891, 28.116934791203288 ], [ 85.293889451573435, 28.116831645801877 ], [ 85.293532162966969, 28.116514871557623 ], [ 85.29329992903682, 28.116280439726129 ], [ 85.293283925315649, 28.116268436811083 ], [ 85.293181222021744, 28.116203722532664 ], [ 85.292998339675734, 28.11604157548468 ], [ 85.29299362027723, 28.116033710268507 ], [ 85.292933557832498, 28.115933615331198 ], [ 85.291920156757826, 28.114760122433914 ], [ 85.290533452633568, 28.113939919462492 ], [ 85.290473438499859, 28.113915914851816 ], [ 85.290028033547017, 28.113803252726978 ], [ 85.290007020820383, 28.11379387648023 ], [ 85.289737065180717, 28.113643108540284 ], [ 85.289701056270403, 28.113627104009907 ], [ 85.28954941094679, 28.113581534219456 ], [ 85.289466593374883, 28.113542495735967 ], [ 85.28944896083118, 28.113531899719995 ], [ 85.28944718471017, 28.113534223129538 ], [ 85.289237807305966, 28.113343280727598 ], [ 85.288971348760285, 28.113218684665998 ], [ 85.288946695483517, 28.113163738367199 ], [ 85.288152902311523, 28.112219270639024 ], [ 85.288092702528161, 28.112164369593305 ], [ 85.288002402967976, 28.112082017979411 ], [ 85.28791811953613, 28.112032613530992 ], [ 85.287911732663886, 28.112026788615182 ], [ 85.287851444403103, 28.111971807486785 ], [ 85.287641036862851, 28.111843316444922 ], [ 85.287410145829512, 28.111352164897383 ], [ 85.286486293015201, 28.110060632927336 ], [ 85.285541284205479, 28.109134658238325 ], [ 85.284309666309071, 28.108253126327099 ], [ 85.283817350991001, 28.108001456510486 ], [ 85.283800163641558, 28.10797793578206 ], [ 85.283795745458164, 28.107969971249489 ], [ 85.28374012811291, 28.107867759901687 ], [ 85.283723594591876, 28.107874833054062 ], [ 85.283657117920356, 28.107814200942226 ], [ 85.283637712125682, 28.107787584053391 ], [ 85.283546081046865, 28.107698187584802 ], [ 85.283343579140549, 28.107421071662795 ], [ 85.283313481797535, 28.107393620181305 ], [ 85.283309514564024, 28.107391197146089 ], [ 85.282776475296345, 28.106601730627009 ], [ 85.282746378321903, 28.106574279034316 ], [ 85.282030691143376, 28.106137161681538 ], [ 85.281922778522528, 28.106061567272526 ], [ 85.281924766334527, 28.106060427788922 ], [ 85.281902067302724, 28.106029292432787 ], [ 85.281835339386021, 28.105923933975475 ], [ 85.281775577735658, 28.105841961154528 ], [ 85.281448418272817, 28.105442892146932 ], [ 85.281322281061236, 28.105305502020808 ], [ 85.280340684136704, 28.104569516060501 ], [ 85.280278902120429, 28.104513161137127 ], [ 85.280243340376288, 28.104496528287999 ], [ 85.279888153136596, 28.10423020982353 ], [ 85.279274602927714, 28.104043428445554 ], [ 85.278870781417581, 28.10385454918476 ], [ 85.278801903327562, 28.103843987499381 ], [ 85.278791344109038, 28.103838889831671 ], [ 85.278655429278885, 28.103817503283608 ], [ 85.27851874706694, 28.103721747923007 ], [ 85.278432797927536, 28.103607398985933 ], [ 85.278246004647386, 28.103466143798137 ], [ 85.278216444202599, 28.10343096331761 ], [ 85.278186349286102, 28.103403510801918 ], [ 85.277871464724996, 28.103182910556349 ], [ 85.277364597983407, 28.102799605834281 ], [ 85.277268868076121, 28.102760742140251 ], [ 85.277144050386383, 28.102673296355437 ], [ 85.276890615766945, 28.102576460344775 ], [ 85.276783058532772, 28.102434360969809 ], [ 85.276743851538953, 28.102384724216904 ], [ 85.27657855997964, 28.102187151461962 ], [ 85.276540654790068, 28.10214433396704 ], [ 85.276409757550837, 28.102006341689915 ], [ 85.276357677328136, 28.101849918189416 ], [ 85.275927497177307, 28.101303950071589 ], [ 85.275735677376545, 28.100947939318175 ], [ 85.274673847238688, 28.09994188388411 ], [ 85.274454033190608, 28.099788974125083 ], [ 85.274431089999879, 28.099773107786501 ], [ 85.274415225227685, 28.099762201054393 ], [ 85.274088092715658, 28.099497313526758 ], [ 85.273879492259582, 28.099348317314629 ], [ 85.273466693998131, 28.099106930155624 ], [ 85.273353904272824, 28.098979107974856 ], [ 85.272573256403206, 28.098270800160339 ], [ 85.272245457618524, 28.098032405123114 ], [ 85.272236896603872, 28.09804166183487 ], [ 85.271410456208784, 28.097470524716574 ], [ 85.271230621555361, 28.097404901032363 ], [ 85.271216368335246, 28.097396607918501 ], [ 85.269842464470642, 28.096866807764393 ], [ 85.269837747960395, 28.096841344805718 ], [ 85.269713780807493, 28.096347251247316 ], [ 85.269611706494729, 28.096026492254985 ], [ 85.269609386832641, 28.096019204380038 ], [ 85.269526854122873, 28.095784554892539 ], [ 85.269455194893396, 28.095598780167172 ], [ 85.268651588939903, 28.094282518348347 ], [ 85.267406649456206, 28.093271808500216 ], [ 85.265857381486882, 28.09267786980821 ], [ 85.265478241581221, 28.092652684618972 ], [ 85.265093822610851, 28.092283952065713 ], [ 85.264375828520798, 28.091765968942418 ], [ 85.263234931685673, 28.0911443186973 ], [ 85.260812001813221, 28.090187358025922 ], [ 85.25946387460607, 28.089949877565267 ], [ 85.259334403624408, 28.089905859749514 ], [ 85.259260071265999, 28.089882877784902 ], [ 85.25909883540487, 28.089836408989086 ], [ 85.258942961329055, 28.08977294740961 ], [ 85.258872774095551, 28.089746176879871 ], [ 85.258657185563635, 28.089669074396355 ], [ 85.258583462461772, 28.08964442930985 ], [ 85.25837825909737, 28.089580241119069 ], [ 85.258300767340302, 28.089557641797427 ], [ 85.258188442244631, 28.089527060853595 ], [ 85.258173003340758, 28.089517221131192 ], [ 85.2570079399636, 28.089108971981506 ], [ 85.256898547831639, 28.089083903274787 ], [ 85.256831207727274, 28.089054624978512 ], [ 85.256611011026834, 28.088958889396949 ], [ 85.256161408376968, 28.088786693694122 ], [ 85.255760905962504, 28.088653194436272 ], [ 85.25562234167387, 28.088609025176936 ], [ 85.255559243533597, 28.088589821485694 ], [ 85.255168983796608, 28.0884453277794 ], [ 85.254745876885693, 28.088168694472497 ], [ 85.254718333934491, 28.088153086658515 ], [ 85.254578798021228, 28.088074018157595 ], [ 85.254459734034, 28.088006549910062 ], [ 85.253264177380032, 28.087605089296002 ], [ 85.253277561044484, 28.087575614591966 ], [ 85.253144060086456, 28.087527936696642 ], [ 85.252846827453808, 28.087464942630668 ], [ 85.252507520842784, 28.087351001878162 ], [ 85.252164235731868, 28.087303323600977 ], [ 85.252161350361575, 28.087319663290092 ], [ 85.251682203321977, 28.087218111090568 ], [ 85.251229355912344, 28.087243014370035 ], [ 85.251152802993559, 28.087236328151167 ], [ 85.251130931089719, 28.087228567185864 ], [ 85.250123715912949, 28.086974129782849 ], [ 85.249818572389088, 28.086926452117684 ], [ 85.248792422764339, 28.086859806120916 ], [ 85.24841099630757, 28.086869342632152 ], [ 85.247797965510301, 28.086917695186621 ], [ 85.247511893602208, 28.08695583745509 ], [ 85.247196256824651, 28.08701313421183 ], [ 85.246372594500727, 28.086999138220197 ], [ 85.246353376210507, 28.087001584279506 ], [ 85.245445579054675, 28.08690570060579 ], [ 85.244978330679999, 28.086905701554397 ], [ 85.244676431653957, 28.086951949757179 ], [ 85.244003871187843, 28.086879526795165 ], [ 85.243308026580749, 28.086906981148822 ], [ 85.242046943357209, 28.086501931991673 ], [ 85.241598764573965, 28.08641611076531 ], [ 85.24103936723597, 28.086363162971296 ], [ 85.241014827928254, 28.086358255145516 ], [ 85.240974402957917, 28.086357013902084 ], [ 85.240524968157231, 28.086314472278492 ], [ 85.240506726076589, 28.086314472315404 ], [ 85.239818672180078, 28.086162541691245 ], [ 85.239822310873535, 28.086146544819471 ], [ 85.239183107932831, 28.086032183935867 ], [ 85.23825918903259, 28.08595619221575 ], [ 85.238048155520261, 28.08582873603568 ], [ 85.237676258620041, 28.085685700887257 ], [ 85.236349672314162, 28.085355813194781 ], [ 85.236227417700022, 28.085355625442599 ], [ 85.236121883371283, 28.085325490288461 ], [ 85.235221532749065, 28.085122256209104 ], [ 85.235054252290183, 28.084969531384917 ], [ 85.234932038172417, 28.084478648419271 ], [ 85.234902402622438, 28.084424118405813 ], [ 85.234847532694559, 28.084354494368696 ], [ 85.23481624714465, 28.084244487971283 ], [ 85.234703674907706, 28.084035325451918 ], [ 85.234698213788604, 28.084037637270679 ], [ 85.234690283393689, 28.084005957320432 ], [ 85.234527763459923, 28.083708671448179 ], [ 85.233848420879326, 28.082778139674275 ], [ 85.233822306863615, 28.082756568801845 ], [ 85.233750005585165, 28.082575808153866 ], [ 85.233089830200797, 28.08167961649416 ], [ 85.232590822837366, 28.081151630220916 ], [ 85.231819295249537, 28.080491282789328 ], [ 85.230653307312309, 28.079685309596154 ], [ 85.230328564959436, 28.079524860059248 ], [ 85.229897983189375, 28.07914357600481 ], [ 85.229652751047425, 28.079023432502073 ], [ 85.229638856570716, 28.079007228011722 ], [ 85.228524573459964, 28.078262869444803 ], [ 85.228202580987713, 28.078103875598909 ], [ 85.226726006439549, 28.077621773384404 ], [ 85.22618502729911, 28.077525778170831 ], [ 85.225933808352991, 28.077519561198624 ], [ 85.225882625740368, 28.077449429443121 ], [ 85.225852551676581, 28.077421966269487 ], [ 85.225480667041325, 28.077161143783925 ], [ 85.224800795886523, 28.076622607400836 ], [ 85.223220257805139, 28.076044265369664 ], [ 85.222404946892468, 28.07588070491456 ], [ 85.222158665705422, 28.075587250539972 ], [ 85.222128593128502, 28.075559786609695 ], [ 85.222090210981563, 28.075536313147406 ], [ 85.221905503023194, 28.075275559502948 ], [ 85.221596699539219, 28.075032960814806 ], [ 85.221451516343237, 28.074449481577631 ], [ 85.221421890222246, 28.074394949913987 ], [ 85.220644040206437, 28.073358774665806 ], [ 85.219576577304466, 28.072550566713247 ], [ 85.218300759166894, 28.072031844061442 ], [ 85.218189099660179, 28.072016569129662 ], [ 85.218177954802698, 28.072005681078753 ], [ 85.217949100460999, 28.071715173489981 ], [ 85.217919030030927, 28.071687708720511 ], [ 85.217888959616147, 28.071660243945033 ], [ 85.216917792915766, 28.071066234929557 ], [ 85.216832028705554, 28.07099443342242 ], [ 85.216744821407246, 28.070914780801065 ], [ 85.21672680751864, 28.070906342400047 ], [ 85.216594250107462, 28.070795365211186 ], [ 85.216573341003254, 28.070779504120839 ], [ 85.216188171379684, 28.07051457776107 ], [ 85.216162978883915, 28.070498904600377 ], [ 85.215768568639589, 28.070276772209141 ], [ 85.215687208459869, 28.070235472997503 ], [ 85.215596882379188, 28.070190698053768 ], [ 85.215545370134791, 28.07016576970269 ], [ 85.215382860901911, 28.070090465178776 ], [ 85.215332469837918, 28.07006813060411 ], [ 85.215152798164738, 28.069992353265107 ], [ 85.215103478755466, 28.069972591965708 ], [ 85.21490531998711, 28.069897633542876 ], [ 85.214857046954933, 28.069880435259851 ], [ 85.214638759480209, 28.069807773044985 ], [ 85.214591505466899, 28.069793130199443 ], [ 85.214500509998132, 28.06976715396187 ], [ 85.214398198777531, 28.069614574150499 ], [ 85.214349681531601, 28.069548174113304 ], [ 85.214178354893519, 28.069328258003186 ], [ 85.214132630484144, 28.069273131852547 ], [ 85.213958643852521, 28.06907515315099 ], [ 85.213918492534191, 28.069031996788254 ], [ 85.21365843202328, 28.068773380705796 ], [ 85.213619546016616, 28.068737578752003 ], [ 85.213456441990658, 28.068601371641442 ], [ 85.21307258162679, 28.068113379921595 ], [ 85.21301139966846, 28.068069613572401 ], [ 85.212622398536794, 28.067280000229374 ], [ 85.21248039170078, 28.067055004499018 ], [ 85.212338783767109, 28.066886314424554 ], [ 85.212345906913569, 28.066843021745445 ], [ 85.212597209692291, 28.066229051457682 ], [ 85.212658765996835, 28.064841815198317 ], [ 85.212655444051634, 28.064816332438198 ], [ 85.212849170020192, 28.064406782198944 ], [ 85.213096015320843, 28.063746219333446 ], [ 85.213311420858489, 28.062975052223599 ], [ 85.213911306404043, 28.062264367565579 ], [ 85.214425415216937, 28.060868055838018 ], [ 85.214448409251972, 28.060735054697904 ], [ 85.214431983059413, 28.059278069753478 ], [ 85.214295835649736, 28.058930415211819 ], [ 85.214313755420989, 28.058449090617597 ], [ 85.214601206066817, 28.057755678789192 ], [ 85.214654197106043, 28.057545676475108 ], [ 85.214706281456088, 28.055810175750707 ], [ 85.214465080149978, 28.055242705064863 ], [ 85.214454073325527, 28.054883492813833 ], [ 85.214242056542787, 28.054014104885201 ], [ 85.214260668525739, 28.053819386714718 ], [ 85.213977821790408, 28.052571575076712 ], [ 85.213640227625632, 28.051998373821348 ], [ 85.213580414575091, 28.051611498750006 ], [ 85.212817775185869, 28.050277459596007 ], [ 85.211605447392955, 28.049237924869278 ], [ 85.211349451504674, 28.049081930363606 ], [ 85.210959038930454, 28.048943610664558 ], [ 85.210387886336193, 28.048361547469504 ], [ 85.209909171098218, 28.047946562431449 ], [ 85.209865522116047, 28.047880917422841 ], [ 85.209831455677588, 28.047831873123393 ], [ 85.209727610153053, 28.047688504509921 ], [ 85.209691192066799, 28.047640254378347 ], [ 85.209589614830662, 28.047510970135061 ], [ 85.209571360152566, 28.047481184941645 ], [ 85.209543444716445, 28.047437999339333 ], [ 85.209427901816468, 28.047268028486517 ], [ 85.209397388117409, 28.047225295407401 ], [ 85.209277870517781, 28.047065529873866 ], [ 85.209244750653113, 28.047023235671045 ], [ 85.209122377479659, 28.046873602409068 ], [ 85.209086642438862, 28.046831738835859 ], [ 85.208962837100998, 28.046692475251717 ], [ 85.208924466969208, 28.04665101677217 ], [ 85.208800370352563, 28.046521956975834 ], [ 85.208759346171163, 28.046480881676398 ], [ 85.208635873779613, 28.046361636367298 ], [ 85.208592166508922, 28.046320916788019 ], [ 85.208470551871869, 28.046211412895158 ], [ 85.20842432508698, 28.046171183827713 ], [ 85.208305480195961, 28.046071040858035 ], [ 85.208256509592019, 28.046031088190166 ], [ 85.208155127636644, 28.045952043628073 ], [ 85.207769106118491, 28.045172424302056 ], [ 85.206965916756985, 28.044042161006455 ], [ 85.206715929976809, 28.043851121155747 ], [ 85.206111676316553, 28.043103001711113 ], [ 85.205879489704216, 28.042945792404339 ], [ 85.205493252383505, 28.042397196166199 ], [ 85.205311203848524, 28.041877116049125 ], [ 85.205210197820989, 28.041699119126552 ], [ 85.20427760867706, 28.040549855898952 ], [ 85.202989454319649, 28.039713679808806 ], [ 85.201472630690176, 28.039272957610336 ], [ 85.201469184352604, 28.039272953627865 ], [ 85.201156192695066, 28.039059816570013 ], [ 85.200376512416966, 28.038658420949535 ], [ 85.200166094020474, 28.038447418504216 ], [ 85.200196998933905, 28.037838838751764 ], [ 85.200204620187989, 28.037806335477651 ], [ 85.200215322796069, 28.037759445898548 ], [ 85.20024996587118, 28.037603421652491 ], [ 85.200271215435265, 28.037501566632955 ], [ 85.200302969534803, 28.037338951635679 ], [ 85.200328882959994, 28.037191858096396 ], [ 85.200351920698395, 28.037045276831872 ], [ 85.200368380795567, 28.036929647634288 ], [ 85.200387743275058, 28.036777887626499 ], [ 85.200394911677051, 28.036718146948068 ], [ 85.200412247192631, 28.036563927297795 ], [ 85.20041835877096, 28.03650574487839 ], [ 85.200433675416747, 28.036348946566353 ], [ 85.20043878022868, 28.03629258469007 ], [ 85.200452094549391, 28.036133069855584 ], [ 85.200456275035293, 28.036078495128816 ], [ 85.200467597098736, 28.035916148388022 ], [ 85.200470927336369, 28.03586338371213 ], [ 85.200480272048054, 28.035697982349948 ], [ 85.200482820148281, 28.035647152437409 ], [ 85.200490201096315, 28.035478491770803 ], [ 85.20049204153635, 28.03542960156879 ], [ 85.200497470174128, 28.035257421835649 ], [ 85.200499056096675, 28.035188028851227 ], [ 85.200504078905396, 28.034833903951832 ], [ 85.200504382137737, 28.034748913559216 ], [ 85.200501756929839, 28.034376410607113 ], [ 85.200500499771067, 28.034300412692268 ], [ 85.200497437803392, 28.03418281609278 ], [ 85.200521028456805, 28.034105285627202 ], [ 85.200628981053399, 28.033076279451933 ], [ 85.200427428744561, 28.031335301083946 ], [ 85.200243542576231, 28.031031397931173 ], [ 85.200189873487318, 28.030826253266678 ], [ 85.200190126193775, 28.030822674112031 ], [ 85.200199509651583, 28.030473253844164 ], [ 85.200198988273485, 28.03044224608189 ], [ 85.200183884366282, 28.030155612149464 ], [ 85.200181026700861, 28.030123387920565 ], [ 85.200148922394789, 28.029888297295493 ], [ 85.200148885153354, 28.029887577173618 ], [ 85.200145831581224, 28.029846157310722 ], [ 85.200195881582033, 28.029542599034794 ], [ 85.200204697745733, 28.029466428301355 ], [ 85.200230238831011, 28.029097808325748 ], [ 85.20023192155594, 28.029024862520515 ], [ 85.200219990188998, 28.02861014339857 ], [ 85.200214503260682, 28.028542176464022 ], [ 85.200170731819043, 28.028192238399704 ], [ 85.20016532605095, 28.028160406745553 ], [ 85.200113560732987, 28.027905486109848 ], [ 85.200106396056, 28.027875210738568 ], [ 85.200028727798255, 28.02759263128107 ], [ 85.200019118115108, 28.027561994463646 ], [ 85.199928261912447, 28.027302787372403 ], [ 85.19991550125404, 28.027269904509431 ], [ 85.199791971459945, 28.02698357475278 ], [ 85.199753970724473, 28.026903729282264 ], [ 85.199657246617718, 28.026712960898585 ], [ 85.199631858695852, 28.02666583931374 ], [ 85.199531015663595, 28.026488779709972 ], [ 85.199505037185062, 28.026445554473106 ], [ 85.199380371187416, 28.026250010631049 ], [ 85.19935364476801, 28.026210422468157 ], [ 85.199215210553447, 28.026017809930536 ], [ 85.199185270333842, 28.025967489694285 ], [ 85.199162998481853, 28.025932185283818 ], [ 85.198990138821074, 28.025678152967121 ], [ 85.198936295860136, 28.025604605537698 ], [ 85.198751448990166, 28.02536888674916 ], [ 85.198694124044323, 28.025300532446472 ], [ 85.198650817642033, 28.025250448908714 ], [ 85.198591101326699, 28.025159106577632 ], [ 85.198561163122406, 28.025115951086988 ], [ 85.198401279381159, 28.024899627891362 ], [ 85.198372186722693, 28.024862623895189 ], [ 85.198217481184287, 28.024676227175988 ], [ 85.198172320729824, 28.024624641377816 ], [ 85.198038720952781, 28.024478433274425 ], [ 85.197995243799198, 28.024432831254959 ], [ 85.197829128941237, 28.024267041404105 ], [ 85.197786454431565, 28.024226502812333 ], [ 85.197671932869795, 28.024123716736128 ], [ 85.197633831267709, 28.024075881566617 ], [ 85.197605778196817, 28.024042861048581 ], [ 85.197431234223103, 28.02384876123142 ], [ 85.19739923448536, 28.023815118524354 ], [ 85.197181284478475, 28.023600330509705 ], [ 85.197110611458612, 28.0235350168482 ], [ 85.197000756503627, 28.023438352785341 ], [ 85.196792238303402, 28.023208617905659 ], [ 85.196770289043769, 28.023186924895185 ], [ 85.196386308152398, 28.02284596702798 ], [ 85.196333535614102, 28.022803865919592 ], [ 85.195997413410836, 28.022557979110783 ], [ 85.195972700993437, 28.022541426293802 ], [ 85.195677759021208, 28.02235804848878 ], [ 85.195653830361735, 28.02234426567934 ], [ 85.195116657814964, 28.022074490860959 ], [ 85.195094761787686, 28.022065002465808 ], [ 85.194419439654098, 28.021823821740142 ], [ 85.19439354951227, 28.021816437658007 ], [ 85.194370521742655, 28.021811285468299 ], [ 85.194270236741161, 28.02177365000113 ], [ 85.194248705505956, 28.021767112849776 ], [ 85.194042865123464, 28.021717632170446 ], [ 85.193717056709417, 28.021566132307711 ], [ 85.19367785191686, 28.021549578975215 ], [ 85.193522682623097, 28.021489717548658 ], [ 85.193555688665924, 28.021366257037212 ], [ 85.193561583223911, 28.021339448020811 ], [ 85.193639065681694, 28.020839915109221 ], [ 85.193641788532901, 28.020810104267376 ], [ 85.193655394323201, 28.020463314399322 ], [ 85.19366500942958, 28.020390652440316 ], [ 85.193689390679353, 28.020223463486658 ], [ 85.193694461173592, 28.020180646355637 ], [ 85.193713087061013, 28.019980668997057 ], [ 85.193716123196779, 28.019935987678419 ], [ 85.193724402326083, 28.019751140632994 ], [ 85.193725412906176, 28.019704495068954 ], [ 85.193723062889887, 28.019455491493542 ], [ 85.193719027162359, 28.019355978488008 ], [ 85.19371616132193, 28.019318084878673 ], [ 85.193798270583684, 28.018991820993406 ], [ 85.193803192430067, 28.018962409061377 ], [ 85.193858066892659, 28.018346722346479 ], [ 85.193858459404012, 28.018313337735758 ], [ 85.193834904157313, 28.017829916772914 ], [ 85.193830792967802, 28.017792368499482 ], [ 85.19377369795879, 28.017426900322793 ], [ 85.193764943300167, 28.017383877958057 ], [ 85.193738824723411, 28.017274218152604 ], [ 85.193755201449292, 28.017142073554378 ], [ 85.193759015619776, 28.017080258122878 ], [ 85.193763847221263, 28.016684561464071 ], [ 85.193761351735517, 28.016617540633337 ], [ 85.193734703041457, 28.01628184893789 ], [ 85.193725897520991, 28.016209527943499 ], [ 85.193681364080035, 28.015927455153005 ], [ 85.193666200536754, 28.015849422734188 ], [ 85.193645989962377, 28.015751837446984 ], [ 85.193631000195111, 28.015683683997956 ], [ 85.193508639691018, 28.015245326857276 ], [ 85.193501702386868, 28.015224911907485 ], [ 85.193305795829815, 28.014747486321692 ], [ 85.193297536699404, 28.014730415702939 ], [ 85.193004811550111, 28.014218071035955 ], [ 85.192986691828679, 28.014190811738214 ], [ 85.192633631896172, 28.01372783011918 ], [ 85.192612920988736, 28.013703997686445 ], [ 85.192122200249912, 28.013216800053897 ], [ 85.192100330263116, 28.013198021502411 ], [ 85.191800505772036, 28.012984043047219 ], [ 85.191768132833701, 28.01295599643856 ], [ 85.191432274831214, 28.012638544382508 ], [ 85.191407628478387, 28.01261802982544 ], [ 85.191054999526401, 28.012350287038842 ], [ 85.191036717589611, 28.012337641491538 ], [ 85.190933633699856, 28.012192888468569 ], [ 85.19090256450923, 28.012151771501941 ], [ 85.190726050012387, 28.011932610973808 ], [ 85.190693933450589, 28.011895151441379 ], [ 85.190481448444245, 28.011663633757173 ], [ 85.190448383251649, 28.011629947561772 ], [ 85.190379129732335, 28.01156442037345 ], [ 85.190324705618266, 28.011336743238857 ], [ 85.190313773205858, 28.011297874973799 ], [ 85.190308950472016, 28.011283161136266 ], [ 85.190295542882723, 28.010763337725564 ], [ 85.190296159550755, 28.010761000224075 ], [ 85.190299505894714, 28.010738630425873 ], [ 85.190338511381697, 28.010114557684833 ], [ 85.19041853630425, 28.00987535341077 ], [ 85.190437258077736, 28.009809831166741 ], [ 85.190519315561758, 28.00946738596296 ], [ 85.190538984133937, 28.009366141758054 ], [ 85.190578862737055, 28.009120784677574 ], [ 85.190593586876602, 28.009008427253168 ], [ 85.190595459919408, 28.008990829100831 ], [ 85.190681460827719, 28.00885965582896 ], [ 85.19072286518292, 28.00879164531548 ], [ 85.190908404193479, 28.008453976541194 ], [ 85.190924959037829, 28.008420363375404 ], [ 85.191061428750942, 28.008113089660892 ], [ 85.191074162732846, 28.008081024462822 ], [ 85.191198923257545, 28.007719113546408 ], [ 85.191208022168411, 28.007688128581922 ], [ 85.191306301404907, 28.007275177558988 ], [ 85.191311831393094, 28.00724502823476 ], [ 85.191369090804415, 28.006785298560661 ], [ 85.191371694806989, 28.006746048965717 ], [ 85.191378055019555, 28.006341351733031 ], [ 85.191376518146058, 28.00629725098274 ], [ 85.191353640264779, 28.005987088016418 ], [ 85.191349658649941, 28.005951805310279 ], [ 85.191412130351381, 28.005823169170586 ], [ 85.191416571488375, 28.005807122933223 ], [ 85.191563243455761, 28.004758002107291 ], [ 85.191563383485288, 28.004737383276197 ], [ 85.191509333736406, 28.004103877016302 ], [ 85.191522598080908, 28.004074632999494 ], [ 85.191548497985892, 28.004010371850811 ], [ 85.1916598376134, 28.003699012876428 ], [ 85.191670026455071, 28.003666479100897 ], [ 85.191745519571796, 28.003392504733156 ], [ 85.191754329982018, 28.003355562266339 ], [ 85.191809122300739, 28.003085527709114 ], [ 85.191827842980871, 28.002973905745272 ], [ 85.191845437129601, 28.002852533944193 ], [ 85.19220363617228, 28.001869600736253 ], [ 85.192440046094063, 28.000194117968132 ], [ 85.192252923608578, 27.997588119115008 ], [ 85.191966127757638, 27.996403612418707 ], [ 85.19196901945601, 27.996302109957774 ], [ 85.191966623238315, 27.99627127780062 ], [ 85.191844248847445, 27.995551022529234 ], [ 85.191835342436306, 27.995517333230712 ], [ 85.191828852496343, 27.995497797678812 ], [ 85.191789821209085, 27.995258782221892 ], [ 85.191773726398807, 27.995188074415431 ], [ 85.191666695772057, 27.994805020758935 ], [ 85.19164505600007, 27.994739907554585 ], [ 85.191503952463563, 27.994373933659919 ], [ 85.191483383244844, 27.994327223391306 ], [ 85.191340537188495, 27.994033916897994 ], [ 85.191315640873199, 27.993987393346206 ], [ 85.191155563479484, 27.993712928231318 ], [ 85.191126932583671, 27.99366770290834 ], [ 85.190944094901255, 27.99340094703264 ], [ 85.190912545625849, 27.993358313083814 ], [ 85.190655846827767, 27.993042087644067 ], [ 85.190634568737792, 27.993018129306478 ], [ 85.19062496766297, 27.993008340843161 ], [ 85.19035966585399, 27.992445303237186 ], [ 85.190353223470879, 27.992435233428584 ], [ 85.189806463682771, 27.991820754611151 ], [ 85.189739921852507, 27.991376547795436 ], [ 85.189734238608509, 27.991349348112159 ], [ 85.189632833064948, 27.990960725910732 ], [ 85.189522288969115, 27.990608677112704 ], [ 85.189480212743987, 27.990492550180729 ], [ 85.189436901817871, 27.990293493158319 ], [ 85.189413707058563, 27.990199213663612 ], [ 85.189298301425183, 27.989813034964502 ], [ 85.189287089767078, 27.989781266313209 ], [ 85.189129424303914, 27.989396620057548 ], [ 85.189116662563023, 27.989369397511563 ], [ 85.189013059117485, 27.989163110663963 ], [ 85.188994560858092, 27.989128626121538 ], [ 85.188972605367255, 27.988946270738072 ], [ 85.188964849649722, 27.988897892369859 ], [ 85.18888602740337, 27.988521500945332 ], [ 85.188873157541892, 27.988471867544863 ], [ 85.188770879942794, 27.988136923980726 ], [ 85.188752784757099, 27.988085573811418 ], [ 85.188639115104706, 27.987797571343286 ], [ 85.188615480199289, 27.987743609507913 ], [ 85.188510574023113, 27.987521792298864 ], [ 85.188485526443117, 27.987472551641325 ], [ 85.188397966695675, 27.987309228446666 ], [ 85.188367350802849, 27.987254952583132 ], [ 85.188327189914887, 27.987186605237479 ], [ 85.188171500042515, 27.986580730827875 ], [ 85.188167137730318, 27.986504983305654 ], [ 85.188162919232823, 27.986461843456663 ], [ 85.188112392212332, 27.98610808100111 ], [ 85.188104715071788, 27.986067315114425 ], [ 85.188025654790707, 27.985728132294799 ], [ 85.18801760054545, 27.98569921998461 ], [ 85.187939338187661, 27.985453041234294 ], [ 85.187977466638941, 27.985241316431999 ], [ 85.18798515778083, 27.98518986828503 ], [ 85.188013534773873, 27.984951746816627 ], [ 85.18801812758889, 27.984900152245366 ], [ 85.188032316162165, 27.984658154278762 ], [ 85.188033765217909, 27.984607003809735 ], [ 85.188033077967603, 27.984358039147327 ], [ 85.188031376032441, 27.984307766778294 ], [ 85.188014204723729, 27.984048805009845 ], [ 85.188009365625078, 27.983999862161919 ], [ 85.187973221322338, 27.983728756070768 ], [ 85.187965286401379, 27.983681529547848 ], [ 85.187925349184979, 27.98347639004632 ], [ 85.187912045393148, 27.983416344371896 ], [ 85.187849811622215, 27.983171603613474 ], [ 85.187836835185891, 27.983126455832103 ], [ 85.187715395268214, 27.982767048951718 ], [ 85.18770029407986, 27.982728291575654 ], [ 85.187489245532205, 27.982269796327664 ], [ 85.187471669680804, 27.982236896781387 ], [ 85.187219617358522, 27.981822456066794 ], [ 85.187201829249943, 27.981796541574177 ], [ 85.187177372801031, 27.981763768424077 ], [ 85.187178921149638, 27.981760446510627 ], [ 85.18720216457551, 27.981706308264929 ], [ 85.187272193815062, 27.981532605820014 ], [ 85.18729765898523, 27.981465123026233 ], [ 85.187373273391444, 27.981240468596422 ], [ 85.187394547817632, 27.981187298793365 ], [ 85.188008864797837, 27.981343004312563 ], [ 85.18837596399338, 27.981344390481748 ], [ 85.18840536567059, 27.981348702425585 ], [ 85.188474665285142, 27.981356969647745 ], [ 85.188714088079621, 27.981380419011007 ], [ 85.188778614352898, 27.981385367970233 ], [ 85.188958759784001, 27.981396326220292 ], [ 85.189031394098322, 27.981399594936853 ], [ 85.189178992418462, 27.981404329549076 ], [ 85.189357047925725, 27.981407742205878 ], [ 85.189572886954537, 27.981423117337403 ], [ 85.189793567200041, 27.981434555535834 ], [ 85.189888228465975, 27.981437630030179 ], [ 85.1901360766132, 27.981440310352177 ], [ 85.190219787493092, 27.981439403158184 ], [ 85.19055749982634, 27.981425760988476 ], [ 85.190647495966331, 27.981419457289537 ], [ 85.191085284688185, 27.981371748514153 ], [ 85.191167171264254, 27.981359602543531 ], [ 85.191536585950175, 27.981292214139632 ], [ 85.191574980674091, 27.98128388109324 ], [ 85.191837030648855, 27.981220372385046 ], [ 85.191873849811685, 27.981210503274497 ], [ 85.192144723318563, 27.981130461864623 ], [ 85.192180054721419, 27.981119033481768 ], [ 85.192456159124987, 27.98102151601617 ], [ 85.192490071227795, 27.981008506704121 ], [ 85.192755512451569, 27.980898514186052 ], [ 85.192838051752787, 27.98086170380315 ], [ 85.193096761299941, 27.980737882610619 ], [ 85.19317413029006, 27.980698247909451 ], [ 85.193443594433802, 27.980550075131969 ], [ 85.193514938931273, 27.98050805615285 ], [ 85.193796723667589, 27.980329535454292 ], [ 85.193861606229163, 27.980285393612121 ], [ 85.194154450887368, 27.980070262558307 ], [ 85.194212415581575, 27.980024332131237 ], [ 85.194265736521061, 27.979978446291533 ], [ 85.194486687080442, 27.979857789604537 ], [ 85.194550184791439, 27.979820586449929 ], [ 85.194859915992282, 27.979623941770353 ], [ 85.194917341825189, 27.979584514441665 ], [ 85.195249871792029, 27.979335295751721 ], [ 85.195300402318551, 27.979294008900037 ], [ 85.19563797218504, 27.97899081952108 ], [ 85.195681969146065, 27.978947377405646 ], [ 85.196007620836411, 27.978590917170493 ], [ 85.196045260040862, 27.978545140740533 ], [ 85.19615249585469, 27.978409562753036 ], [ 85.196181831683035, 27.978370986556559 ], [ 85.19659441746731, 27.977717216137929 ], [ 85.196606530134801, 27.977693616269416 ], [ 85.196985812358747, 27.976611179242287 ], [ 85.196990613591822, 27.976587159485671 ], [ 85.197068697039512, 27.975771186945146 ], [ 85.197068503344738, 27.975743105516312 ], [ 85.197012742446674, 27.975103635678913 ], [ 85.197007519908922, 27.975072621140935 ], [ 85.196874546745349, 27.974521249710325 ], [ 85.196864794202142, 27.974490379738288 ], [ 85.196541145661868, 27.973734349091561 ], [ 85.196525150067032, 27.973705170611755 ], [ 85.196014043733754, 27.972964053713547 ], [ 85.195989176063293, 27.972934759713397 ], [ 85.195478286720856, 27.972419662240029 ], [ 85.195444984569903, 27.97239083778555 ], [ 85.194959087294677, 27.972020318757075 ], [ 85.194919265466041, 27.971993632334943 ], [ 85.194669620636972, 27.971847519424252 ], [ 85.194656960129478, 27.97182694436956 ], [ 85.193853746720137, 27.970856726075173 ], [ 85.193316743874703, 27.970362740087488 ], [ 85.191756249393435, 27.969452764202497 ], [ 85.191737387517477, 27.969154257002945 ], [ 85.191711917901756, 27.969077857535645 ], [ 85.191324070121979, 27.968236890742698 ], [ 85.191311335940014, 27.968215669343952 ], [ 85.190476609968869, 27.967198084933205 ], [ 85.190441450494248, 27.967165855124769 ], [ 85.18925167543533, 27.966357126362404 ], [ 85.188682579774891, 27.966168397410474 ], [ 85.188532516794524, 27.966031503231349 ], [ 85.188501577740738, 27.966003523435411 ], [ 85.188378488735097, 27.965893170833485 ], [ 85.187716715336833, 27.965517560017673 ], [ 85.187683555646345, 27.96549096389543 ], [ 85.187566631693443, 27.965432374481026 ], [ 85.186497523224944, 27.964825553505758 ], [ 85.186155152488908, 27.964715506597063 ], [ 85.186151910085357, 27.964723458818369 ], [ 85.185744624495584, 27.964519363998139 ], [ 85.183755933593602, 27.963986717366332 ], [ 85.183654643639201, 27.963937593370368 ], [ 85.182364563687301, 27.963080580038579 ], [ 85.182318370810265, 27.963067806208802 ], [ 85.181959600476944, 27.962646331533119 ], [ 85.181788435335079, 27.962522682727926 ], [ 85.181130942082675, 27.961806455266508 ], [ 85.180529010471332, 27.961254317604659 ], [ 85.180000012956867, 27.960845330417765 ], [ 85.17821385943148, 27.959951381666468 ], [ 85.177470343057436, 27.959739804501861 ], [ 85.177465727947094, 27.95975259103372 ], [ 85.176898950297172, 27.959489091877071 ], [ 85.176725339306088, 27.959360651231854 ], [ 85.176101922830256, 27.95852872924193 ], [ 85.175939000706435, 27.958234012866242 ], [ 85.175578852489011, 27.957904526804349 ], [ 85.175309408164466, 27.957561501546667 ], [ 85.175252174864397, 27.957433293728453 ], [ 85.175248117480749, 27.957412975249476 ], [ 85.175218770346248, 27.957344966417644 ], [ 85.175213539135072, 27.957346746214483 ], [ 85.174845428572766, 27.956522136678288 ], [ 85.173976066549315, 27.955523486862933 ], [ 85.17362259684738, 27.955293646835155 ], [ 85.173483956443434, 27.955093545488364 ], [ 85.173468627062931, 27.955074034413162 ], [ 85.173201010396056, 27.954785139418032 ], [ 85.173127004083966, 27.954698115555367 ], [ 85.173084807926159, 27.954659696874241 ], [ 85.172957863827094, 27.954522658281466 ], [ 85.172941702380456, 27.954507785663637 ], [ 85.172828369867588, 27.954426214948416 ], [ 85.172234659207547, 27.953885647438884 ], [ 85.172177387511923, 27.953854766081104 ], [ 85.172171945952584, 27.953848135591837 ], [ 85.17214297152978, 27.953819160252227 ], [ 85.171747681740726, 27.953465316620314 ], [ 85.171727293984262, 27.953448978950327 ], [ 85.17122778160406, 27.953096597415509 ], [ 85.171204787096627, 27.953082371117024 ], [ 85.170702140739465, 27.952808433664963 ], [ 85.17053991257697, 27.952731151931335 ], [ 85.170335176143624, 27.95245003694837 ], [ 85.17030514976868, 27.952422562515814 ], [ 85.169265035900764, 27.951691599421537 ], [ 85.169190793076098, 27.951663126505423 ], [ 85.169186267368573, 27.951326640405505 ], [ 85.169196245359444, 27.951251620281241 ], [ 85.169200640615614, 27.951238511993285 ], [ 85.169216272708468, 27.951186936795626 ], [ 85.169267898856447, 27.951000961622832 ], [ 85.169292899564098, 27.950901896412898 ], [ 85.169322516629649, 27.950776178413864 ], [ 85.169342252956312, 27.950686017377677 ], [ 85.169372192917407, 27.950535711632973 ], [ 85.169387366734654, 27.950451226931346 ], [ 85.169414561585583, 27.950278379603368 ], [ 85.169425375907153, 27.95019838267314 ], [ 85.169447758976204, 27.949982216088017 ], [ 85.169463909766918, 27.949922290181796 ], [ 85.169528691058076, 27.94964328767966 ], [ 85.169544452981299, 27.94956260116539 ], [ 85.169599337865563, 27.949190163640484 ], [ 85.169606734109522, 27.94911613170596 ], [ 85.169623619977543, 27.948872235446693 ], [ 85.169627710277567, 27.948766443808204 ], [ 85.169630620779259, 27.948586060969255 ], [ 85.169630142388939, 27.948511086792386 ], [ 85.169618166755413, 27.948226003155302 ], [ 85.169612983540731, 27.948159310697207 ], [ 85.169565992139994, 27.947784085845218 ], [ 85.169555758817594, 27.947725000874094 ], [ 85.169450060148193, 27.947271240098313 ], [ 85.169431441217938, 27.947207903016796 ], [ 85.169289033254557, 27.946802564729303 ], [ 85.169261051003062, 27.946734383121445 ], [ 85.16912308860023, 27.946432561921096 ], [ 85.169085771536942, 27.946358693231765 ], [ 85.168984543538301, 27.946170127659755 ], [ 85.168926969409341, 27.946068976498278 ], [ 85.16884759847045, 27.945935150478547 ], [ 85.1688150330654, 27.94588240603882 ], [ 85.16869351434373, 27.945696259495492 ], [ 85.168656808379367, 27.945643000565994 ], [ 85.16853628368446, 27.945476444545417 ], [ 85.168495153504324, 27.945422257617309 ], [ 85.168379552422067, 27.945276273513549 ], [ 85.168333446311166, 27.945220430155967 ], [ 85.168229621660487, 27.945099033513969 ], [ 85.168180600901565, 27.94504368287549 ], [ 85.168119471841578, 27.944976597700478 ], [ 85.167972124664217, 27.944726399628575 ], [ 85.167645650077489, 27.944337042828323 ], [ 85.167273085163728, 27.943127416484955 ], [ 85.16703128166634, 27.942636337441311 ], [ 85.166677498129033, 27.941504393138057 ], [ 85.166360855729138, 27.940756066598802 ], [ 85.165854648368153, 27.939821014988052 ], [ 85.165850985336988, 27.939803459309605 ], [ 85.165814509536517, 27.93964462394641 ], [ 85.165797209591986, 27.939575643670818 ], [ 85.165760426871287, 27.939439035988148 ], [ 85.165742173204279, 27.939375623911253 ], [ 85.165701265668957, 27.939242083004189 ], [ 85.165682546105998, 27.939184476659626 ], [ 85.165628710650481, 27.939029339476797 ], [ 85.165609100973583, 27.938976243570494 ], [ 85.165539751286417, 27.938800766980734 ], [ 85.165519056971078, 27.938751666310672 ], [ 85.165508502747727, 27.938728317118517 ], [ 85.165415976761594, 27.93840915201034 ], [ 85.16483714098193, 27.937190257484673 ], [ 85.163885146604585, 27.936172842641909 ], [ 85.163265669374894, 27.935680178389134 ], [ 85.1628327143615, 27.935226807090004 ], [ 85.162620285205193, 27.935079716121791 ], [ 85.16236214906732, 27.934127246717686 ], [ 85.162134360883982, 27.933495263836637 ], [ 85.161837335853164, 27.932841272718115 ], [ 85.161272198189593, 27.93192193904348 ], [ 85.160465145841385, 27.930909522644161 ], [ 85.160448308981287, 27.93085972558152 ], [ 85.16039875237982, 27.930727606980803 ], [ 85.16031882080965, 27.930529970205189 ], [ 85.16027222266267, 27.93042266947355 ], [ 85.160183676823308, 27.930231888873696 ], [ 85.160159717651013, 27.930183441466259 ], [ 85.160084275456299, 27.930037960343341 ], [ 85.16005972112049, 27.92999274034262 ], [ 85.159969774515659, 27.929835062395806 ], [ 85.159944450652944, 27.929792746186667 ], [ 85.159838176997184, 27.929623990370793 ], [ 85.159811966950357, 27.929584386869859 ], [ 85.159753431307522, 27.929498156269176 ], [ 85.159695699407465, 27.929415216888717 ], [ 85.159582506737877, 27.929261781343666 ], [ 85.159210287471268, 27.928445843353256 ], [ 85.158065967198539, 27.927300810702675 ], [ 85.15769697047169, 27.927038819345807 ], [ 85.157251861070222, 27.926828113464385 ], [ 85.157257672665736, 27.926788120701548 ], [ 85.157284016396403, 27.926559469032142 ], [ 85.157310423224743, 27.926413411397373 ], [ 85.157314065692191, 27.926384910331048 ], [ 85.157343519468157, 27.92603002993226 ], [ 85.157344723105709, 27.92599872743018 ], [ 85.15734196257344, 27.925630659044653 ], [ 85.157338781401847, 27.925571172208816 ], [ 85.157319344284517, 27.925336754140332 ], [ 85.157310017342553, 27.92525382438415 ], [ 85.157305544213443, 27.925197910394385 ], [ 85.157283644886604, 27.924991421309144 ], [ 85.157277834658842, 27.924947479625143 ], [ 85.157246888430024, 27.924750878997958 ], [ 85.15723967913425, 27.924711428259506 ], [ 85.157172604912972, 27.924409776602257 ], [ 85.157163284428137, 27.92437427120575 ], [ 85.157130906702605, 27.924269211886269 ], [ 85.157125185884922, 27.924209894468962 ], [ 85.157119157188575, 27.924164641263754 ], [ 85.157073969320194, 27.923895353032322 ], [ 85.157057815721473, 27.923815661210799 ], [ 85.157017368968056, 27.923636911774075 ], [ 85.156995787241456, 27.923550599832904 ], [ 85.156949221385474, 27.923380878248288 ], [ 85.156955092718619, 27.923282136548139 ], [ 85.15695659045403, 27.923227391656482 ], [ 85.156956996549624, 27.92302418950381 ], [ 85.156954357341093, 27.922911207526003 ], [ 85.15694436668872, 27.922706908774856 ], [ 85.156937856152396, 27.922619513414155 ], [ 85.156904942842004, 27.922324856729563 ], [ 85.15689337982505, 27.922247329998694 ], [ 85.156820166427693, 27.921876228351259 ], [ 85.156803135101725, 27.92180703317679 ], [ 85.15674593266472, 27.92161928243755 ], [ 85.156741107645317, 27.921590716399358 ], [ 85.156731890478483, 27.92154961971346 ], [ 85.156605554961317, 27.921105396633489 ], [ 85.156593432709599, 27.921070369007627 ], [ 85.15649539572803, 27.920814616518129 ], [ 85.156479550885649, 27.920777011213648 ], [ 85.156351202958206, 27.920500652011238 ], [ 85.156303706533265, 27.920407283109924 ], [ 85.156204239340454, 27.92022299053929 ], [ 85.156181770892317, 27.920183671161581 ], [ 85.15607738188038, 27.920010444108318 ], [ 85.15605267584688, 27.919971508084636 ], [ 85.155943173418777, 27.919807166024089 ], [ 85.155916231779003, 27.919768616985586 ], [ 85.155802727705833, 27.91961340835174 ], [ 85.155773552437736, 27.91957524992938 ], [ 85.155657117877141, 27.919429277226733 ], [ 85.155625711958095, 27.919391513967266 ], [ 85.155507425060563, 27.919254826280707 ], [ 85.155473794498832, 27.919217463673959 ], [ 85.155294672957652, 27.91902924338094 ], [ 85.15522074586589, 27.918955731040782 ], [ 85.154982853165194, 27.918734724984535 ], [ 85.154900084497527, 27.918662871906612 ], [ 85.15466759899293, 27.918473227159957 ], [ 85.15457600083289, 27.918403040683913 ], [ 85.154352264477723, 27.918241216512222 ], [ 85.154251857890003, 27.918172713124385 ], [ 85.154039224265929, 27.918035265946319 ], [ 85.153929958063529, 27.917968408822745 ], [ 85.15377759746417, 27.917878730140281 ], [ 85.153694040895701, 27.917831448345975 ], [ 85.153344629253311, 27.917650678397557 ], [ 85.15328482116864, 27.917622506148007 ], [ 85.152799532826762, 27.917425607551735 ], [ 85.152664727723305, 27.917318941671958 ], [ 85.152636238860566, 27.91729787930565 ], [ 85.152388432116794, 27.917125919940617 ], [ 85.152357127452618, 27.917105550748456 ], [ 85.152125298742334, 27.916963309643023 ], [ 85.152090619559317, 27.916943270544873 ], [ 85.151966549236548, 27.916876360575785 ], [ 85.151930593422051, 27.91684845999476 ], [ 85.151885379180513, 27.916816377635797 ], [ 85.151335215171869, 27.916476278835891 ], [ 85.151298868520257, 27.916456839511287 ], [ 85.151071142540886, 27.916187901258674 ], [ 85.151044403229847, 27.916161378630587 ], [ 85.150298955110557, 27.915555732799781 ], [ 85.150274004076365, 27.915539188345655 ], [ 85.149303729426833, 27.915033856520363 ], [ 85.149271877322818, 27.915021243293673 ], [ 85.148562886403909, 27.914794829821012 ], [ 85.148529948140606, 27.914786704271112 ], [ 85.148208405074016, 27.914717318949183 ], [ 85.148128391354518, 27.914702486609933 ], [ 85.148100842345201, 27.914697340833595 ], [ 85.147805600543492, 27.914655090508948 ], [ 85.147729969371483, 27.914602925930804 ], [ 85.147693773634202, 27.914579148987787 ], [ 85.147450055170864, 27.914428632621032 ], [ 85.147368651458933, 27.914381432060974 ], [ 85.147139284135264, 27.914256012342712 ], [ 85.147023203884515, 27.914196249221821 ], [ 85.146848000376025, 27.914110099692373 ], [ 85.146761285241553, 27.914069423504944 ], [ 85.1465404134062, 27.913971834641647 ], [ 85.146438491333299, 27.913929512363449 ], [ 85.146226642935986, 27.91384671461374 ], [ 85.146127733144965, 27.91381042327745 ], [ 85.145971585446645, 27.913757066142143 ], [ 85.145769495934047, 27.913615396249018 ], [ 85.145732141858659, 27.913590899289215 ], [ 85.14545877913892, 27.913428416598943 ], [ 85.145448137377286, 27.913418211990781 ], [ 85.145428862568693, 27.913402805337324 ], [ 85.144535876771101, 27.912838329920817 ], [ 85.144339899358485, 27.912652053500146 ], [ 85.144331788652238, 27.912644945274181 ], [ 85.144691113534734, 27.912335014176168 ], [ 85.145513222616202, 27.911411893188316 ], [ 85.146038555895046, 27.910331288793845 ], [ 85.147149417201419, 27.906858243072161 ], [ 85.147277337888426, 27.90490305026535 ], [ 85.14669119106469, 27.90169106436618 ], [ 85.146186189349351, 27.900335507446009 ], [ 85.145603155996994, 27.899636056454707 ], [ 85.145564166293852, 27.899575165367558 ], [ 85.145535852361107, 27.899532812848804 ], [ 85.145404851493353, 27.899347269192774 ], [ 85.145380516196013, 27.899314591489404 ], [ 85.145221623047249, 27.899113362352683 ], [ 85.145194334098235, 27.899080730592011 ], [ 85.145037662706073, 27.898902863403602 ], [ 85.145007155324393, 27.8988699599516 ], [ 85.144858998261995, 27.898717250624173 ], [ 85.144824730921769, 27.898683486085648 ], [ 85.144676378070258, 27.898544491561747 ], [ 85.144564786229026, 27.898400473936089 ], [ 85.144540222010761, 27.898371476014479 ], [ 85.14427406511183, 27.898082926943449 ], [ 85.144249217670776, 27.898058153255057 ], [ 85.143904493587939, 27.897746277712081 ], [ 85.14387886447183, 27.897725234190197 ], [ 85.143762018565411, 27.897639319174544 ], [ 85.143768860733161, 27.897604292351026 ], [ 85.14377095674898, 27.897583675570633 ], [ 85.143764722188038, 27.896853276822586 ], [ 85.143988318089413, 27.896410984823426 ], [ 85.143999073939526, 27.896384099671067 ], [ 85.144190095515697, 27.895773877083283 ], [ 85.14419765899477, 27.895740898718095 ], [ 85.144213293758341, 27.895650531632029 ], [ 85.14425604036262, 27.895519117888075 ], [ 85.144296466104933, 27.895382560074612 ], [ 85.144348524075454, 27.895189545077951 ], [ 85.144383831212153, 27.895044642591564 ], [ 85.144422443850559, 27.894869488952168 ], [ 85.144452656289047, 27.894716450598484 ], [ 85.14448036280686, 27.894560019112411 ], [ 85.144506057583129, 27.894396282420534 ], [ 85.144525164104692, 27.894259221451758 ], [ 85.144546695669689, 27.894082647821154 ], [ 85.144559113455173, 27.893966904126557 ], [ 85.144566480540746, 27.893887405784628 ], [ 85.144573686749908, 27.893845730376988 ], [ 85.144604778742362, 27.893632030173269 ], [ 85.14460997184274, 27.893588111626027 ], [ 85.144630273568907, 27.893361701307551 ], [ 85.144632661874397, 27.893322680631751 ], [ 85.144639259409857, 27.892993010862494 ], [ 85.144638287673502, 27.892947016636843 ], [ 85.144602279863932, 27.892488754021361 ], [ 85.144596626961189, 27.89244732014749 ], [ 85.144486107613616, 27.891911008676395 ], [ 85.144475665163171, 27.891873347632608 ], [ 85.144263318711992, 27.891284590574081 ], [ 85.144247973402997, 27.891250323582724 ], [ 85.144095460546879, 27.890943479559269 ], [ 85.144074388026539, 27.890905019225976 ], [ 85.143925543811434, 27.890653767680586 ], [ 85.143910659846398, 27.890630453901561 ], [ 85.143610658066748, 27.890217826622752 ], [ 85.143551829119588, 27.889321812101191 ], [ 85.143550679952696, 27.889277721231291 ], [ 85.143537926257238, 27.889046004786465 ], [ 85.143531778351843, 27.888972894516627 ], [ 85.143501165421668, 27.888711542121346 ], [ 85.143490837459908, 27.888642860843046 ], [ 85.143436776157174, 27.888354744136109 ], [ 85.143422198657646, 27.888290042379118 ], [ 85.14336010895849, 27.8880489835893 ], [ 85.143326404642139, 27.887932860071786 ], [ 85.143263086179928, 27.887733709481431 ], [ 85.143246600761984, 27.887686064068419 ], [ 85.143184249049341, 27.887517704602587 ], [ 85.143167149980883, 27.887474417092218 ], [ 85.143084399884856, 27.887279456894387 ], [ 85.143066092820689, 27.887239168268877 ], [ 85.142958101255559, 27.887018631150049 ], [ 85.142938698443061, 27.886981728274161 ], [ 85.142800623601644, 27.886738542981359 ], [ 85.142779991138354, 27.886704778571026 ], [ 85.142606469117482, 27.886442331823268 ], [ 85.142584527057934, 27.886411570324018 ], [ 85.142393486982797, 27.886162544676225 ], [ 85.142361880775724, 27.88612416504326 ], [ 85.14216770928148, 27.885903134932338 ], [ 85.142134323040366, 27.885867472978116 ], [ 85.141909318084629, 27.885642803509707 ], [ 85.141874946882751, 27.885610704729871 ], [ 85.141605433194314, 27.88537700893562 ], [ 85.141570648873468, 27.885349008071756 ], [ 85.141266801389094, 27.885122955174893 ], [ 85.141238587655778, 27.885103577558013 ], [ 85.140946247550715, 27.884917113854979 ], [ 85.140915514750716, 27.884898942198106 ], [ 85.14066572562254, 27.884761574389593 ], [ 85.137719200301646, 27.882517201348914 ], [ 85.13632826136687, 27.880989873822248 ], [ 85.135913452750188, 27.880586919545781 ], [ 85.135448603468802, 27.880186907582278 ], [ 85.135381840219594, 27.879876190333523 ], [ 85.135370400918234, 27.879839035031111 ], [ 85.135048336561383, 27.879073476445043 ], [ 85.135029162059624, 27.8790380629266 ], [ 85.134796408808953, 27.878671663566745 ], [ 85.134777819414282, 27.878637330795843 ], [ 85.134760972670435, 27.878615879790967 ], [ 85.134702649338848, 27.878524066988508 ], [ 85.134671746365257, 27.878482093464051 ], [ 85.134481341256702, 27.878241034690475 ], [ 85.134408578955544, 27.878155027821531 ], [ 85.134402321397644, 27.878159207956301 ], [ 85.134362077162407, 27.878107964432477 ], [ 85.134348231652325, 27.878078577569511 ], [ 85.134305582150347, 27.878036028586386 ], [ 85.133846998876777, 27.877452104584336 ], [ 85.133817001782916, 27.87742462335105 ], [ 85.133786945794455, 27.877397089061056 ], [ 85.133407159360715, 27.877129865928222 ], [ 85.133403055417574, 27.877072299093225 ], [ 85.133589981576392, 27.876117902807152 ], [ 85.133591838007646, 27.876009630992581 ], [ 85.13335577665184, 27.874579497120497 ], [ 85.133143813674323, 27.874206281083978 ], [ 85.133132024249193, 27.87412723170074 ], [ 85.13299198622822, 27.873852829243127 ], [ 85.132943736736706, 27.873657969482078 ], [ 85.132914205082827, 27.873603421049236 ], [ 85.132654168208063, 27.873190873819066 ], [ 85.132517725431185, 27.872923511549871 ], [ 85.132458198617499, 27.872841482474279 ], [ 85.131941209235734, 27.872244974164467 ], [ 85.131911243046915, 27.872215799941152 ], [ 85.131661642631983, 27.872031877309436 ], [ 85.131480068859204, 27.871860396959608 ], [ 85.131197249715044, 27.871613380036944 ], [ 85.131078889865108, 27.87151778560683 ], [ 85.131016337142881, 27.871468096711958 ], [ 85.130870665226581, 27.871354291744982 ], [ 85.130743126956219, 27.871257919035568 ], [ 85.130624767959603, 27.871171429312884 ], [ 85.129987282129363, 27.870774265820188 ], [ 85.129814298168014, 27.870683222462556 ], [ 85.129610638602969, 27.870602867147458 ], [ 85.129378891000655, 27.87047129751528 ], [ 85.129307132941065, 27.870398085357003 ], [ 85.128274847318892, 27.869762110307576 ], [ 85.128079104259712, 27.869671067245839 ], [ 85.127312503091474, 27.869473759668569 ], [ 85.125663867414971, 27.868505250611779 ], [ 85.125046639757045, 27.868195370308847 ], [ 85.122624065954682, 27.867170277613287 ], [ 85.122469669239663, 27.867055418120167 ], [ 85.122448660976502, 27.867036167223887 ], [ 85.122388678253742, 27.866981202075802 ], [ 85.122358686915035, 27.86695371949293 ], [ 85.122211738687966, 27.866863536383494 ], [ 85.122180772747257, 27.866840499787521 ], [ 85.122045661254873, 27.866711639818604 ], [ 85.12196154944003, 27.866677412357468 ], [ 85.121847455487526, 27.866592533836169 ], [ 85.121700450987163, 27.866457824350753 ], [ 85.121060319022746, 27.866156891494619 ], [ 85.120728680450242, 27.865953356138942 ], [ 85.120558056578332, 27.86592076940606 ], [ 85.120503571164122, 27.865895154695352 ], [ 85.12041251694906, 27.865831067175865 ], [ 85.120299061793062, 27.865787479360147 ], [ 85.120180690626995, 27.86569755136119 ], [ 85.120010229991905, 27.865541342082295 ], [ 85.11991800396423, 27.865497984118441 ], [ 85.119758917222583, 27.865377122872005 ], [ 85.119756511012653, 27.86537614084078 ], [ 85.119619585201292, 27.865272115184382 ], [ 85.119472558694767, 27.864889460777842 ], [ 85.119155210028751, 27.864496947375748 ], [ 85.1191506397533, 27.864488309388911 ], [ 85.118980128909939, 27.864105977373768 ], [ 85.118782366874569, 27.863869501332871 ], [ 85.118506067210348, 27.863401536452113 ], [ 85.118505188552049, 27.863401946188194 ], [ 85.118471149091746, 27.863195533908222 ], [ 85.11844209501588, 27.863113915019664 ], [ 85.118237697942263, 27.862727583109443 ], [ 85.118092055447079, 27.86213901741052 ], [ 85.118062534186052, 27.862084467127758 ], [ 85.117687358598133, 27.861606555577872 ], [ 85.117540596838651, 27.860921448159946 ], [ 85.117504174318569, 27.860839508307549 ], [ 85.117406377515337, 27.860636226987538 ], [ 85.117798754999399, 27.859959438620645 ], [ 85.117916321271267, 27.859649983142582 ], [ 85.11795788998829, 27.859567822293297 ], [ 85.117976874762192, 27.859521852257792 ], [ 85.118060038029327, 27.859273458273613 ], [ 85.11806544400811, 27.859274973925611 ], [ 85.118175313831273, 27.858965430625425 ], [ 85.118410198779301, 27.857559993921083 ], [ 85.118141659186449, 27.856159326834049 ], [ 85.117396345235377, 27.854902336087228 ], [ 85.116248183730605, 27.853913675415324 ], [ 85.115712191515996, 27.853579687067601 ], [ 85.11357493015916, 27.852815334443925 ], [ 85.113327939912551, 27.852781336292935 ], [ 85.111812685563009, 27.852776156136471 ], [ 85.110363210594301, 27.853168700436068 ], [ 85.109915767949005, 27.853358635053958 ], [ 85.109449670737632, 27.853410510231821 ], [ 85.109376572619936, 27.853421755674503 ], [ 85.108982109551931, 27.853496899015528 ], [ 85.108941255804297, 27.853506204687037 ], [ 85.1086901234236, 27.85357248850049 ], [ 85.10829231748879, 27.853636871943102 ], [ 85.108291575214949, 27.853636745163321 ], [ 85.108256252360633, 27.853633171532973 ], [ 85.107602731900428, 27.853604773648666 ], [ 85.107518668929771, 27.853605942108963 ], [ 85.107517593992867, 27.853605939633194 ], [ 85.107475805048594, 27.853606674815786 ], [ 85.107373161784949, 27.85358082622589 ], [ 85.107332767541138, 27.853572263408502 ], [ 85.106954099607293, 27.853505406671061 ], [ 85.106915980767212, 27.85350000653267 ], [ 85.106480438992392, 27.853455344747594 ], [ 85.106443929006701, 27.853453015108489 ], [ 85.105963853249392, 27.853442622080394 ], [ 85.105928596048514, 27.853443341805114 ], [ 85.105813533096892, 27.853447957272525 ], [ 85.105780659157105, 27.853439818474179 ], [ 85.105640817397941, 27.853433991974267 ], [ 85.105640810297317, 27.853434125893397 ], [ 85.105583456984235, 27.853431635552845 ], [ 85.104718494728942, 27.853203384332872 ], [ 85.104311951841979, 27.853201938005444 ], [ 85.104215103808031, 27.853177952286376 ], [ 85.103871850946291, 27.853031461919912 ], [ 85.103785361783196, 27.853008701186109 ], [ 85.102344111132624, 27.852823046909425 ], [ 85.10228038153906, 27.852823047275109 ], [ 85.100791259362808, 27.853021545723735 ], [ 85.100751736057163, 27.85303232475324 ], [ 85.10003042283347, 27.853345913632928 ], [ 85.099273726112813, 27.8534303406798 ], [ 85.099042399706931, 27.853471562192752 ], [ 85.098834914459317, 27.853446187064367 ], [ 85.098783780144771, 27.853442587100968 ], [ 85.098215893525861, 27.853430941842639 ], [ 85.098158998528433, 27.853432606625024 ], [ 85.097763257217906, 27.853457974921145 ], [ 85.097696476316784, 27.85346459578572 ], [ 85.097433240467765, 27.853496913837311 ], [ 85.097361259214011, 27.853507464339323 ], [ 85.097223231073428, 27.853529440095777 ], [ 85.097094418915347, 27.853551584646969 ], [ 85.097037423250541, 27.853561684101518 ], [ 85.09694392614216, 27.85357874663211 ], [ 85.096548905125019, 27.853665633993188 ], [ 85.096515427518881, 27.85367427695569 ], [ 85.096144974126801, 27.853783812235356 ], [ 85.096115469689863, 27.853793671416465 ], [ 85.095876918917241, 27.85387958117829 ], [ 85.095817003883369, 27.853902746959609 ], [ 85.095677507901271, 27.853958921209674 ], [ 85.095518678068018, 27.854025465351249 ], [ 85.095518936394626, 27.854025952459573 ], [ 85.095330566070501, 27.854101186858276 ], [ 85.095310310326212, 27.854110362265583 ], [ 85.094928747909393, 27.854307666821526 ], [ 85.094781698361629, 27.854138203562574 ], [ 85.094765703688068, 27.854123305815634 ], [ 85.094174576185821, 27.853668403913236 ], [ 85.094039955947579, 27.853496058175761 ], [ 85.093457149461941, 27.852895496736849 ], [ 85.093449491407853, 27.852881608427172 ], [ 85.093396692877945, 27.852833197904417 ], [ 85.093345838838317, 27.852780794120243 ], [ 85.09329269284666, 27.852736416026627 ], [ 85.093062108684194, 27.852419110431509 ], [ 85.093032128944273, 27.852391621074592 ], [ 85.093002031467464, 27.852364025578268 ], [ 85.092647671684404, 27.852146420156931 ], [ 85.092344080921677, 27.851868054193144 ], [ 85.09213494852392, 27.851769670667789 ], [ 85.091964621452178, 27.851627442488692 ], [ 85.09177378535388, 27.85143136654494 ], [ 85.091752531296507, 27.851411056726292 ], [ 85.091502402227661, 27.851188165508226 ], [ 85.091432764747665, 27.851130297012872 ], [ 85.091362890862058, 27.851073309899768 ], [ 85.091294564495598, 27.851018620816593 ], [ 85.091127322656959, 27.850890501717203 ], [ 85.09106449762038, 27.850844451248598 ], [ 85.090849990268339, 27.850695621305288 ], [ 85.090789895607045, 27.850656183869489 ], [ 85.090525817759726, 27.850494089562631 ], [ 85.090467517530968, 27.850460672811014 ], [ 85.090121535397088, 27.850279174735221 ], [ 85.090052566714093, 27.850246193089301 ], [ 85.089776489266242, 27.850123636725996 ], [ 85.089671863493763, 27.850080671670739 ], [ 85.089565288469373, 27.850038221471188 ], [ 85.089475824450034, 27.850003679595723 ], [ 85.089329159125057, 27.849949460715237 ], [ 85.089239159020096, 27.849917648440211 ], [ 85.089088235759888, 27.849866756555148 ], [ 85.088997986147646, 27.849837774409163 ], [ 85.088842133967631, 27.849790252184484 ], [ 85.088751893302813, 27.849764183160794 ], [ 85.088590382056296, 27.84972015248561 ], [ 85.088500425080781, 27.849697077096806 ], [ 85.088333077227645, 27.8496568878052 ], [ 85.088243601136995, 27.849636850294516 ], [ 85.088069283532093, 27.849600705769443 ], [ 85.087980499605294, 27.849583757795575 ], [ 85.08779905863031, 27.849552183362459 ], [ 85.087711158143748, 27.84953835916124 ], [ 85.08752748077373, 27.849512546469043 ], [ 85.08741674167257, 27.849498826877561 ], [ 85.087229691259964, 27.849478790623976 ], [ 85.087121019136546, 27.849468964713267 ], [ 85.086923990199054, 27.84945458890132 ], [ 85.086817713513398, 27.849448683790399 ], [ 85.086609487689131, 27.849440923958166 ], [ 85.086505847792353, 27.849438954729948 ], [ 85.08628588520186, 27.849439012081358 ], [ 85.086185145029546, 27.849440978778183 ], [ 85.085952656146944, 27.849450260236928 ], [ 85.085854922326035, 27.849456159831579 ], [ 85.08560977489914, 27.849476276275123 ], [ 85.085515189709881, 27.849486099016808 ], [ 85.085257555832612, 27.849518824466529 ], [ 85.085166231164891, 27.849532556574612 ], [ 85.084966292447675, 27.849566297891119 ], [ 85.084877789093156, 27.849582873830578 ], [ 85.084727236654345, 27.849613203104546 ], [ 85.08465855554411, 27.849628018538521 ], [ 85.084237358579784, 27.849376230305396 ], [ 85.084206776675387, 27.849360588226965 ], [ 85.083540749953926, 27.849075151637397 ], [ 85.083508414582028, 27.849063792503653 ], [ 85.082703945262637, 27.848847678678087 ], [ 85.082673736796437, 27.848841937868514 ], [ 85.081570351064059, 27.84874237138785 ], [ 85.081544131004918, 27.848742564443707 ], [ 85.080744593576483, 27.848835599203721 ], [ 85.079984411019751, 27.848311851222959 ], [ 85.078827439281113, 27.847772872237599 ], [ 85.077710368741052, 27.84739379983985 ], [ 85.076524533644047, 27.8472575021075 ], [ 85.075671568916619, 27.84724950424858 ], [ 85.07444637368809, 27.847371083157046 ], [ 85.072786438570319, 27.847721072412547 ], [ 85.072088068888263, 27.847916553222806 ], [ 85.070635712967757, 27.848428064018961 ], [ 85.070633080875126, 27.848428889052279 ], [ 85.070430439874855, 27.848496763758451 ], [ 85.07030273468709, 27.848542326609202 ], [ 85.070171666637165, 27.848591497338745 ], [ 85.070150324348219, 27.848599013953546 ], [ 85.07009062420903, 27.84861092475926 ], [ 85.070053514456845, 27.848619976127413 ], [ 85.069783736260035, 27.848692997403468 ], [ 85.068886755816692, 27.848960196993495 ], [ 85.068861821116883, 27.848962743265869 ], [ 85.068754612107725, 27.848974720237248 ], [ 85.068628298520878, 27.848990046951926 ], [ 85.068545381960476, 27.849000728188024 ], [ 85.068467551282652, 27.849011337822155 ], [ 85.06829303817085, 27.849037903447357 ], [ 85.068218271312503, 27.849050481691279 ], [ 85.068032806536351, 27.849084881354763 ], [ 85.068012616949503, 27.849088976941935 ], [ 85.067789526308545, 27.849090418078699 ], [ 85.06772424011173, 27.849092478945447 ], [ 85.067630599944223, 27.849098203904326 ], [ 85.067613467711766, 27.849095226289972 ], [ 85.067590319472657, 27.849092244260881 ], [ 85.067064202853544, 27.849049162895028 ], [ 85.067041876759177, 27.849048372634048 ], [ 85.066439703187555, 27.849058841982853 ], [ 85.066419226036786, 27.84906028134094 ], [ 85.065518605794978, 27.849196896310218 ], [ 85.065496483816375, 27.849202109100787 ], [ 85.0645773014909, 27.849505803032063 ], [ 85.06455444059084, 27.849515684539771 ], [ 85.063877844283496, 27.849868001722978 ], [ 85.063854374318012, 27.8498824969443 ], [ 85.063366109754014, 27.85022532857181 ], [ 85.06334224313629, 27.850244309658052 ], [ 85.063166808430694, 27.850398409317322 ], [ 85.062626857441145, 27.850725945076423 ], [ 85.062591973708578, 27.85075049285096 ], [ 85.062589801214259, 27.850752227811331 ], [ 85.062539943684826, 27.850764418904507 ], [ 85.062511773994913, 27.850772482841549 ], [ 85.062061138597784, 27.850922791030658 ], [ 85.061948926664726, 27.850965717224661 ], [ 85.061569342644248, 27.851127828615468 ], [ 85.061533046244932, 27.851145012066137 ], [ 85.060983363292294, 27.851446636258597 ], [ 85.060966444793905, 27.851457298278547 ], [ 85.060606537938739, 27.851714752356532 ], [ 85.060339587012166, 27.851815948440059 ], [ 85.060210533165275, 27.851684899700317 ], [ 85.060109582234475, 27.851590524097734 ], [ 85.059810886003433, 27.851217029839059 ], [ 85.059789652627174, 27.851193570538388 ], [ 85.059498934358786, 27.850899471672118 ], [ 85.059473645654435, 27.850876023860064 ], [ 85.059303055856688, 27.850725177591602 ], [ 85.059257169632488, 27.850686481734048 ], [ 85.059047324695342, 27.850519112708387 ], [ 85.059020185909432, 27.850498647571104 ], [ 85.058873397108002, 27.850399365326918 ], [ 85.058842104714174, 27.850369897738101 ], [ 85.058616991446669, 27.850186887280937 ], [ 85.056819007869336, 27.849242634698754 ], [ 85.054766972292143, 27.848625030592373 ], [ 85.053996254310022, 27.84828681836651 ], [ 85.053970764591554, 27.84827899275955 ], [ 85.052917481101446, 27.848063813709143 ], [ 85.052887417195677, 27.848060611587144 ], [ 85.052424829969794, 27.848041723330709 ], [ 85.052304514348222, 27.848024688602305 ], [ 85.051885807779669, 27.847824928941751 ], [ 85.051841578363025, 27.847806226339067 ], [ 85.051579026297503, 27.847703191282186 ], [ 85.051507809824642, 27.84767735612547 ], [ 85.051382429335575, 27.847633587794686 ], [ 85.051302256748258, 27.847606686562514 ], [ 85.051031093422012, 27.847523402671023 ], [ 85.050956106191293, 27.847502460307286 ], [ 85.050630138223028, 27.847421928782317 ], [ 85.050559448226849, 27.847406700804864 ], [ 85.050172788512327, 27.84733742276385 ], [ 85.050106167055603, 27.84732786352048 ], [ 85.050098323047393, 27.847327058202787 ], [ 85.050009454684556, 27.847283253374837 ], [ 85.049915480421063, 27.847240937283118 ], [ 85.049589937044843, 27.847106977550784 ], [ 85.049490270387892, 27.847069707528277 ], [ 85.049169203134682, 27.84696086131714 ], [ 85.04906514905106, 27.846929127765549 ], [ 85.048743146834056, 27.846841424739448 ], [ 85.048636563165076, 27.846815799890951 ], [ 85.048578694511463, 27.846804988855883 ], [ 85.048525027591353, 27.846785693628863 ], [ 85.048447452188725, 27.846761644980205 ], [ 85.048114146695085, 27.846669614252921 ], [ 85.048035826678515, 27.846650586917608 ], [ 85.04787494537247, 27.846614004821024 ], [ 85.04769658601046, 27.846576200167757 ], [ 85.047494014305002, 27.846533307396541 ], [ 85.047346655893293, 27.8465041568377 ], [ 85.047248279739676, 27.846486056251504 ], [ 85.047144478683563, 27.846467957851839 ], [ 85.047047582183154, 27.846451993419898 ], [ 85.04693939222534, 27.846435242181972 ], [ 85.046843919701473, 27.846421404093341 ], [ 85.046829251791294, 27.846419427964726 ], [ 85.046787100758593, 27.846401750335939 ], [ 85.046737345304564, 27.846382328962818 ], [ 85.046472040219641, 27.846286610295646 ], [ 85.046422399606811, 27.846270134237521 ], [ 85.046137238385498, 27.846183965414571 ], [ 85.04608795593856, 27.846170509404462 ], [ 85.045780031449667, 27.846095766362851 ], [ 85.045731398115166, 27.84608541032155 ], [ 85.045398604536871, 27.846024932940821 ], [ 85.045350857994364, 27.846017726255226 ], [ 85.045007362461519, 27.845976549368896 ], [ 85.044951308823613, 27.845971554947102 ], [ 85.04461686696402, 27.845951642270606 ], [ 85.044560967163534, 27.845949959161572 ], [ 85.044211850482895, 27.845950125044745 ], [ 85.044157789957026, 27.845951804212344 ], [ 85.043778453677263, 27.845976259665161 ], [ 85.043727477893583, 27.845981258306246 ], [ 85.043310150746279, 27.846037879785143 ], [ 85.043273199910516, 27.846044300915871 ], [ 85.042872247045835, 27.84612913119113 ], [ 85.042834977054937, 27.846138452663844 ], [ 85.042466016460438, 27.84624440645041 ], [ 85.042428439530028, 27.846256624834108 ], [ 85.042093236792581, 27.84637782696549 ], [ 85.042055369202984, 27.846392938887824 ], [ 85.041754331045766, 27.846523854443188 ], [ 85.041716184039117, 27.846541854656035 ], [ 85.041447870141951, 27.846677921665748 ], [ 85.041409466243294, 27.846698798764038 ], [ 85.041171303721526, 27.846836554841424 ], [ 85.041132663396795, 27.846860299195516 ], [ 85.040922089046404, 27.846996931184446 ], [ 85.040883234891851, 27.847023527779896 ], [ 85.040696937191626, 27.847157394882668 ], [ 85.040657832041433, 27.847186877490351 ], [ 85.040493137146669, 27.847316605762813 ], [ 85.040453876609192, 27.847348908062099 ], [ 85.040308174963513, 27.847473669797949 ], [ 85.040268793049194, 27.847508763398288 ], [ 85.040139510250981, 27.847628282133723 ], [ 85.040124206143886, 27.847642960982821 ], [ 85.040061654595064, 27.847689225871019 ], [ 85.040042781200896, 27.847704750579645 ], [ 85.039654683475703, 27.848061133285384 ], [ 85.039638079532892, 27.848078161179192 ], [ 85.039547532012094, 27.848182211310935 ], [ 85.039364810449257, 27.848178599815952 ], [ 85.039296399885814, 27.848179300564958 ], [ 85.038995780135551, 27.848190306144762 ], [ 85.038937093995429, 27.848194005727077 ], [ 85.038553188460014, 27.848231297798399 ], [ 85.038500320305516, 27.848238251130624 ], [ 85.038044119375073, 27.848317372553844 ], [ 85.037996244258707, 27.848327718623711 ], [ 85.037627985024059, 27.848420502487514 ], [ 85.037585619550214, 27.848432728082738 ], [ 85.037300985860938, 27.84852327893158 ], [ 85.037264193872275, 27.848536094515644 ], [ 85.037076974742419, 27.848608437458292 ], [ 85.037031868205247, 27.848466638194079 ], [ 85.036461806025372, 27.847676402015658 ], [ 85.036450666679684, 27.847646632116771 ], [ 85.036435597827762, 27.847609542650538 ], [ 85.036317182735516, 27.847344600640522 ], [ 85.03630089884507, 27.847311276027714 ], [ 85.036129830576456, 27.846995379633704 ], [ 85.036112485488943, 27.84696629854918 ], [ 85.035867847725029, 27.846599204541647 ], [ 85.035849350646004, 27.846574223093668 ], [ 85.035503839769106, 27.846161018501348 ], [ 85.035484143117955, 27.846140073725298 ], [ 85.034985282393848, 27.845680129877543 ], [ 85.034969005684175, 27.845667108516551 ], [ 85.03437333426335, 27.84525739616625 ], [ 85.034354487519309, 27.845246317185996 ], [ 85.034092730544486, 27.845114160759501 ], [ 85.033813365034831, 27.844922178655818 ], [ 85.033741933581112, 27.844879407848694 ], [ 85.033484326769496, 27.844734955137366 ], [ 85.03344712177028, 27.844715454397402 ], [ 85.032956952639012, 27.844489524824549 ], [ 85.032916452440887, 27.84447327721368 ], [ 85.032453810582524, 27.844312066742084 ], [ 85.031694334154295, 27.843934858805738 ], [ 85.030815750149827, 27.843591014585765 ], [ 85.030714914931195, 27.84350539235885 ], [ 85.030681553268323, 27.843478493354166 ], [ 85.030388441870315, 27.843259494174358 ], [ 85.030328234424488, 27.843217851154563 ], [ 85.029987487765041, 27.843001617666921 ], [ 85.029918631266554, 27.842961626984675 ], [ 85.02961979536758, 27.842800831332234 ], [ 85.029540968029963, 27.842761645628805 ], [ 85.029303534513105, 27.842650830297096 ], [ 85.02927182964504, 27.842636970002918 ], [ 85.029202528659042, 27.842583952211111 ], [ 85.029159714041867, 27.842552428142142 ], [ 85.028987578463088, 27.842431170765813 ], [ 85.028945885577656, 27.842403084740372 ], [ 85.028745878081381, 27.842275026626059 ], [ 85.028704875485829, 27.842250095423317 ], [ 85.028519747608371, 27.842142714407277 ], [ 85.028444641604807, 27.842101194312587 ], [ 85.028310278584215, 27.842029449032552 ], [ 85.028263324149663, 27.8420052460168 ], [ 85.028444802427117, 27.841455118129179 ], [ 85.028695440726182, 27.839805964849464 ], [ 85.028743964453767, 27.839581273185136 ], [ 85.028755312720662, 27.83951080257134 ], [ 85.028798453159581, 27.839125877588923 ], [ 85.02880323833962, 27.839050557295995 ], [ 85.028804006227432, 27.839014646162905 ], [ 85.028818059661816, 27.838879427836662 ], [ 85.028870456961101, 27.837948009957746 ], [ 85.028934240365984, 27.837639750541534 ], [ 85.028941784985491, 27.837592151326437 ], [ 85.028981147524476, 27.837249670060324 ], [ 85.028984775974578, 27.837199065695096 ], [ 85.028995018926949, 27.836895260196435 ], [ 85.028994790849637, 27.836840880846601 ], [ 85.028991970085542, 27.836761353126146 ], [ 85.029077760833047, 27.83636218768665 ], [ 85.029087109077537, 27.836301175861909 ], [ 85.029126534232219, 27.835929284939212 ], [ 85.029129586250733, 27.835877706704427 ], [ 85.029126995856402, 27.835363391200779 ], [ 85.029123899373062, 27.835318694744338 ], [ 85.029017236855168, 27.834635874677712 ], [ 85.029007923483022, 27.834597862285928 ], [ 85.028947566646522, 27.834426870870608 ], [ 85.028947859360059, 27.834229058787024 ], [ 85.028946732346725, 27.834198179864611 ], [ 85.028899877178432, 27.833715742036276 ], [ 85.028894860492613, 27.833684053102058 ], [ 85.028801556958754, 27.833249985426455 ], [ 85.028792603942037, 27.833217150098978 ], [ 85.028671984187937, 27.832845250728102 ], [ 85.028658917803654, 27.832810619415724 ], [ 85.028653049836691, 27.832797122857578 ], [ 85.028605453297189, 27.832558844684254 ], [ 85.028592553509526, 27.832504275250812 ], [ 85.028523280062174, 27.832248521801336 ], [ 85.028506211283613, 27.832192707883337 ], [ 85.028426750092024, 27.831958211298474 ], [ 85.028405548520496, 27.831901286066802 ], [ 85.028318767975733, 27.831686628504194 ], [ 85.028293458605674, 27.831628670821988 ], [ 85.028201250170241, 27.831431481126302 ], [ 85.028171949607611, 27.831372780533083 ], [ 85.028075883508322, 27.831191312239564 ], [ 85.028042720236826, 27.83113211873664 ], [ 85.027943162992443, 27.830963437707211 ], [ 85.027906343335445, 27.830904131458126 ], [ 85.027753851164732, 27.830674786761392 ], [ 85.027704918426039, 27.830605919173578 ], [ 85.027649139155926, 27.830533246637373 ], [ 85.027544727073902, 27.830307362781454 ], [ 85.027471926157006, 27.830106270366887 ], [ 85.027445084467772, 27.830044172773757 ], [ 85.027384492104204, 27.829921397543057 ], [ 85.02730575897327, 27.829606736045644 ], [ 85.0272901636624, 27.829553752381035 ], [ 85.027191616753115, 27.829260066826134 ], [ 85.027171020831844, 27.829205523525253 ], [ 85.027064743928378, 27.828949932075233 ], [ 85.027038790118212, 27.828892874645234 ], [ 85.027037526752409, 27.828890279191342 ], [ 85.026906749730742, 27.828368385889942 ], [ 85.026703724811412, 27.827774391734902 ], [ 85.0263057324957, 27.826929676225404 ], [ 85.025439688037181, 27.825514701733905 ], [ 85.025215358367134, 27.82518292362122 ], [ 85.024883919751417, 27.824737221430826 ], [ 85.02477012836161, 27.82454679756615 ], [ 85.024725154427259, 27.824476941563685 ], [ 85.024549244797655, 27.824223495217112 ], [ 85.024506841534162, 27.824166686536731 ], [ 85.024469723552016, 27.824119594437889 ], [ 85.024477239046035, 27.823800609329872 ], [ 85.024476267853316, 27.823781986951971 ], [ 85.024401073061, 27.823189838708661 ], [ 85.024397571876477, 27.823172587031809 ], [ 85.024179254444917, 27.822448025211276 ], [ 85.024173626404931, 27.822434100189415 ], [ 85.023933538363892, 27.822047558008908 ], [ 85.02389933816049, 27.821930320293394 ], [ 85.023827377467597, 27.821776612594533 ], [ 85.023784276693561, 27.821634240585738 ], [ 85.023765794878045, 27.82141665791573 ], [ 85.023710837353605, 27.821420347802079 ], [ 85.023689588801489, 27.82120556000686 ], [ 85.023747533378, 27.821201669503168 ], [ 85.023743173669857, 27.821150343972278 ], [ 85.023630245070663, 27.820605690381015 ], [ 85.023613532669074, 27.820436754210085 ], [ 85.023604305898814, 27.820406779039565 ], [ 85.023567059968741, 27.820300946997254 ], [ 85.023546830495675, 27.820203379746072 ], [ 85.023388456609467, 27.81973016422732 ], [ 85.023355457998122, 27.819616918159809 ], [ 85.02334421751344, 27.819584254622569 ], [ 85.023196191432106, 27.819212903461473 ], [ 85.023181262293335, 27.819180078792556 ], [ 85.023014373539922, 27.818851554449299 ], [ 85.022995599756854, 27.818818216254193 ], [ 85.022824330140566, 27.818539101976324 ], [ 85.022801342054407, 27.81850458977209 ], [ 85.022724035491663, 27.818397851329003 ], [ 85.022654467026825, 27.81816984993991 ], [ 85.022602112532113, 27.818054320753994 ], [ 85.022525537058655, 27.817777640875367 ], [ 85.022519416901432, 27.817760817301124 ], [ 85.022313768019572, 27.817288042486819 ], [ 85.022305993597769, 27.817272778999893 ], [ 85.021995660630907, 27.816755762620524 ], [ 85.021975254319997, 27.816726513365374 ], [ 85.021624100818968, 27.816284717018938 ], [ 85.021597336104676, 27.816254998460725 ], [ 85.021266630184186, 27.815922700728059 ], [ 85.021233617338254, 27.815892646174809 ], [ 85.020933534684318, 27.815640804278193 ], [ 85.020894516452003, 27.815610629260139 ], [ 85.020655518805697, 27.815443317287645 ], [ 85.020576956845588, 27.81517205138864 ], [ 85.020570676838958, 27.815156117967721 ], [ 85.020202274734601, 27.814463708896177 ], [ 85.020073617301492, 27.814119644361337 ], [ 85.020063287896093, 27.81409944563174 ], [ 85.019811659567154, 27.81367014308611 ], [ 85.019793379134427, 27.81364266124509 ], [ 85.019693012637575, 27.813505795559671 ], [ 85.01980162434478, 27.813412544173371 ], [ 85.02074306860564, 27.812308495436316 ], [ 85.021263306645054, 27.811002489920462 ], [ 85.021313289409107, 27.809617698730694 ], [ 85.02126927464613, 27.809298699572299 ], [ 85.020474809979035, 27.807372277517114 ], [ 85.020271803101537, 27.807097283406904 ], [ 85.019793799251133, 27.806626619471476 ], [ 85.019575950069253, 27.8059621885198 ], [ 85.019014921461945, 27.805046205019117 ], [ 85.018259147189397, 27.804116966620981 ], [ 85.017264329147054, 27.803387177672516 ], [ 85.016081351068067, 27.802724201813721 ], [ 85.015195644068143, 27.802329483029204 ], [ 85.013536043667187, 27.801762504820022 ], [ 85.011696283259312, 27.800912515406498 ], [ 85.010648035887868, 27.800552868045802 ], [ 85.008678960822337, 27.800092149024625 ], [ 85.006955256736475, 27.798336174832237 ], [ 85.005107687929538, 27.797147130393462 ], [ 85.00294675146688, 27.796335164403512 ], [ 85.001347893326255, 27.795991779324957 ], [ 84.999709531130378, 27.796121293717828 ], [ 84.997678609545233, 27.796585279426967 ], [ 84.996538236184975, 27.796981424939069 ], [ 84.995210273595433, 27.797616403916845 ], [ 84.994642166063301, 27.797932751491 ], [ 84.994390382371648, 27.798094482333848 ], [ 84.993766942568314, 27.797913699347028 ], [ 84.992453735343631, 27.797697315530986 ], [ 84.991122532253868, 27.797793158628053 ], [ 84.989852582431752, 27.798037151478802 ], [ 84.988460298019476, 27.798503047562264 ], [ 84.987279806717765, 27.799308009988415 ], [ 84.98700649585146, 27.79955890817978 ], [ 84.986187018824907, 27.798966102432399 ], [ 84.98454804754428, 27.798023136436061 ], [ 84.983194436476467, 27.797475212659194 ], [ 84.981720322003326, 27.79729987255438 ], [ 84.981567501899832, 27.79730179274689 ], [ 84.979671972182686, 27.79654721754844 ], [ 84.978064861961556, 27.796172490529525 ], [ 84.976491925444719, 27.796043499160763 ], [ 84.974633211646221, 27.796197773738687 ], [ 84.971789319295695, 27.796919750979775 ], [ 84.97123808802418, 27.797090748065763 ], [ 84.970178123478135, 27.797481735125739 ], [ 84.969053833814613, 27.798055926826148 ], [ 84.96812989963361, 27.798864766913429 ], [ 84.967434891287326, 27.799652746519104 ], [ 84.966522351865507, 27.80128262381665 ], [ 84.966283319465177, 27.802085613656647 ], [ 84.966218224624839, 27.802633815847432 ], [ 84.965843693401055, 27.802962380240253 ], [ 84.965007175679972, 27.803927314072311 ], [ 84.964491514528277, 27.80505609781541 ], [ 84.964290250449423, 27.805755763205362 ], [ 84.964128247887203, 27.805778991728396 ], [ 84.962690664549527, 27.806445810572527 ], [ 84.961753681090229, 27.807067790927171 ], [ 84.960961884339525, 27.80772093979482 ], [ 84.960543882287382, 27.808147928192771 ], [ 84.959742235157961, 27.809262100096436 ], [ 84.95936396642216, 27.810454579877863 ], [ 84.958603398268792, 27.811577418807715 ], [ 84.958219200619922, 27.812355853505046 ], [ 84.957060778851627, 27.811660630178373 ], [ 84.95614269558483, 27.811224201910825 ], [ 84.954481745459191, 27.810620227549176 ], [ 84.953108216910891, 27.810310807301452 ], [ 84.951692020360838, 27.810351149990577 ], [ 84.950775678285737, 27.810492776707541 ], [ 84.950489739393547, 27.810067618518541 ], [ 84.949640209339009, 27.809121114409333 ], [ 84.949148208967287, 27.808703126831503 ], [ 84.948214745068725, 27.808150693952754 ], [ 84.948108270402415, 27.80778688683246 ], [ 84.947389603967054, 27.806380898354266 ], [ 84.946109060809434, 27.804711500646427 ], [ 84.94523523441147, 27.8032951507411 ], [ 84.944771988632425, 27.802672664541038 ], [ 84.943759968903549, 27.801530692475431 ], [ 84.942277440388594, 27.800398483008088 ], [ 84.940423662978489, 27.799848541200248 ], [ 84.939446701741517, 27.799736547861912 ], [ 84.937734784406913, 27.799804172023759 ], [ 84.936642528381498, 27.79910437288596 ], [ 84.934968638082523, 27.797765651697485 ], [ 84.933950508233579, 27.797232406043836 ], [ 84.933752171839686, 27.797036182856573 ], [ 84.932983534018774, 27.796416789904484 ], [ 84.930838560427588, 27.795014837734346 ], [ 84.930069065339353, 27.79459996265151 ], [ 84.927489132255275, 27.7934740077343 ], [ 84.92685309534194, 27.793242526154053 ], [ 84.925729132754782, 27.79291054108749 ], [ 84.924792721603936, 27.792719206560974 ], [ 84.923529771652298, 27.79257121528833 ], [ 84.92232816998424, 27.792558069896099 ], [ 84.921156800742793, 27.792796630001895 ], [ 84.918631890679862, 27.793600603827425 ], [ 84.916943734662127, 27.79449828347591 ], [ 84.915009347703162, 27.796050142595533 ], [ 84.914927175127303, 27.796098849729496 ], [ 84.913475990928532, 27.796731834111601 ], [ 84.91139202911809, 27.798092791171591 ], [ 84.910507496909204, 27.798830288627581 ], [ 84.910294357140629, 27.799120834822258 ], [ 84.908553229376466, 27.79883763533989 ], [ 84.906870298956562, 27.798844638872552 ], [ 84.905429199364107, 27.799036721954081 ], [ 84.904108936091333, 27.799585140516257 ], [ 84.903018423935592, 27.800444653182442 ], [ 84.902752422108833, 27.800724645682514 ], [ 84.902318471102106, 27.801425317059685 ], [ 84.90054183272288, 27.801243268534812 ], [ 84.898361370881759, 27.801443717031681 ], [ 84.892564317579968, 27.803156214277355 ], [ 84.892124833459107, 27.803146905586246 ], [ 84.890650127469215, 27.803309219880735 ], [ 84.889793160160593, 27.803520213339297 ], [ 84.888292635048515, 27.804242543011167 ], [ 84.888212616362296, 27.804191021017424 ], [ 84.886375055991664, 27.803448603052118 ], [ 84.885862074956805, 27.803343608270719 ], [ 84.884636243448298, 27.803229317700783 ], [ 84.883415591904807, 27.803381244802885 ], [ 84.881224676127914, 27.803901228833311 ], [ 84.880858440354757, 27.804051640960225 ], [ 84.880310151785423, 27.803881791766756 ], [ 84.879633055990425, 27.803717740925059 ], [ 84.878702296408989, 27.803552721683783 ], [ 84.878496947213321, 27.802715258854317 ], [ 84.877784615558824, 27.80157105845883 ], [ 84.876893595838879, 27.800531083230631 ], [ 84.875807793816449, 27.799594615370957 ], [ 84.874095816864113, 27.798506652990959 ], [ 84.873397803013503, 27.798134414731923 ], [ 84.872305830978789, 27.797653433936638 ], [ 84.871526510445833, 27.79737888486828 ], [ 84.87028455317872, 27.797043900367175 ], [ 84.868648534046187, 27.796852018122785 ], [ 84.867926272139911, 27.796872722977795 ], [ 84.866251929516864, 27.796605589946296 ], [ 84.864813008087594, 27.796560599087705 ], [ 84.8634178218595, 27.796876900518885 ], [ 84.861978870242538, 27.797405883084725 ], [ 84.860656260360315, 27.79811896026153 ], [ 84.859636724390512, 27.799153284831593 ], [ 84.858467116595293, 27.80078787991626 ], [ 84.858189604237822, 27.801082337349861 ], [ 84.857549118912459, 27.802142807215255 ], [ 84.857343978786034, 27.802426527820337 ], [ 84.857305683904613, 27.802438547987169 ], [ 84.85585016645804, 27.802525960098052 ], [ 84.854774368896344, 27.802695405053719 ], [ 84.853258050772638, 27.803087779359515 ], [ 84.85267274237107, 27.802067696699048 ], [ 84.851999731616729, 27.801346714978187 ], [ 84.851334798137401, 27.800755664902475 ], [ 84.850088806329339, 27.799836694417653 ], [ 84.84946995547196, 27.799445860234634 ], [ 84.846701010351424, 27.79796091551367 ], [ 84.84538859798495, 27.797465159963139 ], [ 84.844018646971548, 27.797140175643985 ], [ 84.843083496475813, 27.796999912901683 ], [ 84.840212613142015, 27.79681192718893 ], [ 84.83801065712565, 27.797103255240103 ], [ 84.837181685866554, 27.797388245944511 ], [ 84.835810094751864, 27.798096082931892 ], [ 84.834865391971633, 27.799032763223991 ], [ 84.833913426054295, 27.798606289383844 ], [ 84.832284003007544, 27.798400860547332 ], [ 84.830666366932931, 27.798670052295343 ], [ 84.82923073565199, 27.799385537615233 ], [ 84.827651759342544, 27.800506502986718 ], [ 84.826667690007426, 27.80143631562893 ], [ 84.826015992252778, 27.802574063352871 ], [ 84.825748879909028, 27.803828608094765 ], [ 84.825777758017665, 27.804092857005624 ], [ 84.825648115543117, 27.803962216182125 ], [ 84.824250246636737, 27.802975480053608 ], [ 84.822554605234387, 27.802480259155871 ], [ 84.818977746066622, 27.802030285486548 ], [ 84.81731446684779, 27.80206602549498 ], [ 84.815753626105163, 27.802578314744043 ], [ 84.814463081454889, 27.80351205961156 ], [ 84.81288807543848, 27.805099016144858 ], [ 84.811872291509374, 27.806675316341799 ], [ 84.811465022034298, 27.8077769642871 ], [ 84.810834404848606, 27.808750925250102 ], [ 84.809868613622569, 27.809643009737147 ], [ 84.807671037691904, 27.811069038819486 ], [ 84.807054769299654, 27.810658799803392 ], [ 84.805307797256077, 27.809907974756687 ], [ 84.803371611348325, 27.809795141196634 ], [ 84.802746524232376, 27.809866082812587 ], [ 84.800395281101174, 27.809524663186057 ], [ 84.79763130138366, 27.808525842620817 ], [ 84.796847510174132, 27.808306459504866 ], [ 84.792368676131446, 27.807399505451798 ], [ 84.79092330085922, 27.80729577331174 ], [ 84.789503960133757, 27.807559833748488 ], [ 84.78822659297937, 27.808170116239186 ], [ 84.787037739973385, 27.808951338720149 ], [ 84.786047484318175, 27.808712453511401 ], [ 84.783972997849517, 27.808515184537978 ], [ 84.782872603783701, 27.807980174734656 ], [ 84.781499317531882, 27.806570024661763 ], [ 84.781065446777291, 27.806175987322984 ], [ 84.779421450048844, 27.804855027823209 ], [ 84.778113544946322, 27.804092909910949 ], [ 84.776606762252641, 27.803721171024591 ], [ 84.773873871360692, 27.80343818894341 ], [ 84.771655447346006, 27.803647557363256 ], [ 84.768953545651186, 27.804463531358827 ], [ 84.767854252117957, 27.804933162674264 ], [ 84.766912758014527, 27.805622502517011 ], [ 84.765051759948335, 27.807358453351299 ], [ 84.764321432245524, 27.808229230572056 ], [ 84.763846367749395, 27.809229995190297 ], [ 84.763179897414432, 27.811300810243115 ], [ 84.762298650077341, 27.810017221751423 ], [ 84.762004492055027, 27.808343567052564 ], [ 84.761105767764946, 27.80640001598077 ], [ 84.759067713403965, 27.803889073184823 ], [ 84.75872182634167, 27.803508293801073 ], [ 84.757190810397546, 27.801998334427687 ], [ 84.755970021708436, 27.801117720250151 ], [ 84.754341362579027, 27.80027694659875 ], [ 84.754337471404966, 27.799911777827919 ], [ 84.753904675295516, 27.798665761981166 ], [ 84.753089160858551, 27.797581901890162 ], [ 84.751959089727265, 27.796750773246938 ], [ 84.750608903312084, 27.796241829520611 ], [ 84.745533085327565, 27.795060887197824 ], [ 84.743999461070587, 27.79491943129204 ], [ 84.74248889033845, 27.795194220566643 ], [ 84.741742563113263, 27.795562770503146 ], [ 84.74126094141505, 27.795025645665014 ], [ 84.73923994084592, 27.793335696247745 ], [ 84.738197269577498, 27.792663375401755 ], [ 84.73539033354561, 27.791299428435575 ], [ 84.733157522832016, 27.790750485421817 ], [ 84.730073649280243, 27.790642497433122 ], [ 84.728638506075612, 27.790774856563747 ], [ 84.727303318109961, 27.79126120070201 ], [ 84.726176106756299, 27.792062182708353 ], [ 84.723738107377059, 27.794371117757663 ], [ 84.723245980268757, 27.794916316759192 ], [ 84.722615308440652, 27.79573815698215 ], [ 84.719617799706597, 27.79655679196873 ], [ 84.718566235824824, 27.796997322545508 ], [ 84.716390800013087, 27.795833051180274 ], [ 84.715216652169289, 27.795373051672826 ], [ 84.713950284151579, 27.795189738280744 ], [ 84.710569422960532, 27.795085750836765 ], [ 84.708854023592693, 27.795295950194181 ], [ 84.707318062760436, 27.796006991545593 ], [ 84.704432112254054, 27.79796393054685 ], [ 84.703023717099427, 27.799442098353769 ], [ 84.702244656723224, 27.800751964131646 ], [ 84.702233290971179, 27.800757277836095 ], [ 84.701209673365014, 27.801389660480151 ], [ 84.700597363937888, 27.801877269065638 ], [ 84.699295872753538, 27.802014418314887 ], [ 84.698583335105226, 27.802031881464146 ], [ 84.697576035715173, 27.801436029520154 ], [ 84.69612192048929, 27.801054372310958 ], [ 84.694605918292908, 27.801071866388032 ], [ 84.693326970238573, 27.80125886194244 ], [ 84.691842568156986, 27.801692746995776 ], [ 84.690577069065156, 27.802507768742913 ], [ 84.689650534491008, 27.803626606258465 ], [ 84.689331162909355, 27.804468096568858 ], [ 84.687942139225214, 27.804832006110477 ], [ 84.685749838852018, 27.804988600305489 ], [ 84.685187428895276, 27.805057099618804 ], [ 84.682822523864843, 27.805466088902833 ], [ 84.681640557308867, 27.805808450575341 ], [ 84.680587703488143, 27.80639612562215 ], [ 84.676471992765372, 27.809375948162888 ], [ 84.675394083378677, 27.809938164011012 ], [ 84.674861768473164, 27.810257714230556 ], [ 84.673610364962229, 27.811116260114741 ], [ 84.671547760881566, 27.811734920621944 ], [ 84.670988918053851, 27.811470133862478 ], [ 84.66956455800721, 27.811021928174437 ], [ 84.668054919261024, 27.810966567928322 ], [ 84.666593891473966, 27.8113089621311 ], [ 84.665311053680909, 27.812018742727741 ], [ 84.664320186184213, 27.813032958034075 ], [ 84.663709180351447, 27.81426165366733 ], [ 84.663674034505192, 27.814526673664567 ], [ 84.663317372516957, 27.814743111748456 ], [ 84.662453910948798, 27.815636157371959 ], [ 84.661879851770621, 27.816697483710811 ], [ 84.661452808535458, 27.817853466282809 ], [ 84.661213732608644, 27.819599221089934 ], [ 84.661302428798905, 27.820648271039182 ], [ 84.660769332433574, 27.821071765066211 ], [ 84.660425329005776, 27.821453754960427 ], [ 84.659688593208358, 27.822568172759723 ], [ 84.659610615764151, 27.822846858949418 ], [ 84.658291715922203, 27.823804902376875 ], [ 84.657242813943014, 27.824846589367002 ], [ 84.655688772950839, 27.826980539045373 ], [ 84.654999979832454, 27.828433179728016 ], [ 84.654915501259211, 27.830007820321516 ], [ 84.655149426509311, 27.831623824281557 ], [ 84.655424808348982, 27.832617178054871 ], [ 84.65612474146495, 27.834294198010891 ], [ 84.656507396059752, 27.835010595867494 ], [ 84.657364955939116, 27.836307720987161 ], [ 84.657925721274736, 27.837526850809347 ], [ 84.658015275145303, 27.839043159424659 ], [ 84.657780972258564, 27.839274593590169 ], [ 84.657016379358978, 27.84027080822711 ], [ 84.656576036891082, 27.841411495085644 ], [ 84.656067940113445, 27.843680470947756 ], [ 84.655977045679549, 27.844328507498126 ], [ 84.655888869275785, 27.845846525860434 ], [ 84.655670099664732, 27.846754105342239 ], [ 84.655528992895086, 27.84694034824739 ], [ 84.655089010675667, 27.847212627128986 ], [ 84.653022031361374, 27.847539816202509 ], [ 84.649685183740274, 27.847588851690404 ], [ 84.648137818814931, 27.847827593444286 ], [ 84.645704907751963, 27.848561570180724 ], [ 84.644063150331945, 27.849385580367187 ], [ 84.643135162211095, 27.850081559174942 ], [ 84.641982719457431, 27.851320731161323 ], [ 84.641392413266558, 27.852840433937363 ], [ 84.641086335715954, 27.854601418054649 ], [ 84.641083371183882, 27.854799360116143 ], [ 84.640266468171291, 27.85478513134704 ], [ 84.639675686081418, 27.854805451481148 ], [ 84.634607895911742, 27.855243446417965 ], [ 84.632800822089081, 27.855711236251249 ], [ 84.631309799388049, 27.856732145424843 ], [ 84.629003792816491, 27.859032081903468 ], [ 84.628230975052503, 27.860056167630901 ], [ 84.627799062009913, 27.861227985138317 ], [ 84.627497998252437, 27.862702970383864 ], [ 84.627421212404784, 27.863702557179636 ], [ 84.627516543629625, 27.865665917023598 ], [ 84.626584914734423, 27.866028910696741 ], [ 84.625105013930863, 27.866908501562605 ], [ 84.622920027624176, 27.868775446878502 ], [ 84.621792284510164, 27.870209804370987 ], [ 84.620882895816379, 27.872045675147792 ], [ 84.620354117787684, 27.872800351094572 ], [ 84.620217119681527, 27.872844329349341 ], [ 84.620159845150894, 27.87247321397416 ], [ 84.619531002331641, 27.870837104148372 ], [ 84.618255774225915, 27.86953139363278 ], [ 84.616937786311411, 27.86861642418059 ], [ 84.615705422799238, 27.867985566689281 ], [ 84.613235497161085, 27.867103605141214 ], [ 84.61187613796551, 27.866803296993805 ], [ 84.607988294129129, 27.866438321751684 ], [ 84.606177927553034, 27.866558466118764 ], [ 84.604018011501566, 27.867057451457757 ], [ 84.602460203815056, 27.867681414798362 ], [ 84.601499224962495, 27.86825639645782 ], [ 84.600289752720698, 27.869272345509231 ], [ 84.599515053138532, 27.870581331793158 ], [ 84.599264458750753, 27.871254454183997 ], [ 84.598884453525343, 27.87124517383586 ], [ 84.597907057528062, 27.871063717462953 ], [ 84.596709890957499, 27.870970602845414 ], [ 84.595521643370347, 27.871130199980669 ], [ 84.593698713588182, 27.871576186600432 ], [ 84.592030943588355, 27.872296359415969 ], [ 84.590701968328304, 27.87316833201535 ], [ 84.589846435579091, 27.873885221939535 ], [ 84.588197957226029, 27.872570812918234 ], [ 84.58766571406737, 27.872200194165941 ], [ 84.584023536302212, 27.869995316914572 ], [ 84.582465606605325, 27.86886506986183 ], [ 84.582936821324552, 27.867167177853805 ], [ 84.583016806279247, 27.865352957570583 ], [ 84.582656717377944, 27.863412965028754 ], [ 84.582108364654857, 27.861993215666441 ], [ 84.58106617810212, 27.860811995633366 ], [ 84.578538181361793, 27.858766058295167 ], [ 84.577758998828315, 27.858247628178841 ], [ 84.574325064903462, 27.856390697871717 ], [ 84.57397813926454, 27.856219238005856 ], [ 84.569675246197875, 27.854284315970904 ], [ 84.567929387135521, 27.853824573789261 ], [ 84.562907326631873, 27.853342017499106 ], [ 84.562797470705306, 27.853132993991757 ], [ 84.562916886263437, 27.851404650133748 ], [ 84.563634611593713, 27.849193057968481 ], [ 84.56396893582496, 27.848363421174366 ], [ 84.564082722786154, 27.847216317432032 ], [ 84.564034652315911, 27.846150275753594 ], [ 84.563644365923963, 27.84458755128254 ], [ 84.563639756558402, 27.844577774424224 ], [ 84.563607605420444, 27.844305251770134 ], [ 84.563488952564171, 27.843700302062093 ], [ 84.563354135428611, 27.843212149721985 ], [ 84.563368082514771, 27.841719760830053 ], [ 84.563103552550061, 27.840538358259703 ], [ 84.562819650699225, 27.839702926434605 ], [ 84.56267532008151, 27.839391031212941 ], [ 84.56255804142738, 27.838986907044809 ], [ 84.562576027691577, 27.838519228542324 ], [ 84.562530292504761, 27.837962383458223 ], [ 84.562421610158353, 27.837307072936721 ], [ 84.562274667839006, 27.836722577069832 ], [ 84.561631199654798, 27.835323778987508 ], [ 84.561338351467697, 27.834905294006496 ], [ 84.561026377240395, 27.834399505753247 ], [ 84.560696234068672, 27.83393406369601 ], [ 84.560486089846506, 27.833674379109933 ], [ 84.560150878079895, 27.83323265113674 ], [ 84.559069100816941, 27.83220126996121 ], [ 84.558610760207628, 27.831882813904649 ], [ 84.558102480262065, 27.831571975227199 ], [ 84.557527535082031, 27.831264382918953 ], [ 84.556643798460328, 27.830889607443371 ], [ 84.556443998401519, 27.830825078214076 ], [ 84.55620398468615, 27.83067051463868 ], [ 84.555938721578229, 27.830510793995465 ], [ 84.555706580327794, 27.830380326193797 ], [ 84.555668111398035, 27.830337336397026 ], [ 84.554927315423981, 27.829666768686863 ], [ 84.554168881223148, 27.829110221246914 ], [ 84.554143118664385, 27.829091442296836 ], [ 84.553355903271736, 27.828521449404672 ], [ 84.552488632652469, 27.828015121192895 ], [ 84.551614059031905, 27.827611672955516 ], [ 84.550847612154143, 27.827326255148051 ], [ 84.55003833790083, 27.827092060038506 ], [ 84.549814733898089, 27.827032372655619 ], [ 84.548903398202938, 27.826809289627658 ], [ 84.548019037944329, 27.826666228799994 ], [ 84.547002736391391, 27.826583509461173 ], [ 84.546393114945516, 27.826566615880395 ], [ 84.544908648565837, 27.826604865397286 ], [ 84.543985345913484, 27.826704468877736 ], [ 84.542875115208574, 27.826917460308376 ], [ 84.542150611607155, 27.827161765823927 ], [ 84.541878861716413, 27.827206831840769 ], [ 84.541427779530196, 27.827371143626504 ], [ 84.541030618505488, 27.827533921312117 ], [ 84.540277215921293, 27.82787844729696 ], [ 84.539761894273838, 27.828149412670303 ], [ 84.539353731351795, 27.828394028109965 ], [ 84.539163789637044, 27.82851485087394 ], [ 84.53882581256228, 27.828450702680431 ], [ 84.537263000393338, 27.828316755412892 ], [ 84.53708901566047, 27.828304523300979 ], [ 84.536074323404591, 27.82824877348828 ], [ 84.535315864394235, 27.828191650787979 ], [ 84.534589371567549, 27.828109294339438 ], [ 84.5336878939885, 27.828078974153552 ], [ 84.532869355537528, 27.828116264462295 ], [ 84.532424087973865, 27.828133817615409 ], [ 84.530930169594797, 27.828396053965907 ], [ 84.530871902066522, 27.828424098353171 ], [ 84.530828674762589, 27.828432976039448 ], [ 84.529942184536679, 27.828624700865262 ], [ 84.529370286206998, 27.828732943329303 ], [ 84.529198052394619, 27.828764383702577 ], [ 84.528868338572977, 27.828758478713365 ], [ 84.528068707679935, 27.828661266463424 ], [ 84.52688038049925, 27.828468952959561 ], [ 84.526011346496531, 27.828396156564061 ], [ 84.525833346499269, 27.828394918658514 ], [ 84.525834137422194, 27.828194216349978 ], [ 84.525828440082236, 27.827964138106154 ], [ 84.525801892632032, 27.827467905920642 ], [ 84.52612338636915, 27.82639167766818 ], [ 84.526288450091968, 27.825432228191147 ], [ 84.526340193278287, 27.824386630159079 ], [ 84.526307550100938, 27.823640657029262 ], [ 84.526275755292232, 27.823409602633514 ], [ 84.526302760863331, 27.823133465784363 ], [ 84.526136272066623, 27.821534054849412 ], [ 84.525965072065162, 27.820986841654168 ], [ 84.525805649013421, 27.820195498038309 ], [ 84.525364106656383, 27.818999705173933 ], [ 84.525175123631655, 27.81865815339847 ], [ 84.525042084002905, 27.818223812497827 ], [ 84.524871718432649, 27.817765790802117 ], [ 84.524419909750748, 27.816738908257122 ], [ 84.523914904022249, 27.815586485261427 ], [ 84.523212496464097, 27.814477911649703 ], [ 84.522011034518059, 27.813085895972677 ], [ 84.521175012127856, 27.812323659065441 ], [ 84.520161347823631, 27.811756890432363 ], [ 84.519606197718176, 27.81152266004543 ], [ 84.518923337111787, 27.811286612135163 ], [ 84.517948578120439, 27.811019914822307 ], [ 84.517359215214384, 27.810892395892367 ], [ 84.515963151871674, 27.810667940860018 ], [ 84.514567095399215, 27.810443472061813 ], [ 84.513643420362939, 27.810371518214108 ], [ 84.511345320353968, 27.810379937127955 ], [ 84.510204513767334, 27.810499755263479 ], [ 84.508120840356426, 27.810935579057322 ], [ 84.506186504174821, 27.811753119305628 ], [ 84.504863136286929, 27.812659592277463 ], [ 84.503945716571565, 27.813055081322279 ], [ 84.503050283454485, 27.81354926042744 ], [ 84.501738091124466, 27.814453924794606 ], [ 84.501367767154875, 27.814702445678858 ], [ 84.500513044037376, 27.814848458235065 ], [ 84.497631165596871, 27.81523745244537 ], [ 84.497046528140956, 27.815292715612117 ], [ 84.496402654403099, 27.815107539778815 ], [ 84.495994821131887, 27.814819609635688 ], [ 84.494353368204557, 27.814323522351085 ], [ 84.493124257419595, 27.814151700781583 ], [ 84.491730492882752, 27.814129237951171 ], [ 84.490382471403009, 27.814444919040319 ], [ 84.48820602854731, 27.815252500510482 ], [ 84.487552048468061, 27.815546123713478 ], [ 84.487037319875483, 27.815820383495783 ], [ 84.485162560724135, 27.816017584925302 ], [ 84.48347899376499, 27.816029657132177 ], [ 84.48222055780785, 27.816179959252075 ], [ 84.47917736078665, 27.81689682710465 ], [ 84.478915923597924, 27.816965140108017 ], [ 84.476715378737794, 27.817597675568798 ], [ 84.476676276447606, 27.817609070959076 ], [ 84.474807784451428, 27.818161048023558 ], [ 84.472333149046364, 27.818621291255027 ], [ 84.471676630979701, 27.818702728707439 ], [ 84.471463597365585, 27.818121692839117 ], [ 84.470980729389652, 27.817190926692994 ], [ 84.469970036762874, 27.815898515845767 ], [ 84.46920129291567, 27.815211670164931 ], [ 84.467938022420427, 27.814387882195561 ], [ 84.466452305980127, 27.813946082639838 ], [ 84.46494430537156, 27.813719058645226 ], [ 84.463234253091755, 27.813721525932401 ], [ 84.461349946760677, 27.814010794634889 ], [ 84.46108471622766, 27.81405801648641 ], [ 84.46002164729218, 27.814273641637605 ], [ 84.457738464332493, 27.814400554078766 ], [ 84.457128273769101, 27.81446765998508 ], [ 84.454821446509129, 27.814848718434057 ], [ 84.454129101586872, 27.815008689311881 ], [ 84.452012521937277, 27.815642374071711 ], [ 84.451916880047634, 27.815671955618885 ], [ 84.449651555231313, 27.816395200542445 ], [ 84.447732867697653, 27.816990304990242 ], [ 84.44691127868218, 27.815730217225479 ], [ 84.4464033029235, 27.815087507115038 ], [ 84.445505795030897, 27.814139598155631 ], [ 84.444878123406696, 27.813400102107448 ], [ 84.443428922465856, 27.812244144907606 ], [ 84.441823569061313, 27.811392157755577 ], [ 84.441499565881514, 27.81123413912513 ], [ 84.439772656893396, 27.810463275068628 ], [ 84.437993075072058, 27.809651114602286 ], [ 84.437773767566156, 27.808678132138336 ], [ 84.437747699777219, 27.808569445921275 ], [ 84.43694450978623, 27.805411783771248 ], [ 84.436878415344026, 27.804316572899111 ], [ 84.436947734168868, 27.802445100965922 ], [ 84.436939485846978, 27.801999795525916 ], [ 84.436831502316096, 27.80054398054428 ], [ 84.436956054414793, 27.798420611759507 ], [ 84.436927981317879, 27.797657042624206 ], [ 84.436666097735795, 27.795683786242531 ], [ 84.436524735118567, 27.795033516085208 ], [ 84.436061876773437, 27.793513491837263 ], [ 84.435987551127894, 27.792853032174321 ], [ 84.436155419215851, 27.792001370418443 ], [ 84.436681681645766, 27.790849968172633 ], [ 84.43716066774995, 27.789910661012168 ], [ 84.43888297577179, 27.78722004591522 ], [ 84.439650594060566, 27.786406620458532 ], [ 84.440384683873731, 27.785369837392427 ], [ 84.441141519653641, 27.783885439721537 ], [ 84.441497708855366, 27.7833618442248 ], [ 84.441660451554426, 27.783366989002293 ], [ 84.444456375062344, 27.78353963655627 ], [ 84.445322217383293, 27.783527176189946 ], [ 84.446888404742168, 27.783385062020717 ], [ 84.449429877562281, 27.783386811739206 ], [ 84.45063028722501, 27.783259465512408 ], [ 84.454882029089759, 27.782341215628144 ], [ 84.455803828297164, 27.782056167677787 ], [ 84.458660550086336, 27.780887843247324 ], [ 84.458787905526165, 27.780833834774736 ], [ 84.46091070738926, 27.779901122997554 ], [ 84.461631328666158, 27.779515285803146 ], [ 84.463821071770582, 27.778110338788203 ], [ 84.464192849894133, 27.777847400719168 ], [ 84.466132819495471, 27.776338161124666 ], [ 84.467009809178691, 27.775450095780037 ], [ 84.467597269228889, 27.774389864767965 ], [ 84.467683018691744, 27.774164613903974 ], [ 84.467755721009567, 27.774080974702567 ], [ 84.468113877108109, 27.773883121655743 ], [ 84.469296125580144, 27.772979041519367 ], [ 84.471104577536423, 27.771093561744117 ], [ 84.471457147027692, 27.770679944740689 ], [ 84.472699759370016, 27.76903325191153 ], [ 84.472770051477653, 27.768937498486522 ], [ 84.47384117053079, 27.767437157445574 ], [ 84.474019676258266, 27.767166784636391 ], [ 84.475009637073526, 27.765540364390706 ], [ 84.475184763145464, 27.765223633401583 ], [ 84.476183310678252, 27.763223605803152 ], [ 84.476378369828709, 27.762767983200131 ], [ 84.477126609156443, 27.760688623914231 ], [ 84.477305140525658, 27.760021429088127 ], [ 84.477819741051107, 27.757140456193277 ], [ 84.477856874966207, 27.756886071166626 ], [ 84.478173166561646, 27.754101143357996 ], [ 84.478167752382774, 27.753148988231789 ], [ 84.478002210858747, 27.751825368510882 ], [ 84.477440177378043, 27.75020715340591 ], [ 84.476792982981863, 27.749123911451889 ], [ 84.476081487019769, 27.748220447113585 ], [ 84.475144775756647, 27.747497656857306 ], [ 84.474371268351049, 27.747035021461603 ], [ 84.473071042685177, 27.74647759427685 ], [ 84.471646959951059, 27.746268727232707 ], [ 84.471087070739088, 27.746258485765992 ], [ 84.470686532771467, 27.746265243224727 ], [ 84.467854486720796, 27.746412731582065 ], [ 84.466835087112145, 27.746559540455738 ], [ 84.465286162895751, 27.746929817472715 ], [ 84.464854764431834, 27.747051551863368 ], [ 84.463048679664993, 27.747641337898845 ], [ 84.462984666651309, 27.747662677923554 ], [ 84.461177985547835, 27.748277344236172 ], [ 84.459870239808936, 27.748934092536633 ], [ 84.457482816590172, 27.750591160232212 ], [ 84.454792650928567, 27.752344086566154 ], [ 84.45304853097403, 27.753315945879649 ], [ 84.452994333368949, 27.753177409045161 ], [ 84.452651284040627, 27.752490887398835 ], [ 84.451625742705716, 27.750827481694241 ], [ 84.451246166427978, 27.750301794950584 ], [ 84.450101721072826, 27.748935187029861 ], [ 84.449073077815257, 27.7480182415181 ], [ 84.447914150988439, 27.747246917671649 ], [ 84.447714274068176, 27.746921936739724 ], [ 84.447508060340681, 27.74661603468865 ], [ 84.446253805710697, 27.744912005907 ], [ 84.445184185840532, 27.743193088336209 ], [ 84.445071042554147, 27.743020404005616 ], [ 84.44366252751982, 27.740976119783568 ], [ 84.442554740381155, 27.739845476072531 ], [ 84.440627319925824, 27.738439396840455 ], [ 84.439874822567845, 27.737984370583813 ], [ 84.437936977710436, 27.737026561958317 ], [ 84.436949107233005, 27.73665386788419 ], [ 84.43427771187821, 27.735931576040741 ], [ 84.433040019357321, 27.735741609314967 ], [ 84.431787827728797, 27.735828228381315 ], [ 84.428806753862887, 27.736370821037426 ], [ 84.42802655439813, 27.73657192172087 ], [ 84.427599537423063, 27.736715877773182 ], [ 84.427165628317866, 27.736111357636421 ], [ 84.425802825031127, 27.735169559521065 ], [ 84.424163940812221, 27.734689080552108 ], [ 84.422438880140533, 27.734725593918572 ], [ 84.420386190052639, 27.735085976102663 ], [ 84.418805632467311, 27.735619039629068 ], [ 84.417509909497937, 27.736584849819209 ], [ 84.416643096103968, 27.737876020806215 ], [ 84.416301587874827, 27.739348987906755 ], [ 84.416234203867617, 27.741017122123626 ], [ 84.416421666790825, 27.74240467251154 ], [ 84.417077543269897, 27.743674551296166 ], [ 84.418190571831076, 27.745165406208077 ], [ 84.41933008109919, 27.746250039734164 ], [ 84.420803706361141, 27.746946718856453 ], [ 84.42245175535507, 27.747179943117352 ], [ 84.423392109129324, 27.747173574907244 ], [ 84.423669940550511, 27.747275076948 ], [ 84.424891698151555, 27.747721421298174 ], [ 84.426592288928063, 27.748055011118456 ], [ 84.428319432372419, 27.747856896391717 ], [ 84.430264468867421, 27.74731999059766 ], [ 84.430661368142808, 27.747194114680614 ], [ 84.43139030102887, 27.746932070615408 ], [ 84.432175053209676, 27.746914567015729 ], [ 84.432981455700485, 27.747107297193011 ], [ 84.43357116842698, 27.747346725228169 ], [ 84.434037612548408, 27.747642538034711 ], [ 84.434961188311831, 27.749164832372095 ], [ 84.435199528977932, 27.749518058966423 ], [ 84.436853532719013, 27.751733279212921 ], [ 84.437517969061417, 27.752847147469133 ], [ 84.438144953992534, 27.753666044859013 ], [ 84.440589079677238, 27.75620583012261 ], [ 84.441456873828031, 27.757515939720495 ], [ 84.442469562707245, 27.759165284635088 ], [ 84.442922890044969, 27.759778905926993 ], [ 84.443523110338973, 27.76046275835332 ], [ 84.444084513772765, 27.761004569070099 ], [ 84.445733539348907, 27.762355638847485 ], [ 84.446144903287035, 27.762658648253122 ], [ 84.4473862129705, 27.76347891569629 ], [ 84.448841999112659, 27.764147554505158 ], [ 84.450038385976796, 27.764493554329441 ], [ 84.451500883282009, 27.764713566570755 ], [ 84.453320803337562, 27.764747121151178 ], [ 84.453606111613496, 27.764745236996365 ], [ 84.455596346724363, 27.764682233393611 ], [ 84.456159635708744, 27.764636312215828 ], [ 84.457817358761403, 27.764417654177162 ], [ 84.459553467183937, 27.763890166644945 ], [ 84.460677898764047, 27.763329279308206 ], [ 84.461859078858438, 27.76292630055999 ], [ 84.462403713523955, 27.762706900961543 ], [ 84.462845303207928, 27.76250028289429 ], [ 84.462687414750235, 27.762777917827734 ], [ 84.461299324185546, 27.764416576537911 ], [ 84.460700856167747, 27.764858110933865 ], [ 84.459945123647159, 27.765549617828114 ], [ 84.458564111883177, 27.767118893314141 ], [ 84.458026195101525, 27.767873782175112 ], [ 84.457461966746891, 27.76887242510988 ], [ 84.456866356044216, 27.769426083743376 ], [ 84.455489565857363, 27.770150379738677 ], [ 84.453821839089159, 27.770994489775351 ], [ 84.451959239728396, 27.771885297927266 ], [ 84.449653181575968, 27.772461795830434 ], [ 84.447592568008929, 27.772731704058735 ], [ 84.445182105808215, 27.77294390260856 ], [ 84.442631410072991, 27.772919176047068 ], [ 84.442080484591386, 27.772940501698073 ], [ 84.439020832067825, 27.77320772993772 ], [ 84.438302987918718, 27.773317162034939 ], [ 84.436416430015584, 27.773730661938565 ], [ 84.434504817616855, 27.774557821800528 ], [ 84.432796097973963, 27.775746981607011 ], [ 84.431952400971312, 27.776491388815227 ], [ 84.431031767774911, 27.777520758329889 ], [ 84.430762098953977, 27.77785206315016 ], [ 84.429955414260078, 27.778944143534794 ], [ 84.428679550836151, 27.78038569120681 ], [ 84.4279185446333, 27.78158568372065 ], [ 84.427282947473117, 27.78308646765575 ], [ 84.425852660152927, 27.785749633067592 ], [ 84.425810347459858, 27.785830460766505 ], [ 84.424664773690338, 27.788076484610915 ], [ 84.424215634896541, 27.789764609116677 ], [ 84.424154736207086, 27.791158783900904 ], [ 84.4240931854807, 27.792579275118065 ], [ 84.424090939846252, 27.792863207344698 ], [ 84.424121101493682, 27.793960085241221 ], [ 84.424382641669155, 27.795283507166168 ], [ 84.424863747677975, 27.796119524345329 ] ] ] ] } }
]
}
