<?xml version="1.0" encoding="utf-8" ?>
<kml xmlns="http://www.opengis.net/kml/2.2">
<Document id="root_doc">
<Schema name="settlement_area_ward" id="settlement_area_ward">
	<SimpleField name="id" type="string"></SimpleField>
	<SimpleField name="descriptio" type="string"></SimpleField>
	<SimpleField name="timestamp" type="string"></SimpleField>
	<SimpleField name="begin" type="string"></SimpleField>
	<SimpleField name="end" type="string"></SimpleField>
	<SimpleField name="altitudeMo" type="string"></SimpleField>
	<SimpleField name="tessellate" type="float"></SimpleField>
	<SimpleField name="extrude" type="float"></SimpleField>
	<SimpleField name="visibility" type="float"></SimpleField>
	<SimpleField name="drawOrder" type="float"></SimpleField>
	<SimpleField name="icon" type="string"></SimpleField>
	<SimpleField name="district" type="string"></SimpleField>
	<SimpleField name="gapa_napa" type="string"></SimpleField>
	<SimpleField name="new_ward_n" type="float"></SimpleField>
</Schema>
<Folder><name>settlement_area_ward</name>
  <Placemark id="settlement_area_ward.1">
	<name>Syaburbensi</name>
	<Style><LineStyle><color>ff0000ff</color></LineStyle><PolyStyle><fill>0</fill></PolyStyle></Style>
	<ExtendedData><SchemaData schemaUrl="#settlement_area_ward">
		<SimpleData name="tessellate">1</SimpleData>
		<SimpleData name="extrude">0</SimpleData>
		<SimpleData name="visibility">-1</SimpleData>
		<SimpleData name="district">RASUWA</SimpleData>
		<SimpleData name="gapa_napa">Parbati Kunda</SimpleData>
		<SimpleData name="new_ward_n">5</SimpleData>
	</SchemaData></ExtendedData>
      <MultiGeometry><Polygon><outerBoundaryIs><LinearRing><coordinates>85.3360624890825,28.1828890715784,0 85.3378146702756,28.1838023181147,0 85.3400708888722,28.1836920604417,0 85.3402827467251,28.1836189674231,0 85.3414851254637,28.18340300232,0 85.3415698028746,28.1833817936109,0 85.3416931822082,28.1833001035398,0 85.343592191025,28.1820847828072,0 85.3435010474796,28.1805737348798,0 85.3429233097052,28.1791813088038,0 85.3416322008155,28.179534497299,0 85.339013468826,28.1781030574561,0 85.3377404996567,28.1792226925468,0 85.3360624890825,28.1828890715784,0</coordinates></LinearRing></outerBoundaryIs></Polygon></MultiGeometry>
  </Placemark>
  <Placemark id="settlement_area_ward.2">
	<name>Village above syaburbensi</name>
	<Style><LineStyle><color>ff0000ff</color></LineStyle><PolyStyle><fill>0</fill></PolyStyle></Style>
	<ExtendedData><SchemaData schemaUrl="#settlement_area_ward">
		<SimpleData name="tessellate">1</SimpleData>
		<SimpleData name="extrude">0</SimpleData>
		<SimpleData name="visibility">-1</SimpleData>
		<SimpleData name="district">RASUWA</SimpleData>
		<SimpleData name="gapa_napa">Parbati Kunda</SimpleData>
		<SimpleData name="new_ward_n">5</SimpleData>
	</SchemaData></ExtendedData>
      <MultiGeometry><Polygon><outerBoundaryIs><LinearRing><coordinates>85.3340222855008,28.1962232702501,0 85.3453301379271,28.2030112497532,0 85.3457210142484,28.200973440595,0 85.3450964017236,28.1969599314893,0 85.3450688791683,28.1968467411628,0 85.3448691155921,28.1950233592455,0 85.3448648886046,28.1946433701455,0 85.3448134047777,28.1944130283228,0 85.3445820735275,28.1920644968467,0 85.3445584860147,28.191821099057,0 85.3444681966324,28.1917121579451,0 85.3438807529091,28.1894771798595,0 85.3437040826368,28.1890607840006,0 85.3432012426134,28.1879340707886,0 85.3431083359665,28.1878225643016,0 85.341908319122,28.1862844714203,0 85.3404413442516,28.1871511564858,0 85.3382950524482,28.1868507643919,0 85.3359693740668,28.1915525749753,0 85.3340222855008,28.1962232702501,0</coordinates></LinearRing></outerBoundaryIs></Polygon></MultiGeometry>
  </Placemark>
  <Placemark id="settlement_area_ward.3">
	<name>Chipleti</name>
	<Style><LineStyle><color>ff0000ff</color></LineStyle><PolyStyle><fill>0</fill></PolyStyle></Style>
	<ExtendedData><SchemaData schemaUrl="#settlement_area_ward">
		<SimpleData name="tessellate">1</SimpleData>
		<SimpleData name="extrude">0</SimpleData>
		<SimpleData name="visibility">-1</SimpleData>
		<SimpleData name="district">RASUWA</SimpleData>
		<SimpleData name="gapa_napa">Uttargaya</SimpleData>
		<SimpleData name="new_ward_n">2</SimpleData>
	</SchemaData></ExtendedData>
      <MultiGeometry><Polygon><outerBoundaryIs><LinearRing><coordinates>85.2071706324808,28.0581322121961,0 85.2083335907809,28.0595207180787,0 85.208838133681,28.0573435359017,0 85.2091364006336,28.0550157236296,0 85.2091346366436,28.0547804855128,0 85.2078529046818,28.053063539964,0 85.2064365899329,28.0527692934031,0 85.2062914503128,28.0536321927936,0 85.2066579353708,28.0550113180138,0 85.2071706324808,28.0581322121961,0</coordinates></LinearRing></outerBoundaryIs></Polygon></MultiGeometry>
  </Placemark>
  <Placemark id="settlement_area_ward.4">
	<name>panchalinge school aarea</name>
	<Style><LineStyle><color>ff0000ff</color></LineStyle><PolyStyle><fill>0</fill></PolyStyle></Style>
	<ExtendedData><SchemaData schemaUrl="#settlement_area_ward">
		<SimpleData name="tessellate">1</SimpleData>
		<SimpleData name="extrude">0</SimpleData>
		<SimpleData name="visibility">-1</SimpleData>
		<SimpleData name="district">RASUWA</SimpleData>
		<SimpleData name="gapa_napa">Uttargaya</SimpleData>
		<SimpleData name="new_ward_n">2</SimpleData>
	</SchemaData></ExtendedData>
      <MultiGeometry><Polygon><outerBoundaryIs><LinearRing><coordinates>85.1945237163361,28.0618756238719,0 85.1970904294604,28.06198877612,0 85.198913072729,28.0604990328222,0 85.1989384227608,28.0604700731164,0 85.1993568912315,28.058899816627,0 85.199443188457,28.05872196258,0 85.1994732468104,28.0585881068525,0 85.1981060328338,28.0575576553618,0 85.198055310371,28.057489074922,0 85.1980219137648,28.0574511408796,0 85.1967666782494,28.0572766142929,0 85.196710634374,28.0572914438596,0 85.1966621079086,28.0573212536703,0 85.1957025056467,28.0577308896864,0 85.1956588081752,28.0577773996778,0 85.1948457442765,28.0586054236284,0 85.1944223975865,28.0599317249849,0 85.1945237163361,28.0618756238719,0</coordinates></LinearRing></outerBoundaryIs></Polygon></MultiGeometry>
  </Placemark>
  <Placemark id="settlement_area_ward.5">
	<name>Bhatta Tole</name>
	<Style><LineStyle><color>ff0000ff</color></LineStyle><PolyStyle><fill>0</fill></PolyStyle></Style>
	<ExtendedData><SchemaData schemaUrl="#settlement_area_ward">
		<SimpleData name="tessellate">1</SimpleData>
		<SimpleData name="extrude">0</SimpleData>
		<SimpleData name="visibility">-1</SimpleData>
		<SimpleData name="district">RASUWA</SimpleData>
		<SimpleData name="gapa_napa">Uttargaya</SimpleData>
		<SimpleData name="new_ward_n">2</SimpleData>
	</SchemaData></ExtendedData>
      <MultiGeometry><Polygon><outerBoundaryIs><LinearRing><coordinates>85.1829530785828,28.0512330345675,0 85.1921570644847,28.0507501962517,0 85.1927188399377,28.0488233749299,0 85.1928024605459,28.0485508845678,0 85.1926666006155,28.0463869140268,0 85.1925620947201,28.0460383650432,0 85.1919352795211,28.043834541995,0 85.190610483259,28.041187275212,0 85.187434686478,28.0428694316042,0 85.1834181150667,28.0473117876515,0 85.1829530785828,28.0512330345675,0</coordinates></LinearRing></outerBoundaryIs></Polygon></MultiGeometry>
  </Placemark>
  <Placemark id="settlement_area_ward.6">
	<name>Banglangmukhi khana store area</name>
	<Style><LineStyle><color>ff0000ff</color></LineStyle><PolyStyle><fill>0</fill></PolyStyle></Style>
	<ExtendedData><SchemaData schemaUrl="#settlement_area_ward">
		<SimpleData name="tessellate">1</SimpleData>
		<SimpleData name="extrude">0</SimpleData>
		<SimpleData name="visibility">-1</SimpleData>
		<SimpleData name="district">RASUWA</SimpleData>
		<SimpleData name="gapa_napa">Uttargaya</SimpleData>
		<SimpleData name="new_ward_n">2</SimpleData>
	</SchemaData></ExtendedData>
      <MultiGeometry><Polygon><outerBoundaryIs><LinearRing><coordinates>85.1922024662206,28.0284863683048,0 85.1906946108563,28.0268404032789,0 85.1887378398781,28.0272785013117,0 85.1871662912596,28.0228948957268,0 85.1837166489049,28.0241968189899,0 85.186660045689,28.0291407083854,0 85.1866420540472,28.0301397378228,0 85.1868711295813,28.030441992359,0 85.1881294464903,28.0313570569551,0 85.1895703460345,28.0321760824273,0 85.1913749575199,28.0323344108923,0 85.1924063608891,28.0307207170581,0 85.1923772847193,28.0291660868131,0 85.1922024662206,28.0284863683048,0</coordinates></LinearRing></outerBoundaryIs></Polygon></MultiGeometry>
  </Placemark>
  <Placemark id="settlement_area_ward.7">
	<name>Dandangaun</name>
	<Style><LineStyle><color>ff0000ff</color></LineStyle><PolyStyle><fill>0</fill></PolyStyle></Style>
	<ExtendedData><SchemaData schemaUrl="#settlement_area_ward">
		<SimpleData name="tessellate">1</SimpleData>
		<SimpleData name="extrude">0</SimpleData>
		<SimpleData name="visibility">-1</SimpleData>
		<SimpleData name="district">RASUWA</SimpleData>
		<SimpleData name="gapa_napa">Uttargaya</SimpleData>
		<SimpleData name="new_ward_n">2</SimpleData>
	</SchemaData></ExtendedData>
      <MultiGeometry><Polygon><outerBoundaryIs><LinearRing><coordinates>85.1846373114691,28.0409489869333,0 85.1868199102698,28.0402720519301,0 85.1870970742804,28.0381033773192,0 85.1878112243144,28.0328205544157,0 85.1878093545387,28.0326816675631,0 85.1861586715858,28.0318249153905,0 85.1857242976702,28.0315779973306,0 85.1837716166303,28.0307069720695,0 85.1836390565988,28.0306344669242,0 85.1834157497127,28.0306341114847,0 85.1824350167683,28.0314224506087,0 85.180613318992,28.032967891481,0 85.1805003017533,28.0354822959151,0 85.183581398697,28.0381210239527,0 85.1846373114691,28.0409489869333,0</coordinates></LinearRing></outerBoundaryIs></Polygon></MultiGeometry>
  </Placemark>
  <Placemark id="settlement_area_ward.8">
	<name>Shanti Bazaar</name>
	<Style><LineStyle><color>ff0000ff</color></LineStyle><PolyStyle><fill>0</fill></PolyStyle></Style>
	<ExtendedData><SchemaData schemaUrl="#settlement_area_ward">
		<SimpleData name="tessellate">1</SimpleData>
		<SimpleData name="extrude">0</SimpleData>
		<SimpleData name="visibility">-1</SimpleData>
		<SimpleData name="district">RASUWA</SimpleData>
		<SimpleData name="gapa_napa">Uttargaya</SimpleData>
		<SimpleData name="new_ward_n">2</SimpleData>
	</SchemaData></ExtendedData>
      <MultiGeometry><Polygon><outerBoundaryIs><LinearRing><coordinates>85.1810385669091,28.0214904286403,0 85.1873170939473,28.0194583206105,0 85.1849354199694,28.0105779925422,0 85.1849348521196,28.0104600335878,0 85.1843352987394,28.007975650871,0 85.1828480268875,28.0066941708646,0 85.1790752082207,28.0084698201761,0 85.1790908962985,28.0086946568736,0 85.1779587952746,28.0111329097252,0 85.1760531874332,28.014108356125,0 85.1753605798546,28.0162497959981,0 85.1761015286222,28.0196573922613,0 85.1800208726103,28.0186893770675,0 85.1810385669091,28.0214904286403,0</coordinates></LinearRing></outerBoundaryIs></Polygon></MultiGeometry>
  </Placemark>
  <Placemark id="settlement_area_ward.9">
	<name>Haku suspension bridge area</name>
	<Style><LineStyle><color>ff0000ff</color></LineStyle><PolyStyle><fill>0</fill></PolyStyle></Style>
	<ExtendedData><SchemaData schemaUrl="#settlement_area_ward">
		<SimpleData name="tessellate">1</SimpleData>
		<SimpleData name="extrude">0</SimpleData>
		<SimpleData name="visibility">-1</SimpleData>
		<SimpleData name="district">RASUWA</SimpleData>
		<SimpleData name="gapa_napa">Uttargaya</SimpleData>
		<SimpleData name="new_ward_n">1</SimpleData>
	</SchemaData></ExtendedData>
      <MultiGeometry><Polygon><outerBoundaryIs><LinearRing><coordinates>85.2297457051798,28.0906968823118,0 85.2314530570507,28.0924027464424,0 85.2349179691204,28.0933583888603,0 85.2371339849664,28.0922782673569,0 85.2371991712806,28.0921933634257,0 85.2380877258269,28.0906079070888,0 85.2353214602077,28.0891126846971,0 85.2334153809157,28.0883609618544,0 85.2333013823771,28.088360640805,0 85.2321836691367,28.0889880775569,0 85.230766788796,28.0875734435294,0 85.2297457051798,28.0906968823118,0</coordinates></LinearRing></outerBoundaryIs></Polygon></MultiGeometry>
  </Placemark>
  <Placemark id="settlement_area_ward.10">
	<name>Village above haku suspension bridge</name>
	<Style><LineStyle><color>ff0000ff</color></LineStyle><PolyStyle><fill>0</fill></PolyStyle></Style>
	<ExtendedData><SchemaData schemaUrl="#settlement_area_ward">
		<SimpleData name="tessellate">1</SimpleData>
		<SimpleData name="extrude">0</SimpleData>
		<SimpleData name="visibility">-1</SimpleData>
		<SimpleData name="district">RASUWA</SimpleData>
		<SimpleData name="gapa_napa">Uttargaya</SimpleData>
		<SimpleData name="new_ward_n">1</SimpleData>
	</SchemaData></ExtendedData>
      <MultiGeometry><Polygon><outerBoundaryIs><LinearRing><coordinates>85.22354828599,28.0870016250223,0 85.2223822548565,28.0865323873589,0 85.2223023771148,28.0865516767895,0 85.2216651063074,28.0869068661332,0 85.2215756156242,28.0870181045303,0 85.2215462945477,28.0870793262603,0 85.2212939031347,28.0875395112118,0 85.2212262008995,28.08802093317,0 85.2213189786628,28.0896063591609,0 85.2214925317662,28.090013187433,0 85.221567936473,28.0901610114782,0 85.222415637075,28.0913245537575,0 85.2224802690864,28.0913544635519,0 85.2252900790495,28.0919096797231,0 85.2253010699047,28.091602366699,0 85.2253359551104,28.091511688156,0 85.2255318382689,28.0898637571271,0 85.2254782802995,28.0895903021468,0 85.2254158563276,28.0894495002618,0 85.2237780037062,28.0872385711392,0 85.2237052581242,28.0871658800523,0 85.22354828599,28.0870016250223,0</coordinates></LinearRing></outerBoundaryIs></Polygon></MultiGeometry>
  </Placemark>
  <Placemark id="settlement_area_ward.11">
	<name>Maliung</name>
	<Style><LineStyle><color>ff0000ff</color></LineStyle><PolyStyle><fill>0</fill></PolyStyle></Style>
	<ExtendedData><SchemaData schemaUrl="#settlement_area_ward">
		<SimpleData name="tessellate">1</SimpleData>
		<SimpleData name="extrude">0</SimpleData>
		<SimpleData name="visibility">-1</SimpleData>
		<SimpleData name="district">RASUWA</SimpleData>
		<SimpleData name="gapa_napa">Uttargaya</SimpleData>
		<SimpleData name="new_ward_n">1</SimpleData>
	</SchemaData></ExtendedData>
      <MultiGeometry><Polygon><outerBoundaryIs><LinearRing><coordinates>85.201295466445,28.0794230010874,0 85.2092692825971,28.0778786968815,0 85.2093463644764,28.0778557271662,0 85.211011643616,28.0765172470783,0 85.2110816788935,28.0764526263887,0 85.211256673574,28.0763027031336,0 85.2118802788453,28.0749417999382,0 85.2119037105657,28.0748227361018,0 85.2119441605087,28.0734137674294,0 85.2119288250988,28.0731229672704,0 85.2113950628151,28.0709551980698,0 85.2113642381366,28.070812683018,0 85.2090442927381,28.0692322479847,0 85.2090256324404,28.0614156369391,0 85.2044214728475,28.060317441713,0 85.2040757569988,28.0703167625575,0 85.2060899898408,28.0741305235065,0 85.201295466445,28.0794230010874,0</coordinates></LinearRing></outerBoundaryIs></Polygon></MultiGeometry>
  </Placemark>
  <Placemark id="settlement_area_ward.12">
	<name>Chipleti</name>
	<Style><LineStyle><color>ff0000ff</color></LineStyle><PolyStyle><fill>0</fill></PolyStyle></Style>
	<ExtendedData><SchemaData schemaUrl="#settlement_area_ward">
		<SimpleData name="tessellate">1</SimpleData>
		<SimpleData name="extrude">0</SimpleData>
		<SimpleData name="visibility">-1</SimpleData>
		<SimpleData name="district">RASUWA</SimpleData>
		<SimpleData name="gapa_napa">Uttargaya</SimpleData>
		<SimpleData name="new_ward_n">1</SimpleData>
	</SchemaData></ExtendedData>
      <MultiGeometry><Polygon><outerBoundaryIs><LinearRing><coordinates>85.2071706324808,28.0581322121961,0 85.2083335907809,28.0595207180787,0 85.208838133681,28.0573435359017,0 85.2091364006336,28.0550157236296,0 85.2091346366436,28.0547804855128,0 85.2078529046818,28.053063539964,0 85.2064365899329,28.0527692934031,0 85.2062914503128,28.0536321927936,0 85.2066579353708,28.0550113180138,0 85.2071706324808,28.0581322121961,0</coordinates></LinearRing></outerBoundaryIs></Polygon></MultiGeometry>
  </Placemark>
  <Placemark id="settlement_area_ward.13">
	<name>Syaburbensi</name>
	<Style><LineStyle><color>ff0000ff</color></LineStyle><PolyStyle><fill>0</fill></PolyStyle></Style>
	<ExtendedData><SchemaData schemaUrl="#settlement_area_ward">
		<SimpleData name="tessellate">1</SimpleData>
		<SimpleData name="extrude">0</SimpleData>
		<SimpleData name="visibility">-1</SimpleData>
		<SimpleData name="district">RASUWA</SimpleData>
		<SimpleData name="gapa_napa">Parbati Kunda</SimpleData>
		<SimpleData name="new_ward_n">4</SimpleData>
	</SchemaData></ExtendedData>
      <MultiGeometry><Polygon><outerBoundaryIs><LinearRing><coordinates>85.3360624890825,28.1828890715784,0 85.3378146702756,28.1838023181147,0 85.3400708888722,28.1836920604417,0 85.3402827467251,28.1836189674231,0 85.3414851254637,28.18340300232,0 85.3415698028746,28.1833817936109,0 85.3416931822082,28.1833001035398,0 85.343592191025,28.1820847828072,0 85.3435010474796,28.1805737348798,0 85.3429233097052,28.1791813088038,0 85.3416322008155,28.179534497299,0 85.339013468826,28.1781030574561,0 85.3377404996567,28.1792226925468,0 85.3360624890825,28.1828890715784,0</coordinates></LinearRing></outerBoundaryIs></Polygon></MultiGeometry>
  </Placemark>
  <Placemark id="settlement_area_ward.14">
	<name>Shree gre school area</name>
	<Style><LineStyle><color>ff0000ff</color></LineStyle><PolyStyle><fill>0</fill></PolyStyle></Style>
	<ExtendedData><SchemaData schemaUrl="#settlement_area_ward">
		<SimpleData name="tessellate">1</SimpleData>
		<SimpleData name="extrude">0</SimpleData>
		<SimpleData name="visibility">-1</SimpleData>
		<SimpleData name="district">RASUWA</SimpleData>
		<SimpleData name="gapa_napa">Parbati Kunda</SimpleData>
		<SimpleData name="new_ward_n">2</SimpleData>
	</SchemaData></ExtendedData>
      <MultiGeometry><Polygon><outerBoundaryIs><LinearRing><coordinates>85.292268346219,28.1495297596534,0 85.3004271838136,28.1497974911015,0 85.3010082795575,28.1494717233766,0 85.3011377860411,28.1493909466751,0 85.3008992374365,28.148472749138,0 85.3009975674771,28.1480175281031,0 85.3014206872268,28.1472384295586,0 85.3018327252056,28.1467929739297,0 85.3012579822749,28.143537791941,0 85.2989361425401,28.1404551695072,0 85.2984896958014,28.1403435401898,0 85.297305180505,28.140220187524,0 85.2953456768462,28.1392165697465,0 85.2928204258167,28.1435799356664,0 85.292268346219,28.1495297596534,0</coordinates></LinearRing></outerBoundaryIs></Polygon></MultiGeometry>
  </Placemark>
  <Placemark id="settlement_area_ward.15">
	<name>Dhunche Bazar</name>
	<Style><LineStyle><color>ff0000ff</color></LineStyle><PolyStyle><fill>0</fill></PolyStyle></Style>
	<ExtendedData><SchemaData schemaUrl="#settlement_area_ward">
		<SimpleData name="tessellate">1</SimpleData>
		<SimpleData name="extrude">0</SimpleData>
		<SimpleData name="visibility">-1</SimpleData>
		<SimpleData name="district">RASUWA</SimpleData>
		<SimpleData name="gapa_napa">Parbati Kunda</SimpleData>
		<SimpleData name="new_ward_n">2</SimpleData>
	</SchemaData></ExtendedData>
      <MultiGeometry><Polygon><outerBoundaryIs><LinearRing><coordinates>85.2878037305816,28.1207471825935,0 85.3092050856515,28.1167626781461,0 85.3111845885326,28.1121404155988,0 85.3114575641906,28.1113852993765,0 85.3118927768434,28.1093517009354,0 85.3120711031453,28.1073475754057,0 85.3119610797398,28.1046887032079,0 85.3117845451557,28.1010743949634,0 85.3098934876393,28.0981027750363,0 85.3064313452303,28.0967740021359,0 85.3020797019565,28.0990734380971,0 85.2848846359057,28.1031228262969,0 85.2878037305816,28.1207471825935,0</coordinates></LinearRing></outerBoundaryIs></Polygon></MultiGeometry>
  </Placemark>
  <Placemark id="settlement_area_ward.16">
	<name>Hakubensi</name>
	<Style><LineStyle><color>ff0000ff</color></LineStyle><PolyStyle><fill>0</fill></PolyStyle></Style>
	<ExtendedData><SchemaData schemaUrl="#settlement_area_ward">
		<SimpleData name="tessellate">1</SimpleData>
		<SimpleData name="extrude">0</SimpleData>
		<SimpleData name="visibility">-1</SimpleData>
		<SimpleData name="district">RASUWA</SimpleData>
		<SimpleData name="gapa_napa">Parbati Kunda</SimpleData>
		<SimpleData name="new_ward_n">2</SimpleData>
	</SchemaData></ExtendedData>
      <MultiGeometry><Polygon><outerBoundaryIs><LinearRing><coordinates>85.2749068490908,28.1224831619396,0 85.2800774673117,28.1188978845924,0 85.2802909250213,28.1187278539161,0 85.2809542831792,28.1173289828106,0 85.2809890324543,28.1162073237319,0 85.2809697915832,28.1159767392547,0 85.2803303582387,28.1143406214225,0 85.2775156599013,28.1108207682934,0 85.2745707384282,28.1082289081235,0 85.2724614371727,28.1204887454863,0 85.2749068490908,28.1224831619396,0</coordinates></LinearRing></outerBoundaryIs></Polygon></MultiGeometry>
  </Placemark>
  <Placemark id="settlement_area_ward.17">
	<name>Hakubensi</name>
	<Style><LineStyle><color>ff0000ff</color></LineStyle><PolyStyle><fill>0</fill></PolyStyle></Style>
	<ExtendedData><SchemaData schemaUrl="#settlement_area_ward">
		<SimpleData name="tessellate">1</SimpleData>
		<SimpleData name="extrude">0</SimpleData>
		<SimpleData name="visibility">-1</SimpleData>
		<SimpleData name="district">RASUWA</SimpleData>
		<SimpleData name="gapa_napa">Parbati Kunda</SimpleData>
		<SimpleData name="new_ward_n">1</SimpleData>
	</SchemaData></ExtendedData>
      <MultiGeometry><Polygon><outerBoundaryIs><LinearRing><coordinates>85.2749068490908,28.1224831619396,0 85.2800774673117,28.1188978845924,0 85.2802909250213,28.1187278539161,0 85.2809542831792,28.1173289828106,0 85.2809890324543,28.1162073237319,0 85.2809697915832,28.1159767392547,0 85.2803303582387,28.1143406214225,0 85.2775156599013,28.1108207682934,0 85.2745707384282,28.1082289081235,0 85.2724614371727,28.1204887454863,0 85.2749068490908,28.1224831619396,0</coordinates></LinearRing></outerBoundaryIs></Polygon></MultiGeometry>
  </Placemark>
  <Placemark id="settlement_area_ward.18">
	<name>Bhimali gaau</name>
	<Style><LineStyle><color>ff0000ff</color></LineStyle><PolyStyle><fill>0</fill></PolyStyle></Style>
	<ExtendedData><SchemaData schemaUrl="#settlement_area_ward">
		<SimpleData name="tessellate">1</SimpleData>
		<SimpleData name="extrude">0</SimpleData>
		<SimpleData name="visibility">-1</SimpleData>
		<SimpleData name="district">RASUWA</SimpleData>
		<SimpleData name="gapa_napa">Parbati Kunda</SimpleData>
		<SimpleData name="new_ward_n">1</SimpleData>
	</SchemaData></ExtendedData>
      <MultiGeometry><Polygon><outerBoundaryIs><LinearRing><coordinates>85.2779023691834,28.1111405609641,0 85.2824844743239,28.1004465705209,0 85.282358042431,28.0995932365942,0 85.2819086349154,28.0981179308837,0 85.2814745512934,28.0970536942645,0 85.280957416865,28.0975613226186,0 85.2796072646402,28.0981239817214,0 85.2768740381001,28.0990884626248,0 85.2756079719703,28.1019086039931,0 85.2759754276236,28.1037522376177,0 85.276770180209,28.1061357935691,0 85.2768974671438,28.1058901105704,0 85.2779023691834,28.1111405609641,0</coordinates></LinearRing></outerBoundaryIs></Polygon></MultiGeometry>
  </Placemark>
  <Placemark id="settlement_area_ward.19">
	<name>Banglangmukhi khana store area</name>
	<Style><LineStyle><color>ff0000ff</color></LineStyle><PolyStyle><fill>0</fill></PolyStyle></Style>
	<ExtendedData><SchemaData schemaUrl="#settlement_area_ward">
		<SimpleData name="tessellate">1</SimpleData>
		<SimpleData name="extrude">0</SimpleData>
		<SimpleData name="visibility">-1</SimpleData>
		<SimpleData name="district">RASUWA</SimpleData>
		<SimpleData name="gapa_napa">Uttargaya</SimpleData>
		<SimpleData name="new_ward_n">4</SimpleData>
	</SchemaData></ExtendedData>
      <MultiGeometry><Polygon><outerBoundaryIs><LinearRing><coordinates>85.1922024662206,28.0284863683048,0 85.1906946108563,28.0268404032789,0 85.1887378398781,28.0272785013117,0 85.1871662912596,28.0228948957268,0 85.1837166489049,28.0241968189899,0 85.186660045689,28.0291407083854,0 85.1866420540472,28.0301397378228,0 85.1868711295813,28.030441992359,0 85.1881294464903,28.0313570569551,0 85.1895703460345,28.0321760824273,0 85.1913749575199,28.0323344108923,0 85.1924063608891,28.0307207170581,0 85.1923772847193,28.0291660868131,0 85.1922024662206,28.0284863683048,0</coordinates></LinearRing></outerBoundaryIs></Polygon></MultiGeometry>
  </Placemark>
  <Placemark id="settlement_area_ward.20">
	<name>Ghale gadi</name>
	<Style><LineStyle><color>ff0000ff</color></LineStyle><PolyStyle><fill>0</fill></PolyStyle></Style>
	<ExtendedData><SchemaData schemaUrl="#settlement_area_ward">
		<SimpleData name="tessellate">1</SimpleData>
		<SimpleData name="extrude">0</SimpleData>
		<SimpleData name="visibility">-1</SimpleData>
		<SimpleData name="district">RASUWA</SimpleData>
		<SimpleData name="gapa_napa">Uttargaya</SimpleData>
		<SimpleData name="new_ward_n">4</SimpleData>
	</SchemaData></ExtendedData>
      <MultiGeometry><Polygon><outerBoundaryIs><LinearRing><coordinates>85.1985257261414,28.0238673013441,0 85.202889205658,28.0236055650309,0 85.2049961911778,28.0219629853877,0 85.2058298971717,28.0184795358225,0 85.2060943527194,28.0179529534161,0 85.2062653612321,28.0152079119917,0 85.2062759002571,28.0146455177538,0 85.2054503443199,28.0130845555037,0 85.2052294081523,28.012654547286,0 85.2044326807186,28.0115166654677,0 85.2004507646392,28.0106948032987,0 85.2001292495814,28.010741888713,0 85.1975558831575,28.0121701292435,0 85.1964474202865,28.0149782334389,0 85.1972875674988,28.0189402570993,0 85.1985257261414,28.0238673013441,0</coordinates></LinearRing></outerBoundaryIs></Polygon></MultiGeometry>
  </Placemark>
  <Placemark id="settlement_area_ward.21">
	<name>Shanti Bazaar</name>
	<Style><LineStyle><color>ff0000ff</color></LineStyle><PolyStyle><fill>0</fill></PolyStyle></Style>
	<ExtendedData><SchemaData schemaUrl="#settlement_area_ward">
		<SimpleData name="tessellate">1</SimpleData>
		<SimpleData name="extrude">0</SimpleData>
		<SimpleData name="visibility">-1</SimpleData>
		<SimpleData name="district">RASUWA</SimpleData>
		<SimpleData name="gapa_napa">Uttargaya</SimpleData>
		<SimpleData name="new_ward_n">4</SimpleData>
	</SchemaData></ExtendedData>
      <MultiGeometry><Polygon><outerBoundaryIs><LinearRing><coordinates>85.1810385669091,28.0214904286403,0 85.1873170939473,28.0194583206105,0 85.1849354199694,28.0105779925422,0 85.1849348521196,28.0104600335878,0 85.1843352987394,28.007975650871,0 85.1828480268875,28.0066941708646,0 85.1790752082207,28.0084698201761,0 85.1790908962985,28.0086946568736,0 85.1779587952746,28.0111329097252,0 85.1760531874332,28.014108356125,0 85.1753605798546,28.0162497959981,0 85.1761015286222,28.0196573922613,0 85.1800208726103,28.0186893770675,0 85.1810385669091,28.0214904286403,0</coordinates></LinearRing></outerBoundaryIs></Polygon></MultiGeometry>
  </Placemark>
  <Placemark id="settlement_area_ward.22">
	<name>Nessing village</name>
	<Style><LineStyle><color>ff0000ff</color></LineStyle><PolyStyle><fill>0</fill></PolyStyle></Style>
	<ExtendedData><SchemaData schemaUrl="#settlement_area_ward">
		<SimpleData name="tessellate">1</SimpleData>
		<SimpleData name="extrude">0</SimpleData>
		<SimpleData name="visibility">-1</SimpleData>
		<SimpleData name="district">RASUWA</SimpleData>
		<SimpleData name="gapa_napa">Kalika</SimpleData>
		<SimpleData name="new_ward_n">1</SimpleData>
	</SchemaData></ExtendedData>
      <MultiGeometry><Polygon><outerBoundaryIs><LinearRing><coordinates>85.241211154017,28.0815163867217,0 85.2523396313702,28.0873358562174,0 85.2564446157578,28.0857083221839,0 85.2580338952038,28.0806642265849,0 85.2523753581058,28.0779927107709,0 85.2519613997124,28.0755410437839,0 85.2519593228847,28.0750539526259,0 85.249505261885,28.0735268810722,0 85.2493648892438,28.073413414916,0 85.2450710107452,28.0725152975673,0 85.2449365426906,28.0725149083926,0 85.2421254647283,28.0729453115163,0 85.2419123856543,28.0730185717179,0 85.240980435348,28.073577319668,0 85.2403702947473,28.0767219916107,0 85.241211154017,28.0815163867217,0</coordinates></LinearRing></outerBoundaryIs></Polygon></MultiGeometry>
  </Placemark>
  <Placemark id="settlement_area_ward.23">
	<name>Maliung</name>
	<Style><LineStyle><color>ff0000ff</color></LineStyle><PolyStyle><fill>0</fill></PolyStyle></Style>
	<ExtendedData><SchemaData schemaUrl="#settlement_area_ward">
		<SimpleData name="tessellate">1</SimpleData>
		<SimpleData name="extrude">0</SimpleData>
		<SimpleData name="visibility">-1</SimpleData>
		<SimpleData name="district">RASUWA</SimpleData>
		<SimpleData name="gapa_napa">Kalika</SimpleData>
		<SimpleData name="new_ward_n">1</SimpleData>
	</SchemaData></ExtendedData>
      <MultiGeometry><Polygon><outerBoundaryIs><LinearRing><coordinates>85.201295466445,28.0794230010874,0 85.2092692825971,28.0778786968815,0 85.2093463644764,28.0778557271662,0 85.211011643616,28.0765172470783,0 85.2110816788935,28.0764526263887,0 85.211256673574,28.0763027031336,0 85.2118802788453,28.0749417999382,0 85.2119037105657,28.0748227361018,0 85.2119441605087,28.0734137674294,0 85.2119288250988,28.0731229672704,0 85.2113950628151,28.0709551980698,0 85.2113642381366,28.070812683018,0 85.2090442927381,28.0692322479847,0 85.2090256324404,28.0614156369391,0 85.2044214728475,28.060317441713,0 85.2040757569988,28.0703167625575,0 85.2060899898408,28.0741305235065,0 85.201295466445,28.0794230010874,0</coordinates></LinearRing></outerBoundaryIs></Polygon></MultiGeometry>
  </Placemark>
  <Placemark id="settlement_area_ward.24">
	<name>Chipleti</name>
	<Style><LineStyle><color>ff0000ff</color></LineStyle><PolyStyle><fill>0</fill></PolyStyle></Style>
	<ExtendedData><SchemaData schemaUrl="#settlement_area_ward">
		<SimpleData name="tessellate">1</SimpleData>
		<SimpleData name="extrude">0</SimpleData>
		<SimpleData name="visibility">-1</SimpleData>
		<SimpleData name="district">RASUWA</SimpleData>
		<SimpleData name="gapa_napa">Kalika</SimpleData>
		<SimpleData name="new_ward_n">1</SimpleData>
	</SchemaData></ExtendedData>
      <MultiGeometry><Polygon><outerBoundaryIs><LinearRing><coordinates>85.2071706324808,28.0581322121961,0 85.2083335907809,28.0595207180787,0 85.208838133681,28.0573435359017,0 85.2091364006336,28.0550157236296,0 85.2091346366436,28.0547804855128,0 85.2078529046818,28.053063539964,0 85.2064365899329,28.0527692934031,0 85.2062914503128,28.0536321927936,0 85.2066579353708,28.0550113180138,0 85.2071706324808,28.0581322121961,0</coordinates></LinearRing></outerBoundaryIs></Polygon></MultiGeometry>
  </Placemark>
  <Placemark id="settlement_area_ward.25">
	<name>Gharang</name>
	<Style><LineStyle><color>ff0000ff</color></LineStyle><PolyStyle><fill>0</fill></PolyStyle></Style>
	<ExtendedData><SchemaData schemaUrl="#settlement_area_ward">
		<SimpleData name="tessellate">1</SimpleData>
		<SimpleData name="extrude">0</SimpleData>
		<SimpleData name="visibility">-1</SimpleData>
		<SimpleData name="district">RASUWA</SimpleData>
		<SimpleData name="gapa_napa">Kalika</SimpleData>
		<SimpleData name="new_ward_n">1</SimpleData>
	</SchemaData></ExtendedData>
      <MultiGeometry><Polygon><outerBoundaryIs><LinearRing><coordinates>85.2225928589239,28.0634904116295,0 85.2308392775586,28.064107241801,0 85.2311658267243,28.0636947930927,0 85.2320447668716,28.0609611235117,0 85.2321951529135,28.060537616067,0 85.2323386847887,28.0568457166219,0 85.2322854814617,28.0563899582014,0 85.2306481039625,28.0518904025036,0 85.2305956859676,28.0516915869035,0 85.2278585733967,28.0503588144991,0 85.2217251876301,28.0520724223805,0 85.2225928589239,28.0634904116295,0</coordinates></LinearRing></outerBoundaryIs></Polygon></MultiGeometry>
  </Placemark>
  <Placemark id="settlement_area_ward.26">
	<name>Ramche</name>
	<Style><LineStyle><color>ff0000ff</color></LineStyle><PolyStyle><fill>0</fill></PolyStyle></Style>
	<ExtendedData><SchemaData schemaUrl="#settlement_area_ward">
		<SimpleData name="tessellate">1</SimpleData>
		<SimpleData name="extrude">0</SimpleData>
		<SimpleData name="visibility">-1</SimpleData>
		<SimpleData name="district">RASUWA</SimpleData>
		<SimpleData name="gapa_napa">Kalika</SimpleData>
		<SimpleData name="new_ward_n">1</SimpleData>
	</SchemaData></ExtendedData>
      <MultiGeometry><Polygon><outerBoundaryIs><LinearRing><coordinates>85.2141713597893,28.0516432415659,0 85.2206142083418,28.050403536073,0 85.221298419522,28.0498139971794,0 85.2217089857178,28.0471908310704,0 85.2217709065129,28.0469797035326,0 85.2218937854089,28.0465607315555,0 85.2224304423942,28.0438224397721,0 85.2226158591213,28.0425595598585,0 85.2216597033868,28.0396246017811,0 85.2216488737049,28.0394855629353,0 85.2206182413641,28.0365851145731,0 85.2165389758534,28.0379147261078,0 85.2136638792184,28.0415022099557,0 85.2106424703944,28.0459573530305,0 85.210871330673,28.0510270561129,0 85.2141713597893,28.0516432415659,0</coordinates></LinearRing></outerBoundaryIs></Polygon></MultiGeometry>
  </Placemark>
  <Placemark id="settlement_area_ward.27">
	<name>Untitled Rasuwagadhi</name>
	<Style><LineStyle><color>ff0000ff</color></LineStyle><PolyStyle><fill>0</fill></PolyStyle></Style>
	<ExtendedData><SchemaData schemaUrl="#settlement_area_ward">
		<SimpleData name="tessellate">1</SimpleData>
		<SimpleData name="extrude">0</SimpleData>
		<SimpleData name="visibility">-1</SimpleData>
		<SimpleData name="district">RASUWA</SimpleData>
		<SimpleData name="gapa_napa">Gosaikunda</SimpleData>
		<SimpleData name="new_ward_n">1</SimpleData>
	</SchemaData></ExtendedData>
      <MultiGeometry><Polygon><outerBoundaryIs><LinearRing><coordinates>85.3761527495304,28.2822438429283,0 85.3799035737774,28.280955309405,0 85.3797481982993,28.2805760454429,0 85.3782004918667,28.2793399211956,0 85.3785127738947,28.2768833930541,0 85.3785131319457,28.2766640541309,0 85.378658798234,28.2754202250971,0 85.3787363951958,28.2750351867259,0 85.3791755426389,28.272768746394,0 85.3792093568102,28.2725946801282,0 85.3792310134681,28.2713173623757,0 85.3791801695534,28.2697053651541,0 85.3767827297041,28.2692404392894,0 85.3759094173123,28.2694381332149,0 85.3756968736807,28.2704409648041,0 85.3764021216737,28.2722433943155,0 85.3764311751256,28.2755741431196,0 85.3764821632381,28.2784555390066,0 85.3761527495304,28.2822438429283,0</coordinates></LinearRing></outerBoundaryIs></Polygon></MultiGeometry>
  </Placemark>
  <Placemark id="settlement_area_ward.28">
	<name>Timure</name>
	<Style><LineStyle><color>ff0000ff</color></LineStyle><PolyStyle><fill>0</fill></PolyStyle></Style>
	<ExtendedData><SchemaData schemaUrl="#settlement_area_ward">
		<SimpleData name="tessellate">1</SimpleData>
		<SimpleData name="extrude">0</SimpleData>
		<SimpleData name="visibility">-1</SimpleData>
		<SimpleData name="district">RASUWA</SimpleData>
		<SimpleData name="gapa_napa">Gosaikunda</SimpleData>
		<SimpleData name="new_ward_n">1</SimpleData>
	</SchemaData></ExtendedData>
      <MultiGeometry><Polygon><outerBoundaryIs><LinearRing><coordinates>85.3658233267334,28.2586853204907,0 85.3670458970021,28.2598761253387,0 85.3679896893249,28.2600703992358,0 85.3680753055931,28.2600444896994,0 85.3681702186664,28.2596269760569,0 85.3681730335548,28.2595351168782,0 85.368281396482,28.2578111594208,0 85.3683510769541,28.2566092179589,0 85.3682497347467,28.2560127993989,0 85.3682456377977,28.2557962230776,0 85.3680262701127,28.254901529948,0 85.3680549340635,28.2539781135427,0 85.3677693369426,28.2524355563643,0 85.3677376543459,28.2523638676747,0 85.3677190522371,28.2522869766329,0 85.3675468379211,28.2508993909445,0 85.3661985991131,28.2507284565843,0 85.3661445752071,28.2506963901733,0 85.365179005173,28.2508850621075,0 85.3643443885108,28.2515035784137,0 85.3638962656581,28.2521007429686,0 85.3637359506443,28.2530954859574,0 85.3643871016377,28.2558663091026,0 85.3658233267334,28.2586853204907,0</coordinates></LinearRing></outerBoundaryIs></Polygon></MultiGeometry>
  </Placemark>
  <Placemark id="settlement_area_ward.29">
	<name>Power house rasuwagadhi</name>
	<Style><LineStyle><color>ff0000ff</color></LineStyle><PolyStyle><fill>0</fill></PolyStyle></Style>
	<ExtendedData><SchemaData schemaUrl="#settlement_area_ward">
		<SimpleData name="tessellate">1</SimpleData>
		<SimpleData name="extrude">0</SimpleData>
		<SimpleData name="visibility">-1</SimpleData>
		<SimpleData name="district">RASUWA</SimpleData>
		<SimpleData name="gapa_napa">Gosaikunda</SimpleData>
		<SimpleData name="new_ward_n">1</SimpleData>
	</SchemaData></ExtendedData>
      <MultiGeometry><Polygon><outerBoundaryIs><LinearRing><coordinates>85.3574885313068,28.2434775512181,0 85.3588772948024,28.2444312149081,0 85.3591383768969,28.2439892472738,0 85.3591291377561,28.2421913693859,0 85.3591437709377,28.2420301988865,0 85.3593356492089,28.2408625713183,0 85.3594365564679,28.2403401125766,0 85.3594643093723,28.2402165087557,0 85.3596094783453,28.2395298407047,0 85.3594962691182,28.2380778429175,0 85.3595023792394,28.2380131431599,0 85.3584925292825,28.2377211469273,0 85.3575819620428,28.2373098679726,0 85.3573638721471,28.2377997568697,0 85.3569821269499,28.2391348109968,0 85.3563168715269,28.2406028896989,0 85.3574139057316,28.2433589997864,0 85.3574885313068,28.2434775512181,0</coordinates></LinearRing></outerBoundaryIs></Polygon></MultiGeometry>
  </Placemark>
  <Placemark id="settlement_area_ward.30">
	<name>Power house rasuwagadhi</name>
	<Style><LineStyle><color>ff0000ff</color></LineStyle><PolyStyle><fill>0</fill></PolyStyle></Style>
	<ExtendedData><SchemaData schemaUrl="#settlement_area_ward">
		<SimpleData name="tessellate">1</SimpleData>
		<SimpleData name="extrude">0</SimpleData>
		<SimpleData name="visibility">-1</SimpleData>
		<SimpleData name="district">RASUWA</SimpleData>
		<SimpleData name="gapa_napa">Gosaikunda</SimpleData>
		<SimpleData name="new_ward_n">1</SimpleData>
	</SchemaData></ExtendedData>
      <MultiGeometry><Polygon><outerBoundaryIs><LinearRing><coordinates>85.3604422386949,28.228834858267,0 85.3616771817481,28.228808819161,0 85.3619316803643,28.2276327502784,0 85.3620208277274,28.2265849608157,0 85.362138138112,28.2259127069201,0 85.3620167397289,28.2255443446651,0 85.3620059734163,28.2254608714415,0 85.3619904025815,28.2251914543428,0 85.3618623928604,28.2247851814301,0 85.3609251812952,28.2244973313071,0 85.3606967597327,28.2254617255,0 85.3604422386949,28.228834858267,0</coordinates></LinearRing></outerBoundaryIs></Polygon></MultiGeometry>
  </Placemark>
  <Placemark id="settlement_area_ward.31">
	<name>Village above syaburbensi</name>
	<Style><LineStyle><color>ff0000ff</color></LineStyle><PolyStyle><fill>0</fill></PolyStyle></Style>
	<ExtendedData><SchemaData schemaUrl="#settlement_area_ward">
		<SimpleData name="tessellate">1</SimpleData>
		<SimpleData name="extrude">0</SimpleData>
		<SimpleData name="visibility">-1</SimpleData>
		<SimpleData name="district">RASUWA</SimpleData>
		<SimpleData name="gapa_napa">Gosaikunda</SimpleData>
		<SimpleData name="new_ward_n">1</SimpleData>
	</SchemaData></ExtendedData>
      <MultiGeometry><Polygon><outerBoundaryIs><LinearRing><coordinates>85.3340222855008,28.1962232702501,0 85.3453301379271,28.2030112497532,0 85.3457210142484,28.200973440595,0 85.3450964017236,28.1969599314893,0 85.3450688791683,28.1968467411628,0 85.3448691155921,28.1950233592455,0 85.3448648886046,28.1946433701455,0 85.3448134047777,28.1944130283228,0 85.3445820735275,28.1920644968467,0 85.3445584860147,28.191821099057,0 85.3444681966324,28.1917121579451,0 85.3438807529091,28.1894771798595,0 85.3437040826368,28.1890607840006,0 85.3432012426134,28.1879340707886,0 85.3431083359665,28.1878225643016,0 85.341908319122,28.1862844714203,0 85.3404413442516,28.1871511564858,0 85.3382950524482,28.1868507643919,0 85.3359693740668,28.1915525749753,0 85.3340222855008,28.1962232702501,0</coordinates></LinearRing></outerBoundaryIs></Polygon></MultiGeometry>
  </Placemark>
  <Placemark id="settlement_area_ward.32">
	<name>Uttargaya Rural Municipality area</name>
	<Style><LineStyle><color>ff0000ff</color></LineStyle><PolyStyle><fill>0</fill></PolyStyle></Style>
	<ExtendedData><SchemaData schemaUrl="#settlement_area_ward">
		<SimpleData name="tessellate">1</SimpleData>
		<SimpleData name="extrude">0</SimpleData>
		<SimpleData name="visibility">-1</SimpleData>
		<SimpleData name="district">RASUWA</SimpleData>
		<SimpleData name="gapa_napa">Uttargaya</SimpleData>
		<SimpleData name="new_ward_n">5</SimpleData>
	</SchemaData></ExtendedData>
      <MultiGeometry><Polygon><outerBoundaryIs><LinearRing><coordinates>85.1840634135315,27.9942261510298,0 85.1845320760298,27.9945028294042,0 85.1850717716611,27.9940126176018,0 85.1842361424155,27.9919018236673,0 85.1838485400119,27.9909029107981,0 85.1831901684631,27.9909274729197,0 85.1824598308598,27.9915140274842,0 85.1821951116818,27.9923982922697,0 85.1822458490248,27.9931056164845,0 85.1837872300452,27.9941980840927,0 85.1840634135315,27.9942261510298,0</coordinates></LinearRing></outerBoundaryIs></Polygon></MultiGeometry>
  </Placemark>
  <Placemark id="settlement_area_ward.33">
	<name>Utargaya banuwa dada</name>
	<Style><LineStyle><color>ff0000ff</color></LineStyle><PolyStyle><fill>0</fill></PolyStyle></Style>
	<ExtendedData><SchemaData schemaUrl="#settlement_area_ward">
		<SimpleData name="tessellate">1</SimpleData>
		<SimpleData name="extrude">0</SimpleData>
		<SimpleData name="visibility">-1</SimpleData>
		<SimpleData name="district">RASUWA</SimpleData>
		<SimpleData name="gapa_napa">Uttargaya</SimpleData>
		<SimpleData name="new_ward_n">5</SimpleData>
	</SchemaData></ExtendedData>
      <MultiGeometry><Polygon><outerBoundaryIs><LinearRing><coordinates>85.1871961643023,27.9933883568006,0 85.1881356186361,27.9937220642015,0 85.1883495184876,27.9926295074013,0 85.1899401460048,27.9901514508696,0 85.1900398415422,27.9900165031884,0 85.190369792551,27.9889057633626,0 85.1903902159928,27.988746981505,0 85.1898996540771,27.9884646034598,0 85.1892340127929,27.9854714966637,0 85.1834470602255,27.9873577424818,0 85.1851003671415,27.9898569434465,0 85.1874013730556,27.9915334110324,0 85.1871961643023,27.9933883568006,0</coordinates></LinearRing></outerBoundaryIs></Polygon></MultiGeometry>
  </Placemark>
  <Placemark id="settlement_area_ward.34">
	<name>Trishuli Jal vidhyut company area</name>
	<Style><LineStyle><color>ff0000ff</color></LineStyle><PolyStyle><fill>0</fill></PolyStyle></Style>
	<ExtendedData><SchemaData schemaUrl="#settlement_area_ward">
		<SimpleData name="tessellate">1</SimpleData>
		<SimpleData name="extrude">0</SimpleData>
		<SimpleData name="visibility">-1</SimpleData>
		<SimpleData name="district">RASUWA</SimpleData>
		<SimpleData name="gapa_napa">Uttargaya</SimpleData>
		<SimpleData name="new_ward_n">5</SimpleData>
	</SchemaData></ExtendedData>
      <MultiGeometry><Polygon><outerBoundaryIs><LinearRing><coordinates>85.1844876421061,27.9987059365463,0 85.1855928762479,27.9981473658741,0 85.1858296868968,27.9972367932939,0 85.1853615307903,27.9962526650367,0 85.1844074957263,27.9949667154845,0 85.1821783603132,27.9933205607229,0 85.1814932940787,27.9931888450587,0 85.1808785158374,27.9935831118867,0 85.1808668179755,27.9936901454725,0 85.1812043519517,27.994787342121,0 85.182144933718,27.995703193411,0 85.1822871413224,27.9957793586781,0 85.1836717271653,27.9971917612043,0 85.1844876421061,27.9987059365463,0</coordinates></LinearRing></outerBoundaryIs></Polygon></MultiGeometry>
  </Placemark>
  <Placemark id="settlement_area_ward.35">
	<name>Betrawati area</name>
	<Style><LineStyle><color>ff0000ff</color></LineStyle><PolyStyle><fill>0</fill></PolyStyle></Style>
	<ExtendedData><SchemaData schemaUrl="#settlement_area_ward">
		<SimpleData name="tessellate">1</SimpleData>
		<SimpleData name="extrude">0</SimpleData>
		<SimpleData name="visibility">-1</SimpleData>
		<SimpleData name="district">RASUWA</SimpleData>
		<SimpleData name="gapa_napa">Uttargaya</SimpleData>
		<SimpleData name="new_ward_n">5</SimpleData>
	</SchemaData></ExtendedData>
      <MultiGeometry><Polygon><outerBoundaryIs><LinearRing><coordinates>85.1810218091328,27.9882113219294,0 85.1845465397783,27.9862920029227,0 85.1868723499128,27.9825322617744,0 85.1871573128272,27.9820282991277,0 85.1864308372344,27.9806359677202,0 85.1856688221596,27.9790601522066,0 85.1861833689924,27.9761407333715,0 85.1862083414138,27.9758796940616,0 85.1860498585932,27.9752478368692,0 85.1854539599028,27.974516665395,0 85.1853741782965,27.9744597841282,0 85.1848898970741,27.9741958703497,0 85.1839574912727,27.9739711386608,0 85.1833909788098,27.9747421394893,0 85.1805768748513,27.9808619429379,0 85.180802126095,27.9828115909935,0 85.1807611743532,27.9858897027241,0 85.1810218091328,27.9882113219294,0</coordinates></LinearRing></outerBoundaryIs></Polygon></MultiGeometry>
  </Placemark>
  <Placemark id="settlement_area_ward.36">
	<name>Betrawati bazar</name>
	<Style><LineStyle><color>ff0000ff</color></LineStyle><PolyStyle><fill>0</fill></PolyStyle></Style>
	<ExtendedData><SchemaData schemaUrl="#settlement_area_ward">
		<SimpleData name="tessellate">1</SimpleData>
		<SimpleData name="extrude">0</SimpleData>
		<SimpleData name="visibility">-1</SimpleData>
		<SimpleData name="district">RASUWA</SimpleData>
		<SimpleData name="gapa_napa">Uttargaya</SimpleData>
		<SimpleData name="new_ward_n">5</SimpleData>
	</SchemaData></ExtendedData>
      <MultiGeometry><Polygon><outerBoundaryIs><LinearRing><coordinates>85.1852154709754,27.9739967144853,0 85.185824416023,27.9743887714353,0 85.1874209372776,27.9747409431776,0 85.1877939075163,27.9740027575488,0 85.1878071825133,27.9739515706145,0 85.1877664682985,27.9735242124117,0 85.1875428178845,27.9732185009566,0 85.1872218917972,27.9738610641544,0 85.1865976999788,27.9743115438166,0 85.1866091225191,27.9735215733094,0 85.1862439004048,27.9725238598135,0 85.1860534043067,27.9719339665353,0 85.1855558402097,27.9708557126717,0 85.1849103589343,27.9697809912541,0 85.1829968354475,27.9687690700328,0 85.1810638748535,27.9680506066107,0 85.1802123641101,27.967618890096,0 85.1794452798859,27.9675238448074,0 85.1788786916826,27.9678000812474,0 85.1791847253129,27.9681698175161,0 85.1798697675627,27.9687395734438,0 85.1812454997565,27.9694218117433,0 85.1829220609905,27.9701608121264,0 85.1837736405449,27.9706660575872,0 85.1843578703168,27.9711134020232,0 85.1843889448559,27.9711539900782,0 85.1846309505224,27.9720510005804,0 85.1848369716882,27.9729736416806,0 85.1852154709754,27.9739967144853,0</coordinates></LinearRing></outerBoundaryIs></Polygon></MultiGeometry>
  </Placemark>
  <Placemark id="settlement_area_ward.37">
	<name>Power house rasuwagadhi</name>
	<Style><LineStyle><color>ff0000ff</color></LineStyle><PolyStyle><fill>0</fill></PolyStyle></Style>
	<ExtendedData><SchemaData schemaUrl="#settlement_area_ward">
		<SimpleData name="tessellate">1</SimpleData>
		<SimpleData name="extrude">0</SimpleData>
		<SimpleData name="visibility">-1</SimpleData>
		<SimpleData name="district">RASUWA</SimpleData>
		<SimpleData name="gapa_napa">Gosaikunda</SimpleData>
		<SimpleData name="new_ward_n">3</SimpleData>
	</SchemaData></ExtendedData>
      <MultiGeometry><Polygon><outerBoundaryIs><LinearRing><coordinates>85.3604422386949,28.228834858267,0 85.3616771817481,28.228808819161,0 85.3619316803643,28.2276327502784,0 85.3620208277274,28.2265849608157,0 85.362138138112,28.2259127069201,0 85.3620167397289,28.2255443446651,0 85.3620059734163,28.2254608714415,0 85.3619904025815,28.2251914543428,0 85.3618623928604,28.2247851814301,0 85.3609251812952,28.2244973313071,0 85.3606967597327,28.2254617255,0 85.3604422386949,28.228834858267,0</coordinates></LinearRing></outerBoundaryIs></Polygon></MultiGeometry>
  </Placemark>
  <Placemark id="settlement_area_ward.38">
	<name>Village near rasuwagadhi</name>
	<Style><LineStyle><color>ff0000ff</color></LineStyle><PolyStyle><fill>0</fill></PolyStyle></Style>
	<ExtendedData><SchemaData schemaUrl="#settlement_area_ward">
		<SimpleData name="tessellate">1</SimpleData>
		<SimpleData name="extrude">0</SimpleData>
		<SimpleData name="visibility">-1</SimpleData>
		<SimpleData name="district">RASUWA</SimpleData>
		<SimpleData name="gapa_napa">Gosaikunda</SimpleData>
		<SimpleData name="new_ward_n">3</SimpleData>
	</SchemaData></ExtendedData>
      <MultiGeometry><Polygon><outerBoundaryIs><LinearRing><coordinates>85.3549751327169,28.2161782153429,0 85.3605166210191,28.2145425198361,0 85.3622042829871,28.2135800948079,0 85.3623011694471,28.2134302480905,0 85.3623167927244,28.2133847470017,0 85.3623377894724,28.213333002811,0 85.3625877919134,28.2122130009398,0 85.3623947197953,28.210987207574,0 85.3623746580372,28.2109133107012,0 85.3615045019928,28.209376555291,0 85.3606881955536,28.209012342902,0 85.3589641668019,28.2092587706341,0 85.3569877441834,28.2093693548701,0 85.355928415583,28.2105707436638,0 85.3550514583259,28.2139724154614,0 85.3549751327169,28.2161782153429,0</coordinates></LinearRing></outerBoundaryIs></Polygon></MultiGeometry>
  </Placemark>
  <Placemark id="settlement_area_ward.39">
	<name>Syaburbensi</name>
	<Style><LineStyle><color>ff0000ff</color></LineStyle><PolyStyle><fill>0</fill></PolyStyle></Style>
	<ExtendedData><SchemaData schemaUrl="#settlement_area_ward">
		<SimpleData name="tessellate">1</SimpleData>
		<SimpleData name="extrude">0</SimpleData>
		<SimpleData name="visibility">-1</SimpleData>
		<SimpleData name="district">RASUWA</SimpleData>
		<SimpleData name="gapa_napa">Gosaikunda</SimpleData>
		<SimpleData name="new_ward_n">3</SimpleData>
	</SchemaData></ExtendedData>
      <MultiGeometry><Polygon><outerBoundaryIs><LinearRing><coordinates>85.3360624890825,28.1828890715784,0 85.3378146702756,28.1838023181147,0 85.3400708888722,28.1836920604417,0 85.3402827467251,28.1836189674231,0 85.3414851254637,28.18340300232,0 85.3415698028746,28.1833817936109,0 85.3416931822082,28.1833001035398,0 85.343592191025,28.1820847828072,0 85.3435010474796,28.1805737348798,0 85.3429233097052,28.1791813088038,0 85.3416322008155,28.179534497299,0 85.339013468826,28.1781030574561,0 85.3377404996567,28.1792226925468,0 85.3360624890825,28.1828890715784,0</coordinates></LinearRing></outerBoundaryIs></Polygon></MultiGeometry>
  </Placemark>
  <Placemark id="settlement_area_ward.40">
	<name>Nessing village</name>
	<Style><LineStyle><color>ff0000ff</color></LineStyle><PolyStyle><fill>0</fill></PolyStyle></Style>
	<ExtendedData><SchemaData schemaUrl="#settlement_area_ward">
		<SimpleData name="tessellate">1</SimpleData>
		<SimpleData name="extrude">0</SimpleData>
		<SimpleData name="visibility">-1</SimpleData>
		<SimpleData name="district">RASUWA</SimpleData>
		<SimpleData name="gapa_napa">Gosaikunda</SimpleData>
		<SimpleData name="new_ward_n">6</SimpleData>
	</SchemaData></ExtendedData>
      <MultiGeometry><Polygon><outerBoundaryIs><LinearRing><coordinates>85.241211154017,28.0815163867217,0 85.2523396313702,28.0873358562174,0 85.2564446157578,28.0857083221839,0 85.2580338952038,28.0806642265849,0 85.2523753581058,28.0779927107709,0 85.2519613997124,28.0755410437839,0 85.2519593228847,28.0750539526259,0 85.249505261885,28.0735268810722,0 85.2493648892438,28.073413414916,0 85.2450710107452,28.0725152975673,0 85.2449365426906,28.0725149083926,0 85.2421254647283,28.0729453115163,0 85.2419123856543,28.0730185717179,0 85.240980435348,28.073577319668,0 85.2403702947473,28.0767219916107,0 85.241211154017,28.0815163867217,0</coordinates></LinearRing></outerBoundaryIs></Polygon></MultiGeometry>
  </Placemark>
  <Placemark id="settlement_area_ward.41">
	<name>Haku suspension bridge area</name>
	<Style><LineStyle><color>ff0000ff</color></LineStyle><PolyStyle><fill>0</fill></PolyStyle></Style>
	<ExtendedData><SchemaData schemaUrl="#settlement_area_ward">
		<SimpleData name="tessellate">1</SimpleData>
		<SimpleData name="extrude">0</SimpleData>
		<SimpleData name="visibility">-1</SimpleData>
		<SimpleData name="district">RASUWA</SimpleData>
		<SimpleData name="gapa_napa">Gosaikunda</SimpleData>
		<SimpleData name="new_ward_n">6</SimpleData>
	</SchemaData></ExtendedData>
      <MultiGeometry><Polygon><outerBoundaryIs><LinearRing><coordinates>85.2297457051798,28.0906968823118,0 85.2314530570507,28.0924027464424,0 85.2349179691204,28.0933583888603,0 85.2371339849664,28.0922782673569,0 85.2371991712806,28.0921933634257,0 85.2380877258269,28.0906079070888,0 85.2353214602077,28.0891126846971,0 85.2334153809157,28.0883609618544,0 85.2333013823771,28.088360640805,0 85.2321836691367,28.0889880775569,0 85.230766788796,28.0875734435294,0 85.2297457051798,28.0906968823118,0</coordinates></LinearRing></outerBoundaryIs></Polygon></MultiGeometry>
  </Placemark>
  <Placemark id="settlement_area_ward.42">
	<name>Dhunche Bazar</name>
	<Style><LineStyle><color>ff0000ff</color></LineStyle><PolyStyle><fill>0</fill></PolyStyle></Style>
	<ExtendedData><SchemaData schemaUrl="#settlement_area_ward">
		<SimpleData name="tessellate">1</SimpleData>
		<SimpleData name="extrude">0</SimpleData>
		<SimpleData name="visibility">-1</SimpleData>
		<SimpleData name="district">RASUWA</SimpleData>
		<SimpleData name="gapa_napa">Gosaikunda</SimpleData>
		<SimpleData name="new_ward_n">6</SimpleData>
	</SchemaData></ExtendedData>
      <MultiGeometry><Polygon><outerBoundaryIs><LinearRing><coordinates>85.2878037305816,28.1207471825935,0 85.3092050856515,28.1167626781461,0 85.3111845885326,28.1121404155988,0 85.3114575641906,28.1113852993765,0 85.3118927768434,28.1093517009354,0 85.3120711031453,28.1073475754057,0 85.3119610797398,28.1046887032079,0 85.3117845451557,28.1010743949634,0 85.3098934876393,28.0981027750363,0 85.3064313452303,28.0967740021359,0 85.3020797019565,28.0990734380971,0 85.2848846359057,28.1031228262969,0 85.2878037305816,28.1207471825935,0</coordinates></LinearRing></outerBoundaryIs></Polygon></MultiGeometry>
  </Placemark>
  <Placemark id="settlement_area_ward.43">
	<name>Bhimali gaau</name>
	<Style><LineStyle><color>ff0000ff</color></LineStyle><PolyStyle><fill>0</fill></PolyStyle></Style>
	<ExtendedData><SchemaData schemaUrl="#settlement_area_ward">
		<SimpleData name="tessellate">1</SimpleData>
		<SimpleData name="extrude">0</SimpleData>
		<SimpleData name="visibility">-1</SimpleData>
		<SimpleData name="district">RASUWA</SimpleData>
		<SimpleData name="gapa_napa">Gosaikunda</SimpleData>
		<SimpleData name="new_ward_n">6</SimpleData>
	</SchemaData></ExtendedData>
      <MultiGeometry><Polygon><outerBoundaryIs><LinearRing><coordinates>85.2779023691834,28.1111405609641,0 85.2824844743239,28.1004465705209,0 85.282358042431,28.0995932365942,0 85.2819086349154,28.0981179308837,0 85.2814745512934,28.0970536942645,0 85.280957416865,28.0975613226186,0 85.2796072646402,28.0981239817214,0 85.2768740381001,28.0990884626248,0 85.2756079719703,28.1019086039931,0 85.2759754276236,28.1037522376177,0 85.276770180209,28.1061357935691,0 85.2768974671438,28.1058901105704,0 85.2779023691834,28.1111405609641,0</coordinates></LinearRing></outerBoundaryIs></Polygon></MultiGeometry>
  </Placemark>
  <Placemark id="settlement_area_ward.44">
	<name>Himalayan Rainbow trade area</name>
	<Style><LineStyle><color>ff0000ff</color></LineStyle><PolyStyle><fill>0</fill></PolyStyle></Style>
	<ExtendedData><SchemaData schemaUrl="#settlement_area_ward">
		<SimpleData name="tessellate">1</SimpleData>
		<SimpleData name="extrude">0</SimpleData>
		<SimpleData name="visibility">-1</SimpleData>
		<SimpleData name="district">RASUWA</SimpleData>
		<SimpleData name="gapa_napa">Gosaikunda</SimpleData>
		<SimpleData name="new_ward_n">6</SimpleData>
	</SchemaData></ExtendedData>
      <MultiGeometry><Polygon><outerBoundaryIs><LinearRing><coordinates>85.2738752468263,28.0908697833243,0 85.2756887697546,28.093675109181,0 85.2777714234792,28.0905489598614,0 85.2780278813905,28.0894178791455,0 85.2779667353713,28.0892479317447,0 85.2775821431565,28.0887118477593,0 85.2775132112863,28.0886978628873,0 85.2760320487884,28.0885082848215,0 85.2757784434172,28.0886131195589,0 85.2752872198638,28.0887428542365,0 85.2738752468263,28.0908697833243,0</coordinates></LinearRing></outerBoundaryIs></Polygon></MultiGeometry>
  </Placemark>
  <Placemark id="settlement_area_ward.45">
	<name>Syaburbensi</name>
	<Style><LineStyle><color>ff0000ff</color></LineStyle><PolyStyle><fill>0</fill></PolyStyle></Style>
	<ExtendedData><SchemaData schemaUrl="#settlement_area_ward">
		<SimpleData name="tessellate">1</SimpleData>
		<SimpleData name="extrude">0</SimpleData>
		<SimpleData name="visibility">-1</SimpleData>
		<SimpleData name="district">RASUWA</SimpleData>
		<SimpleData name="gapa_napa">Gosaikunda</SimpleData>
		<SimpleData name="new_ward_n">5</SimpleData>
	</SchemaData></ExtendedData>
      <MultiGeometry><Polygon><outerBoundaryIs><LinearRing><coordinates>85.3360624890825,28.1828890715784,0 85.3378146702756,28.1838023181147,0 85.3400708888722,28.1836920604417,0 85.3402827467251,28.1836189674231,0 85.3414851254637,28.18340300232,0 85.3415698028746,28.1833817936109,0 85.3416931822082,28.1833001035398,0 85.343592191025,28.1820847828072,0 85.3435010474796,28.1805737348798,0 85.3429233097052,28.1791813088038,0 85.3416322008155,28.179534497299,0 85.339013468826,28.1781030574561,0 85.3377404996567,28.1792226925468,0 85.3360624890825,28.1828890715784,0</coordinates></LinearRing></outerBoundaryIs></Polygon></MultiGeometry>
  </Placemark>
  <Placemark id="settlement_area_ward.46">
	<name>Syapru Besi</name>
	<Style><LineStyle><color>ff0000ff</color></LineStyle><PolyStyle><fill>0</fill></PolyStyle></Style>
	<ExtendedData><SchemaData schemaUrl="#settlement_area_ward">
		<SimpleData name="tessellate">1</SimpleData>
		<SimpleData name="extrude">0</SimpleData>
		<SimpleData name="visibility">-1</SimpleData>
		<SimpleData name="district">RASUWA</SimpleData>
		<SimpleData name="gapa_napa">Gosaikunda</SimpleData>
		<SimpleData name="new_ward_n">5</SimpleData>
	</SchemaData></ExtendedData>
      <MultiGeometry><Polygon><outerBoundaryIs><LinearRing><coordinates>85.3328722629077,28.1618834014138,0 85.3313909885794,28.1646181969781,0 85.3329476453644,28.1650528509376,0 85.3330451160623,28.1650614273879,0 85.3335826841778,28.1651151643386,0 85.3370937125091,28.1662110977588,0 85.3372860594819,28.1662396425646,0 85.3409404899653,28.1686382016291,0 85.3412254447834,28.1688090460701,0 85.3417729313581,28.1688140168423,0 85.3420030869083,28.168460435282,0 85.3425564856016,28.1672346918407,0 85.3423868219301,28.165708101811,0 85.3397191565044,28.1637462670053,0 85.3394902414503,28.1634764025283,0 85.3394113162878,28.1633855659341,0 85.3393254003591,28.1630225246398,0 85.3381918429079,28.1617541046533,0 85.3370621780633,28.1605568572081,0 85.3370028415523,28.1604866583787,0 85.3369693676298,28.1604700276983,0 85.336114376056,28.1598034578724,0 85.3355266989679,28.1599726174254,0 85.3348833562601,28.1610644686375,0 85.3328722629077,28.1618834014138,0</coordinates></LinearRing></outerBoundaryIs></Polygon></MultiGeometry>
  </Placemark>
  <Placemark id="settlement_area_ward.47">
	<name>Brabal</name>
	<Style><LineStyle><color>ff0000ff</color></LineStyle><PolyStyle><fill>0</fill></PolyStyle></Style>
	<ExtendedData><SchemaData schemaUrl="#settlement_area_ward">
		<SimpleData name="tessellate">1</SimpleData>
		<SimpleData name="extrude">0</SimpleData>
		<SimpleData name="visibility">-1</SimpleData>
		<SimpleData name="district">RASUWA</SimpleData>
		<SimpleData name="gapa_napa">Gosaikunda</SimpleData>
		<SimpleData name="new_ward_n">5</SimpleData>
	</SchemaData></ExtendedData>
      <MultiGeometry><Polygon><outerBoundaryIs><LinearRing><coordinates>85.3356254309913,28.148184154273,0 85.3396511305646,28.1470068099371,0 85.3399170365198,28.1435935907816,0 85.3393584718467,28.1420974047605,0 85.3388632539078,28.1415767417209,0 85.3388237144308,28.1414657386779,0 85.3385633136488,28.1411991950345,0 85.3377084320548,28.1406864780238,0 85.3367469914932,28.1416169831488,0 85.3369965465959,28.1421873963558,0 85.3366654086103,28.143512441007,0 85.3356818264238,28.1453993846928,0 85.3358833311494,28.1466534351051,0 85.3356254309913,28.148184154273,0</coordinates></LinearRing></outerBoundaryIs></Polygon></MultiGeometry>
  </Placemark>
  <Placemark id="settlement_area_ward.48">
	<name>Thulo Bharkhu</name>
	<Style><LineStyle><color>ff0000ff</color></LineStyle><PolyStyle><fill>0</fill></PolyStyle></Style>
	<ExtendedData><SchemaData schemaUrl="#settlement_area_ward">
		<SimpleData name="tessellate">1</SimpleData>
		<SimpleData name="extrude">0</SimpleData>
		<SimpleData name="visibility">-1</SimpleData>
		<SimpleData name="district">RASUWA</SimpleData>
		<SimpleData name="gapa_napa">Gosaikunda</SimpleData>
		<SimpleData name="new_ward_n">5</SimpleData>
	</SchemaData></ExtendedData>
      <MultiGeometry><Polygon><outerBoundaryIs><LinearRing><coordinates>85.3056336133479,28.1385456033915,0 85.3148934327337,28.1397467428802,0 85.3167159628526,28.133167625996,0 85.3172467002567,28.1304362487056,0 85.3164956929869,28.1261746954652,0 85.3153553158674,28.1221513375052,0 85.309303867896,28.1243115685488,0 85.3069891205817,28.1305267394562,0 85.3056336133479,28.1385456033915,0</coordinates></LinearRing></outerBoundaryIs></Polygon></MultiGeometry>
  </Placemark>
  <Placemark id="settlement_area_ward.49">
	<name>Dhunche Bazar</name>
	<Style><LineStyle><color>ff0000ff</color></LineStyle><PolyStyle><fill>0</fill></PolyStyle></Style>
	<ExtendedData><SchemaData schemaUrl="#settlement_area_ward">
		<SimpleData name="tessellate">1</SimpleData>
		<SimpleData name="extrude">0</SimpleData>
		<SimpleData name="visibility">-1</SimpleData>
		<SimpleData name="district">RASUWA</SimpleData>
		<SimpleData name="gapa_napa">Gosaikunda</SimpleData>
		<SimpleData name="new_ward_n">5</SimpleData>
	</SchemaData></ExtendedData>
      <MultiGeometry><Polygon><outerBoundaryIs><LinearRing><coordinates>85.2878037305816,28.1207471825935,0 85.3092050856515,28.1167626781461,0 85.3111845885326,28.1121404155988,0 85.3114575641906,28.1113852993765,0 85.3118927768434,28.1093517009354,0 85.3120711031453,28.1073475754057,0 85.3119610797398,28.1046887032079,0 85.3117845451557,28.1010743949634,0 85.3098934876393,28.0981027750363,0 85.3064313452303,28.0967740021359,0 85.3020797019565,28.0990734380971,0 85.2848846359057,28.1031228262969,0 85.2878037305816,28.1207471825935,0</coordinates></LinearRing></outerBoundaryIs></Polygon></MultiGeometry>
  </Placemark>
  <Placemark id="settlement_area_ward.50">
	<name>Untitled Rasuwagadhi</name>
	<Style><LineStyle><color>ff0000ff</color></LineStyle><PolyStyle><fill>0</fill></PolyStyle></Style>
	<ExtendedData><SchemaData schemaUrl="#settlement_area_ward">
		<SimpleData name="tessellate">1</SimpleData>
		<SimpleData name="extrude">0</SimpleData>
		<SimpleData name="visibility">-1</SimpleData>
		<SimpleData name="district">RASUWA</SimpleData>
		<SimpleData name="gapa_napa">Gosaikunda</SimpleData>
		<SimpleData name="new_ward_n">2</SimpleData>
	</SchemaData></ExtendedData>
      <MultiGeometry><Polygon><outerBoundaryIs><LinearRing><coordinates>85.3761527495304,28.2822438429283,0 85.3799035737774,28.280955309405,0 85.3797481982993,28.2805760454429,0 85.3782004918667,28.2793399211956,0 85.3785127738947,28.2768833930541,0 85.3785131319457,28.2766640541309,0 85.378658798234,28.2754202250971,0 85.3787363951958,28.2750351867259,0 85.3791755426389,28.272768746394,0 85.3792093568102,28.2725946801282,0 85.3792310134681,28.2713173623757,0 85.3791801695534,28.2697053651541,0 85.3767827297041,28.2692404392894,0 85.3759094173123,28.2694381332149,0 85.3756968736807,28.2704409648041,0 85.3764021216737,28.2722433943155,0 85.3764311751256,28.2755741431196,0 85.3764821632381,28.2784555390066,0 85.3761527495304,28.2822438429283,0</coordinates></LinearRing></outerBoundaryIs></Polygon></MultiGeometry>
  </Placemark>
  <Placemark id="settlement_area_ward.51">
	<name>Piding</name>
	<Style><LineStyle><color>ff0000ff</color></LineStyle><PolyStyle><fill>0</fill></PolyStyle></Style>
	<ExtendedData><SchemaData schemaUrl="#settlement_area_ward">
		<SimpleData name="tessellate">1</SimpleData>
		<SimpleData name="extrude">0</SimpleData>
		<SimpleData name="visibility">-1</SimpleData>
		<SimpleData name="district">RASUWA</SimpleData>
		<SimpleData name="gapa_napa">Gosaikunda</SimpleData>
		<SimpleData name="new_ward_n">2</SimpleData>
	</SchemaData></ExtendedData>
      <MultiGeometry><Polygon><outerBoundaryIs><LinearRing><coordinates>85.3758555770542,28.2662374451408,0 85.376251337293,28.2658882246425,0 85.3756019967922,28.2640551769131,0 85.3755912849335,28.263953514595,0 85.3749418607187,28.2621640370924,0 85.3749320080296,28.2621262507256,0 85.3740069313602,28.2622556220546,0 85.3739617448407,28.262271751217,0 85.3734702326713,28.2630211387072,0 85.3731822570132,28.2639970265209,0 85.3731039163537,28.2644825904291,0 85.3739473021579,28.2653060978291,0 85.3758555770542,28.2662374451408,0</coordinates></LinearRing></outerBoundaryIs></Polygon></MultiGeometry>
  </Placemark>
  <Placemark id="settlement_area_ward.52">
	<name>Timure</name>
	<Style><LineStyle><color>ff0000ff</color></LineStyle><PolyStyle><fill>0</fill></PolyStyle></Style>
	<ExtendedData><SchemaData schemaUrl="#settlement_area_ward">
		<SimpleData name="tessellate">1</SimpleData>
		<SimpleData name="extrude">0</SimpleData>
		<SimpleData name="visibility">-1</SimpleData>
		<SimpleData name="district">RASUWA</SimpleData>
		<SimpleData name="gapa_napa">Gosaikunda</SimpleData>
		<SimpleData name="new_ward_n">2</SimpleData>
	</SchemaData></ExtendedData>
      <MultiGeometry><Polygon><outerBoundaryIs><LinearRing><coordinates>85.3658233267334,28.2586853204907,0 85.3670458970021,28.2598761253387,0 85.3679896893249,28.2600703992358,0 85.3680753055931,28.2600444896994,0 85.3681702186664,28.2596269760569,0 85.3681730335548,28.2595351168782,0 85.368281396482,28.2578111594208,0 85.3683510769541,28.2566092179589,0 85.3682497347467,28.2560127993989,0 85.3682456377977,28.2557962230776,0 85.3680262701127,28.254901529948,0 85.3680549340635,28.2539781135427,0 85.3677693369426,28.2524355563643,0 85.3677376543459,28.2523638676747,0 85.3677190522371,28.2522869766329,0 85.3675468379211,28.2508993909445,0 85.3661985991131,28.2507284565843,0 85.3661445752071,28.2506963901733,0 85.365179005173,28.2508850621075,0 85.3643443885108,28.2515035784137,0 85.3638962656581,28.2521007429686,0 85.3637359506443,28.2530954859574,0 85.3643871016377,28.2558663091026,0 85.3658233267334,28.2586853204907,0</coordinates></LinearRing></outerBoundaryIs></Polygon></MultiGeometry>
  </Placemark>
  <Placemark id="settlement_area_ward.53">
	<name>Power house rasuwagadhi</name>
	<Style><LineStyle><color>ff0000ff</color></LineStyle><PolyStyle><fill>0</fill></PolyStyle></Style>
	<ExtendedData><SchemaData schemaUrl="#settlement_area_ward">
		<SimpleData name="tessellate">1</SimpleData>
		<SimpleData name="extrude">0</SimpleData>
		<SimpleData name="visibility">-1</SimpleData>
		<SimpleData name="district">RASUWA</SimpleData>
		<SimpleData name="gapa_napa">Gosaikunda</SimpleData>
		<SimpleData name="new_ward_n">2</SimpleData>
	</SchemaData></ExtendedData>
      <MultiGeometry><Polygon><outerBoundaryIs><LinearRing><coordinates>85.3574885313068,28.2434775512181,0 85.3588772948024,28.2444312149081,0 85.3591383768969,28.2439892472738,0 85.3591291377561,28.2421913693859,0 85.3591437709377,28.2420301988865,0 85.3593356492089,28.2408625713183,0 85.3594365564679,28.2403401125766,0 85.3594643093723,28.2402165087557,0 85.3596094783453,28.2395298407047,0 85.3594962691182,28.2380778429175,0 85.3595023792394,28.2380131431599,0 85.3584925292825,28.2377211469273,0 85.3575819620428,28.2373098679726,0 85.3573638721471,28.2377997568697,0 85.3569821269499,28.2391348109968,0 85.3563168715269,28.2406028896989,0 85.3574139057316,28.2433589997864,0 85.3574885313068,28.2434775512181,0</coordinates></LinearRing></outerBoundaryIs></Polygon></MultiGeometry>
  </Placemark>
  <Placemark id="settlement_area_ward.54">
	<name>Power house rasuwagadhi</name>
	<Style><LineStyle><color>ff0000ff</color></LineStyle><PolyStyle><fill>0</fill></PolyStyle></Style>
	<ExtendedData><SchemaData schemaUrl="#settlement_area_ward">
		<SimpleData name="tessellate">1</SimpleData>
		<SimpleData name="extrude">0</SimpleData>
		<SimpleData name="visibility">-1</SimpleData>
		<SimpleData name="district">RASUWA</SimpleData>
		<SimpleData name="gapa_napa">Gosaikunda</SimpleData>
		<SimpleData name="new_ward_n">2</SimpleData>
	</SchemaData></ExtendedData>
      <MultiGeometry><Polygon><outerBoundaryIs><LinearRing><coordinates>85.3604422386949,28.228834858267,0 85.3616771817481,28.228808819161,0 85.3619316803643,28.2276327502784,0 85.3620208277274,28.2265849608157,0 85.362138138112,28.2259127069201,0 85.3620167397289,28.2255443446651,0 85.3620059734163,28.2254608714415,0 85.3619904025815,28.2251914543428,0 85.3618623928604,28.2247851814301,0 85.3609251812952,28.2244973313071,0 85.3606967597327,28.2254617255,0 85.3604422386949,28.228834858267,0</coordinates></LinearRing></outerBoundaryIs></Polygon></MultiGeometry>
  </Placemark>
  <Placemark id="settlement_area_ward.55">
	<name>Munglin bazar</name>
	<Style><LineStyle><color>ff0000ff</color></LineStyle><PolyStyle><fill>0</fill></PolyStyle></Style>
	<ExtendedData><SchemaData schemaUrl="#settlement_area_ward">
		<SimpleData name="tessellate">1</SimpleData>
		<SimpleData name="extrude">0</SimpleData>
		<SimpleData name="visibility">-1</SimpleData>
		<SimpleData name="district">CHITAWAN</SimpleData>
		<SimpleData name="gapa_napa">Ichchhyakamana</SimpleData>
		<SimpleData name="new_ward_n">5</SimpleData>
	</SchemaData></ExtendedData>
      <MultiGeometry><Polygon><outerBoundaryIs><LinearRing><coordinates>84.5681541305156,27.8586929394972,0 84.56704546499,27.8559333993094,0 84.5669758977332,27.8558899116858,0 84.5669085280558,27.8558618798095,0 84.566872860804,27.8558325374994,0 84.5658662563545,27.8553280852107,0 84.5653986619996,27.8551837848098,0 84.5650160240662,27.855081515942,0 84.5648885858374,27.8550426636929,0 84.5634584641585,27.8545942861599,0 84.5631957259334,27.8545195017593,0 84.5629797281124,27.854443107366,0 84.5628413200419,27.8543921514636,0 84.5627646914683,27.854367052995,0 84.5627188439443,27.8543548404499,0 84.5618390358893,27.8541111883153,0 84.5617036628945,27.8540890664052,0 84.5615387130544,27.854012682701,0 84.5614189424029,27.8539900591889,0 84.5613889654424,27.8539913343992,0 84.5588596023041,27.8529053590178,0 84.5585782457886,27.8528137177877,0 84.5584768914608,27.8528180093729,0 84.5578492543135,27.8530262234142,0 84.5578173282977,27.8530536743943,0 84.5577693525417,27.8530949256713,0 84.5575966128864,27.8540008357875,0 84.5575935565888,27.8540284747542,0 84.5575828237555,27.8541255344024,0 84.5580795169717,27.8548668070671,0 84.5581352748986,27.854922145706,0 84.5581605120436,27.8549789609837,0 84.5581731589916,27.8550074333088,0 84.5582266076323,27.8550924531018,0 84.5585992122225,27.8558046966263,0 84.5586281742584,27.8558337669983,0 84.5586705133631,27.8558927154388,0 84.5587567450789,27.8559958104339,0 84.5588141150448,27.8560699870895,0 84.5588694729098,27.8561754065752,0 84.5589136741539,27.8562198899168,0 84.5595497715952,27.8573393184272,0 84.5595652125645,27.8573550505381,0 84.5614560683429,27.8575211943719,0 84.5681541305156,27.8586929394972,0</coordinates></LinearRing></outerBoundaryIs></Polygon></MultiGeometry>
  </Placemark>
  <Placemark id="settlement_area_ward.56">
	<name>santi bazar</name>
	<Style><LineStyle><color>ff0000ff</color></LineStyle><PolyStyle><fill>0</fill></PolyStyle></Style>
	<ExtendedData><SchemaData schemaUrl="#settlement_area_ward">
		<SimpleData name="tessellate">1</SimpleData>
		<SimpleData name="extrude">0</SimpleData>
		<SimpleData name="visibility">-1</SimpleData>
		<SimpleData name="district">CHITAWAN</SimpleData>
		<SimpleData name="gapa_napa">Ichchhyakamana</SimpleData>
		<SimpleData name="new_ward_n">5</SimpleData>
	</SchemaData></ExtendedData>
      <MultiGeometry><Polygon><outerBoundaryIs><LinearRing><coordinates>84.5581992158603,27.8502375592117,0 84.558397882263,27.8505248327991,0 84.5588553033207,27.850302894382,0 84.5588878464237,27.8502747445487,0 84.5589108802979,27.8502471399824,0 84.5590415500109,27.8498970660196,0 84.5590627049271,27.8498465951804,0 84.5590714145221,27.8498363621179,0 84.5591623918179,27.8494162930078,0 84.5591822567898,27.8493747188139,0 84.5591857796725,27.8493565753608,0 84.5592789152638,27.8487888139587,0 84.5593059732706,27.8486964969709,0 84.5593158981289,27.848660875369,0 84.5593267083229,27.8486409725984,0 84.559309460876,27.8483631148657,0 84.5593074328521,27.8483304431309,0 84.5593060889295,27.8483087923437,0 84.5592909295695,27.8481255661699,0 84.559289442756,27.8481014468466,0 84.5592883857004,27.8480842991182,0 84.559287753439,27.8480740424652,0 84.5591865353775,27.8479335258491,0 84.559182175773,27.8479204813233,0 84.5589076796904,27.8478470788994,0 84.558788353167,27.8481020926138,0 84.5586254166308,27.8485197616454,0 84.5584761685381,27.849226787729,0 84.5583579409352,27.8494907114695,0 84.5584098086669,27.849779233913,0 84.5581992158603,27.8502375592117,0</coordinates></LinearRing></outerBoundaryIs></Polygon></MultiGeometry>
  </Placemark>
  <Placemark id="settlement_area_ward.57">
	<name>Thakal datad</name>
	<Style><LineStyle><color>ff0000ff</color></LineStyle><PolyStyle><fill>0</fill></PolyStyle></Style>
	<ExtendedData><SchemaData schemaUrl="#settlement_area_ward">
		<SimpleData name="tessellate">1</SimpleData>
		<SimpleData name="extrude">0</SimpleData>
		<SimpleData name="visibility">-1</SimpleData>
		<SimpleData name="district">CHITAWAN</SimpleData>
		<SimpleData name="gapa_napa">Ichchhyakamana</SimpleData>
		<SimpleData name="new_ward_n">5</SimpleData>
	</SchemaData></ExtendedData>
      <MultiGeometry><Polygon><outerBoundaryIs><LinearRing><coordinates>84.5601251681684,27.8509593877013,0 84.5611013875858,27.8504831530714,0 84.5616273566755,27.8502014886582,0 84.5626100097523,27.8499329204428,0 84.5626500407141,27.849942902767,0 84.5627293065447,27.8499512097295,0 84.5627868292693,27.8499663588513,0 84.5628260439609,27.8499646642782,0 84.5628652573054,27.8499629697656,0 84.5628764608949,27.8499624856293,0 84.5649286748359,27.8493426020602,0 84.5650171743062,27.8493279457659,0 84.5651249935869,27.849285472038,0 84.5651725790483,27.849261903472,0 84.565194820582,27.849244851715,0 84.5652651551785,27.8490413407171,0 84.5652651893701,27.8490050791121,0 84.5652704483996,27.8489687985191,0 84.5652749305503,27.8489480948378,0 84.565270467282,27.8489329454595,0 84.564832095435,27.8485175551367,0 84.5648195062568,27.8485085692367,0 84.5639770964684,27.848482919802,0 84.5639620707943,27.8484835599225,0 84.5629218217244,27.8484111583161,0 84.5622741745743,27.8484898085193,0 84.5622649968743,27.8485042088904,0 84.561470348345,27.8485661674419,0 84.5614501703561,27.8485811388055,0 84.5614299996452,27.848591424214,0 84.5609071175272,27.8493119508707,0 84.5608847613502,27.8493340351558,0 84.560400532882,27.8502364702778,0 84.5601251681684,27.8509593877013,0</coordinates></LinearRing></outerBoundaryIs></Polygon></MultiGeometry>
  </Placemark>
  <Placemark id="settlement_area_ward.58">
	<name>kali khola bridge area</name>
	<Style><LineStyle><color>ff0000ff</color></LineStyle><PolyStyle><fill>0</fill></PolyStyle></Style>
	<ExtendedData><SchemaData schemaUrl="#settlement_area_ward">
		<SimpleData name="tessellate">1</SimpleData>
		<SimpleData name="extrude">0</SimpleData>
		<SimpleData name="visibility">-1</SimpleData>
		<SimpleData name="district">CHITAWAN</SimpleData>
		<SimpleData name="gapa_napa">Ichchhyakamana</SimpleData>
		<SimpleData name="new_ward_n">6</SimpleData>
	</SchemaData></ExtendedData>
      <MultiGeometry><Polygon><outerBoundaryIs><LinearRing><coordinates>84.5523762187002,27.8338815751183,0 84.553463734446,27.8342731372939,0 84.5536675090567,27.8340857932411,0 84.5536843698781,27.8340638001431,0 84.5537964931473,27.833699279124,0 84.5537989195784,27.8336793056576,0 84.5537938438401,27.8336745692905,0 84.5535747394043,27.8329877605574,0 84.5535633069293,27.8329105526719,0 84.5535629115726,27.8329062872478,0 84.553354672987,27.8325597868368,0 84.5533453367785,27.8325442517592,0 84.5531453551154,27.8323235527898,0 84.5531286279624,27.8323091069026,0 84.5531244543243,27.8323055025194,0 84.5527226507075,27.8322774226375,0 84.5518176956959,27.8324450088701,0 84.5518087139719,27.8324569523794,0 84.5516001868365,27.8328634235561,0 84.5515407587665,27.8332431442522,0 84.5515402993773,27.8332476624508,0 84.5518329668909,27.8336319703169,0 84.5523762187002,27.8338815751183,0</coordinates></LinearRing></outerBoundaryIs></Polygon></MultiGeometry>
  </Placemark>
  <Placemark id="settlement_area_ward.59">
	<name>Panch kilo zone</name>
	<Style><LineStyle><color>ff0000ff</color></LineStyle><PolyStyle><fill>0</fill></PolyStyle></Style>
	<ExtendedData><SchemaData schemaUrl="#settlement_area_ward">
		<SimpleData name="tessellate">1</SimpleData>
		<SimpleData name="extrude">0</SimpleData>
		<SimpleData name="visibility">-1</SimpleData>
		<SimpleData name="district">CHITAWAN</SimpleData>
		<SimpleData name="gapa_napa">Ichchhyakamana</SimpleData>
		<SimpleData name="new_ward_n">6</SimpleData>
	</SchemaData></ExtendedData>
      <MultiGeometry><Polygon><outerBoundaryIs><LinearRing><coordinates>84.5262692394221,27.8322272771492,0 84.5260189025721,27.8330965976709,0 84.5279695005038,27.8332784197094,0 84.5287640692459,27.8333247876515,0 84.5300442555389,27.8332691477045,0 84.5306735433362,27.8330271700764,0 84.5317173875712,27.8326268246954,0 84.5317736785232,27.8325854752475,0 84.5318540960666,27.8325431873557,0 84.5323030544914,27.8324336141164,0 84.5323425819124,27.8323678771665,0 84.5321316816456,27.8320611483955,0 84.5321078039683,27.8320621804733,0 84.5319852295136,27.8320425130933,0 84.5318151911324,27.8320249399968,0 84.5308926297622,27.831879262467,0 84.5308452511298,27.8318813080927,0 84.5307741813944,27.831884376613,0 84.5305045002671,27.8319329353823,0 84.5289874338025,27.8320849948787,0 84.5289045216597,27.8321134034745,0 84.5288093542928,27.8321299456679,0 84.5286185714941,27.8321381898486,0 84.5283800712215,27.8321484960806,0 84.5281176931174,27.8321598342212,0 84.5279864930792,27.8321655037991,0 84.5270201572048,27.832207262973,0 84.5269724264788,27.8322093256362,0 84.5268418612875,27.8322025327342,0 84.5266629322134,27.8322102646601,0 84.5265197790293,27.8322164506588,0 84.5264601290814,27.8322190282863,0 84.5262692394221,27.8322272771492,0</coordinates></LinearRing></outerBoundaryIs></Polygon></MultiGeometry>
  </Placemark>
  <Placemark id="settlement_area_ward.60">
	<name>Below panch kilo</name>
	<Style><LineStyle><color>ff0000ff</color></LineStyle><PolyStyle><fill>0</fill></PolyStyle></Style>
	<ExtendedData><SchemaData schemaUrl="#settlement_area_ward">
		<SimpleData name="tessellate">1</SimpleData>
		<SimpleData name="extrude">0</SimpleData>
		<SimpleData name="visibility">-1</SimpleData>
		<SimpleData name="district">CHITAWAN</SimpleData>
		<SimpleData name="gapa_napa">Ichchhyakamana</SimpleData>
		<SimpleData name="new_ward_n">6</SimpleData>
	</SchemaData></ExtendedData>
      <MultiGeometry><Polygon><outerBoundaryIs><LinearRing><coordinates>84.5264185422699,27.8309743736753,0 84.5280539310619,27.8318974421239,0 84.5288409966127,27.8319000241152,0 84.5297359076469,27.8317228430224,0 84.5297525481018,27.8317161544325,0 84.5297917091402,27.8317025387698,0 84.5298438092091,27.8316943411075,0 84.5302465749512,27.8315999952198,0 84.5302543744125,27.8315819900691,0 84.5302536431385,27.831552661137,0 84.5302678380609,27.8315111363982,0 84.5302954798682,27.8314518788395,0 84.5303260515939,27.8313814638188,0 84.5303519055364,27.8313175610023,0 84.5303907711963,27.8312367271582,0 84.5304215159698,27.8311961386673,0 84.5307590855124,27.8304374204718,0 84.5307655754538,27.8304018724056,0 84.5307680151202,27.8303716744729,0 84.5307704447095,27.8303416047205,0 84.5307660720866,27.8303069893434,0 84.5307577263441,27.8302776502569,0 84.5307397641026,27.8302145046544,0 84.5307328989499,27.8301903704103,0 84.5305652209057,27.8300336108967,0 84.5305416243214,27.8300060903928,0 84.5305103131008,27.8299695723258,0 84.5304856812513,27.8299376715861,0 84.5304534366154,27.8298969114005,0 84.5304275524965,27.8298793666719,0 84.5304054155433,27.8298756500752,0 84.530345518504,27.8298688860076,0 84.5303077685697,27.8298658380403,0 84.5295932925539,27.8296498708514,0 84.5295718503581,27.8296462999583,0 84.5295205727946,27.8296484603159,0 84.5294231399085,27.8296525651954,0 84.5292949272208,27.8296579667731,0 84.5280047781293,27.8295749968889,0 84.5279895340075,27.829575638184,0 84.5279082286365,27.8295790585481,0 84.5278730091672,27.8295849260191,0 84.5276212343775,27.8296351259055,0 84.5276013633864,27.8296447962089,0 84.5274817988167,27.8297075400572,0 84.5272399298741,27.829848303183,0 84.526862666588,27.8300392551619,0 84.5263881157245,27.8303112186635,0 84.5263714760556,27.8303313139068,0 84.5263494298099,27.8303516923655,0 84.5263212760319,27.8303919386863,0 84.5262823670695,27.8304279396097,0 84.5264185422699,27.8309743736753,0</coordinates></LinearRing></outerBoundaryIs></Polygon></MultiGeometry>
  </Placemark>
  <Placemark id="settlement_area_ward.61">
	<name>Jaibire jharana area</name>
	<Style><LineStyle><color>ff0000ff</color></LineStyle><PolyStyle><fill>0</fill></PolyStyle></Style>
	<ExtendedData><SchemaData schemaUrl="#settlement_area_ward">
		<SimpleData name="tessellate">1</SimpleData>
		<SimpleData name="extrude">0</SimpleData>
		<SimpleData name="visibility">-1</SimpleData>
		<SimpleData name="district">CHITAWAN</SimpleData>
		<SimpleData name="gapa_napa">Ichchhyakamana</SimpleData>
		<SimpleData name="new_ward_n">6</SimpleData>
	</SchemaData></ExtendedData>
      <MultiGeometry><Polygon><outerBoundaryIs><LinearRing><coordinates>84.5208271861691,27.8287654070627,0 84.5218070590682,27.8289699907857,0 84.52205488448,27.828468618221,0 84.5220674552701,27.8283972399546,0 84.5220928741202,27.8283256329483,0 84.5245548733753,27.8256456648399,0 84.5246516795943,27.8255476628266,0 84.5247912092869,27.8246589867801,0 84.5247930924184,27.8245715573422,0 84.5247883674588,27.8245282985497,0 84.5244548732274,27.823804267273,0 84.5242179815152,27.8232722313141,0 84.5242036186344,27.8232335875696,0 84.5241893001514,27.8231950630456,0 84.5232558392078,27.822680482049,0 84.5225450761535,27.8224790927938,0 84.5216693160275,27.8225528674837,0 84.5214572131463,27.8227472640643,0 84.5214000630183,27.8235203631444,0 84.5210207057822,27.8245059653563,0 84.5209047941322,27.8265400927548,0 84.5208271861691,27.8287654070627,0</coordinates></LinearRing></outerBoundaryIs></Polygon></MultiGeometry>
  </Placemark>
  <Placemark id="settlement_area_ward.62">
	<name>Chluribas area</name>
	<Style><LineStyle><color>ff0000ff</color></LineStyle><PolyStyle><fill>0</fill></PolyStyle></Style>
	<ExtendedData><SchemaData schemaUrl="#settlement_area_ward">
		<SimpleData name="tessellate">1</SimpleData>
		<SimpleData name="extrude">0</SimpleData>
		<SimpleData name="visibility">-1</SimpleData>
		<SimpleData name="district">CHITAWAN</SimpleData>
		<SimpleData name="gapa_napa">Ichchhyakamana</SimpleData>
		<SimpleData name="new_ward_n">6</SimpleData>
	</SchemaData></ExtendedData>
      <MultiGeometry><Polygon><outerBoundaryIs><LinearRing><coordinates>84.5042706882592,27.8175990901296,0 84.5060587829938,27.8170790989831,0 84.5073476692028,27.8164971001369,0 84.5074272709367,27.8164516714344,0 84.5074583867924,27.8164168579448,0 84.5074900622373,27.8163987944277,0 84.5100909127812,27.8152636230193,0 84.5104092673995,27.8151076872611,0 84.5106214234637,27.815017149932,0 84.5107306238583,27.8149536605472,0 84.5107593431105,27.8149451040588,0 84.5112996088066,27.8144362897589,0 84.5113263158596,27.8143934429965,0 84.5113399206844,27.8143582448846,0 84.5113478377586,27.8143303028476,0 84.5112281975365,27.8140235688619,0 84.5112145346613,27.8139975138113,0 84.5106807895566,27.8138162783968,0 84.5088400106641,27.8139401267117,0 84.5088264723182,27.8139472469611,0 84.5077071380793,27.8144579506841,0 84.5068833441565,27.8149510368011,0 84.5056637010923,27.8159727565814,0 84.5042706882592,27.8175990901296,0</coordinates></LinearRing></outerBoundaryIs></Polygon></MultiGeometry>
  </Placemark>
  <Placemark id="settlement_area_ward.63">
	<name>Rindi khoa zone</name>
	<Style><LineStyle><color>ff0000ff</color></LineStyle><PolyStyle><fill>0</fill></PolyStyle></Style>
	<ExtendedData><SchemaData schemaUrl="#settlement_area_ward">
		<SimpleData name="tessellate">1</SimpleData>
		<SimpleData name="extrude">0</SimpleData>
		<SimpleData name="visibility">-1</SimpleData>
		<SimpleData name="district">CHITAWAN</SimpleData>
		<SimpleData name="gapa_napa">Ichchhyakamana</SimpleData>
		<SimpleData name="new_ward_n">6</SimpleData>
	</SchemaData></ExtendedData>
      <MultiGeometry><Polygon><outerBoundaryIs><LinearRing><coordinates>84.4954726928524,27.8198641268249,0 84.4964221616912,27.820584291848,0 84.4981762644712,27.8200188158619,0 84.4988827582538,27.8197869695975,0 84.4989206266021,27.8197728935092,0 84.4997166037066,27.8196892570879,0 84.5006798571526,27.8194400845971,0 84.5010538115505,27.8192384733849,0 84.501077358615,27.818917078746,0 84.5010555544007,27.818883730267,0 84.5002585720637,27.8186313253044,0 84.5002076333523,27.8186279596307,0 84.5000972408614,27.8186105810537,0 84.4999758812954,27.8185992127658,0 84.498454343018,27.8186470681056,0 84.4984419437854,27.8186475922599,0 84.4983303465719,27.8186523097925,0 84.4981257282915,27.8186609594509,0 84.4979955009928,27.8186664643468,0 84.4966677238165,27.818722587215,0 84.4966305928653,27.8187296497062,0 84.4965995442043,27.8187309620455,0 84.4965188144157,27.8187343742464,0 84.4964690677475,27.8187309834106,0 84.4964193992396,27.8187330826226,0 84.4964007730946,27.8187338698436,0 84.4958797361439,27.8187284686966,0 84.4952200475081,27.8192230177663,0 84.4952190448684,27.8192403928817,0 84.4954726928524,27.8198641268249,0</coordinates></LinearRing></outerBoundaryIs></Polygon></MultiGeometry>
  </Placemark>
  <Placemark id="settlement_area_ward.64">
	<name>Lamjung mewa khola bridge area</name>
	<Style><LineStyle><color>ff0000ff</color></LineStyle><PolyStyle><fill>0</fill></PolyStyle></Style>
	<ExtendedData><SchemaData schemaUrl="#settlement_area_ward">
		<SimpleData name="tessellate">1</SimpleData>
		<SimpleData name="extrude">0</SimpleData>
		<SimpleData name="visibility">-1</SimpleData>
		<SimpleData name="district">CHITAWAN</SimpleData>
		<SimpleData name="gapa_napa">Ichchhyakamana</SimpleData>
		<SimpleData name="new_ward_n">3</SimpleData>
	</SchemaData></ExtendedData>
      <MultiGeometry><Polygon><outerBoundaryIs><LinearRing><coordinates>84.6656471126786,27.8237853840936,0 84.6652750657227,27.8239042339681,0 84.6652645209469,27.8239236850882,0 84.6647855397117,27.8241252908506,0 84.6644741590161,27.8243066405919,0 84.6644683285996,27.8243343578424,0 84.6644215610564,27.8245010118735,0 84.6644206953969,27.8245117537087,0 84.6644192483555,27.8245297098033,0 84.6644208829077,27.8247986596773,0 84.6644199897228,27.8248100737761,0 84.6643467780157,27.8249870256104,0 84.6643361491717,27.8250190200783,0 84.6643218014553,27.825047393344,0 84.6642188268206,27.8253844186301,0 84.6642127085194,27.8254059264066,0 84.6641593565229,27.8256610843909,0 84.6641533892818,27.8256792284404,0 84.6641469647277,27.8257019475661,0 84.6641126093652,27.8258354542921,0 84.6644583323893,27.8259228085737,0 84.6645684197779,27.825889954454,0 84.6645816653202,27.8258847137209,0 84.6646038002161,27.8258744328244,0 84.664621578794,27.8258643562811,0 84.6649551345767,27.8256133710137,0 84.6649635831778,27.8256130064686,0 84.6653701244385,27.8253988444329,0 84.6658571041991,27.8248988315643,0 84.6661659937762,27.8244912446808,0 84.6662204326437,27.8242187624285,0 84.6662285463537,27.8241912090723,0 84.6662274372802,27.8241810933667,0 84.6662255941431,27.8241642823614,0 84.6662226588569,27.8241375099903,0 84.6661997687604,27.8239287314659,0 84.6661901837565,27.8239067651582,0 84.666170969792,27.8238948436215,0 84.6661667293477,27.8238886688639,0 84.6656471126786,27.8237853840936,0</coordinates></LinearRing></outerBoundaryIs></Polygon></MultiGeometry>
  </Placemark>
  <Placemark id="settlement_area_ward.65">
	<name>Bhumlichowk area</name>
	<Style><LineStyle><color>ff0000ff</color></LineStyle><PolyStyle><fill>0</fill></PolyStyle></Style>
	<ExtendedData><SchemaData schemaUrl="#settlement_area_ward">
		<SimpleData name="tessellate">1</SimpleData>
		<SimpleData name="extrude">0</SimpleData>
		<SimpleData name="visibility">-1</SimpleData>
		<SimpleData name="district">CHITAWAN</SimpleData>
		<SimpleData name="gapa_napa">Ichchhyakamana</SimpleData>
		<SimpleData name="new_ward_n">3</SimpleData>
	</SchemaData></ExtendedData>
      <MultiGeometry><Polygon><outerBoundaryIs><LinearRing><coordinates>84.6633186571061,27.8386886275773,0 84.6621766623327,27.838798485124,0 84.6621491867515,27.8388119665305,0 84.6616636747066,27.8392696402199,0 84.6616213573391,27.8393221427513,0 84.6615218922311,27.8394666204901,0 84.6614788176166,27.8395454590165,0 84.6608723696264,27.8400542094767,0 84.6605429259616,27.8408266932369,0 84.6605114924864,27.8408835241384,0 84.6604755033017,27.8410526122784,0 84.660149292999,27.8420329391332,0 84.6601175556123,27.8420639775736,0 84.6600471250015,27.8422611293723,0 84.659803770185,27.8436436689465,0 84.6597507889785,27.8437433493382,0 84.6597106226789,27.8438921431175,0 84.6596164651959,27.8444117847922,0 84.659611478278,27.8444964954496,0 84.6596116742178,27.8447694255354,0 84.6596451591324,27.8453258059225,0 84.6596411270162,27.8453968555045,0 84.6596350510744,27.8455039184202,0 84.659586259464,27.8460673235078,0 84.6600533933539,27.8465304406318,0 84.6608575778073,27.8464016842968,0 84.6608920651013,27.8463814691237,0 84.6609953309819,27.846320938385,0 84.6610640123226,27.846280679925,0 84.6616768322917,27.8458121685696,0 84.6616938283755,27.8457568798932,0 84.6623104806322,27.8440944450651,0 84.6628830076691,27.8427503008158,0 84.6628825663629,27.8427347991356,0 84.663348047924,27.8416458221271,0 84.6633461869363,27.8416021169237,0 84.6637401558639,27.8403070062992,0 84.6634227722693,27.8388444230428,0 84.6633933402428,27.8388085589565,0 84.6633628230362,27.8387481870796,0 84.6633186571061,27.8386886275773,0</coordinates></LinearRing></outerBoundaryIs></Polygon></MultiGeometry>
  </Placemark>
  <Placemark id="settlement_area_ward.66">
	<name>Siddhartha riverside resort area</name>
	<Style><LineStyle><color>ff0000ff</color></LineStyle><PolyStyle><fill>0</fill></PolyStyle></Style>
	<ExtendedData><SchemaData schemaUrl="#settlement_area_ward">
		<SimpleData name="tessellate">1</SimpleData>
		<SimpleData name="extrude">0</SimpleData>
		<SimpleData name="visibility">-1</SimpleData>
		<SimpleData name="district">CHITAWAN</SimpleData>
		<SimpleData name="gapa_napa">Ichchhyakamana</SimpleData>
		<SimpleData name="new_ward_n">3</SimpleData>
	</SchemaData></ExtendedData>
      <MultiGeometry><Polygon><outerBoundaryIs><LinearRing><coordinates>84.6401378890813,27.8589648506574,0 84.6408604205503,27.8592992576418,0 84.6427933614089,27.8595031459696,0 84.643617516691,27.8597003876159,0 84.6448081472506,27.8598865190087,0 84.6465006789597,27.860023920668,0 84.6474749472533,27.8596885895632,0 84.6492608143387,27.8590072288306,0 84.6488287144909,27.8581572962682,0 84.6482936756671,27.8573754621961,0 84.6482497938944,27.8573520854382,0 84.6475705252408,27.8568644022137,0 84.6462775508533,27.8564044765587,0 84.6459320234714,27.8571768853469,0 84.6460172434731,27.8576252335842,0 84.6451920423321,27.8576518502435,0 84.6445743781569,27.8574081287177,0 84.6421216485746,27.8570638314761,0 84.6409831879261,27.8571121634953,0 84.6405793426433,27.8576955157311,0 84.6400938612783,27.8582257379167,0 84.6401378890813,27.8589648506574,0</coordinates></LinearRing></outerBoundaryIs></Polygon></MultiGeometry>
  </Placemark>
  <Placemark id="settlement_area_ward.67">
	<name>Khuringhat park area</name>
	<Style><LineStyle><color>ff0000ff</color></LineStyle><PolyStyle><fill>0</fill></PolyStyle></Style>
	<ExtendedData><SchemaData schemaUrl="#settlement_area_ward">
		<SimpleData name="tessellate">1</SimpleData>
		<SimpleData name="extrude">0</SimpleData>
		<SimpleData name="visibility">-1</SimpleData>
		<SimpleData name="district">CHITAWAN</SimpleData>
		<SimpleData name="gapa_napa">Ichchhyakamana</SimpleData>
		<SimpleData name="new_ward_n">3</SimpleData>
	</SchemaData></ExtendedData>
      <MultiGeometry><Polygon><outerBoundaryIs><LinearRing><coordinates>84.6262739774929,27.8661841025902,0 84.6291617096247,27.8700194633364,0 84.6292511004966,27.8700009375432,0 84.6309231244467,27.8694676399252,0 84.6315892353683,27.8691165008391,0 84.6316831287907,27.8690433242408,0 84.6317191716864,27.8690279771638,0 84.631792271693,27.8690110305804,0 84.6318865269886,27.8689520000944,0 84.6320420028584,27.8688905160094,0 84.6321819987802,27.8688027365282,0 84.6328152605231,27.868626647259,0 84.6330697868394,27.8670532404786,0 84.6330649603607,27.8670174683438,0 84.6329410549141,27.8656904163299,0 84.6329336932688,27.865636709454,0 84.6329248999922,27.8655725579737,0 84.6329146968724,27.8654981207708,0 84.6329045532212,27.86542411722,0 84.6328742589723,27.8653619553859,0 84.632488722457,27.8647106847674,0 84.6324392687898,27.8646529208569,0 84.6324053262342,27.8646344758209,0 84.6316344098338,27.8643921631883,0 84.630732748396,27.8642856602774,0 84.6302121397876,27.8645112971075,0 84.6301597346327,27.8645037671117,0 84.6301284777323,27.8645051004241,0 84.6290518378244,27.8641005897049,0 84.6290211440268,27.8641018962879,0 84.6279055460475,27.863678923609,0 84.6278943271858,27.8636975018354,0 84.6274688149943,27.8642529629651,0 84.6274364211846,27.8642733108647,0 84.6273999668259,27.8643414893211,0 84.6273384809766,27.8644591872975,0 84.6273118656384,27.864527958729,0 84.6271466032301,27.8650899919303,0 84.6271118880871,27.8651219219514,0 84.6270325163689,27.8651762253319,0 84.6269038691809,27.8652944666657,0 84.6268439413317,27.8653589557674,0 84.6265579402905,27.865717340142,0 84.6265337500517,27.8657396617721,0 84.6264450084061,27.8658504270082,0 84.6264071105155,27.8658950885257,0 84.6263800625293,27.8659394298928,0 84.6262739774929,27.8661841025902,0</coordinates></LinearRing></outerBoundaryIs></Polygon></MultiGeometry>
  </Placemark>
  <Placemark id="settlement_area_ward.68">
	<name>Khuringhat park area</name>
	<Style><LineStyle><color>ff0000ff</color></LineStyle><PolyStyle><fill>0</fill></PolyStyle></Style>
	<ExtendedData><SchemaData schemaUrl="#settlement_area_ward">
		<SimpleData name="tessellate">1</SimpleData>
		<SimpleData name="extrude">0</SimpleData>
		<SimpleData name="visibility">-1</SimpleData>
		<SimpleData name="district">CHITAWAN</SimpleData>
		<SimpleData name="gapa_napa">Ichchhyakamana</SimpleData>
		<SimpleData name="new_ward_n">4</SimpleData>
	</SchemaData></ExtendedData>
      <MultiGeometry><Polygon><outerBoundaryIs><LinearRing><coordinates>84.6262739774929,27.8661841025902,0 84.6291617096247,27.8700194633364,0 84.6292511004966,27.8700009375432,0 84.6309231244467,27.8694676399252,0 84.6315892353683,27.8691165008391,0 84.6316831287907,27.8690433242408,0 84.6317191716864,27.8690279771638,0 84.631792271693,27.8690110305804,0 84.6318865269886,27.8689520000944,0 84.6320420028584,27.8688905160094,0 84.6321819987802,27.8688027365282,0 84.6328152605231,27.868626647259,0 84.6330697868394,27.8670532404786,0 84.6330649603607,27.8670174683438,0 84.6329410549141,27.8656904163299,0 84.6329336932688,27.865636709454,0 84.6329248999922,27.8655725579737,0 84.6329146968724,27.8654981207708,0 84.6329045532212,27.86542411722,0 84.6328742589723,27.8653619553859,0 84.632488722457,27.8647106847674,0 84.6324392687898,27.8646529208569,0 84.6324053262342,27.8646344758209,0 84.6316344098338,27.8643921631883,0 84.630732748396,27.8642856602774,0 84.6302121397876,27.8645112971075,0 84.6301597346327,27.8645037671117,0 84.6301284777323,27.8645051004241,0 84.6290518378244,27.8641005897049,0 84.6290211440268,27.8641018962879,0 84.6279055460475,27.863678923609,0 84.6278943271858,27.8636975018354,0 84.6274688149943,27.8642529629651,0 84.6274364211846,27.8642733108647,0 84.6273999668259,27.8643414893211,0 84.6273384809766,27.8644591872975,0 84.6273118656384,27.864527958729,0 84.6271466032301,27.8650899919303,0 84.6271118880871,27.8651219219514,0 84.6270325163689,27.8651762253319,0 84.6269038691809,27.8652944666657,0 84.6268439413317,27.8653589557674,0 84.6265579402905,27.865717340142,0 84.6265337500517,27.8657396617721,0 84.6264450084061,27.8658504270082,0 84.6264071105155,27.8658950885257,0 84.6263800625293,27.8659394298928,0 84.6262739774929,27.8661841025902,0</coordinates></LinearRing></outerBoundaryIs></Polygon></MultiGeometry>
  </Placemark>
  <Placemark id="settlement_area_ward.69">
	<name>Kurintar retreat area</name>
	<Style><LineStyle><color>ff0000ff</color></LineStyle><PolyStyle><fill>0</fill></PolyStyle></Style>
	<ExtendedData><SchemaData schemaUrl="#settlement_area_ward">
		<SimpleData name="tessellate">1</SimpleData>
		<SimpleData name="extrude">0</SimpleData>
		<SimpleData name="visibility">-1</SimpleData>
		<SimpleData name="district">CHITAWAN</SimpleData>
		<SimpleData name="gapa_napa">Ichchhyakamana</SimpleData>
		<SimpleData name="new_ward_n">4</SimpleData>
	</SchemaData></ExtendedData>
      <MultiGeometry><Polygon><outerBoundaryIs><LinearRing><coordinates>84.6272154554085,27.8694358637219,0 84.6196312133536,27.8686718201062,0 84.6189164287464,27.8693556520434,0 84.6186946971603,27.8706608553644,0 84.6179768821451,27.8716003010254,0 84.6179593994085,27.8716441803436,0 84.6178855761281,27.8723373923317,0 84.6178826894318,27.8723824973263,0 84.6179750047374,27.87309849463,0 84.61799925875,27.8732071953581,0 84.6190319713036,27.8732099615851,0 84.6223499644626,27.8730198735079,0 84.6231181654502,27.8727681327145,0 84.6241002714535,27.8724639216448,0 84.6262451190554,27.8726491268497,0 84.6272465673057,27.872328673494,0 84.6273873131845,27.8718250939183,0 84.6280362808118,27.8712269135771,0 84.6283876420961,27.8705348579003,0 84.6284141409908,27.8704647255213,0 84.6283973736948,27.8703967225396,0 84.6281871246255,27.8698924066733,0 84.6281742980165,27.8698398285604,0 84.6272154554085,27.8694358637219,0</coordinates></LinearRing></outerBoundaryIs></Polygon></MultiGeometry>
  </Placemark>
  <Placemark id="settlement_area_ward.70">
	<name>Dharpani zone</name>
	<Style><LineStyle><color>ff0000ff</color></LineStyle><PolyStyle><fill>0</fill></PolyStyle></Style>
	<ExtendedData><SchemaData schemaUrl="#settlement_area_ward">
		<SimpleData name="tessellate">1</SimpleData>
		<SimpleData name="extrude">0</SimpleData>
		<SimpleData name="visibility">-1</SimpleData>
		<SimpleData name="district">CHITAWAN</SimpleData>
		<SimpleData name="gapa_napa">Ichchhyakamana</SimpleData>
		<SimpleData name="new_ward_n">4</SimpleData>
	</SchemaData></ExtendedData>
      <MultiGeometry><Polygon><outerBoundaryIs><LinearRing><coordinates>84.6174390066357,27.8702211327866,0 84.6165278002776,27.8704710210824,0 84.6164661689177,27.870501464654,0 84.6159891516566,27.8707655942973,0 84.6159367332083,27.8707962758818,0 84.6158736463514,27.8708274769726,0 84.6149740034907,27.8704572222331,0 84.6163766085533,27.8697394678907,0 84.614569838279,27.8697017079287,0 84.6108772050854,27.8704512589685,0 84.6103438632231,27.8715451443523,0 84.6129050248347,27.872321440985,0 84.6140021360649,27.8722099470301,0 84.6139136347606,27.872523340871,0 84.6138865104197,27.8725894808283,0 84.6138457554986,27.8728433124364,0 84.6138425521221,27.8728877829481,0 84.6139837599707,27.8733332973807,0 84.6142627207876,27.8737291311844,0 84.6143382836377,27.873856589718,0 84.6147292448909,27.8741292729175,0 84.6156827841598,27.8745338982546,0 84.616756358538,27.8739932730038,0 84.6170849788771,27.8731428991947,0 84.6171266114389,27.8730500200147,0 84.617060916223,27.8719637784434,0 84.6170552217301,27.8718495648183,0 84.6170694033701,27.8716945022695,0 84.6170860234686,27.8715918455638,0 84.6170927116293,27.8715105839977,0 84.6171004072752,27.8714498600747,0 84.6170993574949,27.8714298364186,0 84.6172929337959,27.8707007447858,0 84.6173005125187,27.8706531912498,0 84.6173092379286,27.8706245685192,0 84.6174390066357,27.8702211327866,0</coordinates></LinearRing></outerBoundaryIs></Polygon></MultiGeometry>
  </Placemark>
  <Placemark id="settlement_area_ward.71">
	<name>Barahsinghe bear company area</name>
	<Style><LineStyle><color>ff0000ff</color></LineStyle><PolyStyle><fill>0</fill></PolyStyle></Style>
	<ExtendedData><SchemaData schemaUrl="#settlement_area_ward">
		<SimpleData name="tessellate">1</SimpleData>
		<SimpleData name="extrude">0</SimpleData>
		<SimpleData name="visibility">-1</SimpleData>
		<SimpleData name="district">CHITAWAN</SimpleData>
		<SimpleData name="gapa_napa">Ichchhyakamana</SimpleData>
		<SimpleData name="new_ward_n">4</SimpleData>
	</SchemaData></ExtendedData>
      <MultiGeometry><Polygon><outerBoundaryIs><LinearRing><coordinates>84.6175292891176,27.87776777065,0 84.6198458583542,27.8799037978438,0 84.6217264556772,27.8790787036442,0 84.6217527472957,27.8790775561916,0 84.6228077939071,27.8782666507554,0 84.6228434347284,27.8782369804679,0 84.6232722591397,27.8772926675314,0 84.6237013145384,27.8763295586737,0 84.6237031791387,27.8762555756967,0 84.6237117714178,27.8762306570476,0 84.6237186599015,27.8761936183364,0 84.6238712099995,27.8755184562154,0 84.6237645109442,27.8747969657831,0 84.6237564131006,27.8747422080118,0 84.6237483486739,27.8746876760922,0 84.6237306379359,27.8746446959282,0 84.6217968924058,27.8735086378124,0 84.6217452710952,27.8735406891396,0 84.6210927369698,27.8734593787227,0 84.6210819963867,27.873459836309,0 84.6210068111111,27.8734630394559,0 84.6199646515199,27.8734876936595,0 84.6199109677662,27.8734899804214,0 84.6192570994075,27.8734686016378,0 84.6192035064371,27.873470883944,0 84.6191391934971,27.8734736227602,0 84.6184226003202,27.873474688109,0 84.618379188387,27.8734863458769,0 84.6183244277063,27.8735083192519,0 84.6182354917941,27.8735613468046,0 84.6175213455146,27.8738812441309,0 84.6174641574184,27.8739140097989,0 84.6174404780807,27.8739352778896,0 84.6173682248859,27.8740095182667,0 84.6171309093188,27.8749493201663,0 84.6171230287308,27.8750265172062,0 84.6172392945985,27.8763268823404,0 84.6172455477699,27.8763873373716,0 84.6172518284541,27.8764480559038,0 84.6172776132966,27.8765573970824,0 84.6175292891176,27.87776777065,0</coordinates></LinearRing></outerBoundaryIs></Polygon></MultiGeometry>
  </Placemark>
  <Placemark id="settlement_area_ward.72">
	<name>Kurintar</name>
	<Style><LineStyle><color>ff0000ff</color></LineStyle><PolyStyle><fill>0</fill></PolyStyle></Style>
	<ExtendedData><SchemaData schemaUrl="#settlement_area_ward">
		<SimpleData name="tessellate">1</SimpleData>
		<SimpleData name="extrude">0</SimpleData>
		<SimpleData name="visibility">-1</SimpleData>
		<SimpleData name="district">CHITAWAN</SimpleData>
		<SimpleData name="gapa_napa">Ichchhyakamana</SimpleData>
		<SimpleData name="new_ward_n">4</SimpleData>
	</SchemaData></ExtendedData>
      <MultiGeometry><Polygon><outerBoundaryIs><LinearRing><coordinates>84.5957223916884,27.8761160216918,0 84.6002361220391,27.8762458094121,0 84.6022930182142,27.8752477127151,0 84.6024483314623,27.8751620478809,0 84.6025516514669,27.8751050603603,0 84.602653625182,27.8750220262841,0 84.6027302341348,27.8749664112208,0 84.6032529623414,27.8743998926787,0 84.6033485871262,27.8742421031076,0 84.6034466964405,27.8741358653509,0 84.6035886246249,27.8739014607187,0 84.6036372529168,27.8738488711064,0 84.6041047877821,27.872763008313,0 84.6076182247556,27.8717253499963,0 84.6079704683937,27.8715454059688,0 84.608184841944,27.8714658647943,0 84.6082312954695,27.8714404575184,0 84.608380621876,27.8714340796157,0 84.609942444357,27.870902879524,0 84.6100949492764,27.870781402387,0 84.6101812394046,27.870708958674,0 84.6102998618075,27.8704078139964,0 84.6103241466381,27.8702711471508,0 84.6103362460169,27.8702030553956,0 84.6106300507391,27.869173998325,0 84.6106613459771,27.8690859767961,0 84.6106769568269,27.8690420679475,0 84.6099850028489,27.8688134089641,0 84.6096569833246,27.8687205125396,0 84.6092152349746,27.8686541061364,0 84.606798585323,27.8687780618429,0 84.6055557929109,27.8689802592615,0 84.6052763633075,27.8690564082349,0 84.6050897117047,27.8691072735243,0 84.6050240729176,27.8691745866174,0 84.6028231900035,27.870120842308,0 84.6026809573739,27.8701935679642,0 84.6025647812211,27.8703099806051,0 84.6010267596188,27.871352543276,0 84.5975357697681,27.8727531808021,0 84.5966736564199,27.8737711531663,0 84.5959720902476,27.8747124466891,0 84.5959131652356,27.8748179285369,0 84.5958853185183,27.8748449165145,0 84.5957223916884,27.8761160216918,0</coordinates></LinearRing></outerBoundaryIs></Polygon></MultiGeometry>
  </Placemark>
  <Placemark id="settlement_area_ward.73">
	<name>Manakamana cable car bottom station area</name>
	<Style><LineStyle><color>ff0000ff</color></LineStyle><PolyStyle><fill>0</fill></PolyStyle></Style>
	<ExtendedData><SchemaData schemaUrl="#settlement_area_ward">
		<SimpleData name="tessellate">1</SimpleData>
		<SimpleData name="extrude">0</SimpleData>
		<SimpleData name="visibility">-1</SimpleData>
		<SimpleData name="district">CHITAWAN</SimpleData>
		<SimpleData name="gapa_napa">Ichchhyakamana</SimpleData>
		<SimpleData name="new_ward_n">4</SimpleData>
	</SchemaData></ExtendedData>
      <MultiGeometry><Polygon><outerBoundaryIs><LinearRing><coordinates>84.5904823794736,27.8758746179961,0 84.5906095044674,27.8765542588403,0 84.5905485634354,27.8766077763198,0 84.58994841018,27.8771836408815,0 84.5898441877218,27.8772752578266,0 84.5894140729825,27.8777522460745,0 84.5893273475935,27.8778451826389,0 84.5892798491967,27.8779367921528,0 84.5888438071945,27.8785736834829,0 84.5892233619561,27.8790225745561,0 84.5899446777445,27.8790859213369,0 84.59000547729,27.8790833297878,0 84.590718010131,27.8789964679118,0 84.5907595601269,27.8789758963302,0 84.5917603556314,27.8786715822839,0 84.5926160474682,27.8780657203017,0 84.5927365022019,27.8779881027281,0 84.5936273020789,27.8769927756927,0 84.5936272222381,27.8769580573688,0 84.5943703278904,27.8761420172509,0 84.5944266283766,27.8760893857684,0 84.5947551122048,27.8755299627043,0 84.5947528854269,27.8754485354441,0 84.5947202215422,27.8749350581786,0 84.5938455757479,27.8749243200822,0 84.5937526553119,27.8749282430791,0 84.5934738503247,27.874971784206,0 84.5930638509477,27.8750687219568,0 84.5916896923518,27.8754643571291,0 84.5915944074691,27.8755008035662,0 84.5914613684411,27.8755388928753,0 84.5913830579519,27.8756072779334,0 84.5904823794736,27.8758746179961,0</coordinates></LinearRing></outerBoundaryIs></Polygon></MultiGeometry>
  </Placemark>
  <Placemark id="settlement_area_ward.74">
	<name>Ghal danda</name>
	<Style><LineStyle><color>ff0000ff</color></LineStyle><PolyStyle><fill>0</fill></PolyStyle></Style>
	<ExtendedData><SchemaData schemaUrl="#settlement_area_ward">
		<SimpleData name="tessellate">1</SimpleData>
		<SimpleData name="extrude">0</SimpleData>
		<SimpleData name="visibility">-1</SimpleData>
		<SimpleData name="district">CHITAWAN</SimpleData>
		<SimpleData name="gapa_napa">Ichchhyakamana</SimpleData>
		<SimpleData name="new_ward_n">4</SimpleData>
	</SchemaData></ExtendedData>
      <MultiGeometry><Polygon><outerBoundaryIs><LinearRing><coordinates>84.5829768596875,27.8691097561542,0 84.5860249397912,27.8681206081759,0 84.5865672799883,27.8676297711478,0 84.5867152444371,27.8674448541874,0 84.5867633050587,27.8673763783846,0 84.58696299713,27.8663235084157,0 84.5869792733003,27.8661999520755,0 84.5870087469433,27.8660971089651,0 84.5870207335831,27.8660259167295,0 84.5870247022259,27.8659754756983,0 84.5872772537191,27.8651459744412,0 84.5873046358565,27.8650504781899,0 84.587360237705,27.8648706528764,0 84.5873722776958,27.8648145762513,0 84.5873842689974,27.8647587279282,0 84.5873704732073,27.8642091983763,0 84.5873352551084,27.8639829204161,0 84.5873312301776,27.8639570599068,0 84.5869612906152,27.8636642710551,0 84.5859783884727,27.8633713568782,0 84.5859100241062,27.8633659884704,0 84.5858714576268,27.863367614528,0 84.585837035812,27.8634103741294,0 84.5851041629169,27.8634578412148,0 84.5849301624744,27.8634651787388,0 84.5848436698358,27.8634771158966,0 84.5848059881332,27.863495300771,0 84.5847498565528,27.8635309239133,0 84.5847032811861,27.8635662306122,0 84.5846473211223,27.8636103905907,0 84.5842810064738,27.8637014316423,0 84.5841347846871,27.8637076033095,0 84.5840470474501,27.8637113064359,0 84.5839795152838,27.8637394512923,0 84.5839313862431,27.8637668269086,0 84.5839027182289,27.8637934307013,0 84.5838739939728,27.8638200866703,0 84.5833559377502,27.8640214812,0 84.5833263926957,27.8640313399483,0 84.5832969072692,27.8640843657075,0 84.5832673053064,27.8641376014273,0 84.5828841599894,27.8646671297149,0 84.5828426990825,27.8647412612638,0 84.5828317385875,27.8647962622825,0 84.58281012841,27.8648793982282,0 84.5828095355741,27.8649161259465,0 84.5828084942389,27.8649806387881,0 84.5828075977125,27.865036179839,0 84.5827754597587,27.8651212246403,0 84.5827540932288,27.8651688435614,0 84.5825333889598,27.8661873214255,0 84.5824982259517,27.8663100563115,0 84.5824845348494,27.8664226839683,0 84.5824704570839,27.8665465214173,0 84.5824442605378,27.866713614464,0 84.5824313437505,27.8667873837627,0 84.58241836139,27.8668615273662,0 84.5824168551942,27.8669143834086,0 84.5828613774358,27.8689442148225,0 84.582953685772,27.869074058976,0 84.5829768596875,27.8691097561542,0</coordinates></LinearRing></outerBoundaryIs></Polygon></MultiGeometry>
  </Placemark>
  <Placemark id="settlement_area_ward.75">
	<name>Karantar</name>
	<Style><LineStyle><color>ff0000ff</color></LineStyle><PolyStyle><fill>0</fill></PolyStyle></Style>
	<ExtendedData><SchemaData schemaUrl="#settlement_area_ward">
		<SimpleData name="tessellate">1</SimpleData>
		<SimpleData name="extrude">0</SimpleData>
		<SimpleData name="visibility">-1</SimpleData>
		<SimpleData name="district">TANAHU</SimpleData>
		<SimpleData name="gapa_napa">Anbukhaireni</SimpleData>
		<SimpleData name="new_ward_n">4</SimpleData>
	</SchemaData></ExtendedData>
      <MultiGeometry><Polygon><outerBoundaryIs><LinearRing><coordinates>84.5489635220127,27.8659939189546,0 84.5544852953258,27.8664353428364,0 84.5547449681342,27.8662662277439,0 84.554796786202,27.86623774595,0 84.5554036234168,27.8651018309752,0 84.5555008361296,27.8647943969834,0 84.5558630368379,27.8639098941393,0 84.5559332069045,27.863687102706,0 84.5560046806365,27.8635383346352,0 84.5560764526178,27.8634143346856,0 84.5561588832466,27.8618786106114,0 84.5561755414019,27.8616028804188,0 84.554407474428,27.8610009487403,0 84.5541920144737,27.8609431850986,0 84.5539766971134,27.8609300733964,0 84.5537373586061,27.8609402669557,0 84.5536894895508,27.8609423057083,0 84.552326525,27.860955827769,0 84.5522069044595,27.8609609215067,0 84.5520856269111,27.8610106112837,0 84.5519410940423,27.8610390533589,0 84.5518674281698,27.8610868125705,0 84.5500927967709,27.8615217313121,0 84.5500157251061,27.8615928518335,0 84.5499416984686,27.8616186519196,0 84.5497934824165,27.8616703087419,0 84.5484351091427,27.8625556988855,0 84.5483282848121,27.8626535445659,0 84.5481965820696,27.8627527272802,0 84.5481159934689,27.8628265179534,0 84.547660631866,27.8639200464335,0 84.5475601468416,27.8641679291785,0 84.5474944639626,27.8643177659254,0 84.5489635220127,27.8659939189546,0</coordinates></LinearRing></outerBoundaryIs></Polygon></MultiGeometry>
  </Placemark>
  <Placemark id="settlement_area_ward.76">
	<name>Motel du mungling area</name>
	<Style><LineStyle><color>ff0000ff</color></LineStyle><PolyStyle><fill>0</fill></PolyStyle></Style>
	<ExtendedData><SchemaData schemaUrl="#settlement_area_ward">
		<SimpleData name="tessellate">1</SimpleData>
		<SimpleData name="extrude">0</SimpleData>
		<SimpleData name="visibility">-1</SimpleData>
		<SimpleData name="district">TANAHU</SimpleData>
		<SimpleData name="gapa_napa">Anbukhaireni</SimpleData>
		<SimpleData name="new_ward_n">4</SimpleData>
	</SchemaData></ExtendedData>
      <MultiGeometry><Polygon><outerBoundaryIs><LinearRing><coordinates>84.5498928912549,27.8578311474151,0 84.5490995718028,27.857882160455,0 84.548667410685,27.8584243295845,0 84.5486782797088,27.8592608231966,0 84.5488458493374,27.8601590467955,0 84.549518504827,27.8606765026601,0 84.5499614764158,27.8607452909245,0 84.550609787993,27.8607280532424,0 84.55098826869,27.8601288744415,0 84.551027282743,27.8601271776913,0 84.5517904436076,27.859875125744,0 84.5518097570023,27.8598742869531,0 84.5526921026705,27.859774210755,0 84.5527215978121,27.859762670115,0 84.5527708943783,27.8597400378478,0 84.5537917085486,27.8595331550753,0 84.5538299794057,27.859521411908,0 84.5547828550196,27.8594700272794,0 84.5554443761499,27.8590457740333,0 84.5554998862601,27.8590336619093,0 84.5555466379382,27.8590316401321,0 84.5565759759453,27.8589968357363,0 84.5570340383774,27.8589770263233,0 84.5570620794809,27.8589758136627,0 84.5571074912887,27.8589641424067,0 84.557151521936,27.8589428493072,0 84.5580179382369,27.858637524315,0 84.5580805446477,27.8575226418677,0 84.5580881979985,27.8574713647085,0 84.5576995036609,27.8568318161601,0 84.5576713134962,27.8568171477282,0 84.5568322795211,27.8572081515368,0 84.5568075819045,27.8572174272038,0 84.5567742594107,27.8572270786675,0 84.5566696786023,27.8572893212971,0 84.5561972290364,27.8575863814476,0 84.5561884803187,27.8575867565562,0 84.5552088013016,27.8578002640926,0 84.5551827761879,27.8578100308015,0 84.5550776380061,27.8578318650687,0 84.5533582073048,27.8580277871328,0 84.552823017473,27.8585263311816,0 84.5524036138823,27.8589083263317,0 84.5523751013972,27.8589190508019,0 84.5523372993727,27.8589301848261,0 84.5522700764563,27.8589616427748,0 84.5522026757077,27.8589931839446,0 84.551533050429,27.8593519422646,0 84.5514599157442,27.8593354322013,0 84.5513586575404,27.8593201732267,0 84.5512494153062,27.8592955023211,0 84.5511498472352,27.8592704887287,0 84.5506135121657,27.859061837063,0 84.5501077575843,27.8584071979169,0 84.5500908416837,27.8583541701124,0 84.5500869052684,27.8583275631185,0 84.5498928912549,27.8578311474151,0</coordinates></LinearRing></outerBoundaryIs></Polygon></MultiGeometry>
  </Placemark>
  <Placemark id="settlement_area_ward.77">
	<name>Fishtail restaurant zone</name>
	<Style><LineStyle><color>ff0000ff</color></LineStyle><PolyStyle><fill>0</fill></PolyStyle></Style>
	<ExtendedData><SchemaData schemaUrl="#settlement_area_ward">
		<SimpleData name="tessellate">1</SimpleData>
		<SimpleData name="extrude">0</SimpleData>
		<SimpleData name="visibility">-1</SimpleData>
		<SimpleData name="district">TANAHU</SimpleData>
		<SimpleData name="gapa_napa">Anbukhaireni</SimpleData>
		<SimpleData name="new_ward_n">4</SimpleData>
	</SchemaData></ExtendedData>
      <MultiGeometry><Polygon><outerBoundaryIs><LinearRing><coordinates>84.5563769120575,27.8556959839704,0 84.557043485674,27.8549863772823,0 84.5570379180356,27.8548716232688,0 84.5568968783306,27.8546993763214,0 84.556880295594,27.85467599431,0 84.5566915006483,27.8543911941995,0 84.5566674526545,27.8543610259527,0 84.5566592850997,27.854345809245,0 84.5566102925741,27.8542472649361,0 84.5565444990778,27.8540742844691,0 84.5565204219009,27.8540223782037,0 84.556511711007,27.8539775826376,0 84.5565032273085,27.8539404511399,0 84.5564949605767,27.8539109042017,0 84.5563756806942,27.8535780880417,0 84.556367732461,27.8535495502396,0 84.5563674524103,27.8535351531602,0 84.5562374704268,27.8531937904181,0 84.5558411949615,27.8527945672566,0 84.5558061400665,27.8527360863695,0 84.5557921989148,27.8527101395436,0 84.5555774791962,27.8524835229249,0 84.5555500526188,27.8524588353228,0 84.5552691039985,27.8527191353019,0 84.5550420858509,27.8532169800828,0 84.5550263257753,27.8532454742217,0 84.5549956641113,27.8532816666037,0 84.5549554418562,27.8538212579164,0 84.5552849981085,27.8542350908243,0 84.5553805822243,27.854354246784,0 84.5554176661431,27.8543992400112,0 84.5554399177939,27.8544294528174,0 84.5554549094433,27.8544444263326,0 84.5559619406885,27.8551577151499,0 84.5563769120575,27.8556959839704,0</coordinates></LinearRing></outerBoundaryIs></Polygon></MultiGeometry>
  </Placemark>
  <Placemark id="settlement_area_ward.78">
	<name>Chandeshwari basic school zone</name>
	<Style><LineStyle><color>ff0000ff</color></LineStyle><PolyStyle><fill>0</fill></PolyStyle></Style>
	<ExtendedData><SchemaData schemaUrl="#settlement_area_ward">
		<SimpleData name="tessellate">1</SimpleData>
		<SimpleData name="extrude">0</SimpleData>
		<SimpleData name="visibility">-1</SimpleData>
		<SimpleData name="district">TANAHU</SimpleData>
		<SimpleData name="gapa_napa">Anbukhaireni</SimpleData>
		<SimpleData name="new_ward_n">4</SimpleData>
	</SchemaData></ExtendedData>
      <MultiGeometry><Polygon><outerBoundaryIs><LinearRing><coordinates>84.5238500816669,27.8359271338331,0 84.5265885269993,27.8358155226982,0 84.5267364237433,27.835794544226,0 84.5268384091458,27.8357901170343,0 84.526933588273,27.8357859853245,0 84.5269675792911,27.8357845097851,0 84.5272331769704,27.835557536763,0 84.5272790295278,27.8355060443776,0 84.5273795347388,27.8353410206323,0 84.5273948069208,27.8353127238548,0 84.5274077173787,27.8352708792995,0 84.5274364144587,27.8350527932997,0 84.5270584608422,27.8345630104998,0 84.5270409952664,27.8345323609591,0 84.5270178894719,27.8344646990803,0 84.5270087685238,27.8344464674947,0 84.5264743528232,27.8341532345186,0 84.5264606011874,27.8341419103211,0 84.5258290191872,27.8340448951573,0 84.5256807698351,27.8340278240323,0 84.5256620616131,27.8340227826066,0 84.5249363186078,27.8340479502086,0 84.5238386518909,27.8342243461238,0 84.5237759547057,27.834250805179,0 84.5237503979991,27.8342697789577,0 84.5236249824816,27.8345236448539,0 84.5236113656284,27.8345427187445,0 84.5234497130772,27.8352920579759,0 84.5238500816669,27.8359271338331,0</coordinates></LinearRing></outerBoundaryIs></Polygon></MultiGeometry>
  </Placemark>
  <Placemark id="settlement_area_ward.79">
	<name>Khasrang village besi</name>
	<Style><LineStyle><color>ff0000ff</color></LineStyle><PolyStyle><fill>0</fill></PolyStyle></Style>
	<ExtendedData><SchemaData schemaUrl="#settlement_area_ward">
		<SimpleData name="tessellate">1</SimpleData>
		<SimpleData name="extrude">0</SimpleData>
		<SimpleData name="visibility">-1</SimpleData>
		<SimpleData name="district">TANAHU</SimpleData>
		<SimpleData name="gapa_napa">Anbukhaireni</SimpleData>
		<SimpleData name="new_ward_n">4</SimpleData>
	</SchemaData></ExtendedData>
      <MultiGeometry><Polygon><outerBoundaryIs><LinearRing><coordinates>84.5225026679302,27.836421507154,0 84.5228581125054,27.8367046135296,0 84.5230316320723,27.8364941879931,0 84.5230621660287,27.8364448346044,0 84.5230800623101,27.8364121798386,0 84.5231983514165,27.8359646324209,0 84.5232068269863,27.8359189422917,0 84.5232351139284,27.8353136434524,0 84.5232472143433,27.835250079566,0 84.5232592259729,27.8351869818125,0 84.5232795362597,27.8351377481371,0 84.5232883125821,27.8351029970635,0 84.5232586733125,27.8343880856646,0 84.5227968324642,27.8339968931787,0 84.5227738773013,27.8339561302475,0 84.5227093644648,27.8338701709384,0 84.5226947257269,27.8338473064122,0 84.5226722584531,27.8338073271419,0 84.5226571505474,27.8337788606812,0 84.522649327296,27.8337617796374,0 84.5221288978249,27.8335441542961,0 84.5212549657425,27.8335589071867,0 84.5212432933095,27.8335874953649,0 84.5212255783853,27.8336164442703,0 84.5212080170079,27.8336738935111,0 84.521202497575,27.8337427244795,0 84.52120279261,27.8337830082327,0 84.5212029618901,27.8338061216899,0 84.5211436935689,27.8342369129662,0 84.5211438192889,27.8342736618316,0 84.5211438823649,27.8342920996469,0 84.5211597427315,27.8350857966074,0 84.5211664703477,27.8351194639575,0 84.5211732932757,27.8351669406833,0 84.521895414113,27.8359158943166,0 84.5219178786891,27.8359524321692,0 84.5219335049639,27.8359894263519,0 84.5225026679302,27.836421507154,0</coordinates></LinearRing></outerBoundaryIs></Polygon></MultiGeometry>
  </Placemark>
  <Placemark id="settlement_area_ward.80">
	<name>Trisuli Bridge charaudi</name>
	<Style><LineStyle><color>ff0000ff</color></LineStyle><PolyStyle><fill>0</fill></PolyStyle></Style>
	<ExtendedData><SchemaData schemaUrl="#settlement_area_ward">
		<SimpleData name="tessellate">1</SimpleData>
		<SimpleData name="extrude">0</SimpleData>
		<SimpleData name="visibility">-1</SimpleData>
		<SimpleData name="district">DHADING</SimpleData>
		<SimpleData name="gapa_napa">Benighat Rorang</SimpleData>
		<SimpleData name="new_ward_n">7</SimpleData>
	</SchemaData></ExtendedData>
      <MultiGeometry><Polygon><outerBoundaryIs><LinearRing><coordinates>84.7544781753618,27.8061335433132,0 84.7556694250549,27.8063232151664,0 84.7556780066775,27.8063087621892,0 84.7560144913355,27.8055805693424,0 84.7561117569306,27.8052587787369,0 84.7561179360171,27.80416561822,0 84.7561133678846,27.8040455372028,0 84.7554483895086,27.8029532173874,0 84.7550917342508,27.8023366603478,0 84.7550752755227,27.8022851117244,0 84.754699903608,27.8019330982182,0 84.753641815493,27.8014983276131,0 84.7530522332308,27.8013245158306,0 84.7523616716048,27.8013688816926,0 84.7521637755098,27.8014366923257,0 84.7515677013859,27.8020706684168,0 84.751237313897,27.8024369528381,0 84.7503192076778,27.8022354408104,0 84.7485358963333,27.8022133127576,0 84.7453728256683,27.8021399537067,0 84.744514027131,27.8034997206365,0 84.7458060001545,27.8041711689656,0 84.7477358236375,27.8041499286096,0 84.7500918673444,27.8040541067696,0 84.751048815555,27.8041234640044,0 84.752216863819,27.8042669061998,0 84.7537578208768,27.8055095546305,0 84.7544781753618,27.8061335433132,0</coordinates></LinearRing></outerBoundaryIs></Polygon></MultiGeometry>
  </Placemark>
  <Placemark id="settlement_area_ward.81">
	<name>Majheri</name>
	<Style><LineStyle><color>ff0000ff</color></LineStyle><PolyStyle><fill>0</fill></PolyStyle></Style>
	<ExtendedData><SchemaData schemaUrl="#settlement_area_ward">
		<SimpleData name="tessellate">1</SimpleData>
		<SimpleData name="extrude">0</SimpleData>
		<SimpleData name="visibility">-1</SimpleData>
		<SimpleData name="district">DHADING</SimpleData>
		<SimpleData name="gapa_napa">Benighat Rorang</SimpleData>
		<SimpleData name="new_ward_n">7</SimpleData>
	</SchemaData></ExtendedData>
      <MultiGeometry><Polygon><outerBoundaryIs><LinearRing><coordinates>84.7438553995041,27.8029560266025,0 84.7457737374797,27.8001387677744,0 84.7447304525045,27.7995229283561,0 84.7447157103008,27.7994537190193,0 84.7447112158602,27.7993843790165,0 84.7447109194096,27.799334938746,0 84.7447067460768,27.7993154223154,0 84.7445569200666,27.7981578803013,0 84.74454343649,27.7980960217005,0 84.7445338486687,27.798052035557,0 84.7427307441134,27.798187349458,0 84.7427220775312,27.7981255606258,0 84.7416656983244,27.797506745062,0 84.7410144360763,27.7980006339677,0 84.7399774170007,27.7977688124373,0 84.7399489486389,27.7977617447467,0 84.7392054310852,27.7977060437271,0 84.7382169938659,27.7976299730364,0 84.7377606025969,27.797897323647,0 84.737720976463,27.7979248979679,0 84.7377334545496,27.7984123543823,0 84.7380202049875,27.7994673531894,0 84.7380180014953,27.7995063999987,0 84.7381209950851,27.8010991402153,0 84.7382707340055,27.8024013161568,0 84.7382913039666,27.8024490152739,0 84.7383449502928,27.8025197241573,0 84.738478891218,27.8029112313653,0 84.7386386841955,27.8029410088183,0 84.7387761516423,27.8029593377279,0 84.738856494283,27.8029679267419,0 84.7388680131924,27.8029673391201,0 84.7389366892219,27.802989244472,0 84.7389706667424,27.8030257095669,0 84.740055100625,27.8029449079795,0 84.7413695101396,27.8027134177364,0 84.7414611842763,27.8027087434436,0 84.7415070204955,27.80270640635,0 84.7438553995041,27.8029560266025,0</coordinates></LinearRing></outerBoundaryIs></Polygon></MultiGeometry>
  </Placemark>
  <Placemark id="settlement_area_ward.82">
	<name>Magar vilalge</name>
	<Style><LineStyle><color>ff0000ff</color></LineStyle><PolyStyle><fill>0</fill></PolyStyle></Style>
	<ExtendedData><SchemaData schemaUrl="#settlement_area_ward">
		<SimpleData name="tessellate">1</SimpleData>
		<SimpleData name="extrude">0</SimpleData>
		<SimpleData name="visibility">-1</SimpleData>
		<SimpleData name="district">DHADING</SimpleData>
		<SimpleData name="gapa_napa">Benighat Rorang</SimpleData>
		<SimpleData name="new_ward_n">7</SimpleData>
	</SchemaData></ExtendedData>
      <MultiGeometry><Polygon><outerBoundaryIs><LinearRing><coordinates>84.749470342844,27.799622528326,0 84.7503212873973,27.7991764104178,0 84.7503660017304,27.7990351468136,0 84.7503965645856,27.7989849952003,0 84.7504316469074,27.7989187765433,0 84.7504328106201,27.7988866496324,0 84.7500465303503,27.7982556014435,0 84.7498790800013,27.7980564691314,0 84.749783268273,27.7979301838628,0 84.7497452882383,27.7978959938723,0 84.7493402920649,27.7973771538444,0 84.7492868946893,27.7973323288971,0 84.7492597116063,27.7973066562989,0 84.7485157479956,27.7972100205134,0 84.7484860261645,27.7972115137587,0 84.7484646103937,27.7972192449223,0 84.7482444748486,27.7978997686807,0 84.7482560878183,27.7979998779165,0 84.7482585923904,27.7980214684572,0 84.748839360295,27.7991123344443,0 84.7493860563041,27.7996267974292,0 84.7494534857991,27.7996233821331,0 84.749470342844,27.799622528326,0</coordinates></LinearRing></outerBoundaryIs></Polygon></MultiGeometry>
  </Placemark>
  <Placemark id="settlement_area_ward.83">
	<name>Dhulstar</name>
	<Style><LineStyle><color>ff0000ff</color></LineStyle><PolyStyle><fill>0</fill></PolyStyle></Style>
	<ExtendedData><SchemaData schemaUrl="#settlement_area_ward">
		<SimpleData name="tessellate">1</SimpleData>
		<SimpleData name="extrude">0</SimpleData>
		<SimpleData name="visibility">-1</SimpleData>
		<SimpleData name="district">DHADING</SimpleData>
		<SimpleData name="gapa_napa">Benighat Rorang</SimpleData>
		<SimpleData name="new_ward_n">7</SimpleData>
	</SchemaData></ExtendedData>
      <MultiGeometry><Polygon><outerBoundaryIs><LinearRing><coordinates>84.7457219675956,27.8013384417957,0 84.7485755839711,27.8020889153245,0 84.7491574257125,27.8014184561484,0 84.7491892834457,27.8014096566214,0 84.7502892121829,27.8009817767004,0 84.7503423361022,27.8009585108483,0 84.7503677601664,27.8009298756451,0 84.7506266578164,27.8005889202398,0 84.7505449428863,27.8000051230172,0 84.7502585861885,27.7996331950381,0 84.7497075340394,27.7998548273826,0 84.7496954752819,27.79985543693,0 84.7491684609442,27.799746474001,0 84.7480599930259,27.799453942544,0 84.7474607919896,27.7993184541954,0 84.7474367184383,27.7993087495742,0 84.7468229770544,27.7991884709642,0 84.746650413619,27.7991704812513,0 84.7465645840652,27.7991694785608,0 84.7464445634475,27.799170201045,0 84.7464217299413,27.7991713507303,0 84.7461824399181,27.7994267245511,0 84.74616530964,27.799782095761,0 84.7461653233144,27.7997993963103,0 84.7458106369385,27.8005493548498,0 84.7457976086112,27.8005754115177,0 84.7457219675956,27.8013384417957,0</coordinates></LinearRing></outerBoundaryIs></Polygon></MultiGeometry>
  </Placemark>
  <Placemark id="settlement_area_ward.84">
	<name>Jogimara</name>
	<Style><LineStyle><color>ff0000ff</color></LineStyle><PolyStyle><fill>0</fill></PolyStyle></Style>
	<ExtendedData><SchemaData schemaUrl="#settlement_area_ward">
		<SimpleData name="tessellate">1</SimpleData>
		<SimpleData name="extrude">0</SimpleData>
		<SimpleData name="visibility">-1</SimpleData>
		<SimpleData name="district">DHADING</SimpleData>
		<SimpleData name="gapa_napa">Benighat Rorang</SimpleData>
		<SimpleData name="new_ward_n">8</SimpleData>
	</SchemaData></ExtendedData>
      <MultiGeometry><Polygon><outerBoundaryIs><LinearRing><coordinates>84.7276775171869,27.7964715765222,0 84.7263198765379,27.7964127965111,0 84.7262533773113,27.7964551112136,0 84.7262147377509,27.7964765835152,0 84.7260909321205,27.7965023688161,0 84.7260183159121,27.7965158114742,0 84.7244624485611,27.7969113091726,0 84.7232313790853,27.7973394969859,0 84.7231362513284,27.7973856042276,0 84.721698554547,27.7982131469336,0 84.7215538959149,27.7983081852932,0 84.7215096785571,27.7983655353302,0 84.7213641930626,27.7985060595801,0 84.7211947241693,27.7986941821777,0 84.720317204071,27.7995281019499,0 84.7202673231469,27.7996384507482,0 84.7202295851629,27.799724780107,0 84.7201790440012,27.7998365998391,0 84.7199666633716,27.8008166528702,0 84.7200299980638,27.8011287780809,0 84.7208972728444,27.8013120329835,0 84.7210347115124,27.8013050426267,0 84.7227728747871,27.8010292185364,0 84.7228093420571,27.801014064645,0 84.7228821807562,27.8009837968878,0 84.7247271438142,27.8004712527689,0 84.7259180675848,27.8002950814671,0 84.7268509188637,27.7997317206642,0 84.7275703886639,27.7991728025512,0 84.7281196853467,27.7976722540909,0 84.7281199614084,27.7975437944701,0 84.7281117175134,27.7975122856747,0 84.728109082541,27.7974593758545,0 84.7281147622643,27.797395708548,0 84.7281065690027,27.797364541415,0 84.7280956740607,27.7973230970346,0 84.7276775171869,27.7964715765222,0</coordinates></LinearRing></outerBoundaryIs></Polygon></MultiGeometry>
  </Placemark>
  <Placemark id="settlement_area_ward.85">
	<name>Galaudi</name>
	<Style><LineStyle><color>ff0000ff</color></LineStyle><PolyStyle><fill>0</fill></PolyStyle></Style>
	<ExtendedData><SchemaData schemaUrl="#settlement_area_ward">
		<SimpleData name="tessellate">1</SimpleData>
		<SimpleData name="extrude">0</SimpleData>
		<SimpleData name="visibility">-1</SimpleData>
		<SimpleData name="district">DHADING</SimpleData>
		<SimpleData name="gapa_napa">Gajuri</SimpleData>
		<SimpleData name="new_ward_n">1</SimpleData>
	</SchemaData></ExtendedData>
      <MultiGeometry><Polygon><outerBoundaryIs><LinearRing><coordinates>84.8898204858814,27.8091667600003,0 84.8900538877445,27.8082780895097,0 84.8921283861388,27.8077678215894,0 84.8944930665199,27.8072106656974,0 84.8946271211893,27.8071644959214,0 84.8957531860562,27.8069118257911,0 84.8958297360721,27.8069079870115,0 84.896077579212,27.806876033237,0 84.8970164471025,27.8065766711034,0 84.8971087840936,27.8065334806033,0 84.897317713258,27.8062739748165,0 84.8972683958853,27.8061245731385,0 84.8967017081927,27.8055373151667,0 84.8961897163791,27.8053615292875,0 84.8942629042995,27.8049535503902,0 84.8935678953672,27.8050596956145,0 84.8920327960223,27.8054969207826,0 84.8918041824504,27.8056542171837,0 84.8907247022545,27.8068150422176,0 84.8904673268569,27.8069630064323,0 84.890408643893,27.8069853100845,0 84.8900828880122,27.8074714013175,0 84.8890514291552,27.8079826957922,0 84.8890914906692,27.8087190360926,0 84.8891202822845,27.8088220305855,0 84.8898204858814,27.8091667600003,0</coordinates></LinearRing></outerBoundaryIs></Polygon></MultiGeometry>
  </Placemark>
  <Placemark id="settlement_area_ward.86">
	<name>Gajuri bajar</name>
	<Style><LineStyle><color>ff0000ff</color></LineStyle><PolyStyle><fill>0</fill></PolyStyle></Style>
	<ExtendedData><SchemaData schemaUrl="#settlement_area_ward">
		<SimpleData name="tessellate">1</SimpleData>
		<SimpleData name="extrude">0</SimpleData>
		<SimpleData name="visibility">-1</SimpleData>
		<SimpleData name="district">DHADING</SimpleData>
		<SimpleData name="gapa_napa">Gajuri</SimpleData>
		<SimpleData name="new_ward_n">1</SimpleData>
	</SchemaData></ExtendedData>
      <MultiGeometry><Polygon><outerBoundaryIs><LinearRing><coordinates>84.8722557484199,27.8075433406699,0 84.8806092149454,27.8091243411908,0 84.8846728112595,27.8080825939142,0 84.885062488458,27.8079756512759,0 84.8865139337508,27.8066523785498,0 84.8866819007851,27.8064738930217,0 84.887278981349,27.8046515722974,0 84.887195524492,27.8028869135622,0 84.8845225931615,27.80262755774,0 84.8817298026729,27.8017214964425,0 84.8785728571591,27.8011946951471,0 84.8739640383636,27.8024444022354,0 84.8723702709136,27.8039457866826,0 84.8722557484199,27.8075433406699,0</coordinates></LinearRing></outerBoundaryIs></Polygon></MultiGeometry>
  </Placemark>
  <Placemark id="settlement_area_ward.87">
	<name>Chalise</name>
	<Style><LineStyle><color>ff0000ff</color></LineStyle><PolyStyle><fill>0</fill></PolyStyle></Style>
	<ExtendedData><SchemaData schemaUrl="#settlement_area_ward">
		<SimpleData name="tessellate">1</SimpleData>
		<SimpleData name="extrude">0</SimpleData>
		<SimpleData name="visibility">-1</SimpleData>
		<SimpleData name="district">DHADING</SimpleData>
		<SimpleData name="gapa_napa">Gajuri</SimpleData>
		<SimpleData name="new_ward_n">1</SimpleData>
	</SchemaData></ExtendedData>
      <MultiGeometry><Polygon><outerBoundaryIs><LinearRing><coordinates>84.8647320225404,27.8013082798778,0 84.8722317118482,27.8021353530533,0 84.8741180986638,27.8012504654,0 84.8740492721357,27.8001484121885,0 84.8738800310175,27.7993826915991,0 84.8725226186335,27.799138451635,0 84.8709394584107,27.7992880097535,0 84.8701131848907,27.7999613751354,0 84.8679773767193,27.8000681377392,0 84.8657041658313,27.799159705621,0 84.8648975185125,27.7996443464878,0 84.8648776148767,27.8004767072929,0 84.8648705032614,27.8005239987429,0 84.8647320225404,27.8013082798778,0</coordinates></LinearRing></outerBoundaryIs></Polygon></MultiGeometry>
  </Placemark>
  <Placemark id="settlement_area_ward.88">
	<name>Chalise</name>
	<Style><LineStyle><color>ff0000ff</color></LineStyle><PolyStyle><fill>0</fill></PolyStyle></Style>
	<ExtendedData><SchemaData schemaUrl="#settlement_area_ward">
		<SimpleData name="tessellate">1</SimpleData>
		<SimpleData name="extrude">0</SimpleData>
		<SimpleData name="visibility">-1</SimpleData>
		<SimpleData name="district">DHADING</SimpleData>
		<SimpleData name="gapa_napa">Gajuri</SimpleData>
		<SimpleData name="new_ward_n">2</SimpleData>
	</SchemaData></ExtendedData>
      <MultiGeometry><Polygon><outerBoundaryIs><LinearRing><coordinates>84.8647320225404,27.8013082798778,0 84.8722317118482,27.8021353530533,0 84.8741180986638,27.8012504654,0 84.8740492721357,27.8001484121885,0 84.8738800310175,27.7993826915991,0 84.8725226186335,27.799138451635,0 84.8709394584107,27.7992880097535,0 84.8701131848907,27.7999613751354,0 84.8679773767193,27.8000681377392,0 84.8657041658313,27.799159705621,0 84.8648975185125,27.7996443464878,0 84.8648776148767,27.8004767072929,0 84.8648705032614,27.8005239987429,0 84.8647320225404,27.8013082798778,0</coordinates></LinearRing></outerBoundaryIs></Polygon></MultiGeometry>
  </Placemark>
  <Placemark id="settlement_area_ward.89">
	<name>Untitled Bhani traders prvt limted area</name>
	<Style><LineStyle><color>ff0000ff</color></LineStyle><PolyStyle><fill>0</fill></PolyStyle></Style>
	<ExtendedData><SchemaData schemaUrl="#settlement_area_ward">
		<SimpleData name="tessellate">1</SimpleData>
		<SimpleData name="extrude">0</SimpleData>
		<SimpleData name="visibility">-1</SimpleData>
		<SimpleData name="district">DHADING</SimpleData>
		<SimpleData name="gapa_napa">Gajuri</SimpleData>
		<SimpleData name="new_ward_n">2</SimpleData>
	</SchemaData></ExtendedData>
      <MultiGeometry><Polygon><outerBoundaryIs><LinearRing><coordinates>84.8502418036197,27.8072491869193,0 84.8496549187783,27.8061653816607,0 84.8496144394857,27.8061858950591,0 84.8491682918066,27.8066393186867,0 84.8490328023879,27.8069244584989,0 84.8488259730875,27.807385193456,0 84.848814981083,27.8074860149519,0 84.8493360285649,27.8081496739338,0 84.850503070182,27.808530773795,0 84.8520119153714,27.8080994933646,0 84.8525956080264,27.8078077815737,0 84.8528300236947,27.8070907355657,0 84.8530382730162,27.8063737145681,0 84.8529555434637,27.8058146302565,0 84.8524519812659,27.805432695114,0 84.8523820265158,27.8053884133993,0 84.8514350122015,27.8049700684834,0 84.8512204446851,27.805430800956,0 84.8512347666583,27.8055981028283,0 84.8512636702316,27.8059746414361,0 84.8512644472579,27.8065597861437,0 84.8510755419815,27.8070210803089,0 84.8508885246509,27.8071697906034,0 84.8502418036197,27.8072491869193,0</coordinates></LinearRing></outerBoundaryIs></Polygon></MultiGeometry>
  </Placemark>
  <Placemark id="settlement_area_ward.90">
	<name>Bageshowri school area</name>
	<Style><LineStyle><color>ff0000ff</color></LineStyle><PolyStyle><fill>0</fill></PolyStyle></Style>
	<ExtendedData><SchemaData schemaUrl="#settlement_area_ward">
		<SimpleData name="tessellate">1</SimpleData>
		<SimpleData name="extrude">0</SimpleData>
		<SimpleData name="visibility">-1</SimpleData>
		<SimpleData name="district">DHADING</SimpleData>
		<SimpleData name="gapa_napa">Gajuri</SimpleData>
		<SimpleData name="new_ward_n">2</SimpleData>
	</SchemaData></ExtendedData>
      <MultiGeometry><Polygon><outerBoundaryIs><LinearRing><coordinates>84.8286573683059,27.8073576911253,0 84.8255504368019,27.8104779513121,0 84.8248440938668,27.8108427032636,0 84.8246642853438,27.8111390717764,0 84.8246169687312,27.811222147485,0 84.8243690804185,27.8116771780129,0 84.8243123750448,27.811796675522,0 84.8241341439076,27.8122459711689,0 84.8239793936331,27.8129002666691,0 84.8240206397251,27.8130411230277,0 84.8242106616338,27.8133208609308,0 84.8242437786339,27.813373966261,0 84.825099962654,27.8141536783183,0 84.8258796907168,27.8142869958601,0 84.8260049682458,27.8142806043651,0 84.8285981267101,27.8148171108437,0 84.830211041476,27.8141435061609,0 84.8305911948658,27.8140466985774,0 84.8324214134542,27.8136280069502,0 84.8331840367652,27.8130104503025,0 84.8340228786952,27.8116581141036,0 84.8344710737626,27.8105615933836,0 84.8344803632326,27.8104812870709,0 84.8347266762676,27.8097365952375,0 84.8347490011415,27.8096594583489,0 84.8347977624064,27.8095662492452,0 84.8356555054738,27.8082062171376,0 84.8359641368794,27.8072092520314,0 84.8348326209706,27.80708508536,0 84.8342001231764,27.8074289492319,0 84.8328500683281,27.8069045537785,0 84.8324327077889,27.8069255745698,0 84.8323440837904,27.8069679713074,0 84.8321538977433,27.807002893838,0 84.8295947698441,27.8072464062416,0 84.8286573683059,27.8073576911253,0</coordinates></LinearRing></outerBoundaryIs></Polygon></MultiGeometry>
  </Placemark>
  <Placemark id="settlement_area_ward.91">
	<name>malekhu Bridge area</name>
	<Style><LineStyle><color>ff0000ff</color></LineStyle><PolyStyle><fill>0</fill></PolyStyle></Style>
	<ExtendedData><SchemaData schemaUrl="#settlement_area_ward">
		<SimpleData name="tessellate">1</SimpleData>
		<SimpleData name="extrude">0</SimpleData>
		<SimpleData name="visibility">-1</SimpleData>
		<SimpleData name="district">DHADING</SimpleData>
		<SimpleData name="gapa_napa">Gajuri</SimpleData>
		<SimpleData name="new_ward_n">2</SimpleData>
	</SchemaData></ExtendedData>
      <MultiGeometry><Polygon><outerBoundaryIs><LinearRing><coordinates>84.8338953374719,27.8039554049754,0 84.8333441309426,27.8053208269947,0 84.8332580078065,27.8053580111962,0 84.8332137390317,27.8053998403629,0 84.8331847496743,27.805414539907,0 84.8329931898794,27.8055443146575,0 84.8329229028238,27.805642507007,0 84.8329613167972,27.8059592736638,0 84.8330094152026,27.8061423691911,0 84.8330151967929,27.8061709748243,0 84.8330982070629,27.8062833509895,0 84.833168695497,27.8063682464155,0 84.8334252068009,27.8065424816318,0 84.8340788561708,27.8069197336904,0 84.835068049454,27.8068224874781,0 84.8356870403896,27.8069661920889,0 84.8359364335352,27.8070992423286,0 84.8359914767857,27.8070964651963,0 84.8362233782374,27.8069231040003,0 84.8362709501517,27.8068647903158,0 84.8367264774327,27.8063686731774,0 84.8370578103456,27.8054280158381,0 84.837076561845,27.8053729253042,0 84.8370951930201,27.8053181878159,0 84.8371671040262,27.8048075220979,0 84.8371848348715,27.8047563578648,0 84.8365876677669,27.8041816925392,0 84.835973191356,27.8039020980599,0 84.8359455089489,27.8038744386568,0 84.835270592731,27.8037002551453,0 84.8344576257529,27.8037338668092,0 84.8343130107265,27.8037481993191,0 84.8338953374719,27.8039554049754,0</coordinates></LinearRing></outerBoundaryIs></Polygon></MultiGeometry>
  </Placemark>
  <Placemark id="settlement_area_ward.92">
	<name>Kolpurtar</name>
	<Style><LineStyle><color>ff0000ff</color></LineStyle><PolyStyle><fill>0</fill></PolyStyle></Style>
	<ExtendedData><SchemaData schemaUrl="#settlement_area_ward">
		<SimpleData name="tessellate">1</SimpleData>
		<SimpleData name="extrude">0</SimpleData>
		<SimpleData name="visibility">-1</SimpleData>
		<SimpleData name="district">DHADING</SimpleData>
		<SimpleData name="gapa_napa">Galchi</SimpleData>
		<SimpleData name="new_ward_n">8</SimpleData>
	</SchemaData></ExtendedData>
      <MultiGeometry><Polygon><outerBoundaryIs><LinearRing><coordinates>85.0183827005465,27.8218948611972,0 85.0264693943503,27.8222861241481,0 85.0270597805801,27.8196134619919,0 85.0260503516964,27.8159859683918,0 85.023798818128,27.8128785715602,0 85.0230124554726,27.8117744084753,0 85.0186329175213,27.8099368461381,0 85.0184445835136,27.809760410372,0 85.0156832270652,27.8095660530464,0 85.0134681177587,27.80975805786,0 85.0130023565401,27.8114878587235,0 85.0130114067203,27.8147096806334,0 85.0158910130499,27.8182548591417,0 85.018223522253,27.8219028693549,0 85.0183827005465,27.8218948611972,0</coordinates></LinearRing></outerBoundaryIs></Polygon></MultiGeometry>
  </Placemark>
  <Placemark id="settlement_area_ward.93">
	<name>Sanyasi Gaun</name>
	<Style><LineStyle><color>ff0000ff</color></LineStyle><PolyStyle><fill>0</fill></PolyStyle></Style>
	<ExtendedData><SchemaData schemaUrl="#settlement_area_ward">
		<SimpleData name="tessellate">1</SimpleData>
		<SimpleData name="extrude">0</SimpleData>
		<SimpleData name="visibility">-1</SimpleData>
		<SimpleData name="district">DHADING</SimpleData>
		<SimpleData name="gapa_napa">Galchi</SimpleData>
		<SimpleData name="new_ward_n">8</SimpleData>
	</SchemaData></ExtendedData>
      <MultiGeometry><Polygon><outerBoundaryIs><LinearRing><coordinates>85.0165935773979,27.8048981816825,0 85.0190010769831,27.8050550297076,0 85.0225542600685,27.8023584056474,0 85.0226289969477,27.8020164792873,0 85.0223812884898,27.7987436800498,0 85.0197405522874,27.7956876297815,0 85.019333444529,27.7951295247826,0 85.0172282311779,27.7949170525067,0 85.0146944733645,27.7968234154789,0 85.0127107754735,27.8005002405455,0 85.0130534986022,27.802873148474,0 85.0165935773979,27.8048981816825,0</coordinates></LinearRing></outerBoundaryIs></Polygon></MultiGeometry>
  </Placemark>
  <Placemark id="settlement_area_ward.94">
	<name>Charipauwa</name>
	<Style><LineStyle><color>ff0000ff</color></LineStyle><PolyStyle><fill>0</fill></PolyStyle></Style>
	<ExtendedData><SchemaData schemaUrl="#settlement_area_ward">
		<SimpleData name="tessellate">1</SimpleData>
		<SimpleData name="extrude">0</SimpleData>
		<SimpleData name="visibility">-1</SimpleData>
		<SimpleData name="district">DHADING</SimpleData>
		<SimpleData name="gapa_napa">Galchi</SimpleData>
		<SimpleData name="new_ward_n">8</SimpleData>
	</SchemaData></ExtendedData>
      <MultiGeometry><Polygon><outerBoundaryIs><LinearRing><coordinates>85.0089395108447,27.8047540663539,0 85.0121766218022,27.8061638015555,0 85.0116469625853,27.8030765815751,0 85.0109535458966,27.8004885178216,0 85.0088759569932,27.8003600235617,0 85.0029024726697,27.7958972039381,0 85.0027145753512,27.7957449917314,0 84.999403223249,27.7939520254018,0 84.9960417158325,27.7933444744792,0 84.9958362717372,27.7933548245262,0 84.9938536728864,27.7949658813865,0 84.9954295173536,27.7966528118029,0 84.9996192076602,27.8008535602117,0 85.0036702643068,27.8028596278168,0 85.0089395108447,27.8047540663539,0</coordinates></LinearRing></outerBoundaryIs></Polygon></MultiGeometry>
  </Placemark>
  <Placemark id="settlement_area_ward.95">
	<name>Kyorenitar</name>
	<Style><LineStyle><color>ff0000ff</color></LineStyle><PolyStyle><fill>0</fill></PolyStyle></Style>
	<ExtendedData><SchemaData schemaUrl="#settlement_area_ward">
		<SimpleData name="tessellate">1</SimpleData>
		<SimpleData name="extrude">0</SimpleData>
		<SimpleData name="visibility">-1</SimpleData>
		<SimpleData name="district">DHADING</SimpleData>
		<SimpleData name="gapa_napa">Galchi</SimpleData>
		<SimpleData name="new_ward_n">4</SimpleData>
	</SchemaData></ExtendedData>
      <MultiGeometry><Polygon><outerBoundaryIs><LinearRing><coordinates>84.9721381758856,27.8176908877176,0 84.9729508997492,27.817040590188,0 84.9734690048105,27.8148414489868,0 84.9735242019804,27.812308899835,0 84.9735512133394,27.8119927549985,0 84.9736399370321,27.8115031778423,0 84.9717502930542,27.8109151907957,0 84.9715563676312,27.8108911054841,0 84.971427029543,27.810897643881,0 84.9700195293517,27.811720729965,0 84.9674727474578,27.811884036098,0 84.9673403032759,27.8119252630446,0 84.9660465787026,27.8127574971004,0 84.965970874371,27.8129022321034,0 84.9655180533423,27.8141417835466,0 84.9655100133405,27.8142511949446,0 84.9648551141133,27.8156036004993,0 84.9651055317875,27.8169440635331,0 84.9652050194018,27.8170566526873,0 84.9676926923433,27.8181594343138,0 84.9718114792627,27.8177074491817,0 84.9721381758856,27.8176908877176,0</coordinates></LinearRing></outerBoundaryIs></Polygon></MultiGeometry>
  </Placemark>
  <Placemark id="settlement_area_ward.96">
	<name>Mastar</name>
	<Style><LineStyle><color>ff0000ff</color></LineStyle><PolyStyle><fill>0</fill></PolyStyle></Style>
	<ExtendedData><SchemaData schemaUrl="#settlement_area_ward">
		<SimpleData name="tessellate">1</SimpleData>
		<SimpleData name="extrude">0</SimpleData>
		<SimpleData name="visibility">-1</SimpleData>
		<SimpleData name="district">DHADING</SimpleData>
		<SimpleData name="gapa_napa">Galchi</SimpleData>
		<SimpleData name="new_ward_n">4</SimpleData>
	</SchemaData></ExtendedData>
      <MultiGeometry><Polygon><outerBoundaryIs><LinearRing><coordinates>84.9572372607334,27.8138927888516,0 84.9551545152696,27.8170325610671,0 84.9573994773785,27.8173876573728,0 84.9588749927262,27.817312717292,0 84.9608601251284,27.8168126917523,0 84.9623481031492,27.8141521702715,0 84.9639111878446,27.8117608198951,0 84.9639927724994,27.8116243468615,0 84.9651982607593,27.8105139493475,0 84.9652543249834,27.8103677227728,0 84.9653296978272,27.8102392105552,0 84.9658749080761,27.8090361740716,0 84.9648170190519,27.8088719519998,0 84.9632210707906,27.809819101364,0 84.9630487349468,27.8098798846069,0 84.9604657358141,27.8110608429153,0 84.9599584491,27.8113617567155,0 84.9572372607334,27.8138927888516,0</coordinates></LinearRing></outerBoundaryIs></Polygon></MultiGeometry>
  </Placemark>
  <Placemark id="settlement_area_ward.97">
	<name>Belukhu bazar</name>
	<Style><LineStyle><color>ff0000ff</color></LineStyle><PolyStyle><fill>0</fill></PolyStyle></Style>
	<ExtendedData><SchemaData schemaUrl="#settlement_area_ward">
		<SimpleData name="tessellate">1</SimpleData>
		<SimpleData name="extrude">0</SimpleData>
		<SimpleData name="visibility">-1</SimpleData>
		<SimpleData name="district">DHADING</SimpleData>
		<SimpleData name="gapa_napa">Galchi</SimpleData>
		<SimpleData name="new_ward_n">4</SimpleData>
	</SchemaData></ExtendedData>
      <MultiGeometry><Polygon><outerBoundaryIs><LinearRing><coordinates>84.9485523487778,27.8145516823762,0 84.9521546787379,27.8156519036502,0 84.9554293537822,27.8159954675255,0 84.9556471162182,27.8154066967921,0 84.9553365800929,27.8142797801476,0 84.9524591626144,27.8128174693371,0 84.9493147574774,27.8123858533511,0 84.948480568907,27.8129101053289,0 84.9484041175332,27.8130471060632,0 84.9485523487778,27.8145516823762,0</coordinates></LinearRing></outerBoundaryIs></Polygon></MultiGeometry>
  </Placemark>
  <Placemark id="settlement_area_ward.98">
	<name>Charipauwa</name>
	<Style><LineStyle><color>ff0000ff</color></LineStyle><PolyStyle><fill>0</fill></PolyStyle></Style>
	<ExtendedData><SchemaData schemaUrl="#settlement_area_ward">
		<SimpleData name="tessellate">1</SimpleData>
		<SimpleData name="extrude">0</SimpleData>
		<SimpleData name="visibility">-1</SimpleData>
		<SimpleData name="district">DHADING</SimpleData>
		<SimpleData name="gapa_napa">Galchi</SimpleData>
		<SimpleData name="new_ward_n">7</SimpleData>
	</SchemaData></ExtendedData>
      <MultiGeometry><Polygon><outerBoundaryIs><LinearRing><coordinates>85.0089395108447,27.8047540663539,0 85.0121766218022,27.8061638015555,0 85.0116469625853,27.8030765815751,0 85.0109535458966,27.8004885178216,0 85.0088759569932,27.8003600235617,0 85.0029024726697,27.7958972039381,0 85.0027145753512,27.7957449917314,0 84.999403223249,27.7939520254018,0 84.9960417158325,27.7933444744792,0 84.9958362717372,27.7933548245262,0 84.9938536728864,27.7949658813865,0 84.9954295173536,27.7966528118029,0 84.9996192076602,27.8008535602117,0 85.0036702643068,27.8028596278168,0 85.0089395108447,27.8047540663539,0</coordinates></LinearRing></outerBoundaryIs></Polygon></MultiGeometry>
  </Placemark>
  <Placemark id="settlement_area_ward.99">
	<name>Suntar</name>
	<Style><LineStyle><color>ff0000ff</color></LineStyle><PolyStyle><fill>0</fill></PolyStyle></Style>
	<ExtendedData><SchemaData schemaUrl="#settlement_area_ward">
		<SimpleData name="tessellate">1</SimpleData>
		<SimpleData name="extrude">0</SimpleData>
		<SimpleData name="visibility">-1</SimpleData>
		<SimpleData name="district">DHADING</SimpleData>
		<SimpleData name="gapa_napa">Galchi</SimpleData>
		<SimpleData name="new_ward_n">6</SimpleData>
	</SchemaData></ExtendedData>
      <MultiGeometry><Polygon><outerBoundaryIs><LinearRing><coordinates>84.9933942449066,27.8106312553748,0 85.0028000191993,27.8097939355579,0 85.0033681978194,27.8088418289827,0 85.0037950930201,27.8082085256074,0 85.0042469558387,27.8071899056026,0 85.0044028420981,27.8069863714653,0 85.0043921404639,27.8059440996726,0 85.0040979032135,27.8051846174083,0 85.0032482686351,27.8039595052245,0 85.0031322103152,27.803763011622,0 85.0024660887568,27.803024389421,0 85.0021440014609,27.8028198924195,0 85.000023942625,27.8029262284778,0 84.9997098443936,27.8029419819009,0 84.996544572557,27.8035188661654,0 84.9964376932858,27.8035489971382,0 84.9931438317691,27.8044157858068,0 84.9930019902302,27.804498997013,0 84.9929132589335,27.8045797252569,0 84.9928184570388,27.8047120151991,0 84.9914886142497,27.8065380697084,0 84.9914368015254,27.8086568253861,0 84.9932539759201,27.8105773377574,0 84.9933942449066,27.8106312553748,0</coordinates></LinearRing></outerBoundaryIs></Polygon></MultiGeometry>
  </Placemark>
  <Placemark id="settlement_area_ward.100">
	<name>Charipauwa</name>
	<Style><LineStyle><color>ff0000ff</color></LineStyle><PolyStyle><fill>0</fill></PolyStyle></Style>
	<ExtendedData><SchemaData schemaUrl="#settlement_area_ward">
		<SimpleData name="tessellate">1</SimpleData>
		<SimpleData name="extrude">0</SimpleData>
		<SimpleData name="visibility">-1</SimpleData>
		<SimpleData name="district">DHADING</SimpleData>
		<SimpleData name="gapa_napa">Galchi</SimpleData>
		<SimpleData name="new_ward_n">6</SimpleData>
	</SchemaData></ExtendedData>
      <MultiGeometry><Polygon><outerBoundaryIs><LinearRing><coordinates>85.0089395108447,27.8047540663539,0 85.0121766218022,27.8061638015555,0 85.0116469625853,27.8030765815751,0 85.0109535458966,27.8004885178216,0 85.0088759569932,27.8003600235617,0 85.0029024726697,27.7958972039381,0 85.0027145753512,27.7957449917314,0 84.999403223249,27.7939520254018,0 84.9960417158325,27.7933444744792,0 84.9958362717372,27.7933548245262,0 84.9938536728864,27.7949658813865,0 84.9954295173536,27.7966528118029,0 84.9996192076602,27.8008535602117,0 85.0036702643068,27.8028596278168,0 85.0089395108447,27.8047540663539,0</coordinates></LinearRing></outerBoundaryIs></Polygon></MultiGeometry>
  </Placemark>
  <Placemark id="settlement_area_ward.101">
	<name>rising village secondary school area</name>
	<Style><LineStyle><color>ff0000ff</color></LineStyle><PolyStyle><fill>0</fill></PolyStyle></Style>
	<ExtendedData><SchemaData schemaUrl="#settlement_area_ward">
		<SimpleData name="tessellate">1</SimpleData>
		<SimpleData name="extrude">0</SimpleData>
		<SimpleData name="visibility">-1</SimpleData>
		<SimpleData name="district">DHADING</SimpleData>
		<SimpleData name="gapa_napa">Galchi</SimpleData>
		<SimpleData name="new_ward_n">6</SimpleData>
	</SchemaData></ExtendedData>
      <MultiGeometry><Polygon><outerBoundaryIs><LinearRing><coordinates>84.9739209818825,27.8013024934237,0 84.9762350532242,27.8010041396513,0 84.978449018748,27.8016962464249,0 84.9785193812668,27.8017393117646,0 84.9819748810216,27.8029748464539,0 84.9830520221071,27.803215710948,0 84.985388428716,27.8041290883323,0 84.9854925387339,27.8041750573411,0 84.986915492409,27.804803350267,0 84.9899590211646,27.80451876584,0 84.9935727156371,27.8031331009787,0 84.9954303404076,27.7994986570935,0 84.9949519211025,27.7967170401195,0 84.9949329090087,27.7966579391697,0 84.9941493901053,27.7961824754916,0 84.9939708839663,27.7963093986443,0 84.9936284213937,27.7975975904787,0 84.992740524764,27.7990192536432,0 84.9926618653054,27.7990666953625,0 84.9916025196917,27.7994924101675,0 84.9864561627745,27.7991841792209,0 84.9856249595668,27.7992260460164,0 84.9780526101908,27.7995858102888,0 84.9754892805942,27.7997581155928,0 84.9744377656997,27.8004234240032,0 84.9739209818825,27.8013024934237,0</coordinates></LinearRing></outerBoundaryIs></Polygon></MultiGeometry>
  </Placemark>
  <Placemark id="settlement_area_ward.102">
	<name>Kali Devi Temple area</name>
	<Style><LineStyle><color>ff0000ff</color></LineStyle><PolyStyle><fill>0</fill></PolyStyle></Style>
	<ExtendedData><SchemaData schemaUrl="#settlement_area_ward">
		<SimpleData name="tessellate">1</SimpleData>
		<SimpleData name="extrude">0</SimpleData>
		<SimpleData name="visibility">-1</SimpleData>
		<SimpleData name="district">DHADING</SimpleData>
		<SimpleData name="gapa_napa">Galchi</SimpleData>
		<SimpleData name="new_ward_n">6</SimpleData>
	</SchemaData></ExtendedData>
      <MultiGeometry><Polygon><outerBoundaryIs><LinearRing><coordinates>84.9714655855529,27.8092900748242,0 84.9723733889482,27.8098402278799,0 84.9731297347391,27.8090106219635,0 84.9735403280735,27.8088156922926,0 84.9736988779213,27.8087691571771,0 84.978280951414,27.8055482871056,0 84.9802237320445,27.805433533561,0 84.9805561116708,27.8054834215577,0 84.9810863978161,27.8047352494241,0 84.9812079153331,27.8043622499215,0 84.9809755303776,27.8034182032785,0 84.9790832136204,27.8027328451685,0 84.9769564106426,27.8024685314459,0 84.9747299769241,27.8026089751815,0 84.9746093548688,27.8026576032874,0 84.9738570918795,27.8031264850491,0 84.9737463522372,27.8032340779223,0 84.9719885421935,27.805339923523,0 84.9714655855529,27.8092900748242,0</coordinates></LinearRing></outerBoundaryIs></Polygon></MultiGeometry>
  </Placemark>
  <Placemark id="settlement_area_ward.103">
	<name>Bageshowri school area</name>
	<Style><LineStyle><color>ff0000ff</color></LineStyle><PolyStyle><fill>0</fill></PolyStyle></Style>
	<ExtendedData><SchemaData schemaUrl="#settlement_area_ward">
		<SimpleData name="tessellate">1</SimpleData>
		<SimpleData name="extrude">0</SimpleData>
		<SimpleData name="visibility">-1</SimpleData>
		<SimpleData name="district">DHADING</SimpleData>
		<SimpleData name="gapa_napa">Benighat Rorang</SimpleData>
		<SimpleData name="new_ward_n">3</SimpleData>
	</SchemaData></ExtendedData>
      <MultiGeometry><Polygon><outerBoundaryIs><LinearRing><coordinates>84.8286573683059,27.8073576911253,0 84.8255504368019,27.8104779513121,0 84.8248440938668,27.8108427032636,0 84.8246642853438,27.8111390717764,0 84.8246169687312,27.811222147485,0 84.8243690804185,27.8116771780129,0 84.8243123750448,27.811796675522,0 84.8241341439076,27.8122459711689,0 84.8239793936331,27.8129002666691,0 84.8240206397251,27.8130411230277,0 84.8242106616338,27.8133208609308,0 84.8242437786339,27.813373966261,0 84.825099962654,27.8141536783183,0 84.8258796907168,27.8142869958601,0 84.8260049682458,27.8142806043651,0 84.8285981267101,27.8148171108437,0 84.830211041476,27.8141435061609,0 84.8305911948658,27.8140466985774,0 84.8324214134542,27.8136280069502,0 84.8331840367652,27.8130104503025,0 84.8340228786952,27.8116581141036,0 84.8344710737626,27.8105615933836,0 84.8344803632326,27.8104812870709,0 84.8347266762676,27.8097365952375,0 84.8347490011415,27.8096594583489,0 84.8347977624064,27.8095662492452,0 84.8356555054738,27.8082062171376,0 84.8359641368794,27.8072092520314,0 84.8348326209706,27.80708508536,0 84.8342001231764,27.8074289492319,0 84.8328500683281,27.8069045537785,0 84.8324327077889,27.8069255745698,0 84.8323440837904,27.8069679713074,0 84.8321538977433,27.807002893838,0 84.8295947698441,27.8072464062416,0 84.8286573683059,27.8073576911253,0</coordinates></LinearRing></outerBoundaryIs></Polygon></MultiGeometry>
  </Placemark>
  <Placemark id="settlement_area_ward.104">
	<name>malekhu Bridge area</name>
	<Style><LineStyle><color>ff0000ff</color></LineStyle><PolyStyle><fill>0</fill></PolyStyle></Style>
	<ExtendedData><SchemaData schemaUrl="#settlement_area_ward">
		<SimpleData name="tessellate">1</SimpleData>
		<SimpleData name="extrude">0</SimpleData>
		<SimpleData name="visibility">-1</SimpleData>
		<SimpleData name="district">DHADING</SimpleData>
		<SimpleData name="gapa_napa">Benighat Rorang</SimpleData>
		<SimpleData name="new_ward_n">3</SimpleData>
	</SchemaData></ExtendedData>
      <MultiGeometry><Polygon><outerBoundaryIs><LinearRing><coordinates>84.8338953374719,27.8039554049754,0 84.8333441309426,27.8053208269947,0 84.8332580078065,27.8053580111962,0 84.8332137390317,27.8053998403629,0 84.8331847496743,27.805414539907,0 84.8329931898794,27.8055443146575,0 84.8329229028238,27.805642507007,0 84.8329613167972,27.8059592736638,0 84.8330094152026,27.8061423691911,0 84.8330151967929,27.8061709748243,0 84.8330982070629,27.8062833509895,0 84.833168695497,27.8063682464155,0 84.8334252068009,27.8065424816318,0 84.8340788561708,27.8069197336904,0 84.835068049454,27.8068224874781,0 84.8356870403896,27.8069661920889,0 84.8359364335352,27.8070992423286,0 84.8359914767857,27.8070964651963,0 84.8362233782374,27.8069231040003,0 84.8362709501517,27.8068647903158,0 84.8367264774327,27.8063686731774,0 84.8370578103456,27.8054280158381,0 84.837076561845,27.8053729253042,0 84.8370951930201,27.8053181878159,0 84.8371671040262,27.8048075220979,0 84.8371848348715,27.8047563578648,0 84.8365876677669,27.8041816925392,0 84.835973191356,27.8039020980599,0 84.8359455089489,27.8038744386568,0 84.835270592731,27.8037002551453,0 84.8344576257529,27.8037338668092,0 84.8343130107265,27.8037481993191,0 84.8338953374719,27.8039554049754,0</coordinates></LinearRing></outerBoundaryIs></Polygon></MultiGeometry>
  </Placemark>
  <Placemark id="settlement_area_ward.105">
	<name>Blue heaven restaurant area</name>
	<Style><LineStyle><color>ff0000ff</color></LineStyle><PolyStyle><fill>0</fill></PolyStyle></Style>
	<ExtendedData><SchemaData schemaUrl="#settlement_area_ward">
		<SimpleData name="tessellate">1</SimpleData>
		<SimpleData name="extrude">0</SimpleData>
		<SimpleData name="visibility">-1</SimpleData>
		<SimpleData name="district">DHADING</SimpleData>
		<SimpleData name="gapa_napa">Benighat Rorang</SimpleData>
		<SimpleData name="new_ward_n">3</SimpleData>
	</SchemaData></ExtendedData>
      <MultiGeometry><Polygon><outerBoundaryIs><LinearRing><coordinates>84.8181764873465,27.8069802523428,0 84.8182830778158,27.8072013624386,0 84.8186978887134,27.8073722350148,0 84.8196213737702,27.8074734937205,0 84.8202373374001,27.8073362460923,0 84.8210677412932,27.8072608164072,0 84.8207510389907,27.8067599519666,0 84.8197249941433,27.8064873538738,0 84.8197018440093,27.8064815723523,0 84.819561198638,27.8064644200194,0 84.8185975719548,27.806444366236,0 84.8185674134655,27.8064560900784,0 84.8181764873465,27.8069802523428,0</coordinates></LinearRing></outerBoundaryIs></Polygon></MultiGeometry>
  </Placemark>
  <Placemark id="settlement_area_ward.106">
	<name>Sitalbazaar</name>
	<Style><LineStyle><color>ff0000ff</color></LineStyle><PolyStyle><fill>0</fill></PolyStyle></Style>
	<ExtendedData><SchemaData schemaUrl="#settlement_area_ward">
		<SimpleData name="tessellate">1</SimpleData>
		<SimpleData name="extrude">0</SimpleData>
		<SimpleData name="visibility">-1</SimpleData>
		<SimpleData name="district">DHADING</SimpleData>
		<SimpleData name="gapa_napa">Benighat Rorang</SimpleData>
		<SimpleData name="new_ward_n">3</SimpleData>
	</SchemaData></ExtendedData>
      <MultiGeometry><Polygon><outerBoundaryIs><LinearRing><coordinates>84.8121946610156,27.8137972524687,0 84.8134557535163,27.8135861714679,0 84.8145346439297,27.8132153465856,0 84.8145900034461,27.8131772526742,0 84.8149649077503,27.8128599504227,0 84.815004778652,27.8127830735169,0 84.8156458832043,27.8123458938001,0 84.8160256061797,27.8117903687632,0 84.8162024496481,27.8112517132915,0 84.8162988506833,27.8107688423431,0 84.8163640817922,27.8103490330924,0 84.8163800790689,27.8102652605262,0 84.8163665844686,27.8101176170515,0 84.8163633628445,27.8100823693921,0 84.8163610700905,27.8100572844405,0 84.8163383050369,27.8099982559943,0 84.816143326473,27.8098742222358,0 84.8158344095636,27.8097919604871,0 84.8156219011857,27.8099992302386,0 84.8147351113241,27.8109852977992,0 84.8143774379839,27.8121346416569,0 84.8134955393493,27.812363918707,0 84.8125993270681,27.8127900839219,0 84.8124991614153,27.812848909391,0 84.8122641143299,27.8132177788929,0 84.8121946610156,27.8137972524687,0</coordinates></LinearRing></outerBoundaryIs></Polygon></MultiGeometry>
  </Placemark>
  <Placemark id="settlement_area_ward.107">
	<name>Salanghat</name>
	<Style><LineStyle><color>ff0000ff</color></LineStyle><PolyStyle><fill>0</fill></PolyStyle></Style>
	<ExtendedData><SchemaData schemaUrl="#settlement_area_ward">
		<SimpleData name="tessellate">1</SimpleData>
		<SimpleData name="extrude">0</SimpleData>
		<SimpleData name="visibility">-1</SimpleData>
		<SimpleData name="district">DHADING</SimpleData>
		<SimpleData name="gapa_napa">Benighat Rorang</SimpleData>
		<SimpleData name="new_ward_n">3</SimpleData>
	</SchemaData></ExtendedData>
      <MultiGeometry><Polygon><outerBoundaryIs><LinearRing><coordinates>84.8067052195918,27.8138160355284,0 84.8056584050084,27.8137319851059,0 84.8055614809976,27.8138547457454,0 84.8052542311812,27.8142529618565,0 84.8052154413487,27.814386166047,0 84.8051856223775,27.8149460784009,0 84.8051891027256,27.8149951431259,0 84.805458088001,27.8156306196638,0 84.8054714650243,27.8156601543832,0 84.8059553270091,27.8159663945166,0 84.8070871883721,27.8162834464549,0 84.8074375656385,27.8165619781931,0 84.8078188973109,27.8167790823689,0 84.8076089632363,27.8171812460221,0 84.8081271626733,27.8171283737652,0 84.8084928235903,27.816951870083,0 84.8089549115349,27.816738548421,0 84.8090088122956,27.8167101872292,0 84.809529166934,27.8163480172424,0 84.8095393775435,27.8163062836419,0 84.8098021756104,27.8154413155691,0 84.8101259441907,27.8148525008435,0 84.8101304794285,27.8147954334749,0 84.8101410623892,27.8147313586016,0 84.8105998788769,27.8142014253024,0 84.8096137877362,27.8143045643284,0 84.8095594879463,27.8143274376759,0 84.8094122689621,27.8144090714671,0 84.8089303405123,27.8147502756853,0 84.8087797444702,27.8148564753597,0 84.8087599272477,27.8148787383662,0 84.8086221321161,27.8150575223205,0 84.8085863040101,27.8150737895915,0 84.8082105522789,27.8153419365837,0 84.8085846741999,27.8144711038272,0 84.8086445016101,27.8140824103995,0 84.8084385210228,27.8139377948017,0 84.8082931201124,27.8138876628837,0 84.8081561171835,27.8138437932279,0 84.8080548794747,27.8138932803158,0 84.8078104614385,27.8141374064462,0 84.8077781717626,27.8141913605691,0 84.8076960898313,27.8145158618437,0 84.8076504248785,27.8146137202628,0 84.8075723523599,27.8148117353507,0 84.8075529023089,27.814868906817,0 84.8075397657015,27.8149048579114,0 84.8074727545059,27.8150722670166,0 84.80740052885,27.8151336291295,0 84.8074413487274,27.814307242414,0 84.8073753004974,27.8140748916772,0 84.8073665594805,27.8140302022978,0 84.8073098625377,27.8140202004991,0 84.8067886144408,27.8138369114316,0 84.8067052195918,27.8138160355284,0</coordinates></LinearRing></outerBoundaryIs></Polygon></MultiGeometry>
  </Placemark>
  <Placemark id="settlement_area_ward.108">
	<name>Trishuli Riverside resort</name>
	<Style><LineStyle><color>ff0000ff</color></LineStyle><PolyStyle><fill>0</fill></PolyStyle></Style>
	<ExtendedData><SchemaData schemaUrl="#settlement_area_ward">
		<SimpleData name="tessellate">1</SimpleData>
		<SimpleData name="extrude">0</SimpleData>
		<SimpleData name="visibility">-1</SimpleData>
		<SimpleData name="district">DHADING</SimpleData>
		<SimpleData name="gapa_napa">Benighat Rorang</SimpleData>
		<SimpleData name="new_ward_n">3</SimpleData>
	</SchemaData></ExtendedData>
      <MultiGeometry><Polygon><outerBoundaryIs><LinearRing><coordinates>84.7953890221445,27.8123616612844,0 84.7950523726612,27.8127433663888,0 84.7950254938282,27.8128097651494,0 84.7950101306126,27.812960601407,0 84.7950214061016,27.8130263004059,0 84.7951155965555,27.8132807380366,0 84.7952256660936,27.8133628606582,0 84.7964226840642,27.8138322081878,0 84.7967552124423,27.8139489945596,0 84.7979773377932,27.8142117412478,0 84.7989798710874,27.8142996467313,0 84.799153775998,27.8141308872666,0 84.7991619019669,27.8141198863823,0 84.7992179570728,27.8138345625899,0 84.7992298659514,27.8137926629615,0 84.7983150919424,27.8132163791206,0 84.7968208397373,27.8126448011862,0 84.7953890221445,27.8123616612844,0</coordinates></LinearRing></outerBoundaryIs></Polygon></MultiGeometry>
  </Placemark>
  <Placemark id="settlement_area_ward.109">
	<name>Trishuli Bridge benighat</name>
	<Style><LineStyle><color>ff0000ff</color></LineStyle><PolyStyle><fill>0</fill></PolyStyle></Style>
	<ExtendedData><SchemaData schemaUrl="#settlement_area_ward">
		<SimpleData name="tessellate">1</SimpleData>
		<SimpleData name="extrude">0</SimpleData>
		<SimpleData name="visibility">-1</SimpleData>
		<SimpleData name="district">DHADING</SimpleData>
		<SimpleData name="gapa_napa">Benighat Rorang</SimpleData>
		<SimpleData name="new_ward_n">5</SimpleData>
	</SchemaData></ExtendedData>
      <MultiGeometry><Polygon><outerBoundaryIs><LinearRing><coordinates>84.7779328678236,27.8107926464372,0 84.7804902602698,27.8123249384249,0 84.7826876857507,27.8132283446729,0 84.783014527456,27.8132673837848,0 84.7830353808145,27.8129249441012,0 84.7828667927393,27.8124219475134,0 84.78284491326,27.812360517224,0 84.7825462084353,27.8120370738995,0 84.7825359390039,27.8120173613503,0 84.7821271945241,27.8116205394068,0 84.7820587438371,27.8115557560295,0 84.781525441187,27.8110127827014,0 84.7814791969713,27.8109595651074,0 84.7814242263048,27.8108886656263,0 84.7811163314218,27.8105513889682,0 84.7806506209365,27.8100945404679,0 84.7805395680639,27.8099809616131,0 84.7801816438002,27.8096980808405,0 84.7800307412756,27.8095825980945,0 84.7794931466189,27.8092245601279,0 84.7794607029782,27.809202556984,0 84.7790395406418,27.8089593252582,0 84.778186547847,27.8094731813099,0 84.7778929278495,27.8100047437401,0 84.7779204898316,27.8107574098883,0 84.7779328678236,27.8107926464372,0</coordinates></LinearRing></outerBoundaryIs></Polygon></MultiGeometry>
  </Placemark>
  <Placemark id="settlement_area_ward.110">
	<name>Bahuntar</name>
	<Style><LineStyle><color>ff0000ff</color></LineStyle><PolyStyle><fill>0</fill></PolyStyle></Style>
	<ExtendedData><SchemaData schemaUrl="#settlement_area_ward">
		<SimpleData name="tessellate">1</SimpleData>
		<SimpleData name="extrude">0</SimpleData>
		<SimpleData name="visibility">-1</SimpleData>
		<SimpleData name="district">DHADING</SimpleData>
		<SimpleData name="gapa_napa">Benighat Rorang</SimpleData>
		<SimpleData name="new_ward_n">5</SimpleData>
	</SchemaData></ExtendedData>
      <MultiGeometry><Polygon><outerBoundaryIs><LinearRing><coordinates>84.7754803330444,27.8073566615426,0 84.7782721354748,27.80830206443,0 84.778737237928,27.80847105343,0 84.7789152698561,27.8085265193059,0 84.7809013348257,27.8091452753916,0 84.7811096865317,27.8092675166155,0 84.7811802716617,27.8093305741412,0 84.7812982878331,27.8094360040671,0 84.7813723066903,27.809566528447,0 84.7822564434969,27.8094769389029,0 84.7831061305672,27.8086609348789,0 84.7836287799123,27.8079462118726,0 84.7837521003324,27.807103360429,0 84.7838830184253,27.806405530123,0 84.7835789709246,27.8056690564965,0 84.7835597872793,27.8054563521357,0 84.7820706675624,27.8046750950982,0 84.7819522394144,27.804438892473,0 84.7806664929144,27.8038086281414,0 84.7805004411287,27.8037269407268,0 84.7803943224309,27.8035888822861,0 84.7800289220806,27.8036072527227,0 84.7786443947479,27.8045313071201,0 84.7769012784759,27.8059277207226,0 84.7754803330444,27.8073566615426,0</coordinates></LinearRing></outerBoundaryIs></Polygon></MultiGeometry>
  </Placemark>
  <Placemark id="settlement_area_ward.111">
	<name>Shree krishna gas zone</name>
	<Style><LineStyle><color>ff0000ff</color></LineStyle><PolyStyle><fill>0</fill></PolyStyle></Style>
	<ExtendedData><SchemaData schemaUrl="#settlement_area_ward">
		<SimpleData name="tessellate">1</SimpleData>
		<SimpleData name="extrude">0</SimpleData>
		<SimpleData name="visibility">-1</SimpleData>
		<SimpleData name="district">DHADING</SimpleData>
		<SimpleData name="gapa_napa">Benighat Rorang</SimpleData>
		<SimpleData name="new_ward_n">5</SimpleData>
	</SchemaData></ExtendedData>
      <MultiGeometry><Polygon><outerBoundaryIs><LinearRing><coordinates>84.7699574489336,27.8052902341702,0 84.7685258866259,27.8055509787422,0 84.7684485500416,27.8055944598284,0 84.7674453528334,27.8063728884583,0 84.7677222396385,27.8069743744218,0 84.7676277461858,27.8075421029621,0 84.7675349047682,27.8077678551391,0 84.7672680993033,27.8084296058757,0 84.7671801384132,27.808526260525,0 84.7668064175816,27.8091554221161,0 84.7664051627109,27.8097890937486,0 84.7663574434504,27.8099561156276,0 84.7664412036474,27.8103862708217,0 84.7672564809497,27.8107888986043,0 84.7677064411335,27.8108006795356,0 84.7696720435129,27.8099379510769,0 84.7713144862103,27.8087067610451,0 84.7718629046351,27.8081062723924,0 84.7721481953659,27.8079550820068,0 84.7723342103313,27.8078098639113,0 84.7723807667376,27.8077774607711,0 84.7727194356719,27.8073298066701,0 84.7729966768505,27.8079528913383,0 84.7730199169211,27.8082122009941,0 84.7740038430753,27.8083767060986,0 84.7748035577383,27.8082702708103,0 84.7749071286031,27.8082485543007,0 84.7752695986781,27.8081808763374,0 84.7753527689326,27.8081273995716,0 84.7754396699725,27.8079108221482,0 84.7754157104838,27.8078310007254,0 84.7749904802742,27.8072312988143,0 84.7749338539949,27.8071558896814,0 84.7747202497718,27.8067645764761,0 84.7746440873055,27.8066311126327,0 84.7743410267804,27.8063296772187,0 84.773313719909,27.805952263505,0 84.7729003407468,27.8058563219643,0 84.7723578972326,27.8056522441712,0 84.7720809751797,27.8055658142757,0 84.7713869931831,27.8053450382218,0 84.7710350175776,27.8052501869339,0 84.7708414300419,27.8052739282893,0 84.7706171159474,27.8052571376076,0 84.7700700797786,27.8052845834237,0 84.7699574489336,27.8052902341702,0</coordinates></LinearRing></outerBoundaryIs></Polygon></MultiGeometry>
  </Placemark>
  <Placemark id="settlement_area_ward.112">
	<name>Bishatar</name>
	<Style><LineStyle><color>ff0000ff</color></LineStyle><PolyStyle><fill>0</fill></PolyStyle></Style>
	<ExtendedData><SchemaData schemaUrl="#settlement_area_ward">
		<SimpleData name="tessellate">1</SimpleData>
		<SimpleData name="extrude">0</SimpleData>
		<SimpleData name="visibility">-1</SimpleData>
		<SimpleData name="district">DHADING</SimpleData>
		<SimpleData name="gapa_napa">Benighat Rorang</SimpleData>
		<SimpleData name="new_ward_n">5</SimpleData>
	</SchemaData></ExtendedData>
      <MultiGeometry><Polygon><outerBoundaryIs><LinearRing><coordinates>84.7663201692226,27.8106370165441,0 84.7662072944228,27.8108761759881,0 84.7647673248226,27.8114409441989,0 84.7645714972311,27.8115024070724,0 84.7640714696578,27.8115966065283,0 84.7638928421187,27.8116056140295,0 84.7633356840326,27.8117549918536,0 84.7629801111924,27.8121941408676,0 84.7628660468858,27.8123421846284,0 84.7616700238625,27.8108387583321,0 84.7581270488513,27.8105303742447,0 84.7568419294059,27.8124574434956,0 84.7578346789728,27.8146061255577,0 84.7623067496312,27.8169261679071,0 84.7650055886532,27.8169740244431,0 84.7654215736127,27.8137665563,0 84.7660656719956,27.8128144097265,0 84.7661188753974,27.8127566644174,0 84.7662380991701,27.8125136729978,0 84.7668801885428,27.811541505661,0 84.76689610947,27.8115060453785,0 84.7669972134356,27.811397316676,0 84.7671290933181,27.8112190843446,0 84.7670528802418,27.810850348221,0 84.766999065937,27.8108362823905,0 84.7663201692226,27.8106370165441,0</coordinates></LinearRing></outerBoundaryIs></Polygon></MultiGeometry>
  </Placemark>
  <Placemark id="settlement_area_ward.113">
	<name>Trisuli Bridge charaudi</name>
	<Style><LineStyle><color>ff0000ff</color></LineStyle><PolyStyle><fill>0</fill></PolyStyle></Style>
	<ExtendedData><SchemaData schemaUrl="#settlement_area_ward">
		<SimpleData name="tessellate">1</SimpleData>
		<SimpleData name="extrude">0</SimpleData>
		<SimpleData name="visibility">-1</SimpleData>
		<SimpleData name="district">DHADING</SimpleData>
		<SimpleData name="gapa_napa">Benighat Rorang</SimpleData>
		<SimpleData name="new_ward_n">5</SimpleData>
	</SchemaData></ExtendedData>
      <MultiGeometry><Polygon><outerBoundaryIs><LinearRing><coordinates>84.7544781753618,27.8061335433132,0 84.7556694250549,27.8063232151664,0 84.7556780066775,27.8063087621892,0 84.7560144913355,27.8055805693424,0 84.7561117569306,27.8052587787369,0 84.7561179360171,27.80416561822,0 84.7561133678846,27.8040455372028,0 84.7554483895086,27.8029532173874,0 84.7550917342508,27.8023366603478,0 84.7550752755227,27.8022851117244,0 84.754699903608,27.8019330982182,0 84.753641815493,27.8014983276131,0 84.7530522332308,27.8013245158306,0 84.7523616716048,27.8013688816926,0 84.7521637755098,27.8014366923257,0 84.7515677013859,27.8020706684168,0 84.751237313897,27.8024369528381,0 84.7503192076778,27.8022354408104,0 84.7485358963333,27.8022133127576,0 84.7453728256683,27.8021399537067,0 84.744514027131,27.8034997206365,0 84.7458060001545,27.8041711689656,0 84.7477358236375,27.8041499286096,0 84.7500918673444,27.8040541067696,0 84.751048815555,27.8041234640044,0 84.752216863819,27.8042669061998,0 84.7537578208768,27.8055095546305,0 84.7544781753618,27.8061335433132,0</coordinates></LinearRing></outerBoundaryIs></Polygon></MultiGeometry>
  </Placemark>
  <Placemark id="settlement_area_ward.114">
	<name>Opposite of hugdi bazar</name>
	<Style><LineStyle><color>ff0000ff</color></LineStyle><PolyStyle><fill>0</fill></PolyStyle></Style>
	<ExtendedData><SchemaData schemaUrl="#settlement_area_ward">
		<SimpleData name="tessellate">1</SimpleData>
		<SimpleData name="extrude">0</SimpleData>
		<SimpleData name="visibility">-1</SimpleData>
		<SimpleData name="district">DHADING</SimpleData>
		<SimpleData name="gapa_napa">Benighat Rorang</SimpleData>
		<SimpleData name="new_ward_n">10</SimpleData>
	</SchemaData></ExtendedData>
      <MultiGeometry><Polygon><outerBoundaryIs><LinearRing><coordinates>84.6873698464799,27.8115745496296,0 84.6891973607371,27.8142880518325,0 84.6918122220475,27.8140867809326,0 84.6931086502961,27.811862803788,0 84.6931105356461,27.8117663617509,0 84.6931310267179,27.8116854306287,0 84.6931919886249,27.8114446583835,0 84.6933715829946,27.8106491410601,0 84.6933618665371,27.8105892995502,0 84.6933207106554,27.8105312009914,0 84.6932435287995,27.8104451781257,0 84.6913594827067,27.809820274112,0 84.6913117411617,27.8098082664576,0 84.6889696651441,27.8098660690222,0 84.6873698464799,27.8115745496296,0</coordinates></LinearRing></outerBoundaryIs></Polygon></MultiGeometry>
  </Placemark>
  <Placemark id="settlement_area_ward.115">
	<name>Jawang khola bridge zone</name>
	<Style><LineStyle><color>ff0000ff</color></LineStyle><PolyStyle><fill>0</fill></PolyStyle></Style>
	<ExtendedData><SchemaData schemaUrl="#settlement_area_ward">
		<SimpleData name="tessellate">1</SimpleData>
		<SimpleData name="extrude">0</SimpleData>
		<SimpleData name="visibility">-1</SimpleData>
		<SimpleData name="district">DHADING</SimpleData>
		<SimpleData name="gapa_napa">Benighat Rorang</SimpleData>
		<SimpleData name="new_ward_n">10</SimpleData>
	</SchemaData></ExtendedData>
      <MultiGeometry><Polygon><outerBoundaryIs><LinearRing><coordinates>84.6690478515262,27.8173419376541,0 84.6693896974661,27.8171413002079,0 84.6693234559572,27.8167316603621,0 84.6693240281829,27.8167029536769,0 84.6691842489716,27.8163354949002,0 84.6691685873311,27.8162711147385,0 84.6691527163859,27.8162180292567,0 84.6691479131397,27.8161861297824,0 84.6687408381458,27.8155322945902,0 84.6686648603701,27.8154247465407,0 84.6686447535516,27.8153969876185,0 84.6684670043047,27.8152216491088,0 84.6682264682784,27.8152427593223,0 84.6682096463519,27.8152482498631,0 84.6682426461182,27.8155811624988,0 84.6682416972672,27.8155910016513,0 84.6685963726541,27.8162615247653,0 84.6686234635223,27.8162925379735,0 84.6686227393506,27.8163033866194,0 84.6686253547422,27.8163521086983,0 84.6686231745662,27.816384959219,0 84.6688255936212,27.8169129336644,0 84.6688305032441,27.8169361790143,0 84.6688363228397,27.8169417747485,0 84.6688409607398,27.816971026232,0 84.6690362107018,27.8173177682276,0 84.6690478515262,27.8173419376541,0</coordinates></LinearRing></outerBoundaryIs></Polygon></MultiGeometry>
  </Placemark>
  <Placemark id="settlement_area_ward.116">
	<name>Hugdi bazar</name>
	<Style><LineStyle><color>ff0000ff</color></LineStyle><PolyStyle><fill>0</fill></PolyStyle></Style>
	<ExtendedData><SchemaData schemaUrl="#settlement_area_ward">
		<SimpleData name="tessellate">1</SimpleData>
		<SimpleData name="extrude">0</SimpleData>
		<SimpleData name="visibility">-1</SimpleData>
		<SimpleData name="district">DHADING</SimpleData>
		<SimpleData name="gapa_napa">Benighat Rorang</SimpleData>
		<SimpleData name="new_ward_n">10</SimpleData>
	</SchemaData></ExtendedData>
      <MultiGeometry><Polygon><outerBoundaryIs><LinearRing><coordinates>84.6953701808896,27.8069013818805,0 84.6952637103652,27.8071719448573,0 84.695471883839,27.8073182968791,0 84.6955856993654,27.8074938846471,0 84.6960599573569,27.8078002765814,0 84.696096210224,27.8078254043614,0 84.696154781462,27.8080032710323,0 84.6965592527436,27.8078780174857,0 84.6965859698876,27.8078657361436,0 84.6966019305473,27.8078485722156,0 84.6966409530317,27.8073946611269,0 84.6965631571354,27.8071597662435,0 84.6964979701661,27.806999317067,0 84.6960530739923,27.8069181128822,0 84.6953701808896,27.8069013818805,0</coordinates></LinearRing></outerBoundaryIs></Polygon></MultiGeometry>
  </Placemark>
  <Placemark id="settlement_area_ward.117">
	<name>Lamjung mewa khola bridge area</name>
	<Style><LineStyle><color>ff0000ff</color></LineStyle><PolyStyle><fill>0</fill></PolyStyle></Style>
	<ExtendedData><SchemaData schemaUrl="#settlement_area_ward">
		<SimpleData name="tessellate">1</SimpleData>
		<SimpleData name="extrude">0</SimpleData>
		<SimpleData name="visibility">-1</SimpleData>
		<SimpleData name="district">DHADING</SimpleData>
		<SimpleData name="gapa_napa">Benighat Rorang</SimpleData>
		<SimpleData name="new_ward_n">10</SimpleData>
	</SchemaData></ExtendedData>
      <MultiGeometry><Polygon><outerBoundaryIs><LinearRing><coordinates>84.6656471126786,27.8237853840936,0 84.6652750657227,27.8239042339681,0 84.6652645209469,27.8239236850882,0 84.6647855397117,27.8241252908506,0 84.6644741590161,27.8243066405919,0 84.6644683285996,27.8243343578424,0 84.6644215610564,27.8245010118735,0 84.6644206953969,27.8245117537087,0 84.6644192483555,27.8245297098033,0 84.6644208829077,27.8247986596773,0 84.6644199897228,27.8248100737761,0 84.6643467780157,27.8249870256104,0 84.6643361491717,27.8250190200783,0 84.6643218014553,27.825047393344,0 84.6642188268206,27.8253844186301,0 84.6642127085194,27.8254059264066,0 84.6641593565229,27.8256610843909,0 84.6641533892818,27.8256792284404,0 84.6641469647277,27.8257019475661,0 84.6641126093652,27.8258354542921,0 84.6644583323893,27.8259228085737,0 84.6645684197779,27.825889954454,0 84.6645816653202,27.8258847137209,0 84.6646038002161,27.8258744328244,0 84.664621578794,27.8258643562811,0 84.6649551345767,27.8256133710137,0 84.6649635831778,27.8256130064686,0 84.6653701244385,27.8253988444329,0 84.6658571041991,27.8248988315643,0 84.6661659937762,27.8244912446808,0 84.6662204326437,27.8242187624285,0 84.6662285463537,27.8241912090723,0 84.6662274372802,27.8241810933667,0 84.6662255941431,27.8241642823614,0 84.6662226588569,27.8241375099903,0 84.6661997687604,27.8239287314659,0 84.6661901837565,27.8239067651582,0 84.666170969792,27.8238948436215,0 84.6661667293477,27.8238886688639,0 84.6656471126786,27.8237853840936,0</coordinates></LinearRing></outerBoundaryIs></Polygon></MultiGeometry>
  </Placemark>
  <Placemark id="settlement_area_ward.118">
	<name>Jogimara</name>
	<Style><LineStyle><color>ff0000ff</color></LineStyle><PolyStyle><fill>0</fill></PolyStyle></Style>
	<ExtendedData><SchemaData schemaUrl="#settlement_area_ward">
		<SimpleData name="tessellate">1</SimpleData>
		<SimpleData name="extrude">0</SimpleData>
		<SimpleData name="visibility">-1</SimpleData>
		<SimpleData name="district">DHADING</SimpleData>
		<SimpleData name="gapa_napa">Benighat Rorang</SimpleData>
		<SimpleData name="new_ward_n">9</SimpleData>
	</SchemaData></ExtendedData>
      <MultiGeometry><Polygon><outerBoundaryIs><LinearRing><coordinates>84.7276775171869,27.7964715765222,0 84.7263198765379,27.7964127965111,0 84.7262533773113,27.7964551112136,0 84.7262147377509,27.7964765835152,0 84.7260909321205,27.7965023688161,0 84.7260183159121,27.7965158114742,0 84.7244624485611,27.7969113091726,0 84.7232313790853,27.7973394969859,0 84.7231362513284,27.7973856042276,0 84.721698554547,27.7982131469336,0 84.7215538959149,27.7983081852932,0 84.7215096785571,27.7983655353302,0 84.7213641930626,27.7985060595801,0 84.7211947241693,27.7986941821777,0 84.720317204071,27.7995281019499,0 84.7202673231469,27.7996384507482,0 84.7202295851629,27.799724780107,0 84.7201790440012,27.7998365998391,0 84.7199666633716,27.8008166528702,0 84.7200299980638,27.8011287780809,0 84.7208972728444,27.8013120329835,0 84.7210347115124,27.8013050426267,0 84.7227728747871,27.8010292185364,0 84.7228093420571,27.801014064645,0 84.7228821807562,27.8009837968878,0 84.7247271438142,27.8004712527689,0 84.7259180675848,27.8002950814671,0 84.7268509188637,27.7997317206642,0 84.7275703886639,27.7991728025512,0 84.7281196853467,27.7976722540909,0 84.7281199614084,27.7975437944701,0 84.7281117175134,27.7975122856747,0 84.728109082541,27.7974593758545,0 84.7281147622643,27.797395708548,0 84.7281065690027,27.797364541415,0 84.7280956740607,27.7973230970346,0 84.7276775171869,27.7964715765222,0</coordinates></LinearRing></outerBoundaryIs></Polygon></MultiGeometry>
  </Placemark>
  <Placemark id="settlement_area_ward.119">
	<name>Fajhimatar tourist village</name>
	<Style><LineStyle><color>ff0000ff</color></LineStyle><PolyStyle><fill>0</fill></PolyStyle></Style>
	<ExtendedData><SchemaData schemaUrl="#settlement_area_ward">
		<SimpleData name="tessellate">1</SimpleData>
		<SimpleData name="extrude">0</SimpleData>
		<SimpleData name="visibility">-1</SimpleData>
		<SimpleData name="district">DHADING</SimpleData>
		<SimpleData name="gapa_napa">Benighat Rorang</SimpleData>
		<SimpleData name="new_ward_n">9</SimpleData>
	</SchemaData></ExtendedData>
      <MultiGeometry><Polygon><outerBoundaryIs><LinearRing><coordinates>84.7181283021618,27.8009237601579,0 84.7196120468675,27.8006318995385,0 84.7196708516673,27.8005751976742,0 84.7197469095143,27.8004857858009,0 84.7197768426366,27.8004629580066,0 84.7197459849419,27.7995058166453,0 84.7197442158905,27.7992782273812,0 84.7197522200374,27.7991897063662,0 84.7197464252119,27.7991510079644,0 84.7192525002946,27.79817090246,0 84.7192042266656,27.7979664722634,0 84.7191957870924,27.7979045555628,0 84.7191849925544,27.797825361515,0 84.7184870028056,27.7974342634737,0 84.7184330592572,27.7973942348233,0 84.7184016999139,27.7973787513177,0 84.7181628743491,27.7972634927634,0 84.7181106431346,27.7972323865303,0 84.7173328167143,27.7971873887971,0 84.71660621648,27.7970905378617,0 84.7164989389501,27.7970793467703,0 84.716460180681,27.7970812857557,0 84.7159656862139,27.7970894851229,0 84.7158883285293,27.7971016212862,0 84.7158399943498,27.7971123111364,0 84.7156764495017,27.7973038047474,0 84.7156768933903,27.797371076078,0 84.7156772277821,27.7974217540732,0 84.7156872663814,27.79745515527,0 84.7164025114591,27.7989160487971,0 84.7164468269893,27.7989992676405,0 84.7164806538092,27.7990739554429,0 84.7164816477497,27.7991026578484,0 84.7172439276968,27.8003163981259,0 84.7172566808663,27.8003471650988,0 84.7181283021618,27.8009237601579,0</coordinates></LinearRing></outerBoundaryIs></Polygon></MultiGeometry>
  </Placemark>
  <Placemark id="settlement_area_ward.120">
	<name>Pachima taar</name>
	<Style><LineStyle><color>ff0000ff</color></LineStyle><PolyStyle><fill>0</fill></PolyStyle></Style>
	<ExtendedData><SchemaData schemaUrl="#settlement_area_ward">
		<SimpleData name="tessellate">1</SimpleData>
		<SimpleData name="extrude">0</SimpleData>
		<SimpleData name="visibility">-1</SimpleData>
		<SimpleData name="district">DHADING</SimpleData>
		<SimpleData name="gapa_napa">Benighat Rorang</SimpleData>
		<SimpleData name="new_ward_n">9</SimpleData>
	</SchemaData></ExtendedData>
      <MultiGeometry><Polygon><outerBoundaryIs><LinearRing><coordinates>84.7196719761457,27.8026530793412,0 84.7198492857867,27.8020371059133,0 84.7196383807456,27.8013940532804,0 84.7192873192517,27.8012810263106,0 84.7193960910864,27.8016594712097,0 84.7183317502067,27.8015299029093,0 84.7182974446878,27.8015316419889,0 84.7182768609469,27.8015326854587,0 84.7163052271134,27.8007794104153,0 84.7162590012658,27.8007753934038,0 84.7162393703522,27.8007763848844,0 84.7157802444614,27.8005925151847,0 84.7151528614082,27.8008503334139,0 84.7152461583865,27.801136830073,0 84.7166692230744,27.8021912724113,0 84.7167567581703,27.8022166378539,0 84.7167722295193,27.8022307939296,0 84.7174027131371,27.8029934468303,0 84.717429606352,27.803032756541,0 84.718435475336,27.8030141068076,0 84.7195860519069,27.8026971938673,0 84.7196719761457,27.8026530793412,0</coordinates></LinearRing></outerBoundaryIs></Polygon></MultiGeometry>
  </Placemark>
  <Placemark id="settlement_area_ward.121">
	<name>Majhimtar</name>
	<Style><LineStyle><color>ff0000ff</color></LineStyle><PolyStyle><fill>0</fill></PolyStyle></Style>
	<ExtendedData><SchemaData schemaUrl="#settlement_area_ward">
		<SimpleData name="tessellate">1</SimpleData>
		<SimpleData name="extrude">0</SimpleData>
		<SimpleData name="visibility">-1</SimpleData>
		<SimpleData name="district">DHADING</SimpleData>
		<SimpleData name="gapa_napa">Benighat Rorang</SimpleData>
		<SimpleData name="new_ward_n">9</SimpleData>
	</SchemaData></ExtendedData>
      <MultiGeometry><Polygon><outerBoundaryIs><LinearRing><coordinates>84.6980948537174,27.8078017999679,0 84.7047301661018,27.8069781788366,0 84.7048175295656,27.8069607407618,0 84.7048923107607,27.8069439518086,0 84.704917334676,27.806942681683,0 84.7058871681479,27.8065592152677,0 84.7060195990191,27.8064889946791,0 84.706138381301,27.8064070912709,0 84.706234509166,27.8063644100031,0 84.7062689109856,27.806324945756,0 84.706718013818,27.8059297421797,0 84.7067736604415,27.8058656775655,0 84.7067948254113,27.8058279697393,0 84.7072161893995,27.8052905732371,0 84.7072674580347,27.8052055369402,0 84.7072864545066,27.8051576587733,0 84.7075895488273,27.8041663854073,0 84.7076457056922,27.8040539865117,0 84.7076913309862,27.8039537477059,0 84.7077388929475,27.803778788546,0 84.7077437200969,27.8037250224973,0 84.7077244737735,27.802935253009,0 84.7077436318031,27.8028232745586,0 84.7077441183415,27.8026533279815,0 84.7077378371647,27.8026040429668,0 84.7077652666624,27.801812772791,0 84.7077685078408,27.8017565029375,0 84.7077574925477,27.8016733122091,0 84.7069829275225,27.8013820666311,0 84.7061313176911,27.8016347092559,0 84.7060905387502,27.8016551636153,0 84.7060740936286,27.8017206189024,0 84.7059001523699,27.8028257051053,0 84.7059026689117,27.80286561027,0 84.705875911517,27.8029675184813,0 84.7046107713321,27.8038188341021,0 84.7036470747447,27.8047438870787,0 84.7036110795446,27.8048135120522,0 84.7035986986224,27.8048595083396,0 84.7027976776552,27.8062144510096,0 84.6997341743996,27.8058335220017,0 84.6971843643797,27.8070347406621,0 84.6980948537174,27.8078017999679,0</coordinates></LinearRing></outerBoundaryIs></Polygon></MultiGeometry>
  </Placemark>
  <Placemark id="settlement_area_ward.122">
	<name>Mini-galchhi</name>
	<Style><LineStyle><color>ff0000ff</color></LineStyle><PolyStyle><fill>0</fill></PolyStyle></Style>
	<ExtendedData><SchemaData schemaUrl="#settlement_area_ward">
		<SimpleData name="tessellate">1</SimpleData>
		<SimpleData name="extrude">0</SimpleData>
		<SimpleData name="visibility">-1</SimpleData>
		<SimpleData name="district">DHADING</SimpleData>
		<SimpleData name="gapa_napa">Galchi</SimpleData>
		<SimpleData name="new_ward_n">1</SimpleData>
	</SchemaData></ExtendedData>
      <MultiGeometry><Polygon><outerBoundaryIs><LinearRing><coordinates>85.0239178247136,27.8356981400824,0 85.0244342957314,27.8367124585317,0 85.0249560619705,27.8351989506528,0 85.0248289341725,27.834031308274,0 85.0248263546529,27.8338800883988,0 85.0244841514983,27.8331949881578,0 85.0240071003297,27.8320278355809,0 85.0230032048773,27.8295741713695,0 85.022220714032,27.8273055067631,0 85.0220142513084,27.826534703711,0 85.0207723383313,27.8263104898476,0 85.0200130575578,27.8274727523269,0 85.0198248922287,27.8283725495882,0 85.0198222269067,27.8290645411301,0 85.0206378206862,27.8299170720879,0 85.021837693494,27.8311378888803,0 85.0223823244471,27.8322682296418,0 85.0229694609699,27.8331455575288,0 85.0233121065074,27.8340968401116,0 85.0239178247136,27.8356981400824,0</coordinates></LinearRing></outerBoundaryIs></Polygon></MultiGeometry>
  </Placemark>
  <Placemark id="settlement_area_ward.123">
	<name>Shree Chiurbanjyang primary school area</name>
	<Style><LineStyle><color>ff0000ff</color></LineStyle><PolyStyle><fill>0</fill></PolyStyle></Style>
	<ExtendedData><SchemaData schemaUrl="#settlement_area_ward">
		<SimpleData name="tessellate">1</SimpleData>
		<SimpleData name="extrude">0</SimpleData>
		<SimpleData name="visibility">-1</SimpleData>
		<SimpleData name="district">DHADING</SimpleData>
		<SimpleData name="gapa_napa">Galchi</SimpleData>
		<SimpleData name="new_ward_n">1</SimpleData>
	</SchemaData></ExtendedData>
      <MultiGeometry><Polygon><outerBoundaryIs><LinearRing><coordinates>85.0185620452691,27.8342719870824,0 85.0209974076067,27.833795137201,0 85.0209543627413,27.8329266139006,0 85.0206409006125,27.8320818014527,0 85.0206358178188,27.8319621824474,0 85.0198640738232,27.8307423014432,0 85.0192811271946,27.8296862133409,0 85.0192552846802,27.8296174049488,0 85.0170296546077,27.8287973598968,0 85.0161802979592,27.8291299799501,0 85.016194569559,27.8312772639199,0 85.0171448205815,27.8330684889357,0 85.0185620452691,27.8342719870824,0</coordinates></LinearRing></outerBoundaryIs></Polygon></MultiGeometry>
  </Placemark>
  <Placemark id="settlement_area_ward.124">
	<name>Kolpurtar</name>
	<Style><LineStyle><color>ff0000ff</color></LineStyle><PolyStyle><fill>0</fill></PolyStyle></Style>
	<ExtendedData><SchemaData schemaUrl="#settlement_area_ward">
		<SimpleData name="tessellate">1</SimpleData>
		<SimpleData name="extrude">0</SimpleData>
		<SimpleData name="visibility">-1</SimpleData>
		<SimpleData name="district">DHADING</SimpleData>
		<SimpleData name="gapa_napa">Galchi</SimpleData>
		<SimpleData name="new_ward_n">1</SimpleData>
	</SchemaData></ExtendedData>
      <MultiGeometry><Polygon><outerBoundaryIs><LinearRing><coordinates>85.0183827005465,27.8218948611972,0 85.0264693943503,27.8222861241481,0 85.0270597805801,27.8196134619919,0 85.0260503516964,27.8159859683918,0 85.023798818128,27.8128785715602,0 85.0230124554726,27.8117744084753,0 85.0186329175213,27.8099368461381,0 85.0184445835136,27.809760410372,0 85.0156832270652,27.8095660530464,0 85.0134681177587,27.80975805786,0 85.0130023565401,27.8114878587235,0 85.0130114067203,27.8147096806334,0 85.0158910130499,27.8182548591417,0 85.018223522253,27.8219028693549,0 85.0183827005465,27.8218948611972,0</coordinates></LinearRing></outerBoundaryIs></Polygon></MultiGeometry>
  </Placemark>
  <Placemark id="settlement_area_ward.125">
	<name>Ghartitar</name>
	<Style><LineStyle><color>ff0000ff</color></LineStyle><PolyStyle><fill>0</fill></PolyStyle></Style>
	<ExtendedData><SchemaData schemaUrl="#settlement_area_ward">
		<SimpleData name="tessellate">1</SimpleData>
		<SimpleData name="extrude">0</SimpleData>
		<SimpleData name="visibility">-1</SimpleData>
		<SimpleData name="district">DHADING</SimpleData>
		<SimpleData name="gapa_napa">Galchi</SimpleData>
		<SimpleData name="new_ward_n">1</SimpleData>
	</SchemaData></ExtendedData>
      <MultiGeometry><Polygon><outerBoundaryIs><LinearRing><coordinates>85.0130411060348,27.8086959157684,0 85.0070806336053,27.8072264802828,0 85.0050719031428,27.8087284837227,0 85.0030441982402,27.8103137687273,0 85.0069314841715,27.811432221469,0 85.0094022205691,27.8125680566186,0 85.0095752721903,27.8126033666036,0 85.0107880587057,27.8115400925047,0 85.0127126032193,27.8089995288256,0 85.0130411060348,27.8086959157684,0</coordinates></LinearRing></outerBoundaryIs></Polygon></MultiGeometry>
  </Placemark>
  <Placemark id="settlement_area_ward.126">
	<name>Suntar</name>
	<Style><LineStyle><color>ff0000ff</color></LineStyle><PolyStyle><fill>0</fill></PolyStyle></Style>
	<ExtendedData><SchemaData schemaUrl="#settlement_area_ward">
		<SimpleData name="tessellate">1</SimpleData>
		<SimpleData name="extrude">0</SimpleData>
		<SimpleData name="visibility">-1</SimpleData>
		<SimpleData name="district">DHADING</SimpleData>
		<SimpleData name="gapa_napa">Galchi</SimpleData>
		<SimpleData name="new_ward_n">1</SimpleData>
	</SchemaData></ExtendedData>
      <MultiGeometry><Polygon><outerBoundaryIs><LinearRing><coordinates>84.9933942449066,27.8106312553748,0 85.0028000191993,27.8097939355579,0 85.0033681978194,27.8088418289827,0 85.0037950930201,27.8082085256074,0 85.0042469558387,27.8071899056026,0 85.0044028420981,27.8069863714653,0 85.0043921404639,27.8059440996726,0 85.0040979032135,27.8051846174083,0 85.0032482686351,27.8039595052245,0 85.0031322103152,27.803763011622,0 85.0024660887568,27.803024389421,0 85.0021440014609,27.8028198924195,0 85.000023942625,27.8029262284778,0 84.9997098443936,27.8029419819009,0 84.996544572557,27.8035188661654,0 84.9964376932858,27.8035489971382,0 84.9931438317691,27.8044157858068,0 84.9930019902302,27.804498997013,0 84.9929132589335,27.8045797252569,0 84.9928184570388,27.8047120151991,0 84.9914886142497,27.8065380697084,0 84.9914368015254,27.8086568253861,0 84.9932539759201,27.8105773377574,0 84.9933942449066,27.8106312553748,0</coordinates></LinearRing></outerBoundaryIs></Polygon></MultiGeometry>
  </Placemark>
  <Placemark id="settlement_area_ward.127">
	<name>rising village secondary school area</name>
	<Style><LineStyle><color>ff0000ff</color></LineStyle><PolyStyle><fill>0</fill></PolyStyle></Style>
	<ExtendedData><SchemaData schemaUrl="#settlement_area_ward">
		<SimpleData name="tessellate">1</SimpleData>
		<SimpleData name="extrude">0</SimpleData>
		<SimpleData name="visibility">-1</SimpleData>
		<SimpleData name="district">DHADING</SimpleData>
		<SimpleData name="gapa_napa">Galchi</SimpleData>
		<SimpleData name="new_ward_n">1</SimpleData>
	</SchemaData></ExtendedData>
      <MultiGeometry><Polygon><outerBoundaryIs><LinearRing><coordinates>84.9739209818825,27.8013024934237,0 84.9762350532242,27.8010041396513,0 84.978449018748,27.8016962464249,0 84.9785193812668,27.8017393117646,0 84.9819748810216,27.8029748464539,0 84.9830520221071,27.803215710948,0 84.985388428716,27.8041290883323,0 84.9854925387339,27.8041750573411,0 84.986915492409,27.804803350267,0 84.9899590211646,27.80451876584,0 84.9935727156371,27.8031331009787,0 84.9954303404076,27.7994986570935,0 84.9949519211025,27.7967170401195,0 84.9949329090087,27.7966579391697,0 84.9941493901053,27.7961824754916,0 84.9939708839663,27.7963093986443,0 84.9936284213937,27.7975975904787,0 84.992740524764,27.7990192536432,0 84.9926618653054,27.7990666953625,0 84.9916025196917,27.7994924101675,0 84.9864561627745,27.7991841792209,0 84.9856249595668,27.7992260460164,0 84.9780526101908,27.7995858102888,0 84.9754892805942,27.7997581155928,0 84.9744377656997,27.8004234240032,0 84.9739209818825,27.8013024934237,0</coordinates></LinearRing></outerBoundaryIs></Polygon></MultiGeometry>
  </Placemark>
  <Placemark id="settlement_area_ward.128">
	<name>Kyorenitar</name>
	<Style><LineStyle><color>ff0000ff</color></LineStyle><PolyStyle><fill>0</fill></PolyStyle></Style>
	<ExtendedData><SchemaData schemaUrl="#settlement_area_ward">
		<SimpleData name="tessellate">1</SimpleData>
		<SimpleData name="extrude">0</SimpleData>
		<SimpleData name="visibility">-1</SimpleData>
		<SimpleData name="district">DHADING</SimpleData>
		<SimpleData name="gapa_napa">Galchi</SimpleData>
		<SimpleData name="new_ward_n">1</SimpleData>
	</SchemaData></ExtendedData>
      <MultiGeometry><Polygon><outerBoundaryIs><LinearRing><coordinates>84.9721381758856,27.8176908877176,0 84.9729508997492,27.817040590188,0 84.9734690048105,27.8148414489868,0 84.9735242019804,27.812308899835,0 84.9735512133394,27.8119927549985,0 84.9736399370321,27.8115031778423,0 84.9717502930542,27.8109151907957,0 84.9715563676312,27.8108911054841,0 84.971427029543,27.810897643881,0 84.9700195293517,27.811720729965,0 84.9674727474578,27.811884036098,0 84.9673403032759,27.8119252630446,0 84.9660465787026,27.8127574971004,0 84.965970874371,27.8129022321034,0 84.9655180533423,27.8141417835466,0 84.9655100133405,27.8142511949446,0 84.9648551141133,27.8156036004993,0 84.9651055317875,27.8169440635331,0 84.9652050194018,27.8170566526873,0 84.9676926923433,27.8181594343138,0 84.9718114792627,27.8177074491817,0 84.9721381758856,27.8176908877176,0</coordinates></LinearRing></outerBoundaryIs></Polygon></MultiGeometry>
  </Placemark>
  <Placemark id="settlement_area_ward.129">
	<name>Kali Devi Temple area</name>
	<Style><LineStyle><color>ff0000ff</color></LineStyle><PolyStyle><fill>0</fill></PolyStyle></Style>
	<ExtendedData><SchemaData schemaUrl="#settlement_area_ward">
		<SimpleData name="tessellate">1</SimpleData>
		<SimpleData name="extrude">0</SimpleData>
		<SimpleData name="visibility">-1</SimpleData>
		<SimpleData name="district">DHADING</SimpleData>
		<SimpleData name="gapa_napa">Galchi</SimpleData>
		<SimpleData name="new_ward_n">1</SimpleData>
	</SchemaData></ExtendedData>
      <MultiGeometry><Polygon><outerBoundaryIs><LinearRing><coordinates>84.9714655855529,27.8092900748242,0 84.9723733889482,27.8098402278799,0 84.9731297347391,27.8090106219635,0 84.9735403280735,27.8088156922926,0 84.9736988779213,27.8087691571771,0 84.978280951414,27.8055482871056,0 84.9802237320445,27.805433533561,0 84.9805561116708,27.8054834215577,0 84.9810863978161,27.8047352494241,0 84.9812079153331,27.8043622499215,0 84.9809755303776,27.8034182032785,0 84.9790832136204,27.8027328451685,0 84.9769564106426,27.8024685314459,0 84.9747299769241,27.8026089751815,0 84.9746093548688,27.8026576032874,0 84.9738570918795,27.8031264850491,0 84.9737463522372,27.8032340779223,0 84.9719885421935,27.805339923523,0 84.9714655855529,27.8092900748242,0</coordinates></LinearRing></outerBoundaryIs></Polygon></MultiGeometry>
  </Placemark>
  <Placemark id="settlement_area_ward.130">
	<name>Kyorenitar</name>
	<Style><LineStyle><color>ff0000ff</color></LineStyle><PolyStyle><fill>0</fill></PolyStyle></Style>
	<ExtendedData><SchemaData schemaUrl="#settlement_area_ward">
		<SimpleData name="tessellate">1</SimpleData>
		<SimpleData name="extrude">0</SimpleData>
		<SimpleData name="visibility">-1</SimpleData>
		<SimpleData name="district">DHADING</SimpleData>
		<SimpleData name="gapa_napa">Galchi</SimpleData>
		<SimpleData name="new_ward_n">2</SimpleData>
	</SchemaData></ExtendedData>
      <MultiGeometry><Polygon><outerBoundaryIs><LinearRing><coordinates>84.9721381758856,27.8176908877176,0 84.9729508997492,27.817040590188,0 84.9734690048105,27.8148414489868,0 84.9735242019804,27.812308899835,0 84.9735512133394,27.8119927549985,0 84.9736399370321,27.8115031778423,0 84.9717502930542,27.8109151907957,0 84.9715563676312,27.8108911054841,0 84.971427029543,27.810897643881,0 84.9700195293517,27.811720729965,0 84.9674727474578,27.811884036098,0 84.9673403032759,27.8119252630446,0 84.9660465787026,27.8127574971004,0 84.965970874371,27.8129022321034,0 84.9655180533423,27.8141417835466,0 84.9655100133405,27.8142511949446,0 84.9648551141133,27.8156036004993,0 84.9651055317875,27.8169440635331,0 84.9652050194018,27.8170566526873,0 84.9676926923433,27.8181594343138,0 84.9718114792627,27.8177074491817,0 84.9721381758856,27.8176908877176,0</coordinates></LinearRing></outerBoundaryIs></Polygon></MultiGeometry>
  </Placemark>
  <Placemark id="settlement_area_ward.131">
	<name>Mastar</name>
	<Style><LineStyle><color>ff0000ff</color></LineStyle><PolyStyle><fill>0</fill></PolyStyle></Style>
	<ExtendedData><SchemaData schemaUrl="#settlement_area_ward">
		<SimpleData name="tessellate">1</SimpleData>
		<SimpleData name="extrude">0</SimpleData>
		<SimpleData name="visibility">-1</SimpleData>
		<SimpleData name="district">DHADING</SimpleData>
		<SimpleData name="gapa_napa">Galchi</SimpleData>
		<SimpleData name="new_ward_n">2</SimpleData>
	</SchemaData></ExtendedData>
      <MultiGeometry><Polygon><outerBoundaryIs><LinearRing><coordinates>84.9572372607334,27.8138927888516,0 84.9551545152696,27.8170325610671,0 84.9573994773785,27.8173876573728,0 84.9588749927262,27.817312717292,0 84.9608601251284,27.8168126917523,0 84.9623481031492,27.8141521702715,0 84.9639111878446,27.8117608198951,0 84.9639927724994,27.8116243468615,0 84.9651982607593,27.8105139493475,0 84.9652543249834,27.8103677227728,0 84.9653296978272,27.8102392105552,0 84.9658749080761,27.8090361740716,0 84.9648170190519,27.8088719519998,0 84.9632210707906,27.809819101364,0 84.9630487349468,27.8098798846069,0 84.9604657358141,27.8110608429153,0 84.9599584491,27.8113617567155,0 84.9572372607334,27.8138927888516,0</coordinates></LinearRing></outerBoundaryIs></Polygon></MultiGeometry>
  </Placemark>
  <Placemark id="settlement_area_ward.132">
	<name>Belukhu bazar</name>
	<Style><LineStyle><color>ff0000ff</color></LineStyle><PolyStyle><fill>0</fill></PolyStyle></Style>
	<ExtendedData><SchemaData schemaUrl="#settlement_area_ward">
		<SimpleData name="tessellate">1</SimpleData>
		<SimpleData name="extrude">0</SimpleData>
		<SimpleData name="visibility">-1</SimpleData>
		<SimpleData name="district">DHADING</SimpleData>
		<SimpleData name="gapa_napa">Galchi</SimpleData>
		<SimpleData name="new_ward_n">2</SimpleData>
	</SchemaData></ExtendedData>
      <MultiGeometry><Polygon><outerBoundaryIs><LinearRing><coordinates>84.9485523487778,27.8145516823762,0 84.9521546787379,27.8156519036502,0 84.9554293537822,27.8159954675255,0 84.9556471162182,27.8154066967921,0 84.9553365800929,27.8142797801476,0 84.9524591626144,27.8128174693371,0 84.9493147574774,27.8123858533511,0 84.948480568907,27.8129101053289,0 84.9484041175332,27.8130471060632,0 84.9485523487778,27.8145516823762,0</coordinates></LinearRing></outerBoundaryIs></Polygon></MultiGeometry>
  </Placemark>
  <Placemark id="settlement_area_ward.133">
	<name>Sundar basti</name>
	<Style><LineStyle><color>ff0000ff</color></LineStyle><PolyStyle><fill>0</fill></PolyStyle></Style>
	<ExtendedData><SchemaData schemaUrl="#settlement_area_ward">
		<SimpleData name="tessellate">1</SimpleData>
		<SimpleData name="extrude">0</SimpleData>
		<SimpleData name="visibility">-1</SimpleData>
		<SimpleData name="district">DHADING</SimpleData>
		<SimpleData name="gapa_napa">Galchi</SimpleData>
		<SimpleData name="new_ward_n">2</SimpleData>
	</SchemaData></ExtendedData>
      <MultiGeometry><Polygon><outerBoundaryIs><LinearRing><coordinates>84.9593858854654,27.8258388501305,0 84.9601697722637,27.8251683200569,0 84.960854904051,27.8233962180199,0 84.9608925683117,27.8231640390463,0 84.9606284136155,27.8216836276064,0 84.9591782559987,27.8206110159236,0 84.9567937281605,27.8200354596501,0 84.9555249599701,27.8206423383163,0 84.9554770159238,27.8207544532869,0 84.9560115826634,27.8235136038999,0 84.9592510216283,27.8258457130636,0 84.9593858854654,27.8258388501305,0</coordinates></LinearRing></outerBoundaryIs></Polygon></MultiGeometry>
  </Placemark>
  <Placemark id="settlement_area_ward.134">
	<name>Bhutiya</name>
	<Style><LineStyle><color>ff0000ff</color></LineStyle><PolyStyle><fill>0</fill></PolyStyle></Style>
	<ExtendedData><SchemaData schemaUrl="#settlement_area_ward">
		<SimpleData name="tessellate">1</SimpleData>
		<SimpleData name="extrude">0</SimpleData>
		<SimpleData name="visibility">-1</SimpleData>
		<SimpleData name="district">DHADING</SimpleData>
		<SimpleData name="gapa_napa">Galchi</SimpleData>
		<SimpleData name="new_ward_n">2</SimpleData>
	</SchemaData></ExtendedData>
      <MultiGeometry><Polygon><outerBoundaryIs><LinearRing><coordinates>84.9562362971371,27.8192023266259,0 84.9554492340512,27.8180831500278,0 84.9552857391035,27.8178878343352,0 84.9536622894288,27.8169956397923,0 84.953228594469,27.8180139860779,0 84.9529373890696,27.8182096741257,0 84.9526734042169,27.8184738314168,0 84.9522453191671,27.8191913045347,0 84.9522581544409,27.8193319400936,0 84.9526310903086,27.8201273574721,0 84.953936332228,27.8204036735189,0 84.9548517742625,27.8201127050713,0 84.9548715146554,27.8200873447453,0 84.9554419335633,27.8195516800933,0 84.955632963402,27.819446515462,0 84.9562362971371,27.8192023266259,0</coordinates></LinearRing></outerBoundaryIs></Polygon></MultiGeometry>
  </Placemark>
  <Placemark id="settlement_area_ward.135">
	<name>Belintar</name>
	<Style><LineStyle><color>ff0000ff</color></LineStyle><PolyStyle><fill>0</fill></PolyStyle></Style>
	<ExtendedData><SchemaData schemaUrl="#settlement_area_ward">
		<SimpleData name="tessellate">1</SimpleData>
		<SimpleData name="extrude">0</SimpleData>
		<SimpleData name="visibility">-1</SimpleData>
		<SimpleData name="district">DHADING</SimpleData>
		<SimpleData name="gapa_napa">Galchi</SimpleData>
		<SimpleData name="new_ward_n">2</SimpleData>
	</SchemaData></ExtendedData>
      <MultiGeometry><Polygon><outerBoundaryIs><LinearRing><coordinates>84.9467610799422,27.8215821996,0 84.947775978405,27.8212027187641,0 84.9471623870524,27.8180973685841,0 84.947182255012,27.8177612859929,0 84.9464814441439,27.816687170031,0 84.9461502942575,27.8163229564841,0 84.9449336888439,27.815032785645,0 84.9448299287639,27.814918551092,0 84.9438268649229,27.8138610574081,0 84.9437512558269,27.8137699340347,0 84.942241472449,27.8133020662204,0 84.9403002527879,27.8127948571297,0 84.9402804039815,27.8127958516596,0 84.9390956609495,27.8132749973026,0 84.9390624113346,27.8133873511361,0 84.9390891641566,27.8148319429359,0 84.9389508820305,27.8164336051186,0 84.9425060961616,27.8178634547835,0 84.9444899931753,27.8206488291011,0 84.9464698464828,27.8215461118048,0 84.9467610799422,27.8215821996,0</coordinates></LinearRing></outerBoundaryIs></Polygon></MultiGeometry>
  </Placemark>
  <Placemark id="settlement_area_ward.136">
	<name>Adamtar</name>
	<Style><LineStyle><color>ff0000ff</color></LineStyle><PolyStyle><fill>0</fill></PolyStyle></Style>
	<ExtendedData><SchemaData schemaUrl="#settlement_area_ward">
		<SimpleData name="tessellate">1</SimpleData>
		<SimpleData name="extrude">0</SimpleData>
		<SimpleData name="visibility">-1</SimpleData>
		<SimpleData name="district">DHADING</SimpleData>
		<SimpleData name="gapa_napa">Galchi</SimpleData>
		<SimpleData name="new_ward_n">2</SimpleData>
	</SchemaData></ExtendedData>
      <MultiGeometry><Polygon><outerBoundaryIs><LinearRing><coordinates>84.9367646151843,27.8124554347969,0 84.9409383149913,27.8124370134933,0 84.9415567500416,27.8102592766403,0 84.941542952116,27.809958953545,0 84.9409814938616,27.8081461297207,0 84.9401734862263,27.8067355714832,0 84.9389947624832,27.8062791495619,0 84.9385291262575,27.8059541063422,0 84.9375839290566,27.8056038441487,0 84.9346887577396,27.8043545260157,0 84.9341959820498,27.8039019444124,0 84.9316703205699,27.8035825485383,0 84.9315897393111,27.8036851749598,0 84.9307412859367,27.8055018336429,0 84.930741128825,27.8055800001957,0 84.9312264715256,27.807376645495,0 84.9344441837749,27.810076790244,0 84.9366073939379,27.8124314994334,0 84.9367646151843,27.8124554347969,0</coordinates></LinearRing></outerBoundaryIs></Polygon></MultiGeometry>
  </Placemark>
  <Placemark id="settlement_area_ward.137">
	<name>Gajuri bajar</name>
	<Style><LineStyle><color>ff0000ff</color></LineStyle><PolyStyle><fill>0</fill></PolyStyle></Style>
	<ExtendedData><SchemaData schemaUrl="#settlement_area_ward">
		<SimpleData name="tessellate">1</SimpleData>
		<SimpleData name="extrude">0</SimpleData>
		<SimpleData name="visibility">-1</SimpleData>
		<SimpleData name="district">DHADING</SimpleData>
		<SimpleData name="gapa_napa">Siddhalek</SimpleData>
		<SimpleData name="new_ward_n">6</SimpleData>
	</SchemaData></ExtendedData>
      <MultiGeometry><Polygon><outerBoundaryIs><LinearRing><coordinates>84.8722557484199,27.8075433406699,0 84.8806092149454,27.8091243411908,0 84.8846728112595,27.8080825939142,0 84.885062488458,27.8079756512759,0 84.8865139337508,27.8066523785498,0 84.8866819007851,27.8064738930217,0 84.887278981349,27.8046515722974,0 84.887195524492,27.8028869135622,0 84.8845225931615,27.80262755774,0 84.8817298026729,27.8017214964425,0 84.8785728571591,27.8011946951471,0 84.8739640383636,27.8024444022354,0 84.8723702709136,27.8039457866826,0 84.8722557484199,27.8075433406699,0</coordinates></LinearRing></outerBoundaryIs></Polygon></MultiGeometry>
  </Placemark>
  <Placemark id="settlement_area_ward.138">
	<name>Samitar basic school area</name>
	<Style><LineStyle><color>ff0000ff</color></LineStyle><PolyStyle><fill>0</fill></PolyStyle></Style>
	<ExtendedData><SchemaData schemaUrl="#settlement_area_ward">
		<SimpleData name="tessellate">1</SimpleData>
		<SimpleData name="extrude">0</SimpleData>
		<SimpleData name="visibility">-1</SimpleData>
		<SimpleData name="district">DHADING</SimpleData>
		<SimpleData name="gapa_napa">Siddhalek</SimpleData>
		<SimpleData name="new_ward_n">6</SimpleData>
	</SchemaData></ExtendedData>
      <MultiGeometry><Polygon><outerBoundaryIs><LinearRing><coordinates>84.8602091758142,27.8088457105825,0 84.8616745602967,27.8113941134419,0 84.8645006891438,27.8103533748937,0 84.8671117988959,27.8091218988829,0 84.8671871783588,27.8090177366394,0 84.8701921043908,27.8069036196584,0 84.8705718893284,27.8045642130214,0 84.8697529229138,27.8042183392382,0 84.8697290894863,27.8042195302143,0 84.8677455374029,27.8034777310533,0 84.8658436598688,27.8036556546375,0 84.8655135613091,27.8038179170203,0 84.864271996117,27.8044282112905,0 84.8638834950137,27.8046614055324,0 84.8626472954037,27.8058841448561,0 84.8625200923864,27.8059800781174,0 84.8624672525609,27.806050083823,0 84.8612584028272,27.8074918822474,0 84.8611179492323,27.8076881280134,0 84.8602091758142,27.8088457105825,0</coordinates></LinearRing></outerBoundaryIs></Polygon></MultiGeometry>
  </Placemark>
  <Placemark id="settlement_area_ward.139">
	<name>Chalise</name>
	<Style><LineStyle><color>ff0000ff</color></LineStyle><PolyStyle><fill>0</fill></PolyStyle></Style>
	<ExtendedData><SchemaData schemaUrl="#settlement_area_ward">
		<SimpleData name="tessellate">1</SimpleData>
		<SimpleData name="extrude">0</SimpleData>
		<SimpleData name="visibility">-1</SimpleData>
		<SimpleData name="district">DHADING</SimpleData>
		<SimpleData name="gapa_napa">Siddhalek</SimpleData>
		<SimpleData name="new_ward_n">6</SimpleData>
	</SchemaData></ExtendedData>
      <MultiGeometry><Polygon><outerBoundaryIs><LinearRing><coordinates>84.8647320225404,27.8013082798778,0 84.8722317118482,27.8021353530533,0 84.8741180986638,27.8012504654,0 84.8740492721357,27.8001484121885,0 84.8738800310175,27.7993826915991,0 84.8725226186335,27.799138451635,0 84.8709394584107,27.7992880097535,0 84.8701131848907,27.7999613751354,0 84.8679773767193,27.8000681377392,0 84.8657041658313,27.799159705621,0 84.8648975185125,27.7996443464878,0 84.8648776148767,27.8004767072929,0 84.8648705032614,27.8005239987429,0 84.8647320225404,27.8013082798778,0</coordinates></LinearRing></outerBoundaryIs></Polygon></MultiGeometry>
  </Placemark>
  <Placemark id="settlement_area_ward.140">
	<name>Kharmatar</name>
	<Style><LineStyle><color>ff0000ff</color></LineStyle><PolyStyle><fill>0</fill></PolyStyle></Style>
	<ExtendedData><SchemaData schemaUrl="#settlement_area_ward">
		<SimpleData name="tessellate">1</SimpleData>
		<SimpleData name="extrude">0</SimpleData>
		<SimpleData name="visibility">-1</SimpleData>
		<SimpleData name="district">DHADING</SimpleData>
		<SimpleData name="gapa_napa">Siddhalek</SimpleData>
		<SimpleData name="new_ward_n">6</SimpleData>
	</SchemaData></ExtendedData>
      <MultiGeometry><Polygon><outerBoundaryIs><LinearRing><coordinates>84.8515583685398,27.8091966220684,0 84.8505407200524,27.8098497089649,0 84.8505686233031,27.8105357543851,0 84.8505948052406,27.8105858989484,0 84.8507798134737,27.8112017249884,0 84.8510563999231,27.8118592745843,0 84.8510845722257,27.8119386850301,0 84.8522658311572,27.8126682117078,0 84.8547258338462,27.8130856481174,0 84.8565505834945,27.8125376444593,0 84.8565929725865,27.8125354952979,0 84.8579570007993,27.8122813472464,0 84.8595562206422,27.811767256477,0 84.8601519915511,27.8100726837843,0 84.8603242210606,27.8092318977364,0 84.8595205834323,27.8084098133141,0 84.8594339694758,27.8083965455877,0 84.8592283463812,27.8083541888575,0 84.8579026736915,27.8081441099869,0 84.8577030987892,27.8081626779484,0 84.8575167819637,27.8081976999172,0 84.8566830664667,27.8082481662438,0 84.8561939720539,27.808376111665,0 84.855449418071,27.8084048839286,0 84.8551542041664,27.8084543798779,0 84.8547361674522,27.8085275957318,0 84.8526223615666,27.8088809790374,0 84.8523463153195,27.8090025481017,0 84.8515583685398,27.8091966220684,0</coordinates></LinearRing></outerBoundaryIs></Polygon></MultiGeometry>
  </Placemark>
  <Placemark id="settlement_area_ward.141">
	<name>Kalidaha</name>
	<Style><LineStyle><color>ff0000ff</color></LineStyle><PolyStyle><fill>0</fill></PolyStyle></Style>
	<ExtendedData><SchemaData schemaUrl="#settlement_area_ward">
		<SimpleData name="tessellate">1</SimpleData>
		<SimpleData name="extrude">0</SimpleData>
		<SimpleData name="visibility">-1</SimpleData>
		<SimpleData name="district">DHADING</SimpleData>
		<SimpleData name="gapa_napa">Siddhalek</SimpleData>
		<SimpleData name="new_ward_n">6</SimpleData>
	</SchemaData></ExtendedData>
      <MultiGeometry><Polygon><outerBoundaryIs><LinearRing><coordinates>84.8367410837795,27.8138243232743,0 84.8386525278121,27.8145938950012,0 84.8401946447944,27.8141417972962,0 84.8402563059235,27.8141201734709,0 84.8406493403943,27.8133930584699,0 84.840708058864,27.8132483044114,0 84.8408489379531,27.8126506068785,0 84.8408614603858,27.8125137719482,0 84.8405904235304,27.8119599358767,0 84.8403552211884,27.8110127408851,0 84.8402424575007,27.8102431367116,0 84.8402425222293,27.8100804642208,0 84.8402155892155,27.8096174173354,0 84.8405699610294,27.8084129735518,0 84.8406836678844,27.8081172739502,0 84.8407088215618,27.8080638516796,0 84.8423676588561,27.8065632832243,0 84.8427101787353,27.8063573334296,0 84.8429857484946,27.8057461041872,0 84.8440764270075,27.8057590955974,0 84.8455086059826,27.806228547629,0 84.8460222064744,27.806451110401,0 84.8463325727184,27.8058394035363,0 84.8463231696192,27.8057941161807,0 84.8465608902582,27.8046191662241,0 84.8448753024897,27.8038747448628,0 84.8447156628753,27.803803488716,0 84.8434343839152,27.803221342453,0 84.8434288105123,27.8031746120522,0 84.842015302562,27.803282831598,0 84.8412925552612,27.8036814829562,0 84.8412821430034,27.803701356532,0 84.8408943421924,27.8048189019851,0 84.8407927070583,27.8049715029891,0 84.8402562166846,27.8066812009385,0 84.8402438248408,27.8067771872886,0 84.8390581001338,27.808716890608,0 84.8390291845693,27.8087859613976,0 84.8383351018777,27.8116039512185,0 84.8367410837795,27.8138243232743,0</coordinates></LinearRing></outerBoundaryIs></Polygon></MultiGeometry>
  </Placemark>
  <Placemark id="settlement_area_ward.142">
	<name>Adam ghat area</name>
	<Style><LineStyle><color>ff0000ff</color></LineStyle><PolyStyle><fill>0</fill></PolyStyle></Style>
	<ExtendedData><SchemaData schemaUrl="#settlement_area_ward">
		<SimpleData name="tessellate">1</SimpleData>
		<SimpleData name="extrude">0</SimpleData>
		<SimpleData name="visibility">-1</SimpleData>
		<SimpleData name="district">DHADING</SimpleData>
		<SimpleData name="gapa_napa">Siddhalek</SimpleData>
		<SimpleData name="new_ward_n">7</SimpleData>
	</SchemaData></ExtendedData>
      <MultiGeometry><Polygon><outerBoundaryIs><LinearRing><coordinates>84.9449623696932,27.8121668378422,0 84.9465020763842,27.8120692173492,0 84.9467256313437,27.8114413776412,0 84.9467987689626,27.8112297030684,0 84.9465843274484,27.810482589354,0 84.9465847908024,27.810391938416,0 84.9462060589304,27.8094563312948,0 84.9461393415225,27.8092704459031,0 84.9460890389271,27.8091704813816,0 84.94568745393,27.8080635323231,0 84.9456276306575,27.807810207543,0 84.9455956042761,27.8077641236165,0 84.9453384790024,27.8066205616805,0 84.9453117853519,27.8064727542107,0 84.9444500195185,27.8055598802422,0 84.9431622935157,27.8049312226822,0 84.943089007755,27.8048941126727,0 84.9419217286139,27.804777099729,0 84.9414039248974,27.8048705640251,0 84.9413012957151,27.8049433842342,0 84.9411813837922,27.8055417040478,0 84.9414715328598,27.8064888886155,0 84.9415115618552,27.8066643778567,0 84.9421198972764,27.8082114859479,0 84.9421723697223,27.8083380628602,0 84.9433301567515,27.8100032155982,0 84.9449623696932,27.8121668378422,0</coordinates></LinearRing></outerBoundaryIs></Polygon></MultiGeometry>
  </Placemark>
  <Placemark id="settlement_area_ward.143">
	<name>Belintar</name>
	<Style><LineStyle><color>ff0000ff</color></LineStyle><PolyStyle><fill>0</fill></PolyStyle></Style>
	<ExtendedData><SchemaData schemaUrl="#settlement_area_ward">
		<SimpleData name="tessellate">1</SimpleData>
		<SimpleData name="extrude">0</SimpleData>
		<SimpleData name="visibility">-1</SimpleData>
		<SimpleData name="district">DHADING</SimpleData>
		<SimpleData name="gapa_napa">Siddhalek</SimpleData>
		<SimpleData name="new_ward_n">7</SimpleData>
	</SchemaData></ExtendedData>
      <MultiGeometry><Polygon><outerBoundaryIs><LinearRing><coordinates>84.9467610799422,27.8215821996,0 84.947775978405,27.8212027187641,0 84.9471623870524,27.8180973685841,0 84.947182255012,27.8177612859929,0 84.9464814441439,27.816687170031,0 84.9461502942575,27.8163229564841,0 84.9449336888439,27.815032785645,0 84.9448299287639,27.814918551092,0 84.9438268649229,27.8138610574081,0 84.9437512558269,27.8137699340347,0 84.942241472449,27.8133020662204,0 84.9403002527879,27.8127948571297,0 84.9402804039815,27.8127958516596,0 84.9390956609495,27.8132749973026,0 84.9390624113346,27.8133873511361,0 84.9390891641566,27.8148319429359,0 84.9389508820305,27.8164336051186,0 84.9425060961616,27.8178634547835,0 84.9444899931753,27.8206488291011,0 84.9464698464828,27.8215461118048,0 84.9467610799422,27.8215821996,0</coordinates></LinearRing></outerBoundaryIs></Polygon></MultiGeometry>
  </Placemark>
  <Placemark id="settlement_area_ward.144">
	<name>Adamtar</name>
	<Style><LineStyle><color>ff0000ff</color></LineStyle><PolyStyle><fill>0</fill></PolyStyle></Style>
	<ExtendedData><SchemaData schemaUrl="#settlement_area_ward">
		<SimpleData name="tessellate">1</SimpleData>
		<SimpleData name="extrude">0</SimpleData>
		<SimpleData name="visibility">-1</SimpleData>
		<SimpleData name="district">DHADING</SimpleData>
		<SimpleData name="gapa_napa">Siddhalek</SimpleData>
		<SimpleData name="new_ward_n">7</SimpleData>
	</SchemaData></ExtendedData>
      <MultiGeometry><Polygon><outerBoundaryIs><LinearRing><coordinates>84.9367646151843,27.8124554347969,0 84.9409383149913,27.8124370134933,0 84.9415567500416,27.8102592766403,0 84.941542952116,27.809958953545,0 84.9409814938616,27.8081461297207,0 84.9401734862263,27.8067355714832,0 84.9389947624832,27.8062791495619,0 84.9385291262575,27.8059541063422,0 84.9375839290566,27.8056038441487,0 84.9346887577396,27.8043545260157,0 84.9341959820498,27.8039019444124,0 84.9316703205699,27.8035825485383,0 84.9315897393111,27.8036851749598,0 84.9307412859367,27.8055018336429,0 84.930741128825,27.8055800001957,0 84.9312264715256,27.807376645495,0 84.9344441837749,27.810076790244,0 84.9366073939379,27.8124314994334,0 84.9367646151843,27.8124554347969,0</coordinates></LinearRing></outerBoundaryIs></Polygon></MultiGeometry>
  </Placemark>
  <Placemark id="settlement_area_ward.145">
	<name>Jarekhet</name>
	<Style><LineStyle><color>ff0000ff</color></LineStyle><PolyStyle><fill>0</fill></PolyStyle></Style>
	<ExtendedData><SchemaData schemaUrl="#settlement_area_ward">
		<SimpleData name="tessellate">1</SimpleData>
		<SimpleData name="extrude">0</SimpleData>
		<SimpleData name="visibility">-1</SimpleData>
		<SimpleData name="district">DHADING</SimpleData>
		<SimpleData name="gapa_napa">Siddhalek</SimpleData>
		<SimpleData name="new_ward_n">7</SimpleData>
	</SchemaData></ExtendedData>
      <MultiGeometry><Polygon><outerBoundaryIs><LinearRing><coordinates>84.9370109884161,27.8044855022436,0 84.938952850726,27.8046604919226,0 84.9394588418583,27.803704588049,0 84.938520478406,27.8025566476175,0 84.9375743326269,27.8006250089714,0 84.9375334991878,27.8005458432213,0 84.9358778707446,27.7986584229008,0 84.934018647137,27.7976714843435,0 84.9339589603413,27.7976250770575,0 84.9316965540602,27.7969578960219,0 84.929076939127,27.795998645515,0 84.9290232572938,27.7959780303824,0 84.9270905443382,27.7958889107578,0 84.926879356276,27.7958994752777,0 84.926133337696,27.7964268835357,0 84.9261063985325,27.7964517556529,0 84.9254663628676,27.7976578068532,0 84.9262161833287,27.798335356525,0 84.9291774779415,27.8000575372697,0 84.9316269462181,27.8016630823667,0 84.9354483104274,27.8038172920885,0 84.9370109884161,27.8044855022436,0</coordinates></LinearRing></outerBoundaryIs></Polygon></MultiGeometry>
  </Placemark>
  <Placemark id="settlement_area_ward.146">
	<name>Amantaar</name>
	<Style><LineStyle><color>ff0000ff</color></LineStyle><PolyStyle><fill>0</fill></PolyStyle></Style>
	<ExtendedData><SchemaData schemaUrl="#settlement_area_ward">
		<SimpleData name="tessellate">1</SimpleData>
		<SimpleData name="extrude">0</SimpleData>
		<SimpleData name="visibility">-1</SimpleData>
		<SimpleData name="district">DHADING</SimpleData>
		<SimpleData name="gapa_napa">Siddhalek</SimpleData>
		<SimpleData name="new_ward_n">7</SimpleData>
	</SchemaData></ExtendedData>
      <MultiGeometry><Polygon><outerBoundaryIs><LinearRing><coordinates>84.9214037807905,27.7992101937031,0 84.9223989126772,27.7998640060581,0 84.9201395419301,27.8005662632298,0 84.9192871119035,27.8008683383991,0 84.9185695155049,27.8011919159916,0 84.9161234796832,27.8021383134383,0 84.9158667367206,27.8023129454481,0 84.9156663421243,27.8024312522212,0 84.915263662645,27.8026689812839,0 84.914003698778,27.8036441498633,0 84.9137590834143,27.8040222946186,0 84.912980114097,27.8051821280476,0 84.9129168877229,27.8052729814184,0 84.9122840029062,27.8060438016288,0 84.9114533947139,27.807361824826,0 84.9113070755376,27.8077420918818,0 84.9121225414384,27.8108929203228,0 84.9153482853693,27.8110717590392,0 84.9177983336644,27.8099008002912,0 84.9179852226405,27.8097582611643,0 84.9230290872786,27.8037846710852,0 84.9232903182636,27.8034598251601,0 84.9234448023935,27.8032551133293,0 84.9251493862548,27.8008887651665,0 84.924454763498,27.7991821218633,0 84.9243086290167,27.7991146447634,0 84.9223397964851,27.7986452629947,0 84.9214037807905,27.7992101937031,0</coordinates></LinearRing></outerBoundaryIs></Polygon></MultiGeometry>
  </Placemark>
  <Placemark id="settlement_area_ward.147">
	<name>Thulo gaun</name>
	<Style><LineStyle><color>ff0000ff</color></LineStyle><PolyStyle><fill>0</fill></PolyStyle></Style>
	<ExtendedData><SchemaData schemaUrl="#settlement_area_ward">
		<SimpleData name="tessellate">1</SimpleData>
		<SimpleData name="extrude">0</SimpleData>
		<SimpleData name="visibility">-1</SimpleData>
		<SimpleData name="district">DHADING</SimpleData>
		<SimpleData name="gapa_napa">Siddhalek</SimpleData>
		<SimpleData name="new_ward_n">7</SimpleData>
	</SchemaData></ExtendedData>
      <MultiGeometry><Polygon><outerBoundaryIs><LinearRing><coordinates>84.9305933704712,27.8109960754084,0 84.9302260445528,27.8098808533109,0 84.9275996028947,27.8099452186061,0 84.9273396732073,27.8099244975473,0 84.926242947768,27.8098784408175,0 84.9261474633225,27.8098832408176,0 84.9258057452127,27.8099678505952,0 84.9241868254503,27.8110403995226,0 84.9238127417311,27.8118635302565,0 84.9234604905799,27.8130281360979,0 84.924025536178,27.8144054497539,0 84.9249623390884,27.8146225883777,0 84.9261668100708,27.8147517623698,0 84.9263603570938,27.8146659673566,0 84.9281603310256,27.813266966081,0 84.9302684988666,27.8111870802213,0 84.9305933704712,27.8109960754084,0</coordinates></LinearRing></outerBoundaryIs></Polygon></MultiGeometry>
  </Placemark>
  <Placemark id="settlement_area_ward.148">
	<name>pIDA BRIDGE AREA</name>
	<Style><LineStyle><color>ff0000ff</color></LineStyle><PolyStyle><fill>0</fill></PolyStyle></Style>
	<ExtendedData><SchemaData schemaUrl="#settlement_area_ward">
		<SimpleData name="tessellate">1</SimpleData>
		<SimpleData name="extrude">0</SimpleData>
		<SimpleData name="visibility">-1</SimpleData>
		<SimpleData name="district">DHADING</SimpleData>
		<SimpleData name="gapa_napa">Siddhalek</SimpleData>
		<SimpleData name="new_ward_n">7</SimpleData>
	</SchemaData></ExtendedData>
      <MultiGeometry><Polygon><outerBoundaryIs><LinearRing><coordinates>84.9187025153791,27.7982789529813,0 84.9174193205602,27.7978296157377,0 84.9169685406623,27.7978932050662,0 84.9168334067726,27.7979946334896,0 84.9167932260229,27.7980503952957,0 84.9164401025693,27.7985051493925,0 84.9159529082446,27.7987279443163,0 84.9158170444073,27.7988128440195,0 84.9154747297322,27.7990889494031,0 84.9154185834785,27.799125543305,0 84.915309677713,27.7993019471263,0 84.9148008373768,27.8003520093782,0 84.9147551571132,27.800463513035,0 84.9152991453252,27.8010778294101,0 84.9161845437725,27.801126247726,0 84.9173183268399,27.8007932515579,0 84.9182339021029,27.799718837113,0 84.9185766223008,27.7987535644496,0 84.9185945362604,27.7986477412266,0 84.9187025153791,27.7982789529813,0</coordinates></LinearRing></outerBoundaryIs></Polygon></MultiGeometry>
  </Placemark>
  <Placemark id="settlement_area_ward.149">
	<name>Ghatbesi</name>
	<Style><LineStyle><color>ff0000ff</color></LineStyle><PolyStyle><fill>0</fill></PolyStyle></Style>
	<ExtendedData><SchemaData schemaUrl="#settlement_area_ward">
		<SimpleData name="tessellate">1</SimpleData>
		<SimpleData name="extrude">0</SimpleData>
		<SimpleData name="visibility">-1</SimpleData>
		<SimpleData name="district">DHADING</SimpleData>
		<SimpleData name="gapa_napa">Siddhalek</SimpleData>
		<SimpleData name="new_ward_n">7</SimpleData>
	</SchemaData></ExtendedData>
      <MultiGeometry><Polygon><outerBoundaryIs><LinearRing><coordinates>84.9038018597625,27.8069586843915,0 84.904379097558,27.8071025997598,0 84.905870439615,27.8060558817722,0 84.9065309028611,27.8051990661579,0 84.9066964351118,27.8049940428479,0 84.9082150682778,27.8044774949421,0 84.9084160684908,27.8044674447242,0 84.9099473628935,27.804671799071,0 84.9102782855854,27.804672927419,0 84.9129843844051,27.8042564568945,0 84.9132152983445,27.8041404284806,0 84.9133446759948,27.8036190754822,0 84.9120557119338,27.8029338868103,0 84.9097975376003,27.8026415350535,0 84.9066495407024,27.8024883274292,0 84.9052210949796,27.8025835795232,0 84.9043079859314,27.8032978372822,0 84.9028482312923,27.8044849493668,0 84.9027865756266,27.8046039442503,0 84.902865724744,27.8063031566429,0 84.9028824492966,27.8063504803667,0 84.9035476369441,27.8069840938501,0 84.9038018597625,27.8069586843915,0</coordinates></LinearRing></outerBoundaryIs></Polygon></MultiGeometry>
  </Placemark>
  <Placemark id="settlement_area_ward.150">
	<name>Pipaltar</name>
	<Style><LineStyle><color>ff0000ff</color></LineStyle><PolyStyle><fill>0</fill></PolyStyle></Style>
	<ExtendedData><SchemaData schemaUrl="#settlement_area_ward">
		<SimpleData name="tessellate">1</SimpleData>
		<SimpleData name="extrude">0</SimpleData>
		<SimpleData name="visibility">-1</SimpleData>
		<SimpleData name="district">DHADING</SimpleData>
		<SimpleData name="gapa_napa">Siddhalek</SimpleData>
		<SimpleData name="new_ward_n">7</SimpleData>
	</SchemaData></ExtendedData>
      <MultiGeometry><Polygon><outerBoundaryIs><LinearRing><coordinates>84.8994285161374,27.8140994580138,0 84.8997080063283,27.8160678342189,0 84.9056659736055,27.8177100608787,0 84.9059386171326,27.8176963548633,0 84.907376521579,27.8161832564902,0 84.9094894441527,27.813456882754,0 84.9096537291277,27.8132933278465,0 84.9102750990594,27.8126480266802,0 84.9105304030217,27.8121819534862,0 84.9107854895402,27.8113393934642,0 84.9108218849514,27.8110462544639,0 84.9105702948303,27.8101157105777,0 84.910530994057,27.8099211301964,0 84.9096049241811,27.8087322171906,0 84.9075293659535,27.8085679909381,0 84.9058356770304,27.8088145126087,0 84.9043833890093,27.8085972416874,0 84.903139522383,27.8084111519015,0 84.9023052945313,27.8082825544503,0 84.9020596036888,27.8082571673325,0 84.9002311854586,27.8086900305637,0 84.898360998144,27.8092470448265,0 84.8984079547631,27.80934244932,0 84.8985210557966,27.8113840346228,0 84.8982051348521,27.8131980177168,0 84.898195148796,27.8132908401777,0 84.8992847223976,27.8140349594665,0 84.8994285161374,27.8140994580138,0</coordinates></LinearRing></outerBoundaryIs></Polygon></MultiGeometry>
  </Placemark>
  <Placemark id="settlement_area_ward.151">
	<name>Galaudi</name>
	<Style><LineStyle><color>ff0000ff</color></LineStyle><PolyStyle><fill>0</fill></PolyStyle></Style>
	<ExtendedData><SchemaData schemaUrl="#settlement_area_ward">
		<SimpleData name="tessellate">1</SimpleData>
		<SimpleData name="extrude">0</SimpleData>
		<SimpleData name="visibility">-1</SimpleData>
		<SimpleData name="district">DHADING</SimpleData>
		<SimpleData name="gapa_napa">Siddhalek</SimpleData>
		<SimpleData name="new_ward_n">7</SimpleData>
	</SchemaData></ExtendedData>
      <MultiGeometry><Polygon><outerBoundaryIs><LinearRing><coordinates>84.8898204858814,27.8091667600003,0 84.8900538877445,27.8082780895097,0 84.8921283861388,27.8077678215894,0 84.8944930665199,27.8072106656974,0 84.8946271211893,27.8071644959214,0 84.8957531860562,27.8069118257911,0 84.8958297360721,27.8069079870115,0 84.896077579212,27.806876033237,0 84.8970164471025,27.8065766711034,0 84.8971087840936,27.8065334806033,0 84.897317713258,27.8062739748165,0 84.8972683958853,27.8061245731385,0 84.8967017081927,27.8055373151667,0 84.8961897163791,27.8053615292875,0 84.8942629042995,27.8049535503902,0 84.8935678953672,27.8050596956145,0 84.8920327960223,27.8054969207826,0 84.8918041824504,27.8056542171837,0 84.8907247022545,27.8068150422176,0 84.8904673268569,27.8069630064323,0 84.890408643893,27.8069853100845,0 84.8900828880122,27.8074714013175,0 84.8890514291552,27.8079826957922,0 84.8890914906692,27.8087190360926,0 84.8891202822845,27.8088220305855,0 84.8898204858814,27.8091667600003,0</coordinates></LinearRing></outerBoundaryIs></Polygon></MultiGeometry>
  </Placemark>
  <Placemark id="settlement_area_ward.152">
	<name>Gajuri bajar</name>
	<Style><LineStyle><color>ff0000ff</color></LineStyle><PolyStyle><fill>0</fill></PolyStyle></Style>
	<ExtendedData><SchemaData schemaUrl="#settlement_area_ward">
		<SimpleData name="tessellate">1</SimpleData>
		<SimpleData name="extrude">0</SimpleData>
		<SimpleData name="visibility">-1</SimpleData>
		<SimpleData name="district">DHADING</SimpleData>
		<SimpleData name="gapa_napa">Siddhalek</SimpleData>
		<SimpleData name="new_ward_n">7</SimpleData>
	</SchemaData></ExtendedData>
      <MultiGeometry><Polygon><outerBoundaryIs><LinearRing><coordinates>84.8722557484199,27.8075433406699,0 84.8806092149454,27.8091243411908,0 84.8846728112595,27.8080825939142,0 84.885062488458,27.8079756512759,0 84.8865139337508,27.8066523785498,0 84.8866819007851,27.8064738930217,0 84.887278981349,27.8046515722974,0 84.887195524492,27.8028869135622,0 84.8845225931615,27.80262755774,0 84.8817298026729,27.8017214964425,0 84.8785728571591,27.8011946951471,0 84.8739640383636,27.8024444022354,0 84.8723702709136,27.8039457866826,0 84.8722557484199,27.8075433406699,0</coordinates></LinearRing></outerBoundaryIs></Polygon></MultiGeometry>
  </Placemark>
  <Placemark id="settlement_area_ward.153">
	<name>Trishuli villa</name>
	<Style><LineStyle><color>ff0000ff</color></LineStyle><PolyStyle><fill>0</fill></PolyStyle></Style>
	<ExtendedData><SchemaData schemaUrl="#settlement_area_ward">
		<SimpleData name="tessellate">1</SimpleData>
		<SimpleData name="extrude">0</SimpleData>
		<SimpleData name="visibility">-1</SimpleData>
		<SimpleData name="district">DHADING</SimpleData>
		<SimpleData name="gapa_napa">Siddhalek</SimpleData>
		<SimpleData name="new_ward_n">3</SimpleData>
	</SchemaData></ExtendedData>
      <MultiGeometry><Polygon><outerBoundaryIs><LinearRing><coordinates>84.7920498099979,27.8159439165755,0 84.7957726653403,27.8152684533734,0 84.7960532354156,27.8146185715488,0 84.7956702017076,27.8141565352972,0 84.7954242989989,27.8141152781389,0 84.793990457633,27.8135398834305,0 84.7938797522816,27.8135454833166,0 84.792938284303,27.8133551495343,0 84.7923129686022,27.8134192492333,0 84.7923158362691,27.8135825858,0 84.791848607226,27.8145951634871,0 84.7917689197725,27.8149089522765,0 84.7916041328102,27.8155578367007,0 84.7920498099979,27.8159439165755,0</coordinates></LinearRing></outerBoundaryIs></Polygon></MultiGeometry>
  </Placemark>
  <Placemark id="settlement_area_ward.154">
	<name>Malckhu adventure resort area</name>
	<Style><LineStyle><color>ff0000ff</color></LineStyle><PolyStyle><fill>0</fill></PolyStyle></Style>
	<ExtendedData><SchemaData schemaUrl="#settlement_area_ward">
		<SimpleData name="tessellate">1</SimpleData>
		<SimpleData name="extrude">0</SimpleData>
		<SimpleData name="visibility">-1</SimpleData>
		<SimpleData name="district">DHADING</SimpleData>
		<SimpleData name="gapa_napa">Siddhalek</SimpleData>
		<SimpleData name="new_ward_n">4</SimpleData>
	</SchemaData></ExtendedData>
      <MultiGeometry><Polygon><outerBoundaryIs><LinearRing><coordinates>84.8176418851283,27.8101336587196,0 84.8184039244367,27.8099564194204,0 84.8186042907437,27.8098164887592,0 84.818816165572,27.8096614453133,0 84.8191575316622,27.8093597448479,0 84.8192724377266,27.8092781019566,0 84.8192967569808,27.8091070294959,0 84.8192992781519,27.8090703784022,0 84.819312918224,27.8089767829648,0 84.8189826871272,27.8087427841352,0 84.8189514854664,27.8087101039116,0 84.8185954604619,27.8086940165151,0 84.8185758681055,27.8087047154281,0 84.8181683642854,27.8088629690077,0 84.8176194976242,27.809255006517,0 84.8175856031487,27.80929919664,0 84.8175762209139,27.809358565345,0 84.8175884649922,27.8097867859796,0 84.817587931024,27.8098738909318,0 84.8176418851283,27.8101336587196,0</coordinates></LinearRing></outerBoundaryIs></Polygon></MultiGeometry>
  </Placemark>
  <Placemark id="settlement_area_ward.155">
	<name>New riverside resort</name>
	<Style><LineStyle><color>ff0000ff</color></LineStyle><PolyStyle><fill>0</fill></PolyStyle></Style>
	<ExtendedData><SchemaData schemaUrl="#settlement_area_ward">
		<SimpleData name="tessellate">1</SimpleData>
		<SimpleData name="extrude">0</SimpleData>
		<SimpleData name="visibility">-1</SimpleData>
		<SimpleData name="district">DHADING</SimpleData>
		<SimpleData name="gapa_napa">Siddhalek</SimpleData>
		<SimpleData name="new_ward_n">4</SimpleData>
	</SchemaData></ExtendedData>
      <MultiGeometry><Polygon><outerBoundaryIs><LinearRing><coordinates>84.8172848316599,27.8154523514392,0 84.8186853990215,27.8154959717052,0 84.8189736367059,27.8154120084436,0 84.819002310309,27.8153990423302,0 84.8193202141361,27.814701014372,0 84.8194859147127,27.8143498005432,0 84.8196469287744,27.8140085196306,0 84.819773291729,27.8136086559116,0 84.8197892063354,27.8135682460677,0 84.8191528913112,27.8129850669982,0 84.8202761654097,27.8125328972649,0 84.8204975917401,27.8124228350746,0 84.8205883855625,27.8123914341655,0 84.8207978308261,27.8122742812882,0 84.8209252807369,27.812118673428,0 84.8210093221662,27.8118902503455,0 84.8208708080454,27.8114463307339,0 84.8208034092656,27.8108852272503,0 84.8208023495106,27.8108005565332,0 84.8206931660064,27.8102034073664,0 84.8200338699646,27.8097372399816,0 84.8199713103143,27.8096925325911,0 84.8190679510564,27.8096835371805,0 84.8185262408162,27.8101194976409,0 84.81779685019,27.8115283124402,0 84.81771776897,27.8116712585266,0 84.8176995761016,27.811713401834,0 84.8172641617862,27.8133461320287,0 84.8170342418061,27.81478501922,0 84.8170289963433,27.8148614181306,0 84.8172848316599,27.8154523514392,0</coordinates></LinearRing></outerBoundaryIs></Polygon></MultiGeometry>
  </Placemark>
  <Placemark id="settlement_area_ward.156">
	<name>Bhante khola</name>
	<Style><LineStyle><color>ff0000ff</color></LineStyle><PolyStyle><fill>0</fill></PolyStyle></Style>
	<ExtendedData><SchemaData schemaUrl="#settlement_area_ward">
		<SimpleData name="tessellate">1</SimpleData>
		<SimpleData name="extrude">0</SimpleData>
		<SimpleData name="visibility">-1</SimpleData>
		<SimpleData name="district">DHADING</SimpleData>
		<SimpleData name="gapa_napa">Siddhalek</SimpleData>
		<SimpleData name="new_ward_n">4</SimpleData>
	</SchemaData></ExtendedData>
      <MultiGeometry><Polygon><outerBoundaryIs><LinearRing><coordinates>84.8079383489923,27.8207758611263,0 84.8096443303656,27.8202403180869,0 84.8118296843567,27.8195095305808,0 84.8128975613539,27.8189212166911,0 84.8134016648924,27.8184407198393,0 84.814035488622,27.8175217176009,0 84.8141456075427,27.8172836054349,0 84.8141015325418,27.8168004610452,0 84.8141157157338,27.8167607211296,0 84.8141908262122,27.8160225427515,0 84.8148540997225,27.8152498164068,0 84.8149174789746,27.8152109644826,0 84.8150694110425,27.8146084908437,0 84.8139953955164,27.8146622602255,0 84.813874016253,27.8147113477218,0 84.8110262380132,27.8160511618594,0 84.8101030454652,27.8170210120656,0 84.809447236147,27.8176005946752,0 84.8093975597213,27.8177043467172,0 84.8093663552995,27.8177364071905,0 84.8093759600738,27.8185051224351,0 84.809390515471,27.8185895649406,0 84.8086642921454,27.8189166790748,0 84.8085864008388,27.8189423137814,0 84.8079383489923,27.8207758611263,0</coordinates></LinearRing></outerBoundaryIs></Polygon></MultiGeometry>
  </Placemark>
  <Placemark id="settlement_area_ward.157">
	<name>Salanghat</name>
	<Style><LineStyle><color>ff0000ff</color></LineStyle><PolyStyle><fill>0</fill></PolyStyle></Style>
	<ExtendedData><SchemaData schemaUrl="#settlement_area_ward">
		<SimpleData name="tessellate">1</SimpleData>
		<SimpleData name="extrude">0</SimpleData>
		<SimpleData name="visibility">-1</SimpleData>
		<SimpleData name="district">DHADING</SimpleData>
		<SimpleData name="gapa_napa">Siddhalek</SimpleData>
		<SimpleData name="new_ward_n">4</SimpleData>
	</SchemaData></ExtendedData>
      <MultiGeometry><Polygon><outerBoundaryIs><LinearRing><coordinates>84.8067052195918,27.8138160355284,0 84.8056584050084,27.8137319851059,0 84.8055614809976,27.8138547457454,0 84.8052542311812,27.8142529618565,0 84.8052154413487,27.814386166047,0 84.8051856223775,27.8149460784009,0 84.8051891027256,27.8149951431259,0 84.805458088001,27.8156306196638,0 84.8054714650243,27.8156601543832,0 84.8059553270091,27.8159663945166,0 84.8070871883721,27.8162834464549,0 84.8074375656385,27.8165619781931,0 84.8078188973109,27.8167790823689,0 84.8076089632363,27.8171812460221,0 84.8081271626733,27.8171283737652,0 84.8084928235903,27.816951870083,0 84.8089549115349,27.816738548421,0 84.8090088122956,27.8167101872292,0 84.809529166934,27.8163480172424,0 84.8095393775435,27.8163062836419,0 84.8098021756104,27.8154413155691,0 84.8101259441907,27.8148525008435,0 84.8101304794285,27.8147954334749,0 84.8101410623892,27.8147313586016,0 84.8105998788769,27.8142014253024,0 84.8096137877362,27.8143045643284,0 84.8095594879463,27.8143274376759,0 84.8094122689621,27.8144090714671,0 84.8089303405123,27.8147502756853,0 84.8087797444702,27.8148564753597,0 84.8087599272477,27.8148787383662,0 84.8086221321161,27.8150575223205,0 84.8085863040101,27.8150737895915,0 84.8082105522789,27.8153419365837,0 84.8085846741999,27.8144711038272,0 84.8086445016101,27.8140824103995,0 84.8084385210228,27.8139377948017,0 84.8082931201124,27.8138876628837,0 84.8081561171835,27.8138437932279,0 84.8080548794747,27.8138932803158,0 84.8078104614385,27.8141374064462,0 84.8077781717626,27.8141913605691,0 84.8076960898313,27.8145158618437,0 84.8076504248785,27.8146137202628,0 84.8075723523599,27.8148117353507,0 84.8075529023089,27.814868906817,0 84.8075397657015,27.8149048579114,0 84.8074727545059,27.8150722670166,0 84.80740052885,27.8151336291295,0 84.8074413487274,27.814307242414,0 84.8073753004974,27.8140748916772,0 84.8073665594805,27.8140302022978,0 84.8073098625377,27.8140202004991,0 84.8067886144408,27.8138369114316,0 84.8067052195918,27.8138160355284,0</coordinates></LinearRing></outerBoundaryIs></Polygon></MultiGeometry>
  </Placemark>
  <Placemark id="settlement_area_ward.158">
	<name>Nibuwatar</name>
	<Style><LineStyle><color>ff0000ff</color></LineStyle><PolyStyle><fill>0</fill></PolyStyle></Style>
	<ExtendedData><SchemaData schemaUrl="#settlement_area_ward">
		<SimpleData name="tessellate">1</SimpleData>
		<SimpleData name="extrude">0</SimpleData>
		<SimpleData name="visibility">-1</SimpleData>
		<SimpleData name="district">DHADING</SimpleData>
		<SimpleData name="gapa_napa">Siddhalek</SimpleData>
		<SimpleData name="new_ward_n">4</SimpleData>
	</SchemaData></ExtendedData>
      <MultiGeometry><Polygon><outerBoundaryIs><LinearRing><coordinates>84.8033633193747,27.8171173913947,0 84.8012060888112,27.8164746937028,0 84.8010977533551,27.8165333628119,0 84.8000862667731,27.8175879183971,0 84.7990931380377,27.8194137533743,0 84.800189777875,27.8196940458162,0 84.8019275612191,27.8199221494815,0 84.8033216505744,27.8199179586459,0 84.8041074176252,27.8195341919415,0 84.8042602400633,27.8184390508736,0 84.8042550537703,27.818402701142,0 84.8033633193747,27.8171173913947,0</coordinates></LinearRing></outerBoundaryIs></Polygon></MultiGeometry>
  </Placemark>
  <Placemark id="settlement_area_ward.159">
	<name>Cyastar salang</name>
	<Style><LineStyle><color>ff0000ff</color></LineStyle><PolyStyle><fill>0</fill></PolyStyle></Style>
	<ExtendedData><SchemaData schemaUrl="#settlement_area_ward">
		<SimpleData name="tessellate">1</SimpleData>
		<SimpleData name="extrude">0</SimpleData>
		<SimpleData name="visibility">-1</SimpleData>
		<SimpleData name="district">DHADING</SimpleData>
		<SimpleData name="gapa_napa">Siddhalek</SimpleData>
		<SimpleData name="new_ward_n">4</SimpleData>
	</SchemaData></ExtendedData>
      <MultiGeometry><Polygon><outerBoundaryIs><LinearRing><coordinates>84.7965616380031,27.8193032847636,0 84.7977379769863,27.8187409222532,0 84.7979290987535,27.8186926876738,0 84.7985056505301,27.817999527892,0 84.7987839354361,27.8178363018179,0 84.7993907681492,27.8172912185429,0 84.7994433420356,27.817053687557,0 84.7993414357721,27.8167022415401,0 84.7992950058853,27.8166163210515,0 84.7986461332069,27.8159553297415,0 84.797186901253,27.815791420071,0 84.7966746628973,27.8158511749044,0 84.7954355437397,27.8157621340645,0 84.7961371651536,27.8169293716629,0 84.7958224991246,27.8184885321217,0 84.7964870426034,27.8192938202087,0 84.7965616380031,27.8193032847636,0</coordinates></LinearRing></outerBoundaryIs></Polygon></MultiGeometry>
  </Placemark>
  <Placemark id="settlement_area_ward.160">
	<name>Trishuli villa</name>
	<Style><LineStyle><color>ff0000ff</color></LineStyle><PolyStyle><fill>0</fill></PolyStyle></Style>
	<ExtendedData><SchemaData schemaUrl="#settlement_area_ward">
		<SimpleData name="tessellate">1</SimpleData>
		<SimpleData name="extrude">0</SimpleData>
		<SimpleData name="visibility">-1</SimpleData>
		<SimpleData name="district">DHADING</SimpleData>
		<SimpleData name="gapa_napa">Siddhalek</SimpleData>
		<SimpleData name="new_ward_n">4</SimpleData>
	</SchemaData></ExtendedData>
      <MultiGeometry><Polygon><outerBoundaryIs><LinearRing><coordinates>84.7920498099979,27.8159439165755,0 84.7957726653403,27.8152684533734,0 84.7960532354156,27.8146185715488,0 84.7956702017076,27.8141565352972,0 84.7954242989989,27.8141152781389,0 84.793990457633,27.8135398834305,0 84.7938797522816,27.8135454833166,0 84.792938284303,27.8133551495343,0 84.7923129686022,27.8134192492333,0 84.7923158362691,27.8135825858,0 84.791848607226,27.8145951634871,0 84.7917689197725,27.8149089522765,0 84.7916041328102,27.8155578367007,0 84.7920498099979,27.8159439165755,0</coordinates></LinearRing></outerBoundaryIs></Polygon></MultiGeometry>
  </Placemark>
  <Placemark id="settlement_area_ward.161">
	<name>Amantaar</name>
	<Style><LineStyle><color>ff0000ff</color></LineStyle><PolyStyle><fill>0</fill></PolyStyle></Style>
	<ExtendedData><SchemaData schemaUrl="#settlement_area_ward">
		<SimpleData name="tessellate">1</SimpleData>
		<SimpleData name="extrude">0</SimpleData>
		<SimpleData name="visibility">-1</SimpleData>
		<SimpleData name="district">DHADING</SimpleData>
		<SimpleData name="gapa_napa">Gajuri</SimpleData>
		<SimpleData name="new_ward_n">5</SimpleData>
	</SchemaData></ExtendedData>
      <MultiGeometry><Polygon><outerBoundaryIs><LinearRing><coordinates>84.9214037807905,27.7992101937031,0 84.9223989126772,27.7998640060581,0 84.9201395419301,27.8005662632298,0 84.9192871119035,27.8008683383991,0 84.9185695155049,27.8011919159916,0 84.9161234796832,27.8021383134383,0 84.9158667367206,27.8023129454481,0 84.9156663421243,27.8024312522212,0 84.915263662645,27.8026689812839,0 84.914003698778,27.8036441498633,0 84.9137590834143,27.8040222946186,0 84.912980114097,27.8051821280476,0 84.9129168877229,27.8052729814184,0 84.9122840029062,27.8060438016288,0 84.9114533947139,27.807361824826,0 84.9113070755376,27.8077420918818,0 84.9121225414384,27.8108929203228,0 84.9153482853693,27.8110717590392,0 84.9177983336644,27.8099008002912,0 84.9179852226405,27.8097582611643,0 84.9230290872786,27.8037846710852,0 84.9232903182636,27.8034598251601,0 84.9234448023935,27.8032551133293,0 84.9251493862548,27.8008887651665,0 84.924454763498,27.7991821218633,0 84.9243086290167,27.7991146447634,0 84.9223397964851,27.7986452629947,0 84.9214037807905,27.7992101937031,0</coordinates></LinearRing></outerBoundaryIs></Polygon></MultiGeometry>
  </Placemark>
  <Placemark id="settlement_area_ward.162">
	<name>pIDA BRIDGE AREA</name>
	<Style><LineStyle><color>ff0000ff</color></LineStyle><PolyStyle><fill>0</fill></PolyStyle></Style>
	<ExtendedData><SchemaData schemaUrl="#settlement_area_ward">
		<SimpleData name="tessellate">1</SimpleData>
		<SimpleData name="extrude">0</SimpleData>
		<SimpleData name="visibility">-1</SimpleData>
		<SimpleData name="district">DHADING</SimpleData>
		<SimpleData name="gapa_napa">Gajuri</SimpleData>
		<SimpleData name="new_ward_n">5</SimpleData>
	</SchemaData></ExtendedData>
      <MultiGeometry><Polygon><outerBoundaryIs><LinearRing><coordinates>84.9187025153791,27.7982789529813,0 84.9174193205602,27.7978296157377,0 84.9169685406623,27.7978932050662,0 84.9168334067726,27.7979946334896,0 84.9167932260229,27.7980503952957,0 84.9164401025693,27.7985051493925,0 84.9159529082446,27.7987279443163,0 84.9158170444073,27.7988128440195,0 84.9154747297322,27.7990889494031,0 84.9154185834785,27.799125543305,0 84.915309677713,27.7993019471263,0 84.9148008373768,27.8003520093782,0 84.9147551571132,27.800463513035,0 84.9152991453252,27.8010778294101,0 84.9161845437725,27.801126247726,0 84.9173183268399,27.8007932515579,0 84.9182339021029,27.799718837113,0 84.9185766223008,27.7987535644496,0 84.9185945362604,27.7986477412266,0 84.9187025153791,27.7982789529813,0</coordinates></LinearRing></outerBoundaryIs></Polygon></MultiGeometry>
  </Placemark>
  <Placemark id="settlement_area_ward.163">
	<name>Ghatbesi</name>
	<Style><LineStyle><color>ff0000ff</color></LineStyle><PolyStyle><fill>0</fill></PolyStyle></Style>
	<ExtendedData><SchemaData schemaUrl="#settlement_area_ward">
		<SimpleData name="tessellate">1</SimpleData>
		<SimpleData name="extrude">0</SimpleData>
		<SimpleData name="visibility">-1</SimpleData>
		<SimpleData name="district">DHADING</SimpleData>
		<SimpleData name="gapa_napa">Gajuri</SimpleData>
		<SimpleData name="new_ward_n">5</SimpleData>
	</SchemaData></ExtendedData>
      <MultiGeometry><Polygon><outerBoundaryIs><LinearRing><coordinates>84.9038018597625,27.8069586843915,0 84.904379097558,27.8071025997598,0 84.905870439615,27.8060558817722,0 84.9065309028611,27.8051990661579,0 84.9066964351118,27.8049940428479,0 84.9082150682778,27.8044774949421,0 84.9084160684908,27.8044674447242,0 84.9099473628935,27.804671799071,0 84.9102782855854,27.804672927419,0 84.9129843844051,27.8042564568945,0 84.9132152983445,27.8041404284806,0 84.9133446759948,27.8036190754822,0 84.9120557119338,27.8029338868103,0 84.9097975376003,27.8026415350535,0 84.9066495407024,27.8024883274292,0 84.9052210949796,27.8025835795232,0 84.9043079859314,27.8032978372822,0 84.9028482312923,27.8044849493668,0 84.9027865756266,27.8046039442503,0 84.902865724744,27.8063031566429,0 84.9028824492966,27.8063504803667,0 84.9035476369441,27.8069840938501,0 84.9038018597625,27.8069586843915,0</coordinates></LinearRing></outerBoundaryIs></Polygon></MultiGeometry>
  </Placemark>
  <Placemark id="settlement_area_ward.164">
	<name>Galaudi</name>
	<Style><LineStyle><color>ff0000ff</color></LineStyle><PolyStyle><fill>0</fill></PolyStyle></Style>
	<ExtendedData><SchemaData schemaUrl="#settlement_area_ward">
		<SimpleData name="tessellate">1</SimpleData>
		<SimpleData name="extrude">0</SimpleData>
		<SimpleData name="visibility">-1</SimpleData>
		<SimpleData name="district">DHADING</SimpleData>
		<SimpleData name="gapa_napa">Gajuri</SimpleData>
		<SimpleData name="new_ward_n">5</SimpleData>
	</SchemaData></ExtendedData>
      <MultiGeometry><Polygon><outerBoundaryIs><LinearRing><coordinates>84.8898204858814,27.8091667600003,0 84.8900538877445,27.8082780895097,0 84.8921283861388,27.8077678215894,0 84.8944930665199,27.8072106656974,0 84.8946271211893,27.8071644959214,0 84.8957531860562,27.8069118257911,0 84.8958297360721,27.8069079870115,0 84.896077579212,27.806876033237,0 84.8970164471025,27.8065766711034,0 84.8971087840936,27.8065334806033,0 84.897317713258,27.8062739748165,0 84.8972683958853,27.8061245731385,0 84.8967017081927,27.8055373151667,0 84.8961897163791,27.8053615292875,0 84.8942629042995,27.8049535503902,0 84.8935678953672,27.8050596956145,0 84.8920327960223,27.8054969207826,0 84.8918041824504,27.8056542171837,0 84.8907247022545,27.8068150422176,0 84.8904673268569,27.8069630064323,0 84.890408643893,27.8069853100845,0 84.8900828880122,27.8074714013175,0 84.8890514291552,27.8079826957922,0 84.8890914906692,27.8087190360926,0 84.8891202822845,27.8088220305855,0 84.8898204858814,27.8091667600003,0</coordinates></LinearRing></outerBoundaryIs></Polygon></MultiGeometry>
  </Placemark>
  <Placemark id="settlement_area_ward.165">
	<name>Adam ghat area</name>
	<Style><LineStyle><color>ff0000ff</color></LineStyle><PolyStyle><fill>0</fill></PolyStyle></Style>
	<ExtendedData><SchemaData schemaUrl="#settlement_area_ward">
		<SimpleData name="tessellate">1</SimpleData>
		<SimpleData name="extrude">0</SimpleData>
		<SimpleData name="visibility">-1</SimpleData>
		<SimpleData name="district">DHADING</SimpleData>
		<SimpleData name="gapa_napa">Gajuri</SimpleData>
		<SimpleData name="new_ward_n">6</SimpleData>
	</SchemaData></ExtendedData>
      <MultiGeometry><Polygon><outerBoundaryIs><LinearRing><coordinates>84.9449623696932,27.8121668378422,0 84.9465020763842,27.8120692173492,0 84.9467256313437,27.8114413776412,0 84.9467987689626,27.8112297030684,0 84.9465843274484,27.810482589354,0 84.9465847908024,27.810391938416,0 84.9462060589304,27.8094563312948,0 84.9461393415225,27.8092704459031,0 84.9460890389271,27.8091704813816,0 84.94568745393,27.8080635323231,0 84.9456276306575,27.807810207543,0 84.9455956042761,27.8077641236165,0 84.9453384790024,27.8066205616805,0 84.9453117853519,27.8064727542107,0 84.9444500195185,27.8055598802422,0 84.9431622935157,27.8049312226822,0 84.943089007755,27.8048941126727,0 84.9419217286139,27.804777099729,0 84.9414039248974,27.8048705640251,0 84.9413012957151,27.8049433842342,0 84.9411813837922,27.8055417040478,0 84.9414715328598,27.8064888886155,0 84.9415115618552,27.8066643778567,0 84.9421198972764,27.8082114859479,0 84.9421723697223,27.8083380628602,0 84.9433301567515,27.8100032155982,0 84.9449623696932,27.8121668378422,0</coordinates></LinearRing></outerBoundaryIs></Polygon></MultiGeometry>
  </Placemark>
  <Placemark id="settlement_area_ward.166">
	<name>Belukhu bazar</name>
	<Style><LineStyle><color>ff0000ff</color></LineStyle><PolyStyle><fill>0</fill></PolyStyle></Style>
	<ExtendedData><SchemaData schemaUrl="#settlement_area_ward">
		<SimpleData name="tessellate">1</SimpleData>
		<SimpleData name="extrude">0</SimpleData>
		<SimpleData name="visibility">-1</SimpleData>
		<SimpleData name="district">DHADING</SimpleData>
		<SimpleData name="gapa_napa">Gajuri</SimpleData>
		<SimpleData name="new_ward_n">6</SimpleData>
	</SchemaData></ExtendedData>
      <MultiGeometry><Polygon><outerBoundaryIs><LinearRing><coordinates>84.9485523487778,27.8145516823762,0 84.9521546787379,27.8156519036502,0 84.9554293537822,27.8159954675255,0 84.9556471162182,27.8154066967921,0 84.9553365800929,27.8142797801476,0 84.9524591626144,27.8128174693371,0 84.9493147574774,27.8123858533511,0 84.948480568907,27.8129101053289,0 84.9484041175332,27.8130471060632,0 84.9485523487778,27.8145516823762,0</coordinates></LinearRing></outerBoundaryIs></Polygon></MultiGeometry>
  </Placemark>
  <Placemark id="settlement_area_ward.167">
	<name>Jarekhet</name>
	<Style><LineStyle><color>ff0000ff</color></LineStyle><PolyStyle><fill>0</fill></PolyStyle></Style>
	<ExtendedData><SchemaData schemaUrl="#settlement_area_ward">
		<SimpleData name="tessellate">1</SimpleData>
		<SimpleData name="extrude">0</SimpleData>
		<SimpleData name="visibility">-1</SimpleData>
		<SimpleData name="district">DHADING</SimpleData>
		<SimpleData name="gapa_napa">Gajuri</SimpleData>
		<SimpleData name="new_ward_n">6</SimpleData>
	</SchemaData></ExtendedData>
      <MultiGeometry><Polygon><outerBoundaryIs><LinearRing><coordinates>84.9370109884161,27.8044855022436,0 84.938952850726,27.8046604919226,0 84.9394588418583,27.803704588049,0 84.938520478406,27.8025566476175,0 84.9375743326269,27.8006250089714,0 84.9375334991878,27.8005458432213,0 84.9358778707446,27.7986584229008,0 84.934018647137,27.7976714843435,0 84.9339589603413,27.7976250770575,0 84.9316965540602,27.7969578960219,0 84.929076939127,27.795998645515,0 84.9290232572938,27.7959780303824,0 84.9270905443382,27.7958889107578,0 84.926879356276,27.7958994752777,0 84.926133337696,27.7964268835357,0 84.9261063985325,27.7964517556529,0 84.9254663628676,27.7976578068532,0 84.9262161833287,27.798335356525,0 84.9291774779415,27.8000575372697,0 84.9316269462181,27.8016630823667,0 84.9354483104274,27.8038172920885,0 84.9370109884161,27.8044855022436,0</coordinates></LinearRing></outerBoundaryIs></Polygon></MultiGeometry>
  </Placemark>
  <Placemark id="settlement_area_ward.168">
	<name>pIDA BRIDGE AREA</name>
	<Style><LineStyle><color>ff0000ff</color></LineStyle><PolyStyle><fill>0</fill></PolyStyle></Style>
	<ExtendedData><SchemaData schemaUrl="#settlement_area_ward">
		<SimpleData name="tessellate">1</SimpleData>
		<SimpleData name="extrude">0</SimpleData>
		<SimpleData name="visibility">-1</SimpleData>
		<SimpleData name="district">DHADING</SimpleData>
		<SimpleData name="gapa_napa">Gajuri</SimpleData>
		<SimpleData name="new_ward_n">6</SimpleData>
	</SchemaData></ExtendedData>
      <MultiGeometry><Polygon><outerBoundaryIs><LinearRing><coordinates>84.9187025153791,27.7982789529813,0 84.9174193205602,27.7978296157377,0 84.9169685406623,27.7978932050662,0 84.9168334067726,27.7979946334896,0 84.9167932260229,27.7980503952957,0 84.9164401025693,27.7985051493925,0 84.9159529082446,27.7987279443163,0 84.9158170444073,27.7988128440195,0 84.9154747297322,27.7990889494031,0 84.9154185834785,27.799125543305,0 84.915309677713,27.7993019471263,0 84.9148008373768,27.8003520093782,0 84.9147551571132,27.800463513035,0 84.9152991453252,27.8010778294101,0 84.9161845437725,27.801126247726,0 84.9173183268399,27.8007932515579,0 84.9182339021029,27.799718837113,0 84.9185766223008,27.7987535644496,0 84.9185945362604,27.7986477412266,0 84.9187025153791,27.7982789529813,0</coordinates></LinearRing></outerBoundaryIs></Polygon></MultiGeometry>
  </Placemark>
  <Placemark id="settlement_area_ward.169">
	<name>Opposite of hugdi bazar</name>
	<Style><LineStyle><color>ff0000ff</color></LineStyle><PolyStyle><fill>0</fill></PolyStyle></Style>
	<ExtendedData><SchemaData schemaUrl="#settlement_area_ward">
		<SimpleData name="tessellate">1</SimpleData>
		<SimpleData name="extrude">0</SimpleData>
		<SimpleData name="visibility">-1</SimpleData>
		<SimpleData name="district">GORKHA</SimpleData>
		<SimpleData name="gapa_napa">Gandaki</SimpleData>
		<SimpleData name="new_ward_n">6</SimpleData>
	</SchemaData></ExtendedData>
      <MultiGeometry><Polygon><outerBoundaryIs><LinearRing><coordinates>84.6873698464799,27.8115745496296,0 84.6891973607371,27.8142880518325,0 84.6918122220475,27.8140867809326,0 84.6931086502961,27.811862803788,0 84.6931105356461,27.8117663617509,0 84.6931310267179,27.8116854306287,0 84.6931919886249,27.8114446583835,0 84.6933715829946,27.8106491410601,0 84.6933618665371,27.8105892995502,0 84.6933207106554,27.8105312009914,0 84.6932435287995,27.8104451781257,0 84.6913594827067,27.809820274112,0 84.6913117411617,27.8098082664576,0 84.6889696651441,27.8098660690222,0 84.6873698464799,27.8115745496296,0</coordinates></LinearRing></outerBoundaryIs></Polygon></MultiGeometry>
  </Placemark>
  <Placemark id="settlement_area_ward.170">
	<name>Adventure aves rafting and kayaking area</name>
	<Style><LineStyle><color>ff0000ff</color></LineStyle><PolyStyle><fill>0</fill></PolyStyle></Style>
	<ExtendedData><SchemaData schemaUrl="#settlement_area_ward">
		<SimpleData name="tessellate">1</SimpleData>
		<SimpleData name="extrude">0</SimpleData>
		<SimpleData name="visibility">-1</SimpleData>
		<SimpleData name="district">GORKHA</SimpleData>
		<SimpleData name="gapa_napa">Gandaki</SimpleData>
		<SimpleData name="new_ward_n">6</SimpleData>
	</SchemaData></ExtendedData>
      <MultiGeometry><Polygon><outerBoundaryIs><LinearRing><coordinates>84.6677912490724,27.8217934594856,0 84.6682705981914,27.8216385476182,0 84.6683622094355,27.8215936462614,0 84.668389545559,27.8215924597927,0 84.6686693952728,27.8211893040425,0 84.6688021756863,27.8210758218288,0 84.6688898324006,27.8209943649372,0 84.6689155397184,27.8209450036514,0 84.6690317977154,27.8202780324871,0 84.6690470825817,27.8202054020914,0 84.6690537540892,27.8201336519247,0 84.6690528270678,27.8200981496214,0 84.6692973788565,27.8189971380599,0 84.6692935483975,27.8189025753149,0 84.6692903853735,27.8188244895244,0 84.6692866240883,27.8187316343563,0 84.6692926543453,27.8186852123263,0 84.6689000220748,27.8184222257453,0 84.6688689004325,27.8184235531088,0 84.6684720360931,27.818447931235,0 84.6684097544122,27.8184505876719,0 84.6683396853287,27.8184535762505,0 84.6683084537896,27.8184623664135,0 84.6682770948286,27.8184786383746,0 84.6682690896559,27.818493938474,0 84.667983576196,27.8186646709778,0 84.6679265199616,27.8187282270233,0 84.6678941568971,27.8187526329405,0 84.6678611647955,27.8187925415851,0 84.6678606153576,27.8188080091737,0 84.6675566162662,27.8195100873267,0 84.6675537034996,27.8195685338056,0 84.6675524498143,27.8195936896964,0 84.6675312048152,27.8201903136715,0 84.6677912490724,27.8217934594856,0</coordinates></LinearRing></outerBoundaryIs></Polygon></MultiGeometry>
  </Placemark>
  <Placemark id="settlement_area_ward.171">
	<name>Bhumlichowk area</name>
	<Style><LineStyle><color>ff0000ff</color></LineStyle><PolyStyle><fill>0</fill></PolyStyle></Style>
	<ExtendedData><SchemaData schemaUrl="#settlement_area_ward">
		<SimpleData name="tessellate">1</SimpleData>
		<SimpleData name="extrude">0</SimpleData>
		<SimpleData name="visibility">-1</SimpleData>
		<SimpleData name="district">GORKHA</SimpleData>
		<SimpleData name="gapa_napa">Gandaki</SimpleData>
		<SimpleData name="new_ward_n">6</SimpleData>
	</SchemaData></ExtendedData>
      <MultiGeometry><Polygon><outerBoundaryIs><LinearRing><coordinates>84.6633186571061,27.8386886275773,0 84.6621766623327,27.838798485124,0 84.6621491867515,27.8388119665305,0 84.6616636747066,27.8392696402199,0 84.6616213573391,27.8393221427513,0 84.6615218922311,27.8394666204901,0 84.6614788176166,27.8395454590165,0 84.6608723696264,27.8400542094767,0 84.6605429259616,27.8408266932369,0 84.6605114924864,27.8408835241384,0 84.6604755033017,27.8410526122784,0 84.660149292999,27.8420329391332,0 84.6601175556123,27.8420639775736,0 84.6600471250015,27.8422611293723,0 84.659803770185,27.8436436689465,0 84.6597507889785,27.8437433493382,0 84.6597106226789,27.8438921431175,0 84.6596164651959,27.8444117847922,0 84.659611478278,27.8444964954496,0 84.6596116742178,27.8447694255354,0 84.6596451591324,27.8453258059225,0 84.6596411270162,27.8453968555045,0 84.6596350510744,27.8455039184202,0 84.659586259464,27.8460673235078,0 84.6600533933539,27.8465304406318,0 84.6608575778073,27.8464016842968,0 84.6608920651013,27.8463814691237,0 84.6609953309819,27.846320938385,0 84.6610640123226,27.846280679925,0 84.6616768322917,27.8458121685696,0 84.6616938283755,27.8457568798932,0 84.6623104806322,27.8440944450651,0 84.6628830076691,27.8427503008158,0 84.6628825663629,27.8427347991356,0 84.663348047924,27.8416458221271,0 84.6633461869363,27.8416021169237,0 84.6637401558639,27.8403070062992,0 84.6634227722693,27.8388444230428,0 84.6633933402428,27.8388085589565,0 84.6633628230362,27.8387481870796,0 84.6633186571061,27.8386886275773,0</coordinates></LinearRing></outerBoundaryIs></Polygon></MultiGeometry>
  </Placemark>
  <Placemark id="settlement_area_ward.172">
	<name>Bhumichowk jeep station area</name>
	<Style><LineStyle><color>ff0000ff</color></LineStyle><PolyStyle><fill>0</fill></PolyStyle></Style>
	<ExtendedData><SchemaData schemaUrl="#settlement_area_ward">
		<SimpleData name="tessellate">1</SimpleData>
		<SimpleData name="extrude">0</SimpleData>
		<SimpleData name="visibility">-1</SimpleData>
		<SimpleData name="district">GORKHA</SimpleData>
		<SimpleData name="gapa_napa">Gandaki</SimpleData>
		<SimpleData name="new_ward_n">6</SimpleData>
	</SchemaData></ExtendedData>
      <MultiGeometry><Polygon><outerBoundaryIs><LinearRing><coordinates>84.6626018541533,27.8454621121295,0 84.6640529007506,27.8451417231465,0 84.6640696590325,27.8451147236196,0 84.6638607953748,27.8445956286592,0 84.6639336686049,27.844542847981,0 84.6639736458824,27.8445328772761,0 84.6639895702058,27.8445321915269,0 84.6640843966428,27.8445859963763,0 84.6655696511772,27.8451819196508,0 84.665810952135,27.8453142129991,0 84.6658808091021,27.8453562046991,0 84.6659078693768,27.8453821375722,0 84.6659266563351,27.8454085001717,0 84.6659574586278,27.8454799892909,0 84.665979340138,27.8455431868806,0 84.6659921880728,27.8455979308504,0 84.6662525958001,27.8461368640681,0 84.6662812188257,27.8461648757699,0 84.6663628704112,27.8462004574686,0 84.6663994672521,27.8462184857879,0 84.6664255094719,27.8462173525544,0 84.6671835102151,27.8457609795805,0 84.6672280002553,27.8457119978338,0 84.6672482009717,27.8456736332925,0 84.6675356887945,27.8450703756208,0 84.6676090226392,27.8449617866017,0 84.6676374550485,27.8449343752482,0 84.6676576489346,27.8449073880516,0 84.6676547681494,27.8448901402651,0 84.6674557148524,27.8438851760453,0 84.6674214088018,27.8436777214314,0 84.6674138871896,27.84363223671,0 84.6671009993706,27.842998479612,0 84.6670597201975,27.8429224668141,0 84.6670376323386,27.8428742620981,0 84.6670250635278,27.8428398562969,0 84.6662597635209,27.8425639637524,0 84.6662381883382,27.8425648825397,0 84.6655617123762,27.8424865026308,0 84.6654456043322,27.8424648488857,0 84.6654241836306,27.8424657603259,0 84.6648103995783,27.8422495979828,0 84.6646028798371,27.8425007055825,0 84.664602984248,27.8425073437447,0 84.6641987855609,27.8430869546171,0 84.6641913560892,27.8430943529986,0 84.6637511472378,27.8435039724297,0 84.6636650303063,27.8435968093603,0 84.6636175756503,27.8436512445083,0 84.6635935996988,27.8436823490769,0 84.6630562440426,27.8444739115652,0 84.6626018541533,27.8454621121295,0</coordinates></LinearRing></outerBoundaryIs></Polygon></MultiGeometry>
  </Placemark>
  <Placemark id="settlement_area_ward.173">
	<name>Opposite of hugdi bazar</name>
	<Style><LineStyle><color>ff0000ff</color></LineStyle><PolyStyle><fill>0</fill></PolyStyle></Style>
	<ExtendedData><SchemaData schemaUrl="#settlement_area_ward">
		<SimpleData name="tessellate">1</SimpleData>
		<SimpleData name="extrude">0</SimpleData>
		<SimpleData name="visibility">-1</SimpleData>
		<SimpleData name="district">GORKHA</SimpleData>
		<SimpleData name="gapa_napa">Gandaki</SimpleData>
		<SimpleData name="new_ward_n">7</SimpleData>
	</SchemaData></ExtendedData>
      <MultiGeometry><Polygon><outerBoundaryIs><LinearRing><coordinates>84.6873698464799,27.8115745496296,0 84.6891973607371,27.8142880518325,0 84.6918122220475,27.8140867809326,0 84.6931086502961,27.811862803788,0 84.6931105356461,27.8117663617509,0 84.6931310267179,27.8116854306287,0 84.6931919886249,27.8114446583835,0 84.6933715829946,27.8106491410601,0 84.6933618665371,27.8105892995502,0 84.6933207106554,27.8105312009914,0 84.6932435287995,27.8104451781257,0 84.6913594827067,27.809820274112,0 84.6913117411617,27.8098082664576,0 84.6889696651441,27.8098660690222,0 84.6873698464799,27.8115745496296,0</coordinates></LinearRing></outerBoundaryIs></Polygon></MultiGeometry>
  </Placemark>
  <Placemark id="settlement_area_ward.174">
	<name>Baluwatar</name>
	<Style><LineStyle><color>ff0000ff</color></LineStyle><PolyStyle><fill>0</fill></PolyStyle></Style>
	<ExtendedData><SchemaData schemaUrl="#settlement_area_ward">
		<SimpleData name="tessellate">1</SimpleData>
		<SimpleData name="extrude">0</SimpleData>
		<SimpleData name="visibility">-1</SimpleData>
		<SimpleData name="district">GORKHA</SimpleData>
		<SimpleData name="gapa_napa">Gandaki</SimpleData>
		<SimpleData name="new_ward_n">7</SimpleData>
	</SchemaData></ExtendedData>
      <MultiGeometry><Polygon><outerBoundaryIs><LinearRing><coordinates>84.7313774826,27.8063723686213,0 84.7369893732173,27.8051309433955,0 84.7375674432309,27.8045714051414,0 84.7376193141388,27.8044940111641,0 84.7376494842018,27.8044427731055,0 84.7375953456485,27.803990684797,0 84.7374353362978,27.8025951869049,0 84.7366105076309,27.801468231248,0 84.7365601436702,27.8013842713998,0 84.736504768504,27.8012686981302,0 84.7354314660429,27.8005326101256,0 84.7342875083793,27.8009152688197,0 84.7333073011978,27.8013807880961,0 84.7315163905983,27.8015341706834,0 84.7314537567179,27.8015773283837,0 84.7314363181345,27.8016022633739,0 84.7301301742672,27.8023060775823,0 84.7300607494611,27.8033689521646,0 84.730060396351,27.8034670175213,0 84.7300602674372,27.8035028170276,0 84.7306863418111,27.8052024093312,0 84.7313774826,27.8063723686213,0</coordinates></LinearRing></outerBoundaryIs></Polygon></MultiGeometry>
  </Placemark>
  <Placemark id="settlement_area_ward.175">
	<name>Jogimara</name>
	<Style><LineStyle><color>ff0000ff</color></LineStyle><PolyStyle><fill>0</fill></PolyStyle></Style>
	<ExtendedData><SchemaData schemaUrl="#settlement_area_ward">
		<SimpleData name="tessellate">1</SimpleData>
		<SimpleData name="extrude">0</SimpleData>
		<SimpleData name="visibility">-1</SimpleData>
		<SimpleData name="district">GORKHA</SimpleData>
		<SimpleData name="gapa_napa">Gandaki</SimpleData>
		<SimpleData name="new_ward_n">7</SimpleData>
	</SchemaData></ExtendedData>
      <MultiGeometry><Polygon><outerBoundaryIs><LinearRing><coordinates>84.7276775171869,27.7964715765222,0 84.7263198765379,27.7964127965111,0 84.7262533773113,27.7964551112136,0 84.7262147377509,27.7964765835152,0 84.7260909321205,27.7965023688161,0 84.7260183159121,27.7965158114742,0 84.7244624485611,27.7969113091726,0 84.7232313790853,27.7973394969859,0 84.7231362513284,27.7973856042276,0 84.721698554547,27.7982131469336,0 84.7215538959149,27.7983081852932,0 84.7215096785571,27.7983655353302,0 84.7213641930626,27.7985060595801,0 84.7211947241693,27.7986941821777,0 84.720317204071,27.7995281019499,0 84.7202673231469,27.7996384507482,0 84.7202295851629,27.799724780107,0 84.7201790440012,27.7998365998391,0 84.7199666633716,27.8008166528702,0 84.7200299980638,27.8011287780809,0 84.7208972728444,27.8013120329835,0 84.7210347115124,27.8013050426267,0 84.7227728747871,27.8010292185364,0 84.7228093420571,27.801014064645,0 84.7228821807562,27.8009837968878,0 84.7247271438142,27.8004712527689,0 84.7259180675848,27.8002950814671,0 84.7268509188637,27.7997317206642,0 84.7275703886639,27.7991728025512,0 84.7281196853467,27.7976722540909,0 84.7281199614084,27.7975437944701,0 84.7281117175134,27.7975122856747,0 84.728109082541,27.7974593758545,0 84.7281147622643,27.797395708548,0 84.7281065690027,27.797364541415,0 84.7280956740607,27.7973230970346,0 84.7276775171869,27.7964715765222,0</coordinates></LinearRing></outerBoundaryIs></Polygon></MultiGeometry>
  </Placemark>
  <Placemark id="settlement_area_ward.176">
	<name>Jyamire ghat</name>
	<Style><LineStyle><color>ff0000ff</color></LineStyle><PolyStyle><fill>0</fill></PolyStyle></Style>
	<ExtendedData><SchemaData schemaUrl="#settlement_area_ward">
		<SimpleData name="tessellate">1</SimpleData>
		<SimpleData name="extrude">0</SimpleData>
		<SimpleData name="visibility">-1</SimpleData>
		<SimpleData name="district">GORKHA</SimpleData>
		<SimpleData name="gapa_napa">Gandaki</SimpleData>
		<SimpleData name="new_ward_n">7</SimpleData>
	</SchemaData></ExtendedData>
      <MultiGeometry><Polygon><outerBoundaryIs><LinearRing><coordinates>84.7158789354279,27.8021654106354,0 84.7148528759815,27.8018013769518,0 84.7148126171482,27.8018033947192,0 84.7145324126613,27.8019241666448,0 84.714520766338,27.8019486269468,0 84.714503243456,27.8019854293562,0 84.7144480681921,27.8020664853136,0 84.71433337818,27.802391735543,0 84.7143155252226,27.8024364330782,0 84.7143041224201,27.8024747019779,0 84.7142626111328,27.8028160149563,0 84.7142666319904,27.8028811030922,0 84.7143065739757,27.8030641391338,0 84.7143364079603,27.8030826608926,0 84.7143515639125,27.8030952684526,0 84.7143743343311,27.8031142102128,0 84.7143971486554,27.803133188439,0 84.7145895092172,27.8032995759754,0 84.7152018997614,27.8031870807696,0 84.715232794709,27.8031382018981,0 84.7152721745833,27.8031025476122,0 84.7152865019583,27.8031018258335,0 84.7153151566337,27.8031003822784,0 84.7153581379709,27.8030982169761,0 84.7156113724481,27.8027676953547,0 84.7156291904457,27.802740755995,0 84.7156478024217,27.802720330869,0 84.7156531575314,27.802707089599,0 84.7156778956148,27.8026799509182,0 84.7157070193195,27.8026333287284,0 84.7159442205561,27.8021867612754,0 84.7159227419397,27.8021816769052,0 84.7158789354279,27.8021654106354,0</coordinates></LinearRing></outerBoundaryIs></Polygon></MultiGeometry>
  </Placemark>
  <Placemark id="settlement_area_ward.177">
	<name>Janakalyan Village centar</name>
	<Style><LineStyle><color>ff0000ff</color></LineStyle><PolyStyle><fill>0</fill></PolyStyle></Style>
	<ExtendedData><SchemaData schemaUrl="#settlement_area_ward">
		<SimpleData name="tessellate">1</SimpleData>
		<SimpleData name="extrude">0</SimpleData>
		<SimpleData name="visibility">-1</SimpleData>
		<SimpleData name="district">GORKHA</SimpleData>
		<SimpleData name="gapa_napa">Gandaki</SimpleData>
		<SimpleData name="new_ward_n">7</SimpleData>
	</SchemaData></ExtendedData>
      <MultiGeometry><Polygon><outerBoundaryIs><LinearRing><coordinates>84.7101545895123,27.808550529346,0 84.712874279271,27.8079823571799,0 84.7129413949424,27.8079133456461,0 84.7132181769403,27.8071581271068,0 84.7134242985264,27.8060799303527,0 84.7134884969194,27.8058811667283,0 84.7136642237299,27.8053690779189,0 84.7136375101138,27.8051231393042,0 84.7135910251173,27.8049239509168,0 84.7139896059313,27.8040199018402,0 84.7138547786514,27.8034173402654,0 84.7135115250338,27.8027909231774,0 84.7131089009031,27.8019504099772,0 84.7130716579154,27.8018534058727,0 84.7130432626103,27.8017932838768,0 84.7115380830123,27.8011565741277,0 84.710059884071,27.8015669667645,0 84.7100391225196,27.8015680041163,0 84.7099640224049,27.8016157101926,0 84.7102321579611,27.8024350044979,0 84.7102621723073,27.8024800996137,0 84.710274310205,27.8025449692253,0 84.7102865003248,27.8026101177434,0 84.710705951505,27.8030283545741,0 84.7108851538989,27.8030970471452,0 84.7110393037404,27.8031478291263,0 84.7110891922561,27.8031746656126,0 84.711163171829,27.8032101583498,0 84.7112305093472,27.8032657707466,0 84.7115292663314,27.8043414156164,0 84.7115360269291,27.8043727495163,0 84.711545061634,27.8044146233369,0 84.7101193428259,27.8067901913367,0 84.7100754520972,27.8069021389915,0 84.7100463116865,27.806952603765,0 84.7100378505544,27.8069775787809,0 84.7101545895123,27.808550529346,0</coordinates></LinearRing></outerBoundaryIs></Polygon></MultiGeometry>
  </Placemark>
  <Placemark id="settlement_area_ward.178">
	<name>Siurenitar</name>
	<Style><LineStyle><color>ff0000ff</color></LineStyle><PolyStyle><fill>0</fill></PolyStyle></Style>
	<ExtendedData><SchemaData schemaUrl="#settlement_area_ward">
		<SimpleData name="tessellate">1</SimpleData>
		<SimpleData name="extrude">0</SimpleData>
		<SimpleData name="visibility">-1</SimpleData>
		<SimpleData name="district">GORKHA</SimpleData>
		<SimpleData name="gapa_napa">Gandaki</SimpleData>
		<SimpleData name="new_ward_n">8</SimpleData>
	</SchemaData></ExtendedData>
      <MultiGeometry><Polygon><outerBoundaryIs><LinearRing><coordinates>84.7714307529454,27.8137683603133,0 84.7735324300132,27.8122322595413,0 84.77385374229,27.8121922681136,0 84.7745155224181,27.8125409371541,0 84.7751194158853,27.8136101272123,0 84.7752381561681,27.8137286456013,0 84.7771372485373,27.8151647461983,0 84.7782922251105,27.8156330239142,0 84.7790682607281,27.8146770530053,0 84.7791393615746,27.8133569146627,0 84.7775007049954,27.8122991664219,0 84.7774967637701,27.8121330783107,0 84.7770106718561,27.8112491618408,0 84.7765445857091,27.8105540815514,0 84.7758030504892,27.8100157084988,0 84.774589695957,27.8096617180473,0 84.7732119531681,27.8095005005826,0 84.7727196454124,27.8103399684167,0 84.7713954344418,27.8114877401325,0 84.7710741546895,27.8128977324973,0 84.7714307529454,27.8137683603133,0</coordinates></LinearRing></outerBoundaryIs></Polygon></MultiGeometry>
  </Placemark>
  <Placemark id="settlement_area_ward.179">
	<name>Surintaar</name>
	<Style><LineStyle><color>ff0000ff</color></LineStyle><PolyStyle><fill>0</fill></PolyStyle></Style>
	<ExtendedData><SchemaData schemaUrl="#settlement_area_ward">
		<SimpleData name="tessellate">1</SimpleData>
		<SimpleData name="extrude">0</SimpleData>
		<SimpleData name="visibility">-1</SimpleData>
		<SimpleData name="district">GORKHA</SimpleData>
		<SimpleData name="gapa_napa">Gandaki</SimpleData>
		<SimpleData name="new_ward_n">8</SimpleData>
	</SchemaData></ExtendedData>
      <MultiGeometry><Polygon><outerBoundaryIs><LinearRing><coordinates>84.7723143850139,27.8199612574805,0 84.7735601592178,27.8205626170006,0 84.7741689755849,27.820437222803,0 84.7742749274695,27.8203848410391,0 84.7750567685057,27.8196558920926,0 84.7757513618689,27.8189307029104,0 84.7759164119735,27.818665798914,0 84.7761292771691,27.8178961570191,0 84.7761536734381,27.8176942439886,0 84.776210097486,27.8168134422583,0 84.7762174110604,27.8166881845513,0 84.7764885613568,27.8162939028686,0 84.7765606670143,27.8161335563898,0 84.7764878409894,27.8156538115667,0 84.7762085677841,27.8151890303119,0 84.7760214813403,27.8146812011036,0 84.775692286327,27.8143352592142,0 84.7756534677748,27.8142951867489,0 84.7751764768969,27.8139364757259,0 84.7751269585812,27.8138880701428,0 84.775104556481,27.8142913610342,0 84.7749244595124,27.8151866310697,0 84.7742137947682,27.8155612806747,0 84.7741689056702,27.8155864243457,0 84.7736114092271,27.8168323820463,0 84.7730282313383,27.8181479207829,0 84.7723143850139,27.8199612574805,0</coordinates></LinearRing></outerBoundaryIs></Polygon></MultiGeometry>
  </Placemark>
  <Placemark id="settlement_area_ward.180">
	<name>Lahure Chouk</name>
	<Style><LineStyle><color>ff0000ff</color></LineStyle><PolyStyle><fill>0</fill></PolyStyle></Style>
	<ExtendedData><SchemaData schemaUrl="#settlement_area_ward">
		<SimpleData name="tessellate">1</SimpleData>
		<SimpleData name="extrude">0</SimpleData>
		<SimpleData name="visibility">-1</SimpleData>
		<SimpleData name="district">GORKHA</SimpleData>
		<SimpleData name="gapa_napa">Gandaki</SimpleData>
		<SimpleData name="new_ward_n">8</SimpleData>
	</SchemaData></ExtendedData>
      <MultiGeometry><Polygon><outerBoundaryIs><LinearRing><coordinates>84.7496304389664,27.8067886902917,0 84.7521189713784,27.8097728663118,0 84.7526314615534,27.8100722344728,0 84.7529358216966,27.8097754137042,0 84.7529640695052,27.8093481380164,0 84.7525963803529,27.8083709547717,0 84.7522682075434,27.8076369993864,0 84.7522298709168,27.8075202090004,0 84.7519257960249,27.8068411402641,0 84.7517563009898,27.8064246545511,0 84.7508962571524,27.805927591058,0 84.7503965888394,27.8056254790356,0 84.749959297789,27.8056325898961,0 84.7497656277597,27.8059538180851,0 84.7496304389664,27.8067886902917,0</coordinates></LinearRing></outerBoundaryIs></Polygon></MultiGeometry>
  </Placemark>
  <Placemark id="settlement_area_ward.181">
	<name>Baluwatar</name>
	<Style><LineStyle><color>ff0000ff</color></LineStyle><PolyStyle><fill>0</fill></PolyStyle></Style>
	<ExtendedData><SchemaData schemaUrl="#settlement_area_ward">
		<SimpleData name="tessellate">1</SimpleData>
		<SimpleData name="extrude">0</SimpleData>
		<SimpleData name="visibility">-1</SimpleData>
		<SimpleData name="district">GORKHA</SimpleData>
		<SimpleData name="gapa_napa">Gandaki</SimpleData>
		<SimpleData name="new_ward_n">8</SimpleData>
	</SchemaData></ExtendedData>
      <MultiGeometry><Polygon><outerBoundaryIs><LinearRing><coordinates>84.7313774826,27.8063723686213,0 84.7369893732173,27.8051309433955,0 84.7375674432309,27.8045714051414,0 84.7376193141388,27.8044940111641,0 84.7376494842018,27.8044427731055,0 84.7375953456485,27.803990684797,0 84.7374353362978,27.8025951869049,0 84.7366105076309,27.801468231248,0 84.7365601436702,27.8013842713998,0 84.736504768504,27.8012686981302,0 84.7354314660429,27.8005326101256,0 84.7342875083793,27.8009152688197,0 84.7333073011978,27.8013807880961,0 84.7315163905983,27.8015341706834,0 84.7314537567179,27.8015773283837,0 84.7314363181345,27.8016022633739,0 84.7301301742672,27.8023060775823,0 84.7300607494611,27.8033689521646,0 84.730060396351,27.8034670175213,0 84.7300602674372,27.8035028170276,0 84.7306863418111,27.8052024093312,0 84.7313774826,27.8063723686213,0</coordinates></LinearRing></outerBoundaryIs></Polygon></MultiGeometry>
  </Placemark>
  <Placemark id="settlement_area_ward.182">
	<name>Gorkha  beach resort area</name>
	<Style><LineStyle><color>ff0000ff</color></LineStyle><PolyStyle><fill>0</fill></PolyStyle></Style>
	<ExtendedData><SchemaData schemaUrl="#settlement_area_ward">
		<SimpleData name="tessellate">1</SimpleData>
		<SimpleData name="extrude">0</SimpleData>
		<SimpleData name="visibility">-1</SimpleData>
		<SimpleData name="district">GORKHA</SimpleData>
		<SimpleData name="gapa_napa">Gandaki</SimpleData>
		<SimpleData name="new_ward_n">1</SimpleData>
	</SchemaData></ExtendedData>
      <MultiGeometry><Polygon><outerBoundaryIs><LinearRing><coordinates>84.6374200910121,27.8645157116571,0 84.6408690501879,27.8634530201438,0 84.6427871544541,27.863065611431,0 84.6432423352836,27.8629983509245,0 84.643653195375,27.8629331531949,0 84.6439826581853,27.8629188703772,0 84.6442691206466,27.8629064519725,0 84.644512593943,27.8628958973834,0 84.6445842001795,27.8628927932811,0 84.6458857691223,27.8625859871832,0 84.6459824334547,27.8625662758576,0 84.6460477921156,27.8625324392735,0 84.6460988527019,27.8624992797783,0 84.6462721310954,27.8620644730488,0 84.6463710107472,27.8618506400274,0 84.6464061196033,27.8617453445226,0 84.6464677580909,27.8615663056336,0 84.6464835700549,27.8615072553578,0 84.6465022607722,27.8614628110876,0 84.6463674004808,27.861137944479,0 84.6455217639051,27.8608503708783,0 84.6454789451464,27.8608382754395,0 84.6441682293395,27.8607559502722,0 84.6430166479392,27.8606816425034,0 84.6429632225192,27.8606839398779,0 84.6416527168608,27.8604684781305,0 84.6415732398266,27.8604718924748,0 84.6403381101012,27.8602710083076,0 84.638455457337,27.860404946256,0 84.6383750336428,27.8604350341789,0 84.6383340602122,27.8604634748483,0 84.6371842561485,27.8611257122582,0 84.6367399485886,27.862371378566,0 84.6367369838741,27.8624015158517,0 84.6367985368452,27.8640057361248,0 84.6368263975657,27.8640210574925,0 84.6369057045584,27.8641171402104,0 84.6373156947098,27.864520261477,0 84.6374200910121,27.8645157116571,0</coordinates></LinearRing></outerBoundaryIs></Polygon></MultiGeometry>
  </Placemark>
  <Placemark id="settlement_area_ward.183">
	<name>Gurung valley resort area</name>
	<Style><LineStyle><color>ff0000ff</color></LineStyle><PolyStyle><fill>0</fill></PolyStyle></Style>
	<ExtendedData><SchemaData schemaUrl="#settlement_area_ward">
		<SimpleData name="tessellate">1</SimpleData>
		<SimpleData name="extrude">0</SimpleData>
		<SimpleData name="visibility">-1</SimpleData>
		<SimpleData name="district">GORKHA</SimpleData>
		<SimpleData name="gapa_napa">Gandaki</SimpleData>
		<SimpleData name="new_ward_n">1</SimpleData>
	</SchemaData></ExtendedData>
      <MultiGeometry><Polygon><outerBoundaryIs><LinearRing><coordinates>84.6485287499406,27.8622941838992,0 84.6500853074843,27.8629866934202,0 84.6509464061787,27.8623360458105,0 84.6510222404684,27.8622414151677,0 84.6510697518954,27.8622029385391,0 84.6517545548958,27.8609042829104,0 84.6519039932065,27.8606602694421,0 84.6520426009885,27.8604696505727,0 84.6521190659806,27.8603165725723,0 84.6521861569501,27.8602144722723,0 84.6521974918556,27.8601810246494,0 84.6518434423573,27.8595804158786,0 84.6517532150115,27.8594096766634,0 84.6517004112061,27.8592702712658,0 84.6516684957475,27.859162185352,0 84.6514665062288,27.8589846548094,0 84.6513044327504,27.8588531606734,0 84.6511455710259,27.8587377627062,0 84.6510132913764,27.8586977949255,0 84.650950177914,27.8587004867725,0 84.6506812608256,27.8585757910651,0 84.6506655392249,27.8585764613449,0 84.6503254834916,27.8592195446842,0 84.6502859526,27.8592993588596,0 84.6502445781842,27.8593638619589,0 84.6502191430666,27.8594278943984,0 84.6497147001537,27.860270906104,0 84.6495165693518,27.8604612864283,0 84.6494381631917,27.8605145527137,0 84.6493595530535,27.8605679574361,0 84.6493291209803,27.8606026909582,0 84.6485287499406,27.8622941838992,0</coordinates></LinearRing></outerBoundaryIs></Polygon></MultiGeometry>
  </Placemark>
  <Placemark id="settlement_area_ward.184">
	<name>Opposite of kuringhat park area</name>
	<Style><LineStyle><color>ff0000ff</color></LineStyle><PolyStyle><fill>0</fill></PolyStyle></Style>
	<ExtendedData><SchemaData schemaUrl="#settlement_area_ward">
		<SimpleData name="tessellate">1</SimpleData>
		<SimpleData name="extrude">0</SimpleData>
		<SimpleData name="visibility">-1</SimpleData>
		<SimpleData name="district">GORKHA</SimpleData>
		<SimpleData name="gapa_napa">Gandaki</SimpleData>
		<SimpleData name="new_ward_n">1</SimpleData>
	</SchemaData></ExtendedData>
      <MultiGeometry><Polygon><outerBoundaryIs><LinearRing><coordinates>84.6326074617035,27.8775837029551,0 84.6335338197241,27.8780156801994,0 84.6349343709924,27.8776752608376,0 84.6348783803614,27.876503684542,0 84.63487556905,27.8761756799212,0 84.6348642979129,27.8759419128771,0 84.6348367643129,27.8758995935464,0 84.6346789464029,27.8743540782259,0 84.6346726289318,27.874211758108,0 84.6346669403918,27.8740836063711,0 84.6346641153979,27.8740199646864,0 84.6345746771364,27.8733167679231,0 84.6345716241042,27.8732445312926,0 84.6345695976728,27.8731965846444,0 84.6343752103529,27.8723120556639,0 84.6343604114103,27.8722121175826,0 84.6343580236864,27.87214559465,0 84.6341593636178,27.8714428591304,0 84.6341563285398,27.8713385662339,0 84.6341542186872,27.871266066458,0 84.633696015759,27.8706898465407,0 84.6336747108367,27.8706612056037,0 84.6332060652044,27.8703033252961,0 84.6331756467596,27.8702475070954,0 84.633145264604,27.8702014093771,0 84.6331456860401,27.8701636110159,0 84.6329163247471,27.8698477270015,0 84.6328970593498,27.8698027371436,0 84.6328976550674,27.8697753107282,0 84.6327084616287,27.8696924613862,0 84.6326480892313,27.8696950253738,0 84.6325675909149,27.8696984440818,0 84.6325172780072,27.8697005808259,0 84.6324763108915,27.8697204435863,0 84.6323344950884,27.8697446178815,0 84.6322933226686,27.8697645453808,0 84.6322727127272,27.8697745207877,0 84.6319332519152,27.8702246508983,0 84.6318976948528,27.8703019199387,0 84.6318740675951,27.8703505137882,0 84.6317577014335,27.8708616552075,0 84.6317557123987,27.8708915849795,0 84.6317682606474,27.8710212078269,0 84.6320285612313,27.8716924003092,0 84.632069378535,27.8717438588279,0 84.6321088285787,27.873195251281,0 84.632128526116,27.8732659825891,0 84.6321268312794,27.8733019874329,0 84.6320832070514,27.8750112845069,0 84.6326074617035,27.8775837029551,0</coordinates></LinearRing></outerBoundaryIs></Polygon></MultiGeometry>
  </Placemark>
  <Placemark id="settlement_area_ward.185">
	<name>Gorkha  beach resort area</name>
	<Style><LineStyle><color>ff0000ff</color></LineStyle><PolyStyle><fill>0</fill></PolyStyle></Style>
	<ExtendedData><SchemaData schemaUrl="#settlement_area_ward">
		<SimpleData name="tessellate">1</SimpleData>
		<SimpleData name="extrude">0</SimpleData>
		<SimpleData name="visibility">-1</SimpleData>
		<SimpleData name="district">GORKHA</SimpleData>
		<SimpleData name="gapa_napa">Gandaki</SimpleData>
		<SimpleData name="new_ward_n">2</SimpleData>
	</SchemaData></ExtendedData>
      <MultiGeometry><Polygon><outerBoundaryIs><LinearRing><coordinates>84.6374200910121,27.8645157116571,0 84.6408690501879,27.8634530201438,0 84.6427871544541,27.863065611431,0 84.6432423352836,27.8629983509245,0 84.643653195375,27.8629331531949,0 84.6439826581853,27.8629188703772,0 84.6442691206466,27.8629064519725,0 84.644512593943,27.8628958973834,0 84.6445842001795,27.8628927932811,0 84.6458857691223,27.8625859871832,0 84.6459824334547,27.8625662758576,0 84.6460477921156,27.8625324392735,0 84.6460988527019,27.8624992797783,0 84.6462721310954,27.8620644730488,0 84.6463710107472,27.8618506400274,0 84.6464061196033,27.8617453445226,0 84.6464677580909,27.8615663056336,0 84.6464835700549,27.8615072553578,0 84.6465022607722,27.8614628110876,0 84.6463674004808,27.861137944479,0 84.6455217639051,27.8608503708783,0 84.6454789451464,27.8608382754395,0 84.6441682293395,27.8607559502722,0 84.6430166479392,27.8606816425034,0 84.6429632225192,27.8606839398779,0 84.6416527168608,27.8604684781305,0 84.6415732398266,27.8604718924748,0 84.6403381101012,27.8602710083076,0 84.638455457337,27.860404946256,0 84.6383750336428,27.8604350341789,0 84.6383340602122,27.8604634748483,0 84.6371842561485,27.8611257122582,0 84.6367399485886,27.862371378566,0 84.6367369838741,27.8624015158517,0 84.6367985368452,27.8640057361248,0 84.6368263975657,27.8640210574925,0 84.6369057045584,27.8641171402104,0 84.6373156947098,27.864520261477,0 84.6374200910121,27.8645157116571,0</coordinates></LinearRing></outerBoundaryIs></Polygon></MultiGeometry>
  </Placemark>
  <Placemark id="settlement_area_ward.186">
	<name>Gurung valley resort area</name>
	<Style><LineStyle><color>ff0000ff</color></LineStyle><PolyStyle><fill>0</fill></PolyStyle></Style>
	<ExtendedData><SchemaData schemaUrl="#settlement_area_ward">
		<SimpleData name="tessellate">1</SimpleData>
		<SimpleData name="extrude">0</SimpleData>
		<SimpleData name="visibility">-1</SimpleData>
		<SimpleData name="district">GORKHA</SimpleData>
		<SimpleData name="gapa_napa">Gandaki</SimpleData>
		<SimpleData name="new_ward_n">2</SimpleData>
	</SchemaData></ExtendedData>
      <MultiGeometry><Polygon><outerBoundaryIs><LinearRing><coordinates>84.6485287499406,27.8622941838992,0 84.6500853074843,27.8629866934202,0 84.6509464061787,27.8623360458105,0 84.6510222404684,27.8622414151677,0 84.6510697518954,27.8622029385391,0 84.6517545548958,27.8609042829104,0 84.6519039932065,27.8606602694421,0 84.6520426009885,27.8604696505727,0 84.6521190659806,27.8603165725723,0 84.6521861569501,27.8602144722723,0 84.6521974918556,27.8601810246494,0 84.6518434423573,27.8595804158786,0 84.6517532150115,27.8594096766634,0 84.6517004112061,27.8592702712658,0 84.6516684957475,27.859162185352,0 84.6514665062288,27.8589846548094,0 84.6513044327504,27.8588531606734,0 84.6511455710259,27.8587377627062,0 84.6510132913764,27.8586977949255,0 84.650950177914,27.8587004867725,0 84.6506812608256,27.8585757910651,0 84.6506655392249,27.8585764613449,0 84.6503254834916,27.8592195446842,0 84.6502859526,27.8592993588596,0 84.6502445781842,27.8593638619589,0 84.6502191430666,27.8594278943984,0 84.6497147001537,27.860270906104,0 84.6495165693518,27.8604612864283,0 84.6494381631917,27.8605145527137,0 84.6493595530535,27.8605679574361,0 84.6493291209803,27.8606026909582,0 84.6485287499406,27.8622941838992,0</coordinates></LinearRing></outerBoundaryIs></Polygon></MultiGeometry>
  </Placemark>
  <Placemark id="settlement_area_ward.187">
	<name>Kurintar</name>
	<Style><LineStyle><color>ff0000ff</color></LineStyle><PolyStyle><fill>0</fill></PolyStyle></Style>
	<ExtendedData><SchemaData schemaUrl="#settlement_area_ward">
		<SimpleData name="tessellate">1</SimpleData>
		<SimpleData name="extrude">0</SimpleData>
		<SimpleData name="visibility">-1</SimpleData>
		<SimpleData name="district">GORKHA</SimpleData>
		<SimpleData name="gapa_napa">Sahid Lakhan</SimpleData>
		<SimpleData name="new_ward_n">3</SimpleData>
	</SchemaData></ExtendedData>
      <MultiGeometry><Polygon><outerBoundaryIs><LinearRing><coordinates>84.5957223916884,27.8761160216918,0 84.6002361220391,27.8762458094121,0 84.6022930182142,27.8752477127151,0 84.6024483314623,27.8751620478809,0 84.6025516514669,27.8751050603603,0 84.602653625182,27.8750220262841,0 84.6027302341348,27.8749664112208,0 84.6032529623414,27.8743998926787,0 84.6033485871262,27.8742421031076,0 84.6034466964405,27.8741358653509,0 84.6035886246249,27.8739014607187,0 84.6036372529168,27.8738488711064,0 84.6041047877821,27.872763008313,0 84.6076182247556,27.8717253499963,0 84.6079704683937,27.8715454059688,0 84.608184841944,27.8714658647943,0 84.6082312954695,27.8714404575184,0 84.608380621876,27.8714340796157,0 84.609942444357,27.870902879524,0 84.6100949492764,27.870781402387,0 84.6101812394046,27.870708958674,0 84.6102998618075,27.8704078139964,0 84.6103241466381,27.8702711471508,0 84.6103362460169,27.8702030553956,0 84.6106300507391,27.869173998325,0 84.6106613459771,27.8690859767961,0 84.6106769568269,27.8690420679475,0 84.6099850028489,27.8688134089641,0 84.6096569833246,27.8687205125396,0 84.6092152349746,27.8686541061364,0 84.606798585323,27.8687780618429,0 84.6055557929109,27.8689802592615,0 84.6052763633075,27.8690564082349,0 84.6050897117047,27.8691072735243,0 84.6050240729176,27.8691745866174,0 84.6028231900035,27.870120842308,0 84.6026809573739,27.8701935679642,0 84.6025647812211,27.8703099806051,0 84.6010267596188,27.871352543276,0 84.5975357697681,27.8727531808021,0 84.5966736564199,27.8737711531663,0 84.5959720902476,27.8747124466891,0 84.5959131652356,27.8748179285369,0 84.5958853185183,27.8748449165145,0 84.5957223916884,27.8761160216918,0</coordinates></LinearRing></outerBoundaryIs></Polygon></MultiGeometry>
  </Placemark>
  <Placemark id="settlement_area_ward.188">
	<name>Manakamana valley resort area</name>
	<Style><LineStyle><color>ff0000ff</color></LineStyle><PolyStyle><fill>0</fill></PolyStyle></Style>
	<ExtendedData><SchemaData schemaUrl="#settlement_area_ward">
		<SimpleData name="tessellate">1</SimpleData>
		<SimpleData name="extrude">0</SimpleData>
		<SimpleData name="visibility">-1</SimpleData>
		<SimpleData name="district">GORKHA</SimpleData>
		<SimpleData name="gapa_napa">Sahid Lakhan</SimpleData>
		<SimpleData name="new_ward_n">3</SimpleData>
	</SchemaData></ExtendedData>
      <MultiGeometry><Polygon><outerBoundaryIs><LinearRing><coordinates>84.5920508474278,27.8831034392699,0 84.5925083782685,27.8832020747702,0 84.5930859364096,27.8827277535452,0 84.5935463428519,27.8818303910999,0 84.5935727895726,27.8817857952603,0 84.5938631495343,27.8807521942193,0 84.5938923244573,27.8806115881146,0 84.5939717505278,27.8804020515929,0 84.5940100236545,27.8803227853202,0 84.5940308411108,27.8802639937923,0 84.5940463597111,27.8802344823338,0 84.594002832768,27.8795365803611,0 84.5940014234544,27.8794733672765,0 84.5940018609828,27.8793656615207,0 84.5939988516663,27.8792945400965,0 84.5939867455689,27.8790664383226,0 84.5965595948182,27.879135427123,0 84.5960352980567,27.8770753506581,0 84.5930887146439,27.8787952066039,0 84.5926902165668,27.8794565395332,0 84.5919310293072,27.8804600449104,0 84.5914276570309,27.8804865975596,0 84.5913940413527,27.8804880291824,0 84.5913492192226,27.8804899380602,0 84.5913340111435,27.8805059567748,0 84.5912712890974,27.8807861668467,0 84.591272331209,27.8807968221214,0 84.5912759915385,27.8808342478467,0 84.5912801995979,27.8808772738841,0 84.5909911978707,27.8812682627061,0 84.590980607987,27.8812859044025,0 84.5903285988144,27.8813426049569,0 84.5892428379692,27.881326052202,0 84.5888773565731,27.8816332757069,0 84.5888499702461,27.8816762385937,0 84.5888364482474,27.8816948028538,0 84.5886975909069,27.8819760254741,0 84.588687657908,27.8820202183454,0 84.5886849726505,27.8820517547163,0 84.5886806523131,27.8821024937507,0 84.5887958894612,27.8823884452681,0 84.5888306873273,27.8824332243573,0 84.5890221152419,27.8826401739698,0 84.5903310606529,27.8828965133572,0 84.590357843845,27.8829095600695,0 84.5920239955647,27.8831046088763,0 84.5920508474278,27.8831034392699,0</coordinates></LinearRing></outerBoundaryIs></Polygon></MultiGeometry>
  </Placemark>
  <Placemark id="settlement_area_ward.189">
	<name>Nibhare</name>
	<Style><LineStyle><color>ff0000ff</color></LineStyle><PolyStyle><fill>0</fill></PolyStyle></Style>
	<ExtendedData><SchemaData schemaUrl="#settlement_area_ward">
		<SimpleData name="tessellate">1</SimpleData>
		<SimpleData name="extrude">0</SimpleData>
		<SimpleData name="visibility">-1</SimpleData>
		<SimpleData name="district">GORKHA</SimpleData>
		<SimpleData name="gapa_napa">Sahid Lakhan</SimpleData>
		<SimpleData name="new_ward_n">3</SimpleData>
	</SchemaData></ExtendedData>
      <MultiGeometry><Polygon><outerBoundaryIs><LinearRing><coordinates>84.5667044649017,27.8695593985936,0 84.5691595246986,27.8676942963099,0 84.569184461746,27.8676379407847,0 84.5695424848828,27.8664817367343,0 84.5695870437434,27.8662667874748,0 84.5695794572308,27.8660554174843,0 84.5694355608832,27.8656421597069,0 84.5693762677675,27.8654110451737,0 84.5692661948157,27.865183732129,0 84.5691568802063,27.8649579848295,0 84.5691260821529,27.8647811674143,0 84.5690961890283,27.8646305169115,0 84.5682628143827,27.8634266675462,0 84.5681605431404,27.8632611932835,0 84.5681087186413,27.8631185266062,0 84.5680832384054,27.8630714660623,0 84.5665808061172,27.8621641291202,0 84.5660503699424,27.8618154717573,0 84.5658581435356,27.8617315227196,0 84.5641951209711,27.8621262821728,0 84.5640687844568,27.8622247973422,0 84.5639676797229,27.8622991361269,0 84.5638908033629,27.8623725950764,0 84.5626797500222,27.8644044440008,0 84.5626712452127,27.8645295345154,0 84.5629372360738,27.8671699797618,0 84.5629552147938,27.8673047015238,0 84.5629946977131,27.8675209114542,0 84.5659984299196,27.8694448834623,0 84.5664865024609,27.869568860607,0 84.5667044649017,27.8695593985936,0</coordinates></LinearRing></outerBoundaryIs></Polygon></MultiGeometry>
  </Placemark>
  <Placemark id="settlement_area_ward.190">
	<name>Karantar</name>
	<Style><LineStyle><color>ff0000ff</color></LineStyle><PolyStyle><fill>0</fill></PolyStyle></Style>
	<ExtendedData><SchemaData schemaUrl="#settlement_area_ward">
		<SimpleData name="tessellate">1</SimpleData>
		<SimpleData name="extrude">0</SimpleData>
		<SimpleData name="visibility">-1</SimpleData>
		<SimpleData name="district">GORKHA</SimpleData>
		<SimpleData name="gapa_napa">Sahid Lakhan</SimpleData>
		<SimpleData name="new_ward_n">3</SimpleData>
	</SchemaData></ExtendedData>
      <MultiGeometry><Polygon><outerBoundaryIs><LinearRing><coordinates>84.5489635220127,27.8659939189546,0 84.5544852953258,27.8664353428364,0 84.5547449681342,27.8662662277439,0 84.554796786202,27.86623774595,0 84.5554036234168,27.8651018309752,0 84.5555008361296,27.8647943969834,0 84.5558630368379,27.8639098941393,0 84.5559332069045,27.863687102706,0 84.5560046806365,27.8635383346352,0 84.5560764526178,27.8634143346856,0 84.5561588832466,27.8618786106114,0 84.5561755414019,27.8616028804188,0 84.554407474428,27.8610009487403,0 84.5541920144737,27.8609431850986,0 84.5539766971134,27.8609300733964,0 84.5537373586061,27.8609402669557,0 84.5536894895508,27.8609423057083,0 84.552326525,27.860955827769,0 84.5522069044595,27.8609609215067,0 84.5520856269111,27.8610106112837,0 84.5519410940423,27.8610390533589,0 84.5518674281698,27.8610868125705,0 84.5500927967709,27.8615217313121,0 84.5500157251061,27.8615928518335,0 84.5499416984686,27.8616186519196,0 84.5497934824165,27.8616703087419,0 84.5484351091427,27.8625556988855,0 84.5483282848121,27.8626535445659,0 84.5481965820696,27.8627527272802,0 84.5481159934689,27.8628265179534,0 84.547660631866,27.8639200464335,0 84.5475601468416,27.8641679291785,0 84.5474944639626,27.8643177659254,0 84.5489635220127,27.8659939189546,0</coordinates></LinearRing></outerBoundaryIs></Polygon></MultiGeometry>
  </Placemark>
  <Placemark id="settlement_area_ward.191">
	<name>Opposite of kuringhat park area</name>
	<Style><LineStyle><color>ff0000ff</color></LineStyle><PolyStyle><fill>0</fill></PolyStyle></Style>
	<ExtendedData><SchemaData schemaUrl="#settlement_area_ward">
		<SimpleData name="tessellate">1</SimpleData>
		<SimpleData name="extrude">0</SimpleData>
		<SimpleData name="visibility">-1</SimpleData>
		<SimpleData name="district">GORKHA</SimpleData>
		<SimpleData name="gapa_napa">Sahid Lakhan</SimpleData>
		<SimpleData name="new_ward_n">4</SimpleData>
	</SchemaData></ExtendedData>
      <MultiGeometry><Polygon><outerBoundaryIs><LinearRing><coordinates>84.6326074617035,27.8775837029551,0 84.6335338197241,27.8780156801994,0 84.6349343709924,27.8776752608376,0 84.6348783803614,27.876503684542,0 84.63487556905,27.8761756799212,0 84.6348642979129,27.8759419128771,0 84.6348367643129,27.8758995935464,0 84.6346789464029,27.8743540782259,0 84.6346726289318,27.874211758108,0 84.6346669403918,27.8740836063711,0 84.6346641153979,27.8740199646864,0 84.6345746771364,27.8733167679231,0 84.6345716241042,27.8732445312926,0 84.6345695976728,27.8731965846444,0 84.6343752103529,27.8723120556639,0 84.6343604114103,27.8722121175826,0 84.6343580236864,27.87214559465,0 84.6341593636178,27.8714428591304,0 84.6341563285398,27.8713385662339,0 84.6341542186872,27.871266066458,0 84.633696015759,27.8706898465407,0 84.6336747108367,27.8706612056037,0 84.6332060652044,27.8703033252961,0 84.6331756467596,27.8702475070954,0 84.633145264604,27.8702014093771,0 84.6331456860401,27.8701636110159,0 84.6329163247471,27.8698477270015,0 84.6328970593498,27.8698027371436,0 84.6328976550674,27.8697753107282,0 84.6327084616287,27.8696924613862,0 84.6326480892313,27.8696950253738,0 84.6325675909149,27.8696984440818,0 84.6325172780072,27.8697005808259,0 84.6324763108915,27.8697204435863,0 84.6323344950884,27.8697446178815,0 84.6322933226686,27.8697645453808,0 84.6322727127272,27.8697745207877,0 84.6319332519152,27.8702246508983,0 84.6318976948528,27.8703019199387,0 84.6318740675951,27.8703505137882,0 84.6317577014335,27.8708616552075,0 84.6317557123987,27.8708915849795,0 84.6317682606474,27.8710212078269,0 84.6320285612313,27.8716924003092,0 84.632069378535,27.8717438588279,0 84.6321088285787,27.873195251281,0 84.632128526116,27.8732659825891,0 84.6321268312794,27.8733019874329,0 84.6320832070514,27.8750112845069,0 84.6326074617035,27.8775837029551,0</coordinates></LinearRing></outerBoundaryIs></Polygon></MultiGeometry>
  </Placemark>
  <Placemark id="settlement_area_ward.192">
	<name>Theuwater fotball area</name>
	<Style><LineStyle><color>ff0000ff</color></LineStyle><PolyStyle><fill>0</fill></PolyStyle></Style>
	<ExtendedData><SchemaData schemaUrl="#settlement_area_ward">
		<SimpleData name="tessellate">1</SimpleData>
		<SimpleData name="extrude">0</SimpleData>
		<SimpleData name="visibility">-1</SimpleData>
		<SimpleData name="district">GORKHA</SimpleData>
		<SimpleData name="gapa_napa">Sahid Lakhan</SimpleData>
		<SimpleData name="new_ward_n">4</SimpleData>
	</SchemaData></ExtendedData>
      <MultiGeometry><Polygon><outerBoundaryIs><LinearRing><coordinates>84.6152751894356,27.8792981680952,0 84.6145806862626,27.8796321050408,0 84.6146032603757,27.8796952261972,0 84.6146122883996,27.8797720854153,0 84.6146213597497,27.8798493136646,0 84.6149073154525,27.8804851023107,0 84.61494339485,27.8805782533016,0 84.6149668583028,27.880658851376,0 84.6153561658087,27.8810561817451,0 84.6153696771889,27.8810555977394,0 84.6154626087029,27.8811216076969,0 84.6155426553958,27.8811743778814,0 84.6168557889496,27.8817778591037,0 84.6169248904904,27.8817748633001,0 84.6169525306875,27.8817736649993,0 84.6173903884029,27.8816234861229,0 84.6174836178505,27.8815325381164,0 84.617524270508,27.8815163354121,0 84.6176207803545,27.8811833359244,0 84.6176320655364,27.881126306964,0 84.6176918565833,27.8806232365228,0 84.617500636161,27.8801722262775,0 84.6166620058099,27.8795810675357,0 84.6152751894356,27.8792981680952,0</coordinates></LinearRing></outerBoundaryIs></Polygon></MultiGeometry>
  </Placemark>
  <Placemark id="settlement_area_ward.193">
	<name>Theuwatar zone</name>
	<Style><LineStyle><color>ff0000ff</color></LineStyle><PolyStyle><fill>0</fill></PolyStyle></Style>
	<ExtendedData><SchemaData schemaUrl="#settlement_area_ward">
		<SimpleData name="tessellate">1</SimpleData>
		<SimpleData name="extrude">0</SimpleData>
		<SimpleData name="visibility">-1</SimpleData>
		<SimpleData name="district">GORKHA</SimpleData>
		<SimpleData name="gapa_napa">Sahid Lakhan</SimpleData>
		<SimpleData name="new_ward_n">4</SimpleData>
	</SchemaData></ExtendedData>
      <MultiGeometry><Polygon><outerBoundaryIs><LinearRing><coordinates>84.6093112710664,27.8768100185468,0 84.6110353317463,27.878822468129,0 84.6120947405238,27.8789581733622,0 84.6127383015507,27.8787481197086,0 84.6128451407407,27.8786892149468,0 84.612937556977,27.8786491080672,0 84.6129676834895,27.8786297827156,0 84.6133509485351,27.878063200109,0 84.6134559806174,27.8778846733992,0 84.6136013334753,27.8774167521643,0 84.6136237039313,27.8773483779397,0 84.6136459915171,27.8772802573637,0 84.6136549395663,27.8772296671939,0 84.6135483532305,27.8761797417105,0 84.6135393811339,27.8758833855712,0 84.6135252047109,27.8757759308929,0 84.6135151324176,27.8756995845072,0 84.613507106589,27.8756387498472,0 84.61350310429,27.8756084129298,0 84.6134225852644,27.8749980818367,0 84.6134148825885,27.8749396951422,0 84.6133532438281,27.8740436051818,0 84.6133440362168,27.8739747087592,0 84.6129968429005,27.8735663963195,0 84.6126934589108,27.873351890847,0 84.6126156476613,27.8732756832824,0 84.6122508951752,27.8730810868962,0 84.6121229984642,27.8730344329702,0 84.6120498923925,27.8729856026681,0 84.6120227027164,27.8729867657395,0 84.6112544342936,27.8727368202696,0 84.6111161917787,27.87269184489,0 84.6110606808742,27.8726688362371,0 84.6101877646981,27.872392241064,0 84.610079467063,27.8723472186024,0 84.6086595454056,27.8721131507295,0 84.607700842563,27.8723991858122,0 84.6076583955781,27.8724629015554,0 84.607576402323,27.8731251218423,0 84.6075747063771,27.8731640473083,0 84.6075724386605,27.8732160958868,0 84.6078609357901,27.8747875412681,0 84.6089619603919,27.8766322247793,0 84.6091893626393,27.8767507602374,0 84.6093112710664,27.8768100185468,0</coordinates></LinearRing></outerBoundaryIs></Polygon></MultiGeometry>
  </Placemark>
  <Placemark id="settlement_area_ward.194">
	<name>Kurintar</name>
	<Style><LineStyle><color>ff0000ff</color></LineStyle><PolyStyle><fill>0</fill></PolyStyle></Style>
	<ExtendedData><SchemaData schemaUrl="#settlement_area_ward">
		<SimpleData name="tessellate">1</SimpleData>
		<SimpleData name="extrude">0</SimpleData>
		<SimpleData name="visibility">-1</SimpleData>
		<SimpleData name="district">GORKHA</SimpleData>
		<SimpleData name="gapa_napa">Sahid Lakhan</SimpleData>
		<SimpleData name="new_ward_n">4</SimpleData>
	</SchemaData></ExtendedData>
      <MultiGeometry><Polygon><outerBoundaryIs><LinearRing><coordinates>84.5957223916884,27.8761160216918,0 84.6002361220391,27.8762458094121,0 84.6022930182142,27.8752477127151,0 84.6024483314623,27.8751620478809,0 84.6025516514669,27.8751050603603,0 84.602653625182,27.8750220262841,0 84.6027302341348,27.8749664112208,0 84.6032529623414,27.8743998926787,0 84.6033485871262,27.8742421031076,0 84.6034466964405,27.8741358653509,0 84.6035886246249,27.8739014607187,0 84.6036372529168,27.8738488711064,0 84.6041047877821,27.872763008313,0 84.6076182247556,27.8717253499963,0 84.6079704683937,27.8715454059688,0 84.608184841944,27.8714658647943,0 84.6082312954695,27.8714404575184,0 84.608380621876,27.8714340796157,0 84.609942444357,27.870902879524,0 84.6100949492764,27.870781402387,0 84.6101812394046,27.870708958674,0 84.6102998618075,27.8704078139964,0 84.6103241466381,27.8702711471508,0 84.6103362460169,27.8702030553956,0 84.6106300507391,27.869173998325,0 84.6106613459771,27.8690859767961,0 84.6106769568269,27.8690420679475,0 84.6099850028489,27.8688134089641,0 84.6096569833246,27.8687205125396,0 84.6092152349746,27.8686541061364,0 84.606798585323,27.8687780618429,0 84.6055557929109,27.8689802592615,0 84.6052763633075,27.8690564082349,0 84.6050897117047,27.8691072735243,0 84.6050240729176,27.8691745866174,0 84.6028231900035,27.870120842308,0 84.6026809573739,27.8701935679642,0 84.6025647812211,27.8703099806051,0 84.6010267596188,27.871352543276,0 84.5975357697681,27.8727531808021,0 84.5966736564199,27.8737711531663,0 84.5959720902476,27.8747124466891,0 84.5959131652356,27.8748179285369,0 84.5958853185183,27.8748449165145,0 84.5957223916884,27.8761160216918,0</coordinates></LinearRing></outerBoundaryIs></Polygon></MultiGeometry>
  </Placemark>
  <Placemark id="settlement_area_ward.195">
	<name>Uttargaya Rural Municipality area</name>
	<Style><LineStyle><color>ff0000ff</color></LineStyle><PolyStyle><fill>0</fill></PolyStyle></Style>
	<ExtendedData><SchemaData schemaUrl="#settlement_area_ward">
		<SimpleData name="tessellate">1</SimpleData>
		<SimpleData name="extrude">0</SimpleData>
		<SimpleData name="visibility">-1</SimpleData>
		<SimpleData name="district">NUWAKOT</SimpleData>
		<SimpleData name="gapa_napa">Kispang</SimpleData>
		<SimpleData name="new_ward_n">5</SimpleData>
	</SchemaData></ExtendedData>
      <MultiGeometry><Polygon><outerBoundaryIs><LinearRing><coordinates>85.1840634135315,27.9942261510298,0 85.1845320760298,27.9945028294042,0 85.1850717716611,27.9940126176018,0 85.1842361424155,27.9919018236673,0 85.1838485400119,27.9909029107981,0 85.1831901684631,27.9909274729197,0 85.1824598308598,27.9915140274842,0 85.1821951116818,27.9923982922697,0 85.1822458490248,27.9931056164845,0 85.1837872300452,27.9941980840927,0 85.1840634135315,27.9942261510298,0</coordinates></LinearRing></outerBoundaryIs></Polygon></MultiGeometry>
  </Placemark>
  <Placemark id="settlement_area_ward.196">
	<name>Shanti Bazaar</name>
	<Style><LineStyle><color>ff0000ff</color></LineStyle><PolyStyle><fill>0</fill></PolyStyle></Style>
	<ExtendedData><SchemaData schemaUrl="#settlement_area_ward">
		<SimpleData name="tessellate">1</SimpleData>
		<SimpleData name="extrude">0</SimpleData>
		<SimpleData name="visibility">-1</SimpleData>
		<SimpleData name="district">NUWAKOT</SimpleData>
		<SimpleData name="gapa_napa">Kispang</SimpleData>
		<SimpleData name="new_ward_n">5</SimpleData>
	</SchemaData></ExtendedData>
      <MultiGeometry><Polygon><outerBoundaryIs><LinearRing><coordinates>85.1810385669091,28.0214904286403,0 85.1873170939473,28.0194583206105,0 85.1849354199694,28.0105779925422,0 85.1849348521196,28.0104600335878,0 85.1843352987394,28.007975650871,0 85.1828480268875,28.0066941708646,0 85.1790752082207,28.0084698201761,0 85.1790908962985,28.0086946568736,0 85.1779587952746,28.0111329097252,0 85.1760531874332,28.014108356125,0 85.1753605798546,28.0162497959981,0 85.1761015286222,28.0196573922613,0 85.1800208726103,28.0186893770675,0 85.1810385669091,28.0214904286403,0</coordinates></LinearRing></outerBoundaryIs></Polygon></MultiGeometry>
  </Placemark>
  <Placemark id="settlement_area_ward.197">
	<name>Ghale Gaun</name>
	<Style><LineStyle><color>ff0000ff</color></LineStyle><PolyStyle><fill>0</fill></PolyStyle></Style>
	<ExtendedData><SchemaData schemaUrl="#settlement_area_ward">
		<SimpleData name="tessellate">1</SimpleData>
		<SimpleData name="extrude">0</SimpleData>
		<SimpleData name="visibility">-1</SimpleData>
		<SimpleData name="district">NUWAKOT</SimpleData>
		<SimpleData name="gapa_napa">Kispang</SimpleData>
		<SimpleData name="new_ward_n">5</SimpleData>
	</SchemaData></ExtendedData>
      <MultiGeometry><Polygon><outerBoundaryIs><LinearRing><coordinates>85.1768812407188,28.0076187212315,0 85.1789623495967,28.0066878985157,0 85.179382578626,28.0051054888268,0 85.1798362924332,28.0039351512002,0 85.1799093046272,28.0037984003185,0 85.1800711965117,28.0030151502472,0 85.1802516041389,28.0024925231925,0 85.1809507854569,28.0002547700318,0 85.1810177078456,28.0000988097942,0 85.1810436060162,27.999982500592,0 85.1815664556668,27.9978809756984,0 85.1816287004997,27.9977234009301,0 85.1816597347088,27.9974459783011,0 85.1815848627258,27.9967509719116,0 85.1808993011163,27.9958048191727,0 85.1787957881116,27.9957700225104,0 85.1787049672164,27.9958017218286,0 85.1775620218434,27.9972170311601,0 85.1754877897744,28.0002456081238,0 85.1753058734259,28.0034509134581,0 85.1768812407188,28.0076187212315,0</coordinates></LinearRing></outerBoundaryIs></Polygon></MultiGeometry>
  </Placemark>
  <Placemark id="settlement_area_ward.198">
	<name>Trishuli Jal vidhyut company area</name>
	<Style><LineStyle><color>ff0000ff</color></LineStyle><PolyStyle><fill>0</fill></PolyStyle></Style>
	<ExtendedData><SchemaData schemaUrl="#settlement_area_ward">
		<SimpleData name="tessellate">1</SimpleData>
		<SimpleData name="extrude">0</SimpleData>
		<SimpleData name="visibility">-1</SimpleData>
		<SimpleData name="district">NUWAKOT</SimpleData>
		<SimpleData name="gapa_napa">Kispang</SimpleData>
		<SimpleData name="new_ward_n">5</SimpleData>
	</SchemaData></ExtendedData>
      <MultiGeometry><Polygon><outerBoundaryIs><LinearRing><coordinates>85.1844876421061,27.9987059365463,0 85.1855928762479,27.9981473658741,0 85.1858296868968,27.9972367932939,0 85.1853615307903,27.9962526650367,0 85.1844074957263,27.9949667154845,0 85.1821783603132,27.9933205607229,0 85.1814932940787,27.9931888450587,0 85.1808785158374,27.9935831118867,0 85.1808668179755,27.9936901454725,0 85.1812043519517,27.994787342121,0 85.182144933718,27.995703193411,0 85.1822871413224,27.9957793586781,0 85.1836717271653,27.9971917612043,0 85.1844876421061,27.9987059365463,0</coordinates></LinearRing></outerBoundaryIs></Polygon></MultiGeometry>
  </Placemark>
  <Placemark id="settlement_area_ward.199">
	<name>Manakaman health post area</name>
	<Style><LineStyle><color>ff0000ff</color></LineStyle><PolyStyle><fill>0</fill></PolyStyle></Style>
	<ExtendedData><SchemaData schemaUrl="#settlement_area_ward">
		<SimpleData name="tessellate">1</SimpleData>
		<SimpleData name="extrude">0</SimpleData>
		<SimpleData name="visibility">-1</SimpleData>
		<SimpleData name="district">NUWAKOT</SimpleData>
		<SimpleData name="gapa_napa">Kispang</SimpleData>
		<SimpleData name="new_ward_n">5</SimpleData>
	</SchemaData></ExtendedData>
      <MultiGeometry><Polygon><outerBoundaryIs><LinearRing><coordinates>85.1668798333073,27.9920612344637,0 85.1712608640701,27.9915906856419,0 85.1717823416237,27.9903526081273,0 85.1718175018588,27.9902052169188,0 85.1716147387945,27.9891878979095,0 85.171614655405,27.9890799130625,0 85.1715820473716,27.9883558127664,0 85.17158631565,27.9881206571638,0 85.1715490676714,27.9871815953958,0 85.1715821778698,27.9869612454372,0 85.1714626630217,27.9858988679288,0 85.1701238573685,27.9845368075129,0 85.1686808313043,27.9865109982013,0 85.1670902339847,27.988541977571,0 85.1664249080166,27.9910464401522,0 85.1668798333073,27.9920612344637,0</coordinates></LinearRing></outerBoundaryIs></Polygon></MultiGeometry>
  </Placemark>
  <Placemark id="settlement_area_ward.200">
	<name>Pokhari Gaun</name>
	<Style><LineStyle><color>ff0000ff</color></LineStyle><PolyStyle><fill>0</fill></PolyStyle></Style>
	<ExtendedData><SchemaData schemaUrl="#settlement_area_ward">
		<SimpleData name="tessellate">1</SimpleData>
		<SimpleData name="extrude">0</SimpleData>
		<SimpleData name="visibility">-1</SimpleData>
		<SimpleData name="district">NUWAKOT</SimpleData>
		<SimpleData name="gapa_napa">Kispang</SimpleData>
		<SimpleData name="new_ward_n">5</SimpleData>
	</SchemaData></ExtendedData>
      <MultiGeometry><Polygon><outerBoundaryIs><LinearRing><coordinates>85.1724329762074,27.9925839621516,0 85.172958977651,27.9940614848149,0 85.1754726322604,27.9939301978583,0 85.1755348559137,27.9938961886966,0 85.1763362843212,27.9932221480729,0 85.1772457409426,27.9913699539722,0 85.1774789766618,27.9909930898244,0 85.1786150306244,27.9893797177072,0 85.1789702570154,27.9889963502145,0 85.1790578123641,27.9889085530557,0 85.1797954523992,27.9860588073365,0 85.1798633330137,27.9858197540903,0 85.1790161560685,27.9843970968231,0 85.1769237078286,27.9835973340711,0 85.1752906209386,27.9838408146064,0 85.1745680176901,27.9860756259196,0 85.1733061667091,27.9888092311915,0 85.1724329762074,27.9925839621516,0</coordinates></LinearRing></outerBoundaryIs></Polygon></MultiGeometry>
  </Placemark>
  <Placemark id="settlement_area_ward.201">
	<name>Gerkhutar</name>
	<Style><LineStyle><color>ff0000ff</color></LineStyle><PolyStyle><fill>0</fill></PolyStyle></Style>
	<ExtendedData><SchemaData schemaUrl="#settlement_area_ward">
		<SimpleData name="tessellate">1</SimpleData>
		<SimpleData name="extrude">0</SimpleData>
		<SimpleData name="visibility">-1</SimpleData>
		<SimpleData name="district">NUWAKOT</SimpleData>
		<SimpleData name="gapa_napa">Bidur</SimpleData>
		<SimpleData name="new_ward_n">1</SimpleData>
	</SchemaData></ExtendedData>
      <MultiGeometry><Polygon><outerBoundaryIs><LinearRing><coordinates>85.1651428560903,27.9483385313,0 85.1661246551486,27.9467792745524,0 85.1671292749568,27.9416131315855,0 85.1672185742895,27.9414396136205,0 85.1664328688871,27.9385046890518,0 85.1664722430212,27.9357316670773,0 85.1658499634536,27.9345097393344,0 85.1640409022075,27.9339482933635,0 85.1609820591812,27.9338977572338,0 85.1585519584581,27.9341022839452,0 85.1578797540012,27.9350666998426,0 85.1576151904375,27.9364833319761,0 85.1584516155618,27.9380439639745,0 85.1612165065835,27.9411368011977,0 85.1620493138919,27.9427532994792,0 85.1633612398235,27.94567285239,0 85.1651428560903,27.9483385313,0</coordinates></LinearRing></outerBoundaryIs></Polygon></MultiGeometry>
  </Placemark>
  <Placemark id="settlement_area_ward.202">
	<name>Trihuli Bazar</name>
	<Style><LineStyle><color>ff0000ff</color></LineStyle><PolyStyle><fill>0</fill></PolyStyle></Style>
	<ExtendedData><SchemaData schemaUrl="#settlement_area_ward">
		<SimpleData name="tessellate">1</SimpleData>
		<SimpleData name="extrude">0</SimpleData>
		<SimpleData name="visibility">-1</SimpleData>
		<SimpleData name="district">NUWAKOT</SimpleData>
		<SimpleData name="gapa_napa">Bidur</SimpleData>
		<SimpleData name="new_ward_n">1</SimpleData>
	</SchemaData></ExtendedData>
      <MultiGeometry><Polygon><outerBoundaryIs><LinearRing><coordinates>85.1453601598002,27.9207937804689,0 85.1472526469467,27.9291183483587,0 85.1499506825199,27.9276645310788,0 85.1507575718352,27.9255689239917,0 85.1511029453361,27.923856921294,0 85.1510470120306,27.9228037148833,0 85.1497830334143,27.921909470991,0 85.1483576423867,27.9212697119245,0 85.1468216585397,27.9208470861519,0 85.1453601598002,27.9207937804689,0</coordinates></LinearRing></outerBoundaryIs></Polygon></MultiGeometry>
  </Placemark>
  <Placemark id="settlement_area_ward.203">
	<name>Nuwakot Durbar square area</name>
	<Style><LineStyle><color>ff0000ff</color></LineStyle><PolyStyle><fill>0</fill></PolyStyle></Style>
	<ExtendedData><SchemaData schemaUrl="#settlement_area_ward">
		<SimpleData name="tessellate">1</SimpleData>
		<SimpleData name="extrude">0</SimpleData>
		<SimpleData name="visibility">-1</SimpleData>
		<SimpleData name="district">NUWAKOT</SimpleData>
		<SimpleData name="gapa_napa">Bidur</SimpleData>
		<SimpleData name="new_ward_n">1</SimpleData>
	</SchemaData></ExtendedData>
      <MultiGeometry><Polygon><outerBoundaryIs><LinearRing><coordinates>85.1659535242005,27.9240103835476,0 85.1719046486316,27.9235652395229,0 85.1771315696978,27.9221016773986,0 85.1759343193985,27.9178878236166,0 85.1758401236636,27.9174930651408,0 85.1740664890108,27.9137866036126,0 85.1689238734736,27.9110162689836,0 85.168211410014,27.9106692721581,0 85.1646015574841,27.9098990532552,0 85.159867413574,27.909267770303,0 85.1595645905099,27.9096489473528,0 85.1602157207158,27.9118164675277,0 85.1603214317294,27.9119937475834,0 85.1605343941498,27.9153389841819,0 85.1613651598522,27.9197659590981,0 85.1659535242005,27.9240103835476,0</coordinates></LinearRing></outerBoundaryIs></Polygon></MultiGeometry>
  </Placemark>
  <Placemark id="settlement_area_ward.204">
	<name>Bidpur</name>
	<Style><LineStyle><color>ff0000ff</color></LineStyle><PolyStyle><fill>0</fill></PolyStyle></Style>
	<ExtendedData><SchemaData schemaUrl="#settlement_area_ward">
		<SimpleData name="tessellate">1</SimpleData>
		<SimpleData name="extrude">0</SimpleData>
		<SimpleData name="visibility">-1</SimpleData>
		<SimpleData name="district">NUWAKOT</SimpleData>
		<SimpleData name="gapa_napa">Bidur</SimpleData>
		<SimpleData name="new_ward_n">4</SimpleData>
	</SchemaData></ExtendedData>
      <MultiGeometry><Polygon><outerBoundaryIs><LinearRing><coordinates>85.1458423955336,27.9189844876528,0 85.1481774721511,27.9092286903064,0 85.1480605298306,27.9090286351285,0 85.1467816118407,27.9077850355691,0 85.1430281014974,27.9068962708426,0 85.1411609609325,27.9078234724632,0 85.1410891188367,27.9079205128456,0 85.13896396832,27.9095073081107,0 85.1376856478934,27.9116874677707,0 85.1382623778206,27.9135017558344,0 85.1383296284204,27.9136131130345,0 85.1395129397086,27.9152805507034,0 85.1396950382503,27.9154353214419,0 85.1411237577321,27.9172163283561,0 85.1428855755429,27.9195806966918,0 85.1447479136492,27.9195359950826,0 85.1458423955336,27.9189844876528,0</coordinates></LinearRing></outerBoundaryIs></Polygon></MultiGeometry>
  </Placemark>
  <Placemark id="settlement_area_ward.205">
	<name>Majhitar area</name>
	<Style><LineStyle><color>ff0000ff</color></LineStyle><PolyStyle><fill>0</fill></PolyStyle></Style>
	<ExtendedData><SchemaData schemaUrl="#settlement_area_ward">
		<SimpleData name="tessellate">1</SimpleData>
		<SimpleData name="extrude">0</SimpleData>
		<SimpleData name="visibility">-1</SimpleData>
		<SimpleData name="district">NUWAKOT</SimpleData>
		<SimpleData name="gapa_napa">Bidur</SimpleData>
		<SimpleData name="new_ward_n">4</SimpleData>
	</SchemaData></ExtendedData>
      <MultiGeometry><Polygon><outerBoundaryIs><LinearRing><coordinates>85.1440783050319,27.9051644048405,0 85.1476595095621,27.9056694465325,0 85.1492470575221,27.9031499813023,0 85.1495381089442,27.9027813787038,0 85.1502959801732,27.8986296753814,0 85.152170484229,27.8909322642556,0 85.1527256692488,27.8892935485201,0 85.1541825565404,27.8829060950369,0 85.1541892754029,27.8820683250499,0 85.1541196281124,27.880263963066,0 85.1539589529675,27.8794476464645,0 85.1528157812986,27.877472193917,0 85.1525727882914,27.8771106196189,0 85.1493756997435,27.87610759568,0 85.1490509806798,27.8759649967792,0 85.1457501978155,27.8761111268902,0 85.1423476275268,27.8764725860145,0 85.1381262340398,27.8797006726324,0 85.135733089359,27.87843091838,0 85.1334557696234,27.8800803473191,0 85.133374441672,27.8802417836818,0 85.1314337291653,27.8827621036358,0 85.1313502922397,27.8848501769367,0 85.1334435288364,27.88717075554,0 85.133617649272,27.8873475997678,0 85.1378078491066,27.8906610373576,0 85.1377815153351,27.8909696342519,0 85.1391694329077,27.894571828702,0 85.1400201219895,27.9010902403912,0 85.1409962718959,27.9024273606526,0 85.1440783050319,27.9051644048405,0</coordinates></LinearRing></outerBoundaryIs></Polygon></MultiGeometry>
  </Placemark>
  <Placemark id="settlement_area_ward.206">
	<name>Majhitar area</name>
	<Style><LineStyle><color>ff0000ff</color></LineStyle><PolyStyle><fill>0</fill></PolyStyle></Style>
	<ExtendedData><SchemaData schemaUrl="#settlement_area_ward">
		<SimpleData name="tessellate">1</SimpleData>
		<SimpleData name="extrude">0</SimpleData>
		<SimpleData name="visibility">-1</SimpleData>
		<SimpleData name="district">NUWAKOT</SimpleData>
		<SimpleData name="gapa_napa">Bidur</SimpleData>
		<SimpleData name="new_ward_n">5</SimpleData>
	</SchemaData></ExtendedData>
      <MultiGeometry><Polygon><outerBoundaryIs><LinearRing><coordinates>85.1440783050319,27.9051644048405,0 85.1476595095621,27.9056694465325,0 85.1492470575221,27.9031499813023,0 85.1495381089442,27.9027813787038,0 85.1502959801732,27.8986296753814,0 85.152170484229,27.8909322642556,0 85.1527256692488,27.8892935485201,0 85.1541825565404,27.8829060950369,0 85.1541892754029,27.8820683250499,0 85.1541196281124,27.880263963066,0 85.1539589529675,27.8794476464645,0 85.1528157812986,27.877472193917,0 85.1525727882914,27.8771106196189,0 85.1493756997435,27.87610759568,0 85.1490509806798,27.8759649967792,0 85.1457501978155,27.8761111268902,0 85.1423476275268,27.8764725860145,0 85.1381262340398,27.8797006726324,0 85.135733089359,27.87843091838,0 85.1334557696234,27.8800803473191,0 85.133374441672,27.8802417836818,0 85.1314337291653,27.8827621036358,0 85.1313502922397,27.8848501769367,0 85.1334435288364,27.88717075554,0 85.133617649272,27.8873475997678,0 85.1378078491066,27.8906610373576,0 85.1377815153351,27.8909696342519,0 85.1391694329077,27.894571828702,0 85.1400201219895,27.9010902403912,0 85.1409962718959,27.9024273606526,0 85.1440783050319,27.9051644048405,0</coordinates></LinearRing></outerBoundaryIs></Polygon></MultiGeometry>
  </Placemark>
  <Placemark id="settlement_area_ward.207">
	<name>Pipaltar</name>
	<Style><LineStyle><color>ff0000ff</color></LineStyle><PolyStyle><fill>0</fill></PolyStyle></Style>
	<ExtendedData><SchemaData schemaUrl="#settlement_area_ward">
		<SimpleData name="tessellate">1</SimpleData>
		<SimpleData name="extrude">0</SimpleData>
		<SimpleData name="visibility">-1</SimpleData>
		<SimpleData name="district">NUWAKOT</SimpleData>
		<SimpleData name="gapa_napa">Bidur</SimpleData>
		<SimpleData name="new_ward_n">5</SimpleData>
	</SchemaData></ExtendedData>
      <MultiGeometry><Polygon><outerBoundaryIs><LinearRing><coordinates>85.1210999167249,27.8704800305441,0 85.1370928966293,27.8771168647246,0 85.1397781345627,27.8752315152453,0 85.1421510556988,27.8735827016541,0 85.1425252947494,27.8717913727061,0 85.142437756831,27.8715524880834,0 85.1423664042353,27.8713939271938,0 85.1410146979181,27.8690791561724,0 85.1402520973657,27.8682964024979,0 85.1339875309578,27.8643433016424,0 85.1338656251821,27.8642421530648,0 85.1335091651943,27.8640071558387,0 85.1288355920276,27.8616641838593,0 85.1277879889791,27.8613179327879,0 85.1233384093973,27.8595077067682,0 85.1230269931094,27.8594779907789,0 85.1179770718389,27.8584740687535,0 85.1169537438257,27.8584459375073,0 85.1150491603528,27.8583603022308,0 85.1145950268103,27.8584486648106,0 85.1130127854764,27.858774222792,0 85.1121089517471,27.860526549637,0 85.112085805948,27.8611796463916,0 85.1121342151354,27.8613366169592,0 85.1128961487724,27.8631032074779,0 85.1210999167249,27.8704800305441,0</coordinates></LinearRing></outerBoundaryIs></Polygon></MultiGeometry>
  </Placemark>
  <Placemark id="settlement_area_ward.208">
	<name>Devighat</name>
	<Style><LineStyle><color>ff0000ff</color></LineStyle><PolyStyle><fill>0</fill></PolyStyle></Style>
	<ExtendedData><SchemaData schemaUrl="#settlement_area_ward">
		<SimpleData name="tessellate">1</SimpleData>
		<SimpleData name="extrude">0</SimpleData>
		<SimpleData name="visibility">-1</SimpleData>
		<SimpleData name="district">NUWAKOT</SimpleData>
		<SimpleData name="gapa_napa">Bidur</SimpleData>
		<SimpleData name="new_ward_n">5</SimpleData>
	</SchemaData></ExtendedData>
      <MultiGeometry><Polygon><outerBoundaryIs><LinearRing><coordinates>85.107618623351,27.8597114906651,0 85.1112567322669,27.8626674329515,0 85.1117661868106,27.8613205452931,0 85.1118442470557,27.8599214880495,0 85.1114735669046,27.8588287773197,0 85.1113406620925,27.8587206666848,0 85.1101613047712,27.8581778932317,0 85.1093842400473,27.8587502589193,0 85.1092213082692,27.8588317569478,0 85.1087733464626,27.8593143750524,0 85.108650530982,27.859398546858,0 85.1083812201117,27.85879217488,0 85.107771166748,27.8593157068959,0 85.1077381241329,27.8593577048512,0 85.107618623351,27.8597114906651,0</coordinates></LinearRing></outerBoundaryIs></Polygon></MultiGeometry>
  </Placemark>
  <Placemark id="settlement_area_ward.209">
	<name>Majhitar area</name>
	<Style><LineStyle><color>ff0000ff</color></LineStyle><PolyStyle><fill>0</fill></PolyStyle></Style>
	<ExtendedData><SchemaData schemaUrl="#settlement_area_ward">
		<SimpleData name="tessellate">1</SimpleData>
		<SimpleData name="extrude">0</SimpleData>
		<SimpleData name="visibility">-1</SimpleData>
		<SimpleData name="district">NUWAKOT</SimpleData>
		<SimpleData name="gapa_napa">Bidur</SimpleData>
		<SimpleData name="new_ward_n">6</SimpleData>
	</SchemaData></ExtendedData>
      <MultiGeometry><Polygon><outerBoundaryIs><LinearRing><coordinates>85.1440783050319,27.9051644048405,0 85.1476595095621,27.9056694465325,0 85.1492470575221,27.9031499813023,0 85.1495381089442,27.9027813787038,0 85.1502959801732,27.8986296753814,0 85.152170484229,27.8909322642556,0 85.1527256692488,27.8892935485201,0 85.1541825565404,27.8829060950369,0 85.1541892754029,27.8820683250499,0 85.1541196281124,27.880263963066,0 85.1539589529675,27.8794476464645,0 85.1528157812986,27.877472193917,0 85.1525727882914,27.8771106196189,0 85.1493756997435,27.87610759568,0 85.1490509806798,27.8759649967792,0 85.1457501978155,27.8761111268902,0 85.1423476275268,27.8764725860145,0 85.1381262340398,27.8797006726324,0 85.135733089359,27.87843091838,0 85.1334557696234,27.8800803473191,0 85.133374441672,27.8802417836818,0 85.1314337291653,27.8827621036358,0 85.1313502922397,27.8848501769367,0 85.1334435288364,27.88717075554,0 85.133617649272,27.8873475997678,0 85.1378078491066,27.8906610373576,0 85.1377815153351,27.8909696342519,0 85.1391694329077,27.894571828702,0 85.1400201219895,27.9010902403912,0 85.1409962718959,27.9024273606526,0 85.1440783050319,27.9051644048405,0</coordinates></LinearRing></outerBoundaryIs></Polygon></MultiGeometry>
  </Placemark>
  <Placemark id="settlement_area_ward.210">
	<name>Bhuwanibesi</name>
	<Style><LineStyle><color>ff0000ff</color></LineStyle><PolyStyle><fill>0</fill></PolyStyle></Style>
	<ExtendedData><SchemaData schemaUrl="#settlement_area_ward">
		<SimpleData name="tessellate">1</SimpleData>
		<SimpleData name="extrude">0</SimpleData>
		<SimpleData name="visibility">-1</SimpleData>
		<SimpleData name="district">NUWAKOT</SimpleData>
		<SimpleData name="gapa_napa">Bidur</SimpleData>
		<SimpleData name="new_ward_n">6</SimpleData>
	</SchemaData></ExtendedData>
      <MultiGeometry><Polygon><outerBoundaryIs><LinearRing><coordinates>85.1131389973071,27.8720415334407,0 85.1156203932941,27.8764491156751,0 85.1203832745065,27.8789055806865,0 85.1220155602596,27.8788716974858,0 85.1221200220758,27.8788400022289,0 85.1252730164945,27.8779951302018,0 85.1255007352494,27.8764353526051,0 85.1254941405231,27.8760282540893,0 85.1252242160468,27.8752017880983,0 85.1250860867781,27.8751176829342,0 85.1248903052902,27.8749779681561,0 85.1217855528432,27.873483155809,0 85.1213792445048,27.8733245647659,0 85.1210259742382,27.8731930659973,0 85.1160510591451,27.8710415714546,0 85.1156760669929,27.8708712351613,0 85.1151876889555,27.8706295752719,0 85.1144301912908,27.8708485908787,0 85.1140156666812,27.8711915668225,0 85.1131389973071,27.8720415334407,0</coordinates></LinearRing></outerBoundaryIs></Polygon></MultiGeometry>
  </Placemark>
  <Placemark id="settlement_area_ward.211">
	<name>Angaputar gym area</name>
	<Style><LineStyle><color>ff0000ff</color></LineStyle><PolyStyle><fill>0</fill></PolyStyle></Style>
	<ExtendedData><SchemaData schemaUrl="#settlement_area_ward">
		<SimpleData name="tessellate">1</SimpleData>
		<SimpleData name="extrude">0</SimpleData>
		<SimpleData name="visibility">-1</SimpleData>
		<SimpleData name="district">NUWAKOT</SimpleData>
		<SimpleData name="gapa_napa">Bidur</SimpleData>
		<SimpleData name="new_ward_n">9</SimpleData>
	</SchemaData></ExtendedData>
      <MultiGeometry><Polygon><outerBoundaryIs><LinearRing><coordinates>85.1576935318042,27.9571589163726,0 85.1597339532808,27.9582314674989,0 85.1610442997961,27.9560653416893,0 85.1615341279537,27.9541769551532,0 85.1615771193511,27.9518012123856,0 85.1616142452821,27.9494088686179,0 85.1603968343692,27.9476221742441,0 85.1592274962281,27.9470046660337,0 85.1583037356637,27.9472250971738,0 85.1579452608179,27.9499119462321,0 85.156276793152,27.9500558327104,0 85.1554065828458,27.9489997258344,0 85.1544122236631,27.9490906399527,0 85.1534392691552,27.9507268846423,0 85.1576935318042,27.9571589163726,0</coordinates></LinearRing></outerBoundaryIs></Polygon></MultiGeometry>
  </Placemark>
  <Placemark id="settlement_area_ward.212">
	<name>Sitanki Nuwakot</name>
	<Style><LineStyle><color>ff0000ff</color></LineStyle><PolyStyle><fill>0</fill></PolyStyle></Style>
	<ExtendedData><SchemaData schemaUrl="#settlement_area_ward">
		<SimpleData name="tessellate">1</SimpleData>
		<SimpleData name="extrude">0</SimpleData>
		<SimpleData name="visibility">-1</SimpleData>
		<SimpleData name="district">NUWAKOT</SimpleData>
		<SimpleData name="gapa_napa">Bidur</SimpleData>
		<SimpleData name="new_ward_n">9</SimpleData>
	</SchemaData></ExtendedData>
      <MultiGeometry><Polygon><outerBoundaryIs><LinearRing><coordinates>85.1513850810421,27.9418964608766,0 85.1621272266429,27.9482754760164,0 85.1610102263644,27.9452447439104,0 85.1592896523238,27.941181233131,0 85.1592079774938,27.9410213135833,0 85.1568310175253,27.9375749834172,0 85.154536497378,27.934740044251,0 85.1534753584088,27.9339927850266,0 85.1515699283702,27.9344564807342,0 85.1491300905484,27.9344743083946,0 85.1477630480329,27.9348815909823,0 85.1477426201085,27.9349902423347,0 85.1484708599121,27.9373959621136,0 85.1485555293714,27.9374907667121,0 85.1503927243298,27.9399872061607,0 85.1513850810421,27.9418964608766,0</coordinates></LinearRing></outerBoundaryIs></Polygon></MultiGeometry>
  </Placemark>
  <Placemark id="settlement_area_ward.213">
	<name>Trihuli Bazar</name>
	<Style><LineStyle><color>ff0000ff</color></LineStyle><PolyStyle><fill>0</fill></PolyStyle></Style>
	<ExtendedData><SchemaData schemaUrl="#settlement_area_ward">
		<SimpleData name="tessellate">1</SimpleData>
		<SimpleData name="extrude">0</SimpleData>
		<SimpleData name="visibility">-1</SimpleData>
		<SimpleData name="district">NUWAKOT</SimpleData>
		<SimpleData name="gapa_napa">Bidur</SimpleData>
		<SimpleData name="new_ward_n">9</SimpleData>
	</SchemaData></ExtendedData>
      <MultiGeometry><Polygon><outerBoundaryIs><LinearRing><coordinates>85.1453601598002,27.9207937804689,0 85.1472526469467,27.9291183483587,0 85.1499506825199,27.9276645310788,0 85.1507575718352,27.9255689239917,0 85.1511029453361,27.923856921294,0 85.1510470120306,27.9228037148833,0 85.1497830334143,27.921909470991,0 85.1483576423867,27.9212697119245,0 85.1468216585397,27.9208470861519,0 85.1453601598002,27.9207937804689,0</coordinates></LinearRing></outerBoundaryIs></Polygon></MultiGeometry>
  </Placemark>
  <Placemark id="settlement_area_ward.214">
	<name>Darshantar</name>
	<Style><LineStyle><color>ff0000ff</color></LineStyle><PolyStyle><fill>0</fill></PolyStyle></Style>
	<ExtendedData><SchemaData schemaUrl="#settlement_area_ward">
		<SimpleData name="tessellate">1</SimpleData>
		<SimpleData name="extrude">0</SimpleData>
		<SimpleData name="visibility">-1</SimpleData>
		<SimpleData name="district">NUWAKOT</SimpleData>
		<SimpleData name="gapa_napa">Tarkeshwar</SimpleData>
		<SimpleData name="new_ward_n">4</SimpleData>
	</SchemaData></ExtendedData>
      <MultiGeometry><Polygon><outerBoundaryIs><LinearRing><coordinates>85.0569417499623,27.8586428124747,0 85.0526343405897,27.8576461688501,0 85.0483025888489,27.8566442811038,0 85.0459801907298,27.8566262305452,0 85.0451877077212,27.8569929361772,0 85.0447736309088,27.8578991117983,0 85.0454226433884,27.8584733424346,0 85.0468349198378,27.8587317738969,0 85.0478643730206,27.8591392267361,0 85.0497805204344,27.8593818877087,0 85.0499400342006,27.8594165127614,0 85.0518051914065,27.8595586431918,0 85.0530868349312,27.8605456000329,0 85.0553459942587,27.8609273654197,0 85.0558340023927,27.8611078423114,0 85.0566076944537,27.8614832907299,0 85.057855149856,27.861282085631,0 85.0580235961995,27.8612505927028,0 85.0587511564284,27.8603960688071,0 85.058117999711,27.8596322182184,0 85.0569417499623,27.8586428124747,0</coordinates></LinearRing></outerBoundaryIs></Polygon></MultiGeometry>
  </Placemark>
  <Placemark id="settlement_area_ward.215">
	<name>35 kilo</name>
	<Style><LineStyle><color>ff0000ff</color></LineStyle><PolyStyle><fill>0</fill></PolyStyle></Style>
	<ExtendedData><SchemaData schemaUrl="#settlement_area_ward">
		<SimpleData name="tessellate">1</SimpleData>
		<SimpleData name="extrude">0</SimpleData>
		<SimpleData name="visibility">-1</SimpleData>
		<SimpleData name="district">NUWAKOT</SimpleData>
		<SimpleData name="gapa_napa">Tarkeshwar</SimpleData>
		<SimpleData name="new_ward_n">4</SimpleData>
	</SchemaData></ExtendedData>
      <MultiGeometry><Polygon><outerBoundaryIs><LinearRing><coordinates>85.0458567520421,27.8493946243567,0 85.031658664195,27.84691789839,0 85.0315190329541,27.8470722616904,0 85.0308154344405,27.8484841964149,0 85.0308012906199,27.8487587442072,0 85.0308107714381,27.8498998530958,0 85.030927448399,27.8503012588781,0 85.0318561946744,27.8519491961029,0 85.0343835365077,27.8534030298453,0 85.0381519502747,27.8527844431572,0 85.0404242477636,27.8541696405835,0 85.0412164057655,27.8557880986628,0 85.0414729537355,27.8557752640704,0 85.0434090763438,27.8560070171702,0 85.0452782714034,27.8555848787722,0 85.0449055563983,27.8524077970669,0 85.0481601874215,27.8517407624641,0 85.048310608727,27.8504713399686,0 85.0480114968259,27.8503350808423,0 85.0458567520421,27.8493946243567,0</coordinates></LinearRing></outerBoundaryIs></Polygon></MultiGeometry>
  </Placemark>
  <Placemark id="settlement_area_ward.216">
	<name>Tarkeshwor ward office 2 area</name>
	<Style><LineStyle><color>ff0000ff</color></LineStyle><PolyStyle><fill>0</fill></PolyStyle></Style>
	<ExtendedData><SchemaData schemaUrl="#settlement_area_ward">
		<SimpleData name="tessellate">1</SimpleData>
		<SimpleData name="extrude">0</SimpleData>
		<SimpleData name="visibility">-1</SimpleData>
		<SimpleData name="district">NUWAKOT</SimpleData>
		<SimpleData name="gapa_napa">Tarkeshwar</SimpleData>
		<SimpleData name="new_ward_n">4</SimpleData>
	</SchemaData></ExtendedData>
      <MultiGeometry><Polygon><outerBoundaryIs><LinearRing><coordinates>85.0258471400901,27.8533243766502,0 85.0260271527289,27.8535464211723,0 85.0282972904995,27.8529465803205,0 85.0285567311671,27.8527816436052,0 85.0291951168964,27.851293380677,0 85.0288835698118,27.8495284230714,0 85.0284818399921,27.8485414371435,0 85.0268531740072,27.8476063183808,0 85.0267367196658,27.8475272224994,0 85.0258322709231,27.8473823352547,0 85.0257651057112,27.8473856996986,0 85.0251252440848,27.8479062981638,0 85.0257553697275,27.8485682357123,0 85.0264995596531,27.8493986141096,0 85.0266415904386,27.8494592890816,0 85.026782893641,27.8494974867202,0 85.0274224811719,27.8509511711523,0 85.0258471400901,27.8533243766502,0</coordinates></LinearRing></outerBoundaryIs></Polygon></MultiGeometry>
  </Placemark>
  <Placemark id="settlement_area_ward.217">
	<name>Majhitar area</name>
	<Style><LineStyle><color>ff0000ff</color></LineStyle><PolyStyle><fill>0</fill></PolyStyle></Style>
	<ExtendedData><SchemaData schemaUrl="#settlement_area_ward">
		<SimpleData name="tessellate">1</SimpleData>
		<SimpleData name="extrude">0</SimpleData>
		<SimpleData name="visibility">-1</SimpleData>
		<SimpleData name="district">NUWAKOT</SimpleData>
		<SimpleData name="gapa_napa">Bidur</SimpleData>
		<SimpleData name="new_ward_n">12</SimpleData>
	</SchemaData></ExtendedData>
      <MultiGeometry><Polygon><outerBoundaryIs><LinearRing><coordinates>85.1440783050319,27.9051644048405,0 85.1476595095621,27.9056694465325,0 85.1492470575221,27.9031499813023,0 85.1495381089442,27.9027813787038,0 85.1502959801732,27.8986296753814,0 85.152170484229,27.8909322642556,0 85.1527256692488,27.8892935485201,0 85.1541825565404,27.8829060950369,0 85.1541892754029,27.8820683250499,0 85.1541196281124,27.880263963066,0 85.1539589529675,27.8794476464645,0 85.1528157812986,27.877472193917,0 85.1525727882914,27.8771106196189,0 85.1493756997435,27.87610759568,0 85.1490509806798,27.8759649967792,0 85.1457501978155,27.8761111268902,0 85.1423476275268,27.8764725860145,0 85.1381262340398,27.8797006726324,0 85.135733089359,27.87843091838,0 85.1334557696234,27.8800803473191,0 85.133374441672,27.8802417836818,0 85.1314337291653,27.8827621036358,0 85.1313502922397,27.8848501769367,0 85.1334435288364,27.88717075554,0 85.133617649272,27.8873475997678,0 85.1378078491066,27.8906610373576,0 85.1377815153351,27.8909696342519,0 85.1391694329077,27.894571828702,0 85.1400201219895,27.9010902403912,0 85.1409962718959,27.9024273606526,0 85.1440783050319,27.9051644048405,0</coordinates></LinearRing></outerBoundaryIs></Polygon></MultiGeometry>
  </Placemark>
  <Placemark id="settlement_area_ward.218">
	<name>Chargahare</name>
	<Style><LineStyle><color>ff0000ff</color></LineStyle><PolyStyle><fill>0</fill></PolyStyle></Style>
	<ExtendedData><SchemaData schemaUrl="#settlement_area_ward">
		<SimpleData name="tessellate">1</SimpleData>
		<SimpleData name="extrude">0</SimpleData>
		<SimpleData name="visibility">-1</SimpleData>
		<SimpleData name="district">NUWAKOT</SimpleData>
		<SimpleData name="gapa_napa">Bidur</SimpleData>
		<SimpleData name="new_ward_n">12</SimpleData>
	</SchemaData></ExtendedData>
      <MultiGeometry><Polygon><outerBoundaryIs><LinearRing><coordinates>85.1079653990544,27.8987506827401,0 85.1091597939141,27.9027717780521,0 85.1186126750244,27.9005370613256,0 85.1206585046121,27.894286695101,0 85.118447943096,27.8918453880789,0 85.1179843394757,27.8918459726666,0 85.1175628786344,27.8918465040762,0 85.1169333944251,27.8918054633385,0 85.1100181028207,27.8937757885253,0 85.1098485783984,27.8940813141039,0 85.1079653990544,27.8987506827401,0</coordinates></LinearRing></outerBoundaryIs></Polygon></MultiGeometry>
  </Placemark>
  <Placemark id="settlement_area_ward.219">
	<name>Mini-galchhi</name>
	<Style><LineStyle><color>ff0000ff</color></LineStyle><PolyStyle><fill>0</fill></PolyStyle></Style>
	<ExtendedData><SchemaData schemaUrl="#settlement_area_ward">
		<SimpleData name="tessellate">1</SimpleData>
		<SimpleData name="extrude">0</SimpleData>
		<SimpleData name="visibility">-1</SimpleData>
		<SimpleData name="district">NUWAKOT</SimpleData>
		<SimpleData name="gapa_napa">Belkotgadhi</SimpleData>
		<SimpleData name="new_ward_n">5</SimpleData>
	</SchemaData></ExtendedData>
      <MultiGeometry><Polygon><outerBoundaryIs><LinearRing><coordinates>85.0239178247136,27.8356981400824,0 85.0244342957314,27.8367124585317,0 85.0249560619705,27.8351989506528,0 85.0248289341725,27.834031308274,0 85.0248263546529,27.8338800883988,0 85.0244841514983,27.8331949881578,0 85.0240071003297,27.8320278355809,0 85.0230032048773,27.8295741713695,0 85.022220714032,27.8273055067631,0 85.0220142513084,27.826534703711,0 85.0207723383313,27.8263104898476,0 85.0200130575578,27.8274727523269,0 85.0198248922287,27.8283725495882,0 85.0198222269067,27.8290645411301,0 85.0206378206862,27.8299170720879,0 85.021837693494,27.8311378888803,0 85.0223823244471,27.8322682296418,0 85.0229694609699,27.8331455575288,0 85.0233121065074,27.8340968401116,0 85.0239178247136,27.8356981400824,0</coordinates></LinearRing></outerBoundaryIs></Polygon></MultiGeometry>
  </Placemark>
  <Placemark id="settlement_area_ward.220">
	<name>Musera gaau</name>
	<Style><LineStyle><color>ff0000ff</color></LineStyle><PolyStyle><fill>0</fill></PolyStyle></Style>
	<ExtendedData><SchemaData schemaUrl="#settlement_area_ward">
		<SimpleData name="tessellate">1</SimpleData>
		<SimpleData name="extrude">0</SimpleData>
		<SimpleData name="visibility">-1</SimpleData>
		<SimpleData name="district">NUWAKOT</SimpleData>
		<SimpleData name="gapa_napa">Belkotgadhi</SimpleData>
		<SimpleData name="new_ward_n">5</SimpleData>
	</SchemaData></ExtendedData>
      <MultiGeometry><Polygon><outerBoundaryIs><LinearRing><coordinates>85.0248735822116,27.8312095814254,0 85.0261631218266,27.8336070614282,0 85.0298999415206,27.832268519653,0 85.0300716349658,27.8312198479849,0 85.0299109933487,27.8298546386727,0 85.0278406010967,27.8279983260928,0 85.0251741684221,27.8288041596519,0 85.0248735822116,27.8312095814254,0</coordinates></LinearRing></outerBoundaryIs></Polygon></MultiGeometry>
  </Placemark>
  <Placemark id="settlement_area_ward.221">
	<name>Kolpurtar</name>
	<Style><LineStyle><color>ff0000ff</color></LineStyle><PolyStyle><fill>0</fill></PolyStyle></Style>
	<ExtendedData><SchemaData schemaUrl="#settlement_area_ward">
		<SimpleData name="tessellate">1</SimpleData>
		<SimpleData name="extrude">0</SimpleData>
		<SimpleData name="visibility">-1</SimpleData>
		<SimpleData name="district">NUWAKOT</SimpleData>
		<SimpleData name="gapa_napa">Belkotgadhi</SimpleData>
		<SimpleData name="new_ward_n">5</SimpleData>
	</SchemaData></ExtendedData>
      <MultiGeometry><Polygon><outerBoundaryIs><LinearRing><coordinates>85.0183827005465,27.8218948611972,0 85.0264693943503,27.8222861241481,0 85.0270597805801,27.8196134619919,0 85.0260503516964,27.8159859683918,0 85.023798818128,27.8128785715602,0 85.0230124554726,27.8117744084753,0 85.0186329175213,27.8099368461381,0 85.0184445835136,27.809760410372,0 85.0156832270652,27.8095660530464,0 85.0134681177587,27.80975805786,0 85.0130023565401,27.8114878587235,0 85.0130114067203,27.8147096806334,0 85.0158910130499,27.8182548591417,0 85.018223522253,27.8219028693549,0 85.0183827005465,27.8218948611972,0</coordinates></LinearRing></outerBoundaryIs></Polygon></MultiGeometry>
  </Placemark>
  <Placemark id="settlement_area_ward.222">
	<name>Ghartitar</name>
	<Style><LineStyle><color>ff0000ff</color></LineStyle><PolyStyle><fill>0</fill></PolyStyle></Style>
	<ExtendedData><SchemaData schemaUrl="#settlement_area_ward">
		<SimpleData name="tessellate">1</SimpleData>
		<SimpleData name="extrude">0</SimpleData>
		<SimpleData name="visibility">-1</SimpleData>
		<SimpleData name="district">NUWAKOT</SimpleData>
		<SimpleData name="gapa_napa">Belkotgadhi</SimpleData>
		<SimpleData name="new_ward_n">5</SimpleData>
	</SchemaData></ExtendedData>
      <MultiGeometry><Polygon><outerBoundaryIs><LinearRing><coordinates>85.0130411060348,27.8086959157684,0 85.0070806336053,27.8072264802828,0 85.0050719031428,27.8087284837227,0 85.0030441982402,27.8103137687273,0 85.0069314841715,27.811432221469,0 85.0094022205691,27.8125680566186,0 85.0095752721903,27.8126033666036,0 85.0107880587057,27.8115400925047,0 85.0127126032193,27.8089995288256,0 85.0130411060348,27.8086959157684,0</coordinates></LinearRing></outerBoundaryIs></Polygon></MultiGeometry>
  </Placemark>
  <Placemark id="settlement_area_ward.223">
	<name>Raj hardware area</name>
	<Style><LineStyle><color>ff0000ff</color></LineStyle><PolyStyle><fill>0</fill></PolyStyle></Style>
	<ExtendedData><SchemaData schemaUrl="#settlement_area_ward">
		<SimpleData name="tessellate">1</SimpleData>
		<SimpleData name="extrude">0</SimpleData>
		<SimpleData name="visibility">-1</SimpleData>
		<SimpleData name="district">NUWAKOT</SimpleData>
		<SimpleData name="gapa_napa">Bidur</SimpleData>
		<SimpleData name="new_ward_n">10</SimpleData>
	</SchemaData></ExtendedData>
      <MultiGeometry><Polygon><outerBoundaryIs><LinearRing><coordinates>85.1781618869657,27.9730734049938,0 85.1816374506769,27.9753385024026,0 85.1823075356671,27.9735081447109,0 85.1813499319593,27.9714324889529,0 85.1800732757407,27.9695187603508,0 85.1772766791333,27.9684269050076,0 85.1759584461876,27.9696042292619,0 85.1781618869657,27.9730734049938,0</coordinates></LinearRing></outerBoundaryIs></Polygon></MultiGeometry>
  </Placemark>
  <Placemark id="settlement_area_ward.224">
	<name>Betrawati bazar</name>
	<Style><LineStyle><color>ff0000ff</color></LineStyle><PolyStyle><fill>0</fill></PolyStyle></Style>
	<ExtendedData><SchemaData schemaUrl="#settlement_area_ward">
		<SimpleData name="tessellate">1</SimpleData>
		<SimpleData name="extrude">0</SimpleData>
		<SimpleData name="visibility">-1</SimpleData>
		<SimpleData name="district">NUWAKOT</SimpleData>
		<SimpleData name="gapa_napa">Bidur</SimpleData>
		<SimpleData name="new_ward_n">10</SimpleData>
	</SchemaData></ExtendedData>
      <MultiGeometry><Polygon><outerBoundaryIs><LinearRing><coordinates>85.1852154709754,27.9739967144853,0 85.185824416023,27.9743887714353,0 85.1874209372776,27.9747409431776,0 85.1877939075163,27.9740027575488,0 85.1878071825133,27.9739515706145,0 85.1877664682985,27.9735242124117,0 85.1875428178845,27.9732185009566,0 85.1872218917972,27.9738610641544,0 85.1865976999788,27.9743115438166,0 85.1866091225191,27.9735215733094,0 85.1862439004048,27.9725238598135,0 85.1860534043067,27.9719339665353,0 85.1855558402097,27.9708557126717,0 85.1849103589343,27.9697809912541,0 85.1829968354475,27.9687690700328,0 85.1810638748535,27.9680506066107,0 85.1802123641101,27.967618890096,0 85.1794452798859,27.9675238448074,0 85.1788786916826,27.9678000812474,0 85.1791847253129,27.9681698175161,0 85.1798697675627,27.9687395734438,0 85.1812454997565,27.9694218117433,0 85.1829220609905,27.9701608121264,0 85.1837736405449,27.9706660575872,0 85.1843578703168,27.9711134020232,0 85.1843889448559,27.9711539900782,0 85.1846309505224,27.9720510005804,0 85.1848369716882,27.9729736416806,0 85.1852154709754,27.9739967144853,0</coordinates></LinearRing></outerBoundaryIs></Polygon></MultiGeometry>
  </Placemark>
  <Placemark id="settlement_area_ward.225">
	<name>siyale</name>
	<Style><LineStyle><color>ff0000ff</color></LineStyle><PolyStyle><fill>0</fill></PolyStyle></Style>
	<ExtendedData><SchemaData schemaUrl="#settlement_area_ward">
		<SimpleData name="tessellate">1</SimpleData>
		<SimpleData name="extrude">0</SimpleData>
		<SimpleData name="visibility">-1</SimpleData>
		<SimpleData name="district">NUWAKOT</SimpleData>
		<SimpleData name="gapa_napa">Bidur</SimpleData>
		<SimpleData name="new_ward_n">10</SimpleData>
	</SchemaData></ExtendedData>
      <MultiGeometry><Polygon><outerBoundaryIs><LinearRing><coordinates>85.1867085880684,27.9700809551458,0 85.1892739747755,27.9700608078234,0 85.1900487585243,27.9696427572557,0 85.1901107113483,27.969582196457,0 85.1904602581078,27.9690131558365,0 85.1905070280699,27.9688283575669,0 85.1906762479175,27.9682223011616,0 85.1907045017458,27.9679720392581,0 85.1902964826967,27.9669645182135,0 85.1902327907378,27.9667562683104,0 85.189979830949,27.9663494471992,0 85.1899544293055,27.9662734444202,0 85.1889823242068,27.9657982779166,0 85.1889242515304,27.9657617904657,0 85.1882219407395,27.9657516968826,0 85.1881509786896,27.9657697684005,0 85.1869897532224,27.9666143765885,0 85.1863394259996,27.9684697668081,0 85.1867085880684,27.9700809551458,0</coordinates></LinearRing></outerBoundaryIs></Polygon></MultiGeometry>
  </Placemark>
  <Placemark id="settlement_area_ward.226">
	<name>Bhainse Aama New Bridge</name>
	<Style><LineStyle><color>ff0000ff</color></LineStyle><PolyStyle><fill>0</fill></PolyStyle></Style>
	<ExtendedData><SchemaData schemaUrl="#settlement_area_ward">
		<SimpleData name="tessellate">1</SimpleData>
		<SimpleData name="extrude">0</SimpleData>
		<SimpleData name="visibility">-1</SimpleData>
		<SimpleData name="district">NUWAKOT</SimpleData>
		<SimpleData name="gapa_napa">Bidur</SimpleData>
		<SimpleData name="new_ward_n">10</SimpleData>
	</SchemaData></ExtendedData>
      <MultiGeometry><Polygon><outerBoundaryIs><LinearRing><coordinates>85.1756742513942,27.9647104884293,0 85.1759707880595,27.9638022895046,0 85.1745593827309,27.9627095144765,0 85.1739647306946,27.9618054810708,0 85.1739351960336,27.9617420869261,0 85.1715557147486,27.9604799183567,0 85.1713898517859,27.9603643551759,0 85.1699281891514,27.9586688187493,0 85.1697242311785,27.9585575512052,0 85.1689935897669,27.9574976015565,0 85.1677195218612,27.9576286689413,0 85.1685464285113,27.9595895145285,0 85.1691135930296,27.9607919149206,0 85.1709263607803,27.9621078927806,0 85.1730606251079,27.963869095036,0 85.1756742513942,27.9647104884293,0</coordinates></LinearRing></outerBoundaryIs></Polygon></MultiGeometry>
  </Placemark>
  <Placemark id="settlement_area_ward.227">
	<name>Thulo dhunga area</name>
	<Style><LineStyle><color>ff0000ff</color></LineStyle><PolyStyle><fill>0</fill></PolyStyle></Style>
	<ExtendedData><SchemaData schemaUrl="#settlement_area_ward">
		<SimpleData name="tessellate">1</SimpleData>
		<SimpleData name="extrude">0</SimpleData>
		<SimpleData name="visibility">-1</SimpleData>
		<SimpleData name="district">NUWAKOT</SimpleData>
		<SimpleData name="gapa_napa">Bidur</SimpleData>
		<SimpleData name="new_ward_n">10</SimpleData>
	</SchemaData></ExtendedData>
      <MultiGeometry><Polygon><outerBoundaryIs><LinearRing><coordinates>85.1641127221412,27.9564655940333,0 85.1655722443624,27.9560190321863,0 85.1654980351297,27.9554883508238,0 85.1654733546955,27.9550484690927,0 85.1651072227072,27.952837735897,0 85.1650794865631,27.9525399425116,0 85.1650764168873,27.9524759542151,0 85.1650240946035,27.9511201738436,0 85.1645196001844,27.950457026355,0 85.1633606077264,27.950839936307,0 85.1633347373591,27.9509203511858,0 85.1633216976448,27.9509665026757,0 85.1632361212322,27.951810612413,0 85.1632345704536,27.9519457381801,0 85.1633406137065,27.9534611610803,0 85.1633814996209,27.9535020632221,0 85.1637589240783,27.9547779608638,0 85.1641127221412,27.9564655940333,0</coordinates></LinearRing></outerBoundaryIs></Polygon></MultiGeometry>
  </Placemark>
  <Placemark id="settlement_area_ward.228">
	<name>Pipal dada</name>
	<Style><LineStyle><color>ff0000ff</color></LineStyle><PolyStyle><fill>0</fill></PolyStyle></Style>
	<ExtendedData><SchemaData schemaUrl="#settlement_area_ward">
		<SimpleData name="tessellate">1</SimpleData>
		<SimpleData name="extrude">0</SimpleData>
		<SimpleData name="visibility">-1</SimpleData>
		<SimpleData name="district">NUWAKOT</SimpleData>
		<SimpleData name="gapa_napa">Bidur</SimpleData>
		<SimpleData name="new_ward_n">10</SimpleData>
	</SchemaData></ExtendedData>
      <MultiGeometry><Polygon><outerBoundaryIs><LinearRing><coordinates>85.1684833046783,27.9551627088289,0 85.169506765906,27.9546583708331,0 85.1699373510212,27.9545302617573,0 85.1703457810806,27.9543294002454,0 85.1705890883425,27.9541728341018,0 85.1708335534979,27.9540490377739,0 85.171089010667,27.9538856743156,0 85.1712163302867,27.9537140811433,0 85.171322132418,27.9534166095141,0 85.1712975258502,27.9530779940809,0 85.1711919949754,27.952692661281,0 85.170073120289,27.9514200983168,0 85.1695904305493,27.9511485037069,0 85.1692489950372,27.9510349864627,0 85.1690199781726,27.9510346171029,0 85.1688249011252,27.9510343024048,0 85.1687664628012,27.9510502757356,0 85.1675109642297,27.9512101574731,0 85.167166401529,27.9514318698917,0 85.1668037719224,27.9517515230012,0 85.1662695035686,27.9530399154351,0 85.166288184663,27.9536342983299,0 85.1662951713559,27.9538964460129,0 85.1663615245129,27.9541330501922,0 85.1664388493673,27.9543741086003,0 85.1670362656663,27.9547398620676,0 85.1679600036171,27.9550609515628,0 85.1684833046783,27.9551627088289,0</coordinates></LinearRing></outerBoundaryIs></Polygon></MultiGeometry>
  </Placemark>
  <Placemark id="settlement_area_ward.229">
	<name>Gerkhutar</name>
	<Style><LineStyle><color>ff0000ff</color></LineStyle><PolyStyle><fill>0</fill></PolyStyle></Style>
	<ExtendedData><SchemaData schemaUrl="#settlement_area_ward">
		<SimpleData name="tessellate">1</SimpleData>
		<SimpleData name="extrude">0</SimpleData>
		<SimpleData name="visibility">-1</SimpleData>
		<SimpleData name="district">NUWAKOT</SimpleData>
		<SimpleData name="gapa_napa">Bidur</SimpleData>
		<SimpleData name="new_ward_n">10</SimpleData>
	</SchemaData></ExtendedData>
      <MultiGeometry><Polygon><outerBoundaryIs><LinearRing><coordinates>85.1651428560903,27.9483385313,0 85.1661246551486,27.9467792745524,0 85.1671292749568,27.9416131315855,0 85.1672185742895,27.9414396136205,0 85.1664328688871,27.9385046890518,0 85.1664722430212,27.9357316670773,0 85.1658499634536,27.9345097393344,0 85.1640409022075,27.9339482933635,0 85.1609820591812,27.9338977572338,0 85.1585519584581,27.9341022839452,0 85.1578797540012,27.9350666998426,0 85.1576151904375,27.9364833319761,0 85.1584516155618,27.9380439639745,0 85.1612165065835,27.9411368011977,0 85.1620493138919,27.9427532994792,0 85.1633612398235,27.94567285239,0 85.1651428560903,27.9483385313,0</coordinates></LinearRing></outerBoundaryIs></Polygon></MultiGeometry>
  </Placemark>
  <Placemark id="settlement_area_ward.230">
	<name>Sitanki Nuwakot</name>
	<Style><LineStyle><color>ff0000ff</color></LineStyle><PolyStyle><fill>0</fill></PolyStyle></Style>
	<ExtendedData><SchemaData schemaUrl="#settlement_area_ward">
		<SimpleData name="tessellate">1</SimpleData>
		<SimpleData name="extrude">0</SimpleData>
		<SimpleData name="visibility">-1</SimpleData>
		<SimpleData name="district">NUWAKOT</SimpleData>
		<SimpleData name="gapa_napa">Bidur</SimpleData>
		<SimpleData name="new_ward_n">10</SimpleData>
	</SchemaData></ExtendedData>
      <MultiGeometry><Polygon><outerBoundaryIs><LinearRing><coordinates>85.1513850810421,27.9418964608766,0 85.1621272266429,27.9482754760164,0 85.1610102263644,27.9452447439104,0 85.1592896523238,27.941181233131,0 85.1592079774938,27.9410213135833,0 85.1568310175253,27.9375749834172,0 85.154536497378,27.934740044251,0 85.1534753584088,27.9339927850266,0 85.1515699283702,27.9344564807342,0 85.1491300905484,27.9344743083946,0 85.1477630480329,27.9348815909823,0 85.1477426201085,27.9349902423347,0 85.1484708599121,27.9373959621136,0 85.1485555293714,27.9374907667121,0 85.1503927243298,27.9399872061607,0 85.1513850810421,27.9418964608766,0</coordinates></LinearRing></outerBoundaryIs></Polygon></MultiGeometry>
  </Placemark>
  <Placemark id="settlement_area_ward.231">
	<name>Devighat</name>
	<Style><LineStyle><color>ff0000ff</color></LineStyle><PolyStyle><fill>0</fill></PolyStyle></Style>
	<ExtendedData><SchemaData schemaUrl="#settlement_area_ward">
		<SimpleData name="tessellate">1</SimpleData>
		<SimpleData name="extrude">0</SimpleData>
		<SimpleData name="visibility">-1</SimpleData>
		<SimpleData name="district">NUWAKOT</SimpleData>
		<SimpleData name="gapa_napa">Belkotgadhi</SimpleData>
		<SimpleData name="new_ward_n">8</SimpleData>
	</SchemaData></ExtendedData>
      <MultiGeometry><Polygon><outerBoundaryIs><LinearRing><coordinates>85.107618623351,27.8597114906651,0 85.1112567322669,27.8626674329515,0 85.1117661868106,27.8613205452931,0 85.1118442470557,27.8599214880495,0 85.1114735669046,27.8588287773197,0 85.1113406620925,27.8587206666848,0 85.1101613047712,27.8581778932317,0 85.1093842400473,27.8587502589193,0 85.1092213082692,27.8588317569478,0 85.1087733464626,27.8593143750524,0 85.108650530982,27.859398546858,0 85.1083812201117,27.85879217488,0 85.107771166748,27.8593157068959,0 85.1077381241329,27.8593577048512,0 85.107618623351,27.8597114906651,0</coordinates></LinearRing></outerBoundaryIs></Polygon></MultiGeometry>
  </Placemark>
  <Placemark id="settlement_area_ward.232">
	<name>Kashitar park area</name>
	<Style><LineStyle><color>ff0000ff</color></LineStyle><PolyStyle><fill>0</fill></PolyStyle></Style>
	<ExtendedData><SchemaData schemaUrl="#settlement_area_ward">
		<SimpleData name="tessellate">1</SimpleData>
		<SimpleData name="extrude">0</SimpleData>
		<SimpleData name="visibility">-1</SimpleData>
		<SimpleData name="district">NUWAKOT</SimpleData>
		<SimpleData name="gapa_napa">Belkotgadhi</SimpleData>
		<SimpleData name="new_ward_n">8</SimpleData>
	</SchemaData></ExtendedData>
      <MultiGeometry><Polygon><outerBoundaryIs><LinearRing><coordinates>85.0882425509271,27.8572029089916,0 85.0901870573931,27.8597827736314,0 85.0948711086392,27.8602683477988,0 85.0976407840497,27.8593834346568,0 85.0990447324995,27.8589461490641,0 85.1003784597891,27.857530210381,0 85.0999839097102,27.8566449501112,0 85.096950635193,27.8561977794528,0 85.093827433653,27.8567159167947,0 85.0900470825728,27.8571919071656,0 85.089635007891,27.8554727080331,0 85.088908169911,27.8544562098881,0 85.0880889993831,27.8554750099951,0 85.0882425509271,27.8572029089916,0</coordinates></LinearRing></outerBoundaryIs></Polygon></MultiGeometry>
  </Placemark>
  <Placemark id="settlement_area_ward.233">
	<name>Radhe radhe khana pasal area</name>
	<Style><LineStyle><color>ff0000ff</color></LineStyle><PolyStyle><fill>0</fill></PolyStyle></Style>
	<ExtendedData><SchemaData schemaUrl="#settlement_area_ward">
		<SimpleData name="tessellate">1</SimpleData>
		<SimpleData name="extrude">0</SimpleData>
		<SimpleData name="visibility">-1</SimpleData>
		<SimpleData name="district">NUWAKOT</SimpleData>
		<SimpleData name="gapa_napa">Belkotgadhi</SimpleData>
		<SimpleData name="new_ward_n">8</SimpleData>
	</SchemaData></ExtendedData>
      <MultiGeometry><Polygon><outerBoundaryIs><LinearRing><coordinates>85.0844448814064,27.8558639022009,0 85.0846352689865,27.8538386679601,0 85.0837327837274,27.8528608936712,0 85.0823500953419,27.8524101398393,0 85.0803142439572,27.8507207183317,0 85.0782494006819,27.850870315714,0 85.0754847168358,27.8517878429108,0 85.077217500811,27.8532537147555,0 85.0792217580115,27.855744608619,0 85.079237440739,27.8558232255056,0 85.0792345017522,27.8559030602495,0 85.0817117690149,27.8563865586738,0 85.0843354451397,27.8559097128779,0 85.0844448814064,27.8558639022009,0</coordinates></LinearRing></outerBoundaryIs></Polygon></MultiGeometry>
  </Placemark>
  <Placemark id="settlement_area_ward.234">
	<name>Mango garden</name>
	<Style><LineStyle><color>ff0000ff</color></LineStyle><PolyStyle><fill>0</fill></PolyStyle></Style>
	<ExtendedData><SchemaData schemaUrl="#settlement_area_ward">
		<SimpleData name="tessellate">1</SimpleData>
		<SimpleData name="extrude">0</SimpleData>
		<SimpleData name="visibility">-1</SimpleData>
		<SimpleData name="district">NUWAKOT</SimpleData>
		<SimpleData name="gapa_napa">Bidur</SimpleData>
		<SimpleData name="new_ward_n">3</SimpleData>
	</SchemaData></ExtendedData>
      <MultiGeometry><Polygon><outerBoundaryIs><LinearRing><coordinates>85.098495703101,27.8623000045374,0 85.1076193038509,27.8651225020188,0 85.109235787607,27.8648443666301,0 85.1095450832714,27.8628607436411,0 85.1080246484511,27.8610835429066,0 85.1065173815734,27.8598464566282,0 85.1055780119449,27.8594467329729,0 85.1054561597593,27.8594380975009,0 85.1053796100213,27.8594272239365,0 85.1038756757831,27.8591821075378,0 85.1038159522203,27.8591850740319,0 85.1014681908769,27.8589310923651,0 85.1001627652703,27.8599672858352,0 85.1000045608152,27.8600647919086,0 85.099942574916,27.8600828559179,0 85.0986060102538,27.8614062459557,0 85.0985782387291,27.8615204168118,0 85.098495703101,27.8623000045374,0</coordinates></LinearRing></outerBoundaryIs></Polygon></MultiGeometry>
  </Placemark>
  <Placemark id="settlement_area_ward.235">
	<name>Kashitar park area</name>
	<Style><LineStyle><color>ff0000ff</color></LineStyle><PolyStyle><fill>0</fill></PolyStyle></Style>
	<ExtendedData><SchemaData schemaUrl="#settlement_area_ward">
		<SimpleData name="tessellate">1</SimpleData>
		<SimpleData name="extrude">0</SimpleData>
		<SimpleData name="visibility">-1</SimpleData>
		<SimpleData name="district">NUWAKOT</SimpleData>
		<SimpleData name="gapa_napa">Bidur</SimpleData>
		<SimpleData name="new_ward_n">3</SimpleData>
	</SchemaData></ExtendedData>
      <MultiGeometry><Polygon><outerBoundaryIs><LinearRing><coordinates>85.0882425509271,27.8572029089916,0 85.0901870573931,27.8597827736314,0 85.0948711086392,27.8602683477988,0 85.0976407840497,27.8593834346568,0 85.0990447324995,27.8589461490641,0 85.1003784597891,27.857530210381,0 85.0999839097102,27.8566449501112,0 85.096950635193,27.8561977794528,0 85.093827433653,27.8567159167947,0 85.0900470825728,27.8571919071656,0 85.089635007891,27.8554727080331,0 85.088908169911,27.8544562098881,0 85.0880889993831,27.8554750099951,0 85.0882425509271,27.8572029089916,0</coordinates></LinearRing></outerBoundaryIs></Polygon></MultiGeometry>
  </Placemark>
  <Placemark id="settlement_area_ward.236">
	<name>Mairetar</name>
	<Style><LineStyle><color>ff0000ff</color></LineStyle><PolyStyle><fill>0</fill></PolyStyle></Style>
	<ExtendedData><SchemaData schemaUrl="#settlement_area_ward">
		<SimpleData name="tessellate">1</SimpleData>
		<SimpleData name="extrude">0</SimpleData>
		<SimpleData name="visibility">-1</SimpleData>
		<SimpleData name="district">NUWAKOT</SimpleData>
		<SimpleData name="gapa_napa">Bidur</SimpleData>
		<SimpleData name="new_ward_n">3</SimpleData>
	</SchemaData></ExtendedData>
      <MultiGeometry><Polygon><outerBoundaryIs><LinearRing><coordinates>85.0876820172994,27.8628218423155,0 85.0880509863113,27.8605829060012,0 85.0876526518703,27.8592249166338,0 85.0867603263857,27.8586769167385,0 85.0846052635755,27.858262402122,0 85.0814744979976,27.8572494400646,0 85.0790757184442,27.8563522163742,0 85.0761001956757,27.8557641251173,0 85.075854377894,27.8556365750525,0 85.0745075265855,27.8549313079285,0 85.0716904282582,27.8544769576651,0 85.070583149403,27.8562355966312,0 85.0705697793899,27.8563209081111,0 85.0705339628417,27.8565494443625,0 85.0702622842464,27.859038142408,0 85.0701758592818,27.8626014697276,0 85.074960136338,27.8647250712965,0 85.0754986029345,27.8648418359806,0 85.0826996526235,27.8652822879447,0 85.0834192457379,27.865246404377,0 85.0847220304763,27.8643099708278,0 85.0853501640103,27.8639212798999,0 85.0876820172994,27.8628218423155,0</coordinates></LinearRing></outerBoundaryIs></Polygon></MultiGeometry>
  </Placemark>
  <Placemark id="settlement_area_ward.237">
	<name>Radhe radhe khana pasal area</name>
	<Style><LineStyle><color>ff0000ff</color></LineStyle><PolyStyle><fill>0</fill></PolyStyle></Style>
	<ExtendedData><SchemaData schemaUrl="#settlement_area_ward">
		<SimpleData name="tessellate">1</SimpleData>
		<SimpleData name="extrude">0</SimpleData>
		<SimpleData name="visibility">-1</SimpleData>
		<SimpleData name="district">NUWAKOT</SimpleData>
		<SimpleData name="gapa_napa">Bidur</SimpleData>
		<SimpleData name="new_ward_n">3</SimpleData>
	</SchemaData></ExtendedData>
      <MultiGeometry><Polygon><outerBoundaryIs><LinearRing><coordinates>85.0844448814064,27.8558639022009,0 85.0846352689865,27.8538386679601,0 85.0837327837274,27.8528608936712,0 85.0823500953419,27.8524101398393,0 85.0803142439572,27.8507207183317,0 85.0782494006819,27.850870315714,0 85.0754847168358,27.8517878429108,0 85.077217500811,27.8532537147555,0 85.0792217580115,27.855744608619,0 85.079237440739,27.8558232255056,0 85.0792345017522,27.8559030602495,0 85.0817117690149,27.8563865586738,0 85.0843354451397,27.8559097128779,0 85.0844448814064,27.8558639022009,0</coordinates></LinearRing></outerBoundaryIs></Polygon></MultiGeometry>
  </Placemark>
  <Placemark id="settlement_area_ward.238">
	<name>Bhudhasinga ghat area</name>
	<Style><LineStyle><color>ff0000ff</color></LineStyle><PolyStyle><fill>0</fill></PolyStyle></Style>
	<ExtendedData><SchemaData schemaUrl="#settlement_area_ward">
		<SimpleData name="tessellate">1</SimpleData>
		<SimpleData name="extrude">0</SimpleData>
		<SimpleData name="visibility">-1</SimpleData>
		<SimpleData name="district">NUWAKOT</SimpleData>
		<SimpleData name="gapa_napa">Bidur</SimpleData>
		<SimpleData name="new_ward_n">3</SimpleData>
	</SchemaData></ExtendedData>
      <MultiGeometry><Polygon><outerBoundaryIs><LinearRing><coordinates>85.0598825561388,27.858253683096,0 85.0591451957112,27.859158612828,0 85.0599503247765,27.8593381924782,0 85.0605740978689,27.8593621837434,0 85.0614133724893,27.8592098977212,0 85.0619005962209,27.8586937754416,0 85.0620613661515,27.8585234694222,0 85.0623958119769,27.8579451989359,0 85.0647344410153,27.8562010586268,0 85.0648092159739,27.8560968085415,0 85.0704633521084,27.8535658945503,0 85.0706004220951,27.853535758428,0 85.070991432528,27.8534929574643,0 85.0711069082972,27.8534871899928,0 85.0712388464,27.8531107039633,0 85.0689360124676,27.8524994867209,0 85.068798200451,27.8524615689766,0 85.065806406683,27.8527230891171,0 85.0635068283795,27.8534280021274,0 85.0604804771271,27.8531241602713,0 85.0592205237343,27.8532548757669,0 85.0574433764304,27.8533436149753,0 85.0551732127872,27.8544230683191,0 85.0567038232696,27.8555124831908,0 85.0582282858217,27.85639312367,0 85.059777151865,27.8582000224764,0 85.0598825561388,27.858253683096,0</coordinates></LinearRing></outerBoundaryIs></Polygon></MultiGeometry>
  </Placemark>
  <Placemark id="settlement_area_ward.239">
	<name>Radhe radhe khana pasal area</name>
	<Style><LineStyle><color>ff0000ff</color></LineStyle><PolyStyle><fill>0</fill></PolyStyle></Style>
	<ExtendedData><SchemaData schemaUrl="#settlement_area_ward">
		<SimpleData name="tessellate">1</SimpleData>
		<SimpleData name="extrude">0</SimpleData>
		<SimpleData name="visibility">-1</SimpleData>
		<SimpleData name="district">NUWAKOT</SimpleData>
		<SimpleData name="gapa_napa">Belkotgadhi</SimpleData>
		<SimpleData name="new_ward_n">7</SimpleData>
	</SchemaData></ExtendedData>
      <MultiGeometry><Polygon><outerBoundaryIs><LinearRing><coordinates>85.0844448814064,27.8558639022009,0 85.0846352689865,27.8538386679601,0 85.0837327837274,27.8528608936712,0 85.0823500953419,27.8524101398393,0 85.0803142439572,27.8507207183317,0 85.0782494006819,27.850870315714,0 85.0754847168358,27.8517878429108,0 85.077217500811,27.8532537147555,0 85.0792217580115,27.855744608619,0 85.079237440739,27.8558232255056,0 85.0792345017522,27.8559030602495,0 85.0817117690149,27.8563865586738,0 85.0843354451397,27.8559097128779,0 85.0844448814064,27.8558639022009,0</coordinates></LinearRing></outerBoundaryIs></Polygon></MultiGeometry>
  </Placemark>
  <Placemark id="settlement_area_ward.240">
	<name>Bhudhasinga ghat area</name>
	<Style><LineStyle><color>ff0000ff</color></LineStyle><PolyStyle><fill>0</fill></PolyStyle></Style>
	<ExtendedData><SchemaData schemaUrl="#settlement_area_ward">
		<SimpleData name="tessellate">1</SimpleData>
		<SimpleData name="extrude">0</SimpleData>
		<SimpleData name="visibility">-1</SimpleData>
		<SimpleData name="district">NUWAKOT</SimpleData>
		<SimpleData name="gapa_napa">Belkotgadhi</SimpleData>
		<SimpleData name="new_ward_n">7</SimpleData>
	</SchemaData></ExtendedData>
      <MultiGeometry><Polygon><outerBoundaryIs><LinearRing><coordinates>85.0598825561388,27.858253683096,0 85.0591451957112,27.859158612828,0 85.0599503247765,27.8593381924782,0 85.0605740978689,27.8593621837434,0 85.0614133724893,27.8592098977212,0 85.0619005962209,27.8586937754416,0 85.0620613661515,27.8585234694222,0 85.0623958119769,27.8579451989359,0 85.0647344410153,27.8562010586268,0 85.0648092159739,27.8560968085415,0 85.0704633521084,27.8535658945503,0 85.0706004220951,27.853535758428,0 85.070991432528,27.8534929574643,0 85.0711069082972,27.8534871899928,0 85.0712388464,27.8531107039633,0 85.0689360124676,27.8524994867209,0 85.068798200451,27.8524615689766,0 85.065806406683,27.8527230891171,0 85.0635068283795,27.8534280021274,0 85.0604804771271,27.8531241602713,0 85.0592205237343,27.8532548757669,0 85.0574433764304,27.8533436149753,0 85.0551732127872,27.8544230683191,0 85.0567038232696,27.8555124831908,0 85.0582282858217,27.85639312367,0 85.059777151865,27.8582000224764,0 85.0598825561388,27.858253683096,0</coordinates></LinearRing></outerBoundaryIs></Polygon></MultiGeometry>
  </Placemark>
  <Placemark id="settlement_area_ward.241">
	<name>35 kilo</name>
	<Style><LineStyle><color>ff0000ff</color></LineStyle><PolyStyle><fill>0</fill></PolyStyle></Style>
	<ExtendedData><SchemaData schemaUrl="#settlement_area_ward">
		<SimpleData name="tessellate">1</SimpleData>
		<SimpleData name="extrude">0</SimpleData>
		<SimpleData name="visibility">-1</SimpleData>
		<SimpleData name="district">NUWAKOT</SimpleData>
		<SimpleData name="gapa_napa">Belkotgadhi</SimpleData>
		<SimpleData name="new_ward_n">7</SimpleData>
	</SchemaData></ExtendedData>
      <MultiGeometry><Polygon><outerBoundaryIs><LinearRing><coordinates>85.0458567520421,27.8493946243567,0 85.031658664195,27.84691789839,0 85.0315190329541,27.8470722616904,0 85.0308154344405,27.8484841964149,0 85.0308012906199,27.8487587442072,0 85.0308107714381,27.8498998530958,0 85.030927448399,27.8503012588781,0 85.0318561946744,27.8519491961029,0 85.0343835365077,27.8534030298453,0 85.0381519502747,27.8527844431572,0 85.0404242477636,27.8541696405835,0 85.0412164057655,27.8557880986628,0 85.0414729537355,27.8557752640704,0 85.0434090763438,27.8560070171702,0 85.0452782714034,27.8555848787722,0 85.0449055563983,27.8524077970669,0 85.0481601874215,27.8517407624641,0 85.048310608727,27.8504713399686,0 85.0480114968259,27.8503350808423,0 85.0458567520421,27.8493946243567,0</coordinates></LinearRing></outerBoundaryIs></Polygon></MultiGeometry>
  </Placemark>
  <Placemark id="settlement_area_ward.242">
	<name>Tarkeshwor ward office 2 area</name>
	<Style><LineStyle><color>ff0000ff</color></LineStyle><PolyStyle><fill>0</fill></PolyStyle></Style>
	<ExtendedData><SchemaData schemaUrl="#settlement_area_ward">
		<SimpleData name="tessellate">1</SimpleData>
		<SimpleData name="extrude">0</SimpleData>
		<SimpleData name="visibility">-1</SimpleData>
		<SimpleData name="district">NUWAKOT</SimpleData>
		<SimpleData name="gapa_napa">Belkotgadhi</SimpleData>
		<SimpleData name="new_ward_n">7</SimpleData>
	</SchemaData></ExtendedData>
      <MultiGeometry><Polygon><outerBoundaryIs><LinearRing><coordinates>85.0258471400901,27.8533243766502,0 85.0260271527289,27.8535464211723,0 85.0282972904995,27.8529465803205,0 85.0285567311671,27.8527816436052,0 85.0291951168964,27.851293380677,0 85.0288835698118,27.8495284230714,0 85.0284818399921,27.8485414371435,0 85.0268531740072,27.8476063183808,0 85.0267367196658,27.8475272224994,0 85.0258322709231,27.8473823352547,0 85.0257651057112,27.8473856996986,0 85.0251252440848,27.8479062981638,0 85.0257553697275,27.8485682357123,0 85.0264995596531,27.8493986141096,0 85.0266415904386,27.8494592890816,0 85.026782893641,27.8494974867202,0 85.0274224811719,27.8509511711523,0 85.0258471400901,27.8533243766502,0</coordinates></LinearRing></outerBoundaryIs></Polygon></MultiGeometry>
  </Placemark>
  <Placemark id="settlement_area_ward.243">
	<name>Tarukaghat</name>
	<Style><LineStyle><color>ff0000ff</color></LineStyle><PolyStyle><fill>0</fill></PolyStyle></Style>
	<ExtendedData><SchemaData schemaUrl="#settlement_area_ward">
		<SimpleData name="tessellate">1</SimpleData>
		<SimpleData name="extrude">0</SimpleData>
		<SimpleData name="visibility">-1</SimpleData>
		<SimpleData name="district">NUWAKOT</SimpleData>
		<SimpleData name="gapa_napa">Belkotgadhi</SimpleData>
		<SimpleData name="new_ward_n">7</SimpleData>
	</SchemaData></ExtendedData>
      <MultiGeometry><Polygon><outerBoundaryIs><LinearRing><coordinates>85.0247806698945,27.8460027171019,0 85.0281187000715,27.8475495897336,0 85.0291426227214,27.8478327510411,0 85.0291056359093,27.8474212251389,0 85.0283953270226,27.8468265208441,0 85.027490569399,27.84635356618,0 85.0242060072306,27.8433039363444,0 85.0241643491806,27.8430297403274,0 85.0233266229761,27.8410495796926,0 85.0233147787548,27.8410112926202,0 85.02319590428,27.840843791167,0 85.0217142724079,27.841277316163,0 85.0216823626575,27.8413183876783,0 85.0210653276605,27.842155431241,0 85.0211666918473,27.8430216623521,0 85.0211762829019,27.8430550060438,0 85.0222902548013,27.844527059695,0 85.0223370258291,27.8446006515551,0 85.0247806698945,27.8460027171019,0</coordinates></LinearRing></outerBoundaryIs></Polygon></MultiGeometry>
  </Placemark>
  <Placemark id="settlement_area_ward.244">
	<name>Mini-galchhi</name>
	<Style><LineStyle><color>ff0000ff</color></LineStyle><PolyStyle><fill>0</fill></PolyStyle></Style>
	<ExtendedData><SchemaData schemaUrl="#settlement_area_ward">
		<SimpleData name="tessellate">1</SimpleData>
		<SimpleData name="extrude">0</SimpleData>
		<SimpleData name="visibility">-1</SimpleData>
		<SimpleData name="district">NUWAKOT</SimpleData>
		<SimpleData name="gapa_napa">Belkotgadhi</SimpleData>
		<SimpleData name="new_ward_n">7</SimpleData>
	</SchemaData></ExtendedData>
      <MultiGeometry><Polygon><outerBoundaryIs><LinearRing><coordinates>85.0239178247136,27.8356981400824,0 85.0244342957314,27.8367124585317,0 85.0249560619705,27.8351989506528,0 85.0248289341725,27.834031308274,0 85.0248263546529,27.8338800883988,0 85.0244841514983,27.8331949881578,0 85.0240071003297,27.8320278355809,0 85.0230032048773,27.8295741713695,0 85.022220714032,27.8273055067631,0 85.0220142513084,27.826534703711,0 85.0207723383313,27.8263104898476,0 85.0200130575578,27.8274727523269,0 85.0198248922287,27.8283725495882,0 85.0198222269067,27.8290645411301,0 85.0206378206862,27.8299170720879,0 85.021837693494,27.8311378888803,0 85.0223823244471,27.8322682296418,0 85.0229694609699,27.8331455575288,0 85.0233121065074,27.8340968401116,0 85.0239178247136,27.8356981400824,0</coordinates></LinearRing></outerBoundaryIs></Polygon></MultiGeometry>
  </Placemark>
  <Placemark id="settlement_area_ward.245">
	<name>Musera gaau</name>
	<Style><LineStyle><color>ff0000ff</color></LineStyle><PolyStyle><fill>0</fill></PolyStyle></Style>
	<ExtendedData><SchemaData schemaUrl="#settlement_area_ward">
		<SimpleData name="tessellate">1</SimpleData>
		<SimpleData name="extrude">0</SimpleData>
		<SimpleData name="visibility">-1</SimpleData>
		<SimpleData name="district">NUWAKOT</SimpleData>
		<SimpleData name="gapa_napa">Belkotgadhi</SimpleData>
		<SimpleData name="new_ward_n">7</SimpleData>
	</SchemaData></ExtendedData>
      <MultiGeometry><Polygon><outerBoundaryIs><LinearRing><coordinates>85.0248735822116,27.8312095814254,0 85.0261631218266,27.8336070614282,0 85.0298999415206,27.832268519653,0 85.0300716349658,27.8312198479849,0 85.0299109933487,27.8298546386727,0 85.0278406010967,27.8279983260928,0 85.0251741684221,27.8288041596519,0 85.0248735822116,27.8312095814254,0</coordinates></LinearRing></outerBoundaryIs></Polygon></MultiGeometry>
  </Placemark>
  <Placemark id="settlement_area_ward.246">
	<name>Tarkeshwor ward office 2 area</name>
	<Style><LineStyle><color>ff0000ff</color></LineStyle><PolyStyle><fill>0</fill></PolyStyle></Style>
	<ExtendedData><SchemaData schemaUrl="#settlement_area_ward">
		<SimpleData name="tessellate">1</SimpleData>
		<SimpleData name="extrude">0</SimpleData>
		<SimpleData name="visibility">-1</SimpleData>
		<SimpleData name="district">NUWAKOT</SimpleData>
		<SimpleData name="gapa_napa">Tarkeshwar</SimpleData>
		<SimpleData name="new_ward_n">2</SimpleData>
	</SchemaData></ExtendedData>
      <MultiGeometry><Polygon><outerBoundaryIs><LinearRing><coordinates>85.0258471400901,27.8533243766502,0 85.0260271527289,27.8535464211723,0 85.0282972904995,27.8529465803205,0 85.0285567311671,27.8527816436052,0 85.0291951168964,27.851293380677,0 85.0288835698118,27.8495284230714,0 85.0284818399921,27.8485414371435,0 85.0268531740072,27.8476063183808,0 85.0267367196658,27.8475272224994,0 85.0258322709231,27.8473823352547,0 85.0257651057112,27.8473856996986,0 85.0251252440848,27.8479062981638,0 85.0257553697275,27.8485682357123,0 85.0264995596531,27.8493986141096,0 85.0266415904386,27.8494592890816,0 85.026782893641,27.8494974867202,0 85.0274224811719,27.8509511711523,0 85.0258471400901,27.8533243766502,0</coordinates></LinearRing></outerBoundaryIs></Polygon></MultiGeometry>
  </Placemark>
  <Placemark id="settlement_area_ward.247">
	<name>Sanuk Pasu palan area</name>
	<Style><LineStyle><color>ff0000ff</color></LineStyle><PolyStyle><fill>0</fill></PolyStyle></Style>
	<ExtendedData><SchemaData schemaUrl="#settlement_area_ward">
		<SimpleData name="tessellate">1</SimpleData>
		<SimpleData name="extrude">0</SimpleData>
		<SimpleData name="visibility">-1</SimpleData>
		<SimpleData name="district">NUWAKOT</SimpleData>
		<SimpleData name="gapa_napa">Tarkeshwar</SimpleData>
		<SimpleData name="new_ward_n">2</SimpleData>
	</SchemaData></ExtendedData>
      <MultiGeometry><Polygon><outerBoundaryIs><LinearRing><coordinates>85.0211335699572,27.8517384732108,0 85.0225574278853,27.8492599879988,0 85.022750686793,27.8484436262589,0 85.0226855993608,27.8478541564207,0 85.0223637878306,27.8475158792323,0 85.0218090282364,27.8472324744512,0 85.0217305982792,27.8472281055618,0 85.0205340028015,27.8468401821287,0 85.0187192960702,27.8465846080233,0 85.0172026217115,27.8470391289146,0 85.016643270879,27.8477857220153,0 85.0181105024641,27.8482425935253,0 85.0181295566724,27.8482327551542,0 85.0193346848575,27.8494807862462,0 85.0198533524118,27.850508973152,0 85.0211335699572,27.8517384732108,0</coordinates></LinearRing></outerBoundaryIs></Polygon></MultiGeometry>
  </Placemark>
  <Placemark id="settlement_area_ward.248">
	<name>Prmaltar</name>
	<Style><LineStyle><color>ff0000ff</color></LineStyle><PolyStyle><fill>0</fill></PolyStyle></Style>
	<ExtendedData><SchemaData schemaUrl="#settlement_area_ward">
		<SimpleData name="tessellate">1</SimpleData>
		<SimpleData name="extrude">0</SimpleData>
		<SimpleData name="visibility">-1</SimpleData>
		<SimpleData name="district">NUWAKOT</SimpleData>
		<SimpleData name="gapa_napa">Tarkeshwar</SimpleData>
		<SimpleData name="new_ward_n">2</SimpleData>
	</SchemaData></ExtendedData>
      <MultiGeometry><Polygon><outerBoundaryIs><LinearRing><coordinates>85.0191200037723,27.8397458408414,0 85.0202126276244,27.8387591812947,0 85.020257608242,27.8387268878767,0 85.0203382488855,27.8386729702236,0 85.0205393089052,27.8381864584419,0 85.0205386854655,27.8381201933767,0 85.0210837861949,27.8370874912651,0 85.0212160883853,27.8368948855687,0 85.0213171659995,27.836781587466,0 85.0214220272683,27.836059215525,0 85.0206580346613,27.8354822191235,0 85.0205361485256,27.8354383086108,0 85.0190765552108,27.8351964825239,0 85.0190022512243,27.8352002065704,0 85.0188759329159,27.8352065374959,0 85.0177156496547,27.8352715670676,0 85.0174579064407,27.8355428917097,0 85.017404881395,27.8356381674746,0 85.0174025132132,27.8356526210939,0 85.0176274895351,27.8368844287485,0 85.0177917559513,27.8378149606651,0 85.0178081381593,27.8378866933364,0 85.0184781047729,27.8384819571706,0 85.0191200037723,27.8397458408414,0</coordinates></LinearRing></outerBoundaryIs></Polygon></MultiGeometry>
  </Placemark>
  <Placemark id="settlement_area_ward.249">
	<name>Shree Chiurbanjyang primary school area</name>
	<Style><LineStyle><color>ff0000ff</color></LineStyle><PolyStyle><fill>0</fill></PolyStyle></Style>
	<ExtendedData><SchemaData schemaUrl="#settlement_area_ward">
		<SimpleData name="tessellate">1</SimpleData>
		<SimpleData name="extrude">0</SimpleData>
		<SimpleData name="visibility">-1</SimpleData>
		<SimpleData name="district">NUWAKOT</SimpleData>
		<SimpleData name="gapa_napa">Tarkeshwar</SimpleData>
		<SimpleData name="new_ward_n">2</SimpleData>
	</SchemaData></ExtendedData>
      <MultiGeometry><Polygon><outerBoundaryIs><LinearRing><coordinates>85.0185620452691,27.8342719870824,0 85.0209974076067,27.833795137201,0 85.0209543627413,27.8329266139006,0 85.0206409006125,27.8320818014527,0 85.0206358178188,27.8319621824474,0 85.0198640738232,27.8307423014432,0 85.0192811271946,27.8296862133409,0 85.0192552846802,27.8296174049488,0 85.0170296546077,27.8287973598968,0 85.0161802979592,27.8291299799501,0 85.016194569559,27.8312772639199,0 85.0171448205815,27.8330684889357,0 85.0185620452691,27.8342719870824,0</coordinates></LinearRing></outerBoundaryIs></Polygon></MultiGeometry>
  </Placemark>
  <Placemark id="settlement_area_ward.250">
	<name>Betrawati area</name>
	<Style><LineStyle><color>ff0000ff</color></LineStyle><PolyStyle><fill>0</fill></PolyStyle></Style>
	<ExtendedData><SchemaData schemaUrl="#settlement_area_ward">
		<SimpleData name="tessellate">1</SimpleData>
		<SimpleData name="extrude">0</SimpleData>
		<SimpleData name="visibility">-1</SimpleData>
		<SimpleData name="district">NUWAKOT</SimpleData>
		<SimpleData name="gapa_napa">Bidur</SimpleData>
		<SimpleData name="new_ward_n">7</SimpleData>
	</SchemaData></ExtendedData>
      <MultiGeometry><Polygon><outerBoundaryIs><LinearRing><coordinates>85.1810218091328,27.9882113219294,0 85.1845465397783,27.9862920029227,0 85.1868723499128,27.9825322617744,0 85.1871573128272,27.9820282991277,0 85.1864308372344,27.9806359677202,0 85.1856688221596,27.9790601522066,0 85.1861833689924,27.9761407333715,0 85.1862083414138,27.9758796940616,0 85.1860498585932,27.9752478368692,0 85.1854539599028,27.974516665395,0 85.1853741782965,27.9744597841282,0 85.1848898970741,27.9741958703497,0 85.1839574912727,27.9739711386608,0 85.1833909788098,27.9747421394893,0 85.1805768748513,27.9808619429379,0 85.180802126095,27.9828115909935,0 85.1807611743532,27.9858897027241,0 85.1810218091328,27.9882113219294,0</coordinates></LinearRing></outerBoundaryIs></Polygon></MultiGeometry>
  </Placemark>
  <Placemark id="settlement_area_ward.251">
	<name>Sole bazar</name>
	<Style><LineStyle><color>ff0000ff</color></LineStyle><PolyStyle><fill>0</fill></PolyStyle></Style>
	<ExtendedData><SchemaData schemaUrl="#settlement_area_ward">
		<SimpleData name="tessellate">1</SimpleData>
		<SimpleData name="extrude">0</SimpleData>
		<SimpleData name="visibility">-1</SimpleData>
		<SimpleData name="district">NUWAKOT</SimpleData>
		<SimpleData name="gapa_napa">Bidur</SimpleData>
		<SimpleData name="new_ward_n">7</SimpleData>
	</SchemaData></ExtendedData>
      <MultiGeometry><Polygon><outerBoundaryIs><LinearRing><coordinates>85.1780207327622,27.9828040231342,0 85.1799833027904,27.981856226589,0 85.1806790906758,27.9796347695662,0 85.1817383782219,27.9769793824614,0 85.1817574879935,27.9769160735338,0 85.1814803533113,27.9760763037949,0 85.1801889558054,27.9764569807502,0 85.1790412438561,27.9783327628119,0 85.1771831123134,27.9821074783229,0 85.1780207327622,27.9828040231342,0</coordinates></LinearRing></outerBoundaryIs></Polygon></MultiGeometry>
  </Placemark>
  <Placemark id="settlement_area_ward.252">
	<name>Raj hardware area</name>
	<Style><LineStyle><color>ff0000ff</color></LineStyle><PolyStyle><fill>0</fill></PolyStyle></Style>
	<ExtendedData><SchemaData schemaUrl="#settlement_area_ward">
		<SimpleData name="tessellate">1</SimpleData>
		<SimpleData name="extrude">0</SimpleData>
		<SimpleData name="visibility">-1</SimpleData>
		<SimpleData name="district">NUWAKOT</SimpleData>
		<SimpleData name="gapa_napa">Bidur</SimpleData>
		<SimpleData name="new_ward_n">7</SimpleData>
	</SchemaData></ExtendedData>
      <MultiGeometry><Polygon><outerBoundaryIs><LinearRing><coordinates>85.1781618869657,27.9730734049938,0 85.1816374506769,27.9753385024026,0 85.1823075356671,27.9735081447109,0 85.1813499319593,27.9714324889529,0 85.1800732757407,27.9695187603508,0 85.1772766791333,27.9684269050076,0 85.1759584461876,27.9696042292619,0 85.1781618869657,27.9730734049938,0</coordinates></LinearRing></outerBoundaryIs></Polygon></MultiGeometry>
  </Placemark>
  <Placemark id="settlement_area_ward.253">
	<name>Pionner sec school area</name>
	<Style><LineStyle><color>ff0000ff</color></LineStyle><PolyStyle><fill>0</fill></PolyStyle></Style>
	<ExtendedData><SchemaData schemaUrl="#settlement_area_ward">
		<SimpleData name="tessellate">1</SimpleData>
		<SimpleData name="extrude">0</SimpleData>
		<SimpleData name="visibility">-1</SimpleData>
		<SimpleData name="district">NUWAKOT</SimpleData>
		<SimpleData name="gapa_napa">Bidur</SimpleData>
		<SimpleData name="new_ward_n">7</SimpleData>
	</SchemaData></ExtendedData>
      <MultiGeometry><Polygon><outerBoundaryIs><LinearRing><coordinates>85.171215911514,27.9659149251598,0 85.1756972889694,27.9688407451567,0 85.1769355960124,27.9679184903392,0 85.1770519363743,27.9670166608187,0 85.1754989446096,27.9658564519249,0 85.1746697792556,27.9650110040363,0 85.1724377670783,27.9641512430766,0 85.1706516131759,27.9639768053787,0 85.1691562755325,27.9638054226748,0 85.1677651453421,27.9638778896748,0 85.1675488940038,27.9646227793476,0 85.1675468889199,27.9646628148949,0 85.1677503015678,27.9656664458809,0 85.1681038085518,27.9674666901902,0 85.1693853161411,27.9674693119786,0 85.1696867039599,27.9667977983955,0 85.1703583766384,27.9663657672833,0 85.171215911514,27.9659149251598,0</coordinates></LinearRing></outerBoundaryIs></Polygon></MultiGeometry>
  </Placemark>
  <Placemark id="settlement_area_ward.254">
	<name>Bhainse Aama New Bridge</name>
	<Style><LineStyle><color>ff0000ff</color></LineStyle><PolyStyle><fill>0</fill></PolyStyle></Style>
	<ExtendedData><SchemaData schemaUrl="#settlement_area_ward">
		<SimpleData name="tessellate">1</SimpleData>
		<SimpleData name="extrude">0</SimpleData>
		<SimpleData name="visibility">-1</SimpleData>
		<SimpleData name="district">NUWAKOT</SimpleData>
		<SimpleData name="gapa_napa">Bidur</SimpleData>
		<SimpleData name="new_ward_n">7</SimpleData>
	</SchemaData></ExtendedData>
      <MultiGeometry><Polygon><outerBoundaryIs><LinearRing><coordinates>85.1756742513942,27.9647104884293,0 85.1759707880595,27.9638022895046,0 85.1745593827309,27.9627095144765,0 85.1739647306946,27.9618054810708,0 85.1739351960336,27.9617420869261,0 85.1715557147486,27.9604799183567,0 85.1713898517859,27.9603643551759,0 85.1699281891514,27.9586688187493,0 85.1697242311785,27.9585575512052,0 85.1689935897669,27.9574976015565,0 85.1677195218612,27.9576286689413,0 85.1685464285113,27.9595895145285,0 85.1691135930296,27.9607919149206,0 85.1709263607803,27.9621078927806,0 85.1730606251079,27.963869095036,0 85.1756742513942,27.9647104884293,0</coordinates></LinearRing></outerBoundaryIs></Polygon></MultiGeometry>
  </Placemark>
  <Placemark id="settlement_area_ward.255">
	<name>Chanaute Bazar</name>
	<Style><LineStyle><color>ff0000ff</color></LineStyle><PolyStyle><fill>0</fill></PolyStyle></Style>
	<ExtendedData><SchemaData schemaUrl="#settlement_area_ward">
		<SimpleData name="tessellate">1</SimpleData>
		<SimpleData name="extrude">0</SimpleData>
		<SimpleData name="visibility">-1</SimpleData>
		<SimpleData name="district">NUWAKOT</SimpleData>
		<SimpleData name="gapa_napa">Bidur</SimpleData>
		<SimpleData name="new_ward_n">7</SimpleData>
	</SchemaData></ExtendedData>
      <MultiGeometry><Polygon><outerBoundaryIs><LinearRing><coordinates>85.161702989055,27.9608017311476,0 85.1628086991092,27.9654233157007,0 85.1665445572301,27.9649991927824,0 85.1674618564066,27.9633235843214,0 85.1681384736419,27.9615649844171,0 85.1681298238323,27.961483511807,0 85.1677117805384,27.960347558275,0 85.1675210953498,27.96014950939,0 85.16677411841,27.9595238332307,0 85.1664623267331,27.9594358666459,0 85.1661994397299,27.9593773723357,0 85.1650198859142,27.9591307884686,0 85.1631523645723,27.9588161413628,0 85.161702989055,27.9608017311476,0</coordinates></LinearRing></outerBoundaryIs></Polygon></MultiGeometry>
  </Placemark>
  <Placemark id="settlement_area_ward.256">
	<name>Thulo dhunga area</name>
	<Style><LineStyle><color>ff0000ff</color></LineStyle><PolyStyle><fill>0</fill></PolyStyle></Style>
	<ExtendedData><SchemaData schemaUrl="#settlement_area_ward">
		<SimpleData name="tessellate">1</SimpleData>
		<SimpleData name="extrude">0</SimpleData>
		<SimpleData name="visibility">-1</SimpleData>
		<SimpleData name="district">NUWAKOT</SimpleData>
		<SimpleData name="gapa_napa">Bidur</SimpleData>
		<SimpleData name="new_ward_n">7</SimpleData>
	</SchemaData></ExtendedData>
      <MultiGeometry><Polygon><outerBoundaryIs><LinearRing><coordinates>85.1641127221412,27.9564655940333,0 85.1655722443624,27.9560190321863,0 85.1654980351297,27.9554883508238,0 85.1654733546955,27.9550484690927,0 85.1651072227072,27.952837735897,0 85.1650794865631,27.9525399425116,0 85.1650764168873,27.9524759542151,0 85.1650240946035,27.9511201738436,0 85.1645196001844,27.950457026355,0 85.1633606077264,27.950839936307,0 85.1633347373591,27.9509203511858,0 85.1633216976448,27.9509665026757,0 85.1632361212322,27.951810612413,0 85.1632345704536,27.9519457381801,0 85.1633406137065,27.9534611610803,0 85.1633814996209,27.9535020632221,0 85.1637589240783,27.9547779608638,0 85.1641127221412,27.9564655940333,0</coordinates></LinearRing></outerBoundaryIs></Polygon></MultiGeometry>
  </Placemark>
  <Placemark id="settlement_area_ward.257">
	<name>Devghat</name>
	<Style><LineStyle><color>ff0000ff</color></LineStyle><PolyStyle><fill>0</fill></PolyStyle></Style>
	<ExtendedData><SchemaData schemaUrl="#settlement_area_ward">
		<SimpleData name="tessellate">1</SimpleData>
		<SimpleData name="extrude">0</SimpleData>
		<SimpleData name="visibility">-1</SimpleData>
	</SchemaData></ExtendedData>
      <MultiGeometry><Polygon><outerBoundaryIs><LinearRing><coordinates>84.465299487661,27.7556068454813,0 84.4659360754755,27.7600857135577,0 84.4678692477634,27.7596214217211,0 84.4690632858544,27.7596167135966,0 84.4700546232849,27.7588288361459,0 84.4700956087196,27.7587832087453,0 84.4700923987589,27.758724949913,0 84.4701172061455,27.758651154976,0 84.47012349819,27.7585061706646,0 84.470768876882,27.7564013983646,0 84.4707765437676,27.7563234859602,0 84.4707967341764,27.7562325209216,0 84.4707917836177,27.7561686145453,0 84.4707723731892,27.7560927738547,0 84.4707136051312,27.7560315816005,0 84.4706828745903,27.7559821050188,0 84.470398595321,27.7548037697408,0 84.4703953054373,27.7547564476862,0 84.4703895688083,27.7546739312251,0 84.4703806068335,27.7545450205773,0 84.4703652541388,27.7545105569834,0 84.4703201637391,27.7544191583286,0 84.4701981857463,27.7543314173107,0 84.4701174544685,27.7542770059862,0 84.4695336343833,27.7536223481546,0 84.46950742267,27.7536012457168,0 84.4694188490406,27.7535938141885,0 84.4693056256274,27.7535984789013,0 84.4690791672983,27.7536078086304,0 84.4687643372528,27.7536097037975,0 84.468121928675,27.753514791039,0 84.4680592403517,27.7535173721425,0 84.467896254148,27.7535460893526,0 84.4676198935774,27.7536015665641,0 84.4674435892235,27.7536419746333,0 84.4666263460284,27.7540219133736,0 84.4665997124407,27.7540568861752,0 84.4665208106259,27.7541280856181,0 84.4663645254649,27.7542141342561,0 84.4662187254317,27.754334490928,0 84.4661658243896,27.7543711207028,0 84.4660719776436,27.7544556296596,0 84.4654614388529,27.7553561604064,0 84.465419485902,27.7553942883768,0 84.465403842227,27.7554313987304,0 84.4653741256971,27.7554813596648,0 84.4653161622897,27.7555570995899,0 84.465299487661,27.7556068454813,0</coordinates></LinearRing></outerBoundaryIs></Polygon></MultiGeometry>
  </Placemark>
  <Placemark id="settlement_area_ward.258">
	<name>Thimura resort area</name>
	<Style><LineStyle><color>ff0000ff</color></LineStyle><PolyStyle><fill>0</fill></PolyStyle></Style>
	<ExtendedData><SchemaData schemaUrl="#settlement_area_ward">
		<SimpleData name="tessellate">1</SimpleData>
		<SimpleData name="extrude">0</SimpleData>
		<SimpleData name="visibility">-1</SimpleData>
	</SchemaData></ExtendedData>
      <MultiGeometry><Polygon><outerBoundaryIs><LinearRing><coordinates>84.4651173695508,27.7518499589372,0 84.4612528615292,27.7501514116525,0 84.4605623985147,27.7498829315921,0 84.4604184368024,27.7498335839131,0 84.460214360096,27.7497684819934,0 84.4598834510125,27.7496356859101,0 84.4595800436988,27.7495389547555,0 84.4594980141795,27.7495060172783,0 84.4578371704313,27.7489297070737,0 84.4577018047155,27.7488999732112,0 84.4576222806648,27.7488679590861,0 84.4574846763719,27.7488207965745,0 84.4573709510331,27.7488079317822,0 84.4573153773739,27.7488102503493,0 84.4560184653808,27.7488643567136,0 84.4557590385371,27.7488751794732,0 84.4556478508553,27.7488798179594,0 84.4537832712623,27.749063491675,0 84.453691591673,27.7490850104333,0 84.4521147071541,27.7492394827381,0 84.4519284355934,27.7492472568052,0 84.4515763220692,27.7493331271944,0 84.4514092069276,27.7493757686281,0 84.451297896036,27.7494161331578,0 84.4498918903293,27.7499987100314,0 84.4484806279351,27.7525905515269,0 84.4486181166385,27.7538866658,0 84.4486752778957,27.7540116264076,0 84.4486918181284,27.7541389096268,0 84.4487077970515,27.7542883184003,0 84.449076629263,27.7551910383136,0 84.4491572142358,27.7553213626001,0 84.4492390672544,27.755407412922,0 84.4501794358772,27.7560023418646,0 84.4502852349933,27.7560897283909,0 84.4504767333987,27.7563126205374,0 84.4512101856807,27.756891090635,0 84.4513181975508,27.7569102017837,0 84.4514262972029,27.7569293284783,0 84.4516427599227,27.7569676285987,0 84.4517948647525,27.7570087492315,0 84.451881800174,27.7570288749967,0 84.4519695000467,27.7570728586038,0 84.453106409625,27.7573123772002,0 84.4531944220069,27.7573327526806,0 84.4545383761299,27.7572512954554,0 84.4546883814724,27.757220791772,0 84.4550726486043,27.7571322114072,0 84.4554105236999,27.7570218363517,0 84.4555142350944,27.7569695523347,0 84.4564946321202,27.7568084736242,0 84.4566212735236,27.7567792796002,0 84.4568311910253,27.756722800686,0 84.4569172646197,27.7567191342693,0 84.4569977483455,27.7566682503703,0 84.4570407477828,27.7566664190022,0 84.4571668811438,27.7566373493398,0 84.4576000931916,27.7563126392436,0 84.4579349216607,27.7560883037132,0 84.458242761889,27.7558436182857,0 84.4584736430329,27.7556728270576,0 84.4585514326964,27.7556236988211,0 84.45894160633,27.7549958239164,0 84.4590177839287,27.7548140354224,0 84.4591385320537,27.7546536276164,0 84.4593475674659,27.7544025154983,0 84.459470177332,27.7542660873708,0 84.4595658512558,27.7542184326502,0 84.4596613695025,27.7541708552862,0 84.4596819533682,27.7541699841669,0 84.4601336747919,27.7538051037037,0 84.4602570691783,27.7536927374491,0 84.4604167090426,27.7535579735544,0 84.4605511278079,27.7535097572435,0 84.460608088261,27.7534861078109,0 84.4618160706146,27.7529094822176,0 84.4621058579254,27.7527519348317,0 84.4623433533706,27.752638606128,0 84.4624894030536,27.7525706548884,0 84.4636026906097,27.7522576436654,0 84.4638059795137,27.752188058363,0 84.4640935359869,27.752135345318,0 84.4642073565524,27.7521102750546,0 84.4643355236211,27.7520643714975,0 84.4650778317402,27.7518516230672,0 84.4651173695508,27.7518499589372,0</coordinates></LinearRing></outerBoundaryIs></Polygon></MultiGeometry>
  </Placemark>
  <Placemark id="settlement_area_ward.259">
	<name>Chitwan milk ltd area</name>
	<Style><LineStyle><color>ff0000ff</color></LineStyle><PolyStyle><fill>0</fill></PolyStyle></Style>
	<ExtendedData><SchemaData schemaUrl="#settlement_area_ward">
		<SimpleData name="tessellate">1</SimpleData>
		<SimpleData name="extrude">0</SimpleData>
		<SimpleData name="visibility">-1</SimpleData>
	</SchemaData></ExtendedData>
      <MultiGeometry><Polygon><outerBoundaryIs><LinearRing><coordinates>84.4435480873068,27.7462993073042,0 84.442801644922,27.7461915643885,0 84.4427697377481,27.7462482955078,0 84.4424876708117,27.7469086093628,0 84.442455350257,27.7469529984525,0 84.4424026300391,27.747113812886,0 84.4421636734623,27.7476221043467,0 84.4421459572311,27.7476674078605,0 84.4423292337691,27.7484325041692,0 84.4423437032765,27.7484627992799,0 84.4423727064279,27.7485235245544,0 84.4424322657081,27.7486142852292,0 84.4425073993095,27.74872046315,0 84.4426571496303,27.7489820881195,0 84.4430287236862,27.7494639349109,0 84.4430440933006,27.7494957858233,0 84.4431701851399,27.7496537126395,0 84.4433142525228,27.7497791341104,0 84.4444137062669,27.7505047242119,0 84.4457318555492,27.7510375840468,0 84.4472296852788,27.7519420239332,0 84.4473170328261,27.7519566394626,0 84.4484711136417,27.75227718402,0 84.4490456735751,27.7511620283324,0 84.4489392718647,27.7503478767885,0 84.4489152086981,27.7502806079747,0 84.44885990136,27.7502318680617,0 84.4435480873068,27.7462993073042,0</coordinates></LinearRing></outerBoundaryIs></Polygon></MultiGeometry>
  </Placemark>
  <Placemark id="settlement_area_ward.260">
	<name>Sheww kalika secondary school area</name>
	<Style><LineStyle><color>ff0000ff</color></LineStyle><PolyStyle><fill>0</fill></PolyStyle></Style>
	<ExtendedData><SchemaData schemaUrl="#settlement_area_ward">
		<SimpleData name="tessellate">1</SimpleData>
		<SimpleData name="extrude">0</SimpleData>
		<SimpleData name="visibility">-1</SimpleData>
	</SchemaData></ExtendedData>
      <MultiGeometry><Polygon><outerBoundaryIs><LinearRing><coordinates>84.4476303326752,27.7586759637336,0 84.44437180984,27.7534107644757,0 84.4435475569182,27.7547100116241,0 84.4435037995751,27.7547534129732,0 84.442780208648,27.7558394075384,0 84.4426434173191,27.7558451001586,0 84.4425093695871,27.7560656983599,0 84.4423524835539,27.7563754519252,0 84.4422850458522,27.7565308403584,0 84.4420598129867,27.7573129735622,0 84.4420143111433,27.7574938390072,0 84.4419920847263,27.7576971605174,0 84.4419475857412,27.7581756734908,0 84.4419515507218,27.7590072595806,0 84.4420240383961,27.7591916155858,0 84.4421443949001,27.7593277342679,0 84.4425070431533,27.7596439860605,0 84.4427016011219,27.7598026535089,0 84.4433394674874,27.7603050374386,0 84.4433896535627,27.7603756638878,0 84.4434648132882,27.7604697028406,0 84.4448547291944,27.7616977464786,0 84.4449826046368,27.7617931229669,0 84.4450849157316,27.7618645567752,0 84.4465935678895,27.7629550833387,0 84.4480196457575,27.7637631989372,0 84.4533262429702,27.7639124727643,0 84.4552275686654,27.7637782301204,0 84.4553293764028,27.7637739152968,0 84.4580746583468,27.76231391137,0 84.4581082974675,27.7622348627889,0 84.4583139615013,27.7620199223369,0 84.4596491000007,27.7606491450475,0 84.4595780160669,27.7604538492486,0 84.4595060138036,27.7603581198338,0 84.4579541951656,27.7601286498317,0 84.4577405874872,27.7601621168139,0 84.4576189909061,27.7601672329568,0 84.4574001115469,27.7601764422588,0 84.4543750767354,27.7601082653669,0 84.4543022655157,27.7601113277148,0 84.4542092282775,27.7601396182507,0 84.4508999980295,27.7604254460311,0 84.4483875184034,27.7591366329602,0 84.4482876748033,27.7590936444716,0 84.4481838008382,27.7590038255312,0 84.4479570299289,27.7588725130704,0 84.4476303326752,27.7586759637336,0</coordinates></LinearRing></outerBoundaryIs></Polygon></MultiGeometry>
  </Placemark>
  <Placemark id="settlement_area_ward.261">
	<name>Gaighat area</name>
	<Style><LineStyle><color>ff0000ff</color></LineStyle><PolyStyle><fill>0</fill></PolyStyle></Style>
	<ExtendedData><SchemaData schemaUrl="#settlement_area_ward">
		<SimpleData name="tessellate">1</SimpleData>
		<SimpleData name="extrude">0</SimpleData>
		<SimpleData name="visibility">-1</SimpleData>
	</SchemaData></ExtendedData>
      <MultiGeometry><Polygon><outerBoundaryIs><LinearRing><coordinates>84.4374484695512,27.8151401938485,0 84.4386845298105,27.8149798926356,0 84.438724465384,27.8148196341312,0 84.4387391958106,27.8147770280998,0 84.4387435023442,27.8147350010394,0 84.4383749941906,27.813949815507,0 84.4383336450407,27.8137949925075,0 84.4383283857491,27.8137563545352,0 84.4383257618763,27.8137370779388,0 84.4380709954035,27.8133191224126,0 84.4380465640476,27.8132827160719,0 84.4380222023138,27.8132464137427,0 84.437842993388,27.8130689499449,0 84.4378104929535,27.8130427968789,0 84.4376143713391,27.8129506914953,0 84.4375939744799,27.8129424664485,0 84.4372126558444,27.8127244592876,0 84.4370867080788,27.8126142732761,0 84.4370015339191,27.8125209374228,0 84.4369603470106,27.8124876155827,0 84.4363344719887,27.8121007820645,0 84.4363047936637,27.8120766493063,0 84.4362938528789,27.8120517713715,0 84.4355340242409,27.8119832045301,0 84.4354784490816,27.8119939411881,0 84.43544145661,27.8120038940543,0 84.4354321455997,27.8120042897549,0 84.4348943367417,27.8124016878567,0 84.4346167495526,27.8131154098319,0 84.4348124949841,27.8135814370273,0 84.4349040893102,27.8139815237796,0 84.4364192043456,27.8142025393462,0 84.4374484695512,27.8151401938485,0</coordinates></LinearRing></outerBoundaryIs></Polygon></MultiGeometry>
  </Placemark>
  <Placemark id="settlement_area_ward.262">
	<name>Duighare</name>
	<Style><LineStyle><color>ff0000ff</color></LineStyle><PolyStyle><fill>0</fill></PolyStyle></Style>
	<ExtendedData><SchemaData schemaUrl="#settlement_area_ward">
		<SimpleData name="tessellate">1</SimpleData>
		<SimpleData name="extrude">0</SimpleData>
		<SimpleData name="visibility">-1</SimpleData>
	</SchemaData></ExtendedData>
      <MultiGeometry><Polygon><outerBoundaryIs><LinearRing><coordinates>84.4321607541253,27.8078989772224,0 84.4322192151574,27.808576972286,0 84.4326350726529,27.8083887332701,0 84.4326306903338,27.8082957775372,0 84.4326254858824,27.8081853829652,0 84.4326220487167,27.8081124752051,0 84.4326186371851,27.8080401111155,0 84.4325885702726,27.8077479381894,0 84.432586149243,27.8076956348072,0 84.432596662912,27.8075739996979,0 84.4326082652946,27.8074793614965,0 84.4326142279862,27.8074366235442,0 84.4326201637798,27.8073940783778,0 84.4325892258963,27.8064499884229,0 84.4325824852486,27.8063143884251,0 84.4325855289562,27.806224810533,0 84.4325814666111,27.8061437864411,0 84.4325799986952,27.8061145086114,0 84.4323282948294,27.8053553257062,0 84.4322749022134,27.8052512326237,0 84.432198601576,27.8050650972836,0 84.4321670503731,27.8049383247032,0 84.4321585346037,27.8048816850555,0 84.4321576566698,27.8048502262851,0 84.4321571315461,27.804831409669,0 84.4320216178156,27.804596209916,0 84.4319716317167,27.8044476068185,0 84.4319362311358,27.8043246859807,0 84.431915694881,27.8042845181509,0 84.4319085963262,27.8042498132252,0 84.4319016749554,27.8042268567877,0 84.4317948625475,27.8040762438686,0 84.4316238503519,27.8041923523648,0 84.4316104670659,27.8042218241298,0 84.4315970335233,27.8042514062251,0 84.4315297711034,27.8049528424849,0 84.4315292849346,27.8049974179366,0 84.4315290757571,27.8050165967192,0 84.4314931281522,27.8056632405959,0 84.4316562755651,27.8067451065775,0 84.4321607541253,27.8078989772224,0</coordinates></LinearRing></outerBoundaryIs></Polygon></MultiGeometry>
  </Placemark>
  <Placemark id="settlement_area_ward.263">
	<name>Satra Kilo</name>
	<Style><LineStyle><color>ff0000ff</color></LineStyle><PolyStyle><fill>0</fill></PolyStyle></Style>
	<ExtendedData><SchemaData schemaUrl="#settlement_area_ward">
		<SimpleData name="tessellate">1</SimpleData>
		<SimpleData name="extrude">0</SimpleData>
		<SimpleData name="visibility">-1</SimpleData>
	</SchemaData></ExtendedData>
      <MultiGeometry><Polygon><outerBoundaryIs><LinearRing><coordinates>84.429908630559,27.8080674496932,0 84.4307611465846,27.8086521922714,0 84.4307784992377,27.8086514288367,0 84.4309359600482,27.8081953618861,0 84.4309675837141,27.8081299664943,0 84.4309821177053,27.808065690227,0 84.4310053502184,27.8080104169597,0 84.4310035856733,27.8079654849136,0 84.4308817503804,27.8073680072954,0 84.4308814566132,27.8073595276945,0 84.4306469527496,27.8068076852313,0 84.4306049800658,27.8067133847141,0 84.4305537717675,27.8065338405871,0 84.4305365531203,27.8064565533073,0 84.430535658949,27.8064100581431,0 84.4300148041357,27.8060304863938,0 84.4299539507305,27.8059885881491,0 84.4299085311012,27.8059535955376,0 84.4293842641321,27.8061173123414,0 84.429493445663,27.8067934715014,0 84.429908630559,27.8080674496932,0</coordinates></LinearRing></outerBoundaryIs></Polygon></MultiGeometry>
  </Placemark>
  <Placemark id="settlement_area_ward.264">
	<name>bhorle.panchkanyadanda</name>
	<Style><LineStyle><color>ff0000ff</color></LineStyle><PolyStyle><fill>0</fill></PolyStyle></Style>
	<ExtendedData><SchemaData schemaUrl="#settlement_area_ward">
		<SimpleData name="tessellate">1</SimpleData>
		<SimpleData name="extrude">0</SimpleData>
		<SimpleData name="visibility">-1</SimpleData>
	</SchemaData></ExtendedData>
      <MultiGeometry><Polygon><outerBoundaryIs><LinearRing><coordinates>84.4445048142258,27.821679538134,0 84.4465539257342,27.8220586459043,0 84.4474122129539,27.8218239079112,0 84.4474870069113,27.8218097666362,0 84.4476145422092,27.8217715883848,0 84.447699874512,27.8217570220482,0 84.4477320349896,27.8217556282109,0 84.4478285131727,27.821751446843,0 84.4478821100876,27.8217491239529,0 84.4495650404808,27.8215787617696,0 84.4498673838098,27.8215010577254,0 84.4501165732559,27.8214366357361,0 84.4503237784658,27.8213848961025,0 84.4504879848153,27.8213351389261,0 84.4506334776739,27.8213075636571,0 84.450695555217,27.8212942490115,0 84.4521917594213,27.8209141317405,0 84.4523721324449,27.8208647781966,0 84.452499781379,27.8208178163751,0 84.4525373812665,27.8207955100977,0 84.4525853591996,27.8207727844855,0 84.452641574388,27.8207394289228,0 84.4527956897255,27.8204774590698,0 84.4528343538824,27.8204151529007,0 84.4528804121632,27.8202926172775,0 84.4528760814915,27.8202728052023,0 84.4526808796495,27.8197994093416,0 84.4526664556005,27.8197324607757,0 84.4524955596688,27.8195009717755,0 84.4523939120624,27.8194485820692,0 84.4523382516749,27.819422675676,0 84.451795473984,27.8193145953351,0 84.45172429226,27.8193083052658,0 84.451654851713,27.8193112747265,0 84.4516151702816,27.819312971604,0 84.451165617095,27.8193135422831,0 84.4510962017327,27.8193165102488,0 84.4510664515808,27.8193177822611,0 84.4510000076316,27.8193392770349,0 84.4509831265352,27.8193586768051,0 84.4507315060045,27.8196811551316,0 84.4507098586183,27.8197394798114,0 84.4506780484474,27.8197984659764,0 84.4501990245735,27.8200909584548,0 84.4496999803508,27.8199272791092,0 84.4496047301678,27.8198926869222,0 84.4493597078577,27.819484302249,0 84.4493122808331,27.8190245219114,0 84.448821317287,27.818695266381,0 84.4487825887957,27.8186969149401,0 84.4480366760881,27.8185611075665,0 84.446457191389,27.8187074190442,0 84.4456632114546,27.8191892669679,0 84.4450942388024,27.820105445727,0 84.4448621925406,27.8209107440166,0 84.4445048142258,27.821679538134,0</coordinates></LinearRing></outerBoundaryIs></Polygon></MultiGeometry>
  </Placemark>
  <Placemark id="settlement_area_ward.265">
	<name>dumrebesi.ghumaune</name>
	<Style><LineStyle><color>ff0000ff</color></LineStyle><PolyStyle><fill>0</fill></PolyStyle></Style>
	<ExtendedData><SchemaData schemaUrl="#settlement_area_ward">
		<SimpleData name="tessellate">1</SimpleData>
		<SimpleData name="extrude">0</SimpleData>
		<SimpleData name="visibility">-1</SimpleData>
	</SchemaData></ExtendedData>
      <MultiGeometry><Polygon><outerBoundaryIs><LinearRing><coordinates>84.4777442671001,27.8221552037846,0 84.477575155086,27.8218627168623,0 84.4775371928287,27.8218643406934,0 84.4775154993232,27.8218652686292,0 84.4774775350519,27.8218668925418,0 84.4770929902748,27.8218630429081,0 84.4760119892722,27.8222527026575,0 84.4739168233539,27.822396300117,0 84.4739112242927,27.8223965405342,0 84.4731940094894,27.8227137079883,0 84.4731101401634,27.8229519247686,0 84.4734748281017,27.8229887524293,0 84.4737027621233,27.8229730451916,0 84.4737436279518,27.8229712799067,0 84.4738020051361,27.8229687581822,0 84.473831192561,27.8229674973705,0 84.4738662164176,27.822965984442,0 84.4747941607332,27.8228270689197,0 84.4760315406378,27.8226730732677,0 84.4767825624745,27.8225184681939,0 84.4768495398646,27.822498354782,0 84.4768654137685,27.8224890778173,0 84.4768777216443,27.8224842565856,0 84.4770375508054,27.8224049636107,0 84.4770755614312,27.8223780105,0 84.4771013213197,27.8223558986755,0 84.4771167874014,27.8223468561536,0 84.4774652507463,27.8222571055927,0 84.4774792302567,27.8222441473408,0 84.4775006708596,27.8222267960487,0 84.4777442671001,27.8221552037846,0</coordinates></LinearRing></outerBoundaryIs></Polygon></MultiGeometry>
  </Placemark>
  <Placemark id="settlement_area_ward.266">
	<name>Ghumne motor bridge area</name>
	<Style><LineStyle><color>ff0000ff</color></LineStyle><PolyStyle><fill>0</fill></PolyStyle></Style>
	<ExtendedData><SchemaData schemaUrl="#settlement_area_ward">
		<SimpleData name="tessellate">1</SimpleData>
		<SimpleData name="extrude">0</SimpleData>
		<SimpleData name="visibility">-1</SimpleData>
	</SchemaData></ExtendedData>
      <MultiGeometry><Polygon><outerBoundaryIs><LinearRing><coordinates>84.4669756600529,27.8222154904964,0 84.4667325186858,27.822270472526,0 84.4667160491876,27.8222815434942,0 84.4666872704439,27.8222966239763,0 84.4666583105344,27.8223152298037,0 84.4666417036735,27.8223263881231,0 84.46653992291,27.8224292811283,0 84.4665311089337,27.8224438864742,0 84.4663657010464,27.8227624119361,0 84.4663565979552,27.8227741195956,0 84.4663472611988,27.8227896467065,0 84.4663332084992,27.8228130162875,0 84.4663195496376,27.8228288299234,0 84.4662395406169,27.8230143695464,0 84.4662339199901,27.8230343327446,0 84.4662272329915,27.8230702923313,0 84.4662000582666,27.8231515288301,0 84.4661885255775,27.8231924797119,0 84.4661691855455,27.8233454935416,0 84.4661674484926,27.8233706232712,0 84.4661645369138,27.8234127446054,0 84.4661669751859,27.8234422161342,0 84.466191597209,27.823543694195,0 84.4662043357108,27.8235560889892,0 84.4662216385916,27.8235683158103,0 84.4664236280106,27.8237041662604,0 84.4669975139827,27.8239420268289,0 84.4672580919046,27.8240616114033,0 84.4676867592126,27.8240904734918,0 84.4681741158557,27.8240504136509,0 84.468603321736,27.8237992849727,0 84.4686160658338,27.8237896118879,0 84.4688865545742,27.823665055378,0 84.4688936625795,27.8236513403455,0 84.4688014226868,27.8235010098394,0 84.4687774262821,27.8234933407623,0 84.468749566811,27.8234901916072,0 84.4687171925808,27.8234872392183,0 84.4686615728709,27.8234809516572,0 84.4683152304793,27.8234784989624,0 84.4680873019418,27.8234710101176,0 84.4676061169673,27.823543615563,0 84.467397563408,27.8235656305098,0 84.4672414031432,27.8235029810651,0 84.4672186172217,27.823495345173,0 84.4668267365246,27.823401271944,0 84.4668274352031,27.8230248731979,0 84.4668277072708,27.8230050900509,0 84.4668323544682,27.8229812559686,0 84.466841443583,27.8229455970225,0 84.466921909659,27.8224416338733,0 84.4669219927595,27.8224273633732,0 84.4669221376616,27.8224024797544,0 84.466922240758,27.8223847751675,0 84.4669756600529,27.8222154904964,0</coordinates></LinearRing></outerBoundaryIs></Polygon></MultiGeometry>
  </Placemark>
  <Placemark id="settlement_area_ward.267">
	<name>Sarangghat area</name>
	<Style><LineStyle><color>ff0000ff</color></LineStyle><PolyStyle><fill>0</fill></PolyStyle></Style>
	<ExtendedData><SchemaData schemaUrl="#settlement_area_ward">
		<SimpleData name="tessellate">1</SimpleData>
		<SimpleData name="extrude">0</SimpleData>
		<SimpleData name="visibility">-1</SimpleData>
	</SchemaData></ExtendedData>
      <MultiGeometry><Polygon><outerBoundaryIs><LinearRing><coordinates>84.4671630922009,27.8287256351565,0 84.4676862992668,27.8291539239291,0 84.4677558939445,27.8291410700574,0 84.4677996189322,27.8291391438048,0 84.467825853276,27.8291379880855,0 84.4688489254185,27.8288989615191,0 84.4689467648253,27.8285536158945,0 84.4689778455921,27.8284315777357,0 84.4690112847904,27.8283381595081,0 84.4690727717928,27.8281088471569,0 84.4691164624582,27.8279642944827,0 84.4691357338929,27.827831383568,0 84.4691420394937,27.8277352601817,0 84.4691401900191,27.8277180039061,0 84.469145989057,27.8273181295925,0 84.4691467839031,27.8272515304464,0 84.4691563553966,27.8271192217584,0 84.469151839867,27.8270785351485,0 84.4691014382881,27.82683869809,0 84.4690726027278,27.8267922046491,0 84.4690248338874,27.8267151838471,0 84.4689868778268,27.8266539848402,0 84.4689717243512,27.826584396953,0 84.4689684805668,27.8265534707382,0 84.4687331353713,27.8262957197053,0 84.4686801260807,27.8262227302909,0 84.468608291879,27.8261065349192,0 84.4685739790735,27.8260636385603,0 84.4685562409849,27.8260349279288,0 84.4685385546606,27.8260063009762,0 84.4682925303937,27.8258639818123,0 84.4681913597244,27.8258178758623,0 84.4681294982548,27.8257918165176,0 84.4680832177993,27.8257723206792,0 84.468022535055,27.8257606286838,0 84.4679851791904,27.8257622312938,0 84.4676707345437,27.8257614444527,0 84.4665625744368,27.8260108243834,0 84.4666868861521,27.826652003598,0 84.46668664418,27.8266908919505,0 84.4669185025622,27.8278321900784,0 84.4669186671713,27.8278669660446,0 84.4669187084053,27.8278756773728,0 84.4671630922009,27.8287256351565,0</coordinates></LinearRing></outerBoundaryIs></Polygon></MultiGeometry>
  </Placemark>
  <Placemark id="settlement_area_ward.268">
	<name>Gamaune tanahun</name>
	<Style><LineStyle><color>ff0000ff</color></LineStyle><PolyStyle><fill>0</fill></PolyStyle></Style>
	<ExtendedData><SchemaData schemaUrl="#settlement_area_ward">
		<SimpleData name="tessellate">1</SimpleData>
		<SimpleData name="extrude">0</SimpleData>
		<SimpleData name="visibility">-1</SimpleData>
	</SchemaData></ExtendedData>
      <MultiGeometry><Polygon><outerBoundaryIs><LinearRing><coordinates>84.4637863736935,27.8253970214319,0 84.4646091875029,27.8254576284946,0 84.464626025471,27.8254512053845,0 84.4647033541365,27.8253461487257,0 84.4647303773302,27.8252891104469,0 84.4647518397683,27.8252438093595,0 84.4647622127231,27.8252047667543,0 84.4647617032468,27.8251773527612,0 84.4647520747479,27.824951545083,0 84.4647504492535,27.8248621492647,0 84.464759753664,27.8247837857921,0 84.4647692540704,27.8247216552806,0 84.4647687488689,27.8246961271746,0 84.4646748442959,27.8244401313009,0 84.4646323107163,27.8243639781077,0 84.4646268491539,27.8243352118479,0 84.4646214979412,27.8243161793799,0 84.4646162035587,27.8243019974239,0 84.4645127999194,27.8241359862172,0 84.4644468339182,27.8240737308942,0 84.464371295839,27.8240262880549,0 84.464281095441,27.8239889781664,0 84.4642359681592,27.8239817905552,0 84.4642108058415,27.8239828614439,0 84.4638846141294,27.8240792120851,0 84.4638843870136,27.8240838351395,0 84.4636596220322,27.8248413931332,0 84.4637863736935,27.8253970214319,0</coordinates></LinearRing></outerBoundaryIs></Polygon></MultiGeometry>
  </Placemark>
  <Placemark id="settlement_area_ward.269">
	<name>Paire gaun</name>
	<Style><LineStyle><color>ff0000ff</color></LineStyle><PolyStyle><fill>0</fill></PolyStyle></Style>
	<ExtendedData><SchemaData schemaUrl="#settlement_area_ward">
		<SimpleData name="tessellate">1</SimpleData>
		<SimpleData name="extrude">0</SimpleData>
		<SimpleData name="visibility">-1</SimpleData>
	</SchemaData></ExtendedData>
      <MultiGeometry><Polygon><outerBoundaryIs><LinearRing><coordinates>85.1774642819515,28.0290513672242,0 85.1799143137371,28.0297775332753,0 85.1810717311506,28.0289619813448,0 85.1811715267722,28.028866502239,0 85.1821870456865,28.0273611232958,0 85.1822657715892,28.027274028059,0 85.1815195926977,28.0263832755828,0 85.1813302542975,28.026232445299,0 85.1812768974093,28.0262187428364,0 85.1805677612698,28.0251257695035,0 85.180504529778,28.0250242757025,0 85.1793221487955,28.0248590919632,0 85.177929116403,28.0263773469715,0 85.1774642819515,28.0290513672242,0</coordinates></LinearRing></outerBoundaryIs></Polygon></MultiGeometry>
  </Placemark>
  <Placemark id="settlement_area_ward.270">
	<name>Jaldevi primary school area</name>
	<Style><LineStyle><color>ff0000ff</color></LineStyle><PolyStyle><fill>0</fill></PolyStyle></Style>
	<ExtendedData><SchemaData schemaUrl="#settlement_area_ward">
		<SimpleData name="tessellate">1</SimpleData>
		<SimpleData name="extrude">0</SimpleData>
		<SimpleData name="visibility">-1</SimpleData>
	</SchemaData></ExtendedData>
      <MultiGeometry><Polygon><outerBoundaryIs><LinearRing><coordinates>84.513981286783,27.8165680755566,0 84.5117106343244,27.8158260440442,0 84.5103094961104,27.8163608630958,0 84.5102767099047,27.8163743563939,0 84.5102129271256,27.8164134031524,0 84.5100927978955,27.8164671393411,0 84.5083932444265,27.8171626234248,0 84.5071512482417,27.8182456841963,0 84.5070675238797,27.818317907252,0 84.5070190820023,27.8183475426388,0 84.5065574704741,27.8188010668232,0 84.5064954320682,27.8188464109035,0 84.5064581672742,27.8188765299742,0 84.5064082324214,27.8189072603485,0 84.5054685361404,27.8193687017626,0 84.5045237524061,27.8196472992085,0 84.5044721969099,27.8196495695325,0 84.5044077507356,27.8196524075351,0 84.5043038002464,27.8196719259219,0 84.5039654653664,27.819731741147,0 84.5035244911138,27.819932186226,0 84.5027760153271,27.8235830155036,0 84.5036118921624,27.8245570578309,0 84.5055103370817,27.8246460251008,0 84.5094038648845,27.8226027739947,0 84.5130309011171,27.8185410235967,0 84.5131181237435,27.8183576444997,0 84.5131873877873,27.8182412252302,0 84.5132442076918,27.8181420823729,0 84.5132527182444,27.8181095950307,0 84.513981286783,27.8165680755566,0</coordinates></LinearRing></outerBoundaryIs></Polygon></MultiGeometry>
  </Placemark>
  <Placemark id="settlement_area_ward.271">
	<name>Opposite of rindi khola</name>
	<Style><LineStyle><color>ff0000ff</color></LineStyle><PolyStyle><fill>0</fill></PolyStyle></Style>
	<ExtendedData><SchemaData schemaUrl="#settlement_area_ward">
		<SimpleData name="tessellate">1</SimpleData>
		<SimpleData name="extrude">0</SimpleData>
		<SimpleData name="visibility">-1</SimpleData>
	</SchemaData></ExtendedData>
      <MultiGeometry><Polygon><outerBoundaryIs><LinearRing><coordinates>84.4975249762983,27.8219701424442,0 84.5002231500876,27.8221346206159,0 84.5002826236046,27.8221266040271,0 84.5003599400453,27.8221069846838,0 84.5004343614348,27.8220983364507,0 84.5004998416357,27.8220954861319,0 84.5005451713226,27.8220935129603,0 84.5005691292813,27.822087066461,0 84.5007299816915,27.8218310564608,0 84.5007627329534,27.8217624275117,0 84.5008018745284,27.8216435365511,0 84.500829942585,27.8215620582471,0 84.5008403020517,27.8215268148763,0 84.5008448206408,27.8215068229779,0 84.5008397119242,27.8214873096874,0 84.500690848878,27.8211535170318,0 84.5006779230687,27.8211215310542,0 84.5006697174904,27.8210895155661,0 84.500661555587,27.8210576704354,0 84.5006569111161,27.8210395491771,0 84.500652280728,27.8210214828503,0 84.5006476643609,27.8210034712134,0 84.5005582579212,27.8209260412705,0 84.5005343988974,27.8209046847762,0 84.5005014885128,27.8208837998105,0 84.5004743355496,27.8208671867325,0 84.5004507561057,27.820846050265,0 84.5004150274383,27.8208123167959,0 84.5004028177992,27.8207996696292,0 84.5000676087406,27.8206454234699,0 84.4999507756924,27.8206037282412,0 84.4998664338943,27.8205862319081,0 84.499843376263,27.820583006046,0 84.4998344829181,27.8205833858799,0 84.4994861538602,27.820481573336,0 84.499413084766,27.820468211208,0 84.499391097454,27.8204691487029,0 84.4987910152875,27.8205194781255,0 84.4982952290004,27.8205117582933,0 84.498260019763,27.8205132593755,0 84.4982160063413,27.8205151358041,0 84.4981939988518,27.8205160740499,0 84.4977071149731,27.8207377992773,0 84.4976624553382,27.820769609045,0 84.4976310564323,27.8207924041275,0 84.4976130582374,27.8208017771,0 84.4973527576946,27.8214293362581,0 84.4973474209047,27.821458263192,0 84.4973422616319,27.8214776914689,0 84.4974363285415,27.8219324737118,0 84.4974657414855,27.8219519219359,0 84.4975249762983,27.8219701424442,0</coordinates></LinearRing></outerBoundaryIs></Polygon></MultiGeometry>
  </Placemark>
  <Placemark id="settlement_area_ward.272">
	<name>Bengibasi zone</name>
	<Style><LineStyle><color>ff0000ff</color></LineStyle><PolyStyle><fill>0</fill></PolyStyle></Style>
	<ExtendedData><SchemaData schemaUrl="#settlement_area_ward">
		<SimpleData name="tessellate">1</SimpleData>
		<SimpleData name="extrude">0</SimpleData>
		<SimpleData name="visibility">-1</SimpleData>
	</SchemaData></ExtendedData>
      <MultiGeometry><Polygon><outerBoundaryIs><LinearRing><coordinates>84.4901331009042,27.8190212994855,0 84.4903275487266,27.81949114535,0 84.4908007513381,27.8193417802403,0 84.4908092195174,27.8193316896477,0 84.4914063166266,27.8191167451031,0 84.4914148428224,27.8191133089279,0 84.4916439954325,27.8189182717236,0 84.4915243277947,27.8187531988531,0 84.4915185892921,27.8187534447567,0 84.4915042426929,27.8187540595302,0 84.4906119364016,27.8188033908636,0 84.4905950215813,27.8188096771983,0 84.4905751950406,27.8188160976808,0 84.4905071273861,27.8188413915498,0 84.4901331009042,27.8190212994855,0</coordinates></LinearRing></outerBoundaryIs></Polygon></MultiGeometry>
  </Placemark>
  <Placemark id="settlement_area_ward.273">
	<name>Gurung gaau</name>
	<Style><LineStyle><color>ff0000ff</color></LineStyle><PolyStyle><fill>0</fill></PolyStyle></Style>
	<ExtendedData><SchemaData schemaUrl="#settlement_area_ward">
		<SimpleData name="tessellate">1</SimpleData>
		<SimpleData name="extrude">0</SimpleData>
		<SimpleData name="visibility">-1</SimpleData>
	</SchemaData></ExtendedData>
      <MultiGeometry><Polygon><outerBoundaryIs><LinearRing><coordinates>84.4354109019148,27.8178703633817,0 84.4362027511945,27.8180743541559,0 84.4362325607495,27.8180730563404,0 84.4362683310449,27.8180714990142,0 84.4362862157251,27.8180707203721,0 84.4364774997412,27.8180935156981,0 84.4365615446856,27.8181085915693,0 84.4367240479173,27.8181328429593,0 84.4368752069029,27.8181577166828,0 84.436990566916,27.8181779512313,0 84.4370574157862,27.8181876998256,0 84.4370758307543,27.8181932364797,0 84.4374836591834,27.8183746500454,0 84.4375163749062,27.8183993108945,0 84.438569076303,27.8188594627272,0 84.4386301183408,27.8188847268064,0 84.4387252516544,27.8189226506645,0 84.4387793487772,27.8189414086531,0 84.4388058723741,27.8189473000676,0 84.4388197246291,27.8189537553245,0 84.4393402403403,27.8192259950841,0 84.4393675276879,27.8192321272652,0 84.4393869251025,27.8192312707783,0 84.4394192532794,27.8192298433411,0 84.4396795724353,27.8191963617668,0 84.4397038055036,27.8191879763715,0 84.4397328654669,27.8191720825571,0 84.4397489920336,27.8191567864776,0 84.4397284448917,27.8189776051769,0 84.43972214929,27.8189494440904,0 84.4397143973227,27.8188861716457,0 84.4397004022306,27.8188236840455,0 84.4396942181807,27.8187960724222,0 84.4396895945496,27.818775428007,0 84.4395093259413,27.818470486793,0 84.4394842332586,27.8184118344881,0 84.4394724630604,27.8183859429633,0 84.4394593353639,27.8183536373942,0 84.439447653639,27.8183279463516,0 84.4394421039695,27.8183020773317,0 84.4390290760768,27.8176059646501,0 84.4389798530195,27.8174732812276,0 84.4389495220605,27.8173765553361,0 84.4389418451322,27.8173369084332,0 84.4389296159346,27.817303348323,0 84.4387043343565,27.8170080653654,0 84.4386818567451,27.8169765545121,0 84.4386669301422,27.8169556291828,0 84.4386650200803,27.8169449527202,0 84.4381929539265,27.8167275214756,0 84.4381464583778,27.8167087811826,0 84.4381178329467,27.8166996653907,0 84.4380953938972,27.8166954619953,0 84.4375060657446,27.8165776443129,0 84.4362369891672,27.81653656239,0 84.435788269051,27.8167173464812,0 84.4354897614039,27.8172615932923,0 84.4354109019148,27.8178703633817,0</coordinates></LinearRing></outerBoundaryIs></Polygon></MultiGeometry>
  </Placemark>
  <Placemark id="settlement_area_ward.274">
	<name>Perna hotel area</name>
	<Style><LineStyle><color>ff0000ff</color></LineStyle><PolyStyle><fill>0</fill></PolyStyle></Style>
	<ExtendedData><SchemaData schemaUrl="#settlement_area_ward">
		<SimpleData name="tessellate">1</SimpleData>
		<SimpleData name="extrude">0</SimpleData>
		<SimpleData name="visibility">-1</SimpleData>
	</SchemaData></ExtendedData>
      <MultiGeometry><Polygon><outerBoundaryIs><LinearRing><coordinates>84.4311634820591,27.7905701099177,0 84.43183890302,27.7913096393987,0 84.4334796422921,27.7887472960643,0 84.4335506545575,27.7886695305654,0 84.4335949480574,27.7886056586228,0 84.433639054712,27.7885420564264,0 84.433681689642,27.7884910449223,0 84.4341980260443,27.7869230159624,0 84.4342571353703,27.7867890209459,0 84.4343592333526,27.7865575736964,0 84.43444092454,27.7864153783413,0 84.4344703337067,27.7863400170238,0 84.4344827799144,27.7863289323537,0 84.4346288490252,27.7859379218288,0 84.4346320903815,27.7858968393116,0 84.4346385433288,27.785815051186,0 84.4346480130939,27.7855531346825,0 84.4346247347166,27.7854252850973,0 84.4346303027926,27.7853561943578,0 84.4346334714202,27.7853168767104,0 84.4343472756189,27.7851734497653,0 84.4342901136755,27.785195219695,0 84.4337539146944,27.7853542091667,0 84.4327797656496,27.787415071578,0 84.4323939162628,27.7879264683237,0 84.4320539188779,27.788606020399,0 84.4317267905506,27.7891619935031,0 84.4317019039543,27.7892018436817,0 84.4313674675364,27.7899422056452,0 84.4311634820591,27.7905701099177,0</coordinates></LinearRing></outerBoundaryIs></Polygon></MultiGeometry>
  </Placemark>
  <Placemark id="settlement_area_ward.275">
	<name>Lafa hotel area</name>
	<Style><LineStyle><color>ff0000ff</color></LineStyle><PolyStyle><fill>0</fill></PolyStyle></Style>
	<ExtendedData><SchemaData schemaUrl="#settlement_area_ward">
		<SimpleData name="tessellate">1</SimpleData>
		<SimpleData name="extrude">0</SimpleData>
		<SimpleData name="visibility">-1</SimpleData>
	</SchemaData></ExtendedData>
      <MultiGeometry><Polygon><outerBoundaryIs><LinearRing><coordinates>84.4369717622172,27.78150818354,0 84.437305130316,27.7815704503964,0 84.4373287882755,27.7815372294179,0 84.4377508400057,27.7809122960296,0 84.4378139564348,27.7808282467187,0 84.4378468620786,27.7807922907348,0 84.4378742591266,27.7807567659243,0 84.4378879008262,27.7807390768718,0 84.4385322468725,27.7799725156128,0 84.438562896639,27.7799661579737,0 84.4385785303137,27.7799604544132,0 84.43930541911,27.7797363346842,0 84.4393897411058,27.779718137829,0 84.4395232643297,27.7796881968933,0 84.4396171555016,27.7796600698068,0 84.439700597068,27.7796420746135,0 84.4397444711553,27.7796401832724,0 84.4399692816675,27.7795590548948,0 84.4400226763341,27.7795237234352,0 84.4400661300156,27.7794936928159,0 84.4401045452941,27.7794593635259,0 84.4401380096543,27.7794346998076,0 84.4401618105254,27.7794151659182,0 84.4401759798669,27.7793961073431,0 84.4400706448481,27.7789625523979,0 84.4400660521429,27.7789457668027,0 84.4398525458087,27.7788582627394,0 84.4397355782231,27.7788259122148,0 84.439650033578,27.778817171235,0 84.4396140258821,27.778814583272,0 84.4395020823102,27.7787987858119,0 84.4394571869897,27.7787965950696,0 84.4393895126206,27.7787994801918,0 84.4393483500213,27.7788094483093,0 84.4392884415357,27.7788284682113,0 84.4392606790475,27.7788379043006,0 84.4392370805556,27.7788513132478,0 84.4388843135529,27.7789414032168,0 84.4388554959138,27.7789552440119,0 84.4388362459658,27.7789644895769,0 84.4388164740596,27.7789779942609,0 84.4387828973849,27.7789921189242,0 84.4387778043859,27.778996573321,0 84.4385909526878,27.7792694967366,0 84.4385720234978,27.7793060257566,0 84.4385607609046,27.7793199627374,0 84.4385340406019,27.7793436053595,0 84.4381237582178,27.7798607237105,0 84.4377503411874,27.780488712186,0 84.4369717622172,27.78150818354,0</coordinates></LinearRing></outerBoundaryIs></Polygon></MultiGeometry>
  </Placemark>
  <Placemark id="settlement_area_ward.276">
	<name>Madan Aashrit park area</name>
	<Style><LineStyle><color>ff0000ff</color></LineStyle><PolyStyle><fill>0</fill></PolyStyle></Style>
	<ExtendedData><SchemaData schemaUrl="#settlement_area_ward">
		<SimpleData name="tessellate">1</SimpleData>
		<SimpleData name="extrude">0</SimpleData>
		<SimpleData name="visibility">-1</SimpleData>
	</SchemaData></ExtendedData>
      <MultiGeometry><Polygon><outerBoundaryIs><LinearRing><coordinates>84.4441060837834,27.7789165378535,0 84.4444647483961,27.7797016052162,0 84.4472006177639,27.7797680382216,0 84.4489209532049,27.7798572354302,0 84.4498339257519,27.7792564259539,0 84.4491966354637,27.7786899842665,0 84.4491595476422,27.7786915818192,0 84.4490746529599,27.7786807071239,0 84.4490343312715,27.7786679361955,0 84.4463667274664,27.7783927437506,0 84.4463377120442,27.7783939891816,0 84.4462941877822,27.7783958573744,0 84.446149517707,27.7784090037594,0 84.4441060837834,27.7789165378535,0</coordinates></LinearRing></outerBoundaryIs></Polygon></MultiGeometry>
  </Placemark>
  <Placemark id="settlement_area_ward.277">
	<name>Ashoka resort area</name>
	<Style><LineStyle><color>ff0000ff</color></LineStyle><PolyStyle><fill>0</fill></PolyStyle></Style>
	<ExtendedData><SchemaData schemaUrl="#settlement_area_ward">
		<SimpleData name="tessellate">1</SimpleData>
		<SimpleData name="extrude">0</SimpleData>
		<SimpleData name="visibility">-1</SimpleData>
	</SchemaData></ExtendedData>
      <MultiGeometry><Polygon><outerBoundaryIs><LinearRing><coordinates>84.4522119947915,27.7776148387382,0 84.4508256852804,27.7783926021429,0 84.4508230740711,27.7784620994158,0 84.4509008459952,27.7793440271083,0 84.450912737756,27.7794022598206,0 84.4513625980321,27.779829846545,0 84.4528112227104,27.7796613107365,0 84.4543869765973,27.7794432796429,0 84.4565825405281,27.7785493284745,0 84.457939819149,27.777487117555,0 84.4593030443066,27.7766353159065,0 84.4593527863984,27.7765699063703,0 84.4601702644547,27.7759766476852,0 84.4601891013124,27.7759514952938,0 84.4605811993222,27.7754439870053,0 84.4606233386504,27.7753716832105,0 84.4606505173399,27.7753353929907,0 84.4609357951479,27.7750336173941,0 84.460941249204,27.7750104582618,0 84.460583325394,27.7746748100787,0 84.4605470419193,27.774676357881,0 84.4604502833142,27.7746804854515,0 84.4603898078287,27.7746830652288,0 84.4595434362606,27.7748653607859,0 84.459515446852,27.7749004977689,0 84.4594752060811,27.7749362356837,0 84.4593322414155,27.7750563074334,0 84.4574858612729,27.7757662221625,0 84.4573754161397,27.7757828912238,0 84.4572669119359,27.7758114432727,0 84.4571812874726,27.7758270778805,0 84.4570948687359,27.7759148064317,0 84.4562052495607,27.7764421679125,0 84.4561541995649,27.7764443612597,0 84.4561047578144,27.776458916375,0 84.4560440888731,27.776486414946,0 84.4558682178193,27.7765189048346,0 84.4556437094361,27.7765785402372,0 84.4555426082316,27.7765954082158,0 84.4541298433001,27.7770109720135,0 84.4522119947915,27.7776148387382,0</coordinates></LinearRing></outerBoundaryIs></Polygon></MultiGeometry>
  </Placemark>
  <Placemark id="settlement_area_ward.278">
	<name>Pramin resturant zone</name>
	<Style><LineStyle><color>ff0000ff</color></LineStyle><PolyStyle><fill>0</fill></PolyStyle></Style>
	<ExtendedData><SchemaData schemaUrl="#settlement_area_ward">
		<SimpleData name="tessellate">1</SimpleData>
		<SimpleData name="extrude">0</SimpleData>
		<SimpleData name="visibility">-1</SimpleData>
	</SchemaData></ExtendedData>
      <MultiGeometry><Polygon><outerBoundaryIs><LinearRing><coordinates>84.4455364763064,27.7765457372967,0 84.4456132942803,27.7777403479638,0 84.4470917472202,27.7774593910174,0 84.4479597654019,27.7773112395794,0 84.448406819355,27.7769997120186,0 84.4484205825631,27.7769943664101,0 84.4486113061307,27.7768128303723,0 84.4497222885498,27.7763126119884,0 84.4503394955727,27.7761194040167,0 84.4507860414705,27.7755242001463,0 84.4507839659791,27.7755172145709,0 84.4502657139978,27.7750434358053,0 84.4490685301277,27.7749346515775,0 84.4490181134563,27.7749433854354,0 84.4482298529414,27.7751365945226,0 84.4482085310441,27.775144218015,0 84.448138050976,27.7751741330534,0 84.448116655192,27.7751817846563,0 84.4480779781284,27.7752239890022,0 84.4479764919625,27.7753031304482,0 84.4455364763064,27.7765457372967,0</coordinates></LinearRing></outerBoundaryIs></Polygon></MultiGeometry>
  </Placemark>
  <Placemark id="settlement_area_ward.279">
	<name>Sameer and sariahi resturant area</name>
	<Style><LineStyle><color>ff0000ff</color></LineStyle><PolyStyle><fill>0</fill></PolyStyle></Style>
	<ExtendedData><SchemaData schemaUrl="#settlement_area_ward">
		<SimpleData name="tessellate">1</SimpleData>
		<SimpleData name="extrude">0</SimpleData>
		<SimpleData name="visibility">-1</SimpleData>
	</SchemaData></ExtendedData>
      <MultiGeometry><Polygon><outerBoundaryIs><LinearRing><coordinates>84.4613613962836,27.7741908279379,0 84.4631341418616,27.7742671298208,0 84.4639779231815,27.774067737001,0 84.4640063364425,27.7740665483171,0 84.4640555930934,27.7740508788435,0 84.4641261074512,27.7740343300861,0 84.4641899864383,27.7740316581744,0 84.4642609602678,27.7740286894989,0 84.4643106402053,27.7740266114971,0 84.4645405108678,27.7737738548363,0 84.4647493276802,27.7733140714177,0 84.4647817035606,27.7732668865722,0 84.464801517975,27.7732464511774,0 84.4648279052578,27.7732192370102,0 84.464986621835,27.7730761132523,0 84.4650995126549,27.7729938490011,0 84.4651523306366,27.7729529878777,0 84.4651916632783,27.7729191922432,0 84.4652106718962,27.7728927126999,0 84.4653876819669,27.7724664649085,0 84.4654222522799,27.7723773652248,0 84.4654494210334,27.772282765267,0 84.4654611624052,27.7722574319185,0 84.4654670272723,27.7722447779601,0 84.4654425521862,27.7718225924814,0 84.4654416569177,27.7718105061136,0 84.4650959139897,27.7714528111099,0 84.4643439958499,27.7715789929603,0 84.4643107372669,27.7715803604652,0 84.4636819976635,27.7717320546157,0 84.4636429922255,27.7717758005914,0 84.4636235296337,27.7718007258456,0 84.4632427822055,27.7723366930743,0 84.4627889545562,27.7728397118276,0 84.4620878535948,27.7732615233607,0 84.4613613962836,27.7741908279379,0</coordinates></LinearRing></outerBoundaryIs></Polygon></MultiGeometry>
  </Placemark>
  <Placemark id="settlement_area_ward.280">
	<name>Bharatpur</name>
	<Style><LineStyle><color>ff0000ff</color></LineStyle><PolyStyle><fill>0</fill></PolyStyle></Style>
	<ExtendedData><SchemaData schemaUrl="#settlement_area_ward">
		<SimpleData name="tessellate">1</SimpleData>
		<SimpleData name="extrude">0</SimpleData>
		<SimpleData name="visibility">-1</SimpleData>
	</SchemaData></ExtendedData>
      <MultiGeometry><Polygon><outerBoundaryIs><LinearRing><coordinates>84.4647468977601,27.7710222506666,0 84.4659022162089,27.7710085225195,0 84.4663564295861,27.7710010231241,0 84.4664819085034,27.7707727987669,0 84.4681816202879,27.7707006208121,0 84.4682891538997,27.7706960547201,0 84.4683431075699,27.7706821260839,0 84.468375530266,27.7706691206457,0 84.4691480871736,27.7705436218673,0 84.4691906594547,27.770518727809,0 84.4692757724013,27.7704805509374,0 84.4693816372848,27.7704186250852,0 84.4694875834494,27.7703797749755,0 84.4695291748302,27.7703323222778,0 84.4700639271144,27.7701170130512,0 84.4700947041683,27.7700932060423,0 84.4701551473926,27.7700233366378,0 84.4701842753148,27.769966240472,0 84.4702248132998,27.7699311067934,0 84.470599483489,27.7693261853056,0 84.4706265055327,27.7692610125984,0 84.470691095074,27.7691416156068,0 84.470734106205,27.7690135729379,0 84.4707619295748,27.7689705655916,0 84.4707788197982,27.7689177283766,0 84.4708207003274,27.7686376733931,0 84.4708323790207,27.7685151968166,0 84.4708474741686,27.7684438797573,0 84.4708624951301,27.7683729130852,0 84.4708703327081,27.7683425457744,0 84.470965314715,27.7680122619832,0 84.4709820423787,27.7679725159383,0 84.4710259145832,27.767902608868,0 84.4710507679274,27.7678434844045,0 84.4710222777261,27.7674823096057,0 84.4710126991806,27.7673608799549,0 84.4710075763034,27.7672959357538,0 84.4710091343545,27.7671940989322,0 84.4710135878474,27.7671295402501,0 84.4708799939942,27.7667551227484,0 84.4728070958838,27.7666140052319,0 84.4770870351141,27.7546738268293,0 84.4728050677696,27.7512113892879,0 84.4720578161156,27.7621114055118,0 84.4713935951566,27.7622792607447,0 84.4695365239992,27.7654871479498,0 84.468909971825,27.7654969151558,0 84.4683499247258,27.7667892135221,0 84.4675530388191,27.7680189440153,0 84.4669991378532,27.7692023533246,0 84.4656381806444,27.7703383059125,0 84.4647468977601,27.7710222506666,0</coordinates></LinearRing></outerBoundaryIs></Polygon></MultiGeometry>
  </Placemark>
  <Placemark id="settlement_area_ward.281">
	<name>Ghoitar</name>
	<Style><LineStyle><color>ff0000ff</color></LineStyle><PolyStyle><fill>0</fill></PolyStyle></Style>
	<ExtendedData><SchemaData schemaUrl="#settlement_area_ward">
		<SimpleData name="tessellate">1</SimpleData>
		<SimpleData name="extrude">0</SimpleData>
		<SimpleData name="visibility">-1</SimpleData>
	</SchemaData></ExtendedData>
      <MultiGeometry><Polygon><outerBoundaryIs><LinearRing><coordinates>84.4604517005004,27.7683903306526,0 84.4615096788889,27.770455446762,0 84.4637927246464,27.7684280225529,0 84.4638330081586,27.7683668261776,0 84.4649460668983,27.7665922672971,0 84.4665417167963,27.7642963415761,0 84.4665587988677,27.7642614570157,0 84.467724433198,27.7617260795892,0 84.467751168082,27.7615860989754,0 84.4675839970922,27.7607015838597,0 84.4662088235428,27.7603317506969,0 84.4661253128191,27.760335186881,0 84.4657585100743,27.7603940514707,0 84.4655414683511,27.7604322092573,0 84.4650060195863,27.7605568238234,0 84.4647205758553,27.7606273895498,0 84.4633685552362,27.7609346665147,0 84.46333269911,27.7609957319216,0 84.4632257134324,27.7611497563153,0 84.4630828353475,27.7613364116756,0 84.4625922542045,27.7619845705721,0 84.462537396703,27.76204896462,0 84.4624429380796,27.7622088749739,0 84.4622374498344,27.7624848576835,0 84.4619917999653,27.7628134350964,0 84.461738745983,27.7632114275214,0 84.4612769474297,27.7673860719264,0 84.4611528099471,27.7675249814318,0 84.4611090098832,27.7676035154086,0 84.4610472680585,27.7676637694035,0 84.4604517005004,27.7683903306526,0</coordinates></LinearRing></outerBoundaryIs></Polygon></MultiGeometry>
  </Placemark>
</Folder>
</Document></kml>
