{"type": "FeatureCollection", "features": [{"type": "Feature", "properties": {"area_sq_km": 90.11, "buffer_meters": 200.0}, "geometry": {"type": "Polygon", "coordinates": [[[84.55518843682735, 27.857746997364753], [84.55515797580992, 27.85776575631834], [84.55500618152757, 27.85788032901457], [84.5548677444447, 27.858007565389183], [84.55474399605461, 27.858146241721723], [84.55463612659288, 27.85829502426106], [84.55454517358886, 27.858452482051785], [84.55447201188522, 27.858617100695756], [84.55441734522161, 27.85878729691631], [84.55438169946332, 27.858961433785147], [84.5543654175406, 27.85913783646545], [84.55436865614672, 27.859314808319965], [84.55439138422754, 27.85949064722899], [84.55443338327642, 27.859663661961452], [84.55449424943224, 27.85983218844153], [84.55457339736056, 27.859994605754416], [84.55467006588022, 27.86014935173721], [84.55478332528206, 27.860294938005026], [84.55491208626886, 27.860429964267592], [84.55505511043096, 27.860553131798795], [84.55521102215661, 27.860663255929413], [84.55584602624612, 27.86106826132003], [84.5560172272435, 27.86116628163564], [84.55619861442045, 27.861248569343182], [84.55638836345585, 27.861314296815745], [84.55658456591571, 27.861362802983226], [84.55678524844996, 27.861393599982133], [84.55698839264228, 27.86140637806305], [84.55819641265109, 27.861428378506172], [84.55838460491765, 27.86142404822155], [84.55857153719768, 27.861404248033736], [84.55875560291345, 27.861369148113862], [84.5589352201273, 27.86131905012543], [84.55910884513932, 27.861254384631298], [84.55927498575629, 27.861175707392803], [84.55943221411741, 27.861083694592622], [84.55957917896703, 27.860979137022667], [84.56040916943473, 27.860330307137644], [84.56053739943849, 27.86026523740569], [84.5663215662689, 27.860790363191683], [84.57055618575873, 27.862453311478134], [84.57163119215289, 27.8630091721837], [84.57259881153009, 27.863938063550112], [84.57270632900992, 27.8640338141398], [84.57282161444259, 27.86412213889419], [84.57439662168008, 27.86524015319012], [84.57460369073091, 27.865369223479366], [84.57512533327498, 27.86565302695762], [84.57518028490854, 27.86577678272421], [84.57511809958694, 27.866175934761507], [84.57480388966593, 27.86656035911825], [84.5747013997783, 27.86669868126763], [84.5746136094761, 27.86684477042363], [84.57454125809751, 27.866997396376163], [84.5744849549783, 27.8671552738639], [84.57444517431883, 27.867317073396855], [84.57424715595789, 27.868347070489627], [84.57422310117018, 27.868525056474994], [84.57411107482959, 27.86994805474658], [84.57410640386432, 27.870104030858506], [84.57411691076467, 27.87025978261029], [84.5741425170606, 27.870414145819705], [84.57418303141813, 27.870565966678466], [84.57471100399681, 27.872221973941258], [84.5747711749185, 27.872381824088666], [84.57484786541741, 27.872535988641765], [84.57494040660022, 27.87268312284184], [84.57504799130044, 27.87282194324983], [84.57516968111773, 27.87295123894242], [84.5753044146022, 27.873069882075757], [84.57767641978845, 27.87497190516292], [84.57778648540395, 27.875054071125813], [84.57968749490252, 27.876374088154474], [84.57989436507745, 27.876500252877452], [84.5815683802219, 27.877391265424386], [84.58173523033767, 27.877470923260844], [84.58300424774322, 27.878010596985817], [84.58505109461979, 27.87989378447233], [84.58516128772975, 27.879987814804114], [84.58527912350901, 27.880074219087447], [84.58646812993149, 27.88088122958991], [84.58663431757995, 27.88098282357263], [84.58838133271368, 27.881940836951006], [84.58857214856549, 27.88203332860625], [84.58877299553896, 27.882107171614635], [84.58898157335102, 27.882161520252016], [84.58919549316478, 27.882195752062124], [84.58941230495223, 27.882209474986535], [84.59094933043218, 27.88223347547818], [84.59114751284893, 27.88222796789521], [84.5913441464513, 27.88220531595965], [84.59153735724045, 27.882165735553375], [84.59172530384303, 27.882109603893262], [84.59190619506263, 27.882037455935624], [84.59207830695263, 27.88194997927718], [84.59451332729502, 27.880567960328534], [84.59464986854769, 27.880483265424438], [84.59477814268412, 27.88038891630402], [84.5969808704718, 27.87862861841605], [84.59708507707276, 27.878568288286314], [84.59719741263326, 27.878580316765248], [84.5986847437466, 27.87909761141288], [84.5988862288771, 27.879157097279105], [84.59909360173936, 27.879197567854174], [84.5993045961517, 27.87921858087233], [84.59951690634995, 27.879219906701202], [84.59972821218867, 27.879201530851564], [84.59993620449968, 27.87916365413578], [84.60156322890866, 27.878787648284323], [84.60178344428527, 27.878724657639523], [84.60199416933096, 27.878639822597176], [84.60531020491102, 27.87709680040222], [84.60547439645259, 27.877011460473078], [84.60562888284207, 27.876912845089475], [84.60577230897646, 27.87680181928975], [84.60590341678278, 27.87667935697169], [84.6068924133034, 27.87566434610536], [84.60701931923492, 27.87551988472601], [84.6071290835395, 27.875364731424185], [84.60722057441905, 27.875200486117222], [84.60729284852155, 27.875028842470556], [84.60734516066603, 27.874851570431886], [84.60737697152317, 27.874670497978897], [84.60743006169075, 27.874218805091477], [84.60857695513589, 27.873876992888174], [84.60914201866389, 27.87396204584608], [84.61126363991501, 27.87464785802585], [84.61158409249917, 27.874876790243043], [84.61159805492211, 27.876588095024626], [84.61160704778145, 27.876745159255336], [84.61163139433539, 27.87690093149457], [84.61167090977344, 27.877054228883463], [84.6121528838492, 27.87860923553255], [84.61223143652407, 27.87881388693244], [84.61233696968254, 27.879008721672868], [84.61320895395605, 27.880398732670944], [84.6133094467533, 27.880542607924106], [84.61342467278749, 27.88067748083697], [84.61355361770968, 27.88080216404523], [84.61369514638389, 27.88091555988652], [84.61384801287974, 27.881016670064803], [84.61401087144111, 27.88110460443992], [84.61418228833405, 27.88117858886504], [84.61436075446973, 27.881237972002836], [84.61454469869126, 27.881282231060432], [84.61519132114736, 27.881409214309084], [84.61604941772424, 27.88195109594383], [84.61625991810301, 27.882067525609333], [84.61823093832552, 27.883014539292958], [84.6184053819466, 27.883089036951013], [84.61858701395913, 27.883148442748546], [84.61877418503926, 27.88319221724317], [84.61896519555765, 27.883219962934014], [84.61915831101523, 27.883231427871788], [84.62057633452125, 27.883255428349653], [84.62079022903052, 27.88324902688299], [84.62100217797172, 27.88322266256699], [84.62372022063319, 27.88275365520014], [84.62393108265279, 27.882706739298758], [84.62413509418212, 27.882640068720427], [84.6243299184716, 27.882554407114263], [84.62687294372718, 27.881281389085682], [84.62704170677212, 27.88118691613384], [84.62719922710708, 27.881078189786574], [84.62903523333286, 27.879677172445078], [84.62917849592158, 27.879556624381273], [84.62930791889396, 27.879424293138968], [84.6294222809139, 27.879281427551753], [84.62952050279111, 27.87912937586276], [84.62960165766404, 27.87896957299999], [84.62966497974499, 27.87880352703379], [84.62994196557048, 27.877941523116732], [84.62998492349706, 27.87778005378154], [84.63001101167693, 27.877615761125128], [84.63031495906729, 27.87475675654423], [84.6303239037595, 27.87457342786685], [84.63031185287723, 27.87439023964799], [84.6302789311081, 27.874209085691128], [84.63022547889938, 27.87403183876028], [84.6301520489343, 27.87386033121982], [84.63005940041461, 27.8736963360924], [84.62994849120855, 27.873541548730547], [84.62979013776805, 27.87334353941764], [84.63135414553616, 27.87234383522505], [84.63458229174272, 27.87159762975644], [84.63478293341736, 27.871541236347394], [84.63497593092889, 27.871466695131627], [84.63575593968525, 27.87112169011768], [84.63592174536281, 27.87103954510356], [84.63607819547818, 27.87094400125827], [84.63622392308739, 27.870835893387735], [84.63635765494435, 27.870716166072388], [84.63647822262588, 27.870585865413116], [84.63658457274032, 27.870446129890123], [84.63667577613043, 27.87029818041477], [84.63675103599061, 27.870143309661167], [84.63680969482695, 27.86998287077098], [84.63685124019983, 27.869818265530018], [84.63703922328646, 27.86886726278306], [84.63706355141093, 27.86869703589734], [84.63706957757385, 27.868525525138892], [84.63705724738512, 27.86835428096279], [84.63702667239514, 27.868184851407054], [84.63697812908319, 27.86801876809855], [84.63618944157815, 27.865766396490578], [84.63617647416946, 27.86510374508071], [84.636315418438, 27.863816851572665], [84.63676563526467, 27.86248319572243], [84.63688284473668, 27.862422972118573], [84.63896339808929, 27.86224147613191], [84.64034166141424, 27.86248825780143], [84.64172528897137, 27.863203215652945], [84.6419238576033, 27.863293242167696], [84.64213233298888, 27.863363384023085], [84.6423482030303, 27.863412796014547], [84.64402122910104, 27.86370980086087], [84.64424202006283, 27.863737894732697], [84.64446494605517, 27.863744300098464], [84.64468731777053, 27.863728939685487], [84.64754036386883, 27.863390934372], [84.64780020844583, 27.86334464323862], [84.64990123970628, 27.86284163541337], [84.65009429388073, 27.862786082951306], [84.6502801456007, 27.862713684719484], [84.65045693906802, 27.86262516364653], [84.65062290894707, 27.86252140365299], [84.65077639799385, 27.86240344082392], [84.650915873605, 27.862272453061912], [84.65187686991192, 27.86127444245261], [84.6520007289473, 27.861132002560034], [84.65210800484323, 27.860979304985367], [84.65219763033062, 27.860817868991205], [84.65275961434257, 27.859663861451832], [84.65283159922375, 27.859492769404497], [84.6528837560782, 27.859316086756262], [84.65291555071656, 27.85913562341658], [84.65292665754272, 27.85895322801479], [84.65291696288504, 27.85877076896271], [84.65288656615667, 27.85859011531499], [84.65283577883274, 27.858413117623144], [84.65276512125581, 27.858241588979574], [84.65267531730184, 27.858077286445702], [84.65220130851772, 27.857311292443732], [84.65211533172922, 27.857184894903142], [84.65201801397049, 27.857065168896415], [84.65006556957289, 27.854859212104095], [84.6518824070255, 27.85470269404872], [84.65568945338464, 27.85473866330556], [84.6558984726351, 27.854731057188715], [84.65610550206372, 27.854704377846435], [84.6563083442757, 27.854658908450972], [84.65650484632545, 27.85459513161041], [84.65907687860587, 27.853624117125307], [84.65926154412129, 27.853544375506495], [84.6594362057213, 27.85344846756906], [84.65959907782477, 27.853337373803196], [84.66145108441454, 27.851936356405385], [84.66161092048321, 27.851801478797736], [84.66175336746855, 27.851651998249295], [84.6618767471584, 27.851489675913978], [84.66283273272418, 27.85007166396628], [84.66293550258897, 27.849898577839063], [84.66301658161662, 27.849716618348534], [84.66348256223266, 27.848478611871936], [84.66353387528588, 27.848317917176264], [84.66356825302373, 27.84815369384968], [84.66377714861778, 27.846813485630545], [84.66409703089236, 27.846073605576816], [84.66480783775073, 27.845149957138837], [84.66491873293948, 27.84498825554398], [84.66500995454606, 27.844817115043423], [84.66648590897987, 27.84162509508525], [84.66655517261674, 27.841450253660838], [84.66660389515187, 27.841270019112482], [84.66663156270579, 27.841086292764484], [84.66663788351714, 27.840901012767223], [84.66662279101595, 27.84071613365092], [84.66658644452141, 27.84053360570714], [84.66590512630779, 27.837906389820773], [84.66584365158776, 27.83653135263112], [84.66582135344181, 27.836326915348224], [84.66561133174095, 27.83512091828851], [84.66555952682005, 27.834908776811307], [84.66547944441128, 27.8347036990523], [84.665025430562, 27.833733705088793], [84.66491568858356, 27.83353467236004], [84.66414105713842, 27.83232406934612], [84.66379543993266, 27.831338027606183], [84.66360941454899, 27.83006965659838], [84.66514724674066, 27.829063604896945], [84.66528262979726, 27.828966831366962], [84.66759363662004, 27.827164809280738], [84.66776514441747, 27.827014137683584], [84.66791534750232, 27.826846450706167], [84.66935633363347, 27.825025433562807], [84.66946449187868, 27.824873125893962], [84.66955503441369, 27.824711991895853], [84.67011601881447, 27.82357498439228], [84.67018716562905, 27.82340902677936], [84.67023962035198, 27.823237655626], [84.67027287509191, 27.823062530518985], [84.67028660789882, 27.822885347391065], [84.67031058763236, 27.821796346977585], [84.67030628483221, 27.821638389345825], [84.670286459064, 27.821481371586152], [84.67025126235032, 27.821326497172105], [84.6699121352695, 27.820111028330313], [84.67106163605624, 27.819381014858557], [84.67358273588226, 27.819144837555168], [84.67378008059373, 27.819117565114674], [84.67397345568682, 27.819073183034444], [84.67416098927907, 27.81901212093644], [84.67434086604221, 27.81893496990576], [84.67530388502942, 27.818468665111563], [84.67789243297402, 27.817754740457726], [84.67806872216897, 27.817698059620362], [84.67823837816398, 27.817627160866007], [84.6783999539768, 27.81754264888973], [84.67855207154996, 27.817445244492266], [84.67869343350512, 27.81733577843152], [84.67971051282872, 27.816471581207868], [84.6815297098579, 27.815678437145145], [84.68171837768064, 27.815584789975492], [84.68189478009597, 27.815473841886558], [84.68205691817045, 27.81534685012943], [84.68487431862778, 27.812891272324606], [84.68527256032961, 27.812722934834916], [84.6887374769902, 27.812409507304043], [84.68888008755832, 27.81239204286043], [84.69153519150221, 27.811981088128128], [84.69432670220485, 27.81171336833836], [84.69455052295125, 27.811680564603748], [84.69476882907074, 27.81162575961899], [84.6949788939288, 27.81154963789781], [84.69700640360332, 27.810694504002857], [84.70129164415862, 27.810076808608898], [84.7044315069646, 27.80988451176067], [84.70461396702649, 27.809865929901612], [84.70662999915427, 27.809577925356614], [84.70678560619062, 27.809550105732697], [84.70693829259385, 27.809511559838285], [84.70879731878088, 27.808971551540655], [84.70899448706919, 27.808903988044737], [84.70918268697062, 27.808818564053986], [84.7093598787813, 27.80871620540029], [84.70952414211915, 27.808598021452024], [84.70967369673818, 27.808465293089156], [84.70980692182313, 27.808319458819554], [84.70992237355526, 27.80816209918677], [84.7106163622754, 27.807099090448535], [84.71070032613774, 27.806956122889467], [84.71076959993947, 27.806807060711844], [84.71082363047695, 27.80665309442089], [84.71086198629486, 27.806495453684242], [84.71088436113018, 27.806335397510534], [84.71105932490289, 27.804369394876034], [84.71106516755657, 27.80418766973009], [84.71105042034326, 27.80400634381299], [84.71094614750017, 27.803253728912843], [84.71099611992263, 27.803182405416223], [84.71186349184514, 27.802812758380682], [84.71331610516836, 27.802847219873815], [84.71391633551251, 27.80337096701181], [84.71486817834189, 27.804523360335516], [84.71499171257068, 27.80465870092883], [84.71512935383416, 27.804782813390727], [84.7152798182205, 27.80489453996446], [84.71673582635756, 27.805873552724925], [84.71690543618632, 27.80597604655614], [84.71708581162143, 27.806062798757264], [84.7172751113061, 27.806132923710262], [84.71747140276715, 27.806185705536354], [84.717672682145, 27.806220605405088], [84.71787689465273, 27.806237267035904], [84.7180819555558, 27.806235520335747], [84.71828577145719, 27.80621538313579], [84.71902578323721, 27.806108381446062], [84.71924237225807, 27.80606615182896], [84.71945248792763, 27.806003165660435], [84.7207315045016, 27.80554915882891], [84.72090912411387, 27.80547711957466], [84.721078138266, 27.80539023955192], [84.72123698327167, 27.80528932256861], [84.72138418954056, 27.805175302299357], [84.72151839517517, 27.805049233646145], [84.7216383585711, 27.80491228297746], [84.72249490697068, 27.803830912399153], [84.72359313536758, 27.803288172359135], [84.7283035607412, 27.802160747285413], [84.72848734793396, 27.80210830267818], [84.72866470121572, 27.80204057031979], [84.72883401649823, 27.80195816282636], [84.72899376240386, 27.80186182554415], [84.72914249411747, 27.801752429807337], [84.72927886645479, 27.80163096505617], [84.72940164602927, 27.801498529886864], [84.7295097224071, 27.80135632211426], [84.73096070131811, 27.799236304080203], [84.73103929861419, 27.7991104147055], [84.73138338180209, 27.798503428672774], [84.73151449414736, 27.79849087996913], [84.733057542544, 27.798791570605676], [84.73386995936913, 27.79933603763007], [84.7342367890158, 27.800479777919797], [84.73450363520574, 27.802831213535114], [84.73453625349194, 27.803019006484377], [84.73459089565577, 27.803202709030387], [84.73466695607497, 27.80338028475244], [84.7347635916855, 27.803549765138666], [84.73573957531067, 27.80505877736648], [84.73584359737175, 27.805203254099318], [84.7359625763711, 27.805338296027347], [84.73609543735806, 27.80546268301436], [84.73624097994248, 27.80557529119012], [84.73639788914002, 27.805675103105873], [84.73656474725344, 27.805761216928257], [84.73674004668237, 27.805832854588687], [84.73900507571237, 27.806644866949565], [84.73917897261192, 27.80669918364117], [84.73935769398574, 27.806739249194795], [84.73953976599796, 27.80676473320662], [84.73972368717735, 27.806775425520403], [84.74403030478318, 27.806851445614107], [84.7452749547084, 27.807721092897083], [84.74544761551496, 27.807829300299804], [84.74563198927419, 27.80792096534753], [84.74582607897726, 27.807995095174896], [84.7460277823634, 27.80805088684653], [84.74623491469275, 27.808087736055164], [84.7464452324134, 27.808105243668155], [84.74665645746562, 27.80810322005127], [84.74686630196045, 27.808081687123064], [84.74858132918055, 27.80782468305851], [84.74884764991056, 27.807768117864125], [84.7501337788221, 27.807411875937856], [84.7505277826115, 27.80757952311831], [84.75269861386538, 27.808903597501526], [84.75364833874526, 27.809749458716976], [84.75385426097174, 27.81045331677521], [84.75380041283526, 27.813582396492546], [84.75380362270894, 27.813715150873623], [84.75388559956679, 27.814964152003288], [84.7539070461321, 27.815140795554292], [84.75394792329264, 27.815314708292558], [84.75400783498672, 27.815484204775107], [84.75408620067573, 27.81564764235061], [84.75418226096707, 27.815803437079648], [84.75429508497119, 27.81595007908615], [84.75442357932091, 27.816086147191346], [84.7545664987662, 27.816210322688146], [84.75673650445137, 27.817918343567566], [84.75681510658556, 27.817977124525154], [84.75956511930423, 27.81993014945382], [84.7597371594202, 27.82003976978541], [84.75992110308476, 27.820132867073905], [84.76011495041377, 27.82020842912721], [84.76031659383185, 27.820265634401604], [84.76427165271166, 27.821188649110848], [84.7644591227273, 27.8212240803401], [84.7646495156381, 27.82124363447485], [84.76484113416831, 27.82124713719771], [84.76503227011462, 27.821234557283102], [84.76522121957633, 27.8212060068757], [84.7654062981473, 27.82116174049053], [84.76558585593362, 27.821102152743798], [84.76775088292261, 27.82027814044826], [84.76794207102527, 27.820194559057295], [84.76812235270377, 27.82009362216071], [84.76828974204659, 27.819976441656824], [84.77009074736054, 27.818573424451913], [84.77023634869427, 27.81844803110172], [84.77036715733614, 27.818310351677454], [84.77048186885781, 27.818161759183635], [84.77191984848658, 27.81608374136938], [84.77201548189579, 27.81592906765744], [84.77209366459498, 27.81576682780329], [84.77215364886716, 27.81559857358645], [84.77219486106695, 27.815425914304996], [84.7722169071043, 27.815250501382433], [84.7722195762105, 27.815074012572016], [84.77220284295065, 27.814898135909335], [84.77200589408481, 27.813592350062976], [84.7721211697246, 27.81282375242037], [84.77250601987897, 27.812282995564377], [84.77408260676991, 27.811250795161385], [84.7742063301723, 27.81143108054495], [84.77434265360546, 27.81160569431454], [84.77450112113193, 27.811764845780345], [84.77777112065644, 27.814682879379923], [84.77792948327959, 27.814810060394564], [84.7781019883088, 27.814921756051614], [84.77828672909615, 27.815016731785754], [84.77848166373555, 27.81509393783296], [84.7786846376335, 27.815152520835003], [84.77889403748281, 27.815202307197346], [84.77876298222199, 27.815602712052637], [84.77871679573352, 27.815774884838575], [84.77868980003299, 27.815950252213465], [84.77868225487097, 27.81612712740944], [84.77869423291529, 27.81630380914763], [84.77872561904861, 27.816478598001808], [84.77877611147201, 27.816649812744604], [84.77884522460441, 27.816815806518946], [84.77893229374996, 27.816974982679188], [84.7790364814887, 27.8171258101496], [84.77915678572911, 27.8172668381523], [84.77929204934509, 27.817396710163035], [84.77944097130475, 27.81751417696052], [84.77960211918436, 27.817618108643742], [84.77977394294642, 27.817707505501506], [84.77995478984998, 27.817781507629732], [84.78107380422423, 27.818181513717427], [84.7812642210354, 27.818239999816612], [84.78146022067139, 27.81828141626464], [84.7816598725223, 27.818305355105608], [84.7818612099982, 27.818311580539373], [84.78206224990313, 27.818300031244544], [84.78226101197262, 27.818270820982637], [84.78245553838235, 27.818224237477324], [84.78264391303564, 27.818160739579945], [84.78282428043967, 27.818080952749145], [84.78299486398427, 27.817985662889242], [84.78315398344311, 27.81787580860799], [84.78330007152505, 27.817752471970202], [84.7845632143462, 27.816574663292975], [84.78769384675577, 27.81682549918829], [84.78788489815105, 27.816832763635944], [84.78807587057521, 27.816824011177825], [84.7899059004416, 27.816663008629288], [84.79010526125222, 27.816636525689393], [84.79030068470624, 27.81659259295467], [84.7904902436213, 27.816531643671702], [84.79067206865703, 27.816454278896572], [84.79084436675167, 27.816361261566595], [84.7910054388061, 27.81625350897567], [84.79115369644072, 27.816132083727215], [84.79128767765977, 27.815998183254017], [84.79140606126846, 27.81585312800857], [84.79201681548885, 27.81502074052761], [84.79244811634449, 27.81493438450205], [84.79362924292585, 27.815307836677192], [84.79480425190414, 27.815850567266228], [84.79500374539653, 27.81593087539579], [84.7952118083872, 27.81599160827751], [84.79744884149989, 27.816527616791504], [84.79764072895264, 27.816564843195295], [84.80012503019081, 27.81693587127317], [84.80096979427134, 27.81722399355763], [84.80315951220803, 27.81866474741699], [84.80332338423972, 27.818761991053538], [84.80349708777673, 27.81884465210891], [84.80367898644313, 27.818911951864408], [84.8056740134318, 27.8195509617286], [84.8058680763479, 27.81960353821675], [84.80606707286324, 27.819638629874614], [84.80626901528706, 27.819655886186045], [84.80921306386333, 27.819775888240386], [84.80941671291406, 27.819775094872778], [84.80961924760261, 27.819756163410055], [84.80981862935036, 27.819719284403398], [84.81001285131872, 27.81966482905167], [84.8101999586113, 27.81959334546464], [84.81037806795308, 27.8195055531453], [84.81054538664796, 27.819402335746933], [84.81136239103057, 27.81884232851953], [84.81150710785134, 27.818733173511628], [84.81163972643536, 27.818612479442933], [84.81175908763124, 27.81848130127621], [84.81186414817911, 27.81834078560975], [84.8119539898286, 27.818192160654323], [84.81202782736362, 27.8180367254968], [84.81208501546412, 27.817875838744484], [84.81224362632751, 27.817344312546357], [84.81288051611723, 27.816904161096748], [84.81401035754179, 27.81637163769071], [84.81726101455098, 27.81513407855555], [84.81743453293576, 27.815059150071836], [84.81759926796035, 27.814969914896906], [84.81775373185731, 27.814867178950184], [84.81789652963333, 27.814751870079732], [84.81802637166824, 27.814625029681544], [84.81814208536207, 27.81448780329324], [84.81872421624382, 27.813724379738826], [84.81873428200964, 27.813901905675042], [84.81876414645293, 27.814078417313276], [84.81881347527921, 27.814251442701014], [84.81888178605313, 27.814419289331948], [84.81959176466869, 27.815926298790036], [84.81963270608732, 27.81600751969008], [84.82111967016408, 27.818772539081554], [84.82121849469492, 27.818934494773664], [84.82133537730475, 27.819086647871938], [84.8214690997847, 27.81922741246647], [84.8216182683857, 27.819355321345284], [84.82178132834467, 27.819469041288674], [84.82363834090702, 27.820633056834737], [84.82380337664324, 27.820726259999837], [84.82397773229756, 27.820804914826763], [84.82415979038466, 27.820868291632145], [84.82434786195365, 27.82091580246614], [84.82715590473741, 27.82149681177931], [84.82735488870054, 27.821528787810625], [84.82755646364484, 27.82154300454748], [84.82775862936317, 27.821539320918546], [84.82795937978533, 27.821517773475904], [84.82815672288692, 27.821478576032266], [84.82834870045895, 27.821422117539072], [84.8301737244615, 27.82079410802729], [84.83036597321262, 27.820717530517506], [84.83054825998987, 27.8206236511931], [84.83288827879329, 27.819269632711304], [84.83306253817422, 27.819156642462428], [84.83322232982351, 27.81902785163075], [84.83688632927806, 27.815742813890253], [84.83701802212445, 27.81561267881743], [84.83713491494143, 27.815471811791635], [84.83723590798556, 27.8153215381796], [84.83732005112074, 27.815163271845684], [84.83738655275565, 27.81499850184842], [84.8377285366746, 27.81400149707479], [84.8377738078366, 27.813844595311966], [84.83780307428948, 27.81368471640952], [84.83781610034887, 27.813523148267297], [84.8378127811564, 27.813361192387095], [84.83767332959633, 27.811399123077948], [84.8382430809618, 27.80976930401668], [84.8394069581264, 27.808697805240364], [84.83954943594003, 27.808551723267712], [84.83967351892011, 27.808392925774367], [84.83977778276768, 27.80822323563875], [84.83986103071015, 27.808044600770252], [84.84059800222214, 27.806187590639873], [84.84065008752204, 27.806035232825757], [84.8411477346438, 27.804309230587243], [84.84173872779427, 27.80419276430488], [84.84306927431909, 27.80440179213878], [84.84468665563172, 27.805063541369915], [84.84673922564673, 27.80882148249253], [84.84684502833659, 27.808991286526016], [84.84697073025568, 27.809150003968707], [84.84792072426747, 27.810222014781875], [84.84804474103201, 27.810349266836877], [84.8481815560857, 27.810465688129245], [84.84832997852008, 27.810570265235455], [84.84848871637524, 27.810662087830448], [84.8486563878864, 27.810740356612776], [84.8488315335126, 27.810804390263208], [84.84901262864285, 27.81085363137633], [84.84919809686919, 27.810887651313337], [84.84938632371065, 27.810906153933807], [84.84957567066932, 27.810908978173945], [84.85183170796275, 27.810848977257322], [84.85204400377894, 27.810833385894387], [84.8522532926143, 27.810798097125055], [84.8562259560199, 27.809933968831018], [84.85960914487606, 27.809558916782464], [84.85979645998455, 27.80953017358304], [84.85997992955112, 27.80948597562839], [84.8601579444503, 27.809426710559016], [84.8603289434038, 27.809352898161624], [84.86195996011986, 27.80856288687107], [84.8621158075989, 27.808479126178412], [84.86226258450432, 27.808383282091103], [84.86239910933857, 27.8082761261332], [84.86414211079939, 27.80677910857161], [84.86427377155205, 27.806654794319844], [84.86439162949696, 27.80651997190013], [84.86537424029089, 27.805278906150157], [84.86612777202488, 27.804496410598134], [84.86658889598007, 27.804258806713012], [84.86760807671781, 27.8043015560235], [84.86933349919939, 27.804639326083638], [84.8695699261412, 27.804765315270174], [84.86902619272729, 27.805655967541966], [84.86893974577869, 27.805815842457804], [84.86887136728363, 27.805982491434563], [84.8688217179296, 27.806154304478923], [84.86879127746975, 27.806329621699973], [84.86878034008458, 27.806506749344894], [84.86878901153652, 27.806683976162134], [84.86881720814425, 27.80685958993379], [84.86886465758775, 27.807031894017772], [84.86893090153548, 27.807199223739776], [84.86921789254674, 27.807824227580237], [84.86929700555086, 27.807976006563838], [84.86939158392877, 27.808120620053018], [84.86950081513066, 27.808256825541], [84.86962376070046, 27.80838345275738], [84.86975936433797, 27.808499413723887], [84.8699064609738, 27.808603712103135], [84.87006378677941, 27.808695451760062], [84.87022999002627, 27.80877384446248], [84.87340102681462, 27.810105864162974], [84.87359591360644, 27.810176974624238], [84.87379803994723, 27.810229741653554], [84.87446905013068, 27.810371743921813], [84.87464715561855, 27.81040203153086], [84.87482759047076, 27.810418064349967], [84.875008914542, 27.810419714412728], [84.87561009724803, 27.81040129060173], [84.87685705243375, 27.810672267379253], [84.87816552862668, 27.81109857836491], [84.87919273482565, 27.81158903941072], [84.87935167517898, 27.81165718705907], [84.87951667163519, 27.811712803170508], [84.87968647722234, 27.811755467419875], [84.87985980861782, 27.811784857366778], [84.88194784207101, 27.812055861787915], [84.88215261694488, 27.812073073096286], [84.88235829943578, 27.81207176903703], [84.88256277736488, 27.81205196300155], [84.88276395092494, 27.812013858380105], [84.88351896215107, 27.811834855574023], [84.88371014222072, 27.811780393161015], [84.88389433633876, 27.81170940512971], [84.88406974268041, 27.81162258590496], [84.88423464539686, 27.811520784775013], [84.88438743140124, 27.811404997582528], [84.88442761699139, 27.811367853688687], [84.88444127683945, 27.811379466683626], [84.88459764240073, 27.811499472247316], [84.8847669154675, 27.811604726159942], [84.88494734304948, 27.81169413839189], [84.88513705662338, 27.81176678297054], [84.88533409148526, 27.81182190757108], [84.8856070955609, 27.811884908571372], [84.88578646941293, 27.811918694951242], [84.88596854045979, 27.811937950988906], [84.88615182296668, 27.81194251955129], [84.88633482131155, 27.81193236335794], [84.88762684233198, 27.811808361374936], [84.88789196041093, 27.81176695313087], [84.89377704940672, 27.810484932934536], [84.89395973339585, 27.81043694939252], [84.89413655378743, 27.810373949605005], [84.89430595320852, 27.81029648845597], [84.89446643965674, 27.810205248199672], [84.89461659964248, 27.810101032450714], [84.89472695181679, 27.810016744506303], [84.89498718197179, 27.809910234238], [84.89661887299059, 27.809882454921734], [84.8968059345946, 27.809871570361576], [84.89699106893143, 27.80984538679007], [84.89717269677047, 27.809804127558024], [84.89734926879645, 27.80974814461422], [84.89751927882728, 27.809677915502764], [84.89768127666343, 27.809594039289063], [84.8985842809513, 27.809075414532668], [84.89915795408888, 27.808881584880286], [84.89980270245658, 27.809038646701648], [84.90000516412839, 27.809078207184857], [84.90021110789547, 27.80909919972162], [84.90229986585076, 27.80921644615982], [84.90367871705276, 27.809846979514393], [84.90384781085415, 27.80991578552988], [84.90402327726373, 27.809970542294895], [84.90420364342987, 27.810010790182872], [84.90438739536658, 27.81003619135389], [84.90457299066358, 27.810046532590782], [84.90611701620597, 27.810069532996057], [84.90632917266652, 27.8100628194438], [84.9065393800195, 27.810036439414453], [84.90674533871862, 27.809990681490177], [84.90694479570213, 27.80992604623559], [84.90713556904323, 27.809843240721136], [84.90883458610207, 27.809005228786933], [84.90901470547526, 27.808905082148204], [84.90918206623991, 27.808788744548455], [84.90933483511154, 27.808657490389383], [84.90947133866796, 27.808512757469032], [84.90959008167984, 27.80835613122998], [84.90992707660118, 27.80785712703367], [84.91002478031106, 27.80769408429848], [84.91010322680755, 27.807523014371746], [84.9101615941818, 27.80734570980805], [84.91019927093362, 27.807164028482845], [84.91021586237524, 27.80697987412396], [84.91022011841748, 27.806848217010312], [84.91075126144436, 27.807115171354482], [84.91094631156668, 27.807201271744635], [84.91115061312439, 27.807268295519172], [84.91136181436991, 27.807315471152304], [84.91157748412041, 27.80734225559379], [84.9122234946928, 27.807391256402052], [84.91240932075932, 27.80739774799124], [84.91259503499425, 27.8073890886556], [84.91277907826863, 27.807365351092812], [84.91295990548377, 27.807326734586884], [84.91400592073381, 27.807057730388696], [84.91417534905075, 27.807006865833714], [84.91433908464231, 27.806942938212654], [84.91449585650001, 27.806866443771902], [84.91464444767938, 27.806777976308272], [84.9154794528119, 27.80623196913895], [84.91565776977673, 27.8061008049547], [84.91581813583143, 27.805952443943426], [84.91595846619363, 27.80578881489042], [84.9161614639654, 27.805521812448763], [84.9162764584252, 27.805350946070305], [84.91636958381584, 27.80516985495761], [84.91643970659553, 27.804980743605405], [84.91680978737092, 27.803759921187964], [84.91718168032814, 27.803149633236423], [84.91848267163994, 27.8025040576587], [84.91942211704124, 27.802224489634526], [84.91962231815495, 27.80215420926501], [84.91981302340031, 27.802065471142793], [84.91999208798373, 27.801959273284965], [84.9222243997507, 27.800477434016923], [84.92333667135084, 27.800089328054312], [84.92452904017776, 27.800349664295506], [84.92544609085535, 27.800839485527202], [84.92624558852701, 27.80147993487783], [84.92641055353982, 27.801598789827086], [84.92658857929173, 27.801701669733315], [84.93028443205925, 27.803600616878562], [84.93237883550518, 27.80555729807233], [84.93252566052495, 27.805681423993512], [84.93268567055799, 27.8057919161079], [84.93285727138914, 27.805887673532887], [84.93530529560937, 27.80710669090406], [84.93547505250257, 27.807182176475656], [84.93565199712846, 27.80724323210977], [84.93583458215849, 27.80728932388946], [84.93602121093312, 27.80732004875252], [84.936210251426, 27.807335138016658], [84.93702526487553, 27.80736613853408], [84.93723481021489, 27.807364480637077], [84.93744304643604, 27.8073436201526], [84.93764775380775, 27.80730377944659], [84.93784675022069, 27.80724538320767], [84.9384176618347, 27.80704824140862], [84.93896716941204, 27.808381884597715], [84.93902705590651, 27.80851142787045], [84.93909805991251, 27.808636451698284], [84.94144501745266, 27.812398481430538], [84.94150161572901, 27.812483615562034], [84.94346458922008, 27.81525963964476], [84.94354266795033, 27.815362083702627], [84.94458465896152, 27.81663309590947], [84.94474904393789, 27.816809006902318], [84.94591504229811, 27.817907019199275], [84.94606494971201, 27.818034460799524], [84.94622870154701, 27.818147636500935], [84.94640458821542, 27.818245364709075], [84.94659077342187, 27.818326625103868], [84.94837379553664, 27.81900663531794], [84.94854955228635, 27.81906526661583], [84.94873064954137, 27.8191092116964], [84.94891553849642, 27.819138094725226], [84.9491026379134, 27.81915166868381], [84.9505736622197, 27.819197669453146], [84.95077406087702, 27.81919513298581], [84.95097320138555, 27.819175038766314], [84.95116914242712, 27.81913758268275], [84.95135997387813, 27.81908312987479], [84.95315891727891, 27.81848119199935], [84.9532583058987, 27.818523750370925], [84.95489595502202, 27.819890078386738], [84.9550468201438, 27.820004165729458], [84.95520947249227, 27.820104638586585], [84.95538236367757, 27.820190540475654], [84.95567236691461, 27.820318542348687], [84.95585037344269, 27.82038787666043], [84.95603502177683, 27.820441759003455], [84.95622461946861, 27.820479695501103], [84.95641742869812, 27.82050133843329], [84.9566116822046, 27.820506489424023], [84.95909972337712, 27.820466488801287], [84.959285452218, 27.82045591469548], [84.95946931114169, 27.82043026156896], [84.95964975464561, 27.820389745059796], [84.95982526594113, 27.820334705746145], [84.95999436970519, 27.820265606282994], [84.96138838476007, 27.819625597015346], [84.96159631973865, 27.819515707923458], [84.96410233831931, 27.81800468753265], [84.96426833852934, 27.817893136366287], [84.96442062193564, 27.817767061816852], [84.96595762081924, 27.816357045806118], [84.96610180557353, 27.816209570528237], [84.9662272124988, 27.816049099942273], [84.96633237154941, 27.815877515226163], [84.96641605006126, 27.815696827838565], [84.96712202977061, 27.813902026955557], [84.96713416958092, 27.81390457965781], [84.96830418793202, 27.814100582811758], [84.96850365695352, 27.8141249620652], [84.96870486113372, 27.81413165053844], [84.9689058206886, 27.814120582419037], [84.96910455824153, 27.81409186661358], [84.96929911828282, 27.814045785675866], [84.96948758641409, 27.813982793026373], [84.96966810818763, 27.813903508490018], [84.96983890735571, 27.813808712196547], [84.96999830334956, 27.81369933690331], [84.97014472781667, 27.813576458816218], [84.97027674005305, 27.813441286999083], [84.97113473460267, 27.81246927720554], [84.97126548720313, 27.81230261916717], [84.97137434060532, 27.812123948587196], [84.97145991499848, 27.811935530450057], [84.9720948890992, 27.81027352171321], [84.97214548573074, 27.810118695508127], [84.97218034038326, 27.809960472055117], [84.97219917495886, 27.809800114098184], [84.9722018392147, 27.809638901410835], [84.97214006217587, 27.8078077228096], [84.97236463830166, 27.807461305566267], [84.97315039173385, 27.80708452904183], [84.97332343729671, 27.806991366985734], [84.97348519386898, 27.80688335090245], [84.97390419551493, 27.80657334701639], [84.9740579106355, 27.806447144906468], [84.97419619836363, 27.806307542788417], [84.97431758937665, 27.806156024012154], [84.97442079390507, 27.805994198542365], [84.97450471543515, 27.805823785850407], [84.9746347108706, 27.805517784083882], [84.97469578150015, 27.805349517299486], [84.97473804221619, 27.80517674427237], [84.97476108749288, 27.80500112326776], [84.9747646962371, 27.804824339877698], [84.97474742494786, 27.80432674375011], [84.97482169642551, 27.803895646062717], [84.97502233942885, 27.803830629028074], [84.97607252850574, 27.803671334886392], [84.97729182309108, 27.80373186204937], [84.9777994466289, 27.803859708417104], [84.97812163974577, 27.80407173305062], [84.97828363772929, 27.804167992665747], [84.97845526939611, 27.804249996191878], [84.97863495306852, 27.804316987913566], [84.97882103285446, 27.804368350457565], [84.97901179390902, 27.80440361048314], [84.97914779665432, 27.804416834504504], [84.97950986747988, 27.804566194970004], [84.9796754672697, 27.804626764753532], [84.97984642632773, 27.804674120228245], [84.9800214139811, 27.80470789279773], [84.98115730034333, 27.80488085757755], [84.9821867197639, 27.80577503925441], [84.9823524864428, 27.80590415571893], [84.98253301873089, 27.806016530777754], [84.98471003746745, 27.807220547463704], [84.98490457071101, 27.807315433392912], [84.98510958967172, 27.807390871294512], [84.98532264428756, 27.80744595964763], [84.98747667712728, 27.807890966733677], [84.9876538632974, 27.807920266331582], [84.98783327397989, 27.80793547465809], [84.98801349460813, 27.80793647180287], [84.9881931042285, 27.807923249903883], [84.98837068670562, 27.80789591320937], [84.98971970746946, 27.807632909028314], [84.9899121769205, 27.807586465296154], [84.99009859120676, 27.80752345025091], [84.99027715057971, 27.80744447227897], [84.99112815901532, 27.807020466249117], [84.9913044854602, 27.806921708501232], [84.99146849416077, 27.80680739484741], [84.99161845624151, 27.806678730337616], [84.99251634319828, 27.805824964867227], [84.99278241070449, 27.80590736806293], [84.99297424634695, 27.80595750703555], [84.99317069935113, 27.80599061843708], [84.9933698630719, 27.806006380909416], [84.99610290819193, 27.806102382492284], [84.99632492975627, 27.8060993703031], [84.99654525257256, 27.806074810307578], [84.99676123961392, 27.806028996462377], [84.99697030575557, 27.805962477109347], [84.99859232612238, 27.805355467991394], [84.99876408929967, 27.805282578962817], [84.99892741916837, 27.805195704349067], [85.00022347153211, 27.80443075741513], [85.00110074292584, 27.80433551628957], [85.0014455928032, 27.804445915112616], [85.00190976659692, 27.805148851307333], [85.00201765751144, 27.80529544419876], [85.00214102476872, 27.805432044452964], [85.00227870589144, 27.805557364838215], [85.00242940350425, 27.805670224412726], [85.0025916975588, 27.805769559654237], [85.00504071879902, 27.80711757835691], [85.00524117506896, 27.807214500094005], [85.00545259918727, 27.807290803061903], [85.00612060842384, 27.80749380619809], [85.00628897603876, 27.807537841594893], [85.00646099242928, 27.807568779544056], [85.0066353714942, 27.807586388733974], [85.00712423680585, 27.807616794362755], [85.00998296662586, 27.808673710727835], [85.01013276223607, 27.80875997703777], [85.01006669186144, 27.808862540190493], [85.00998702071402, 27.809019095864432], [85.00992445539032, 27.809181679206397], [85.00987956313561, 27.809348816364054], [85.009527533932, 27.81100481133922], [85.00950194002475, 27.81116357906627], [85.00949230002126, 27.81132374023693], [85.00949869012628, 27.811484029937464], [85.00952105994241, 27.81164318223356], [85.00955923286624, 27.811799940168445], [85.01010520200568, 27.813641947818418], [85.01016129217443, 27.81380098351241], [85.0102336440031, 27.81395474027591], [85.01032164049366, 27.814101906767593], [85.0115522156429, 27.815948743238884], [85.01204559700359, 27.817161341754908], [85.01295505922448, 27.820254480097475], [85.01301461006483, 27.820422877304154], [85.01309237978298, 27.82058529663766], [85.01318762445108, 27.820740184265073], [85.01347764068576, 27.821161454811204], [85.01357096173138, 27.821494636507516], [85.01378493658818, 27.823638534607863], [85.01380538890231, 27.82377983391926], [85.01383831350358, 27.823919258795037], [85.01399219187134, 27.824463147444323], [85.01371356835836, 27.825471429076806], [85.01367228317157, 27.825666649259624], [85.0136553798047, 27.825864720637973], [85.01366306315668, 27.826063243791342], [85.01376304491865, 27.827054245231956], [85.01379321422787, 27.827241871947496], [85.01384535057466, 27.827425651196346], [85.01391887906468, 27.82760355610634], [85.01401298886215, 27.827773624582893], [85.01412664212837, 27.82793398094979], [85.01425858546463, 27.82808285663726], [85.01541058167571, 27.829250869202657], [85.01560125062515, 27.829420080210298], [85.01729689748284, 27.830737185694936], [85.01763596663491, 27.8314483879891], [85.01719599270383, 27.831518661352987], [85.01700100275123, 27.831558714357257], [85.0168113959983, 27.83161563942314], [85.01662901486799, 27.831688883408102], [85.0164556315813, 27.831777734596926], [85.01629293093832, 27.83188132961658], [85.01614249394797, 27.831998661824617], [85.01600578246585, 27.832128591089653], [85.01588412498921, 27.832269854868944], [85.01577870374696, 27.832421080475502], [85.01552469913489, 27.83282907725019], [85.01543554320813, 27.83299085055739], [85.01536497275032, 27.833159719194036], [85.0153136909414, 27.833334000724545], [85.01528220879693, 27.833511958776718], [85.01527084007344, 27.833691820340636], [85.01527969813844, 27.83387179343285], [85.01530869483719, 27.83405008495001], [85.01535754136692, 27.83422491853403], [85.0154257511504, 27.834394552270624], [85.01557974644726, 27.83472455433337], [85.01565884329675, 27.834874271628237], [85.01575302740483, 27.835016922659868], [85.01586150770495, 27.835151309194032], [85.01659950312174, 27.83598231759715], [85.01674002465182, 27.83612452893553], [85.01689652883773, 27.83625287492081], [85.01706729419152, 27.83636594375183], [85.01725044233471, 27.836462491671547], [85.01791144936554, 27.83677049612539], [85.01812227816147, 27.836855487273382], [85.01834262060783, 27.83691859087281], [85.01882963102905, 27.837031269050833], [85.01768809247977, 27.838945808555554], [85.01760298088838, 27.8391073804974], [85.01671295313874, 27.84104036854039], [85.01663659103102, 27.841238206044082], [85.01658649130445, 27.84144256830573], [85.01628846118378, 27.843120564028254], [85.01626652274614, 27.843305547488857], [85.01626612068753, 27.84349155564706], [85.01628725938872, 27.84367661267188], [85.01632971441613, 27.84385875282564], [85.0163930349014, 27.84403604134507], [85.01706001120492, 27.84561605040146], [85.01714919452697, 27.845796640374658], [85.01726001439118, 27.845967502212346], [85.01739114748436, 27.84612659548207], [85.0175410278924, 27.846272020283166], [85.01955102890003, 27.84802004068048], [85.01970048888005, 27.848137801648942], [85.01986224247624, 27.84824194096862], [85.0200347245723, 27.848331450974253], [85.02292075554081, 27.84966447028975], [85.02306665922572, 27.84972544710682], [85.02321754609623, 27.84977594234606], [85.02646006706372, 27.850732204844846], [85.02681212413889, 27.850967092816457], [85.02686368466382, 27.852283792666096], [85.02687857063621, 27.852447938729455], [85.02691022848113, 27.852610195457114], [85.02695839469308, 27.8527692119182], [85.02702266831518, 27.852923664154144], [85.0271025142751, 27.8530722662023], [85.02807749525675, 27.8546922786761], [85.02817322503728, 27.854835104939063], [85.02828333597706, 27.85496949587817], [85.02840689376985, 27.855094311105873], [85.02854284999401, 27.855208491486582], [85.03052985643325, 27.85672951030469], [85.03069557777576, 27.85684366708258], [85.03087366048068, 27.856942027313675], [85.0310622059195, 27.857023542314163], [85.03125920389886, 27.857087342996252], [85.03146255409457, 27.857132749135484], [85.03167008844727, 27.857159276623925], [85.03425291968539, 27.857369162661684], [85.04081307775606, 27.858563245227273], [85.04329275827517, 27.85918000364102], [85.04348082242548, 27.859218318397662], [85.04367212925325, 27.859240596968807], [85.04386495162949, 27.859246638222196], [85.04405754874067, 27.859236387617013], [85.04424818180732, 27.859209937696374], [85.04603020952388, 27.85888493249694], [85.04621600440382, 27.858842833118928], [85.0463965032635, 27.858785347069063], [85.04657009682332, 27.858712986880292], [85.04673523737833, 27.858626397698995], [85.04689045259838, 27.85852635153222], [85.04703435865605, 27.858413740363797], [85.0471656725648, 27.858289568200778], [85.04728322361781, 27.85815494212095], [85.04803817501531, 27.857200475414032], [85.04818065083671, 27.857095808728218], [85.04883832268844, 27.857297273409355], [85.04905557101748, 27.857352019161183], [85.0492783154088, 27.85738498785766], [85.05052264707754, 27.85750644373448], [85.05085192142653, 27.857661049521376], [85.05286716900176, 27.859079747927797], [85.05303304828827, 27.859184929618422], [85.05320995339423, 27.859274806565082], [85.05339610296362, 27.859348473734695], [85.05358962253909, 27.859405189319936], [85.05482043039682, 27.85970596462278], [85.05678969588796, 27.860782884035096], [85.05822905821394, 27.861814745829445], [85.05839831762552, 27.861923796569705], [85.0585792956624, 27.862016803758824], [85.0587700742456, 27.86209278165523], [85.05896863141062, 27.86215092500136], [85.05917286273953, 27.862190617559385], [85.05938060366752, 27.862211438643378], [85.05958965242745, 27.862213167578627], [85.06079697315921, 27.862167864623444], [85.06169671046814, 27.86238287169028], [85.06186323906522, 27.862416065813342], [85.06203231582683, 27.862436715454304], [85.06220274651298, 27.862444674758535], [85.06511228801367, 27.862471708263474], [85.06511265809459, 27.862472019836865], [85.0652963216773, 27.86297805429395], [85.06537053963406, 27.86315147311759], [85.06546439965506, 27.863317203509506], [85.06557690981876, 27.86347349386208], [85.06570688107496, 27.863618692332476], [85.06586588058371, 27.86377869406219], [85.06600101989369, 27.863902257905153], [85.06614880316697, 27.86401380462126], [85.06630788321897, 27.86411231732936], [85.06647680986912, 27.86419689796623], [85.06665404316169, 27.86426677547455], [85.06683796740546, 27.864321312832892], [85.06702690590424, 27.864360012863774], [85.06721913624392, 27.864382522766704], [85.06741290599658, 27.864388637334816], [85.06760644869853, 27.86437830082592], [85.06779799995621, 27.864351607470702], [85.06798581353341, 27.864308800613607], [85.0681681772726, 27.864250270494036], [85.0683434287056, 27.86417655068842], [85.06850997021081, 27.864088313245244], [85.0686662835789, 27.86398636255769], [85.06881094385413, 27.8638716280297], [85.06894263232493, 27.863745155602324], [85.06920363116559, 27.863469152702766], [85.06933572442341, 27.863313035592437], [85.06944805935912, 27.863145145809703], [85.06953932017628, 27.862967450013414], [85.0697009037813, 27.86260160422818], [85.06985499712668, 27.862615826522394], [85.07004306889878, 27.86261763661105], [85.070230522427, 27.862603974696928], [85.07041574964008, 27.862574957978815], [85.07059716156806, 27.862530835376592], [85.07077320197516, 27.862471985395523], [85.07094236071163, 27.862398912878866], [85.07226237422067, 27.861759903711825], [85.0724286703463, 27.86166995619438], [85.07258451097344, 27.861566270043866], [85.07272846391844, 27.861449798162145], [85.0728592062608, 27.861321610952018], [85.07297553650108, 27.86118288647885], [85.07307638560209, 27.86103489964291], [85.07316082681245, 27.86087901046179], [85.07414811885386, 27.85880772938615], [85.07500284926714, 27.857460390934307], [85.07509346479394, 27.857299240602632], [85.07516555185045, 27.857130863892785], [85.07521839222068, 27.856956938575063], [85.07525145947837, 27.856779197700224], [85.07525794038457, 27.85668932546206], [85.07552800800042, 27.85669428077947], [85.07631795960494, 27.85712546796928], [85.07711788416367, 27.857765924515686], [85.07726721298889, 27.857874517585973], [85.0774274644257, 27.85797002402194], [85.07759719166228, 27.85805158153924], [85.08071722751858, 27.8593846011445], [85.08090562553373, 27.859454950658968], [85.08110102527569, 27.85950811527035], [85.08130144788836, 27.859543556566997], [85.08150486364038, 27.85956091562537], [85.08170921248359, 27.859560016645524], [85.08474219555701, 27.85941079838707], [85.08618305925923, 27.859776254537415], [85.08620842765183, 27.85980165053928], [85.08620630627813, 27.860567572974304], [85.08621344781437, 27.860723307161305], [85.0862356817885, 27.860877912950844], [85.08627284243431, 27.861030237230583], [85.08632465265345, 27.86117914389987], [85.08701962616757, 27.86290815340893], [85.0870922659654, 27.86306514083922], [85.0871811800498, 27.863215368879597], [85.08728558195071, 27.86335750861059], [85.087404548182, 27.863490302657045], [85.08753702640927, 27.86361257631186], [85.08768184475791, 27.863723247928426], [85.0878377221792, 27.863821338490038], [85.08800327978267, 27.86390598027131], [85.0881770530345, 27.86397642451515], [85.08888571903502, 27.864228634599417], [85.09081551036518, 27.865251884778203], [85.09099284790643, 27.865335637865428], [85.09117862670259, 27.86540341518411], [85.09137102992948, 27.86545455390121], [85.09156817596973, 27.865488553901244], [85.09212618494118, 27.865559555045074], [85.09235561821068, 27.865577026688783], [85.09258580216455, 27.865571302568522], [85.09281377705233, 27.865542456286143], [85.0933797858798, 27.86544145466504], [85.09356578631274, 27.865400057971623], [85.09374656428294, 27.865343255617407], [85.09392050811067, 27.86527155401189], [85.09408606705296, 27.865185592394592], [85.09424176513016, 27.865086137135325], [85.09438621428568, 27.864974074900914], [85.09589251741842, 27.863689197026954], [85.09824262592517, 27.862494788888426], [85.1029442405853, 27.861052811466216], [85.10508126632315, 27.861320997894314], [85.10739551354142, 27.864541436480057], [85.10748195112515, 27.86465234720192], [85.10757747022825, 27.86475720944269], [85.10987687607201, 27.86709691500783], [85.11094900586586, 27.869345061507914], [85.11239929330173, 27.87317202963013], [85.11246238722714, 27.87331743251965], [85.11253936158462, 27.873457456474295], [85.11262964249438, 27.87359105745519], [85.11273255685377, 27.8737172393104], [85.1136595512277, 27.874756249857395], [85.11379001772522, 27.874888666589616], [85.1139343783913, 27.8750091611032], [85.11409126037502, 27.87511658747531], [85.11425917173187, 27.875209924060176], [85.11443651561287, 27.875288283206277], [85.11485552076253, 27.875451285641972], [85.11505596250913, 27.875518308140204], [85.11526323222324, 27.875566201792754], [85.11547502511517, 27.87559443403241], [85.11568898609106, 27.87560269092239], [85.11590273594483, 27.875590880647746], [85.1165410375139, 27.875525448811004], [85.11728501802077, 27.87565775886164], [85.11856293741722, 27.876361265563347], [85.12002184246124, 27.8773493788183], [85.12017048414847, 27.87744104727512], [85.12032771709646, 27.87752059687201], [85.12049229346029, 27.877587396272617], [85.12066290710703, 27.877640915330034], [85.12083820398279, 27.877680729294827], [85.12215300103087, 27.877924472604366], [85.12274684076492, 27.878967050216165], [85.12415690991922, 27.88303435219155], [85.12422022526955, 27.883190927542223], [85.12429949905666, 27.883341656657855], [85.12439405762849, 27.883485258551264], [85.12450309742434, 27.883620512801926], [85.12462569180263, 27.883746269928523], [85.12476079891495, 27.88386146115893], [85.12841780971496, 27.88670349610036], [85.12847857583814, 27.886748886958838], [85.13174164088218, 27.889091070996955], [85.13322973571663, 27.891686841774195], [85.13304950945302, 27.894707476405383], [85.13304855779901, 27.894880986208353], [85.13306636451001, 27.895053775310192], [85.1334283229583, 27.897345780548047], [85.13345662675562, 27.897485061762616], [85.13451455313462, 27.90173107681977], [85.13456168719082, 27.901886879018956], [85.13462429439845, 27.90203831922624], [85.13470187452323, 27.902184187274766], [85.13479380767434, 27.902323317520434], [85.13527764915322, 27.902985824628225], [85.13560109050401, 27.904728860899954], [85.13543870689391, 27.90629085023803], [85.13385116995676, 27.910100408240456], [85.1316404395328, 27.913717954048774], [85.13154682399947, 27.91389293063342], [85.13147486180115, 27.914075812887774], [85.13142538225563, 27.91426449349369], [85.13139895562739, 27.914456798308727], [85.13139588655136, 27.91465051141773], [85.13144386650457, 27.915725512129896], [85.13146140143806, 27.91590109217626], [85.13149813527987, 27.91607431526655], [85.13155371770236, 27.9162435289591], [85.13162761856735, 27.91640711905195], [85.13171913298028, 27.916563524982028], [85.13182738801179, 27.916711254712954], [85.1319513510228, 27.916848898969217], [85.13208983951378, 27.916975144681214], [85.1346338437077, 27.91907816984569], [85.13480874416382, 27.919207303078352], [85.13499879684073, 27.919318264267545], [85.13584359967575, 27.919753395138923], [85.1358802208448, 27.919816802226364], [85.13600403852624, 27.920002836264853], [85.1361520033466, 27.920174390182567], [85.1367720011118, 27.920810396990962], [85.136912047105, 27.920940360053237], [85.13706596442435, 27.921057292754778], [85.13723222366151, 27.921160033155765], [85.13740917275398, 27.921247560339754], [85.13759505340211, 27.921319004559603], [85.1377880185425, 27.92137365588118], [85.13819202457745, 27.921468657377574], [85.1383895939574, 27.921505891841278], [85.13859034907334, 27.921525519779664], [85.13879230623832, 27.92152734724667], [85.13899346988606, 27.921511356184944], [85.13919185229237, 27.921477704604282], [85.13938549321881, 27.921426725020066], [85.13957247928498, 27.9213589211672], [85.13975096287706, 27.921274963021897], [85.13991918040625, 27.921175680180752], [85.13996118527969, 27.921148120715948], [85.14005152104413, 27.92119749816168], [85.14070860490803, 27.921658921004934], [85.1411068154735, 27.922066273474428], [85.14126101960645, 27.922207644033858], [85.14143164024264, 27.922333256844414], [85.14161664769689, 27.9224416175911], [85.14212965255612, 27.922707621342738], [85.14230216277986, 27.922787492312423], [85.14248248216758, 27.922852342983035], [85.14266895766356, 27.922901578840083], [85.14285987976838, 27.92293474851623], [85.14460634744191, 27.923161681556913], [85.14606497106486, 27.923593077610935], [85.14607128730215, 27.924024483215767], [85.14608636367126, 27.92422170187451], [85.14612563287163, 27.9244162730367], [85.14615386616059, 27.9245012492135], [85.14613159888705, 27.92460966576932], [85.14611521428004, 27.924786246091973], [85.14611840237507, 27.92496340246219], [85.14614113254056, 27.92513942744368], [85.14618318579582, 27.9253126244963], [85.14624415691803, 27.92548132432784], [85.14632345834438, 27.925643900983268], [85.14675951996107, 27.92642969454299], [85.14677466476631, 27.926612838686772], [85.1466426129095, 27.92667694122916], [85.14648043450998, 27.92677479391484], [85.14632962859226, 27.926886073598975], [85.1461915991625, 27.92700974429218], [85.14606763129348, 27.92714465464385], [85.1459588791604, 27.927289548659868], [85.14552587254354, 27.927931543271175], [85.1454233223302, 27.928104114849607], [85.14534234830097, 27.928285511384164], [85.14528389716403, 27.928473612322584], [85.1452486523434, 27.928666218726114], [85.14522791956328, 27.92883760850159], [85.145045336165, 27.92919192178108], [85.14497139447404, 27.929356258315195], [85.1449159299263, 27.92952623683258], [85.14487947592852, 27.929700222905435], [85.14486238309748, 27.929876543563537], [85.14486481588514, 27.930053503380286], [85.14488675099376, 27.930229400775097], [85.14492797759628, 27.930402544375124], [85.14498809935996, 27.93057126927927], [85.14506653825411, 27.930733953067886], [85.14529724827415, 27.931154213808043], [85.14573951661195, 27.932740750415146], [85.14580638295453, 27.93293365234782], [85.146457444896, 27.93449537128974], [85.14651549621586, 27.934846326885538], [85.146560800384, 27.93504322931001], [85.1466304739445, 27.935234437292074], [85.14672365303626, 27.935417579757836], [85.14698164772295, 27.93585758308635], [85.14707953322024, 27.936006659565262], [85.14719300377517, 27.936146751198752], [85.1473210219081, 27.936276577035233], [85.14746241710851, 27.936394949985857], [85.1476158965371, 27.93650078767996], [85.14778005684684, 27.93659312236295], [85.14795339701523, 27.936671109746317], [85.14813433207007, 27.936734036728552], [85.14832120758354, 27.936781327916446], [85.14851231480148, 27.936812550887122], [85.14870590627015, 27.936827420142556], [85.14890021181682, 27.93682579972055], [85.14909345473835, 27.93680770443809], [85.14921085635744, 27.936786491850814], [85.1492979917721, 27.936852869345795], [85.14947447509577, 27.936973069100635], [85.14966469221359, 27.93707542041748], [85.15165758478611, 27.93801938059485], [85.15395196424129, 27.939814323711925], [85.15505034061346, 27.940793709387176], [85.15504761921936, 27.94087873864903], [85.15505338999903, 27.941075252117802], [85.15505923617077, 27.941113461731995], [85.1550420643508, 27.941150782011768], [85.15498713140761, 27.941311403370154], [85.15494924063685, 27.941475862620955], [85.15492871992642, 27.94164273695365], [85.15492574689118, 27.941810582657293], [85.15494034733366, 27.941977947610525], [85.15497034342225, 27.942191948046805], [85.1550053865777, 27.942369265173035], [85.15506014787583, 27.942542599606796], [85.15513408250308, 27.94271022657143], [85.15522645485083, 27.942870478075182], [85.15533634583208, 27.943021759509556], [85.1554626620244, 27.943162565517902], [85.15560414654847, 27.943291494975867], [85.15575939157347, 27.943407264934915], [85.15592685232582, 27.943508723390003], [85.15610486246072, 27.943594860744184], [85.15629165064475, 27.94366481985621], [85.15648535818339, 27.943717904570907], [85.15661254918274, 27.943740745342232], [85.15677517453936, 27.94423871224637], [85.15683735225343, 27.944400148098786], [85.15691641892909, 27.94455564822929], [85.15701166796734, 27.944703822833592], [85.15712224812697, 27.944843347574885], [85.15721408659127, 27.9449483080792], [85.15725203749146, 27.945241270717467], [85.15728600659806, 27.945422057459425], [85.15734044904879, 27.945598852237463], [85.15736408114978, 27.945653194783162], [85.15731325527412, 27.9457692587098], [85.15722725163592, 27.945999257527863], [85.15717485610575, 27.946165608509443], [85.15714060907787, 27.946335645798978], [85.15712482436271, 27.94650781174595], [85.15712764664694, 27.94668052919262], [85.15714905016483, 27.946852215921762], [85.15718883893112, 27.94702129915093], [85.1572466485331, 27.947186229940577], [85.15732194946608, 27.947345497384056], [85.15741405198122, 27.947497642449374], [85.15752211240196, 27.94764127134602], [85.15764514085096, 27.947775068294263], [85.15778201031674, 27.94789780757994], [85.1579314669773, 27.948008364784236], [85.15809214168607, 27.948105727085665], [85.15871623453988, 27.948446214638544], [85.15912702639781, 27.948789156838252], [85.15927364549836, 27.949122218467153], [85.15927364501614, 27.949147984791722], [85.15928079907319, 27.949299310126484], [85.15930221656227, 27.949449569892543], [85.15933774669912, 27.94959770581256], [85.15952204034052, 27.950233778182273], [85.1595091320482, 27.950310610000717], [85.15949965456619, 27.950495542422672], [85.15951156106254, 27.950680364071168], [85.15954472636734, 27.950863130280663], [85.15963449803269, 27.951235172774055], [85.15969642659886, 27.952429004538434], [85.15960983456247, 27.952698007853016], [85.15956036562255, 27.9528912889486], [85.15953506422274, 27.95308822148957], [85.15953465841821, 27.953185300070277], [85.15951959474468, 27.953204801259208], [85.15942200873577, 27.95336295077901], [85.1593426836059, 27.953528958528317], [85.15928241143435, 27.953701167060533], [85.15924179408206, 27.953877857011626], [85.15922123717925, 27.95405726426583], [85.15919822977473, 27.954454263939716], [85.1591977999879, 27.954632025569442], [85.1592170665007, 27.954808962451636], [85.15925584249119, 27.954983358001687], [85.15931375185812, 27.95515352028208], [85.15939023286637, 27.955317798417642], [85.15949969974606, 27.955523589251005], [85.159285285467, 27.955894028218957], [85.15920537094964, 27.956049864264475], [85.15914244837701, 27.9562117238822], [85.15909708424009, 27.956378150050394], [85.15906968697927, 27.956547644633652], [85.15906050330484, 27.95671868186831], [85.15906961597322, 27.95688972209695], [85.15910161045105, 27.957188722565384], [85.15912990255386, 27.95736265967168], [85.1591771131255, 27.957533328702812], [85.15924279457954, 27.957699111289813], [85.15932632417156, 27.95785843539228], [85.15942690990148, 27.95800979020599], [85.1595435980213, 27.958151740490155], [85.1596752820773, 27.95828294017826], [85.15982071340075, 27.958402145143474], [85.1599785129478, 27.958508224997452], [85.16014718437651, 27.958600173810655], [85.16032512823664, 27.958677119652496], [85.16051065713786, 27.958738332860612], [85.16071666007707, 27.958796333762155], [85.16090970488399, 27.958841552191263], [85.16110681473529, 27.958869735501104], [85.16130608773454, 27.958880611753234], [85.16150560111026, 27.95887407600363], [85.1617034297712, 27.95885019131535], [85.16189766488424, 27.95880918814998], [85.16206955215345, 27.958756624187387], [85.16210644374516, 27.958788498736965], [85.16225049372838, 27.95889204303405], [85.16240456734117, 27.958983505830915], [85.16256738350323, 27.959062126625767], [85.16383638770814, 27.959609873406908], [85.16403826499042, 27.95979331808958], [85.1641710188422, 27.95990361937479], [85.1643143425458, 27.96000294595196], [85.16446708931997, 27.96009050305732], [85.16462803697544, 27.960165590099052], [85.1647958976945, 27.96022760626374], [85.16541092891933, 27.96042667068848], [85.16542451193743, 27.960456201873985], [85.16551042901725, 27.96060294938328], [85.16611541152737, 27.961529831751108], [85.16608988883036, 27.961623263726352], [85.16606182600643, 27.96180493796452], [85.16605467099063, 27.96198820288509], [85.16606849775697, 27.962171166464156], [85.16610316366281, 27.962351939779456], [85.1661583109172, 27.962528656511893], [85.1662333702706, 27.962699492214046], [85.16633016100974, 27.962890508383296], [85.16629673259233, 27.963406341222626], [85.16629444053926, 27.963568413808435], [85.16630853497001, 27.963730015347693], [85.16633890227192, 27.963889842365504], [85.16638529757296, 27.964046605694577], [85.16647929324866, 27.964314607003214], [85.1665417291482, 27.96446787224072], [85.16661948358698, 27.964615511286745], [85.16671192248594, 27.964756320045304], [85.16681829199578, 27.964889150121532], [85.16697229099462, 27.96506415188573], [85.16709762719385, 27.965193482007862], [85.16723615883649, 27.965311725339866], [85.16738664780098, 27.965417825051937], [85.16754774908192, 27.965510832848043], [85.1677180228117, 27.965589917442664], [85.16789594713048, 27.965654371991466], [85.16807993178942, 27.96570362040984], [85.16816806261063, 27.965723228258998], [85.16824359692949, 27.965793456781622], [85.16840157823877, 27.965913105345837], [85.16845188707549, 27.965943929524705], [85.16854209967231, 27.966078907936282], [85.1686581494654, 27.966219571798153], [85.16878894657542, 27.966349635823057], [85.16893327010838, 27.966467885910202], [85.16908977289259, 27.966573218233943], [85.16925699405385, 27.96666464954875], [85.16943337265262, 27.966741326368567], [85.16945808119758, 27.966749550479886], [85.16955555740981, 27.96709119432204], [85.1696113587577, 27.967254071676493], [85.16968419798606, 27.967411555935506], [85.16977342698917, 27.967562245686157], [85.16987825180324, 27.967704799972537], [85.16999773966994, 27.967837950229455], [85.17013082733534, 27.967960511572112], [85.1702763305107, 27.968071393341113], [85.17043295441091, 27.968169608809173], [85.17059930527661, 27.968254283962878], [85.17111127856622, 27.968487117683118], [85.17158349209743, 27.968905889500025], [85.17172879985876, 27.96902287507514], [85.17188613143405, 27.969126881102287], [85.1720540217626, 27.96921693906388], [85.17223090744682, 27.96929221032629], [85.17241514131189, 27.96935199395043], [85.17260500774597, 27.969395733219752], [85.17279873867813, 27.969423020825296], [85.17299453004516, 27.969433602659127], [85.1737874888461, 27.969442422768427], [85.1740190047322, 27.969485127214515], [85.17411172335238, 27.969625999715802], [85.17422713053001, 27.96976777735544], [85.17435745575166, 27.969898969217077], [85.17450147466046, 27.970018342750773], [85.1746578342334, 27.97012477643618], [85.17572984189172, 27.970783785294138], [85.17590592678664, 27.970880634149154], [85.1760921989999, 27.970961070446762], [85.17628672432672, 27.971024258948155], [85.1786520475366, 27.971673322335025], [85.17881073799998, 27.971768453666712], [85.17884498997309, 27.97181627753254], [85.1786554805488, 27.972458917517386], [85.17861625092607, 27.97262256971587], [85.17859426077695, 27.972788744091247], [85.1785896991873, 27.972956012366332], [85.1786026054449, 27.973122936855308], [85.17863286869888, 27.973288082820723], [85.17901274080596, 27.974888784470377], [85.17898792322679, 27.975518300693345], [85.17812401413366, 27.977576942412174], [85.17804511242852, 27.97781311117162], [85.1779697972666, 27.978112068854255], [85.17733522299179, 27.978902906638005], [85.1772304733445, 27.979047572056853], [85.17714170960384, 27.97920043192299], [85.17706973783186, 27.979360098237212], [85.17701521162506, 27.979525121190168], [85.17697862617746, 27.97969400232632], [85.17696031378112, 27.979865208149768], [85.17696044080607, 27.98003718404851], [85.17732231673386, 27.986680189448812], [85.177339255109, 27.986841172533204], [85.17737235608202, 27.987000163873248], [85.1774213540496, 27.987155887379597], [85.17831331575114, 27.989567899741388], [85.17839175542782, 27.989747158190816], [85.17849123774576, 27.989917990066264], [85.17861063322796, 27.990078455655585], [85.17894509965015, 27.99047971555401], [85.17937852453524, 27.992599329245213], [85.17944392115, 27.9928307965511], [85.18061386968594, 27.996051812796868], [85.18067952937396, 27.99620759817018], [85.18076106872326, 27.996357356256024], [85.1808577951848, 27.99649981497678], [85.18162661678062, 27.99752237076199], [85.18186789176147, 27.99809637610348], [85.18182866211002, 27.998658368070778], [85.18132459967606, 27.999689862136663], [85.18125381207919, 27.999856889546795], [85.18120195514666, 28.00002930550501], [85.18116953599102, 28.00020542424668], [85.18115687168117, 28.000383523795733], [85.18108173734558, 28.005297328637486], [85.18084140987987, 28.006658749303345], [85.17990782113762, 28.010137893733372], [85.1798664752611, 28.010344747202808], [85.17973445698715, 28.01133874531908], [85.17972062560919, 28.011528079248343], [85.17972926768654, 28.011717655612156], [85.17977425976068, 28.012145656272953], [85.1798022568263, 28.01231974885194], [85.17984921302678, 28.012490596668492], [85.18032618958941, 28.01391960334501], [85.18039062572848, 28.014083315774823], [85.1804724695403, 28.01424078396951], [85.18057096543274, 28.014390554021542], [85.18068520405363, 28.014531243094762], [85.1808141306851, 28.01466155219318], [85.1809565549805, 28.014780278155683], [85.18111116195422, 28.014886324766117], [85.1821941900693, 28.015557976026077], [85.18240041081545, 28.01576926496146], [85.18326823711186, 28.01750370442013], [85.18287235426828, 28.018046917702435], [85.18278547569452, 28.01817791473928], [85.18271132661341, 28.018314934953523], [85.18265043305311, 28.018457006387443], [85.18213241115805, 28.019837999269093], [85.18208334408226, 28.019991002952814], [85.18204965028465, 28.020147246650108], [85.18203159161858, 28.020305516413966], [85.18202930846145, 28.020464582550442], [85.18210027082172, 28.022472583627913], [85.18211250902594, 28.02262159111428], [85.18213859410933, 28.02276918974185], [85.18217834736068, 28.0229143679821], [85.18247233234108, 28.023822372108427], [85.18254223624035, 28.024002031288838], [85.18336820998515, 28.025810042449965], [85.18346375584133, 28.025990000409294], [85.18358104160507, 28.026159533681046], [85.18406103668343, 28.0267745394241], [85.18416724235679, 28.026898783568544], [85.18428513893157, 28.027014428041547], [85.1844138461545, 28.027120609370044], [85.18455240304476, 28.027216534736322], [85.18740742217474, 28.02902255880719], [85.18758485008922, 28.02912293064694], [85.18990012005506, 28.03028777208208], [85.19059485967135, 28.031210201405504], [85.19090282383121, 28.032086081824833], [85.19101374689654, 28.033007990319554], [85.19078997392603, 28.033787580705486], [85.19074911389292, 28.033967905583722], [85.19072915157682, 28.034150984192035], [85.19073029443557, 28.03433491486463], [85.19075253070518, 28.03451778707564], [85.19079562951771, 28.03469770128424], [85.1908536861657, 28.034891019637083], [85.19067395723538, 28.03570505404205], [85.19064249680135, 28.03590805256834], [85.19063717353619, 28.0361129069555], [85.19066673641998, 28.03688985886007], [85.1905424034538, 28.03725168691094], [85.19048839879692, 28.037447427017977], [85.19045932588254, 28.0376472890266], [85.1904555473417, 28.037848780978646], [85.19047054098843, 28.038187781204783], [85.19048670591705, 28.038354776370245], [85.19052026221823, 28.038519720747683], [85.1905709205328, 28.03868119162037], [85.19063824398418, 28.038837796225938], [85.19072165194392, 28.03898818376998], [85.19075937663365, 28.039042751833673], [85.1907570618035, 28.039092192885857], [85.19076999017364, 28.039277973831826], [85.19080441680795, 28.03946158518928], [85.1908599756041, 28.039641073808347], [85.19093607566043, 28.039814530385083], [85.19103190755746, 28.039980109772312], [85.19123620053708, 28.040292331768487], [85.19123920440015, 28.040367749632104], [85.19125630892148, 28.040546034899716], [85.19129322739164, 28.04072194114996], [85.19134959700192, 28.04089373924615], [85.1914248637342, 28.041059740426242], [85.19151828780362, 28.041218312903972], [85.19202427972209, 28.0419823192581], [85.19214854515667, 28.04214824478042], [85.19229266607954, 28.042301007510247], [85.19255264276784, 28.04254754073692], [85.19292224193055, 28.04309117130289], [85.19301997549924, 28.043221744969237], [85.19313011062161, 28.04334430214158], [85.19325181654224, 28.043457918319657], [85.19338417521351, 28.043561736446097], [85.19584318627635, 28.045327758929087], [85.19606956906733, 28.045468862602707], [85.19671413037315, 28.045815054519313], [85.19707026248196, 28.046265846745698], [85.19718775125767, 28.046400558764233], [85.19731903173547, 28.046524843819387], [85.19746293452039, 28.04663759478648], [85.1988921496181, 28.047655042671018], [85.1989389189312, 28.047707265252043], [85.19921955029334, 28.048364953335227], [85.19928682075515, 28.04850456671436], [85.1993670811757, 28.04863866932351], [85.19945976349327, 28.048766311942092], [85.20003974093034, 28.049495715977173], [85.20008283793358, 28.049637598090047], [85.20013658273268, 28.0497880207891], [85.200204933211, 28.04993370340624], [85.20028736686652, 28.050073532154855], [85.20075371197774, 28.050786784996852], [85.20094510681785, 28.05138886834929], [85.20100205661095, 28.051541601787733], [85.2010741114551, 28.051689229221168], [85.20116069885594, 28.051830577587996], [85.20126113083411, 28.051964523716215], [85.20137460939085, 28.05209000324903], [85.20351832301293, 28.05425511473875], [85.20362898075247, 28.054444959252514], [85.2037226918701, 28.054589039541966], [85.20383095898744, 28.05472485327458], [85.203952862335, 28.054851246596357], [85.20408736628093, 28.054967145684003], [85.20423332812894, 28.055071565868793], [85.20453401492335, 28.055267093523618], [85.20460114401139, 28.05535156524608], [85.20460760945039, 28.05540842523071], [85.20464399315104, 28.05557310015881], [85.20469746126928, 28.055734065264406], [85.2047675515974, 28.0558899288516], [85.20532175246333, 28.056973071109834], [85.20534948795274, 28.057278224485312], [85.20528404890985, 28.057464161417364], [85.20523411977194, 28.057634976771634], [85.20520323444973, 28.05780930129011], [85.2051916883224, 28.05798546830005], [85.20519959187452, 28.058161793505057], [85.20522686963609, 28.058336591088228], [85.20527326090051, 28.058508189830007], [85.20530851960014, 28.058615231353443], [85.20529494954965, 28.058767739832987], [85.20455735631413, 28.05979028559882], [85.20446172241999, 28.059937739415773], [85.20438216425664, 28.06009252602368], [85.20431938878345, 28.06025327011447], [85.20427395385032, 28.060418543440534], [85.20424626323884, 28.060586877504527], [85.20423656307172, 28.060756776606837], [85.20423401212517, 28.06141174529552], [85.2040842237735, 28.061576009579884], [85.20396843762956, 28.061716303147385], [85.20386840795874, 28.061865829578714], [85.20378506328774, 28.062023200992513], [85.20371917728627, 28.062186956685437], [85.2036713615836, 28.062355576689363], [85.20364206008871, 28.06252749587888], [85.20363154486702, 28.0627011184983], [85.20363991361178, 28.062874832973055], [85.203667088734, 28.06304702686841], [85.20371281807918, 28.063216101856277], [85.20377667726476, 28.06338048855143], [85.20382465151572, 28.06347371402782], [85.20349305483794, 28.064192457411817], [85.20341654441987, 28.064390292063305], [85.20336635101451, 28.064594650389076], [85.20317951028981, 28.06564471697899], [85.20292381912998, 28.066127072884086], [85.20285390077997, 28.06627589677318], [85.20279923517565, 28.06642966196915], [85.2025862232148, 28.067137658992454], [85.2025402586065, 28.06733337523118], [85.20251898019849, 28.06753240024191], [85.20252264923654, 28.06773229176973], [85.2025916333379, 28.068584292792877], [85.20261086160957, 28.068733985012177], [85.2026440990038, 28.068881733028643], [85.20269111393775, 28.069026507150006], [85.20292710400928, 28.069653510419883], [85.20300566356019, 28.069830560835438], [85.2031048016477, 28.069999290868658], [85.20322341639279, 28.07015782499663], [85.2033601894061, 28.070304401021467], [85.20355463113808, 28.070491726640125], [85.20386258728159, 28.071145637642992], [85.20393583638635, 28.071284315516394], [85.20402207709336, 28.071416985741784], [85.20441872097429, 28.071971392402343], [85.20470917640098, 28.07341011862824], [85.20475386090443, 28.073582355729762], [85.20481732530799, 28.073749890154005], [85.20489896102849, 28.07391111512734], [85.20499798519708, 28.07406448438136], [85.20511344816495, 28.074208526983636], [85.205244242609, 28.074341861446108], [85.20538911415073, 28.074463208975885], [85.20554667338578, 28.074571405741136], [85.20639132826378, 28.075094833259875], [85.20795229725964, 28.076394716849673], [85.20809663301247, 28.0765041312316], [85.20825183930657, 28.076601136217494], [85.20841656466062, 28.076684887105966], [85.20858937469248, 28.076754654608088], [85.20876876461045, 28.076809831198705], [85.20917826372991, 28.076917081904973], [85.20920565554292, 28.076992374038518], [85.20928833120611, 28.077159562913614], [85.20938962813715, 28.07731848797425], [85.20953762617738, 28.077525489795253], [85.20965615960286, 28.077674131161587], [85.20979097534472, 28.077811423646864], [85.20994070137719, 28.07793596996007], [85.2101038139093, 28.078046502529553], [85.21027865289304, 28.078141896405178], [85.21046343891894, 28.078221180708837], [85.21065629132731, 28.078283548516882], [85.21085524735074, 28.07832836507377], [85.21105828209255, 28.078355174253204], [85.21126332913835, 28.07836370320111], [85.21146830159013, 28.078353865113023], [85.21167111330924, 28.078325760117654], [85.21189649353583, 28.07828410268806], [85.21250339158574, 28.078509641919872], [85.21273160939083, 28.078803874153127], [85.21285170584329, 28.07894361714751], [85.21298655529986, 28.07907233934495], [85.21313487949314, 28.079188820512563], [85.21329527240685, 28.079291956453638], [85.21415315728876, 28.079788942612574], [85.21416329490303, 28.079856188783424], [85.21420720304553, 28.0800237937495], [85.21426890893933, 28.080186928127073], [85.21427269103418, 28.0801944585635], [85.2142701802373, 28.080204647538306], [85.21424687040319, 28.0803805397474], [85.21424311105943, 28.080557611410992], [85.21425010720718, 28.08076261151853], [85.21426627366677, 28.08094147354152], [85.21430238661314, 28.08111802768329], [85.21435808914289, 28.081290528591676], [85.21443283068973, 28.081457270975292], [85.2145258724639, 28.081616606462166], [85.21463629475264, 28.081766959896058], [85.21476300600985, 28.081906844909103], [85.21490475364493, 28.082034878616998], [85.21506013640467, 28.082149795291276], [85.21522761822523, 28.082250458873396], [85.21540554341772, 28.082335874207097], [85.21559215303714, 28.082405196877577], [85.21578560227262, 28.082457741560464], [85.21598397868723, 28.08249298879791], [85.21617442400807, 28.082509637517195], [85.2162846016893, 28.082561695625024], [85.2164651038636, 28.082628141158107], [85.21665196078655, 28.082678922630084], [85.21678141251046, 28.082702346423957], [85.21684347640836, 28.082815595977745], [85.21694480773584, 28.082962826327343], [85.21706152499692, 28.083100804268923], [85.21719256197595, 28.08322826930365], [85.21733672162654, 28.083344056969267], [85.2174926870067, 28.08344710947916], [85.21765903330959, 28.083536485386873], [85.21783424088053, 28.08361136818782], [85.21801670910084, 28.083671073779453], [85.2182047710119, 28.08371505671184], [85.21839670854571, 28.083742915171374], [85.21844744181912, 28.083745916293598], [85.21892496205754, 28.08433797494837], [85.21904568887466, 28.08447345785794], [85.2191804636791, 28.084598087156504], [85.21932805253132, 28.084710721750337], [85.21948710415465, 28.08481033036484], [85.2196561623075, 28.084896000987715], [85.21983367911714, 28.08496694922042], [85.22001802925315, 28.085022525460968], [85.22020752481038, 28.085062220852496], [85.22040043076525, 28.085085671943], [85.22054043307563, 28.085096672119153], [85.22073268186409, 28.08510367786157], [85.22092481726189, 28.085094548287124], [85.2211151213622, 28.085069365024548], [85.22130189263463, 28.08502835324044], [85.22148346114076, 28.084971879625666], [85.22165820346748, 28.084900449116297], [85.22173055350743, 28.084863155597265], [85.22174385300234, 28.084879560024927], [85.22187896053882, 28.085028822438073], [85.22203113340511, 28.08516455457158], [85.22219865985078, 28.085285229559094], [85.22237965539165, 28.085389489909165], [85.22273365882005, 28.08557049247599], [85.22291821784346, 28.085654056356447], [85.22311140262984, 28.085720540446854], [85.22331120982267, 28.085769255292654], [85.22351556737976, 28.085799695709532], [85.22361366492515, 28.085805317365], [85.22384452003872, 28.08598720380505], [85.22398990542962, 28.086091553419728], [85.2241226067609, 28.086170087372565], [85.22414573000175, 28.08630281260047], [85.22420278186627, 28.08649171209784], [85.22428254539825, 28.086674027912796], [85.22438408412071, 28.086847619280938], [85.22474907833218, 28.087396623864265], [85.22485581251446, 28.087540920966543], [85.22497759980295, 28.087675517047494], [85.22511332659928, 28.087799181328865], [85.22526175182601, 28.08791078299142], [85.22542151827489, 28.08800930151647], [85.22574165276656, 28.08818719775919], [85.22578725893804, 28.088270388156854], [85.22588801645477, 28.088416900675448], [85.22600401045602, 28.088554263330785], [85.22613419211841, 28.088681234017653], [85.22627738431376, 28.08879666459635], [85.22643229225274, 28.088899511275887], [85.22659751519292, 28.088988844053514], [85.22714252081161, 28.089252847845337], [85.22731073667318, 28.08932563383086], [85.2273911433605, 28.089352630375092], [85.22746493634288, 28.089413450071266], [85.22760988700018, 28.089509631933876], [85.22763558441126, 28.08954433211145], [85.22776262448549, 28.089683544342325], [85.22790459758414, 28.089810904603315], [85.22806010562624, 28.089925158669434], [85.228562108601, 28.090258163039174], [85.22871538988072, 28.090350498665146], [85.22887750667137, 28.090430086509745], [85.22904711479727, 28.090496266669838], [85.22913541348548, 28.09052251296101], [85.22931719147547, 28.090784302061287], [85.22945046903824, 28.090953698730903], [85.22960470041149, 28.091108480196812], [85.22977786524932, 28.091246618823057], [85.23027486759072, 28.091599623339377], [85.23044327080028, 28.09170720845808], [85.2306231551161, 28.09179902230448], [85.23119416142166, 28.09205702606553], [85.2312059928497, 28.092061757471114], [85.23125460978888, 28.092144985553833], [85.23136706888471, 28.092297539602285], [85.23149630559953, 28.092439256494405], [85.23164100183264, 28.09256869077429], [85.23179968178627, 28.092684522259006], [85.2319707270177, 28.092785569505306], [85.23215239294696, 28.092870801861284], [85.23223855896822, 28.092906412316616], [85.23231516495392, 28.093011906591723], [85.23243445365578, 28.093146280246998], [85.23256754965126, 28.093270037234138], [85.23271325777036, 28.093382066203947], [85.23287026957253, 28.093481361122677], [85.23303717509665, 28.0935670303074], [85.23321247552317, 28.093638304434347], [85.23339747792951, 28.09370430543493], [85.23359003040372, 28.09376325447879], [85.23378826380262, 28.093804837217938], [85.23399019187028, 28.09382863700169], [85.23419379132535, 28.093834415360835], [85.23439702213716, 28.093822114397458], [85.235606312407, 28.093694738255497], [85.23638479409796, 28.093824603873184], [85.23658076822879, 28.09384861815203], [85.23677844571282, 28.093855643874853], [85.23697595831837, 28.09384561464239], [85.23717143937235, 28.09381862524008], [85.23732067492172, 28.093791373765992], [85.23781185212526, 28.09388777644784], [85.23805909946876, 28.094088165934586], [85.23821923718914, 28.09420524038163], [85.23839198841642, 28.09430724226146], [85.238575556458, 28.094393110688785], [85.23876803210473, 28.0944619525744], [85.23896741348969, 28.094513051915083], [85.23917162691131, 28.094545877241544], [85.23937854840403, 28.094560087146856], [85.24085190745288, 28.09459441243236], [85.24118665038587, 28.094674867923793], [85.24139333716143, 28.094714451527327], [85.2416035399093, 28.094734802578476], [85.24352857190493, 28.09483180411187], [85.24374608727996, 28.094832437813935], [85.24396243635344, 28.094812480170514], [85.24525546847504, 28.09463081582009], [85.24626803193698, 28.094738800621347], [85.24645064192146, 28.09475091554476], [85.24663374062888, 28.09474842452793], [85.24681584549653, 28.094731347740908], [85.24769002069043, 28.094613896699776], [85.24814553194557, 28.094620391044447], [85.249070011061, 28.094931979329427], [85.2492693157623, 28.09498893245504], [85.2494741649526, 28.095027422359433], [85.25068271625385, 28.095197429404706], [85.2507123806092, 28.09522214982279], [85.25085149827628, 28.095328032895704], [85.25100079684384, 28.09542238393339], [85.25115906470366, 28.095504437230208], [85.25132501744791, 28.095573526881232], [85.25149730829366, 28.095629092187135], [85.25217821834957, 28.09581836042583], [85.25436559251322, 28.09695876538305], [85.25453208606484, 28.09703661240104], [85.25470597797954, 28.097100486152016], [85.25488578081847, 28.097149840268127], [85.25506995657422, 28.097184252579993], [85.25607782494794, 28.09732977006567], [85.25642944507078, 28.09745101829169], [85.25660682304736, 28.097503993717005], [85.25678893928067, 28.097542294177472], [85.25697425334371, 28.09756559570884], [85.25716119775672, 28.097573701215122], [85.25834958953115, 28.09757670387425], [85.25877956899575, 28.0977320374758], [85.25886688197079, 28.097839297530978], [85.25900124247642, 28.097987268860525], [85.25915240005818, 28.09812189530456], [85.26025540261375, 28.099005906060654], [85.26044936309022, 28.099143262026157], [85.26066073816615, 28.09925865752886], [85.26146498265321, 28.099639803614394], [85.26171237125277, 28.100504030015145], [85.26176885612252, 28.100668183513676], [85.26184267035057, 28.10082683685693], [85.2619331464437, 28.100978555201806], [85.26203946621054, 28.101121966418795], [85.26216066815958, 28.101255773502253], [85.26300966559555, 28.10210678275961], [85.26315180018551, 28.10223566477123], [85.26330772577943, 28.10235133022962], [85.26347588665674, 28.102452625072832], [85.26365460500357, 28.10253853862004], [85.26383194747032, 28.102613884261217], [85.26390927381313, 28.102709922461763], [85.2640374739339, 28.102840576048767], [85.2652844727141, 28.10399458915244], [85.26542981498471, 28.10411648939022], [85.26558795210897, 28.104225147756157], [85.26655595892613, 28.10482515581278], [85.26672681583341, 28.10492024316639], [85.26690744912065, 28.10499986612846], [85.26709608432002, 28.10506324250758], [85.26723470384393, 28.105102969200512], [85.26748264546144, 28.10534565479118], [85.26762505326437, 28.105471887562544], [85.2677808316918, 28.105585024755683], [85.26794845593724, 28.105683958921688], [85.26812628522667, 28.105767721635953], [85.26858992473001, 28.105960669556097], [85.26885948004448, 28.106319582503335], [85.2690804480558, 28.10685312558654], [85.26916806161499, 28.107033635136343], [85.26927729078972, 28.107204627664387], [85.2694068404836, 28.107364075611276], [85.26955517462775, 28.107510088300014], [85.27073017481875, 28.10854710036149], [85.27087634418837, 28.1086641777195], [85.27103459290568, 28.108768178402183], [85.27120343879064, 28.10885812830375], [85.27207544795903, 28.109273134286525], [85.27226587693019, 28.109352801669907], [85.27246456969799, 28.109414598251153], [85.27253364315342, 28.10942918804885], [85.27308205922327, 28.11038460251118], [85.27317628997157, 28.110531346509244], [85.27328557709701, 28.110669638962904], [85.27340896382465, 28.11079826909464], [85.27354536992306, 28.110916110718364], [85.2736936011615, 28.1110221321004], [85.27385235976516, 28.111115404993562], [85.27402025577793, 28.11119511276508], [85.27419581923246, 28.111260557547403], [85.27429651480514, 28.111288605224505], [85.27431063467668, 28.11144799803659], [85.27434795509086, 28.1116292864517], [85.27440593217725, 28.11180625521187], [85.27448396149762, 28.111977059031396], [85.27458122951465, 28.11213991689917], [85.27469672207138, 28.11229313065065], [85.27482923496348, 28.112435102676415], [85.27488607940262, 28.11248469478437], [85.27486111121074, 28.11281550686917], [85.27485844206939, 28.1130134172512], [85.27488023228149, 28.113210396644416], [85.2749262198892, 28.113404075801604], [85.27514520769601, 28.114127078904048], [85.27521533742589, 28.114316255857258], [85.27530854767063, 28.114497430685095], [85.27542370366487, 28.1146683975006], [85.2755594034243, 28.11482707469417], [85.27585340221067, 28.115134077958036], [85.27597695155292, 28.11525200256225], [85.276111859893, 28.115359698331833], [85.27625705417212, 28.11545630863128], [85.2764113795053, 28.115541064999235], [85.27677838319657, 28.115723067598896], [85.27695104682589, 28.11579940411947], [85.27713108683966, 28.115860903006507], [85.27731688556159, 28.115907011683593], [85.27750677356516, 28.115937315857025], [85.27769904467564, 28.11595154323882], [85.2778919713025, 28.115949565993663], [85.27808381996442, 28.115931401887604], [85.27827286686727, 28.115897214128477], [85.27845741339503, 28.11584730989919], [85.27874441732557, 28.115756308484755], [85.2789303382853, 28.11568798877152], [85.27910774054826, 28.115603724097497], [85.27919439941022, 28.1155521973569], [85.27922453982814, 28.115596923239284], [85.27946949118495, 28.115921355372482], [85.27946467487796, 28.115954647808955], [85.27945898302191, 28.116133942103833], [85.27947339292851, 28.11631285187463], [85.27950776235653, 28.116489609858174], [85.27956175190127, 28.11666247003809], [85.27963482834365, 28.116829724892472], [85.2797262699138, 28.11698972226147], [85.27979326248322, 28.117082708835166], [85.2798290186848, 28.117230323507613], [85.27988921274243, 28.11739758114887], [85.2799674526399, 28.11755886169461], [85.28006299799176, 28.1177126387824], [85.28017494462225, 28.11785745705649], [85.28030223312027, 28.117991945942318], [85.28044365886431, 28.118114832618918], [85.28059788342216, 28.11822495406614], [85.28076344721764, 28.118321268072815], [85.28093878334458, 28.118402863101664], [85.28112223239727, 28.11846896691725], [85.28131205817662, 28.118518953895578], [85.28150646412405, 28.11855235094598], [85.28160236288223, 28.118560372797905], [85.28211702500354, 28.11882445469191], [85.2823093657249, 28.119037326378805], [85.28244887501958, 28.119176378948563], [85.28260379476012, 28.119301954210318], [85.28277247752942, 28.119412716756287], [85.28295312953269, 28.11950748869813], [85.28314382967396, 28.11958526219454], [85.28334254998715, 28.11964521017032], [85.28354717720441, 28.119686695113046], [85.28375553523223, 28.11970927585355], [85.2839654082962, 28.119712712258167], [85.28415241028074, 28.119707219355593], [85.28417752496468, 28.119731544499558], [85.28432476663801, 28.119860356189463], [85.28448599365986, 28.119975253965322], [85.28465954105624, 28.1200750512615], [85.28484361660325, 28.120158717454196], [85.28503631933667, 28.12022538850615], [85.28523565918536, 28.120274375890947], [85.28543957752547, 28.12030517370452], [85.2856420567567, 28.12032643659822], [85.28574149235101, 28.120538826524758], [85.28573460128855, 28.120632144145333], [85.28574286110627, 28.120820157502298], [85.28577315579314, 28.1210063866394], [85.28582515615967, 28.121188807252896], [85.28589829706897, 28.121365436427595], [85.28599178357534, 28.121534354192036], [85.28610459956138, 28.121693724389708], [85.28649859570835, 28.122190729089205], [85.28661771667414, 28.122326709540843], [85.28675091191313, 28.122452007194646], [85.28689696912654, 28.12256548158994], [85.28705455893285, 28.122666099878135], [85.28743456202402, 28.122885102885796], [85.28760810485055, 28.1229746465132], [85.28779075423571, 28.123048596370264], [85.28798073295746, 28.123106232901197], [85.28817619246693, 28.123146995283182], [85.28837523087762, 28.123170486884085], [85.28866916301092, 28.123192167415464], [85.28867834948507, 28.123196437217914], [85.28871825525742, 28.123310621645096], [85.28878962583927, 28.12346358774542], [85.2888765059015, 28.123610112659975], [85.28897816452675, 28.12374896357936], [85.28909374644627, 28.123878972255977], [85.2892222792346, 28.12399904483407], [85.28951327951708, 28.124247047768556], [85.289672315345, 28.124369209424042], [85.28984472669991, 28.124476163094332], [85.29002867122455, 28.124566765869627], [85.2909070911011, 28.124948159546015], [85.29264657548948, 28.126627618202168], [85.29277696557571, 28.126742615268366], [85.2929185314758, 28.12684670965387], [85.29307011757616, 28.12693905160627], [85.2932304864555, 28.1270188873097], [85.29518020662245, 28.127889220646452], [85.29547405663155, 28.12808724315914], [85.29586588552499, 28.128641921644483], [85.29623952400904, 28.129501155082288], [85.29632510846315, 28.12967124829189], [85.2964300122076, 28.12983261615423], [85.29655311802088, 28.129983539978795], [85.29669311479928, 28.130122412305223], [85.29684851151949, 28.130247754025547], [85.29748971475503, 28.130713665169857], [85.29760086669833, 28.131190280070264], [85.29752628028396, 28.13159168904123], [85.29750311821562, 28.13177325770639], [85.29750078613642, 28.131955972056616], [85.29751930805938, 28.132137958977136], [85.29755849420879, 28.132317352801277], [85.29761794296141, 28.13249231443683], [85.29769704495985, 28.13266105022045], [85.29779498935578, 28.132821830306636], [85.29837598077047, 28.133669837553644], [85.29849670246008, 28.133826781066407], [85.29863536490447, 28.133971606549036], [85.29879043188026, 28.1341027094279], [85.29949154951726, 28.134635914959777], [85.3014784232665, 28.13705182611186], [85.30228092164631, 28.138538730537014], [85.3025867341024, 28.13943791788861], [85.3026525550203, 28.13960225934223], [85.30273596330163, 28.139760202130574], [85.30283618016418, 28.139910271401824], [85.30295226985774, 28.140051065820302], [85.30524525718339, 28.142567091813728], [85.30536707971963, 28.142689060169012], [85.30550081398334, 28.142800794444238], [85.30564537034105, 28.142901384227674], [85.30630537476988, 28.143319389803054], [85.30647231896353, 28.143414579239565], [85.30664892751444, 28.143494906083287], [85.30727073569226, 28.143744568086532], [85.30808281020157, 28.144420022623773], [85.30823267764487, 28.144533112125654], [85.30839416421377, 28.14463284665885], [85.3085657608079, 28.144718294181327], [85.30874586383419, 28.14478865616447], [85.30920987002345, 28.14494665857252], [85.30937849679809, 28.144996704651927], [85.30955140711066, 28.145033517627425], [85.30972728188355, 28.1450568166642], [85.30990235809952, 28.14507311982787], [85.30995581465717, 28.145176277820493], [85.31004018022192, 28.145321392600327], [85.31013899519026, 28.145459156197628], [85.31097998690397, 28.146522166240665], [85.31108802465282, 28.146646802611873], [85.31120788784199, 28.146762634093285], [85.31133866729708, 28.14686878205678], [85.31205167004818, 28.14739878872014], [85.3121938268674, 28.1474953471922], [85.3123450071067, 28.147580459368665], [85.31633798182136, 28.14961562481051], [85.3178741217442, 28.150586162850196], [85.3202769270861, 28.152332514980966], [85.3204345992303, 28.152436254232867], [85.3206028130146, 28.15252604950933], [85.32078000392261, 28.15260106563377], [85.32096452393147, 28.152660604887412], [85.32115465684143, 28.152704113499624], [85.32249943824694, 28.152951215686954], [85.32320326191034, 28.15329791276272], [85.32375897021554, 28.153712343067735], [85.32415574574277, 28.154182274519144], [85.32431654536069, 28.15435027663212], [85.32652554328762, 28.156391299846426], [85.32666374193178, 28.156507571185966], [85.32790174597979, 28.15745558296001], [85.32802959555389, 28.15754580211319], [85.32816519682142, 28.15762664404677], [85.32909381876637, 28.158133511825262], [85.33035647548454, 28.159542434237196], [85.33048017158681, 28.159668071705745], [85.33061642383116, 28.1597830549688], [85.330764069098, 28.15988640243838], [85.33195007699018, 28.160640412483904], [85.33208031407125, 28.16071668409367], [85.33221676113092, 28.1607838898716], [85.33316348135912, 28.161208938711415], [85.33337718563601, 28.16151013612098], [85.33358453361194, 28.16198377289315], [85.33367350865224, 28.162158789158045], [85.33378295658048, 28.16232443995081], [85.33391163917257, 28.162478851067217], [85.33479733615908, 28.16343114344395], [85.33494236940481, 28.16396410331611], [85.33500347924941, 28.164146069101815], [85.33508582187827, 28.164321338642672], [85.33518848608195, 28.164487972179536], [85.33531033573105, 28.16464412552191], [85.33545002234699, 28.164788070459636], [85.33658702118727, 28.165842082429364], [85.33673315895898, 28.165964790294698], [85.33689225449208, 28.16607411127183], [85.33706275294226, 28.16616897693992], [85.33724298800773, 28.166248460150957], [85.33743119821554, 28.166311784092056], [85.33888186086126, 28.166728403633247], [85.33888374298344, 28.166751728089373], [85.33890728453005, 28.166925068491558], [85.33894961694124, 28.167095581883927], [85.3390103441011, 28.16726167237242], [85.33908889772358, 28.167421785451396], [85.33918454266868, 28.167574422553486], [85.33929638382014, 28.16771815507613], [85.33951665974688, 28.167973831468263], [85.33996353134862, 28.17303229610373], [85.33992951600723, 28.175684494678787], [85.33993207863416, 28.175797799363316], [85.34005863845444, 28.177975893291404], [85.33999495613217, 28.178358466230947], [85.33948097337269, 28.179646541069967], [85.3392520322374, 28.17985472632548], [85.3384259640618, 28.18033727711855], [85.33826615385095, 28.180440843348627], [85.33811844736296, 28.18055766951083], [85.33798424043665, 28.180686651620334], [85.33786480135605, 28.180826570816837], [85.33776125886462, 28.180976104881402], [85.33767459149753, 28.181133840730208], [85.33760561833273, 28.181298287767024], [85.33755499124831, 28.181467891968335], [85.33752318875948, 28.18164105056815], [85.33747018106183, 28.182056049820734], [85.33745765246941, 28.182223606416734], [85.33746275480617, 28.18239146958038], [85.33748544397741, 28.18255818592982], [85.33752552361722, 28.182722312005925], [85.33758264678586, 28.182882426770206], [85.33765631897103, 28.18303714390884], [85.33774590236709, 28.18318512383629], [85.33785062139532, 28.183325085294477], [85.33796956941737, 28.183455816447086], [85.33840356812942, 28.183889821181072], [85.33855864048401, 28.184028923656793], [85.33872978668072, 28.18415234523275], [85.33891499781579, 28.18425863715811], [85.33935400211813, 28.184481640326933], [85.33953996620743, 28.18456520415586], [85.33973459818259, 28.184631483737885], [85.33993585817782, 28.184679784417305], [85.34014163685114, 28.184709599968997], [85.34034977749467, 28.184720617904777], [85.34055809864171, 28.184712722748955], [85.34076441693358, 28.1846859972488], [85.34096657000615, 28.184640721507066], [85.34106999452634, 28.184612495106208], [85.34135442027207, 28.184861539071935], [85.34136372368069, 28.184880526972925], [85.34140227762855, 28.185096255909592], [85.34144817267516, 28.185286211827737], [85.34151684566412, 28.18547069645548], [85.3416075009973, 28.185647572173803], [85.341719088353, 28.185814789517877], [85.34185031485207, 28.18597041092577], [85.34203931441185, 28.186171044806162], [85.34232407090735, 28.186784984316816], [85.34240843174085, 28.186944295103565], [85.34250990346159, 28.18709556877995], [85.34262752131067, 28.187237366983695], [85.34276016699313, 28.187368341443285], [85.34300812717863, 28.187590374344143], [85.34310239200855, 28.187747867269017], [85.34316143158566, 28.188187317895135], [85.34319951766076, 28.18838058375498], [85.34326105696552, 28.188569044680307], [85.34334532232792, 28.188750473375958], [85.34348798020054, 28.189015662984367], [85.34347749506031, 28.189089430866584], [85.3434713089931, 28.189256002641933], [85.34348249283588, 28.18942236983486], [85.34351095128706, 28.18958711358023], [85.34358094579777, 28.18989611459405], [85.34362633524769, 28.190057529712636], [85.3436883072473, 28.190214556230906], [85.3437663353141, 28.190365859952], [85.34385975653505, 28.190510155298174], [85.34396777719734, 28.190646216234626], [85.34408947953062, 28.190772886687487], [85.34422382950416, 28.190889090367573], [85.34436968561188, 28.19099383991615], [85.34523120308239, 28.1915562984602], [85.34537448550472, 28.191872807636937], [85.34546014384603, 28.19203754128722], [85.34556403287255, 28.192193825357357], [85.34568510328516, 28.1923400812337], [85.34582010647853, 28.19248706599891], [85.34595702024048, 28.192959667344905], [85.34600400167834, 28.193098444382517], [85.34606339700024, 28.193233435214538], [85.34669169049762, 28.194507688526617], [85.34668858008524, 28.194535673316118], [85.34668819002056, 28.194709149546483], [85.34670660206075, 28.19488185759133], [85.34674364616369, 28.19505220158544], [85.34679898011825, 28.1952186075007], [85.34687209270334, 28.195379537690943], [85.34709001727433, 28.195799695366187], [85.34722360423612, 28.196524738971227], [85.34726681291286, 28.196702431266665], [85.34732997832903, 28.196875371594395], [85.34772996427552, 28.19780737707719], [85.34781107152834, 28.19797137161174], [85.34791012224655, 28.19812743893821], [85.34802614152657, 28.1982740428507], [85.34815798742571, 28.1984097402879], [85.34830436220088, 28.198533195538744], [85.3486423633281, 28.198791198749348], [85.34879983395025, 28.19889995548739], [85.34896856654301, 28.19899453193214], [85.34914693997762, 28.19907401940897], [85.3492667407608, 28.19911493989043], [85.3493207341103, 28.199186932229118], [85.34976093039845, 28.200198219792664], [85.34968190398207, 28.200940551540654], [85.34967290761821, 28.201106741414012], [85.34968122609783, 28.2012729591082], [85.34970678879523, 28.20143779180557], [85.34974937850997, 28.2015998384544], [85.34980863331027, 28.201757721677783], [85.349904604419, 28.201978823561436], [85.3499551235212, 28.20292983648276], [85.34997299229461, 28.20309802059616], [85.35000853411555, 28.203263987874994], [85.35006143764606, 28.20342628410868], [85.35013123941867, 28.203583487246064], [85.3509792164041, 28.205258498578072], [85.35106714147788, 28.205412093834326], [85.35117119309254, 28.205557565362767], [85.35129042375038, 28.205693588406994], [85.35142374771148, 28.205818924249833], [85.35153221520224, 28.205903134816264], [85.35155734973286, 28.205954933065364], [85.35164929521417, 28.206103982654046], [85.351756651774, 28.206244714555627], [85.35187846845652, 28.206375882102552], [85.35191322641896, 28.206406846358643], [85.35184660734973, 28.20670095062745], [85.35181939560914, 28.206855566215793], [85.35180762185968, 28.207008878829054], [85.35177249567501, 28.207049583029647], [85.35167471372253, 28.207186924004453], [85.35142270934658, 28.207578920826087], [85.35132391738945, 28.207754051813957], [85.35124712226407, 28.207937632436803], [85.35119322787263, 28.208127502167425], [85.35116286861395, 28.208321426451853], [85.35113800961236, 28.208584435222473], [85.35095351743779, 28.208839568715874], [85.35085492607735, 28.208991718409006], [85.350773477383, 28.20915162929055], [85.3507099411097, 28.20931779022802], [85.35066491775174, 28.20948863101985], [85.35063883286546, 28.209662537232983], [85.3506319330443, 28.209837865458617], [85.3506442835853, 28.21001295884209], [85.35067576786838, 28.210186162740087], [85.35072608845492, 28.210355840357295], [85.35079476989526, 28.210520388214658], [85.35088116321857, 28.210678251303055], [85.35098445206307, 28.210827937779197], [85.35110366038838, 28.210968033064837], [85.35123766169758, 28.211097213215883], [85.35128539385556, 28.211135082505002], [85.35136058751755, 28.211338813759426], [85.35143634177648, 28.211512998311004], [85.35153200252464, 28.211679319626096], [85.35164654641032, 28.211835998291516], [85.35177874804211, 28.21198135805008], [85.35181623626146, 28.212018472069786], [85.35204824334721, 28.21424287985599], [85.35199487863183, 28.215249334106186], [85.35200264203294, 28.21551264703408], [85.35201414571137, 28.21561507837241], [85.35195988597357, 28.215681230558353], [85.351858703035, 28.215834181237447], [85.35177494958519, 28.215995187563248], [85.35170943386743, 28.2161626959344], [85.35166278815282, 28.21633509000196], [85.35163546263627, 28.216510706265453], [85.35162772108892, 28.216687850124018], [85.35163071628344, 28.216941850180497], [85.3516426278335, 28.217118765963242], [85.35167407309415, 28.217293793825597], [85.3517247488849, 28.217465245706663], [85.35179416654962, 28.217631468026347], [85.35188165666624, 28.217790857634185], [85.35198637550006, 28.2179418772717], [85.35210731313884, 28.218083070399864], [85.35224330323123, 28.21821307524799], [85.35239303423451, 28.218330637948796], [85.3525550620635, 28.21843462463295], [85.35272782401836, 28.218524032366144], [85.35290965385724, 28.218597998823462], [85.35307744430371, 28.218657601622375], [85.35355866816074, 28.219326665966847], [85.35367534400056, 28.219472421665003], [85.35380772041401, 28.219607243519327], [85.35443402979024, 28.22018471101841], [85.35448839315339, 28.220287369722225], [85.35457582841747, 28.220434453051933], [85.35467817194547, 28.220573786650625], [85.35479455548462, 28.220704188377045], [85.35492399165247, 28.22082455186616], [85.3550653823132, 28.220933855916684], [85.35521752789413, 28.22103117315623], [85.35525843582428, 28.221054879398654], [85.35526079728605, 28.2210991570531], [85.35528118305385, 28.22128237545341], [85.35532253781155, 28.22146280092679], [85.35538443126678, 28.221638555710182], [85.35556642458009, 28.22207555821597], [85.35564886180867, 28.222245984704344], [85.35575060633063, 28.222408020054885], [85.35587058427322, 28.222559953915827], [85.35600752928643, 28.22270018255414], [85.35615999590786, 28.222827225785007], [85.35617087945846, 28.22283458600059], [85.35617680728986, 28.222846259602612], [85.3562608094812, 28.222993334404062], [85.35635961127223, 28.223133007624682], [85.35647238855135, 28.223264114163687], [85.35659820061855, 28.22338556037631], [85.35673599803141, 28.223496333197357], [85.3568846313588, 28.22359550859277], [85.35739610117314, 28.223905402869615], [85.35741027983067, 28.22393356944824], [85.35750729162412, 28.224085060919055], [85.35762033896638, 28.22422756431838], [85.35779476651732, 28.224426312316634], [85.35780243045588, 28.224461730110214], [85.35785693903514, 28.224626727615], [85.35790492003908, 28.22473314097117], [85.35790190948835, 28.224769923661302], [85.35790820756196, 28.22495479299168], [85.35793583589168, 28.225138120650023], [85.35798450439275, 28.225317981065075], [85.35820110176681, 28.225969177127915], [85.35813592546732, 28.226951086388638], [85.35813519758048, 28.227151310697625], [85.35819997779842, 28.2282476965634], [85.35817701650856, 28.22828801186405], [85.35810505702456, 28.22845266497623], [85.35805160794543, 28.228622757993204], [85.35801718093995, 28.228796662894375], [85.35800210561544, 28.228972715166442], [85.35798917559893, 28.229400574832674], [85.35780523646437, 28.23015515952298], [85.3577740252299, 28.23031978095706], [85.35776216618986, 28.230461774281814], [85.35775794150678, 28.230466745490357], [85.35764248480076, 28.230617955490416], [85.35754486567751, 28.230778721803325], [85.3574660829446, 28.2309473996541], [85.35740694270946, 28.231122263318266], [85.35736805012897, 28.231301523776615], [85.35734980321443, 28.23148334701766], [85.35735238875553, 28.231665872801017], [85.3573757804049, 28.231847233689262], [85.35738398188403, 28.231891035844598], [85.35730756678004, 28.231958660258215], [85.35718044608683, 28.23209578569351], [85.35706914301551, 28.23224330359011], [85.35697473340201, 28.23239978815426], [85.35689812981556, 28.23256372692105], [85.35684007273608, 28.23273353537173], [85.35679935419235, 28.23287786455275], [85.3563213837588, 28.233473098318868], [85.35620741720787, 28.23363195856377], [85.35611275218767, 28.233800467134994], [85.35603841843266, 28.23397679121728], [85.35598522455318, 28.234159012979433], [85.35595374923649, 28.234345150432983], [85.35594522514278, 28.234423151207313], [85.35588615149078, 28.234464079534533], [85.35575016603872, 28.234577534921044], [85.3556264848941, 28.234701543473783], [85.35551614770932, 28.23483506283208], [85.35521414412561, 28.235238059175064], [85.35511516823944, 28.235384766129307], [85.3550323055958, 28.235539106818965], [85.35496629934495, 28.235699697177154], [85.3549177414842, 28.235865097086133], [85.35487173804258, 28.23605909643937], [85.35483791570974, 28.236254307373265], [85.35482838213541, 28.23645162261776], [85.35484325162938, 28.23664867907784], [85.35488234624309, 28.236843116745053], [85.35493273025989, 28.237032861815308], [85.35488911612316, 28.237120288121258], [85.354825723425, 28.237292106014152], [85.3547820566841, 28.237468678254714], [85.35475855407026, 28.23764823344112], [85.35475545146791, 28.23782897023741], [85.35477278010572, 28.238009075444516], [85.35481036623919, 28.238186742190788], [85.3548678328896, 28.238360188059282], [85.3549446036222, 28.23852767297011], [85.35503660127716, 28.238702674191774], [85.35509752070223, 28.23880519939159], [85.35494743656665, 28.23915016195021], [85.35488782293078, 28.239308696721565], [85.35484502210595, 28.239471434927058], [85.3548194010936, 28.23963698143839], [85.35481117961903, 28.239803917045766], [85.35482042824526, 28.23997081062433], [85.35486198328417, 28.24035559770084], [85.35465347809918, 28.24196076275695], [85.3546402360057, 28.242148351158352], [85.35464909766783, 28.2423361420026], [85.35467996707743, 28.242522098305123], [85.35473250950218, 28.24270420297053], [85.35480615511183, 28.242880480672817], [85.35490010515473, 28.243049019282918], [85.35501334061819, 28.243207990611108], [85.35682832311304, 28.245484012264082], [85.3569529678211, 28.245624925981023], [85.35709276338413, 28.245754212232953], [85.35724633454095, 28.245870599098787], [85.35909008699869, 28.247133169631386], [85.36024076160435, 28.248163800806367], [85.36040548298993, 28.248296058095487], [85.36058549527938, 28.248411637676725], [85.36088017843798, 28.248579920140156], [85.36091012027447, 28.24870154880405], [85.36097366730947, 28.24887409804284], [85.36105646507174, 28.2490401228238], [85.36115767621128, 28.24919794393238], [85.36127627712763, 28.24934596512087], [85.3617615667908, 28.249891297988803], [85.3617151548043, 28.25063431495866], [85.36159747703434, 28.250686263906022], [85.36142483106966, 28.250782679504958], [85.36126394207916, 28.250893903206222], [85.36111642383754, 28.25101881942221], [85.36089742352426, 28.251223817104343], [85.36075890739885, 28.25136791265426], [85.3606381922952, 28.251524059421943], [85.36053660549197, 28.25169054065595], [85.36045526397822, 28.251865525974708], [85.3603950621697, 28.25204709148932], [85.36035666207104, 28.25223324095469], [85.36034048599302, 28.2524219277166], [85.36033648311441, 28.252573927666173], [85.36034133507744, 28.25274735350854], [85.36036497020876, 28.25291956569421], [85.36040717019304, 28.253088972864983], [85.36046754515819, 28.253254009575617], [85.36054553727502, 28.253413150760174], [85.36064042590928, 28.25356492582542], [85.3607513342785, 28.25370793224109], [85.36087723755215, 28.253840848501415], [85.36101697232061, 28.253962446337997], [85.36116924734516, 28.254071602071225], [85.36133265549002, 28.25416730699519], [85.36154165745083, 28.254277308546207], [85.36172559211813, 28.254363189717374], [85.36179760220662, 28.254388892852706], [85.36164426320823, 28.255258647718616], [85.36162232550261, 28.255448508830614], [85.36162315503826, 28.25563935980286], [85.36164674265831, 28.255829066128157], [85.36169282467297, 28.25601550609023], [85.3617608858035, 28.256196594493804], [85.36185016494025, 28.2563703059868], [85.36192487186038, 28.256497375578597], [85.3620671280654, 28.257362122544055], [85.36210156581134, 28.25752109582868], [85.36215195316106, 28.25767669742967], [85.36221788479214, 28.257827675457452], [85.36229883031469, 28.257972815216252], [85.36252282617244, 28.258332818087222], [85.3626274413226, 28.258483065302144], [85.36274813291779, 28.258623545152158], [85.36280243603517, 28.25867534770169], [85.36284161671078, 28.25877386647265], [85.36291964245783, 28.258924360507812], [85.3630129195383, 28.259067888507023], [85.36312066263214, 28.25920324198622], [85.36324196460743, 28.259329281285257], [85.3633758041573, 28.259444945164528], [85.36386680546913, 28.259831949919317], [85.36400581393812, 28.259932170115643], [85.36415423044762, 28.26002118805602], [85.36431090691356, 28.260098315124868], [85.36447463134701, 28.260162954689445], [85.3647291224225, 28.260251767343927], [85.36485077509242, 28.26032908501872], [85.36491683130079, 28.260427938773546], [85.36502557697607, 28.260574021870035], [85.36514978846107, 28.260710094803294], [85.36528829830982, 28.26083487858262], [85.36543980466793, 28.26094720032335], [85.36560288350867, 28.261046004272334], [85.36577600201808, 28.261130361732498], [85.36590418623211, 28.26118583370726], [85.36607362044214, 28.261363247746225], [85.36620470615699, 28.261488043875076], [85.36634850328078, 28.261601335154104], [85.36650372940214, 28.261702111200126], [85.36666900016859, 28.261789473243944], [85.36684284163327, 28.261862642146912], [85.36702370340124, 28.261920965350587], [85.36720997245814, 28.26196392269734], [85.36739998755742, 28.26199113107004], [85.36816029143262, 28.262067591017694], [85.36893313927557, 28.26236565038043], [85.37005119399271, 28.26530669097066], [85.37011677398381, 28.26545671731949], [85.3701971835874, 28.265600977067468], [85.37029178390058, 28.26573832387987], [85.37115877415113, 28.266879334393124], [85.37127406390465, 28.267016544282036], [85.37140350556068, 28.267143476462714], [85.37154593677907, 28.267258991083242], [85.37170007856075, 28.267362050818072], [85.3732805605346, 28.26831812591526], [85.37352828446654, 28.268727553209697], [85.37396912467175, 28.27116978676183], [85.3740134620165, 28.271353467903264], [85.37434426756207, 28.272442979816027], [85.37425537937978, 28.273101922071497], [85.37362268962772, 28.274449216180034], [85.37355941236252, 28.27460337894675], [85.37351220743564, 28.2747619913719], [85.37348146487584, 28.274923743168095], [85.37338045124947, 28.27565774174518], [85.37336572518812, 28.27584848052918], [85.37337387490815, 28.27603952833048], [85.3734048090654, 28.276228740992988], [85.37354979757615, 28.276872743098657], [85.37360235313399, 28.277055676955683], [85.37367620536708, 28.277232750611407], [85.37412274238339, 28.278152267749917], [85.37413428462068, 28.27822986161058], [85.37366973013138, 28.27932411123743], [85.37359806729599, 28.27952920669624], [85.37355442353822, 28.279740384630806], [85.37345240979882, 28.280480383193698], [85.37343794258823, 28.280657236836845], [85.37344315095628, 28.280834493805827], [85.3734679847177, 28.281010442842604], [85.37351220421901, 28.281183385307884], [85.37357538264834, 28.281351651580316], [85.37365691015266, 28.28151361717597], [85.37375599972236, 28.281667718432125], [85.37387169478662, 28.281812467604322], [85.3740028784463, 28.28194646723055], [85.37414828425543, 28.282068423623986], [85.37430650844699, 28.282177159364046], [85.37447602348529, 28.28227162466485], [85.37465519281388, 28.282350907511603], [85.3748422866566, 28.282414242466675], [85.3750354987193, 28.282461018060516], [85.37523296363075, 28.282490782695927], [85.37543277495435, 28.28250324900863], [85.37563300359652, 28.282498296642025], [85.37924506369156, 28.282251292413275], [85.37945275570293, 28.282227536695846], [85.37965659845476, 28.282185044406607], [85.37985444080645, 28.282124263965304], [85.38004419494865, 28.28204583678487], [85.38022385843833, 28.28195059050173], [85.38039153533248, 28.28183953024061], [85.38054545619724, 28.2817138280062], [85.38068399678096, 28.281574810313696], [85.38143899211373, 28.28073380170995], [85.38155577249087, 28.280589710106828], [85.381656012619, 28.28043616736965], [85.38173874455394, 28.28027465625717], [85.38180316943904, 28.280106736471787], [85.38184866521705, 28.279934029596767], [85.38187479263422, 28.279758203435964], [85.38188129947866, 28.27958095590764], [85.38186812301234, 28.27940399864766], [85.3817811106191, 28.27873699994363], [85.38175013621372, 28.278569298368307], [85.3817014813886, 28.27840491912085], [85.38163557760618, 28.27824531961827], [85.38155300925413, 28.27809191489325], [85.38145450846163, 28.277946065048845], [85.38134094860627, 28.277809063200497], [85.3803582855488, 28.27673361214095], [85.38035490910657, 28.276690422531484], [85.38052174466385, 28.276188033109815], [85.38056162917081, 28.27604722869634], [85.38058860102299, 28.275904041777718], [85.38071921896359, 28.274983845405988], [85.38138177665157, 28.27336319146636], [85.38143583191498, 28.273209995849996], [85.38147429891573, 28.273053154133756], [85.38149687346917, 28.27289390685158], [85.38150337709428, 28.272733513558716], [85.38148934971211, 28.27128951384229], [85.38147525719722, 28.27109263083972], [85.38143697501681, 28.270898285807913], [85.38137496076713, 28.270708801144032], [85.38018491361461, 28.267698817653486], [85.38012608629658, 28.267566891747617], [85.38005573873804, 28.267439463347465], [85.37975217332334, 28.266940310021212], [85.37981973874156, 28.266875225382368], [85.37994473680222, 28.266742600260734], [85.38005484022797, 28.266600001916316], [85.38014904033936, 28.266448736799745], [85.38022647417029, 28.266290190758873], [85.38028643237247, 28.266125816341145], [85.38032836571188, 28.26595711948505], [85.38035189009773, 28.265785645722598], [85.38035679009853, 28.26561296601943], [85.3803430209125, 28.26544066238202], [85.38031070877469, 28.26527031336407], [85.38006469113361, 28.264269316918927], [85.38001409235788, 28.264102370669292], [85.37994568626583, 28.26394047599058], [85.37986010048283, 28.26378511807961], [85.37975812022836, 28.26363772215972], [85.37964068111029, 28.263499640406962], [85.3795088605402, 28.26337213954647], [85.37936386784831, 28.2632563892329], [85.3792070331887, 28.263153451321454], [85.37903979533695, 28.263064270127806], [85.37886368849168, 28.26298966376631], [85.37868032820136, 28.262930316645896], [85.37624091887871, 28.26225610953717], [85.3761074018284, 28.262140052387192], [85.37550905484056, 28.260747386548676], [85.37543296176383, 28.26059250525684], [85.37534084867006, 28.26044460072967], [85.37523352244739, 28.26030496847223], [85.37466751809391, 28.259637975080256], [85.37454332482915, 28.259505315390367], [85.37440540895226, 28.259383747377854], [85.37425502775284, 28.259274379261388], [85.37409355214187, 28.259178208041817], [85.37392245415474, 28.259096110414568], [85.37374329353281, 28.2590288347786], [85.37205598169268, 28.258477799005263], [85.37084963317405, 28.257377182500136], [85.37070199672578, 28.257255201043424], [85.37054145324021, 28.257146753265676], [85.36938057073749, 28.256440273480436], [85.36919736403506, 28.256206085972458], [85.3691339580801, 28.256057273531624], [85.36924078081884, 28.255744664086492], [85.3692900692356, 28.25556912111509], [85.36931926337039, 28.25539009085305], [85.36932807001732, 28.25520937197556], [85.36931640080118, 28.25502878011405], [85.36909052879692, 28.253171804293768], [85.36919856677038, 28.25260576800852], [85.36922408837317, 28.252402530070704], [85.36922347998328, 28.252198040060957], [85.36919674956063, 28.25199492356894], [85.36906975430128, 28.25135024118204], [85.36907209828753, 28.251345513742596], [85.36914531148636, 28.251174894609736], [85.3691986871465, 28.250998599561537], [85.3692316793795, 28.250818431944356], [85.36924395080788, 28.250636234708573], [85.36923537601199, 28.25045387155648], [85.36920604280871, 28.250273207878312], [85.36915625134897, 28.25009609167123], [85.36908651104318, 28.249924334636745], [85.36899753534675, 28.249759693649644], [85.36889023445893, 28.24960385278817], [85.36876570600955, 28.249458406108964], [85.36871989155576, 28.24941484763501], [85.36870423291957, 28.249371673965488], [85.36862950590674, 28.249216916834516], [85.36853882246324, 28.24906899721364], [85.36843297141088, 28.248929201697457], [85.36831287348768, 28.248798746212902], [85.3682568194413, 28.248748293148196], [85.36779475998839, 28.247694718075827], [85.36771205659018, 28.247530804982848], [85.36761137130046, 28.247374979223466], [85.36723036637152, 28.24684798391354], [85.36711178271825, 28.246700764189086], [85.3669771569459, 28.246564792222696], [85.36682784078455, 28.24644143320364], [85.36625088325059, 28.24601056438808], [85.36554885215844, 28.245118169322605], [85.36527794355088, 28.244473567645933], [85.36519492470222, 28.244303340860284], [85.36509261974558, 28.244141556002493], [85.36497210875481, 28.24398992096706], [85.36483466398131, 28.2438500364943], [85.36468173642146, 28.243723379273508], [85.3645149404982, 28.243611286355783], [85.364336037018, 28.24351494104107], [85.36414691458376, 28.243435360388176], [85.3639495696591, 28.243373384479643], [85.3636979619801, 28.243307038902334], [85.3634194148249, 28.243084112742437], [85.36324965924246, 28.242962239469627], [85.36306614340509, 28.242857163836703], [85.36287097757516, 28.242770094096333], [85.3626664059593, 28.242702031450964], [85.3624547809049, 28.242653758541614], [85.36203564414272, 28.242579112203178], [85.36154174223367, 28.242037174542798], [85.36151275257977, 28.241938305703517], [85.36143424619743, 28.241755096339837], [85.36143166480184, 28.24175061071323], [85.36156539080147, 28.240921076317857], [85.36158477111734, 28.240724593305536], [85.36157982375278, 28.24052741061485], [85.3615578400379, 28.240380284441574], [85.36159039963985, 28.240316605000753], [85.36165586917129, 28.240144146948232], [85.36170139731964, 28.23996672731733], [85.3617265214156, 28.239786149481716], [85.36173098619074, 28.23960424890749], [85.36171474636805, 28.239422874496487], [85.36167796711793, 28.239243869793288], [85.36154760596527, 28.23875173731831], [85.36173447302097, 28.23799771712405], [85.36181430067136, 28.237887364780388], [85.3619074350643, 28.237724387687305], [85.36198148926735, 28.237553907689303], [85.36203570470751, 28.23737767130731], [85.36206952606352, 28.237197484026265], [85.36208260695119, 28.2370151917978], [85.3620887690434, 28.236590013780155], [85.36219518715933, 28.23635240898777], [85.36225621962456, 28.23619542394909], [85.36230070275687, 28.23603413567239], [85.36232826011897, 28.23586990932742], [85.3623386585398, 28.235704134945998], [85.36233379004695, 28.235586184755586], [85.36249143083938, 28.235351934708437], [85.36257832859043, 28.235208461162216], [85.36265027191772, 28.23505863545898], [85.3627066753235, 28.23490367706024], [85.36277813801077, 28.23467204088207], [85.36332301550212, 28.234009626465227], [85.36342541260123, 28.233872410561418], [85.3635132780659, 28.23372750788347], [85.36358588209627, 28.233576122073963], [85.36364262167056, 28.23341951062289], [85.3636830255521, 28.233258974421695], [85.36370675820157, 28.2330958469569], [85.36371362256175, 28.232931483233276], [85.3637046050114, 28.23200448341278], [85.3636901744065, 28.231805075220564], [85.36365094095531, 28.231608302056863], [85.36355716801255, 28.231253877633705], [85.36356817126662, 28.23105380837324], [85.36416339098291, 28.22881457872589], [85.36420521245878, 28.22859982015744], [85.36421213754797, 28.228477158771195], [85.36448105201859, 28.228365795972405], [85.36466163054428, 28.228280991335733], [85.3648317073174, 28.22818059007412], [85.36498957093895, 28.22806560249431], [85.36513363292175, 28.22793718567724], [85.36526244367519, 28.227796631833286], [85.36564244037717, 28.227336627373937], [85.36575411104127, 28.227186241790907], [85.36584831180944, 28.227026751591765], [85.36592410564867, 28.226859743390136], [85.3659807386498, 28.226686878581546], [85.36601764752434, 28.226509876815005], [85.36603446520462, 28.226330498885293], [85.3660310244915, 28.22615052921636], [85.3660073597137, 28.225971758109882], [85.36596370638223, 28.22579596393581], [85.36590049884379, 28.225624895441893], [85.36581836595613, 28.225460254358186], [85.36573036400583, 28.225305255509117], [85.36563480438961, 28.22515524074103], [85.36552353329635, 28.22501397791021], [85.36539756436703, 28.22488275379714], [85.36525804511437, 28.22476276373394], [85.36510624646934, 28.224655100717097], [85.36494355120371, 28.224560745452333], [85.36477144133465, 28.224480557422307], [85.36459148462578, 28.224415267058585], [85.36445315755059, 28.22437826532676], [85.36447137587393, 28.22422842583545], [85.36447222597681, 28.22404220852542], [85.36445140588577, 28.223856904841117], [85.36440913739435, 28.22367448780996], [85.36434587066289, 28.223496899713876], [85.36426227942101, 28.22332603140956], [85.36421699145926, 28.223254674875772], [85.36425384181914, 28.222879398140297], [85.36426146571625, 28.22271187777982], [85.36425150493008, 28.222544453537004], [85.36422404551016, 28.222378570390976], [85.364179324528, 28.222215660013696], [85.36411772802812, 28.222057128414065], [85.36407413728412, 28.22197167856012], [85.3640786987364, 28.221945871567623], [85.36409033294736, 28.221774166988546], [85.36408345779218, 28.221602261152395], [85.3640581358204, 28.22143171583648], [85.36401459716973, 28.221264080450496], [85.36395323747216, 28.221100877960275], [85.36387461425677, 28.220943591052208], [85.36377944188183, 28.22079364866369], [85.36366858504279, 28.22065241300214], [85.36354305091474, 28.22052116717043], [85.36340398000095, 28.220401103511037], [85.36325263577093, 28.220293312774967], [85.36309039318166, 28.22019877421349], [85.36291872618665, 28.220118346682934], [85.36266628769263, 28.22001339328072], [85.36261817235788, 28.219928693302634], [85.36251433944193, 28.219782605708723], [85.3623952234849, 28.219645973593835], [85.3622619144112, 28.21952004709397], [85.36211563199436, 28.21940597838843], [85.36195771469593, 28.21930481115887], [85.36178960741914, 28.219217471041084], [85.36161284828917, 28.219144757156883], [85.36142905458098, 28.21908733480334], [85.36123990792355, 28.21904572936656], [85.36104713891558, 28.219020321515224], [85.36085251129353, 28.219011343718215], [85.36073994902107, 28.219015699505427], [85.35983609451216, 28.218053644773267], [85.35970577913116, 28.217927589698245], [85.35956258544708, 28.217813019674352], [85.35940779788054, 28.217710962343126], [85.35938709215586, 28.217699839878417], [85.35935481547871, 28.217660797865744], [85.35922044292721, 28.217514886877833], [85.35907429707838, 28.217386271842685], [85.35904358519954, 28.21722845756354], [85.35898442136308, 28.21704409817068], [85.35890351811395, 28.216866336111753], [85.35880178806363, 28.21669717636323], [85.35868037871332, 28.21653852686722], [85.35828865143672, 28.216080985128016], [85.35783222561223, 28.215327990218235], [85.35787118332405, 28.214844510515583], [85.35787563505923, 28.21466812068174], [85.35786062066887, 28.214492188616834], [85.35782628375463, 28.214318395872688], [85.35778765779187, 28.21416692630975], [85.35786088884737, 28.213604973552012], [85.35787348919871, 28.213449814489834], [85.35787095806546, 28.213294270544985], [85.35785331431971, 28.213139497434657], [85.35782068912157, 28.212986645143793], [85.357789285986, 28.212867828036327], [85.35781023849461, 28.21283285045598], [85.35788606285936, 28.212669397557224], [85.3579434763985, 28.212500159074825], [85.35798192868246, 28.212326757774353], [85.35800105110033, 28.21215085632931], [85.35800066039093, 28.211974141378022], [85.3579807603963, 28.211798307351046], [85.35794154202128, 28.211625040224046], [85.35788338139946, 28.211456001352257], [85.3578068362831, 28.2112928115411], [85.35771264069227, 28.21113703550608], [85.357601697874, 28.210990166870626], [85.35747507163953, 28.210853613845757], [85.3572529321094, 28.210636651760243], [85.35724140767215, 28.210244393278426], [85.35731883826399, 28.209395820715663], [85.35747849421317, 28.209095133149646], [85.35756490017383, 28.208905071533692], [85.357626428445, 28.208707558441613], [85.35776741822254, 28.20812855646146], [85.35780483144654, 28.207911643866915], [85.3579598032584, 28.206403641694646], [85.35796791572358, 28.206210268947277], [85.35795260939801, 28.20601723819022], [85.35791406038577, 28.20582676872733], [85.35764904305348, 28.20482877253197], [85.35760009244086, 28.204675231707245], [85.35753602546912, 28.204526120743754], [85.35745734292934, 28.2043826050516], [85.35694933320747, 28.203551611584945], [85.35681683976695, 28.203363484452147], [85.35611243518, 28.202488061876334], [85.35610101748007, 28.202444382318824], [85.35611135650944, 28.20238769909924], [85.35612386998253, 28.202214078102372], [85.35611745407141, 28.202040196300498], [85.3560921684926, 28.201867669637398], [85.35604824832235, 28.201698101455555], [85.3559861018089, 28.20153306759604], [85.35595459661891, 28.201470303896706], [85.3559623109396, 28.201458039225862], [85.35603968161756, 28.201302001884127], [85.35610009204554, 28.201140194403937], [85.35614300352862, 28.200974059870305], [85.35616803344273, 28.200805079952563], [85.35617495864425, 28.20063476168967], [85.35617295565707, 28.20047676172685], [85.35616154093775, 28.200305180451796], [85.35613175301799, 28.200135339262708], [85.35608386218222, 28.199968778745163], [85.35601830291643, 28.19980700971971], [85.35593566996413, 28.19965149953815], [85.35583671292922, 28.199503658774386], [85.35572232947428, 28.199364828430408], [85.35559355717669, 28.19923626777357], [85.35551215425744, 28.199169121546156], [85.3554949428591, 28.199023910709958], [85.35545813598439, 28.19886051644318], [85.3554044765687, 28.198700825736275], [85.35533442206211, 28.198546199744403], [85.35513467749405, 28.198158168649012], [85.35513503358362, 28.19793659776602], [85.35512509295008, 28.197755939092854], [85.35509479033287, 28.19757706917729], [85.3550444302189, 28.197401784748777], [85.35497451856384, 28.197231846512445], [85.3548857577065, 28.197068961463728], [85.3547790393105, 28.196914765742843], [85.35465543540509, 28.196770808201187], [85.35451618761478, 28.19663853484478], [85.35436269468617, 28.196519274310923], [85.35419649843732, 28.19641422452382], [85.35402905892985, 28.196319232083503], [85.35316838631829, 28.195359386684025], [85.35316482331318, 28.195340834331628], [85.35316817158011, 28.195332705929708], [85.35321763104963, 28.19516308998567], [85.35324829472358, 28.19499002445955], [85.35325987374395, 28.194815140177163], [85.35325225909311, 28.194640085094957], [85.35322552261759, 28.19446650877096], [85.35318451912303, 28.194271509367375], [85.35314118791774, 28.19410807584541], [85.3530809025647, 28.19394891673094], [85.35300418482541, 28.193795409330285], [85.35158429530784, 28.191277575035173], [85.35078953466952, 28.189380913525984], [85.3507206519577, 28.189236167562967], [85.35063782367868, 28.189097277083164], [85.35054167742622, 28.188965294378697], [85.35043294168868, 28.18884121940188], [85.35024689449496, 28.18864700298185], [85.34968214168127, 28.18746731841795], [85.34956558707704, 28.187261478517097], [85.34904992185369, 28.186479629979836], [85.34851013041938, 28.185102106813904], [85.34843242433193, 28.18493219293701], [85.34833566352943, 28.184770140984547], [85.3482208466442, 28.184617623295885], [85.34808915862848, 28.184476213812275], [85.347941958524, 28.184347371835507], [85.34778076543581, 28.184232426969764], [85.34760724285523, 28.18413256540203], [85.34742318149347, 28.18404881766246], [85.34741657917726, 28.18404653000405], [85.34725978921735, 28.183769478947287], [85.34712237519847, 28.18327639447582], [85.34703317102317, 28.18303235092371], [85.34635714938392, 28.181551360107015], [85.3462716454939, 28.181388000164183], [85.34616819446012, 28.18123300350548], [85.34604782631389, 28.18108791327548], [85.34567887296839, 28.180686768407853], [85.34577398016617, 28.180430211536628], [85.34582771034015, 28.18025645411095], [85.34586162062293, 28.18007881547273], [85.34587537315714, 28.179899065999994], [85.34592432701555, 28.17745606540692], [85.34590837749809, 28.177196365153772], [85.3454820419379, 28.17422552774596], [85.34589409811979, 28.170441356193106], [85.34590346902931, 28.170279859178564], [85.3458964886973, 28.17011826706085], [85.34571867381776, 28.168225928976526], [85.34590950109991, 28.166671166462965], [85.345921375365, 28.166490536175218], [85.34591278013345, 28.16630975991681], [85.34588380190611, 28.16613065483296], [85.34583473206823, 28.165955021261535], [85.34569246321811, 28.165536893475863], [85.34583757842408, 28.164396206559843], [85.34585031702136, 28.16417792280554], [85.34583318499176, 28.163959875099184], [85.34572717178898, 28.16324187666401], [85.34568587207333, 28.163046519180202], [85.34562058232825, 28.162856371167393], [85.34553209458898, 28.162673738965555], [85.3454214822481, 28.162500837742858], [85.34505047749873, 28.16198884230059], [85.34492846697411, 28.16183810792739], [85.34478964136913, 28.161699269816914], [85.3446354675426, 28.16157379489936], [85.34446757450151, 28.161463008907937], [85.34428773618927, 28.16136808237299], [85.34409785274332, 28.161290018256082], [85.34389993042033, 28.16122964135429], [85.34369606040096, 28.1611875895869], [85.34348839669782, 28.161164307256314], [85.34200542131774, 28.161066308798137], [85.34180629716306, 28.16106180675838], [85.34160762941482, 28.16107456731209], [85.34147324183795, 28.161095036599797], [85.34136960245038, 28.161027644709975], [85.34012206144988, 28.159699434314245], [85.33995873679184, 28.159544953197432], [85.33977612454916, 28.159408484802164], [85.33883321753086, 28.15878387174755], [85.33875570868688, 28.15866993120473], [85.3386835241929, 28.15839166648135], [85.33863176344599, 28.1582278983242], [85.33856283824173, 28.15806917552526], [85.33847736076282, 28.157916907664976], [85.33837609017962, 28.157772446993242], [85.33815308785103, 28.157485449673235], [85.33804061912329, 28.15735399913772], [85.33791507681887, 28.157232199786527], [85.33777750997915, 28.15712106934433], [85.33762906810864, 28.15702153638618], [85.33720207124077, 28.15676153989864], [85.33701163996399, 28.156658715228154], [85.33680966494278, 28.156574961465704], [85.33659856823326, 28.15651128296588], [85.33538651654622, 28.156210179801185], [85.33520874902875, 28.15612539857764], [85.33466267156034, 28.15580723451282], [85.33350570912901, 28.154665907884123], [85.33337951073864, 28.15455197985811], [85.33324244578856, 28.15444838268623], [85.33309558698443, 28.154355927124953], [85.33294008366988, 28.15427533673411], [85.332777152832, 28.15420724221485], [85.3316898908839, 28.15380391777765], [85.3299171803334, 28.151797402430393], [85.3298137124838, 28.151689314591422], [85.3297009928061, 28.151588757462633], [85.32880532083597, 28.150850138990524], [85.32793400944026, 28.149793271715062], [85.32779362726157, 28.149641130815873], [85.32763541199498, 28.14950342245932], [85.32692541404401, 28.14894942928428], [85.32677178490371, 28.148840758257162], [85.3266070500343, 28.14874572296399], [85.32643274455391, 28.14866520899723], [85.32625049275329, 28.148599966629707], [85.32506650921437, 28.148233972265718], [85.32490750770094, 28.148191185514683], [85.32474509953842, 28.148160032956376], [85.32396312644936, 28.14803940671426], [85.32347367362831, 28.147801651111596], [85.3231708271762, 28.147394561384992], [85.32304170029494, 28.1472396559937], [85.32289468438857, 28.14709782970197], [85.32273145391457, 28.14697069779613], [85.32255386798103, 28.14685970820017], [85.32164454995252, 28.146353527720155], [85.32056541287487, 28.145398748312072], [85.32043259940284, 28.145291191856487], [85.32028959349213, 28.14519444652335], [85.31695161731977, 28.143136474213936], [85.31674862795145, 28.143026338881278], [85.31493753869444, 28.142168413289465], [85.31467343554705, 28.141955130056264], [85.31432394123726, 28.141373558667578], [85.31423936995132, 28.141245763722633], [85.31414325787928, 28.14112454846361], [85.31312525066039, 28.139946560244518], [85.3130013242756, 28.139816375645648], [85.31286410362871, 28.139697127566958], [85.3127148111796, 28.139589878320223], [85.3125547769165, 28.1394955833237], [85.31238542650824, 28.139415082591878], [85.3122082686045, 28.139349093253188], [85.31202488139728, 28.139298203162422], [85.31094389770777, 28.139047207111904], [85.31075067414211, 28.139011116100217], [85.31055441524106, 28.138991787490784], [85.31035696717557, 28.138989403104496], [85.31003148385912, 28.138999473558822], [85.30928425328496, 28.138450925068824], [85.30903595089572, 28.138147174300816], [85.30857110708145, 28.136789798954005], [85.30850572791336, 28.13662727997454], [85.30842313932635, 28.13647103827825], [85.30832409630766, 28.13632250201836], [85.30820950423802, 28.136183028909674], [85.3080804106143, 28.136053893819135], [85.3077294104264, 28.13573489747707], [85.30759407652032, 28.13562261545423], [85.30744778328751, 28.1355217101253], [85.30729174344991, 28.13543301794247], [85.30712725051359, 28.135357274115464], [85.3070092702421, 28.135314527645452], [85.30680601840318, 28.134785853556878], [85.30672783388259, 28.134612441013104], [85.30662985238922, 28.134447119096883], [85.30651312317653, 28.1342916580415], [85.30637889622884, 28.134147722484958], [85.30622860887469, 28.13401685364686], [85.3055331998591, 28.13347100960399], [85.30473741460926, 28.131375284261043], [85.3046605750363, 28.131202789969326], [85.3045641721357, 28.131038197066214], [85.30444922401355, 28.13088324366152], [85.30431694459904, 28.13073956606435], [85.30416873082328, 28.130608681505088], [85.30400614786643, 28.130491972114953], [85.30383091262885, 28.13039067033237], [85.30346700323841, 28.130203184662996], [85.30345098498749, 28.129684622306236], [85.30343768938377, 28.12952229642008], [85.30340795151523, 28.129361692428155], [85.30336201331004, 28.12920411650923], [85.30330024844793, 28.12905085020946], [85.30313324319974, 28.128688852471072], [85.30305350157394, 28.128536622953867], [85.30295815215615, 28.128391619127576], [85.30284801971752, 28.128255095181217], [85.302724056882, 28.128128231953802], [85.30258733588572, 28.12801212672186], [85.30243903930213, 28.1279077837096], [85.30228044981344, 28.12781610540409], [85.30159086258494, 28.127456825913384], [85.30160384185989, 28.1274045554291], [85.30162759382452, 28.12722156703624], [85.30163018220992, 28.1270373853253], [85.3016115801604, 28.126853928954418], [85.30157198156336, 28.126673109016213], [85.3015117990253, 28.12649680912986], [85.30143165956932, 28.126326865819767], [85.30133239809965, 28.12616504938532], [85.30121504870108, 28.126013045460656], [85.3009270466149, 28.125678048799124], [85.30080277010946, 28.12554690178641], [85.30066502934662, 28.125426790261304], [85.30051506507743, 28.125318796136572], [85.30035422814454, 28.12522389217373], [85.2996888884366, 28.124870493535937], [85.29932929306587, 28.1244095114074], [85.29921227195233, 28.124273719656188], [85.2990812885243, 28.124148349072115], [85.2989375172078, 28.124034523711636], [85.29878224707092, 28.123933264114925], [85.29861687026617, 28.123845478156916], [85.29844286954908, 28.12377195290837], [85.29804545091275, 28.12362406058378], [85.29688871469179, 28.122955658008372], [85.29409881180884, 28.12058139512613], [85.29383980203488, 28.120263107871345], [85.29369827045782, 28.120108027970257], [85.29353829859703, 28.119967744167706], [85.29336184105428, 28.11984397045062], [85.29283384470693, 28.11951397487022], [85.29264408588175, 28.119408724755893], [85.292442440543, 28.119322582383816], [85.29208346722498, 28.119190264334723], [85.29146932452956, 28.118482546741365], [85.29133220246568, 28.11834042291271], [85.29117922688553, 28.11821164399439], [85.29101204070423, 28.1180975929921], [85.29083243943218, 28.11799949473887], [85.29064235189313, 28.1179184027427], [85.29060065947945, 28.117902921022807], [85.29039778511422, 28.117490525624078], [85.29031135165745, 28.117335541606373], [85.29020858759435, 28.11718860181643], [85.2900904361396, 28.11705105484214], [85.28995798171837, 28.11692416306091], [85.28981244001255, 28.116809091054847], [85.28965514680284, 28.116706894923574], [85.2894875457093, 28.1166185125927], [85.28788879985471, 28.115864889252386], [85.28647431194621, 28.11501486662578], [85.28639593970243, 28.114940485870314], [85.28621550204748, 28.114547123044954], [85.28612567355339, 28.1143771922179], [85.28601642766279, 28.11421645099706], [85.28588894577982, 28.1140666375438], [85.28574460648493, 28.113929371846307], [85.28558497062596, 28.113806138203422], [85.28541176443942, 28.113698269176176], [85.2851726635886, 28.113565263296522], [85.28509078177538, 28.113455266364696], [85.28459178212069, 28.11239373208464], [85.28449097249052, 28.11220947742375], [85.28436726893885, 28.11203653531473], [85.28422226442632, 28.111877132628663], [85.28327726213615, 28.1109511428305], [85.28312717368861, 28.110818634971558], [85.28296236801629, 28.110700673591374], [85.28278462968815, 28.110598535982607], [85.28153494994498, 28.10995969530719], [85.28111561767244, 28.10946961785494], [85.28106739756572, 28.10932809575277], [85.28099811618037, 28.10915656257561], [85.28090968189072, 28.10899209748055], [85.28080299614675, 28.10883637677597], [85.28067914641257, 28.108690987636276], [85.28053939508, 28.10855741192597], [85.28038516660051, 28.10843701109722], [85.2802180329657, 28.108331012314792], [85.27952881185796, 28.107938955398154], [85.2791980964908, 28.10734983011929], [85.27910235845492, 28.10719808194478], [85.2789905953854, 28.10705520739492], [85.2788638447893, 28.106922532709994], [85.27872328328309, 28.106801289444896], [85.27857021566992, 28.10669260303835], [85.27840606282736, 28.106597482367143], [85.27823234851853, 28.106516810382274], [85.27805068524853, 28.106451335914073], [85.27786275929788, 28.10640166672217], [85.27767031507145, 28.106368263854765], [85.27716168181438, 28.10630235220488], [85.27591957527781, 28.105296445698688], [85.27577676047306, 28.105190977578825], [85.2756236910781, 28.105097501044007], [85.27546164351406, 28.105016795565618], [85.27529196905864, 28.104949534119626], [85.27511608257898, 28.104896277575676], [85.27461261534285, 28.104766265626612], [85.2745442274809, 28.104583024592635], [85.27446243054686, 28.104398514422147], [85.2743583033352, 28.104223073158195], [85.2742331025148, 28.104058817953558], [85.27408833904185, 28.103907730963176], [85.27379681584912, 28.103635329181333], [85.27378258455249, 28.103525791747938], [85.27374249573799, 28.103358571658216], [85.27368474298295, 28.103195465348858], [85.27360984459861, 28.103037936421885], [85.2735184727408, 28.102887398425647], [85.27341144737618, 28.102745202171366], [85.27328972892273, 28.10261262361292], [85.27315440963024, 28.10249085239835], [85.27251541082374, 28.101967858702366], [85.27236677213806, 28.10185735662327], [85.27220694582321, 28.101759903321028], [85.27144492361394, 28.10134122929531], [85.27050945915366, 28.100323690985586], [85.27037024268758, 28.10018711868612], [85.2702160604721, 28.10006383346626], [85.27004851690798, 28.099955118178976], [85.26954152095998, 28.099660122218115], [85.26937070811742, 28.09957097019941], [85.26919092604379, 28.099496974601305], [85.26900387983264, 28.099438837208577], [85.268811343462, 28.099397109403597], [85.26861514297181, 28.099372186937643], [85.26841713914776, 28.099364306178117], [85.26821920987601, 28.099373541867084], [85.26809884914881, 28.099384389135402], [85.26760182429246, 28.09898328472259], [85.26744725939209, 28.098870362396895], [85.26728092754915, 28.098771457478033], [85.26687735067726, 28.09855621851965], [85.26687663942928, 28.098481901218037], [85.26685431746247, 28.098301329203636], [85.26681163822691, 28.098123661734157], [85.26675346968727, 28.097962953193303], [85.26675851094343, 28.097946948724644], [85.26679232100615, 28.09778132281929], [85.26680858321447, 28.097613623973935], [85.26680715619219, 28.097445310929015], [85.2667880524347, 28.097277847760946], [85.26675143819739, 28.097112691146837], [85.26661742988871, 28.09662869305638], [85.2665580430461, 28.096453207593846], [85.26647889823039, 28.096283965923295], [85.26638081123491, 28.096122712327713], [85.26626479306682, 28.095971108753872], [85.26613203952459, 28.09583071768478], [85.26598391887177, 28.095702986037466], [85.26582195773393, 28.09558923025202], [85.26564782536448, 28.09549062272534], [85.26546331644117, 28.095408179729525], [85.26527033257085, 28.09534275093923], [85.26507086269288, 28.095295010675855], [85.26486696258303, 28.09526545095883], [85.2646607336691, 28.095254376435502], [85.26445430137645, 28.095261901241805], [85.2640261450394, 28.095296878391622], [85.26394519664186, 28.095256054376232], [85.26355743194935, 28.09475827226823], [85.26344088608029, 28.09462281017603], [85.26331045415841, 28.09449769852453], [85.26316729881877, 28.09438405248192], [85.26244930199613, 28.093866059068482], [85.26230561668284, 28.093771396563586], [85.26215310757628, 28.093688296643016], [85.261992954502, 28.093617402166306], [85.25956998419977, 28.09266041645303], [85.25940114684994, 28.092601578743174], [85.25922707213492, 28.092556308083996], [85.25904914320007, 28.09252496418148], [85.25886877381068, 28.09250779608394], [85.2586873971202, 28.09250494020338], [85.25778124571254, 28.092526503478254], [85.25720534666115, 28.092184062930734], [85.25703924837389, 28.092095170103327], [85.25686436028839, 28.092020707016207], [85.25354340232535, 28.090775725752277], [85.25335212009787, 28.090713821596736], [85.25315481990044, 28.09066917920243], [85.2529534769615, 28.09064224549624], [85.2527501069764, 28.090633290118433], [85.25254674593091, 28.09064240272373], [85.25240230970908, 28.090661838272933], [85.25206063531803, 28.090494094092307], [85.251867152479, 28.090410632947773], [85.25166481507482, 28.090345754095026], [85.25145588481513, 28.090300182740553], [85.2494379167368, 28.08995918817848], [85.24927217838074, 28.089937407358455], [85.24910498145105, 28.089927791478036], [85.24685901892305, 28.08988079218215], [85.24660346321069, 28.089889698551257], [85.24593449428514, 28.089950514882457], [85.24480435139394, 28.08965566098202], [85.24458617036507, 28.089610146729488], [85.24436366884358, 28.089586187146114], [85.24413954586474, 28.0895840728718], [85.2431270619359, 28.089624017039043], [85.24217479433234, 28.089533929921735], [85.24166661407637, 28.08929196741612], [85.24150021564246, 28.089221162912924], [85.24132726834056, 28.089164019220608], [85.2411491946689, 28.089121006345724], [85.24096745928414, 28.089092478068505], [85.24078355695592, 28.089078669033363], [85.24013145869289, 28.089056040166952], [85.24003402570281, 28.08901236324863], [85.23986773530153, 28.088945940073515], [85.239695407147, 28.088892987065144], [85.23951842534325, 28.088853929529197], [85.2385794400973, 28.088685932205703], [85.23836492627422, 28.088658001263198], [85.23814827930521, 28.088650468676658], [85.23743312658188, 28.08865941710608], [85.23561755373446, 28.088020525777637], [85.23536894767459, 28.087949051763236], [85.23380820658656, 28.087596741585838], [85.2335114539904, 28.087465479007104], [85.23286350897591, 28.08688991757399], [85.2327894823494, 28.08675277392431], [85.23269769725485, 28.08660163811564], [85.23259013619726, 28.086458919923636], [85.23246777238514, 28.086325910577948], [85.2323317129413, 28.086203813463825], [85.23225744156358, 28.08614876646843], [85.23225744952761, 28.086098985382602], [85.23223757741965, 28.08592127723962], [85.23219799930877, 28.085746180844442], [85.23213910281461, 28.08557541063655], [85.23206146470353, 28.085410638688153], [85.23178645801575, 28.08489964230967], [85.23169004243805, 28.084741315046703], [85.23157632872692, 28.08459228989383], [85.23144644740115, 28.0844540483396], [85.23130168969018, 28.084327964665306], [85.23119390971448, 28.08425119978796], [85.23117597639092, 28.084180724528203], [85.23112445130215, 28.08401530407766], [85.23105544279076, 28.0838549720313], [85.23096957494762, 28.08370117820455], [85.23086762430606, 28.08355531328452], [85.23075051281778, 28.083418696255535], [85.2302515105757, 28.08289070182267], [85.23010507672915, 28.082751402139497], [85.22994290694027, 28.082626563993195], [85.22877691300961, 28.08182057441089], [85.2286060935675, 28.081714508220873], [85.2284338870386, 28.08162942197819], [85.22834433231726, 28.081533746948296], [85.22821001371922, 28.081414805014482], [85.22806378395876, 28.081307480345675], [85.2279069153456, 28.081212706724006], [85.22774077274201, 28.08113130872858], [85.22765442995858, 28.081097900378424], [85.22761155316344, 28.081047894375693], [85.22748552932146, 28.08092594007909], [85.22734744435841, 28.08081473258387], [85.2271984584787, 28.0807152062394], [85.22703982346394, 28.08062819724932], [85.22671782671361, 28.08046919952274], [85.22652881924249, 28.08038692668554], [85.22633123847488, 28.080322415887068], [85.2261271996541, 28.080276357757885], [85.22558620816046, 28.080180359288402], [85.22535858375163, 28.080151714355054], [85.22512876906553, 28.080146025406403], [85.22489969769983, 28.080163365062493], [85.22453988882044, 28.080208876793918], [85.22446071949312, 28.080157686941483], [85.2243066776099, 28.080067286842464], [85.22414402787196, 28.079989648108697], [85.22405499786213, 28.079955990151063], [85.22404416678127, 28.07991812356602], [85.2239785382739, 28.07975569095391], [85.22389571996081, 28.07959955943785], [85.22379646894647, 28.07945115619731], [85.2236816925339, 28.079311837762894], [85.22355243992924, 28.079182877617512], [85.22340989264995, 28.079065454556606], [85.22325535372424, 28.078960641914257], [85.22309023577999, 28.07886939775302], [85.22291604813293, 28.07879255610766], [85.22273438299109, 28.0787308193624], [85.22254690090243, 28.078684751831517], [85.221569916006, 28.078488754943518], [85.22136916833078, 28.078457758984207], [85.22116593205034, 28.078444725989954], [85.2209622451958, 28.078449786654403], [85.22076015031602, 28.078472890229918], [85.22072248041988, 28.078480655697167], [85.22057793827027, 28.07833904406997], [85.22052373207607, 28.07820200340378], [85.22044228089585, 28.07804566998863], [85.22034439987505, 28.077896934230633], [85.22023098038528, 28.07775715052027], [85.22010305527984, 28.077627591725502], [85.21996178948729, 28.077509437602103], [85.21987583132203, 28.077444126137653], [85.21979840538222, 28.077307569590012], [85.21969562329691, 28.077162467632863], [85.21957778835468, 28.077026665948534], [85.21944596297486, 28.076901388885375], [85.21930133569799, 28.076787765900892], [85.21914521046983, 28.076686821379855], [85.21822229192333, 28.076147678066125], [85.21732765925736, 28.07537060834904], [85.21718511470822, 28.075257916932216], [85.21703128791683, 28.075157573446067], [85.21686753359901, 28.07507046157323], [85.21650188324985, 28.07489609366406], [85.21577521546496, 28.074254739417544], [85.21559396480377, 28.074112747989826], [85.21539500208705, 28.07399083212709], [85.21375701691306, 28.07310984445936], [85.21361529882, 28.07304030635453], [85.213467794368, 28.07298098606607], [85.21284935697476, 28.072758146555042], [85.21247439678844, 28.072514424066195], [85.21225566786262, 28.07229226165612], [85.2121390943999, 28.07185061767184], [85.21208625343614, 28.071686022066917], [85.21201607302994, 28.071526606003232], [85.21192918433854, 28.07137380299582], [85.2116461794051, 28.070929806586467], [85.21153042454878, 28.070768739896454], [85.2113961264467, 28.07061942683346], [85.21124478950985, 28.070483539925903], [85.21121352164772, 28.070460852894808], [85.2111205157075, 28.070297098925767], [85.21100744184317, 28.07014053293479], [85.2108768070036, 28.069995117382433], [85.21072999786946, 28.069862395771235], [85.21056857278485, 28.069743776859525], [85.21042078874464, 28.069656241915375], [85.2102334086579, 28.06945385557349], [85.21019928163874, 28.069235829956728], [85.21016454266797, 28.069070724427277], [85.21011265017266, 28.06890919843311], [85.21004405366944, 28.068752650951666], [85.20995934734117, 28.06860243783561], [85.20981734481224, 28.06837743964153], [85.20970487951654, 28.068219104601603], [85.20957453422919, 28.06807195128043], [85.20942771054536, 28.067937561931085], [85.20926598722485, 28.067817381557678], [85.20909110321601, 28.067712702379694], [85.20896011186495, 28.067642777619568], [85.20889551991539, 28.067575737155284], [85.20890093711529, 28.06753088269322], [85.20890339624448, 28.067361612395025], [85.20888796429975, 28.067192882350817], [85.20888758130972, 28.06719095852437], [85.2089792584807, 28.067101496752084], [85.20909908876679, 28.06695842372784], [85.20920242409262, 28.066805563540502], [85.2092882565945, 28.066644407191784], [85.20935574914353, 28.066476526597636], [85.20940424350806, 28.066303559254816], [85.20942832594277, 28.06615721646681], [85.20948010435653, 28.06606244310014], [85.20955157701766, 28.06588783665884], [85.20960243665898, 28.06570763808323], [85.20963214453764, 28.06552375653787], [85.20964038601494, 28.06533814019794], [85.20962707388549, 28.065152755608434], [85.20953193780042, 28.064422796459226], [85.21003501442205, 28.06335932098319], [85.21009013696144, 28.063228903037885], [85.21013375685935, 28.063095102543414], [85.21046687934323, 28.0619026093487], [85.21056773073866, 28.061689417682576], [85.2108062706297, 28.061486458124282], [85.21093711217009, 28.061364224954396], [85.2110545269086, 28.06123169611611], [85.21115749060358, 28.06109002775277], [85.21124510509088, 28.060940455733625], [85.21131660611775, 28.060784284871758], [85.21137137000802, 28.06062287754048], [85.21140891910079, 28.060457641787956], [85.21143191668573, 28.060324641460852], [85.21145237109457, 28.06015003885252], [85.21145360619856, 28.05997449935148], [85.21143561040537, 28.059799683776344], [85.21139855406895, 28.05962724608857], [85.21134278787419, 28.05945881774439], [85.21126883951581, 28.059295992259667], [85.21117740870284, 28.05914031013421], [85.21117536393206, 28.05913752697294], [85.21128266446797, 28.058567017884272], [85.21130680266077, 28.058377327578906], [85.21130821925013, 28.058186436604398], [85.21128689850642, 28.0579964807357], [85.21125566024982, 28.057863245601993], [85.21126586272169, 28.057852414259298], [85.21138554846004, 28.057693955053683], [85.21148571282905, 28.057525174903535], [85.21156523701713, 28.05734795919901], [85.21162323279177, 28.057164287551846], [85.21167622912918, 28.056954286805023], [85.21170989008326, 28.056782229859486], [85.21172464814188, 28.05660809231494], [85.2117203652168, 28.056433504619502], [85.2116970815006, 28.05626010142835], [85.2116550150869, 28.056089506298495], [85.2115945599251, 28.055923316487917], [85.21151628212868, 28.055763088001104], [85.21142372842783, 28.055614828320515], [85.21140359104726, 28.054957024537384], [85.21138968839189, 28.05478980358131], [85.21135835165481, 28.054624448977496], [85.21130985141522, 28.05446238807458], [85.21124460640341, 28.054305019783566], [85.21120765310104, 28.054227247646104], [85.21121673909182, 28.054119268029137], [85.21121127696172, 28.05393697805374], [85.21118510685368, 28.053756107592953], [85.21113849605722, 28.053578503264635], [85.21107192054731, 28.053405978331874], [85.2109860601211, 28.05324029419097], [85.21088179145394, 28.053083142389287], [85.21076017914616, 28.052936127356507], [85.2107596596945, 28.052935616720653], [85.21075999667498, 28.052925735653886], [85.21074744370809, 28.052754423819025], [85.21071659942842, 28.052584945158994], [85.21066774301904, 28.052418833221466], [85.21060131664248, 28.052257591083055], [85.21051792143695, 28.05210267774917], [85.21041831207448, 28.051955494952768], [85.21030338993015, 28.051817374471636], [85.21017419492426, 28.051689566078704], [85.21003189611167, 28.051573226234602], [85.20987778110286, 28.051469407624534], [85.2096217829694, 28.05131340972971], [85.2094686032364, 28.051228685749276], [85.2093075609263, 28.051156341889566], [85.2091399240308, 28.051096947755273], [85.20897649327101, 28.051053491921525], [85.20892235569711, 28.050991047546272], [85.20808635280528, 28.050139056720386], [85.2079737190394, 28.05003320830947], [85.20785183646356, 28.04993575722401], [85.20709006728862, 28.049374376695045], [85.20704825034552, 28.049249832429958], [85.20697420840165, 28.04908827638973], [85.20688293559083, 28.04893381498737], [85.20677528430372, 28.048787890606967], [85.2066522598638, 28.04865186590704], [85.20651501113788, 28.048527011096926], [85.2063648198068, 28.048414492076564], [85.20620308839649, 28.048315359550312], [85.20603132718146, 28.048230539216668], [85.20585114008232, 28.04816082312502], [85.20580084004966, 28.048143877710082], [85.20571452524094, 28.04802980675639], [85.20559748768902, 28.04759123430627], [85.2055468965042, 28.047433859769775], [85.20548044497657, 28.04728119803322], [85.20497543083634, 28.04626120477684], [85.20488537531872, 28.046101321769886], [85.20477793610729, 28.04595012586312], [85.20465416704826, 28.045809100003773], [85.20451528213886, 28.04567962738457], [85.20436264361885, 28.045562977878507], [85.20434867648393, 28.045554280374997], [85.20427265918448, 28.04542255173804], [85.20417211117865, 28.0452677246485], [85.20405479906623, 28.04512247799766], [85.20392187291263, 28.044988235626644], [85.20377463583185, 28.044866313497597], [85.20361453121133, 28.04475790679459], [85.20347059837614, 28.044679115655125], [85.20341680103223, 28.04461694571021], [85.20323515373092, 28.04423633372532], [85.20314151906709, 28.044065722996226], [85.20302821071776, 28.04390477821928], [85.20289648145864, 28.04375527873551], [85.20278042761203, 28.043648818989166], [85.20277420001473, 28.043602714122944], [85.202730496583, 28.043428048446167], [85.2026675149281, 28.043258080405632], [85.20258587414163, 28.043094480498766], [85.20248487191597, 28.04291648181368], [85.20238777229756, 28.042764217239036], [85.20227451245435, 28.042621009322946], [85.2021461567174, 28.04248820374861], [85.20200391125617, 28.042367048446774], [85.20184911274366, 28.042258681870464], [85.20168321579584, 28.042164122298477], [85.20150777930357, 28.04208425826811], [85.20132445178507, 28.042019840226974], [85.20113495589693, 28.041971473482285], [85.20094107224885, 28.041939612513783], [85.20074462267425, 28.041924556703894], [85.20054745311374, 28.041926447524894], [85.20037830655173, 28.041942685739546], [85.1992984850946, 28.041207358013605], [85.19915548278138, 28.041118364289808], [85.19900440255168, 28.041040583838843], [85.19884635846208, 28.0409745902013], [85.19860445615542, 28.040884623293394], [85.19828555968442, 28.040646997258577], [85.197448616488, 28.039807708443586], [85.1971111255513, 28.039302052858652], [85.19703970308711, 28.039034094478477], [85.19713676806323, 28.038645804615633], [85.1971733881789, 28.038447797388265], [85.19718500793394, 28.03824740702317], [85.1971714838263, 28.03804711069917], [85.1971016107128, 28.037512534547538], [85.19720848491707, 28.037125777499067], [85.1972464311187, 28.036952006247045], [85.1972650096008, 28.036775772552296], [85.19726404174725, 28.036598771648432], [85.19718627182459, 28.035320016601926], [85.19729482607747, 28.034980291857973], [85.1973383969892, 28.034814496993167], [85.19736416731661, 28.034645796928718], [85.19737190782581, 28.034475692842772], [85.19736208159529, 28.03431442735982], [85.19738825227141, 28.034255888071932], [85.19744861866431, 28.034057513485394], [85.1974831800766, 28.03385433603501], [85.19759116099341, 28.03282533449716], [85.19759989794873, 28.032649447442115], [85.19758927885532, 28.03247364191723], [85.19755940486563, 28.032299591011384], [85.19751056037202, 28.03212895110747], [85.19744321029681, 28.031963346119422], [85.19735799566459, 28.031804352038645], [85.19728589379538, 28.031697984519738], [85.19699421971032, 28.03058296591415], [85.19694815453207, 28.030435542905067], [85.19688818402167, 28.030292111348306], [85.19558314476656, 28.02753512889394], [85.19550102541795, 28.027382176859586], [85.19540310457104, 28.027236731953252], [85.19529024523843, 28.02710007594361], [85.19441924041021, 28.026143085801674], [85.19429361617291, 28.026017492915578], [85.19415538066826, 28.02590280505985], [85.19213938777196, 28.024379824050403], [85.19200129142324, 28.02428428192793], [85.19185444559868, 28.02419963512692], [85.19169993888117, 28.024126511132096], [85.18866114973183, 28.0228341742947], [85.18840274810054, 28.022506587486223], [85.18847990183248, 28.02240942425811], [85.18909408618826, 28.02186587644588], [85.1892269539266, 28.021736277060736], [85.18934503356398, 28.021595854955716], [85.19002702588149, 28.020696846740822], [85.19012292520517, 28.020557155938857], [85.19020417783386, 28.02041033345929], [85.190270116341, 28.020257585442945], [85.1903201991122, 28.020100166703592], [85.19035401479265, 28.019939370419216], [85.19037128566424, 28.019776517508213], [85.1904582559175, 28.018186516283166], [85.19045946079405, 28.018037371850852], [85.1904467842827, 28.017888648428475], [85.19028676204277, 28.016678650767172], [85.1902509105733, 28.016492407756186], [85.19019331483126, 28.016310511701253], [85.19011460618968, 28.016134956234726], [85.19001564741325, 28.015967665484993], [85.18989752319838, 28.015810472988722], [85.1897615282816, 28.01566510159635], [85.18797316146106, 28.013945171436983], [85.18751189130401, 28.013403578120908], [85.18728959831945, 28.012843791827923], [85.18723002607499, 28.010204946430218], [85.1874912930129, 28.008343065366013], [85.18796889415164, 28.0070242489127], [85.18802341348227, 28.006841264462143], [85.18805603990066, 28.00665421858621], [85.18806641465785, 28.006465168630164], [85.18805442375726, 28.006276193971846], [85.18802019920346, 28.006089373150232], [85.18785085463021, 28.005396598464248], [85.18857541464331, 28.00300548252974], [85.1892994132875, 28.001042480978413], [85.18935070244163, 28.000877261502254], [85.18938410384398, 28.000708468945394], [85.18939931638694, 28.000537625366643], [85.18939620298065, 28.000366271312508], [85.18920915440499, 27.99776027408697], [85.18918654127422, 27.99758335888728], [85.18914439817087, 27.997409282427416], [85.18908313537199, 27.997239739016326], [85.18858911781939, 27.996073745759027], [85.18850176015172, 27.995896905061837], [85.18839361717329, 27.995729360822477], [85.18826592690509, 27.99557303094428], [85.18812015111007, 27.995429704950315], [85.18795795855802, 27.995301023500296], [85.18712138698736, 27.994705585148164], [85.18678296321016, 27.993966754688273], [85.18675653625718, 27.993754032749603], [85.18681111468221, 27.993174309271854], [85.18681789465106, 27.99299393806262], [85.18680434618152, 27.99281386761], [85.18664532407315, 27.99160986993284], [85.18660392909221, 27.99140223895981], [85.18653553469684, 27.99120031079936], [85.18572462904591, 27.98923146102755], [85.18436111293761, 27.9839246986469], [85.18430716094895, 27.983753908164715], [85.18423458334854, 27.983588644148014], [85.18414408130171, 27.983430503007767], [85.18403652910871, 27.983281012342946], [85.18380038156518, 27.98298583470046], [85.18364635327929, 27.982085502014794], [85.18368888247197, 27.981731295175774], [85.18402760087626, 27.98113918566592], [85.18411878330359, 27.98095502990456], [85.18418631292758, 27.980763009562597], [85.1844866262824, 27.979705021660934], [85.18485686240514, 27.97903169794673], [85.18492511033281, 27.978893134645947], [85.18498005091189, 27.978749985217526], [85.18552466540991, 27.977108666666293], [85.18672415506882, 27.977990814674488], [85.18687389502078, 27.97809097070192], [85.18703339192872, 27.97817845384002], [85.18720128917646, 27.978252519981186], [85.18790429781514, 27.978527524089333], [85.1880772933385, 27.978586984749086], [85.18825567431152, 27.978632197644597], [85.1884379552714, 27.97866278626561], [85.18862261827343, 27.978678495885234], [85.18880812553358, 27.978679195681515], [85.18899293223612, 27.978664879826983], [85.18997194808757, 27.978548877924652], [85.1901752175145, 27.978515376430114], [85.19037360278939, 27.978463719651582], [85.19056505202089, 27.978394441875086], [85.19074758506716, 27.978308259639384], [85.19091931401873, 27.97820606432381], [85.19107846272665, 27.97808891292761], [85.19178946405928, 27.97750890593546], [85.1919339871121, 27.977378407129923], [85.19206288002823, 27.977235585373606], [85.19217481745942, 27.977081909309288], [85.19226864842632, 27.976918959188684], [85.19234340815203, 27.976748410621514], [85.19239832798, 27.976572017344015], [85.19258731486163, 27.97581801468038], [85.19261729328149, 27.97566929308096], [85.19263315498576, 27.975518866524755], [85.19263478887032, 27.9753677892397], [85.19260577394142, 27.97456978968038], [85.19259161197904, 27.97440758324836], [85.19256105385652, 27.974247168160133], [85.19251434797647, 27.974089848029095], [85.19245187396169, 27.9739369013119], [85.1923741395683, 27.97378957091965], [85.19199713191172, 27.97315157578061], [85.1918996201628, 27.973004013771703], [85.19178680858428, 27.97286531213625], [85.19165971096119, 27.972736717252285], [85.19112271052306, 27.972242722867403], [85.19099175796798, 27.97213249649999], [85.19085031124699, 27.972033014770172], [85.19069948497669, 27.971945061586908], [85.19054046767475, 27.971869330013316], [85.19037451239508, 27.97180641680602], [85.18967852171801, 27.971574420348755], [85.18949493090953, 27.971521901247385], [85.1893065599819, 27.97148506725882], [85.18842819979024, 27.97135174390208], [85.18845951509982, 27.971187325579603], [85.18847334118381, 27.971010811971624], [85.18846763207128, 27.970833944660136], [85.18844244273409, 27.970658423718568], [85.18839801538817, 27.970485936270805], [85.18833477716166, 27.970318140274685], [85.1882533359861, 27.970156648586144], [85.18802333101355, 27.96975465157198], [85.18790909220922, 27.96957994976821], [85.18777357877246, 27.96941767726801], [85.18708757555365, 27.968685684934126], [85.18688764642899, 27.968500803917678], [85.18563964930031, 27.967499816069704], [85.1854651229589, 27.967374644830926], [85.18527612324179, 27.967267312490637], [85.18507495252555, 27.967179126539875], [85.18486406143079, 27.967111161231184], [85.18257218891628, 27.9664973023028], [85.18143674757941, 27.96594662297834], [85.18018744134612, 27.96508129606508], [85.178774772821, 27.963524665620618], [85.17865647404808, 27.96340545525759], [85.17852682547645, 27.963295944754908], [85.1779978270957, 27.962886949800254], [85.17783551360428, 27.96277379027132], [85.17766111410849, 27.962675827023958], [85.17747642630638, 27.96259406984049], [85.17728335393164, 27.962529361452866], [85.17620643885748, 27.962222909315756], [85.174922153383, 27.961625826187362], [85.17421062403456, 27.96093935368456], [85.17248644486621, 27.958696116757068], [85.17242663522866, 27.958417314882343], [85.17238005816985, 27.958246120738664], [85.17231491074021, 27.95807977281564], [85.17223181341983, 27.957919855238472], [85.17213155761496, 27.957767890889706], [85.17201509811913, 27.957625326907795], [85.17188354401877, 27.957493520907217], [85.17173814813009, 27.957373728051234], [85.17158029506801, 27.957267089100352], [85.17141148806057, 27.957174619550308], [85.17123333463441, 27.95709719996285], [85.17121823550639, 27.957092191478857], [85.17115807946305, 27.95695775769191], [85.17106478553399, 27.956797867463496], [85.17095401171163, 27.956647028451098], [85.17071700963902, 27.956357031240103], [85.17058327117515, 27.956210207959607], [85.17043298764803, 27.95607659675281], [85.17026780438326, 27.955957660363875], [85.17008952980686, 27.955854700876085], [85.17002434322488, 27.955825153915466], [85.16999806089663, 27.95578650406941], [85.16988063868418, 27.955646464534695], [85.16974852715022, 27.955517155055524], [85.16960296269642, 27.955399785761458], [85.16944530760871, 27.95529545503739], [85.16927703730833, 27.9552051392456], [85.16767605392417, 27.954437150282324], [85.1674614143338, 27.95434812029229], [85.16723656634413, 27.954281872413805], [85.166707383406, 27.95415582909744], [85.16668694498803, 27.954109938467518], [85.16657666582482, 27.95392705810546], [85.1659637803222, 27.953037627853504], [85.16608943104427, 27.95258463802301], [85.16612340539196, 27.952435247256805], [85.16614306405756, 27.952283843773717], [85.16614826690694, 27.952131507295533], [85.16613165927475, 27.950894122970354], [85.16639215069243, 27.948699160254556], [85.16640333809639, 27.948513996433203], [85.16639307078852, 27.948328790575363], [85.16636145726618, 27.948145497832225], [85.16630883136706, 27.94796605314926], [85.16623574874053, 27.947792350840267], [85.1661429809778, 27.947626224590735], [85.16599873492179, 27.94739815884385], [85.16585555863713, 27.94693919822919], [85.1657971081829, 27.946780697113986], [85.16572243052823, 27.946627664451018], [85.16563216349681, 27.94648140715915], [85.16552707803864, 27.946343174289616], [85.16487908949053, 27.945570350514547], [85.16471583077238, 27.94530088309549], [85.16463523650785, 27.944715858438578], [85.16460193174106, 27.944543709213413], [85.16455004331351, 27.944375225398378], [85.16448005735259, 27.944211985192627], [85.16415173372705, 27.943545154926166], [85.16374021793958, 27.942228378702335], [85.16368437241822, 27.942076215402878], [85.16361356734731, 27.941929043971516], [85.16291418802268, 27.94063710301401], [85.16246401082299, 27.939084086064064], [85.16240493864113, 27.938915091886386], [85.16232751587931, 27.938752047447405], [85.16223248687959, 27.93859652008623], [85.1621207652207, 27.938450004874166], [85.16199342493374, 27.938313910243775], [85.16185169017591, 27.938189544450854], [85.16146751622725, 27.93788401000706], [85.16138529813513, 27.937764781258842], [85.1612588349239, 27.937617681882955], [85.16111607401754, 27.937482858098413], [85.16095851671061, 27.93736172767816], [85.15982676151737, 27.93657805372526], [85.15981664771674, 27.936424574289568], [85.1597981069635, 27.936265099038494], [85.15976370367437, 27.936107714345784], [85.15939868060548, 27.934760719523663], [85.15930757103175, 27.93450792287443], [85.15901056154114, 27.933853926884687], [85.1589095920107, 27.933664210143956], [85.1587845102436, 27.933486184763474], [85.1573983763279, 27.931747269296586], [85.15724841084365, 27.931465263074823], [85.15715325186416, 27.931307166478785], [85.15704090288963, 27.93115823451574], [85.15691371280174, 27.931021272244287], [85.15691450233963, 27.931016831916107], [85.15692597312534, 27.93083619524708], [85.15691702310318, 27.93065544621388], [85.15688774231968, 27.930476401293383], [85.1568384251365, 27.930300859827817], [85.15676956726807, 27.930130585942383], [85.15668186079641, 27.929967290817103], [85.1565761872126, 27.929812615491038], [85.15645360855547, 27.929668114371616], [85.15631535673664, 27.929535239614875], [85.15616282115887, 27.929415326533366], [85.15579382289556, 27.92915332987805], [85.15564205278068, 27.929055414735014], [85.15548076330923, 27.928970347401506], [85.15531132898496, 27.928898852808295], [85.15513519371154, 27.92884154022003], [85.15429120576923, 27.9286055438892], [85.1541293820923, 27.928566731615835], [85.15396450739993, 27.928539897479162], [85.15379770358314, 27.928525224072132], [85.1533596955372, 27.928502843372986], [85.15343077976024, 27.92837883364419], [85.15350245391261, 27.928239457861384], [85.15356055868496, 27.92809518446182], [85.15371873135894, 27.927642729175375], [85.15382416853845, 27.92752004207782], [85.15393871293095, 27.927372027827378], [85.15403612584387, 27.927214634260263], [85.15411544255547, 27.92704942023501], [85.15417587758387, 27.926878022058474], [85.15421683246375, 27.926702137278596], [85.15423790167026, 27.926523507870964], [85.15423887663172, 27.92634390298565], [85.1542228707404, 27.926027903223556], [85.15420305372814, 27.92584493526197], [85.15416238612566, 27.925664706643573], [85.15410128988543, 27.925489086902605], [85.15389163139952, 27.92497993942046], [85.15387073022934, 27.923419544379342], [85.15384884425576, 27.923175975411134], [85.15366782467193, 27.92209297803027], [85.15362901414659, 27.921919679856007], [85.15357131114763, 27.92175058321185], [85.15349526885248, 27.92158730891169], [85.1534016162139, 27.92143142195445], [85.15329125097027, 27.921284416524255], [85.15316523103849, 27.921147701669593], [85.15302476437213, 27.92102258779864], [85.1522247660976, 27.920376595611998], [85.15205712323849, 27.920255056779983], [85.1518758794154, 27.920150043714894], [85.15168309040583, 27.920062747518514], [85.15148094292049, 27.919994158338024], [85.15115611949913, 27.919901223436057], [85.15030468398837, 27.919244927398776], [85.150143560387, 27.91913285120949], [85.14997056177815, 27.919035740446237], [85.14978744321122, 27.918954580269904], [85.14959606238624, 27.918890194025284], [85.1493983608097, 27.918843234889536], [85.14919634410086, 27.918814179246933], [85.14899206164817, 27.91880332185666], [85.14895434527753, 27.918804696247033], [85.14895343471537, 27.918803865532308], [85.14849343537641, 27.918419870106415], [85.1483179678337, 27.918289127913663], [85.14812705043565, 27.91817675724932], [85.14792310898241, 27.918084185872367], [85.14474607481759, 27.9168373132025], [85.14442666407415, 27.916579743996188], [85.14429146103865, 27.91647984818375], [85.14414703969456, 27.91639071198821], [85.14121921419732, 27.914745781876697], [85.14035180458129, 27.91403955524957], [85.1401630803467, 27.913903424453135], [85.13995740307583, 27.913788291945153], [85.1396683640884, 27.913647212372695], [85.13964225015127, 27.913520671121667], [85.14015716803426, 27.912472387131746], [85.14256823781115, 27.910392831499443], [85.14271275610491, 27.910254417670146], [85.14284020699873, 27.91010335027444], [85.14294919595687, 27.909941282340707], [85.14303853047647, 27.909769987261235], [85.14310723313345, 27.909591339385866], [85.14421817570879, 27.906118323919305], [85.1442671185376, 27.905925849022456], [85.14429211533957, 27.905729777851672], [85.14429286742428, 27.905532454308364], [85.14426936593263, 27.90533623725268], [85.1436833082651, 27.90212424570278], [85.14363769649427, 27.901937488745638], [85.14357011241023, 27.901756063465335], [85.14348131387823, 27.901582004015662], [85.14337229660804, 27.901417261954798], [85.14324428298617, 27.90126368436568], [85.14309870836775, 27.901122993148174], [85.14119871188201, 27.899471437964852], [85.1405850878403, 27.89855943913289], [85.14051633689328, 27.898182499695082], [85.14043260897508, 27.896678843825036], [85.14106136818292, 27.895472241512056], [85.14112563218083, 27.89533420048211], [85.141176826566, 27.895191910456543], [85.1413638164851, 27.894586907847316], [85.14140399408069, 27.894429733292583], [85.14142822827023, 27.89427000078744], [85.14143632583968, 27.894108984309774], [85.14143631270949, 27.893405984321163], [85.14142676728729, 27.893231257375803], [85.14139822728566, 27.893058172283578], [85.1413509609281, 27.89288835518171], [85.14110394899656, 27.89215535862727], [85.14103887333331, 27.89199143228357], [85.14095635027788, 27.891833828504996], [85.14062830265556, 27.891278878191702], [85.14050479541332, 27.889396956669348], [85.14048832272148, 27.889249897680184], [85.14045836347766, 27.889104529219317], [85.14033435504557, 27.88861653098249], [85.14027662326603, 27.888434386568747], [85.14019774446653, 27.88825861424511], [85.14009858588541, 27.888091146330094], [85.13998023768839, 27.8879338238408], [85.13984400098091, 27.887788376255518], [85.1396913735025, 27.88765640250275], [85.13553240195297, 27.884419420134574], [85.13395995665117, 27.882692746533074], [85.13379402855848, 27.88253155681045], [85.13191044488043, 27.88091064085088], [85.13040450623303, 27.877829736665092], [85.13026192688781, 27.87582895825925], [85.13024003066313, 27.875655399685602], [85.13019935897401, 27.875484534398502], [85.13014029276373, 27.875317962407404], [85.13006338521787, 27.87515724351155], [85.12996935658127, 27.8750038826945], [85.12985908741123, 27.87485931603209], [85.12874707886989, 27.873543328945647], [85.12861249338958, 27.873400116007858], [85.12846198843042, 27.87327001619784], [85.1282971726176, 27.873154420000812], [85.12811980751091, 27.873054562885777], [85.12652473845145, 27.87225607037451], [85.1239839973033, 27.87076347805307], [85.1237370957158, 27.87063951914993], [85.12089630111352, 27.86943744153691], [85.12012327979902, 27.8688152960842], [85.11996651019327, 27.868701239928335], [85.11979773293749, 27.868601632678644], [85.11961862779556, 27.86851746566379], [85.1178745616674, 27.867794363529306], [85.11742963951951, 27.86746344445526], [85.11457239472651, 27.862520038137472], [85.11446002969517, 27.861910311566138], [85.11442618426393, 27.861764599104443], [85.11437894905671, 27.861621859425167], [85.11431864514492, 27.861483062614717], [85.11371465161481, 27.860247077481947], [85.11408762736042, 27.860033836894214], [85.11424660732871, 27.859933018325208], [85.11439395435887, 27.859819092650085], [85.11452830552338, 27.85969311368547], [85.11464841811966, 27.859556246737597], [85.11475318116455, 27.85940975782207], [85.11484162566981, 27.859255001952235], [85.11491293360346, 27.859093410604434], [85.11525791938064, 27.858185405869914], [85.11531263930398, 27.858013845118876], [85.11534804269408, 27.857838322454413], [85.11536378401897, 27.857660551418103], [85.11535970970087, 27.857482267492998], [85.11533585961192, 27.857305211160813], [85.11529246668104, 27.85713111091066], [85.11522995461632, 27.85696166636526], [85.11514893376524, 27.856798531689144], [85.11505019515306, 27.856643299440996], [85.11493470275805, 27.856497485027642], [85.11480358409875, 27.856362511911414], [85.1146581192253, 27.85623969771528], [85.11449972822265, 27.856130241361278], [85.1139637319285, 27.85579624582437], [85.11380681957961, 27.855707701626265], [85.11364145551427, 27.855632280013026], [85.11346902513867, 27.855570612853686], [85.11329097305128, 27.855523216783958], [85.11310879094145, 27.855490488878516], [85.11286179489105, 27.855456489424654], [85.11266016511986, 27.85543783517873], [85.11245744741666, 27.855437141773532], [85.11225566205158, 27.855454416119574], [85.11205682000454, 27.85548948606186], [85.11186290292686, 27.85554200209531], [85.11167584339498, 27.855611440847444], [85.11034371596818, 27.856176908798723], [85.11025437754998, 27.85616551730497], [85.11003696328986, 27.856148327873854], [85.10981872914012, 27.856151978239332], [85.10960219651527, 27.856176426226167], [85.1076484826691, 27.85649261921399], [85.10716254860748, 27.856504277601584], [85.10617993362862, 27.856288101386152], [85.10598229873052, 27.856253763067425], [85.1027733502844, 27.85584176969732], [85.1025951198316, 27.85582597847136], [85.10241601707922, 27.85582420755222], [85.10223743545804, 27.855836470717847], [85.09966047722332, 27.856115466174042], [85.0995104525444, 27.85613679614492], [85.09936264208368, 27.856168035790596], [85.09406291612252, 27.85747599045624], [85.09277492071975, 27.856763550513257], [85.09158285678951, 27.85509965783317], [85.09148630308388, 27.854976506221437], [85.09137856946168, 27.854860911569112], [85.09126040114604, 27.85475367343982], [85.08961140349994, 27.85337668982434], [85.08946279166331, 27.853264045574573], [85.08930269124457, 27.853164612609945], [85.08819270065398, 27.85254362118684], [85.08801462315917, 27.852454777836314], [85.08782740643996, 27.852382281434238], [85.08763294401645, 27.852326865207385], [85.08743320268128, 27.85228908963312], [85.08723020261013, 27.85226933677152], [85.08606322185184, 27.85220833775816], [85.0858777620849, 27.852206184805336], [85.08569285494708, 27.852219081754118], [85.0855100431371, 27.852246921003957], [85.0853308518747, 27.852289470289037], [85.08515677617736, 27.852346374615745], [85.08498926838891, 27.85241715922408], [85.08482972606376, 27.85250123354808], [85.08308229353194, 27.85352070192283], [85.08143663845294, 27.853067737971344], [85.08064012487478, 27.8525791016518], [85.07913468599067, 27.851098106856092], [85.07900873339075, 27.850984691752764], [85.07887201594508, 27.850881594084665], [85.07872559959449, 27.850789617648896], [85.07857062588798, 27.85070947953447], [85.07741363821162, 27.850170487324753], [85.07723983507344, 27.85009859947303], [85.07705917941799, 27.85004160013777], [85.0768732814115, 27.849999997345908], [85.07668379793785, 27.84997416189665], [85.07649241783295, 27.849964324057176], [85.07563943196656, 27.84995632418351], [85.07539270922568, 27.849967366883853], [85.07514932100513, 27.85000495795741], [85.07348934626161, 27.850354952390227], [85.07320997396187, 27.85043315154925], [85.07099470111743, 27.851213354064324], [85.06858103711843, 27.851897548299075], [85.06837425952604, 27.851967401709608], [85.06249533102492, 27.854286367086765], [85.06235801400165, 27.854346125249887], [85.06222614496328, 27.85441489695183], [85.06020692396513, 27.85556086962358], [85.06010581713984, 27.855578136685153], [85.05990144250849, 27.855515979346798], [85.05953411375008, 27.855272641588193], [85.05874307706094, 27.854302762967485], [85.05859436396737, 27.85414102085807], [85.05668636001829, 27.852295041248894], [85.0565413585154, 27.85216814581347], [85.05638279581547, 27.852054786823956], [85.05621226434765, 27.851956102705515], [85.05603147672466, 27.851873084505787], [85.05584224854454, 27.851806565943416], [85.05266929264435, 27.85085158070667], [85.05251087808874, 27.850810199053054], [85.05234920460235, 27.850780394147513], [85.05090471552353, 27.85056812583868], [85.04761531090352, 27.849472919040384], [85.04740138476801, 27.849413432091914], [85.04718138537392, 27.84937526586831], [85.04695799361174, 27.849358885458845], [85.0440110423946, 27.849287886615755], [85.04382004055637, 27.849291273734103], [85.04363024218554, 27.8493106008057], [85.04344332731526, 27.84934569675363], [85.04326095045859, 27.849396250919774], [85.04308472596527, 27.849461815814305], [85.04291621373387, 27.84954181107616], [85.04275690540543, 27.84963552860954], [85.04177291151827, 27.850275520177224], [85.04162060482255, 27.850384984170343], [85.04148087250192, 27.85050698215939], [85.04135501477519, 27.85064037898281], [85.04124420277431, 27.850783933411396], [85.04114946764625, 27.85093630969655], [85.04107169095698, 27.851096089998194], [85.04102615135493, 27.85120359699641], [85.0407750743675, 27.85110291192569], [85.04060200078258, 27.851041833091216], [85.04042335969297, 27.850995103784463], [85.04024065349653, 27.850963117004422], [85.04005541877413, 27.85094614176343], [85.03986921336882, 27.850944320825043], [85.03968360328581, 27.850957669503508], [85.03891461572327, 27.851044668094673], [85.03867203277592, 27.851085561961685], [85.0384368272417, 27.851152322752895], [85.03746482159058, 27.851487352672095], [85.03459242665308, 27.851345276900066], [85.03441806661294, 27.85009585727788], [85.03438349226896, 27.8499199061182], [85.03432951998491, 27.849747854253675], [85.03425667848171, 27.84958138684337], [85.03416568128539, 27.84942213434207], [85.03405741973557, 27.849271656531705], [85.03393295425295, 27.84913142724522], [85.03254094949602, 27.84771344246479], [85.03242500506704, 27.847604782498415], [85.03229932475588, 27.847505040783943], [85.03216477393649, 27.847414904074764], [85.03080278364911, 27.846578915305958], [85.03063944221111, 27.846488503823178], [85.03046720580267, 27.846412242007933], [85.02926789031747, 27.845942869201362], [85.02402144091741, 27.842952599935153], [85.02394970089756, 27.84290267249894], [85.02482706857762, 27.84214781174477], [85.02495953658692, 27.84202243183021], [85.0250779751504, 27.84188641178642], [85.02518130851479, 27.84174098711761], [85.02526859814259, 27.84158747874748], [85.02533905123546, 27.841427281020152], [85.0253920279333, 27.84126184903417], [85.02542704712377, 27.841092685425004], [85.02576100729051, 27.83889568061703], [85.02577675485037, 27.838744199674785], [85.02590671198449, 27.836435197785182], [85.02590848174692, 27.83629542811135], [85.0258504468116, 27.834418428947835], [85.02583649893846, 27.83425111977334], [85.02580513503038, 27.83408568480292], [85.02552911538463, 27.83295368871371], [85.02548250941483, 27.8327969300805], [85.02542026562477, 27.83264452248035], [85.02534288645327, 27.832497696007017], [85.02422847277884, 27.830608888226], [85.02406526661906, 27.829454879079552], [85.02403651511945, 27.82930375264039], [85.02399344342786, 27.829155339940037], [85.02379043381659, 27.828561342756473], [85.02372050301103, 27.828388785814884], [85.02363123328114, 27.828223429813388], [85.02276521697789, 27.826808440846623], [85.02267547437009, 27.826675709521492], [85.02156758395476, 27.825185823966383], [85.02126218683773, 27.82373911563719], [85.02122727134244, 27.823602991732894], [85.02076985628447, 27.822091899925923], [85.02070721138735, 27.82135415206329], [85.02067934480883, 27.82116287667437], [85.0206286787406, 27.820975337417217], [85.0204566703771, 27.820461339807224], [85.02038246042505, 27.82027687079598], [85.02028619842744, 27.82010064010832], [85.01988667695382, 27.819460203846152], [85.01972136845669, 27.818896032234356], [85.01966292710269, 27.81872988351531], [85.01958675344294, 27.818569513704762], [85.01949355625449, 27.818416414843547], [85.01938420268651, 27.81827201131935], [85.0192597101906, 27.818137646615554], [85.01859270860953, 27.817484653777896], [85.01846941110885, 27.81737394722315], [85.01833583445985, 27.817273107584896], [85.01819297407982, 27.81718288630315], [85.017864907287, 27.81699409488724], [85.01770711638574, 27.816805201507858], [85.01688391651561, 27.814743282379936], [85.01678859193542, 27.814543512219142], [85.01666699016319, 27.81435535853612], [85.01569498057445, 27.813041146876117], [85.01548117843181, 27.812210860425523], [85.01585791952085, 27.8122298836774], [85.0160670484712, 27.81223084839205], [85.01627517901578, 27.812212674945062], [85.01648010167052, 27.8121755562631], [85.01667964101088, 27.812119886392367], [85.01687167876882, 27.812046256314897], [85.01705417632303, 27.811955447673938], [85.01722519634248, 27.81184842447501], [85.01738292335455, 27.81172632285102], [85.01768692360105, 27.811465319788148], [85.01782928374166, 27.81132985663181], [85.01795526262427, 27.81118212219408], [85.0180635308648, 27.81102367551338], [85.01815294599447, 27.8108561886673], [85.01822256451382, 27.810681429125932], [85.01827165184613, 27.810501241098788], [85.01829969008574, 27.8103175260722], [85.01830638345918, 27.810132222742652], [85.018291661442, 27.809947286557847], [85.01824765563663, 27.80962828719014], [85.0182165360066, 27.809465065074033], [85.01816872673997, 27.809305065142702], [85.01810463017938, 27.809149633646157], [85.01802478570337, 27.80900007838972], [85.01792986518608, 27.808857657730623], [85.01772686274914, 27.80858266019169], [85.01760409598818, 27.808433588771006], [85.0174648320548, 27.80829645918818], [85.01731053054878, 27.808172708615526], [85.0171505421639, 27.808068663348553], [85.01714494454356, 27.807996252338366], [85.01711831629454, 27.80780375488308], [85.01706861103573, 27.80761490968049], [85.0169964028912, 27.80743189755253], [85.01690252584135, 27.807256831949026], [85.01634151530537, 27.806340839092762], [85.01623346569582, 27.806184012209656], [85.01610802784369, 27.80603777753955], [85.01596650440439, 27.805903653632427], [85.01581036505512, 27.80578303327079], [85.01564123123246, 27.805677169008018], [85.01445824120992, 27.805014178159254], [85.01428542877596, 27.80492751831715], [85.0141039271461, 27.804856275073664], [85.01228449750364, 27.80423468604626], [85.01029280363505, 27.803314493458736], [85.01008762708796, 27.803232202810005], [85.00987346551696, 27.803170619635324], [85.00753005837689, 27.802622305858215], [85.00690169867518, 27.80239781827037], [85.00466204470025, 27.800116193550675], [85.004534903354, 27.799997942013455], [85.00439624254263, 27.799890414474515], [85.00424720167514, 27.799794494488708], [85.00408900544355, 27.799710970229384], [85.00392295375988, 27.799640528012677], [85.00176198080446, 27.798828540220736], [85.00158487411797, 27.79877046461223], [85.00140246602965, 27.798727272230288], [85.00121633438602, 27.798699336691904], [85.00102808923792, 27.798686899641098], [85.0008393589154, 27.798690068659013], [85.00065177594468, 27.79870881633345], [85.00046696292875, 27.798742980495945], [84.99843599333452, 27.799206973177366], [84.99820250118549, 27.799273928133683], [84.99797979937365, 27.79936544631197], [84.99665181313952, 27.800000437195624], [84.99642454938854, 27.80012698816958], [84.9954895181402, 27.800727595468995], [84.99473351311225, 27.801022720947568], [84.99461257142823, 27.80100600070765], [84.9928232442288, 27.80048714135505], [84.99261634423178, 27.800437719475443], [84.99240473866428, 27.800407966205498], [84.99219078514284, 27.800398213042893], [84.99197686744004, 27.80040856865294], [84.99176536892942, 27.800438917658035], [84.99049538851497, 27.800682913776644], [84.99030316624817, 27.800728719477128], [84.99011691249822, 27.8007910447643], [84.98993841786817, 27.800869290459868], [84.98976939837718, 27.80096270432968], [84.98961147896453, 27.801070388314557], [84.98946617786889, 27.801191307162938], [84.98773400984683, 27.80278142347764], [84.98762030892802, 27.802762681339967], [84.98550582640107, 27.802053679386372], [84.98487502057309, 27.801485757954573], [84.9847118269662, 27.80135398013277], [84.98453352461364, 27.801238717557755], [84.98289453783435, 27.800295730477515], [84.98272239827956, 27.800207017061975], [84.98254131815287, 27.80013371744721], [84.98235303754072, 27.800076535998468], [84.98215936571222, 27.800036022194107], [84.98196216373528, 27.800012565346233], [84.98176332659533, 27.80000639086011], [84.98093784834624, 27.80001675928801], [84.97842828196907, 27.799017744853607], [84.97822058162043, 27.798946936622176], [84.9780054149808, 27.798896766026647], [84.97778536658764, 27.79886783570423], [84.97621239228039, 27.798738837813605], [84.97602488536256, 27.79873121074886], [84.97583738797849, 27.79873902068891], [84.9756515038073, 27.79876220083467], [84.97546882273224, 27.798800552924373], [84.97262486430951, 27.79952254162548], [84.97240434759354, 27.799590947613325], [84.97134436101537, 27.79998194173095], [84.97115662044065, 27.800061447268053], [84.97097901335644, 27.800157617702364], [84.9708134041177, 27.800269443540717], [84.97066153115424, 27.80039575095316], [84.97052498872311, 27.80053521409317], [84.9698299842949, 27.801323206158926], [84.96971119238114, 27.801472967935076], [84.9696100924823, 27.801632670308724], [84.9695277271404, 27.801800666554485], [84.96946494573382, 27.801975224419433], [84.96922593230579, 27.802778221060063], [84.96918313045161, 27.802958953342245], [84.96916132510066, 27.803142629118927], [84.96916074472182, 27.803327324794157], [84.96917773893578, 27.803639325036812], [84.96919519618896, 27.803803705882256], [84.96919890082182, 27.80382124354186], [84.96798151906071, 27.80488924012548], [84.9678570424165, 27.805008768468408], [84.96774519353507, 27.80513779041813], [84.96764688371579, 27.80527525480899], [84.967562913962, 27.8054200416892], [84.96749396845395, 27.80557097144458], [84.96744060897305, 27.80572681440851], [84.96680437431044, 27.8079387587637], [84.96666128196053, 27.808256700240904], [84.96572719576872, 27.808256213385523], [84.96554132690792, 27.808263698469375], [84.9653570097587, 27.808286285836463], [84.96517579304356, 27.80832378569673], [84.96499919943739, 27.808375882957826], [84.96482871277499, 27.808442139872366], [84.9646657655847, 27.80852199971554], [84.96451172705265, 27.808614791462404], [84.96357473256725, 27.809236783335486], [84.96340851640038, 27.80935991215797], [84.96325798258712, 27.80949807175555], [84.96283998114203, 27.809925067181315], [84.96271684384796, 27.810064063864058], [84.96260960546999, 27.81021311384297], [84.96251929679856, 27.810370784521233], [84.9624467859156, 27.810535560437728], [84.96239276984865, 27.810705857832012], [84.96235776786837, 27.810880039866007], [84.9622841093889, 27.811389831321556], [84.96121116809708, 27.812973891424832], [84.9611279046603, 27.81310965815838], [84.96105801804143, 27.813251264023087], [84.96100202136334, 27.813397669424578], [84.96070581211357, 27.81429677626541], [84.9603909684363, 27.814685201900115], [84.95895957341476, 27.815475647277204], [84.95869069059916, 27.815547569851013], [84.9577542794784, 27.815342440902775], [84.95535764921729, 27.813904110915676], [84.95517906030707, 27.813808416711975], [84.95499037270102, 27.813729517079263], [84.9533293938752, 27.813125526215817], [84.95315084118486, 27.8130690937172], [84.95296714795438, 27.813027711912227], [84.9527799150975, 27.81300174144855], [84.95259077437169, 27.812991408661784], [84.95240137415925, 27.81299680360331], [84.95221336510367, 27.813017879255526], [84.95112638230061, 27.8131858765686], [84.95094877120695, 27.813220679473893], [84.95077537660282, 27.813269478054288], [84.95060759049193, 27.813331880558593], [84.95044675985969, 27.81340738602368], [84.94957051019448, 27.813864518852334], [84.94939062696908, 27.813707256898322], [84.94787709886347, 27.811456770769468], [84.94777672580392, 27.81132167283544], [84.9476631394784, 27.811195117129422], [84.94753725411783, 27.811078122221033], [84.94704525461971, 27.810660127151618], [84.9469113372482, 27.810555944118818], [84.94676767282992, 27.810462589865136], [84.94661536543397, 27.810380781808295], [84.94645558554149, 27.81031114863318], [84.94560484645855, 27.809980681581692], [84.9451623263716, 27.808468531136352], [84.94511116044569, 27.808320177554666], [84.94504585209457, 27.808176280288762], [84.94496688414323, 27.808037903051247], [84.94487484038433, 27.807906068745837], [84.94351122966307, 27.80612831858131], [84.94256650404351, 27.80459698793848], [84.94247964819822, 27.8044690611561], [84.94238118870356, 27.804347962049444], [84.94136918235019, 27.803205973572755], [84.94124016477076, 27.80307406277824], [84.94109740029741, 27.802953870463845], [84.94094222845735, 27.802846524331486], [84.9407761051763, 27.802753031550907], [84.94060058911876, 27.80267426931108], [84.94041732706467, 27.802610976591055], [84.94022803846005, 27.80256374722743], [84.94003449928638, 27.80253302434358], [84.93905751504995, 27.802421026169316], [84.93888303845705, 27.80240779680944], [84.93870792888958, 27.80240798984741], [84.93853348975722, 27.802421603846273], [84.93836101948006, 27.802448537471538], [84.93710489839886, 27.80269478812992], [84.937066682501, 27.802693334602456], [84.9370044014637, 27.80267227194811], [84.93472957608596, 27.801214804397993], [84.93293323109883, 27.79977812370149], [84.93277563332114, 27.799664228884872], [84.93260602511096, 27.799564909328765], [84.93242610457193, 27.799481159395203], [84.93223767303878, 27.799413817565053], [84.93198429964586, 27.799336117088398], [84.93148846225027, 27.79884555277816], [84.93134185676182, 27.7987146506166], [84.93118097093877, 27.79859776192912], [84.9290359840402, 27.797195780365836], [84.9288862113592, 27.797106711869027], [84.9287281459746, 27.797029806732475], [84.92614817502148, 27.795903823246515], [84.92589372558338, 27.79581121700842], [84.9247697412705, 27.795479222162605], [84.92458447544594, 27.795433044917765], [84.92439512501407, 27.795402676834968], [84.92313214536378, 27.7952546792487], [84.92294013955991, 27.795240382732736], [84.92274747454817, 27.795242342790793], [84.92255588682197, 27.79526054175671], [84.92236710316658, 27.79529481560263], [84.92218282509778, 27.795344855417124], [84.919657859417, 27.796148843108412], [84.91947502117699, 27.796216172704234], [84.91930042581114, 27.796299017523726], [84.91913573332195, 27.79639658991135], [84.91898250957121, 27.79650796218553], [84.9168827659402, 27.798192493364308], [84.91630462082888, 27.798535185172128], [84.91592085357784, 27.7986327997969], [84.91575016560131, 27.79868359762965], [84.91558520984722, 27.798747643571215], [84.91542728369119, 27.79882443390474], [84.91527762922888, 27.7989133646785], [84.91319364208152, 27.800274346801665], [84.91304263180929, 27.800383237783993], [84.91290403086327, 27.800504477839137], [84.9127791110907, 27.800636954466288], [84.91266901881257, 27.80077945205354], [84.91257476430408, 27.800930663031348], [84.91171210116913, 27.802485924306197], [84.90930434766145, 27.801664085633842], [84.90912562968208, 27.80161140011896], [84.90894219043628, 27.80157366811329], [84.90875560852513, 27.801551214321908], [84.90856748959017, 27.801544231972105], [84.90688451743813, 27.801551231890226], [84.90668986723654, 27.801560363486622], [84.90649709976132, 27.80158605686851], [84.90630799291841, 27.801628075064265], [84.90612429085643, 27.801686030537276], [84.90594768788235, 27.801759388759653], [84.90577981283671, 27.801847473141596], [84.90562221407207, 27.801949471270778], [84.90547634517326, 27.802064442404422], [84.9053435515514, 27.802191326144875], [84.90507755042047, 27.802471323196382], [84.90495564813503, 27.802613341957052], [84.90485013366326, 27.802765382295018], [84.90476204104156, 27.80292595432353], [84.90469223359665, 27.803093484544792], [84.90458022854993, 27.803409482989494], [84.90453052330187, 27.80357754691815], [84.90449922582887, 27.80374908263228], [84.90448662638437, 27.803922499784072], [84.90449284187046, 27.804096190574953], [84.90451781475088, 27.804268544661813], [84.90463882495612, 27.804872558601467], [84.90463473581734, 27.804878127968525], [84.90434779420036, 27.805071082321813], [84.90283817108767, 27.80433668508909], [84.90266212647646, 27.804260607876657], [84.90247865957669, 27.804199962903883], [84.90228947657407, 27.804155314147025], [84.90209633680433, 27.804127076822667], [84.90019336766328, 27.803932080020004], [84.8999728947938, 27.803920243973423], [84.89975228106549, 27.803929780742813], [84.89953413900979, 27.803960577392516], [84.89932105189261, 27.804012269224742], [84.89302127825061, 27.80587324900451], [84.89205233996934, 27.805852725635262], [84.89185360851053, 27.805857174491283], [84.8916563196822, 27.805878888739795], [84.89146236597898, 27.805917660086568], [84.89060537861057, 27.806128656786022], [84.89043094074127, 27.806179256017316], [84.8902623544383, 27.80624365594072], [84.89010099738513, 27.80632133028551], [84.8899481881962, 27.80641164430229], [84.88980517564231, 27.806513859949515], [84.8893456870986, 27.80687384770941], [84.88871725077817, 27.80714653363233], [84.88822595837699, 27.8072144782084], [84.88765185262068, 27.80717159789876], [84.88642743035514, 27.806383222623897], [84.88625714400791, 27.806284737514602], [84.88607663975094, 27.806201880703945], [84.8858877255602, 27.80613548209719], [84.88569229363517, 27.806086206750628], [84.88517930146442, 27.80598120843035], [84.88498475836707, 27.805950170130707], [84.88478774267367, 27.805936104145108], [84.88459012255203, 27.8059391438518], [84.8843937719004, 27.80595926042714], [84.88420055258133, 27.805996263118917], [84.8820095851476, 27.80651625496827], [84.88181982715592, 27.806570289929752], [84.88163694166771, 27.806640608334313], [84.88146269107885, 27.806726532556173], [84.88129875458576, 27.806827234581835], [84.88114671200488, 27.80694174398829], [84.88100802854947, 27.807068957293414], [84.88097733674564, 27.807103288816982], [84.88071390143817, 27.80694162613619], [84.88055976807452, 27.80685583862111], [84.88039761880826, 27.80678266130911], [84.88022875502887, 27.806722681505647], [84.87930876764592, 27.806437685913497], [84.87903788557102, 27.80637205423892], [84.87797190217324, 27.806183057285846], [84.87769428840355, 27.806151333866403], [84.87560490779956, 27.806041936859014], [84.87516719244279, 27.805840021415708], [84.87521799339163, 27.805797971930605], [84.87534444395773, 27.805671685268468], [84.87545704783402, 27.80553542992629], [84.87555481664714, 27.805390401940965], [84.87563689225499, 27.80523787434999], [84.87570255427791, 27.80507918601611], [84.87575122642014, 27.804915729874228], [84.87578248152606, 27.80474894070388], [84.87579604532719, 27.804580282534637], [84.87579179884685, 27.804411235794912], [84.87577379457787, 27.804180236049202], [84.8757506943766, 27.804006496235512], [84.87570878501164, 27.80383556149576], [84.87564846037579, 27.80366903803546], [84.8755702873957, 27.803508490601914], [84.87547500070183, 27.803355427781707], [84.87536349572308, 27.803211287825995], [84.87447248922477, 27.802171298096273], [84.87434196841303, 27.80203375744799], [84.87419669252971, 27.80190845937585], [84.87403810609615, 27.801796649714813], [84.87232611731741, 27.80070866416874], [84.8721898562436, 27.80062921591218], [84.87204686753276, 27.800559743408115], [84.87095487972448, 27.800078750456066], [84.87080154555785, 27.800018094995234], [84.87064310043839, 27.799968911702102], [84.86940111827455, 27.799633916957234], [84.86918651852305, 27.799587207072886], [84.86896748090452, 27.79956151648597], [84.86874660091263, 27.799557149617694], [84.8677041320862, 27.799587030139733], [84.86571443105014, 27.799269580910654], [84.86552347264583, 27.799247367667697], [84.86533100636578, 27.799241349335563], [84.86513876512178, 27.799251580101483], [84.86494847979984, 27.79927796785039], [84.86476186367783, 27.799320274994034], [84.86458059700196, 27.79937812060997], [84.86314161527653, 27.79990711266468], [84.86295461736738, 27.79998600994498], [84.86277762803034, 27.80008143289347], [84.86261248794723, 27.800192389130093], [84.86246091458489, 27.80031772472843], [84.86232448433431, 27.80045613621498], [84.86220461611627, 27.800606184123644], [84.86092798022219, 27.802390406905378], [84.86052238679441, 27.802820775089998], [84.86039734878428, 27.802968150026995], [84.86028989557117, 27.803126112335853], [84.86020115152812, 27.803293009239287], [84.86013204528531, 27.80346709446872], [84.86006526839589, 27.80366741491368], [84.85951588802745, 27.804427256573195], [84.85889768534656, 27.80480902280805], [84.85792620004351, 27.805113955341152], [84.85605524082254, 27.805226315585855], [84.8558379860849, 27.80524987797108], [84.85562484758792, 27.8052941042352], [84.85263397837598, 27.80606802002993], [84.85122428935922, 27.806270413572154], [84.85121122447391, 27.806178806389113], [84.85117621239601, 27.80603218071195], [84.85073518657852, 27.804501186865522], [84.8506830412484, 27.8043485702548], [84.85061594594102, 27.80420064356495], [84.8505344247754, 27.804058562203032], [84.85043911453914, 27.803923435915813], [84.85033075971317, 27.80379632012247], [84.8496577564694, 27.80307532762804], [84.84953092227215, 27.802951605340983], [84.84939174161559, 27.802838865818295], [84.84814574651756, 27.80191987736382], [84.84802524856269, 27.801837572935533], [84.84789816423037, 27.80176351499105], [84.84512918910397, 27.800278535773938], [84.84496142713445, 27.80019786859787], [84.84478589117732, 27.80013156027536], [84.8446041311899, 27.80008019629477], [84.84323415151077, 27.799755201451255], [84.8430485651732, 27.79971935210649], [84.84286002323537, 27.79969908523867], [84.83998907034001, 27.799511088378434], [84.83980961687516, 27.79950641546561], [84.83963040113976, 27.799515862764217], [84.83945282538512, 27.79953935635489], [84.83927827903264, 27.799576712414638], [84.83910812780391, 27.799627638654965], [84.83827913870506, 27.799912634338533], [84.83808543678481, 27.799989807161854], [84.83790185749938, 27.800084547030636], [84.837730408637, 27.80019581779847], [84.83757296533491, 27.80032240252131], [84.83743124957195, 27.80046291676533], [84.83730681133551, 27.800615823746547], [84.83551901122541, 27.803073649021588], [84.83522575146642, 27.8033340904138], [84.83517586869998, 27.80328122037715], [84.83405332891502, 27.80186920430967], [84.83393361485719, 27.801732963252263], [84.83379978959127, 27.80160753374373], [84.83365308132109, 27.801494066891387], [84.83349483646917, 27.801393604013946], [84.83332650732004, 27.801307067086125], [84.83314963869283, 27.801235250278424], [84.83296585376516, 27.801178812669786], [84.83277683917814, 27.801138272199825], [84.8325843295597, 27.801114000916304], [84.83239009160759, 27.801106221561238], [84.83219590787853, 27.801115005527038], [84.83200356043149, 27.801140272201472], [84.83181481447613, 27.801181789707318], [84.83163140217529, 27.80123917703006], [84.83145500675069, 27.801311907514048], [84.8312872470375, 27.801399313695043], [84.8311296626294, 27.80150059342493], [84.82955067009993, 27.80262157914974], [84.82939658145196, 27.802742838306134], [84.82925709138595, 27.80287734741577], [84.8291336335926, 27.803023724036244], [84.82902747700332, 27.803180463748905], [84.82893971274692, 27.803345955619555], [84.82887124293299, 27.80351849875397], [84.82882277137722, 27.80369631977827], [84.8287947963643, 27.80387759106457], [84.82878760552276, 27.804060449514466], [84.8288012728644, 27.80424301570752], [84.82883565801957, 27.80442341321784], [84.82889040767552, 27.804599787900322], [84.82896495920365, 27.804770326948102], [84.8290585464387, 27.80493327752571], [84.82999653080371, 27.806380289284007], [84.83001981773884, 27.80641246617376], [84.8264740454216, 27.80776053243592], [84.82629589867054, 27.80783760894316], [84.82612705115785, 27.80792976122995], [84.82596911150748, 27.80803611136726], [84.82582358443747, 27.808155646161268], [84.82553978769269, 27.808412685592494], [84.82553705935577, 27.808387089897025], [84.82549977798426, 27.80821582369113], [84.82544407539109, 27.80804855785626], [84.82537047205672, 27.807886855060556], [84.82527965568927, 27.807732225993163], [84.82517247479726, 27.80758611525159], [84.82504993076037, 27.807449887846634], [84.82336592542782, 27.805752906151586], [84.8232227068961, 27.805622492921614], [84.82306542542193, 27.805505590187284], [84.82289568533147, 27.805403390366354], [84.82271521801461, 27.805316935902535], [84.82252586426544, 27.80524710863371], [84.8223295555076, 27.805194620798382], [84.82212829409583, 27.80516000777181], [84.81855135149783, 27.804710015149873], [84.81835166924888, 27.804693786524727], [84.81815116067787, 27.804695156799173], [84.8179517826322, 27.804714112599946], [84.81775548092762, 27.80475046892906], [84.81756417136079, 27.80480387096902], [84.81737972101497, 27.804873797545227], [84.81720393004044, 27.804959566211526], [84.81703851408783, 27.805060339909776], [84.81688508756557, 27.805175135137954], [84.81674514788483, 27.80530283154755], [84.81517014307093, 27.806889814409384], [84.81504204440111, 27.807032887191113], [84.81493088625591, 27.80718675232748], [84.81483781000114, 27.807349830041062], [84.81476377136397, 27.807520445959142], [84.81425886980742, 27.80888627471723], [84.81328605501145, 27.810388795433635], [84.81187738743333, 27.811689977592657], [84.8077497646982, 27.814368400332857], [84.8073623761825, 27.814244398213994], [84.80523054677789, 27.812825279404233], [84.80506884346643, 27.812728059000154], [84.80489738520572, 27.81264509855132], [84.80471775762105, 27.81257716525635], [84.80453162187538, 27.81252488734498], [84.80434069930914, 27.812488748269136], [84.8041467555234, 27.812469082232685], [84.80395158405463, 27.81246607110132], [84.80375698979071, 27.812479742720917], [84.80269281416736, 27.812600512564], [84.79956662287549, 27.812146557765228], [84.79648527570457, 27.81103304284219], [84.7963304865632, 27.810983502494402], [84.79617169393705, 27.81094527037466], [84.79169276239175, 27.810038284948742], [84.79150178952739, 27.810008061623115], [84.79130844420018, 27.80999418500546], [84.79111449208878, 27.80999678182043], [84.79092170441216, 27.810015828353055], [84.79073184175701, 27.810051150665302], [84.7905466380018, 27.810102426184255], [84.79036778448479, 27.81016918664758], [84.7901969145601, 27.81025082237923], [84.79003558868311, 27.81034658785637], [84.7883543823365, 27.811451347193156], [84.78734790839631, 27.811955588180876], [84.7863418430136, 27.81155253674176], [84.78614213750477, 27.81148355604214], [84.78593536745062, 27.811433675551886], [84.78572383635908, 27.811403450959418], [84.78304552840679, 27.811148750658116], [84.78093091149972, 27.810120615866552], [84.77919844444335, 27.808341606560507], [84.77902486187448, 27.808183957117297], [84.77738086548214, 27.806862973113457], [84.7772185641744, 27.80674548878274], [84.777043520726, 27.80664348933964], [84.77685759608441, 27.806558059156664], [84.77666276686189, 27.806490106453555], [84.77646110432345, 27.806440353642994], [84.77625475236957, 27.806409329651714], [84.77352179665894, 27.80612633433958], [84.77334233648948, 27.806114888279836], [84.77316244151291, 27.806117618540895], [84.77298352525841, 27.806134503669483], [84.77280699356598, 27.806165410989998], [84.77263423354152, 27.80621009764688], [84.76993227107461, 27.80702608513106], [84.76975033215423, 27.807089876082674], [84.76957614221905, 27.807168940706333], [84.7694113184536, 27.807262544971454], [84.76925739109868, 27.80736981986045], [84.7691157892455, 27.807489769435662], [84.76725478722626, 27.809225749891674], [84.76712661995718, 27.809357487033104], [84.76701333230113, 27.809499596854682], [84.76691597959581, 27.809650755598696], [84.76683546875596, 27.809809555210915], [84.76677254982346, 27.809974516455682], [84.76608451475131, 27.812112506777314], [84.76603518478122, 27.81230506974946], [84.76600981374872, 27.81250127234871], [84.76600870559183, 27.812698765123383], [84.76603187371174, 27.8128951831599], [84.76629301356705, 27.814340959538736], [84.76557417757884, 27.815129387534306], [84.76372643509538, 27.81565079488241], [84.76247742131672, 27.815303573861016], [84.76131734807022, 27.813781960631317], [84.7593850662864, 27.81096739092806], [84.75899740681136, 27.808761401498874], [84.7589591264163, 27.8085952069554], [84.7589034657792, 27.80843294246417], [84.75883091675632, 27.80827604168522], [84.75874212041052, 27.808125890882426], [84.75863786134516, 27.80798381667614], [84.75659984303459, 27.805472840601084], [84.75646146001785, 27.805320493640465], [84.75493045600598, 27.803810510123302], [84.75478166331693, 27.803678238432727], [84.75461827143997, 27.803560373995428], [84.75444203610469, 27.803458183293777], [84.75211310228686, 27.80225587788079], [84.75104764113073, 27.801598025225818], [84.75117343481071, 27.801351333298637], [84.75124572390227, 27.801189149709938], [84.75130006541981, 27.801021517248778], [84.75133595167162, 27.800850002297853], [84.75135304742024, 27.800676207511028], [84.75135119301179, 27.80050175683768], [84.75133040586451, 27.80032828034812], [84.75129088030258, 27.800157399002277], [84.75123298573706, 27.79999070950367], [84.75115726321096, 27.799829769380345], [84.75106442034102, 27.799676082432185], [84.75095532470326, 27.79953108468036], [84.75083099572441, 27.799396130950356], [84.75069259515529, 27.799272482213873], [84.75054141621442, 27.79916129380765], [84.75037887150438, 27.7990636046395], [84.75020647981286, 27.798980327482198], [84.75002585192247, 27.79891224044585], [84.74983867556129, 27.7988599797085], [84.74476275112593, 27.797678998536075], [84.74456073517351, 27.797641634033496], [84.74435549713127, 27.79762270298484], [84.74414915833763, 27.797622401061023], [84.74394385150656, 27.797640731382426], [84.74374169868729, 27.79767750448676], [84.74354478933381, 27.797732340286977], [84.74335515871151, 27.797804671999376], [84.74317476686296, 27.79789375200102], [84.74300547835124, 27.797998659556235], [84.74188858421502, 27.798768651022023], [84.7400174171817, 27.797854300962893], [84.7398390597841, 27.797776985844354], [84.73970728532926, 27.797733443736863], [84.73969975709794, 27.797711151069738], [84.73962673517714, 27.797551858458938], [84.73953699129589, 27.797399471476414], [84.7394313407894, 27.797255374462853], [84.73931074348354, 27.7971208764445], [84.73917629497384, 27.796997199242437], [84.73715529765745, 27.79530721932857], [84.73702497680087, 27.795207156099902], [84.73688558780533, 27.795117275904342], [84.73673813388297, 27.795038225615293], [84.73393116233242, 27.793674245211506], [84.73376314886944, 27.79360132673828], [84.73358830310751, 27.793542466842407], [84.73340810875446, 27.793498164994563], [84.73322409489845, 27.793468797128764], [84.73303782303422, 27.79345461245285], [84.72995387392137, 27.79334661434976], [84.72976087378447, 27.793348021388724], [84.72956889677779, 27.793365726313034], [84.72937967916958, 27.793399568996513], [84.72919493227526, 27.793449243360453], [84.72901632698215, 27.79351430014153], [84.72884547863968, 27.79359415095439], [84.72868393245137, 27.793688073612447], [84.7285331495009, 27.79379521865861], [84.72839449353843, 27.793914617047037], [84.72595649001299, 27.796223591261118], [84.72585328618115, 27.796329257868596], [84.72575960018835, 27.796441718508873], [84.7246580203804, 27.797877234797184], [84.72411574688158, 27.798159310223998], [84.72051116697273, 27.799143741819027], [84.72033006189979, 27.79920168954315], [84.72015594399072, 27.79927463220793], [84.71999037914047, 27.799361913823827], [84.7198348563344, 27.799462749446306], [84.71969077425845, 27.799576232234134], [84.71955942872086, 27.79970134160392], [84.71891298217571, 27.800378826817205], [84.71880258478735, 27.800424044272262], [84.71773990216352, 27.799723312537953], [84.7175775524977, 27.799626667753785], [84.7148215772654, 27.798151688435777], [84.7146400948653, 27.79806538683219], [84.71444971743813, 27.79799587251787], [84.71425240248499, 27.797943860248367], [84.71405017882938, 27.79790988481992], [84.71384512575928, 27.797894295571304], [84.71046418158532, 27.797790297426136], [84.71026536022306, 27.797792846297106], [84.71006777361208, 27.797812684131987], [84.70987331829123, 27.797849620516672], [84.70968386074786, 27.797903300916005], [84.7095012195049, 27.797973210076364], [84.70932714766775, 27.798058676970633], [84.70916331609882, 27.79815888123827], [84.70627733217842, 27.8001158559036], [84.70611022340556, 27.800242443908765], [84.7059594667337, 27.800384340700923], [84.70582682588262, 27.800539886274898], [84.70571385266092, 27.800707260945575], [84.70449448541073, 27.802757493101737], [84.70364947103018, 27.803152552794458], [84.70350531391381, 27.80322681753315], [84.70336849204429, 27.803311345341392], [84.70323992730611, 27.803405566694597], [84.70191091566892, 27.804463917702204], [84.69951730497417, 27.804716154424405], [84.69727371718935, 27.80477112551551], [84.69727068385598, 27.804764446082512], [84.69717631618643, 27.80460474638121], [84.69706449037726, 27.80445422158326], [84.69693632379283, 27.804314375640026], [84.69679309704978, 27.804186605800766], [84.69663624122076, 27.80407218865354], [84.69646732353556, 27.80397226737169], [84.69628803172277, 27.803887840293463], [84.69610015714801, 27.80381975094846], [84.69590557691754, 27.803768679630924], [84.69570623512567, 27.80373513660368], [84.69550412343331, 27.8037194570007], [84.6953012611719, 27.80372179747924], [84.69509967517068, 27.803742134654897], [84.69382069551395, 27.803929131706294], [84.69362898399794, 27.803965694852714], [84.69344213454012, 27.804018536169245], [84.69326189080608, 27.804087162546303], [84.69308993482603, 27.804170933568813], [84.69292787129989, 27.804269067491756], [84.69277721262344, 27.8043806485344], [84.69263936477559, 27.804504635425275], [84.69251561419775, 27.80463987111824], [84.69240711578846, 27.804785093588926], [84.69231488212473, 27.80493894761087], [84.69223977401114, 27.80509999740164], [84.6921824924446, 27.805266740020734], [84.69214357207004, 27.805437619394425], [84.69212337618819, 27.80561104083681], [84.69212209336206, 27.805785385931262], [84.69213973565381, 27.80595902763374], [84.69222872537699, 27.806527028881117], [84.69226576107138, 27.806700688205208], [84.69232172348944, 27.80687029339147], [84.692330109333, 27.806888781618643], [84.69165257834071, 27.80682443041181], [84.69145358641725, 27.806814281400612], [84.69125443455191, 27.806821535887117], [84.6910570431687, 27.806846123915893], [84.69086331571769, 27.806887808383706], [84.68849995080876, 27.807506983796067], [84.68599348615332, 27.807686015204943], [84.68576846224842, 27.80771342168332], [84.68340349926845, 27.80812241524866], [84.68320990295159, 27.80816476303513], [84.68302191282908, 27.808223794352436], [84.68284134256677, 27.808298939688814], [84.68266993425624, 27.80838947406931], [84.68250934160949, 27.808494524049227], [84.6782128821662, 27.811605228971423], [84.6769339520207, 27.812272295989068], [84.67672097290644, 27.81240014846509], [84.67506607813293, 27.813535518291374], [84.6721567279885, 27.814408149254362], [84.67102993406289, 27.814555871287904], [84.6695576268203, 27.81385827259246], [84.6693746865424, 27.813781735892494], [84.66918409064739, 27.813721759875175], [84.66898772997664, 27.813678939540136], [84.66878755255341, 27.813653699691194], [84.66858554425993, 27.81364629072264], [84.66838370913898, 27.81365678613562], [84.66818404951556, 27.813685081808977], [84.66798854613553, 27.81373089703212], [84.66779913851822, 27.81379377728943], [84.66761770571767, 27.81387309876871], [84.6674460476834, 27.813968074548992], [84.66728586740537, 27.814077762406264], [84.66713875402013, 27.814201074159822], [84.66700616704594, 27.814336786466548], [84.6668894219031, 27.814483552956087], [84.66678967686279, 27.81463991758662], [84.66670792155472, 27.814804329088695], [84.66664496714674, 27.814975156354087], [84.66660143829462, 27.815150704616844], [84.66657776694167, 27.81532923226618], [84.66657418802976, 27.815508968124405], [84.66659660397457, 27.81612923420789], [84.66578429359227, 27.816494292541922], [84.6656111182069, 27.816581857346918], [84.66544843093041, 27.816684093509313], [84.66529779880004, 27.81680001628838], [84.66516067275104, 27.81692850911046], [84.66503837364124, 27.81706833432257], [84.66493207952783, 27.817218145112452], [84.66484281431897, 27.817376498480055], [84.66477143790952, 27.817541869135596], [84.66434441971398, 27.81869786319093], [84.6642916574681, 27.818868502351517], [84.6642579457847, 27.819042915526868], [84.66424360889346, 27.819219425734257], [84.66424878473835, 27.81939633581992], [84.66438275547448, 27.820980337662537], [84.6644043103938, 27.821139837779498], [84.66444173314555, 27.82129700194385], [84.66449472728672, 27.821450584900468], [84.66456287299309, 27.821599369763987], [84.66473648703453, 27.82193484619342], [84.66466460531103, 27.822087756810873], [84.66464935842404, 27.822087650781267], [84.66445710219811, 27.8221026078915], [84.66426731239872, 27.822133728859004], [84.6640817043322, 27.82218073241472], [84.66390195551622, 27.822243193743642], [84.66372969052028, 27.82232054832366], [84.66356646628466, 27.8224120970271], [84.6634137580501, 27.822517012438496], [84.66327294602534, 27.822634346331892], [84.66314530291321, 27.8227630382399], [84.6628013009521, 27.823145034337635], [84.66268714986117, 27.8232850476616], [84.66258859487596, 27.82343413102915], [84.66250654083692, 27.823590915793673], [84.66244174110916, 27.823753962600616], [84.66239479066414, 27.823921774600656], [84.66236612061479, 27.824092811190788], [84.66235599425492, 27.824265502157388], [84.66235987115262, 27.82434420285249], [84.6602175272765, 27.825900421335614], [84.66006165232278, 27.826026175270197], [84.659921261813, 27.82616560234007], [84.65979786507862, 27.826317203632232], [84.65824384585632, 27.828451184642578], [84.65814187598272, 27.828607918380754], [84.65805808410352, 27.828772946446296], [84.65799331364002, 27.828944607886406], [84.65794821657927, 27.829121174977658], [84.65792324690871, 27.82930087061437], [84.6579186560431, 27.829481886194085], [84.65793449029015, 27.829662399820492], [84.65816846089709, 27.831278403089904], [84.65821084021387, 27.831479907760965], [84.6582786511677, 27.83167584023604], [84.65897862582715, 27.833352849673666], [84.65904807908753, 27.833499160201235], [84.65913173170958, 27.833639476873586], [84.6600999362159, 27.835103900221526], [84.66093858721435, 27.836927054610527], [84.66112136381362, 27.840020322082147], [84.66004377379895, 27.841084748737977], [84.65990704932943, 27.84123530649099], [84.65978924299243, 27.841398009949977], [84.65969170891371, 27.8415709890385], [84.6596155682311, 27.841752255565368], [84.65956169620449, 27.841939726075122], [84.65905365642986, 27.84420871871367], [84.6590172969731, 27.844467995718656], [84.65891662425312, 27.846201968479033], [84.6585237323629, 27.847832079690498], [84.6577359891137, 27.84887182797137], [84.65628037528283, 27.849772624684178], [84.6533159524682, 27.850241870606304], [84.64973546031854, 27.850294480800564], [84.64952573855457, 27.850307232340782], [84.64931862388862, 27.85033918735791], [84.64911633602688, 27.850390003380923], [84.64668336990863, 27.85112399214817], [84.64650684467162, 27.851185556124893], [84.6463375505634, 27.85126148804272], [84.64617696402904, 27.85135112569218], [84.6460264855837, 27.851453687333155], [84.64509848904493, 27.85214967865996], [84.6449467404672, 27.852275852900384], [84.64481029469414, 27.85241515090053], [84.64469058069575, 27.85256611388108], [84.6445888522365, 27.852727160896602], [84.64450617474373, 27.852896605390583], [84.64444341414723, 27.853072672856406], [84.64440122780765, 27.853253519419905], [84.64409519616699, 27.855014514922168], [84.64407504528887, 27.855181897393596], [84.6440725290268, 27.85535022049051], [84.64408766935405, 27.855518019789514], [84.64412033462916, 27.85568383541765], [84.64417024073845, 27.855846224753606], [84.64423695356516, 27.85600377497906], [84.6443198927638, 27.85615511537089], [84.64441833680723, 27.856298929227425], [84.64453142926205, 27.85643396532485], [84.64612686557663, 27.85816419846893], [84.64218450737647, 27.857546638600063], [84.64202872760434, 27.857527726755613], [84.64187176852592, 27.85751958324213], [84.6402067961046, 27.85749058381132], [84.63997041331835, 27.857498713667436], [84.63490249620436, 27.8579367068389], [84.6347151444957, 27.8579607737586], [84.63453112836577, 27.858000241245083], [84.63435204685925, 27.858054766338224], [84.63417945614658, 27.858123875231524], [84.6340148560029, 27.858206967388796], [84.63385967677681, 27.858303320761912], [84.63371526696189, 27.85841209806448], [84.63358288147924, 27.858532354046726], [84.63127687510868, 27.86083232903703], [84.63115988424052, 27.86096033568901], [84.63105652900835, 27.86109729876338], [84.63096767242698, 27.861242074689702], [84.63089405646414, 27.861393454659733], [84.630836295844, 27.861550174719667], [84.63079487291253, 27.861710926322917], [84.63049384676951, 27.863185921931304], [84.63046595788981, 27.863385130109613], [84.63046313550278, 27.86358585863315], [84.63064605957783, 27.867351016743605], [84.63064461005254, 27.86740167741054], [84.62780751767903, 27.86850712835777], [84.6276469469376, 27.86857734192662], [84.62749395491466, 27.868659844676372], [84.62734972956052, 27.868753996000148], [84.62721539076362, 27.868859064842], [84.62503039293836, 27.870726042868014], [84.62489443736231, 27.870854121935867], [84.62477317274644, 27.87099336426774], [84.62466775329511, 27.871142444612346], [84.62457918241759, 27.87129994407873], [84.62358243848853, 27.873312260941596], [84.62255934913526, 27.87477245910278], [84.62189914428014, 27.8751814371872], [84.6198519626445, 27.875838597770656], [84.61965863228393, 27.875910889508823], [84.61947472326958, 27.876000514016546], [84.61930219706639, 27.876106515423203], [84.61914289375366, 27.87622776319105], [84.61899851240084, 27.876362964171342], [84.61887059294659, 27.87651067639462], [84.61884251454849, 27.876546817760087], [84.6176666402577, 27.875616772580724], [84.61742799306506, 27.874687116937398], [84.61714310626186, 27.87284084840144], [84.61710719991606, 27.872669852731136], [84.61705293569037, 27.872502723011532], [84.61698081775363, 27.87234101178851], [84.6168915161178, 27.872186221266336], [84.61678586041138, 27.8720397893537], [84.61666483217051, 27.871903076307387], [84.61652955571952, 27.871777352097354], [84.61638128772564, 27.87166378461061], [84.61506329432547, 27.870748796412645], [84.61490805639126, 27.87065107209259], [84.61474320992156, 27.870566684740012], [84.6145702013754, 27.870496374808386], [84.61210023311618, 27.8696143882937], [84.61192335177722, 27.869559501236388], [84.6117415314813, 27.86951933318175], [84.61155631957453, 27.869494225971113], [84.60766838291579, 27.869129232136913], [84.60748619600473, 27.869119455116746], [84.60730375713412, 27.869124253342836], [84.60712253980765, 27.869143588061075], [84.60694400766431, 27.869177303110337], [84.60478404006308, 27.869676295344334], [84.60456612915927, 27.869738475921512], [84.60435747464199, 27.869822050003997], [84.60416072637194, 27.8699259562301], [84.60319973367397, 27.87050094846719], [84.60304645069921, 27.87060228840823], [84.60290456162603, 27.870715979777543], [84.6027753221117, 27.870841016484672], [84.60265987588521, 27.870976292037177], [84.60255924462558, 27.871120609331438], [84.60247431891949, 27.871272691245323], [84.60240585037867, 27.871431191939088], [84.60174123508047, 27.873216517056395], [84.6013216284344, 27.873561640385642], [84.60031588162346, 27.873987013765188], [84.59852845562942, 27.873943362892025], [84.59728435484791, 27.87371238991063], [84.59709404994133, 27.873685358781405], [84.59690171867116, 27.87367447825306], [84.59670909280129, 27.873679846294344], [84.59651790674766, 27.87370141457068], [84.59632988196394, 27.873738988879367], [84.59450690897299, 27.874184981959605], [84.5943295944667, 27.874236250165932], [84.59415831849564, 27.874301753188014], [84.59399452474678, 27.874380938904178], [84.59383959384817, 27.87447313986077], [84.59251060202682, 27.875345128433345], [84.5923235997299, 27.875483972152647], [84.59215665666679, 27.875641718624294], [84.59100243926325, 27.876872641312435], [84.59022058637822, 27.877319093085436], [84.58850435793269, 27.876450521544538], [84.5861644167488, 27.874584755916434], [84.58595145272731, 27.874436459539556], [84.58220020778762, 27.872165520692757], [84.57944871015503, 27.870169307560904], [84.57922300131494, 27.869783562243427], [84.57939828500285, 27.86861761781029], [84.57998070956779, 27.86651922059232], [84.58001978955224, 27.866339766689908], [84.58003824389394, 27.866157720193996], [84.58003588340183, 27.86597494843905], [84.58001273239286, 27.865793326189586], [84.5796526976012, 27.863853331205725], [84.57961204230385, 27.86368482506599], [84.57955348759813, 27.86352053328789], [84.57947756747605, 27.863361953913405], [84.57938497426196, 27.863210532891465], [84.57927655229769, 27.863067650894266], [84.5791532902418, 27.862934610729123], [84.57901631205343, 27.862812625460275], [84.57648831708637, 27.86076665018499], [84.57633803941079, 27.860656271644817], [84.57617654485138, 27.860559208893996], [84.57274257520726, 27.8587022349237], [84.57260375800416, 27.858633626929407], [84.56830080505796, 27.85669865531626], [84.56813388707906, 27.856631811428485], [84.5679608738225, 27.856578600605584], [84.5677831715924, 27.856539455358785], [84.56760222480048, 27.85651469387024], [84.56105362574331, 27.855885403050195], [84.56073875153942, 27.85560908720566], [84.5597114395914, 27.853654324577047], [84.55989897404083, 27.850941179333223], [84.56078790985372, 27.848202241186517], [84.56083375953882, 27.848029471347612], [84.56086029208342, 27.8478535336245], [84.56086725089965, 27.84767613007761], [84.56085456876218, 27.84749897693991], [84.5608223684549, 27.847323788013643], [84.56077096157941, 27.847152258090915], [84.56070084553703, 27.846986046558538], [84.56061269871363, 27.846826761345643], [84.56050737391409, 27.846675943369355], [84.56038589010983, 27.846535051629008], [84.56024942257942, 27.846405449093005], [84.56009929153788, 27.846288389514804], [84.55993694936434, 27.846185005305493], [84.55976396655204, 27.846096296580317], [84.55958201651632, 27.846023121484905], [84.55939285940744, 27.845966187894852], [84.5591983250852, 27.845926046568863], [84.55900029541942, 27.845903085821604], [84.55880068608775, 27.845897527767793], [84.55860142804667, 27.845909426173908], [84.55840444885479, 27.845938665938103], [84.55821165402907, 27.84598496420356], [84.55802490861393, 27.84604787309433], [84.55784601914186, 27.846126784047453], [84.55767671615936, 27.846220933699108], [84.55648272463003, 27.846959923833495], [84.55633602544773, 27.847059827407225], [84.55620015321266, 27.847171172921502], [84.55607623352357, 27.847293037990703], [84.55596529297459, 27.847424413082095], [84.55586825065038, 27.84756420987808], [84.55578591051153, 27.847711270291057], [84.55502988976721, 27.84923126016944], [84.55495766397203, 27.849398442904597], [84.55448264369652, 27.85068543626919], [84.55442524209921, 27.85087531068313], [84.55439141875098, 27.851069608256118], [84.55438157518489, 27.85126602311639], [84.5544085304362, 27.853666023319143], [84.55442139595895, 27.853851639726013], [84.55445568435101, 27.85403509405077], [84.55473059427865, 27.855147775450515], [84.55499175871782, 27.857158931315716], [84.55502290831613, 27.85732793369018], [84.55507194136881, 27.857493551176017], [84.55513841644489, 27.85765429249326], [84.55518843682735, 27.857746997364753]], [[84.81950438584006, 27.811143728453917], [84.8195012301053, 27.81100262616253], [84.8195648699331, 27.81085449194062], [84.81950438584006, 27.811143728453917]], [[84.82565632381073, 27.815362771044786], [84.82893150627315, 27.81566772613598], [84.82888925638402, 27.81570004439823], [84.82671537150027, 27.81613469402738], [84.82580365758011, 27.815732317136614], [84.82565632381073, 27.815362771044786]]]}}]}