{"type": "FeatureCollection", "name": "road_damaged", "crs": {"type": "name", "properties": {"name": "urn:ogc:def:crs:OGC:1.3:CRS84"}}, "features": [{"type": "Feature", "properties": {"fid": 1, "segment_id": 5, "length_m": 231.18469140612865, "length_km": 0.23118469140612866, "highway": "trunk", "name": "Trishuli Bridge", "name_en": "Trishuli Bridge", "name_ne": null, "surface": null, "smoothness": null, "lanes": null, "oneway": null, "bridge": "yes", "layer": "1", "source": null, "adm0_name": "Nepal", "adm1_name": "Bagmati", "adm2_name": "Chitawan", "adm3_name": "Ichchha Kamana", "adm4_name": null, "source_feature_count": 1, "source_fids": "403", "source_ids": "way/26951332", "source_highways": "trunk", "source_names": "Trishuli Bridge", "source_adm1": "Bagmati", "source_adm2": "Chitawan", "source_adm3": "Ichchha Kamana", "source_adm4": "", "attribute_confidence": "high", "start_degree": 3, "end_degree": 3, "topology_role": "intersection_to_intersection", "dangle_flag": false, "short_dangle_flag": false, "component_id": 1, "component_length_km": 1.910064733559651, "component_segment_count": 10}, "geometry": {"type": "LineString", "coordinates": [[84.55656642768459, 27.85416372022826], [84.5568136, 27.854114899999992], [84.55765671104785, 27.853948327794168]]}}, {"type": "Feature", "properties": {"fid": 2, "segment_id": 6, "length_m": 667.907920099975, "length_km": 0.6679079200999749, "highway": "UNCLASSIFIED_UNKNOWN", "name": null, "name_en": null, "name_ne": null, "surface": null, "smoothness": null, "lanes": null, "oneway": null, "bridge": null, "layer": null, "source": null, "adm0_name": null, "adm1_name": null, "adm2_name": null, "adm3_name": null, "adm4_name": null, "source_feature_count": 1, "source_fids": "1365", "source_ids": "", "source_highways": "UNCLASSIFIED_UNKNOWN", "source_names": "", "source_adm1": "", "source_adm2": "", "source_adm3": "", "source_adm4": "", "attribute_confidence": "high", "start_degree": 1, "end_degree": 3, "topology_role": "dead_end_link", "dangle_flag": true, "short_dangle_flag": false, "component_id": 2, "component_length_km": 0.9365315804477428, "component_segment_count": 3}, "geometry": {"type": "LineString", "coordinates": [[84.56134585373357, 27.858524496914274], [84.5613422205126, 27.857728423047988]]}}, {"type": "Feature", "properties": {"fid": 3, "segment_id": 8, "length_m": 194.6995951692627, "length_km": 0.1946995951692627, "highway": "trunk", "name": "Trishuli Bridge", "name_en": null, "name_ne": null, "surface": null, "smoothness": null, "lanes": null, "oneway": null, "bridge": "viaduct", "layer": "1", "source": null, "adm0_name": "Nepal", "adm1_name": "Bagmati", "adm2_name": "Chitawan", "adm3_name": "Ichchha Kamana", "adm4_name": null, "source_feature_count": 1, "source_fids": "405", "source_ids": "way/899453263", "source_highways": "trunk", "source_names": "Trishuli Bridge", "source_adm1": "Bagmati", "source_adm2": "Chitawan", "source_adm3": "Ichchha Kamana", "source_adm4": "", "attribute_confidence": "high", "start_degree": 3, "end_degree": 3, "topology_role": "intersection_to_intersection", "dangle_flag": false, "short_dangle_flag": false, "component_id": 1, "component_length_km": 1.910064733559651, "component_segment_count": 10}, "geometry": {"type": "LineString", "coordinates": [[84.55792194584373, 27.854513775872157], [84.55673780427043, 27.85486389240781]]}}, {"type": "Feature", "properties": {"fid": 4, "segment_id": 12, "length_m": 883.3789872241207, "length_km": 0.8833789872241207, "highway": "trunk", "name": "Bharatpur-Mugling Highway", "name_en": null, "name_ne": null, "surface": null, "smoothness": null, "lanes": "2", "oneway": null, "bridge": null, "layer": null, "source": null, "adm0_name": "Nepal", "adm1_name": "Bagmati", "adm2_name": "Chitawan", "adm3_name": "Ichchha Kamana", "adm4_name": null, "source_feature_count": 1, "source_fids": "365", "source_ids": "way/28835829", "source_highways": "trunk", "source_names": "Bharatpur-Mugling Highway", "source_adm1": "Bagmati", "source_adm2": "Chitawan", "source_adm3": "Ichchha Kamana", "source_adm4": "", "attribute_confidence": "high", "start_degree": 1, "end_degree": 1, "topology_role": "dead_end_to_dead_end", "dangle_flag": true, "short_dangle_flag": false, "component_id": 3, "component_length_km": 0.8833789872241207, "component_segment_count": 1}, "geometry": {"type": "LineString", "coordinates": [[84.5578012871263, 27.85185728476671], [84.5578004, 27.8517876], [84.5578196129115, 27.851592224820788]]}}, {"type": "Feature", "properties": {"fid": 5, "segment_id": 15, "length_m": 1659.3548891883836, "length_km": 1.6593548891883836, "highway": "trunk", "name": "Prithvi Rajmarg", "name_en": "Prithvi Rajmarg", "name_ne": null, "surface": "asphalt", "smoothness": null, "lanes": null, "oneway": "no", "bridge": null, "layer": null, "source": "survey", "adm0_name": "Nepal", "adm1_name": "Bagmati", "adm2_name": "Chitawan", "adm3_name": "Ichchha Kamana", "adm4_name": null, "source_feature_count": 1, "source_fids": "1231", "source_ids": "way/26951334", "source_highways": "trunk", "source_names": "Prithvi Rajmarg", "source_adm1": "Bagmati", "source_adm2": "Chitawan", "source_adm3": "Ichchha Kamana", "source_adm4": "", "attribute_confidence": "high", "start_degree": 1, "end_degree": 3, "topology_role": "dead_end_link", "dangle_flag": true, "short_dangle_flag": false, "component_id": 4, "component_length_km": 4.093928629376648, "component_segment_count": 3}, "geometry": {"type": "LineString", "coordinates": [[84.57438265361428, 27.861701737507264], [84.5743922, 27.861719699999995], [84.5744683, 27.8618225], [84.57454480000001, 27.8619007], [84.574706, 27.862002899999997], [84.5748988, 27.862104500000004], [84.5753142, 27.862304299999998], [84.5754338, 27.8623945], [84.5755215, 27.8624872], [84.5755689, 27.862556199999997], [84.5756194, 27.862640399999993], [84.5756699, 27.862712700000003], [84.5757434, 27.862788599999995], [84.57582230000001, 27.8628544], [84.5763053, 27.863171], [84.576372, 27.863219699999995], [84.5764359, 27.863249], [84.5765049, 27.863272099999996], [84.57659522740822, 27.863294158884404]]}}, {"type": "Feature", "properties": {"fid": 6, "segment_id": 16, "length_m": 2288.6265503624495, "length_km": 2.2886265503624497, "highway": "trunk", "name": "Prithvi Rajmarg", "name_en": "Prithvi Rajmarg", "name_ne": null, "surface": "asphalt", "smoothness": null, "lanes": null, "oneway": null, "bridge": null, "layer": null, "source": "survey", "adm0_name": "Nepal", "adm1_name": "Gandaki", "adm2_name": "Gorkha", "adm3_name": "Shahid Lakhan", "adm4_name": null, "source_feature_count": 1, "source_fids": "1344", "source_ids": "way/140332515", "source_highways": "trunk", "source_names": "Prithvi Rajmarg", "source_adm1": "Gandaki", "source_adm2": "Gorkha", "source_adm3": "Shahid Lakhan", "source_adm4": "", "attribute_confidence": "high", "start_degree": 3, "end_degree": 1, "topology_role": "dead_end_link", "dangle_flag": true, "short_dangle_flag": false, "component_id": 4, "component_length_km": 4.093928629376648, "component_segment_count": 3}, "geometry": {"type": "MultiLineString", "coordinates": [[[84.57749951483476, 27.864026019651476], [84.577526, 27.864056499999997], [84.57766193844195, 27.864216724784733]], [[84.58038280158976, 27.873176837666044], [84.5804773, 27.8733121], [84.5805655, 27.8734163], [84.5806429, 27.8734873], [84.5807661, 27.873559199999995], [84.58088930000001, 27.87360759999999], [84.5810343465047, 27.873643480406905]]]}}, {"type": "Feature", "properties": {"fid": 7, "segment_id": 23, "length_m": 540.3649555054337, "length_km": 0.5403649555054337, "highway": "track", "name": null, "name_en": null, "name_ne": null, "surface": null, "smoothness": null, "lanes": null, "oneway": null, "bridge": null, "layer": null, "source": null, "adm0_name": "Nepal", "adm1_name": "Gandaki", "adm2_name": "Gorkha", "adm3_name": "Shahid Lakhan", "adm4_name": null, "source_feature_count": 1, "source_fids": "1214", "source_ids": "way/340874641", "source_highways": "track", "source_names": "", "source_adm1": "Gandaki", "source_adm2": "Gorkha", "source_adm3": "Shahid Lakhan", "source_adm4": "", "attribute_confidence": "high", "start_degree": 3, "end_degree": 1, "topology_role": "dead_end_link", "dangle_flag": true, "short_dangle_flag": false, "component_id": 6, "component_length_km": 1.9060899686743986, "component_segment_count": 10}, "geometry": {"type": "LineString", "coordinates": [[84.59252598682572, 27.87806718238118], [84.59343790921284, 27.87903268847945]]}}, {"type": "Feature", "properties": {"fid": 8, "segment_id": 33, "length_m": 1150.8175753488324, "length_km": 1.1508175753488323, "highway": "path", "name": null, "name_en": null, "name_ne": null, "surface": null, "smoothness": null, "lanes": null, "oneway": null, "bridge": null, "layer": null, "source": null, "adm0_name": "Nepal", "adm1_name": "Gandaki", "adm2_name": "Gorkha", "adm3_name": "Shahid Lakhan", "adm4_name": null, "source_feature_count": 1, "source_fids": "1339", "source_ids": "way/550861491", "source_highways": "path", "source_names": "", "source_adm1": "Gandaki", "source_adm2": "Gorkha", "source_adm3": "Shahid Lakhan", "source_adm4": "", "attribute_confidence": "high", "start_degree": 3, "end_degree": 1, "topology_role": "dead_end_link", "dangle_flag": true, "short_dangle_flag": false, "component_id": 7, "component_length_km": 3.495759227833416, "component_segment_count": 13}, "geometry": {"type": "MultiLineString", "coordinates": [[[84.60763225555165, 27.872254990135225], [84.6075379, 27.8722534], [84.6073877, 27.8722629], [84.6072683, 27.872306699999996], [84.6071865, 27.872339900000004], [84.6071114, 27.872407500000005], [84.60710634640961, 27.872411728308848]], [[84.60439464669288, 27.87547065314824], [84.6043836, 27.875470899999993], [84.604338, 27.8754803], [84.6043031, 27.8755017], [84.604279, 27.8755242], [84.6042576, 27.875544399999995], [84.6042294, 27.8755574], [84.60422387879117, 27.875565065086516]]]}}, {"type": "Feature", "properties": {"fid": 9, "segment_id": 36, "length_m": 258.710711010644, "length_km": 0.25871071101064397, "highway": "footway", "name": null, "name_en": null, "name_ne": null, "surface": null, "smoothness": null, "lanes": null, "oneway": null, "bridge": "yes", "layer": "1", "source": null, "adm0_name": "Nepal", "adm1_name": "Bagmati", "adm2_name": "Chitawan", "adm3_name": "Ichchha Kamana", "adm4_name": null, "source_feature_count": 1, "source_fids": "240", "source_ids": "way/302726224", "source_highways": "footway", "source_names": "", "source_adm1": "Bagmati", "source_adm2": "Chitawan", "source_adm3": "Ichchha Kamana", "source_adm4": "", "attribute_confidence": "high", "start_degree": 1, "end_degree": 3, "topology_role": "dead_end_link", "dangle_flag": true, "short_dangle_flag": false, "component_id": 7, "component_length_km": 3.495759227833416, "component_segment_count": 13}, "geometry": {"type": "LineString", "coordinates": [[84.60846069592368, 27.871018424007392], [84.6083777, 27.871555099999995], [84.60830345419159, 27.87205494727158]]}}, {"type": "Feature", "properties": {"fid": 10, "segment_id": 39, "length_m": 498.35332033420576, "length_km": 0.49835332033420576, "highway": "trunk", "name": "Prithvi Rajmarg", "name_en": "Prithvi Rajmarg", "name_ne": null, "surface": "asphalt", "smoothness": null, "lanes": null, "oneway": null, "bridge": null, "layer": null, "source": "survey", "adm0_name": "Nepal", "adm1_name": "Gandaki", "adm2_name": "Gorkha", "adm3_name": "Shahid Lakhan", "adm4_name": null, "source_feature_count": 1, "source_fids": "1344", "source_ids": "way/140332515", "source_highways": "trunk", "source_names": "Prithvi Rajmarg", "source_adm1": "Gandaki", "source_adm2": "Gorkha", "source_adm3": "Shahid Lakhan", "source_adm4": "", "attribute_confidence": "high", "start_degree": 1, "end_degree": 3, "topology_role": "dead_end_link", "dangle_flag": true, "short_dangle_flag": false, "component_id": 7, "component_length_km": 3.495759227833416, "component_segment_count": 13}, "geometry": {"type": "LineString", "coordinates": [[84.61386291520567, 27.87220565330941], [84.6138805, 27.8722251], [84.6140194, 27.8724087], [84.61407, 27.8724723], [84.6141491, 27.872535899999995], [84.6142407, 27.8725965], [84.6143382, 27.87263799999999], [84.6144258, 27.872665699999995], [84.61458536953917, 27.872707208229695]]}}, {"type": "Feature", "properties": {"fid": 11, "segment_id": 41, "length_m": 265.898986974108, "length_km": 0.265898986974108, "highway": "path", "name": null, "name_en": null, "name_ne": null, "surface": null, "smoothness": null, "lanes": null, "oneway": null, "bridge": "yes", "layer": "1", "source": null, "adm0_name": "Nepal", "adm1_name": "Bagmati", "adm2_name": "Chitawan", "adm3_name": "Ichchha Kamana", "adm4_name": null, "source_feature_count": 1, "source_fids": "242", "source_ids": "way/1485601744", "source_highways": "path", "source_names": "", "source_adm1": "Bagmati", "source_adm2": "Chitawan", "source_adm3": "Ichchha Kamana", "source_adm4": "", "attribute_confidence": "high", "start_degree": 3, "end_degree": 3, "topology_role": "intersection_to_intersection", "dangle_flag": false, "short_dangle_flag": false, "component_id": 7, "component_length_km": 3.495759227833416, "component_segment_count": 13}, "geometry": {"type": "LineString", "coordinates": [[84.61482997813714, 27.872877022862244], [84.6148085, 27.8729902], [84.6147611, 27.873109299999996], [84.61339057623307, 27.873851675972872]]}}, {"type": "Feature", "properties": {"fid": 12, "segment_id": 51, "length_m": 184.60157467286095, "length_km": 0.18460157467286095, "highway": "residential", "name": null, "name_en": null, "name_ne": null, "surface": null, "smoothness": null, "lanes": null, "oneway": null, "bridge": null, "layer": null, "source": null, "adm0_name": "Nepal", "adm1_name": "Bagmati", "adm2_name": "Chitawan", "adm3_name": "Ichchha Kamana", "adm4_name": null, "source_feature_count": 1, "source_fids": "1331", "source_ids": "way/1530531778", "source_highways": "residential", "source_names": "", "source_adm1": "Bagmati", "source_adm2": "Chitawan", "source_adm3": "Ichchha Kamana", "source_adm4": "", "attribute_confidence": "high", "start_degree": 3, "end_degree": 3, "topology_role": "intersection_to_intersection", "dangle_flag": false, "short_dangle_flag": false, "component_id": 9, "component_length_km": 0.45857991101498485, "component_segment_count": 6}, "geometry": {"type": "LineString", "coordinates": [[84.62041132864377, 27.877704197993832], [84.6204522, 27.878117899999992], [84.6204779, 27.878165399999997], [84.6205316, 27.8781943], [84.6207137, 27.8781922], [84.621085, 27.878196299999995]]}}, {"type": "Feature", "properties": {"fid": 13, "segment_id": 52, "length_m": 73.3226419715516, "length_km": 0.07332264197155161, "highway": "service", "name": null, "name_en": null, "name_ne": null, "surface": null, "smoothness": null, "lanes": null, "oneway": null, "bridge": null, "layer": null, "source": null, "adm0_name": "Nepal", "adm1_name": "Bagmati", "adm2_name": "Chitawan", "adm3_name": "Ichchha Kamana", "adm4_name": null, "source_feature_count": 1, "source_fids": "1329", "source_ids": "way/1530531777", "source_highways": "service", "source_names": "", "source_adm1": "Bagmati", "source_adm2": "Chitawan", "source_adm3": "Ichchha Kamana", "source_adm4": "", "attribute_confidence": "high", "start_degree": 3, "end_degree": 3, "topology_role": "intersection_to_intersection", "dangle_flag": false, "short_dangle_flag": false, "component_id": 9, "component_length_km": 0.45857991101498485, "component_segment_count": 6}, "geometry": {"type": "LineString", "coordinates": [[84.621085, 27.878196299999995], [84.6210861, 27.878177899999994], [84.6211023, 27.878144199999998], [84.6211306, 27.8781174], [84.6211675, 27.878100699999997], [84.6212086, 27.878096199999998], [84.6212491, 27.878104399999998], [84.6212838, 27.878124399999997], [84.6213088, 27.8781536], [84.621321, 27.8781887], [84.6213188, 27.878225299999997], [84.6213026, 27.878258999999996], [84.6212744, 27.878285899999998], [84.6212374, 27.8783025], [84.6211963, 27.878306999999992], [84.6211559, 27.8782988], [84.6211211, 27.878278800000004], [84.6210961, 27.878249599999997], [84.621084, 27.8782145], [84.621085, 27.878196299999995]]}}, {"type": "Feature", "properties": {"fid": 14, "segment_id": 57, "length_m": 1439.7818273852895, "length_km": 1.4397818273852896, "highway": "trunk", "name": "Prithvi Rajmarg", "name_en": "Prithvi Rajmarg", "name_ne": null, "surface": "asphalt", "smoothness": null, "lanes": null, "oneway": null, "bridge": null, "layer": null, "source": "survey", "adm0_name": "Nepal", "adm1_name": "Bagmati", "adm2_name": "Chitawan", "adm3_name": "Ichchha Kamana", "adm4_name": null, "source_feature_count": 1, "source_fids": "1185", "source_ids": "way/140332489", "source_highways": "trunk", "source_names": "Prithvi Rajmarg", "source_adm1": "Bagmati", "source_adm2": "Chitawan", "source_adm3": "Ichchha Kamana", "source_adm4": "", "attribute_confidence": "high", "start_degree": 1, "end_degree": 3, "topology_role": "dead_end_link", "dangle_flag": true, "short_dangle_flag": false, "component_id": 14, "component_length_km": 2.4899140806232136, "component_segment_count": 7}, "geometry": {"type": "LineString", "coordinates": [[84.63351932523689, 27.861308580056054], [84.6336001, 27.8612922], [84.6337484, 27.861228200000003], [84.6338389, 27.861070999999995], [84.6340409, 27.860796799999996], [84.63409328857698, 27.8607361122767]]}}, {"type": "Feature", "properties": {"fid": 15, "segment_id": 59, "length_m": 305.5750025384625, "length_km": 0.30557500253846254, "highway": "footway", "name": null, "name_en": null, "name_ne": null, "surface": null, "smoothness": null, "lanes": null, "oneway": null, "bridge": "yes", "layer": "1", "source": null, "adm0_name": "Nepal", "adm1_name": "Gandaki", "adm2_name": "Gorkha", "adm3_name": "Gandaki", "adm4_name": null, "source_feature_count": 1, "source_fids": "1190", "source_ids": "way/302726220", "source_highways": "footway", "source_names": "", "source_adm1": "Gandaki", "source_adm2": "Gorkha", "source_adm3": "Gandaki", "source_adm4": "", "attribute_confidence": "high", "start_degree": 3, "end_degree": 3, "topology_role": "intersection_to_intersection", "dangle_flag": false, "short_dangle_flag": false, "component_id": 13, "component_length_km": 0.733237315546272, "component_segment_count": 5}, "geometry": {"type": "LineString", "coordinates": [[84.63263836308631, 27.870182173294367], [84.6326375, 27.870178400000004], [84.6326038, 27.870167099999996], [84.6325297, 27.870164699999997], [84.6325039, 27.8701449], [84.6323648, 27.8701471], [84.63183398496571, 27.868908855792238]]}}, {"type": "Feature", "properties": {"fid": 16, "segment_id": 60, "length_m": 113.51358125180344, "length_km": 0.11351358125180344, "highway": "path", "name": null, "name_en": null, "name_ne": null, "surface": null, "smoothness": null, "lanes": null, "oneway": null, "bridge": null, "layer": null, "source": null, "adm0_name": "Nepal", "adm1_name": "Gandaki", "adm2_name": "Gorkha", "adm3_name": "Gandaki", "adm4_name": null, "source_feature_count": 1, "source_fids": "1377", "source_ids": "way/340852638", "source_highways": "path", "source_names": "", "source_adm1": "Gandaki", "source_adm2": "Gorkha", "source_adm3": "Gandaki", "source_adm4": "", "attribute_confidence": "high", "start_degree": 3, "end_degree": 1, "topology_role": "dead_end_link", "dangle_flag": true, "short_dangle_flag": false, "component_id": 13, "component_length_km": 0.733237315546272, "component_segment_count": 5}, "geometry": {"type": "LineString", "coordinates": [[84.63168728525545, 27.870402018218623], [84.6316417, 27.870399900000002]]}}, {"type": "Feature", "properties": {"fid": 17, "segment_id": 62, "length_m": 935.963412404021, "length_km": 0.935963412404021, "highway": "unclassified", "name": null, "name_en": null, "name_ne": null, "surface": null, "smoothness": null, "lanes": null, "oneway": null, "bridge": null, "layer": null, "source": null, "adm0_name": "Nepal", "adm1_name": "Gandaki", "adm2_name": "Gorkha", "adm3_name": "Gandaki", "adm4_name": null, "source_feature_count": 1, "source_fids": "1187", "source_ids": "way/1525234064", "source_highways": "unclassified", "source_names": "", "source_adm1": "Gandaki", "source_adm2": "Gorkha", "source_adm3": "Gandaki", "source_adm4": "", "attribute_confidence": "high", "start_degree": 1, "end_degree": 1, "topology_role": "dead_end_to_dead_end", "dangle_flag": true, "short_dangle_flag": false, "component_id": 15, "component_length_km": 0.935963412404021, "component_segment_count": 1}, "geometry": {"type": "MultiLineString", "coordinates": [[[84.63481006492236, 27.869524106069083], [84.63486039263505, 27.86945848773947]], [[84.63471051639956, 27.867616863402237], [84.6345654, 27.867476799999995], [84.6344528, 27.867253899999998], [84.6343964, 27.867061799999995], [84.6343482, 27.8669101], [84.6343819, 27.866742999999996], [84.6343891299011, 27.866698981237597]]]}}, {"type": "Feature", "properties": {"fid": 18, "segment_id": 65, "length_m": 211.74738693922163, "length_km": 0.21174738693922163, "highway": "footway", "name": null, "name_en": null, "name_ne": null, "surface": null, "smoothness": null, "lanes": null, "oneway": null, "bridge": null, "layer": null, "source": null, "adm0_name": "Nepal", "adm1_name": "Bagmati", "adm2_name": "Chitawan", "adm3_name": "Ichchha Kamana", "adm4_name": null, "source_feature_count": 1, "source_fids": "134", "source_ids": "way/44686760", "source_highways": "footway", "source_names": "", "source_adm1": "Bagmati", "source_adm2": "Chitawan", "source_adm3": "Ichchha Kamana", "source_adm4": "", "attribute_confidence": "high", "start_degree": 3, "end_degree": 3, "topology_role": "intersection_to_intersection", "dangle_flag": false, "short_dangle_flag": false, "component_id": 14, "component_length_km": 2.4899140806232136, "component_segment_count": 7}, "geometry": {"type": "LineString", "coordinates": [[84.6399122984004, 27.859317017054526], [84.63985270293381, 27.860559685682464]]}}, {"type": "Feature", "properties": {"fid": 19, "segment_id": 69, "length_m": 232.796224007621, "length_km": 0.23279622400762098, "highway": "service", "name": null, "name_en": null, "name_ne": null, "surface": null, "smoothness": null, "lanes": null, "oneway": null, "bridge": null, "layer": null, "source": null, "adm0_name": "Nepal", "adm1_name": "Bagmati", "adm2_name": "Chitawan", "adm3_name": "Ichchha Kamana", "adm4_name": null, "source_feature_count": 1, "source_fids": "8", "source_ids": "way/1539397946", "source_highways": "service", "source_names": "", "source_adm1": "Bagmati", "source_adm2": "Chitawan", "source_adm3": "Ichchha Kamana", "source_adm4": "", "attribute_confidence": "high", "start_degree": 1, "end_degree": 3, "topology_role": "dead_end_link", "dangle_flag": true, "short_dangle_flag": false, "component_id": 16, "component_length_km": 2.10611254336053, "component_segment_count": 8}, "geometry": {"type": "LineString", "coordinates": [[84.64069053829535, 27.859304120852574], [84.6410957961244, 27.859492714080126]]}}, {"type": "Feature", "properties": {"fid": 20, "segment_id": 70, "length_m": 262.0100547480154, "length_km": 0.2620100547480154, "highway": "service", "name": null, "name_en": null, "name_ne": null, "surface": null, "smoothness": null, "lanes": null, "oneway": null, "bridge": "yes", "layer": "1", "source": null, "adm0_name": "Nepal", "adm1_name": "Bagmati", "adm2_name": "Chitawan", "adm3_name": "Ichchha Kamana", "adm4_name": null, "source_feature_count": 1, "source_fids": "141", "source_ids": "way/1539397947", "source_highways": "service", "source_names": "", "source_adm1": "Bagmati", "source_adm2": "Chitawan", "source_adm3": "Ichchha Kamana", "source_adm4": "", "attribute_confidence": "high", "start_degree": 3, "end_degree": 3, "topology_role": "intersection_to_intersection", "dangle_flag": false, "short_dangle_flag": false, "component_id": 16, "component_length_km": 2.10611254336053, "component_segment_count": 8}, "geometry": {"type": "LineString", "coordinates": [[84.6410957961244, 27.859492714080126], [84.64106364820631, 27.859622873943607], [84.64085130000001, 27.860438899999995], [84.6408053, 27.860603999999995], [84.6415995, 27.8608129], [84.6418615, 27.8609372], [84.6420547, 27.8610791]]}}, {"type": "Feature", "properties": {"fid": 21, "segment_id": 71, "length_m": 124.66544667573393, "length_km": 0.12466544667573393, "highway": "service", "name": null, "name_en": null, "name_ne": null, "surface": null, "smoothness": null, "lanes": null, "oneway": null, "bridge": null, "layer": null, "source": null, "adm0_name": "Nepal", "adm1_name": "Bagmati", "adm2_name": "Chitawan", "adm3_name": "Ichchha Kamana", "adm4_name": null, "source_feature_count": 1, "source_fids": "8", "source_ids": "way/1539397946", "source_highways": "service", "source_names": "", "source_adm1": "Bagmati", "source_adm2": "Chitawan", "source_adm3": "Ichchha Kamana", "source_adm4": "", "attribute_confidence": "high", "start_degree": 3, "end_degree": 3, "topology_role": "intersection_to_intersection", "dangle_flag": false, "short_dangle_flag": false, "component_id": 16, "component_length_km": 2.10611254336053, "component_segment_count": 8}, "geometry": {"type": "LineString", "coordinates": [[84.6410957961244, 27.859492714080126], [84.64116, 27.8594118], [84.6415374, 27.8595275], [84.64173460000002, 27.859545899999997], [84.6419053, 27.8595526], [84.6422902, 27.8595742]]}}, {"type": "Feature", "properties": {"fid": 22, "segment_id": 74, "length_m": 170.37474291522386, "length_km": 0.17037474291522386, "highway": "service", "name": null, "name_en": null, "name_ne": null, "surface": null, "smoothness": null, "lanes": null, "oneway": null, "bridge": null, "layer": null, "source": null, "adm0_name": "Nepal", "adm1_name": "Bagmati", "adm2_name": "Chitawan", "adm3_name": "Ichchha Kamana", "adm4_name": null, "source_feature_count": 1, "source_fids": "1181", "source_ids": "way/1539397953", "source_highways": "service", "source_names": "", "source_adm1": "Bagmati", "source_adm2": "Chitawan", "source_adm3": "Ichchha Kamana", "source_adm4": "", "attribute_confidence": "high", "start_degree": 3, "end_degree": 3, "topology_role": "intersection_to_intersection", "dangle_flag": false, "short_dangle_flag": false, "component_id": 16, "component_length_km": 2.10611254336053, "component_segment_count": 8}, "geometry": {"type": "LineString", "coordinates": [[84.64260205339134, 27.861568620287276], [84.6426255, 27.8615419], [84.642635, 27.861478200000004], [84.6426293, 27.8614464], [84.6426047, 27.861421200000002], [84.6425516, 27.861404399999994], [84.642434, 27.861369199999995], [84.6423316, 27.861312199999993], [84.6421438, 27.8611915], [84.6420547, 27.8610791]]}}, {"type": "Feature", "properties": {"fid": 23, "segment_id": 75, "length_m": 170.04142208674503, "length_km": 0.17004142208674503, "highway": "service", "name": null, "name_en": null, "name_ne": null, "surface": null, "smoothness": null, "lanes": null, "oneway": null, "bridge": "yes", "layer": "1", "source": null, "adm0_name": "Nepal", "adm1_name": "Bagmati", "adm2_name": "Chitawan", "adm3_name": "Ichchha Kamana", "adm4_name": null, "source_feature_count": 1, "source_fids": "140", "source_ids": "way/1539397950", "source_highways": "service", "source_names": "", "source_adm1": "Bagmati", "source_adm2": "Chitawan", "source_adm3": "Ichchha Kamana", "source_adm4": "", "attribute_confidence": "high", "start_degree": 3, "end_degree": 3, "topology_role": "intersection_to_intersection", "dangle_flag": false, "short_dangle_flag": false, "component_id": 16, "component_length_km": 2.10611254336053, "component_segment_count": 8}, "geometry": {"type": "LineString", "coordinates": [[84.6420547, 27.8610791], [84.6420243, 27.8609852], [84.6420338, 27.860864499999998], [84.6420679, 27.860789100000005], [84.6421097, 27.860698499999998], [84.6421234, 27.860547], [84.6421279, 27.8605001], [84.642224, 27.859938300000003], [84.6422902, 27.8595742]]}}, {"type": "Feature", "properties": {"fid": 24, "segment_id": 76, "length_m": 99.39619399594088, "length_km": 0.09939619399594088, "highway": "service", "name": null, "name_en": null, "name_ne": null, "surface": null, "smoothness": null, "lanes": null, "oneway": null, "bridge": null, "layer": null, "source": null, "adm0_name": "Nepal", "adm1_name": "Bagmati", "adm2_name": "Chitawan", "adm3_name": "Ichchha Kamana", "adm4_name": null, "source_feature_count": 1, "source_fids": "8", "source_ids": "way/1539397946", "source_highways": "service", "source_names": "", "source_adm1": "Bagmati", "source_adm2": "Chitawan", "source_adm3": "Ichchha Kamana", "source_adm4": "", "attribute_confidence": "high", "start_degree": 3, "end_degree": 1, "topology_role": "dead_end_link", "dangle_flag": true, "short_dangle_flag": false, "component_id": 16, "component_length_km": 2.10611254336053, "component_segment_count": 8}, "geometry": {"type": "LineString", "coordinates": [[84.6422902, 27.8595742], [84.6425028, 27.859586200000003], [84.6430888, 27.8596063], [84.6432842, 27.859673399999995]]}}, {"type": "Feature", "properties": {"fid": 25, "segment_id": 80, "length_m": 385.880105400392, "length_km": 0.38588010540039197, "highway": "path", "name": null, "name_en": null, "name_ne": null, "surface": null, "smoothness": null, "lanes": null, "oneway": null, "bridge": null, "layer": null, "source": null, "adm0_name": "Nepal", "adm1_name": "Gandaki", "adm2_name": "Gorkha", "adm3_name": "Gandaki", "adm4_name": null, "source_feature_count": 1, "source_fids": "130", "source_ids": "way/342368121", "source_highways": "path", "source_names": "", "source_adm1": "Gandaki", "source_adm2": "Gorkha", "source_adm3": "Gandaki", "source_adm4": "", "attribute_confidence": "high", "start_degree": 1, "end_degree": 3, "topology_role": "dead_end_link", "dangle_flag": true, "short_dangle_flag": false, "component_id": 18, "component_length_km": 20.106518073425793, "component_segment_count": 44}, "geometry": {"type": "LineString", "coordinates": [[84.65205567320129, 27.852899466404807], [84.65189634821733, 27.852067753034387]]}}, {"type": "Feature", "properties": {"fid": 26, "segment_id": 86, "length_m": 386.7110465569525, "length_km": 0.3867110465569525, "highway": "tertiary", "name": null, "name_en": "Trisuli Bridge", "name_ne": null, "surface": null, "smoothness": null, "lanes": null, "oneway": null, "bridge": "yes", "layer": "1", "source": null, "adm0_name": "Nepal", "adm1_name": "Bagmati", "adm2_name": "Chitawan", "adm3_name": "Ichchha Kamana", "adm4_name": null, "source_feature_count": 1, "source_fids": "118", "source_ids": "way/1408714154", "source_highways": "tertiary", "source_names": "", "source_adm1": "Bagmati", "source_adm2": "Chitawan", "source_adm3": "Ichchha Kamana", "source_adm4": "", "attribute_confidence": "high", "start_degree": 3, "end_degree": 3, "topology_role": "intersection_to_intersection", "dangle_flag": false, "short_dangle_flag": false, "component_id": 18, "component_length_km": 20.106518073425793, "component_segment_count": 44}, "geometry": {"type": "LineString", "coordinates": [[84.66263561928278, 27.844776004743817], [84.6613127, 27.8443323], [84.66111262155675, 27.84425897250128]]}}, {"type": "Feature", "properties": {"fid": 27, "segment_id": 87, "length_m": 269.3215847032566, "length_km": 0.26932158470325657, "highway": "trunk", "name": "Prithvi Rajmarg", "name_en": "Prithvi Rajmarg", "name_ne": null, "surface": "asphalt", "smoothness": null, "lanes": null, "oneway": null, "bridge": null, "layer": null, "source": "survey", "adm0_name": "Nepal", "adm1_name": "Bagmati", "adm2_name": "Chitawan", "adm3_name": "Ichchha Kamana", "adm4_name": null, "source_feature_count": 1, "source_fids": "1256", "source_ids": "way/27032883", "source_highways": "trunk", "source_names": "Prithvi Rajmarg", "source_adm1": "Bagmati", "source_adm2": "Chitawan", "source_adm3": "Ichchha Kamana", "source_adm4": "", "attribute_confidence": "high", "start_degree": 3, "end_degree": 3, "topology_role": "intersection_to_intersection", "dangle_flag": false, "short_dangle_flag": false, "component_id": 18, "component_length_km": 20.106518073425793, "component_segment_count": 44}, "geometry": {"type": "LineString", "coordinates": [[84.66119885086094, 27.843873831718533], [84.6614597, 27.8433852], [84.6618082, 27.842801999999995], [84.6622393, 27.842051499999993]]}}, {"type": "Feature", "properties": {"fid": 28, "segment_id": 90, "length_m": 66.52223784142998, "length_km": 0.06652223784142998, "highway": "unclassified", "name": null, "name_en": null, "name_ne": null, "surface": null, "smoothness": null, "lanes": null, "oneway": null, "bridge": null, "layer": null, "source": null, "adm0_name": "Nepal", "adm1_name": "Bagmati", "adm2_name": "Chitawan", "adm3_name": "Ichchha Kamana", "adm4_name": null, "source_feature_count": 1, "source_fids": "113", "source_ids": "way/340455960", "source_highways": "unclassified", "source_names": "", "source_adm1": "Bagmati", "source_adm2": "Chitawan", "source_adm3": "Ichchha Kamana", "source_adm4": "", "attribute_confidence": "high", "start_degree": 3, "end_degree": 3, "topology_role": "intersection_to_intersection", "dangle_flag": false, "short_dangle_flag": false, "component_id": 18, "component_length_km": 20.106518073425793, "component_segment_count": 44}, "geometry": {"type": "LineString", "coordinates": [[84.6622393, 27.842051499999993], [84.66216090000002, 27.84200819999999], [84.66195286464466, 27.841897018333746]]}}, {"type": "Feature", "properties": {"fid": 29, "segment_id": 91, "length_m": 2156.9302791124574, "length_km": 2.156930279112457, "highway": "trunk", "name": "Prithvi Rajmarg", "name_en": "Prithvi Rajmarg", "name_ne": null, "surface": "asphalt", "smoothness": null, "lanes": null, "oneway": null, "bridge": null, "layer": null, "source": "survey", "adm0_name": "Nepal", "adm1_name": "Bagmati", "adm2_name": "Chitawan", "adm3_name": "Ichchha Kamana", "adm4_name": null, "source_feature_count": 1, "source_fids": "1256", "source_ids": "way/27032883", "source_highways": "trunk", "source_names": "Prithvi Rajmarg", "source_adm1": "Bagmati", "source_adm2": "Chitawan", "source_adm3": "Ichchha Kamana", "source_adm4": "", "attribute_confidence": "high", "start_degree": 3, "end_degree": 3, "topology_role": "intersection_to_intersection", "dangle_flag": false, "short_dangle_flag": false, "component_id": 18, "component_length_km": 20.106518073425793, "component_segment_count": 44}, "geometry": {"type": "MultiLineString", "coordinates": [[[84.6622393, 27.842051499999993], [84.6624493, 27.841654699999996], [84.6625394, 27.841432400000002], [84.66260094340217, 27.841256844628536]], [[84.66261275832682, 27.835798252167624], [84.6626046, 27.835745500000005], [84.6625618, 27.8354753], [84.6625423, 27.8353552], [84.6625075, 27.8352405], [84.6624453, 27.835083], [84.66236, 27.834921899999998], [84.6622489, 27.8347004], [84.6621185, 27.83447509999999], [84.6620438, 27.834340399999995], [84.6619445, 27.834185100000003], [84.6618225, 27.834007299999993], [84.6616579, 27.8338027], [84.6615497, 27.833636899999995], [84.6614872, 27.833513799999984], [84.6614528, 27.833432799999997], [84.661383, 27.833233], [84.6612665, 27.8329243], [84.6611791, 27.832761400000003], [84.660924, 27.832311100000002], [84.6608232, 27.832121599999994], [84.6607664, 27.8320116], [84.6606906, 27.83184599999999], [84.6606287, 27.8316488], [84.6605877, 27.831446099999997], [84.6605435, 27.83108839999999], [84.6605163, 27.830948], [84.6604845, 27.830825899999997], [84.6604555, 27.830719299999995], [84.6603886, 27.830548999999998], [84.6602931, 27.830308099999996], [84.6602414, 27.8301517], [84.6602054, 27.8300134], [84.6601909, 27.829882200000004], [84.6601814, 27.829742699999994], [84.6601956, 27.8295251], [84.660211, 27.829375699999996], [84.6602433, 27.829212100000003], [84.6602887, 27.829081100000003], [84.6603597, 27.828925000000005], [84.6604025, 27.828857399999997], [84.6604767, 27.828762299999998], [84.6605963, 27.8285848], [84.6606781, 27.8284844], [84.6607561, 27.8283827], [84.6608189, 27.8283101], [84.66088340000002, 27.828231800000005], [84.6610227, 27.8281], [84.6612051, 27.8279282], [84.6614114, 27.8277651], [84.6617925, 27.827482200000002], [84.662198, 27.8271986], [84.66255910000001, 27.826944199999993], [84.66279220000001, 27.826773100000004], [84.6633001, 27.8264171], [84.6640024, 27.825917100000005], [84.6646981, 27.8254267], [84.6650071, 27.8251976], [84.6651501, 27.8250837]]]}}, {"type": "Feature", "properties": {"fid": 30, "segment_id": 95, "length_m": 211.31388550683, "length_km": 0.21131388550683, "highway": "unclassified", "name": null, "name_en": null, "name_ne": null, "surface": null, "smoothness": null, "lanes": null, "oneway": null, "bridge": null, "layer": null, "source": null, "adm0_name": "Nepal", "adm1_name": "Gandaki", "adm2_name": "Gorkha", "adm3_name": "Gandaki", "adm4_name": null, "source_feature_count": 1, "source_fids": "1134", "source_ids": "way/341182155", "source_highways": "unclassified", "source_names": "", "source_adm1": "Gandaki", "source_adm2": "Gorkha", "source_adm3": "Gandaki", "source_adm4": "", "attribute_confidence": "high", "start_degree": 3, "end_degree": 3, "topology_role": "intersection_to_intersection", "dangle_flag": false, "short_dangle_flag": false, "component_id": 18, "component_length_km": 20.106518073425793, "component_segment_count": 44}, "geometry": {"type": "LineString", "coordinates": [[84.66455079367151, 27.82409000284353], [84.6648158, 27.824461099999994], [84.664979, 27.8246301], [84.6650497, 27.8247796], [84.6650627, 27.824930900000002], [84.665114, 27.8250206], [84.6651501, 27.8250837]]}}, {"type": "Feature", "properties": {"fid": 31, "segment_id": 99, "length_m": 416.2821438845277, "length_km": 0.4162821438845277, "highway": "trunk", "name": "Prithvi Rajmarg", "name_en": "Prithvi Rajmarg", "name_ne": null, "surface": "asphalt", "smoothness": null, "lanes": null, "oneway": null, "bridge": null, "layer": null, "source": null, "adm0_name": "Nepal", "adm1_name": "Gandaki", "adm2_name": "Gorkha", "adm3_name": "Gandaki", "adm4_name": null, "source_feature_count": 1, "source_fids": "1139", "source_ids": "way/302727042", "source_highways": "trunk", "source_names": "Prithvi Rajmarg", "source_adm1": "Gandaki", "source_adm2": "Gorkha", "source_adm3": "Gandaki", "source_adm4": "", "attribute_confidence": "high", "start_degree": 3, "end_degree": 3, "topology_role": "intersection_to_intersection", "dangle_flag": false, "short_dangle_flag": false, "component_id": 18, "component_length_km": 20.106518073425793, "component_segment_count": 44}, "geometry": {"type": "LineString", "coordinates": [[84.6651501, 27.8250837], [84.6652298, 27.825017799999998], [84.6653624, 27.8248676], [84.665491, 27.824711999999998], [84.6656224, 27.8245137], [84.6658561, 27.8241654], [84.6661476, 27.823715499999995], [84.6663564, 27.8233654], [84.6665599, 27.823019], [84.6666607, 27.822835299999998], [84.6667683, 27.822654599999996], [84.66685940000002, 27.822484799999994], [84.6669545, 27.822329799999995], [84.6670629, 27.822161299999998], [84.6671166, 27.822051899999998], [84.6671517, 27.821976], [84.6671751, 27.8218895], [84.6671815, 27.821814999999997]]}}, {"type": "Feature", "properties": {"fid": 32, "segment_id": 100, "length_m": 663.3676978628707, "length_km": 0.6633676978628708, "highway": "trunk", "name": "Prithvi Rajmarg", "name_en": "Prithvi Rajmarg", "name_ne": null, "surface": "asphalt", "smoothness": null, "lanes": null, "oneway": null, "bridge": null, "layer": null, "source": null, "adm0_name": "Nepal", "adm1_name": "Gandaki", "adm2_name": "Gorkha", "adm3_name": "Gandaki", "adm4_name": null, "source_feature_count": 1, "source_fids": "1139", "source_ids": "way/302727042", "source_highways": "trunk", "source_names": "Prithvi Rajmarg", "source_adm1": "Gandaki", "source_adm2": "Gorkha", "source_adm3": "Gandaki", "source_adm4": "", "attribute_confidence": "high", "start_degree": 3, "end_degree": 3, "topology_role": "intersection_to_intersection", "dangle_flag": false, "short_dangle_flag": false, "component_id": 18, "component_length_km": 20.106518073425793, "component_segment_count": 44}, "geometry": {"type": "LineString", "coordinates": [[84.6671815, 27.821814999999997], [84.6671645, 27.821657799999997], [84.6671485, 27.8215451], [84.6670957, 27.821362999999998], [84.6670465, 27.821255], [84.6670074, 27.8211872], [84.6669366, 27.8211212], [84.6668429, 27.8210709], [84.6667463, 27.8210254], [84.6666661, 27.820974399999997], [84.6665764, 27.820901399999993], [84.6665079, 27.820826899999997], [84.6664637, 27.820757599999993], [84.6664339, 27.820672499999997], [84.66640930000001, 27.820561499999997], [84.6663909, 27.820404199999995], [84.6663506, 27.820064799999997], [84.6663363, 27.819854300000003], [84.6663428, 27.819564999999997], [84.6663628, 27.8193618], [84.6664123, 27.81913799999999], [84.6664968, 27.818929599999997], [84.6665492, 27.818823899999998], [84.6666245, 27.8187101], [84.6667157, 27.8185962], [84.6667734, 27.818520299999996], [84.6668877, 27.818422400000003], [84.6671161, 27.818222900000002], [84.6672781, 27.818097699999992], [84.6674509, 27.817985600000004], [84.6675439, 27.8179212], [84.6676523, 27.817853899999996], [84.6678304, 27.817765199999993], [84.6680428, 27.817665500000004], [84.6682584, 27.817590699999997], [84.668415, 27.817524299999995], [84.6685477, 27.817456700000005], [84.6686752, 27.817383499999995], [84.668792, 27.8172959], [84.66892210000002, 27.8172012]]}}, {"type": "Feature", "properties": {"fid": 33, "segment_id": 101, "length_m": 114.5797529518129, "length_km": 0.11457975295181291, "highway": "footway", "name": null, "name_en": null, "name_ne": null, "surface": null, "smoothness": null, "lanes": null, "oneway": null, "bridge": "yes", "layer": "1", "source": null, "adm0_name": "Nepal", "adm1_name": "Gandaki", "adm2_name": "Gorkha", "adm3_name": "Gandaki", "adm4_name": null, "source_feature_count": 1, "source_fids": "1133", "source_ids": "way/1408714155", "source_highways": "footway", "source_names": "", "source_adm1": "Gandaki", "source_adm2": "Gorkha", "source_adm3": "Gandaki", "source_adm4": "", "attribute_confidence": "high", "start_degree": 3, "end_degree": 3, "topology_role": "intersection_to_intersection", "dangle_flag": false, "short_dangle_flag": false, "component_id": 18, "component_length_km": 20.106518073425793, "component_segment_count": 44}, "geometry": {"type": "LineString", "coordinates": [[84.6671815, 27.821814999999997], [84.6673777, 27.821817299999992], [84.6681321952369, 27.821906309165442], [84.66827814405534, 27.821890591632187]]}}, {"type": "Feature", "properties": {"fid": 34, "segment_id": 102, "length_m": 285.8521987475904, "length_km": 0.28585219874759044, "highway": "unclassified", "name": null, "name_en": null, "name_ne": null, "surface": null, "smoothness": null, "lanes": null, "oneway": null, "bridge": null, "layer": null, "source": null, "adm0_name": "Nepal", "adm1_name": "Bagmati", "adm2_name": "Dhading", "adm3_name": "Benighat Rorang", "adm4_name": null, "source_feature_count": 1, "source_fids": "371", "source_ids": "way/341182154", "source_highways": "unclassified", "source_names": "", "source_adm1": "Bagmati", "source_adm2": "Dhading", "source_adm3": "Benighat Rorang", "source_adm4": "", "attribute_confidence": "high", "start_degree": 3, "end_degree": 1, "topology_role": "dead_end_link", "dangle_flag": true, "short_dangle_flag": false, "component_id": 18, "component_length_km": 20.106518073425793, "component_segment_count": 44}, "geometry": {"type": "LineString", "coordinates": [[84.66892210000002, 27.8172012], [84.6690394, 27.816967499999997], [84.66901170000001, 27.816834800000002], [84.6689281, 27.816678699999997], [84.668901, 27.8165887], [84.66896230000002, 27.8164327], [84.6688075, 27.816237700000002], [84.6687641, 27.816173900000003], [84.6686851, 27.815952899999996], [84.6686456, 27.8158901], [84.6686288, 27.815829699999995], [84.6686156, 27.815753399999995], [84.66861376072916, 27.81574860117976]]}}, {"type": "Feature", "properties": {"fid": 35, "segment_id": 104, "length_m": 748.7699982797569, "length_km": 0.7487699982797569, "highway": "trunk", "name": "Prithvi Rajmarg", "name_en": "Prithvi Rajmarg", "name_ne": null, "surface": "asphalt", "smoothness": null, "lanes": null, "oneway": null, "bridge": null, "layer": null, "source": null, "adm0_name": "Nepal", "adm1_name": "Gandaki", "adm2_name": "Gorkha", "adm3_name": "Gandaki", "adm4_name": null, "source_feature_count": 1, "source_fids": "1139", "source_ids": "way/302727042", "source_highways": "trunk", "source_names": "Prithvi Rajmarg", "source_adm1": "Gandaki", "source_adm2": "Gorkha", "source_adm3": "Gandaki", "source_adm4": "", "attribute_confidence": "high", "start_degree": 3, "end_degree": 3, "topology_role": "intersection_to_intersection", "dangle_flag": false, "short_dangle_flag": false, "component_id": 18, "component_length_km": 20.106518073425793, "component_segment_count": 44}, "geometry": {"type": "LineString", "coordinates": [[84.66892210000002, 27.8172012], [84.6689969, 27.817146800000003], [84.6690738, 27.817095499999994], [84.6691726, 27.8170543], [84.6692758, 27.8170279], [84.6694439, 27.8169741], [84.6697125, 27.816894199999997], [84.6699612, 27.8168135], [84.6702353, 27.816712600000002], [84.67044, 27.816663999999996], [84.6705995, 27.816637899999996], [84.6707802, 27.8166341], [84.6709952, 27.8166518], [84.671132, 27.816646299999995], [84.6712564, 27.81664200000001], [84.6714029, 27.8166237], [84.6715263, 27.816590499999997], [84.6718328, 27.81653009999999], [84.6720166, 27.816464799999995], [84.672209, 27.8164112], [84.6724846, 27.816304299999995], [84.6727106, 27.816258200000004], [84.6728258, 27.816229899999993], [84.6729425, 27.816215699999997], [84.6732067, 27.816190799999998], [84.6733592, 27.816165699999996], [84.6735337, 27.816154099999995], [84.6736626, 27.816134099999996], [84.6737637, 27.8161186], [84.6738128, 27.8161113], [84.6738662, 27.816094599999996], [84.6739376, 27.816070999999997], [84.6739972, 27.816035999999993], [84.6741591, 27.815964299999997], [84.6743522, 27.8158846], [84.6746068, 27.81581239999999], [84.6750213, 27.815734899999995], [84.6752855, 27.815679499999998], [84.6754841, 27.815633999999996], [84.6756314, 27.8156001], [84.6757698, 27.8155543], [84.6760354, 27.8154699], [84.6761721, 27.815423000000003]]}}, {"type": "Feature", "properties": {"fid": 36, "segment_id": 105, "length_m": 566.6153830249574, "length_km": 0.5666153830249574, "highway": "unclassified", "name": null, "name_en": null, "name_ne": null, "surface": null, "smoothness": null, "lanes": null, "oneway": null, "bridge": null, "layer": null, "source": null, "adm0_name": "Nepal", "adm1_name": "Bagmati", "adm2_name": "Dhading", "adm3_name": "Benighat Rorang", "adm4_name": null, "source_feature_count": 1, "source_fids": "1140", "source_ids": "way/1089987658", "source_highways": "unclassified", "source_names": "", "source_adm1": "Bagmati", "source_adm2": "Dhading", "source_adm3": "Benighat Rorang", "source_adm4": "", "attribute_confidence": "high", "start_degree": 3, "end_degree": 3, "topology_role": "intersection_to_intersection", "dangle_flag": false, "short_dangle_flag": false, "component_id": 18, "component_length_km": 20.106518073425793, "component_segment_count": 44}, "geometry": {"type": "LineString", "coordinates": [[84.67778960544446, 27.813946591266905], [84.6777702, 27.813974199999993], [84.6775097, 27.8141915], [84.6774173, 27.8142871], [84.6772715, 27.814441199999997], [84.6771764, 27.8145725], [84.676986, 27.814750599999996], [84.67674380000001, 27.814900599999994], [84.6766065, 27.814977399999997], [84.6765292, 27.8150711], [84.6764571, 27.815129999999996], [84.6763542, 27.8152198], [84.6762786, 27.815308000000005], [84.6761721, 27.815423000000003]]}}, {"type": "Feature", "properties": {"fid": 37, "segment_id": 106, "length_m": 2297.5179949684098, "length_km": 2.29751799496841, "highway": "trunk", "name": "Prithvi Rajmarg", "name_en": "Prithvi Rajmarg", "name_ne": null, "surface": "asphalt", "smoothness": null, "lanes": null, "oneway": null, "bridge": null, "layer": null, "source": null, "adm0_name": "Nepal", "adm1_name": "Gandaki", "adm2_name": "Gorkha", "adm3_name": "Gandaki", "adm4_name": null, "source_feature_count": 1, "source_fids": "1139", "source_ids": "way/302727042", "source_highways": "trunk", "source_names": "Prithvi Rajmarg", "source_adm1": "Gandaki", "source_adm2": "Gorkha", "source_adm3": "Gandaki", "source_adm4": "", "attribute_confidence": "high", "start_degree": 3, "end_degree": 3, "topology_role": "intersection_to_intersection", "dangle_flag": false, "short_dangle_flag": false, "component_id": 18, "component_length_km": 20.106518073425793, "component_segment_count": 44}, "geometry": {"type": "LineString", "coordinates": [[84.6761721, 27.815423000000003], [84.6762389, 27.815396700000004], [84.6762984, 27.815364899999995], [84.6764191, 27.815279999999994], [84.6765286, 27.815213399999998], [84.6766403, 27.815143199999998], [84.6767999, 27.815042599999998], [84.6771929, 27.8148056], [84.6775698, 27.8145364], [84.6779766, 27.814237799999994], [84.6781915, 27.8140809], [84.6783115, 27.814001000000005], [84.6784502, 27.813929599999998], [84.6785916, 27.813862899999997], [84.6787468, 27.813804199999996], [84.6789235, 27.8137468], [84.6791331, 27.813688699999993], [84.6793272, 27.813621699999995], [84.6794066, 27.8135937], [84.6794869, 27.813557499999995], [84.6795843, 27.813507700000002], [84.6796751, 27.813450699999997], [84.6798042, 27.813376000000005], [84.6799352, 27.81327859999999], [84.6800347, 27.8132086], [84.6801655, 27.8131017], [84.680323, 27.812949400000004], [84.6805197, 27.812777], [84.6807273, 27.81261449999999], [84.6808851, 27.8124773], [84.681009, 27.812371399999996], [84.6811073, 27.812292700000004], [84.6811801, 27.8122355], [84.6812917, 27.812159299999998], [84.6813912, 27.8120995], [84.6814674, 27.812053900000002], [84.6815718, 27.8119733], [84.6817356, 27.811819300000003], [84.6820099, 27.81156779999999], [84.6820895, 27.8114799], [84.6821833, 27.811394999999997], [84.6822683, 27.811306499999997], [84.6825468, 27.8110363], [84.68259000000002, 27.811011399999998], [84.6826852, 27.810948199999995], [84.6827778, 27.810891], [84.6828497, 27.810844900000003], [84.6830148, 27.810740800000005], [84.6831947, 27.8106503], [84.6835087, 27.810499399999998], [84.6837966, 27.810365899999997], [84.6840301, 27.810255399999992], [84.6842899, 27.810157299999997], [84.6844077, 27.8100982], [84.6846642, 27.810024299999995], [84.6848862, 27.8099735], [84.6849682, 27.809967999999994], [84.6851242, 27.809951399999992], [84.685286, 27.8099301], [84.6855202, 27.8098809], [84.6857406, 27.8098566], [84.6859067, 27.809874399999995], [84.68612150000001, 27.809880300000003], [84.6863803, 27.809868500000004], [84.6866284, 27.809853], [84.6869744, 27.809853099999998], [84.6873527, 27.809842299999993], [84.6876695, 27.8098315], [84.6878596, 27.809825800000002], [84.68804960000001, 27.8098183], [84.6882086, 27.8098043], [84.6883355, 27.8097808], [84.6885404, 27.8097282], [84.6886929, 27.8096496], [84.6888077, 27.8095814], [84.6888938, 27.809538500000002], [84.6891394, 27.809434399999997], [84.6893562, 27.8093878], [84.6895512, 27.809356299999997], [84.6897056, 27.8093222], [84.6898401, 27.809292500000005], [84.68995440000002, 27.809262299999997], [84.6900574, 27.809231699999998], [84.6902454, 27.80918159999999], [84.6905282, 27.809113400000005], [84.6906551, 27.809085499999995], [84.6907858, 27.809066500000004], [84.6908945, 27.809042900000005], [84.6910355, 27.8090137], [84.6911623, 27.809010700000005], [84.6913134, 27.809006499999995], [84.6916409, 27.809029099999993], [84.6918437, 27.809068799999995], [84.6920624, 27.809116799999998], [84.6922173, 27.809152099999995], [84.6923346, 27.809162499999996], [84.6924059, 27.809172799999995], [84.6925003, 27.809166899999997], [84.6926017, 27.8091657], [84.6926991, 27.809148400000005], [84.6929026, 27.8091008], [84.6930363, 27.809079599999997], [84.6931525, 27.8090322], [84.6933114, 27.808949799999997], [84.6934251, 27.8088708], [84.6935512, 27.808766500000004], [84.6936692, 27.808683499999997], [84.6938981, 27.8084634], [84.6941269, 27.8082833], [84.6942833, 27.808199100000003], [84.6944892, 27.8081055], [84.6947152, 27.808035599999997], [84.6949266, 27.807997499999995], [84.6952822, 27.8079395], [84.6956478, 27.8078549], [84.6959377, 27.8077875], [84.6961633, 27.807688000000002], [84.6963769, 27.807576699999995], [84.6966369, 27.8073765]]}}, {"type": "Feature", "properties": {"fid": 38, "segment_id": 108, "length_m": 1528.936545001897, "length_km": 1.528936545001897, "highway": "UNCLASSIFIED_UNKNOWN", "name": null, "name_en": null, "name_ne": null, "surface": null, "smoothness": null, "lanes": null, "oneway": null, "bridge": null, "layer": null, "source": null, "adm0_name": null, "adm1_name": null, "adm2_name": null, "adm3_name": null, "adm4_name": null, "source_feature_count": 1, "source_fids": "1381", "source_ids": "", "source_highways": "UNCLASSIFIED_UNKNOWN", "source_names": "", "source_adm1": "", "source_adm2": "", "source_adm3": "", "source_adm4": "", "attribute_confidence": "high", "start_degree": 1, "end_degree": 1, "topology_role": "dead_end_to_dead_end", "dangle_flag": true, "short_dangle_flag": false, "component_id": 21, "component_length_km": 1.528936545001897, "component_segment_count": 1}, "geometry": {"type": "LineString", "coordinates": [[84.67897906830434, 27.814780397898296], [84.6789846, 27.8147687], [84.67903320000002, 27.814674899999993], [84.6791149, 27.8146007], [84.6793314, 27.814565499999993], [84.6793977, 27.814510799999997], [84.6795611, 27.814501], [84.67963957247004, 27.814492431417655]]}}, {"type": "Feature", "properties": {"fid": 39, "segment_id": 110, "length_m": 656.6978588593623, "length_km": 0.6566978588593624, "highway": "unclassified", "name": null, "name_en": null, "name_ne": null, "surface": "unpaved", "smoothness": null, "lanes": null, "oneway": null, "bridge": null, "layer": null, "source": null, "adm0_name": "Nepal", "adm1_name": "Bagmati", "adm2_name": "Dhading", "adm3_name": "Benighat Rorang", "adm4_name": null, "source_feature_count": 1, "source_fids": "364", "source_ids": "way/492281124", "source_highways": "unclassified", "source_names": "", "source_adm1": "Bagmati", "source_adm2": "Dhading", "source_adm3": "Benighat Rorang", "source_adm4": "", "attribute_confidence": "high", "start_degree": 3, "end_degree": 1, "topology_role": "dead_end_link", "dangle_flag": true, "short_dangle_flag": false, "component_id": 18, "component_length_km": 20.106518073425793, "component_segment_count": 44}, "geometry": {"type": "MultiLineString", "coordinates": [[[84.6966369, 27.8073765], [84.6965834, 27.807306199999996], [84.6965083, 27.807200599999994], [84.69591550000001, 27.80701909999999], [84.69546220000001, 27.8069432], [84.6949124, 27.8067677], [84.69458218575146, 27.80662154399879]], [[84.69437879176797, 27.8064179380432], [84.6943572, 27.8063596], [84.694325, 27.806229100000003], [84.6943653, 27.805806799999992], [84.6944056117418, 27.805672628535437]]]}}, {"type": "Feature", "properties": {"fid": 40, "segment_id": 111, "length_m": 329.5197236352934, "length_km": 0.3295197236352934, "highway": "trunk", "name": "Prithvi Rajmarg", "name_en": "Prithvi Highway", "name_ne": null, "surface": "asphalt", "smoothness": null, "lanes": null, "oneway": null, "bridge": null, "layer": null, "source": null, "adm0_name": "Nepal", "adm1_name": "Bagmati", "adm2_name": "Dhading", "adm3_name": "Benighat Rorang", "adm4_name": null, "source_feature_count": 1, "source_fids": "719", "source_ids": "way/140332501", "source_highways": "trunk", "source_names": "Prithvi Rajmarg", "source_adm1": "Bagmati", "source_adm2": "Dhading", "source_adm3": "Benighat Rorang", "source_adm4": "", "attribute_confidence": "high", "start_degree": 3, "end_degree": 3, "topology_role": "intersection_to_intersection", "dangle_flag": false, "short_dangle_flag": false, "component_id": 18, "component_length_km": 20.106518073425793, "component_segment_count": 44}, "geometry": {"type": "LineString", "coordinates": [[84.6966369, 27.8073765], [84.6966827, 27.807352499999997], [84.6969993, 27.807112299999996], [84.6971039, 27.807088599999997], [84.6973076, 27.806979999999996], [84.6973492, 27.806978799999996], [84.6973787, 27.8069705], [84.6974243, 27.806978799999996], [84.6975316, 27.8070405], [84.6978092, 27.807209], [84.6979567, 27.807288400000008], [84.6980989, 27.807346599999995], [84.6982115, 27.8073833], [84.6983175, 27.807397599999998], [84.6983644, 27.807410599999997], [84.6984234, 27.8074071], [84.6985321, 27.807406499999995], [84.6986125, 27.807411], [84.6987366, 27.807414200000004], [84.698811, 27.807413599999997], [84.6989445, 27.807402300000003], [84.6990538, 27.807381], [84.6991349, 27.807364399999994], [84.6992898, 27.807299099999998], [84.6993729, 27.8072647], [84.699446, 27.807233899999996], [84.6996211, 27.807115199999995]]}}, {"type": "Feature", "properties": {"fid": 41, "segment_id": 112, "length_m": 261.7190170685273, "length_km": 0.2617190170685273, "highway": "path", "name": null, "name_en": null, "name_ne": null, "surface": null, "smoothness": null, "lanes": null, "oneway": null, "bridge": "yes", "layer": "1", "source": null, "adm0_name": "Nepal", "adm1_name": "Gandaki", "adm2_name": "Gorkha", "adm3_name": "Gandaki", "adm4_name": null, "source_feature_count": 1, "source_fids": "353", "source_ids": "way/340601089", "source_highways": "path", "source_names": "", "source_adm1": "Gandaki", "source_adm2": "Gorkha", "source_adm3": "Gandaki", "source_adm4": "", "attribute_confidence": "high", "start_degree": 3, "end_degree": 1, "topology_role": "dead_end_link", "dangle_flag": true, "short_dangle_flag": false, "component_id": 18, "component_length_km": 20.106518073425793, "component_segment_count": 44}, "geometry": {"type": "LineString", "coordinates": [[84.6996211, 27.807115199999995], [84.6996839, 27.8071273], [84.6996947, 27.80721369999999], [84.6996947, 27.807324], [84.6997134, 27.8074589], [84.70007923998953, 27.808423240584126]]}}, {"type": "Feature", "properties": {"fid": 42, "segment_id": 113, "length_m": 475.3761297266423, "length_km": 0.47537612972664234, "highway": "trunk", "name": "Prithvi Rajmarg", "name_en": "Prithvi Highway", "name_ne": null, "surface": "asphalt", "smoothness": null, "lanes": null, "oneway": null, "bridge": null, "layer": null, "source": null, "adm0_name": "Nepal", "adm1_name": "Bagmati", "adm2_name": "Dhading", "adm3_name": "Benighat Rorang", "adm4_name": null, "source_feature_count": 1, "source_fids": "719", "source_ids": "way/140332501", "source_highways": "trunk", "source_names": "Prithvi Rajmarg", "source_adm1": "Bagmati", "source_adm2": "Dhading", "source_adm3": "Benighat Rorang", "source_adm4": "", "attribute_confidence": "high", "start_degree": 3, "end_degree": 3, "topology_role": "intersection_to_intersection", "dangle_flag": false, "short_dangle_flag": false, "component_id": 18, "component_length_km": 20.106518073425793, "component_segment_count": 44}, "geometry": {"type": "LineString", "coordinates": [[84.6996211, 27.807115199999995], [84.6997759, 27.807029800000002], [84.6999114, 27.806935500000005], [84.7000442, 27.806871499999996], [84.700124, 27.806842999999997], [84.7002064, 27.806809799999996], [84.7002567, 27.806784900000004], [84.7003325, 27.80676529999999], [84.700423, 27.806753399999995], [84.7004887, 27.806740999999995], [84.7005437, 27.806723799999993], [84.700592, 27.806719000000005], [84.7006229, 27.806706000000002], [84.7007154, 27.806706000000002], [84.7008656, 27.806702399999992], [84.7009932, 27.806719299999997], [84.7012854, 27.806748699999996], [84.7014356, 27.806770099999994], [84.7017145, 27.806829399999998], [84.7019287, 27.806862099999996], [84.7020766, 27.806882700000003], [84.7022177, 27.8068898], [84.70239, 27.806902199999996], [84.7025259, 27.806904099999997], [84.7026571, 27.8068912], [84.7028697, 27.806847799999996], [84.7030436, 27.806801999999998], [84.70327, 27.806699099999992], [84.7034435, 27.806604399999998], [84.7035902, 27.806494299999997], [84.7040278, 27.806126600000002]]}}, {"type": "Feature", "properties": {"fid": 43, "segment_id": 114, "length_m": 383.3956096936247, "length_km": 0.3833956096936247, "highway": "unclassified", "name": null, "name_en": null, "name_ne": null, "surface": null, "smoothness": null, "lanes": null, "oneway": null, "bridge": null, "layer": null, "source": "mapbox", "adm0_name": "Nepal", "adm1_name": "Bagmati", "adm2_name": "Dhading", "adm3_name": "Benighat Rorang", "adm4_name": null, "source_feature_count": 1, "source_fids": "313", "source_ids": "way/340971504", "source_highways": "unclassified", "source_names": "", "source_adm1": "Bagmati", "source_adm2": "Dhading", "source_adm3": "Benighat Rorang", "source_adm4": "", "attribute_confidence": "high", "start_degree": 1, "end_degree": 3, "topology_role": "dead_end_link", "dangle_flag": true, "short_dangle_flag": false, "component_id": 18, "component_length_km": 20.106518073425793, "component_segment_count": 44}, "geometry": {"type": "LineString", "coordinates": [[84.70361661480516, 27.805528346300296], [84.70374189523591, 27.805668082097505], [84.70367289482634, 27.80589076523744], [84.7038714, 27.806041799999996], [84.7040278, 27.806126600000002]]}}, {"type": "Feature", "properties": {"fid": 44, "segment_id": 115, "length_m": 588.6193653379038, "length_km": 0.5886193653379038, "highway": "trunk", "name": "Prithvi Rajmarg", "name_en": "Prithvi Highway", "name_ne": null, "surface": "asphalt", "smoothness": null, "lanes": null, "oneway": null, "bridge": null, "layer": null, "source": null, "adm0_name": "Nepal", "adm1_name": "Bagmati", "adm2_name": "Dhading", "adm3_name": "Benighat Rorang", "adm4_name": null, "source_feature_count": 1, "source_fids": "719", "source_ids": "way/140332501", "source_highways": "trunk", "source_names": "Prithvi Rajmarg", "source_adm1": "Bagmati", "source_adm2": "Dhading", "source_adm3": "Benighat Rorang", "source_adm4": "", "attribute_confidence": "high", "start_degree": 3, "end_degree": 3, "topology_role": "intersection_to_intersection", "dangle_flag": false, "short_dangle_flag": false, "component_id": 18, "component_length_km": 20.106518073425793, "component_segment_count": 44}, "geometry": {"type": "LineString", "coordinates": [[84.7040278, 27.806126600000002], [84.7044611, 27.805790199999997], [84.7046904, 27.805589699999995], [84.7048828, 27.8054057], [84.7050996, 27.805205299999997], [84.70513970000002, 27.805144899999995], [84.7053112, 27.804987], [84.7054991, 27.804710700000005], [84.7055595, 27.804590899999997], [84.705692, 27.804377399999996], [84.70584268502175, 27.804166211890053]]}}, {"type": "Feature", "properties": {"fid": 45, "segment_id": 118, "length_m": 958.8019863117704, "length_km": 0.9588019863117704, "highway": "trunk", "name": "Prithvi Rajmarg", "name_en": "Prithvi Highway", "name_ne": null, "surface": "asphalt", "smoothness": null, "lanes": null, "oneway": null, "bridge": null, "layer": null, "source": null, "adm0_name": "Nepal", "adm1_name": "Bagmati", "adm2_name": "Dhading", "adm3_name": "Benighat Rorang", "adm4_name": null, "source_feature_count": 1, "source_fids": "719", "source_ids": "way/140332501", "source_highways": "trunk", "source_names": "Prithvi Rajmarg", "source_adm1": "Bagmati", "source_adm2": "Dhading", "source_adm3": "Benighat Rorang", "source_adm4": "", "attribute_confidence": "high", "start_degree": 3, "end_degree": 3, "topology_role": "intersection_to_intersection", "dangle_flag": false, "short_dangle_flag": false, "component_id": 18, "component_length_km": 20.106518073425793, "component_segment_count": 44}, "geometry": {"type": "LineString", "coordinates": [[84.7087874883583, 27.800683394217018], [84.708813, 27.800677300000004], [84.7088787, 27.800643499999996], [84.70906380000001, 27.800604899999996], [84.7091814, 27.800568599999995], [84.7093293, 27.800496999999993], [84.7094628, 27.8004368], [84.7095815, 27.8003737], [84.7096827, 27.8003104], [84.7098095, 27.8002218], [84.7099829, 27.80011639999999], [84.7101553, 27.799971399999997], [84.7103006, 27.7998467], [84.7104274, 27.799734700000002], [84.7105108, 27.7997046], [84.7105759, 27.799674499999995], [84.710661, 27.799666699999996], [84.710708, 27.7996583], [84.7107445, 27.7996451], [84.7108152, 27.799638200000004], [84.7108786, 27.799639099999997], [84.7111827, 27.799661899999993], [84.7114188, 27.7996524], [84.7116914, 27.799678199999995], [84.7119257, 27.799686700000002], [84.7121749, 27.799701699999993], [84.7124678, 27.799713399999998], [84.71274640000001, 27.799755599999997], [84.7130561, 27.799806899999997], [84.7132959, 27.799853699999996], [84.7134197, 27.799861200000002], [84.713527, 27.799890799999996], [84.71363690000001, 27.799931199999993], [84.71377030000001, 27.799962199999996], [84.7138761, 27.8000052], [84.714108, 27.8001207], [84.7144939, 27.800306], [84.7148749, 27.800458699999997], [84.7153495, 27.800707000000003], [84.7155762, 27.800830399999995], [84.715713, 27.800886099999992], [84.7158053, 27.8009498]]}}, {"type": "Feature", "properties": {"fid": 46, "segment_id": 122, "length_m": 180.22551913852647, "length_km": 0.18022551913852647, "highway": "path", "name": null, "name_en": null, "name_ne": null, "surface": null, "smoothness": null, "lanes": null, "oneway": null, "bridge": "yes", "layer": "1", "source": null, "adm0_name": "Nepal", "adm1_name": "Bagmati", "adm2_name": "Dhading", "adm3_name": "Benighat Rorang", "adm4_name": null, "source_feature_count": 1, "source_fids": "317", "source_ids": "way/344159590", "source_highways": "path", "source_names": "", "source_adm1": "Bagmati", "source_adm2": "Dhading", "source_adm3": "Benighat Rorang", "source_adm4": "", "attribute_confidence": "high", "start_degree": 3, "end_degree": 4, "topology_role": "intersection_to_intersection", "dangle_flag": false, "short_dangle_flag": false, "component_id": 18, "component_length_km": 20.106518073425793, "component_segment_count": 44}, "geometry": {"type": "LineString", "coordinates": [[84.7158053, 27.8009498], [84.7157171, 27.8011849], [84.7151957632309, 27.801958800000452]]}}, {"type": "Feature", "properties": {"fid": 47, "segment_id": 123, "length_m": 81.69952114076594, "length_km": 0.08169952114076594, "highway": "trunk", "name": "Prithvi Rajmarg", "name_en": "Prithvi Highway", "name_ne": null, "surface": "asphalt", "smoothness": null, "lanes": null, "oneway": null, "bridge": null, "layer": null, "source": null, "adm0_name": "Nepal", "adm1_name": "Bagmati", "adm2_name": "Dhading", "adm3_name": "Benighat Rorang", "adm4_name": null, "source_feature_count": 1, "source_fids": "719", "source_ids": "way/140332501", "source_highways": "trunk", "source_names": "Prithvi Rajmarg", "source_adm1": "Bagmati", "source_adm2": "Dhading", "source_adm3": "Benighat Rorang", "source_adm4": "", "attribute_confidence": "high", "start_degree": 3, "end_degree": 3, "topology_role": "intersection_to_intersection", "dangle_flag": false, "short_dangle_flag": false, "component_id": 18, "component_length_km": 20.106518073425793, "component_segment_count": 44}, "geometry": {"type": "LineString", "coordinates": [[84.7158053, 27.8009498], [84.7158793, 27.801023699999995], [84.7159477, 27.801113899999997], [84.7160082, 27.8012516], [84.7160949, 27.801411299999998], [84.7161368, 27.801465099999998], [84.7161911, 27.8015231], [84.71623770000001, 27.801570899999998]]}}, {"type": "Feature", "properties": {"fid": 48, "segment_id": 124, "length_m": 881.4045340793608, "length_km": 0.8814045340793608, "highway": "trunk", "name": "Prithvi Rajmarg", "name_en": "Prithvi Highway", "name_ne": null, "surface": "asphalt", "smoothness": null, "lanes": null, "oneway": null, "bridge": null, "layer": null, "source": null, "adm0_name": "Nepal", "adm1_name": "Bagmati", "adm2_name": "Dhading", "adm3_name": "Benighat Rorang", "adm4_name": null, "source_feature_count": 1, "source_fids": "719", "source_ids": "way/140332501", "source_highways": "trunk", "source_names": "Prithvi Rajmarg", "source_adm1": "Bagmati", "source_adm2": "Dhading", "source_adm3": "Benighat Rorang", "source_adm4": "", "attribute_confidence": "high", "start_degree": 3, "end_degree": 1, "topology_role": "dead_end_link", "dangle_flag": true, "short_dangle_flag": false, "component_id": 18, "component_length_km": 20.106518073425793, "component_segment_count": 44}, "geometry": {"type": "LineString", "coordinates": [[84.71623770000001, 27.801570899999998], [84.7165176, 27.801731999999998], [84.7168278, 27.80188469999999], [84.7169696, 27.801959700000005], [84.7170953, 27.8020397], [84.7172084, 27.8021116], [84.7175194, 27.8024271], [84.7178918, 27.802848399999995], [84.7179821, 27.802919199999998], [84.7180898, 27.8029721], [84.7181688, 27.802988899999995], [84.7182701, 27.802996799999985], [84.7183525, 27.802987999999992], [84.7185005, 27.8029711], [84.7186592, 27.802902099999994], [84.7188726, 27.8027842], [84.7189919, 27.802723799999995], [84.7191224, 27.802669399999996], [84.7195824, 27.802359299999996], [84.7197705, 27.8022168], [84.7198348, 27.8021584], [84.7199053, 27.8021258], [84.71998620000001, 27.802016900000005], [84.72006354605794, 27.801894602857153]]}}, {"type": "Feature", "properties": {"fid": 49, "segment_id": 125, "length_m": 450.8970963191317, "length_km": 0.4508970963191317, "highway": "unclassified", "name": null, "name_en": null, "name_ne": null, "surface": null, "smoothness": null, "lanes": null, "oneway": null, "bridge": null, "layer": null, "source": null, "adm0_name": "Nepal", "adm1_name": "Bagmati", "adm2_name": "Dhading", "adm3_name": "Benighat Rorang", "adm4_name": null, "source_feature_count": 1, "source_fids": "318", "source_ids": "way/342367331", "source_highways": "unclassified", "source_names": "", "source_adm1": "Bagmati", "source_adm2": "Dhading", "source_adm3": "Benighat Rorang", "source_adm4": "", "attribute_confidence": "high", "start_degree": 3, "end_degree": 1, "topology_role": "dead_end_link", "dangle_flag": true, "short_dangle_flag": false, "component_id": 18, "component_length_km": 20.106518073425793, "component_segment_count": 44}, "geometry": {"type": "MultiLineString", "coordinates": [[[84.71623770000001, 27.801570899999998], [84.7163771, 27.801391200000005], [84.7165566, 27.801271599999996], [84.71663331424203, 27.801240467095173]], [[84.71802588670758, 27.802146393870363], [84.7180492, 27.802168499999997], [84.7180957, 27.80219419999999], [84.71814570000001, 27.802224299999995], [84.7182031, 27.802243999999998], [84.7182275, 27.802229000000004], [84.71822638575875, 27.802186616759684]]]}}, {"type": "Feature", "properties": {"fid": 50, "segment_id": 129, "length_m": 1635.832696110481, "length_km": 1.635832696110481, "highway": "trunk", "name": "Prithvi Rajmarg", "name_en": "Prithvi Rajmarg", "name_ne": null, "surface": "asphalt", "smoothness": null, "lanes": null, "oneway": null, "bridge": null, "layer": null, "source": null, "adm0_name": "Nepal", "adm1_name": "Gandaki", "adm2_name": "Gorkha", "adm3_name": "Gandaki", "adm4_name": null, "source_feature_count": 1, "source_fids": "329", "source_ids": "way/140332490", "source_highways": "trunk", "source_names": "Prithvi Rajmarg", "source_adm1": "Gandaki", "source_adm2": "Gorkha", "source_adm3": "Gandaki", "source_adm4": "", "attribute_confidence": "high", "start_degree": 1, "end_degree": 3, "topology_role": "dead_end_link", "dangle_flag": true, "short_dangle_flag": false, "component_id": 26, "component_length_km": 7.233135077432779, "component_segment_count": 26}, "geometry": {"type": "MultiLineString", "coordinates": [[[84.72978214432462, 27.795236998071104], [84.7299593982153, 27.795152991527278]], [[84.73315510623655, 27.795353782343632], [84.7332978, 27.795468099999997], [84.7334623, 27.795607499999996], [84.7337696, 27.795851299999995], [84.7340718, 27.796102500000003], [84.73412630000001, 27.796162199999998], [84.7341773, 27.7962203], [84.734247, 27.796308100000005], [84.7343087, 27.796401799999995], [84.7343422, 27.7964599], [84.7343718, 27.796510999999995], [84.7344388, 27.796599899999997], [84.7344777, 27.796647399999998], [84.7345216, 27.796688999999986], [84.7345833, 27.796754599999996], [84.7346333, 27.796800399999995], [84.7346948, 27.796854899999992], [84.7347392, 27.796893499999996], [84.7347852, 27.7969225], [84.734917, 27.7969872], [84.734988, 27.797018099999995], [84.7350654, 27.797041699999998], [84.7351275, 27.797060799999997], [84.7351892, 27.797072499999995], [84.7353373, 27.797095], [84.7354753, 27.797141799999995], [84.7357504, 27.7972643], [84.7359811, 27.7973841], [84.7361668, 27.797470700000005], [84.7362436, 27.797510499999994], [84.7362882, 27.797530600000005], [84.7363284, 27.797558299999995], [84.7363792, 27.7976009], [84.7364493, 27.797618899999996], [84.7365798, 27.7976077], [84.7367614, 27.797623799999997], [84.7369527, 27.797620199999994], [84.73695943480243, 27.79762081943228]], [[84.73905830574898, 27.799643093934314], [84.7401304, 27.800773399999997]]]}}, {"type": "Feature", "properties": {"fid": 51, "segment_id": 133, "length_m": 405.2999309011722, "length_km": 0.4052999309011722, "highway": "path", "name": null, "name_en": null, "name_ne": null, "surface": null, "smoothness": null, "lanes": null, "oneway": null, "bridge": "yes", "layer": "1", "source": null, "adm0_name": "Nepal", "adm1_name": "Gandaki", "adm2_name": "Gorkha", "adm3_name": "Gandaki", "adm4_name": null, "source_feature_count": 1, "source_fids": "343", "source_ids": "way/342461139", "source_highways": "path", "source_names": "", "source_adm1": "Gandaki", "source_adm2": "Gorkha", "source_adm3": "Gandaki", "source_adm4": "", "attribute_confidence": "high", "start_degree": 3, "end_degree": 3, "topology_role": "intersection_to_intersection", "dangle_flag": false, "short_dangle_flag": false, "component_id": 26, "component_length_km": 7.233135077432779, "component_segment_count": 26}, "geometry": {"type": "LineString", "coordinates": [[84.73845899581404, 27.802720364220143], [84.73833570000001, 27.8028257], [84.7371228, 27.803394599999997], [84.73702876916354, 27.803431978730256]]}}, {"type": "Feature", "properties": {"fid": 52, "segment_id": 137, "length_m": 130.81152293235562, "length_km": 0.13081152293235562, "highway": "unclassified", "name": null, "name_en": null, "name_ne": null, "surface": null, "smoothness": null, "lanes": null, "oneway": null, "bridge": null, "layer": null, "source": null, "adm0_name": "Nepal", "adm1_name": "Gandaki", "adm2_name": "Gorkha", "adm3_name": "Gandaki", "adm4_name": null, "source_feature_count": 1, "source_fids": "332", "source_ids": "way/342461151", "source_highways": "unclassified", "source_names": "", "source_adm1": "Gandaki", "source_adm2": "Gorkha", "source_adm3": "Gandaki", "source_adm4": "", "attribute_confidence": "high", "start_degree": 1, "end_degree": 3, "topology_role": "dead_end_link", "dangle_flag": true, "short_dangle_flag": false, "component_id": 26, "component_length_km": 7.233135077432779, "component_segment_count": 26}, "geometry": {"type": "LineString", "coordinates": [[84.7391627686322, 27.80082487941777], [84.73921820000001, 27.800842099999993], [84.7394226, 27.8008664], [84.739592, 27.800855800000004], [84.7399266, 27.80086809999999], [84.7401304, 27.800773399999997]]}}, {"type": "Feature", "properties": {"fid": 53, "segment_id": 139, "length_m": 178.66337135360092, "length_km": 0.1786633713536009, "highway": "unclassified", "name": null, "name_en": null, "name_ne": null, "surface": null, "smoothness": null, "lanes": null, "oneway": null, "bridge": null, "layer": null, "source": null, "adm0_name": "Nepal", "adm1_name": "Gandaki", "adm2_name": "Gorkha", "adm3_name": "Gandaki", "adm4_name": null, "source_feature_count": 1, "source_fids": "330", "source_ids": "way/341226733", "source_highways": "unclassified", "source_names": "", "source_adm1": "Gandaki", "source_adm2": "Gorkha", "source_adm3": "Gandaki", "source_adm4": "", "attribute_confidence": "high", "start_degree": 3, "end_degree": 3, "topology_role": "intersection_to_intersection", "dangle_flag": false, "short_dangle_flag": false, "component_id": 26, "component_length_km": 7.233135077432779, "component_segment_count": 26}, "geometry": {"type": "LineString", "coordinates": [[84.7407669, 27.80147059999999], [84.7405797, 27.8016181], [84.7404778, 27.8017407], [84.7403812, 27.801865999999997], [84.7401983, 27.802016699999996], [84.74009388022644, 27.802032645295757]]}}, {"type": "Feature", "properties": {"fid": 54, "segment_id": 140, "length_m": 82.52733126689525, "length_km": 0.08252733126689525, "highway": "trunk", "name": "Prithvi Rajmarg", "name_en": "Prithvi Rajmarg", "name_ne": null, "surface": "asphalt", "smoothness": null, "lanes": null, "oneway": null, "bridge": null, "layer": null, "source": null, "adm0_name": "Nepal", "adm1_name": "Gandaki", "adm2_name": "Gorkha", "adm3_name": "Gandaki", "adm4_name": null, "source_feature_count": 1, "source_fids": "329", "source_ids": "way/140332490", "source_highways": "trunk", "source_names": "Prithvi Rajmarg", "source_adm1": "Gandaki", "source_adm2": "Gorkha", "source_adm3": "Gandaki", "source_adm4": "", "attribute_confidence": "high", "start_degree": 3, "end_degree": 3, "topology_role": "intersection_to_intersection", "dangle_flag": false, "short_dangle_flag": false, "component_id": 26, "component_length_km": 7.233135077432779, "component_segment_count": 26}, "geometry": {"type": "LineString", "coordinates": [[84.7401304, 27.800773399999997], [84.7406578, 27.801351699999994]]}}, {"type": "Feature", "properties": {"fid": 55, "segment_id": 141, "length_m": 17.0091838265065, "length_km": 0.0170091838265065, "highway": "trunk", "name": "Prithvi Rajmarg", "name_en": "Prithvi Rajmarg", "name_ne": null, "surface": "asphalt", "smoothness": null, "lanes": null, "oneway": null, "bridge": null, "layer": null, "source": null, "adm0_name": "Nepal", "adm1_name": "Gandaki", "adm2_name": "Gorkha", "adm3_name": "Gandaki", "adm4_name": null, "source_feature_count": 1, "source_fids": "329", "source_ids": "way/140332490", "source_highways": "trunk", "source_names": "Prithvi Rajmarg", "source_adm1": "Gandaki", "source_adm2": "Gorkha", "source_adm3": "Gandaki", "source_adm4": "", "attribute_confidence": "high", "start_degree": 3, "end_degree": 3, "topology_role": "intersection_to_intersection", "dangle_flag": false, "short_dangle_flag": false, "component_id": 26, "component_length_km": 7.233135077432779, "component_segment_count": 26}, "geometry": {"type": "LineString", "coordinates": [[84.7406578, 27.801351699999994], [84.7407669, 27.80147059999999]]}}, {"type": "Feature", "properties": {"fid": 56, "segment_id": 142, "length_m": 113.92962184266526, "length_km": 0.11392962184266525, "highway": "residential", "name": null, "name_en": null, "name_ne": null, "surface": null, "smoothness": null, "lanes": null, "oneway": null, "bridge": null, "layer": null, "source": null, "adm0_name": "Nepal", "adm1_name": "Gandaki", "adm2_name": "Gorkha", "adm3_name": "Gandaki", "adm4_name": null, "source_feature_count": 1, "source_fids": "333", "source_ids": "way/342461154", "source_highways": "residential", "source_names": "", "source_adm1": "Gandaki", "source_adm2": "Gorkha", "source_adm3": "Gandaki", "source_adm4": "", "attribute_confidence": "high", "start_degree": 3, "end_degree": 3, "topology_role": "intersection_to_intersection", "dangle_flag": false, "short_dangle_flag": false, "component_id": 26, "component_length_km": 7.233135077432779, "component_segment_count": 26}, "geometry": {"type": "LineString", "coordinates": [[84.7416575, 27.800867399999994], [84.7415019, 27.80096169999999], [84.7412072, 27.801108199999994], [84.7410948, 27.801132499999998], [84.7410104, 27.80115379999999], [84.7408997, 27.8011744], [84.7406578, 27.801351699999994]]}}, {"type": "Feature", "properties": {"fid": 57, "segment_id": 143, "length_m": 804.7913807398388, "length_km": 0.8047913807398388, "highway": "trunk", "name": "Prithvi Rajmarg", "name_en": "Prithvi Rajmarg", "name_ne": null, "surface": "asphalt", "smoothness": null, "lanes": null, "oneway": null, "bridge": null, "layer": null, "source": null, "adm0_name": "Nepal", "adm1_name": "Gandaki", "adm2_name": "Gorkha", "adm3_name": "Gandaki", "adm4_name": null, "source_feature_count": 2, "source_fids": "329", "source_ids": "way/140332490", "source_highways": "trunk", "source_names": "Prithvi Rajmarg", "source_adm1": "Gandaki", "source_adm2": "Gorkha", "source_adm3": "Gandaki", "source_adm4": "", "attribute_confidence": "high", "start_degree": 3, "end_degree": 3, "topology_role": "intersection_to_intersection", "dangle_flag": false, "short_dangle_flag": false, "component_id": 26, "component_length_km": 7.233135077432779, "component_segment_count": 26}, "geometry": {"type": "LineString", "coordinates": [[84.7407669, 27.80147059999999], [84.7410003, 27.8017122], [84.7411682, 27.8018728], [84.7412935, 27.801967199999996], [84.7413991, 27.802033299999998], [84.7415123, 27.802084399999995], [84.741654, 27.802134200000005], [84.7418621, 27.802189600000002], [84.7422887, 27.802251099999996], [84.7444137, 27.802508200000002], [84.7454799, 27.8026124], [84.746063, 27.80266629999998], [84.7464887, 27.8027228], [84.7471114, 27.8027955], [84.7477322, 27.80286709999999], [84.7483036, 27.8029442], [84.748576, 27.802955499999996]]}}, {"type": "Feature", "properties": {"fid": 58, "segment_id": 144, "length_m": 136.04193103938277, "length_km": 0.13604193103938278, "highway": "unclassified", "name": null, "name_en": null, "name_ne": null, "surface": null, "smoothness": null, "lanes": null, "oneway": null, "bridge": null, "layer": null, "source": null, "adm0_name": "Nepal", "adm1_name": "Bagmati", "adm2_name": "Dhading", "adm3_name": "Benighat Rorang", "adm4_name": null, "source_feature_count": 1, "source_fids": "327", "source_ids": "way/342461147", "source_highways": "unclassified", "source_names": "", "source_adm1": "Bagmati", "source_adm2": "Dhading", "source_adm3": "Benighat Rorang", "source_adm4": "", "attribute_confidence": "high", "start_degree": 3, "end_degree": 1, "topology_role": "dead_end_link", "dangle_flag": true, "short_dangle_flag": false, "component_id": 26, "component_length_km": 7.233135077432779, "component_segment_count": 26}, "geometry": {"type": "LineString", "coordinates": [[84.7416575, 27.800867399999994], [84.7415974, 27.8007359], [84.74161579432723, 27.800694662416426]]}}, {"type": "Feature", "properties": {"fid": 59, "segment_id": 145, "length_m": 165.3806896823595, "length_km": 0.1653806896823595, "highway": "residential", "name": null, "name_en": null, "name_ne": null, "surface": null, "smoothness": null, "lanes": null, "oneway": null, "bridge": null, "layer": null, "source": null, "adm0_name": "Nepal", "adm1_name": "Gandaki", "adm2_name": "Gorkha", "adm3_name": "Gandaki", "adm4_name": null, "source_feature_count": 1, "source_fids": "334", "source_ids": "way/516882810", "source_highways": "residential", "source_names": "", "source_adm1": "Gandaki", "source_adm2": "Gorkha", "source_adm3": "Gandaki", "source_adm4": "", "attribute_confidence": "high", "start_degree": 3, "end_degree": 3, "topology_role": "intersection_to_intersection", "dangle_flag": false, "short_dangle_flag": false, "component_id": 26, "component_length_km": 7.233135077432779, "component_segment_count": 26}, "geometry": {"type": "MultiLineString", "coordinates": [[[84.7426642, 27.800888699999998], [84.7425196, 27.801000199999997], [84.742444, 27.801093800000004], [84.7424057, 27.801092799999996], [84.7423747, 27.801061899999997], [84.7423673, 27.801012099999998], [84.7425093, 27.8008303], [84.7425131, 27.8007839], [84.7424789, 27.800741299999995], [84.7424102, 27.800715299999993], [84.74237701844993, 27.800715550441925]], [[84.74183614298558, 27.800802332347946], [84.7416575, 27.800867399999994]]]}}, {"type": "Feature", "properties": {"fid": 60, "segment_id": 146, "length_m": 185.939879958904, "length_km": 0.185939879958904, "highway": "unclassified", "name": null, "name_en": null, "name_ne": null, "surface": null, "smoothness": null, "lanes": null, "oneway": null, "bridge": null, "layer": null, "source": null, "adm0_name": "Nepal", "adm1_name": "Bagmati", "adm2_name": "Dhading", "adm3_name": "Benighat Rorang", "adm4_name": null, "source_feature_count": 1, "source_fids": "335", "source_ids": "way/1090901505", "source_highways": "unclassified", "source_names": "", "source_adm1": "Bagmati", "source_adm2": "Dhading", "source_adm3": "Benighat Rorang", "source_adm4": "", "attribute_confidence": "high", "start_degree": 3, "end_degree": 1, "topology_role": "dead_end_link", "dangle_flag": true, "short_dangle_flag": false, "component_id": 26, "component_length_km": 7.233135077432779, "component_segment_count": 26}, "geometry": {"type": "LineString", "coordinates": [[84.7426642, 27.800888699999998], [84.7425553, 27.8011687], [84.742583, 27.801408099999996], [84.7426437, 27.801523199999995], [84.7426745, 27.801580099999992], [84.7428153, 27.8016477], [84.7429568, 27.8016762], [84.743046, 27.801698799999997], [84.7431225, 27.801706500000005], [84.7432593, 27.801713600000003], [84.7434551, 27.8017302], [84.7435731, 27.8017397], [84.7437146, 27.8017462]]}}, {"type": "Feature", "properties": {"fid": 61, "segment_id": 147, "length_m": 390.9936842592921, "length_km": 0.3909936842592921, "highway": "unclassified", "name": null, "name_en": null, "name_ne": null, "surface": null, "smoothness": null, "lanes": null, "oneway": null, "bridge": null, "layer": null, "source": null, "adm0_name": "Nepal", "adm1_name": "Bagmati", "adm2_name": "Dhading", "adm3_name": "Benighat Rorang", "adm4_name": null, "source_feature_count": 1, "source_fids": "652", "source_ids": "way/342465452", "source_highways": "unclassified", "source_names": "", "source_adm1": "Bagmati", "source_adm2": "Dhading", "source_adm3": "Benighat Rorang", "source_adm4": "", "attribute_confidence": "high", "start_degree": 3, "end_degree": 3, "topology_role": "intersection_to_intersection", "dangle_flag": false, "short_dangle_flag": false, "component_id": 26, "component_length_km": 7.233135077432779, "component_segment_count": 26}, "geometry": {"type": "LineString", "coordinates": [[84.7465435, 27.8008763], [84.7459949, 27.800946899999996], [84.7450616, 27.8008368], [84.7443091, 27.8008612], [84.7441082, 27.8007687], [84.7439294, 27.8006966], [84.7436199, 27.800688999999995], [84.743172, 27.8007964], [84.7429152, 27.8008146], [84.7426642, 27.800888699999998]]}}, {"type": "Feature", "properties": {"fid": 62, "segment_id": 148, "length_m": 173.65832338997524, "length_km": 0.17365832338997525, "highway": "unclassified", "name": null, "name_en": null, "name_ne": null, "surface": null, "smoothness": null, "lanes": null, "oneway": null, "bridge": null, "layer": null, "source": null, "adm0_name": "Nepal", "adm1_name": "Bagmati", "adm2_name": "Dhading", "adm3_name": "Benighat Rorang", "adm4_name": null, "source_feature_count": 1, "source_fids": "652", "source_ids": "way/342465452", "source_highways": "unclassified", "source_names": "", "source_adm1": "Bagmati", "source_adm2": "Dhading", "source_adm3": "Benighat Rorang", "source_adm4": "", "attribute_confidence": "high", "start_degree": 3, "end_degree": 3, "topology_role": "intersection_to_intersection", "dangle_flag": false, "short_dangle_flag": false, "component_id": 26, "component_length_km": 7.233135077432779, "component_segment_count": 26}, "geometry": {"type": "LineString", "coordinates": [[84.7482938, 27.800862399999996], [84.7479504, 27.800920499999997], [84.7476058, 27.8009531], [84.7465435, 27.8008763]]}}, {"type": "Feature", "properties": {"fid": 63, "segment_id": 149, "length_m": 275.8995756751457, "length_km": 0.27589957567514567, "highway": "UNCLASSIFIED_UNKNOWN", "name": null, "name_en": null, "name_ne": null, "surface": null, "smoothness": null, "lanes": null, "oneway": null, "bridge": null, "layer": null, "source": null, "adm0_name": null, "adm1_name": null, "adm2_name": null, "adm3_name": null, "adm4_name": null, "source_feature_count": 1, "source_fids": "1384", "source_ids": "", "source_highways": "UNCLASSIFIED_UNKNOWN", "source_names": "", "source_adm1": "", "source_adm2": "", "source_adm3": "", "source_adm4": "", "attribute_confidence": "high", "start_degree": 3, "end_degree": 1, "topology_role": "dead_end_link", "dangle_flag": true, "short_dangle_flag": false, "component_id": 26, "component_length_km": 7.233135077432779, "component_segment_count": 26}, "geometry": {"type": "LineString", "coordinates": [[84.7465435, 27.8008763], [84.74649313762569, 27.800698092373555], [84.74651822868373, 27.80040013605956], [84.74649313762569, 27.800124134421335], [84.74656457071391, 27.79996377474828]]}}, {"type": "Feature", "properties": {"fid": 64, "segment_id": 150, "length_m": 211.9646345935986, "length_km": 0.2119646345935986, "highway": "unclassified", "name": null, "name_en": null, "name_ne": null, "surface": null, "smoothness": null, "lanes": null, "oneway": null, "bridge": null, "layer": null, "source": null, "adm0_name": "Nepal", "adm1_name": "Bagmati", "adm2_name": "Dhading", "adm3_name": "Benighat Rorang", "adm4_name": null, "source_feature_count": 1, "source_fids": "325", "source_ids": "way/342465450", "source_highways": "unclassified", "source_names": "", "source_adm1": "Bagmati", "source_adm2": "Dhading", "source_adm3": "Benighat Rorang", "source_adm4": "", "attribute_confidence": "high", "start_degree": 1, "end_degree": 3, "topology_role": "dead_end_link", "dangle_flag": true, "short_dangle_flag": false, "component_id": 26, "component_length_km": 7.233135077432779, "component_segment_count": 26}, "geometry": {"type": "LineString", "coordinates": [[84.74902030059594, 27.800535113462875], [84.7490965, 27.8006645]]}}, {"type": "Feature", "properties": {"fid": 65, "segment_id": 151, "length_m": 314.97761043401124, "length_km": 0.31497761043401123, "highway": "unclassified", "name": null, "name_en": null, "name_ne": null, "surface": null, "smoothness": null, "lanes": null, "oneway": null, "bridge": null, "layer": null, "source": null, "adm0_name": "Nepal", "adm1_name": "Bagmati", "adm2_name": "Dhading", "adm3_name": "Benighat Rorang", "adm4_name": null, "source_feature_count": 1, "source_fids": "336", "source_ids": "way/1090901506", "source_highways": "unclassified", "source_names": "", "source_adm1": "Bagmati", "source_adm2": "Dhading", "source_adm3": "Benighat Rorang", "source_adm4": "", "attribute_confidence": "high", "start_degree": 3, "end_degree": 3, "topology_role": "intersection_to_intersection", "dangle_flag": false, "short_dangle_flag": false, "component_id": 26, "component_length_km": 7.233135077432779, "component_segment_count": 26}, "geometry": {"type": "LineString", "coordinates": [[84.7482938, 27.800862399999996], [84.7483501, 27.801042699999996], [84.7484413, 27.8014639], [84.7485097, 27.8019058], [84.7485552, 27.802086700000004], [84.7485834, 27.80242], [84.7486398, 27.802576600000002], [84.7487189, 27.802651299999997], [84.748802, 27.8026739], [84.749034, 27.802680999999996], [84.7491105, 27.8026941], [84.7491279, 27.8027273], [84.7490837, 27.8027723], [84.7490461, 27.802801999999996], [84.7489335, 27.80284], [84.7487417, 27.802844699999998], [84.7486652, 27.802835199999997], [84.748625, 27.802850599999996], [84.748576, 27.802955499999996]]}}, {"type": "Feature", "properties": {"fid": 66, "segment_id": 152, "length_m": 82.25902606114693, "length_km": 0.08225902606114692, "highway": "unclassified", "name": null, "name_en": null, "name_ne": null, "surface": null, "smoothness": null, "lanes": null, "oneway": null, "bridge": null, "layer": null, "source": null, "adm0_name": "Nepal", "adm1_name": "Bagmati", "adm2_name": "Dhading", "adm3_name": "Benighat Rorang", "adm4_name": null, "source_feature_count": 1, "source_fids": "652", "source_ids": "way/342465452", "source_highways": "unclassified", "source_names": "", "source_adm1": "Bagmati", "source_adm2": "Dhading", "source_adm3": "Benighat Rorang", "source_adm4": "", "attribute_confidence": "high", "start_degree": 3, "end_degree": 3, "topology_role": "intersection_to_intersection", "dangle_flag": false, "short_dangle_flag": false, "component_id": 26, "component_length_km": 7.233135077432779, "component_segment_count": 26}, "geometry": {"type": "LineString", "coordinates": [[84.7490965, 27.8006645], [84.748877, 27.80074009999999], [84.7482938, 27.800862399999996]]}}, {"type": "Feature", "properties": {"fid": 67, "segment_id": 153, "length_m": 96.18471778437349, "length_km": 0.09618471778437349, "highway": "trunk", "name": "Prithvi Rajmarg", "name_en": "Prithvi Rajmarg", "name_ne": null, "surface": "asphalt", "smoothness": null, "lanes": null, "oneway": null, "bridge": null, "layer": null, "source": null, "adm0_name": "Nepal", "adm1_name": "Gandaki", "adm2_name": "Gorkha", "adm3_name": "Gandaki", "adm4_name": null, "source_feature_count": 1, "source_fids": "329", "source_ids": "way/140332490", "source_highways": "trunk", "source_names": "Prithvi Rajmarg", "source_adm1": "Gandaki", "source_adm2": "Gorkha", "source_adm3": "Gandaki", "source_adm4": "", "attribute_confidence": "high", "start_degree": 3, "end_degree": 3, "topology_role": "intersection_to_intersection", "dangle_flag": false, "short_dangle_flag": false, "component_id": 26, "component_length_km": 7.233135077432779, "component_segment_count": 26}, "geometry": {"type": "LineString", "coordinates": [[84.748576, 27.802955499999996], [84.7487776, 27.8029581], [84.7489578, 27.8029412], [84.7491247, 27.8029247], [84.74931160000001, 27.802920499999995], [84.7494251, 27.802912400000004], [84.7495494, 27.802910399999995]]}}, {"type": "Feature", "properties": {"fid": 68, "segment_id": 154, "length_m": 125.71553720512713, "length_km": 0.12571553720512713, "highway": "unclassified", "name": null, "name_en": null, "name_ne": null, "surface": null, "smoothness": null, "lanes": null, "oneway": null, "bridge": null, "layer": null, "source": null, "adm0_name": "Nepal", "adm1_name": "Bagmati", "adm2_name": "Dhading", "adm3_name": "Benighat Rorang", "adm4_name": null, "source_feature_count": 1, "source_fids": "652", "source_ids": "way/342465452", "source_highways": "unclassified", "source_names": "", "source_adm1": "Bagmati", "source_adm2": "Dhading", "source_adm3": "Benighat Rorang", "source_adm4": "", "attribute_confidence": "high", "start_degree": 1, "end_degree": 3, "topology_role": "dead_end_link", "dangle_flag": true, "short_dangle_flag": false, "component_id": 26, "component_length_km": 7.233135077432779, "component_segment_count": 26}, "geometry": {"type": "LineString", "coordinates": [[84.74931573812589, 27.80062416276776], [84.7490965, 27.8006645]]}}, {"type": "Feature", "properties": {"fid": 69, "segment_id": 155, "length_m": 971.3183894039898, "length_km": 0.9713183894039898, "highway": "trunk", "name": "Prithvi Rajmarg", "name_en": "Prithvi Rajmarg", "name_ne": null, "surface": "asphalt", "smoothness": null, "lanes": "2", "oneway": null, "bridge": null, "layer": null, "source": null, "adm0_name": "Nepal", "adm1_name": "Gandaki", "adm2_name": "Gorkha", "adm3_name": "Gandaki", "adm4_name": null, "source_feature_count": 3, "source_fids": "1385", "source_ids": "way/140332513", "source_highways": "trunk", "source_names": "Prithvi Rajmarg", "source_adm1": "Gandaki", "source_adm2": "Gorkha", "source_adm3": "Gandaki", "source_adm4": "", "attribute_confidence": "medium", "start_degree": 3, "end_degree": 1, "topology_role": "dead_end_link", "dangle_flag": true, "short_dangle_flag": false, "component_id": 26, "component_length_km": 7.233135077432779, "component_segment_count": 26}, "geometry": {"type": "LineString", "coordinates": [[84.7495494, 27.802910399999995], [84.74962117711247, 27.80291445835596]]}}, {"type": "Feature", "properties": {"fid": 70, "segment_id": 156, "length_m": 514.9046116299646, "length_km": 0.5149046116299646, "highway": "service", "name": null, "name_en": null, "name_ne": null, "surface": null, "smoothness": null, "lanes": null, "oneway": null, "bridge": null, "layer": null, "source": null, "adm0_name": "Nepal", "adm1_name": "Gandaki", "adm2_name": "Gorkha", "adm3_name": "Gandaki", "adm4_name": null, "source_feature_count": 1, "source_fids": "641", "source_ids": "way/1484945152", "source_highways": "service", "source_names": "", "source_adm1": "Gandaki", "source_adm2": "Gorkha", "source_adm3": "Gandaki", "source_adm4": "", "attribute_confidence": "high", "start_degree": 1, "end_degree": 3, "topology_role": "dead_end_link", "dangle_flag": true, "short_dangle_flag": false, "component_id": 26, "component_length_km": 7.233135077432779, "component_segment_count": 26}, "geometry": {"type": "LineString", "coordinates": [[84.7499775416546, 27.805564827451047], [84.7497348, 27.804628999999995], [84.7496425, 27.804136399999997], [84.749664, 27.804028399999996], [84.7496894, 27.803935399999997], [84.7497708, 27.803900499999997], [84.7498106, 27.803776899999995], [84.7497453, 27.8036797], [84.74964030000001, 27.803653799999996], [84.7494694, 27.8036732], [84.749401, 27.80364949999999], [84.7493239, 27.803612699999995], [84.74933290000001, 27.803493199999995], [84.7494396, 27.8032398], [84.7495213, 27.8030782], [84.7495494, 27.802910399999995]]}}, {"type": "Feature", "properties": {"fid": 71, "segment_id": 158, "length_m": 1651.1976690653098, "length_km": 1.6511976690653098, "highway": "unclassified", "name": null, "name_en": null, "name_ne": null, "surface": null, "smoothness": null, "lanes": null, "oneway": null, "bridge": null, "layer": null, "source": null, "adm0_name": "Nepal", "adm1_name": "Gandaki", "adm2_name": "Gorkha", "adm3_name": "Gandaki", "adm4_name": null, "source_feature_count": 1, "source_fids": "1148", "source_ids": "way/341023407", "source_highways": "unclassified", "source_names": "", "source_adm1": "Gandaki", "source_adm2": "Gorkha", "source_adm3": "Gandaki", "source_adm4": "", "attribute_confidence": "high", "start_degree": 1, "end_degree": 1, "topology_role": "dead_end_to_dead_end", "dangle_flag": true, "short_dangle_flag": false, "component_id": 30, "component_length_km": 1.6511976690653098, "component_segment_count": 1}, "geometry": {"type": "LineString", "coordinates": [[84.76501233733234, 27.8193572387294], [84.7649992, 27.819360299999996], [84.7645176511978, 27.819380144627658]]}}, {"type": "Feature", "properties": {"fid": 72, "segment_id": 167, "length_m": 323.32339933856326, "length_km": 0.32332339933856324, "highway": "footway", "name": null, "name_en": null, "name_ne": null, "surface": null, "smoothness": null, "lanes": null, "oneway": null, "bridge": "yes", "layer": "1", "source": null, "adm0_name": "Nepal", "adm1_name": "Bagmati", "adm2_name": "Dhading", "adm3_name": "Benighat Rorang", "adm4_name": null, "source_feature_count": 1, "source_fids": "634", "source_ids": "way/44686757", "source_highways": "footway", "source_names": "", "source_adm1": "Bagmati", "source_adm2": "Dhading", "source_adm3": "Benighat Rorang", "source_adm4": "", "attribute_confidence": "high", "start_degree": 3, "end_degree": 1, "topology_role": "dead_end_link", "dangle_flag": true, "short_dangle_flag": false, "component_id": 35, "component_length_km": 0.8872179707999808, "component_segment_count": 3}, "geometry": {"type": "LineString", "coordinates": [[84.77314646603398, 27.807961442689894], [84.77309180000002, 27.807999299999995], [84.7732686, 27.808230399999996], [84.77375156134589, 27.80924832880237]]}}, {"type": "Feature", "properties": {"fid": 73, "segment_id": 169, "length_m": 186.3385619434494, "length_km": 0.18633856194344942, "highway": "unclassified", "name": null, "name_en": null, "name_ne": null, "surface": null, "smoothness": null, "lanes": null, "oneway": null, "bridge": null, "layer": null, "source": null, "adm0_name": "Nepal", "adm1_name": "Bagmati", "adm2_name": "Dhading", "adm3_name": "Benighat Rorang", "adm4_name": null, "source_feature_count": 1, "source_fids": "626", "source_ids": "way/1137624553", "source_highways": "unclassified", "source_names": "", "source_adm1": "Bagmati", "source_adm2": "Dhading", "source_adm3": "Benighat Rorang", "source_adm4": "", "attribute_confidence": "high", "start_degree": 4, "end_degree": 1, "topology_role": "dead_end_link", "dangle_flag": true, "short_dangle_flag": false, "component_id": 36, "component_length_km": 3.2713730462689163, "component_segment_count": 10}, "geometry": {"type": "MultiLineString", "coordinates": [[[84.77598454581992, 27.810531644570688], [84.7759098, 27.810340599999996], [84.7757596, 27.8100084], [84.77541258775543, 27.809723943346825]], [[84.77519731037536, 27.809549717281026], [84.775148, 27.80951019999999]]]}}, {"type": "Feature", "properties": {"fid": 74, "segment_id": 172, "length_m": 568.1894897324446, "length_km": 0.5681894897324447, "highway": "unclassified", "name": null, "name_en": null, "name_ne": null, "surface": null, "smoothness": null, "lanes": null, "oneway": null, "bridge": null, "layer": null, "source": null, "adm0_name": "Nepal", "adm1_name": "Bagmati", "adm2_name": "Dhading", "adm3_name": "Benighat Rorang", "adm4_name": null, "source_feature_count": 1, "source_fids": "626", "source_ids": "way/1137624553", "source_highways": "unclassified", "source_names": "", "source_adm1": "Bagmati", "source_adm2": "Dhading", "source_adm3": "Benighat Rorang", "source_adm4": "", "attribute_confidence": "high", "start_degree": 3, "end_degree": 4, "topology_role": "intersection_to_intersection", "dangle_flag": false, "short_dangle_flag": false, "component_id": 36, "component_length_km": 3.2713730462689163, "component_segment_count": 10}, "geometry": {"type": "MultiLineString", "coordinates": [[[84.77945743194732, 27.813468066402066], [84.7794111, 27.8134371], [84.77885474214862, 27.813092887175582]], [[84.77858691155028, 27.812853893723485], [84.7784203, 27.812689199999998], [84.7779751, 27.812257499999998], [84.7777712, 27.812039199999997], [84.7775727, 27.811773499999997], [84.7770792, 27.811417699999993], [84.7768378, 27.8112136], [84.77665833657414, 27.81113292267145]]]}}, {"type": "Feature", "properties": {"fid": 75, "segment_id": 173, "length_m": 563.2598100674726, "length_km": 0.5632598100674726, "highway": "unclassified", "name": null, "name_en": null, "name_ne": null, "surface": null, "smoothness": null, "lanes": null, "oneway": null, "bridge": null, "layer": null, "source": "Digital Globe", "adm0_name": "Nepal", "adm1_name": "Bagmati", "adm2_name": "Dhading", "adm3_name": "Benighat Rorang", "adm4_name": null, "source_feature_count": 1, "source_fids": "631", "source_ids": "way/343903494", "source_highways": "unclassified", "source_names": "", "source_adm1": "Bagmati", "source_adm2": "Dhading", "source_adm3": "Benighat Rorang", "source_adm4": "", "attribute_confidence": "high", "start_degree": 3, "end_degree": 4, "topology_role": "intersection_to_intersection", "dangle_flag": false, "short_dangle_flag": false, "component_id": 36, "component_length_km": 3.2713730462689163, "component_segment_count": 10}, "geometry": {"type": "LineString", "coordinates": [[84.77820735673636, 27.810080970015854], [84.7779637, 27.810156699999997], [84.7772289, 27.810486899999997], [84.7765354, 27.810830299999996], [84.7763666982008, 27.810872671284113]]}}, {"type": "Feature", "properties": {"fid": 76, "segment_id": 178, "length_m": 144.8461292887769, "length_km": 0.14484612928877688, "highway": "path", "name": null, "name_en": null, "name_ne": null, "surface": null, "smoothness": null, "lanes": null, "oneway": null, "bridge": null, "layer": null, "source": null, "adm0_name": "Nepal", "adm1_name": "Bagmati", "adm2_name": "Dhading", "adm3_name": "Benighat Rorang", "adm4_name": null, "source_feature_count": 1, "source_fids": "1166", "source_ids": "way/1092777524", "source_highways": "path", "source_names": "", "source_adm1": "Bagmati", "source_adm2": "Dhading", "source_adm3": "Benighat Rorang", "source_adm4": "", "attribute_confidence": "high", "start_degree": 1, "end_degree": 1, "topology_role": "dead_end_to_dead_end", "dangle_flag": true, "short_dangle_flag": false, "component_id": 37, "component_length_km": 0.14484612928877688, "component_segment_count": 1}, "geometry": {"type": "LineString", "coordinates": [[84.78859956036015, 27.813400082030224], [84.7885962, 27.813418899999995], [84.7885854, 27.813486100000002], [84.7885724, 27.8135795], [84.7885306, 27.8136766]]}}, {"type": "Feature", "properties": {"fid": 77, "segment_id": 179, "length_m": 2156.6326786694553, "length_km": 2.1566326786694554, "highway": "trunk", "name": "Prithvi Rajmarg", "name_en": "Prithvi Rajmarg", "name_ne": null, "surface": "asphalt", "smoothness": null, "lanes": "2", "oneway": null, "bridge": null, "layer": null, "source": null, "adm0_name": "Nepal", "adm1_name": "Bagmati", "adm2_name": "Dhading", "adm3_name": "Benighat Rorang", "adm4_name": null, "source_feature_count": 2, "source_fids": "620;623", "source_ids": "way/345107844;way/24666851", "source_highways": "trunk", "source_names": "Prithvi Rajmarg;Prithvi Rajmarga", "source_adm1": "Bagmati", "source_adm2": "Dhading", "source_adm3": "Benighat Rorang", "source_adm4": "", "attribute_confidence": "medium", "start_degree": 1, "end_degree": 3, "topology_role": "dead_end_link", "dangle_flag": true, "short_dangle_flag": false, "component_id": 38, "component_length_km": 4.899661678425199, "component_segment_count": 7}, "geometry": {"type": "MultiLineString", "coordinates": [[[84.79085715534463, 27.812050895984076], [84.7913036, 27.812089899999997], [84.791733, 27.8120952], [84.7919496, 27.812097900000005], [84.7923586, 27.812070500000004], [84.7924511, 27.812073899999998], [84.7925578, 27.812082900000004], [84.7926915, 27.8120945], [84.7928686, 27.812131699999995], [84.7935775, 27.812309699999997], [84.7939691, 27.812406899999996], [84.794299, 27.812520800000005], [84.7948717, 27.812669099999997], [84.7952887, 27.81273789999999], [84.7957487, 27.812808999999998], [84.7963335930988, 27.812926382115897]], [[84.80336960885069, 27.814343130868608], [84.8035365, 27.814381899999994], [84.8038155, 27.81444709999999], [84.8040309, 27.8145291], [84.8042012, 27.814670199999995], [84.8042929, 27.814755599999998], [84.8043733, 27.814817999999995], [84.8045128, 27.8148813], [84.80463580000001, 27.8149226], [84.8048314, 27.8150033], [84.804997, 27.8150415], [84.8051324, 27.815065099999998], [84.80521787069002, 27.815071408206542]], [[84.80834641512669, 27.81621553759654], [84.8085852, 27.816160299999996]]]}}, {"type": "Feature", "properties": {"fid": 78, "segment_id": 180, "length_m": 72.59529860808861, "length_km": 0.07259529860808861, "highway": "path", "name": null, "name_en": null, "name_ne": null, "surface": null, "smoothness": null, "lanes": null, "oneway": null, "bridge": null, "layer": null, "source": null, "adm0_name": "Nepal", "adm1_name": "Bagmati", "adm2_name": "Dhading", "adm3_name": "Benighat Rorang", "adm4_name": null, "source_feature_count": 1, "source_fids": "1163", "source_ids": "way/341226735", "source_highways": "path", "source_names": "", "source_adm1": "Bagmati", "source_adm2": "Dhading", "source_adm3": "Benighat Rorang", "source_adm4": "", "attribute_confidence": "high", "start_degree": 1, "end_degree": 3, "topology_role": "dead_end_link", "dangle_flag": true, "short_dangle_flag": false, "component_id": 38, "component_length_km": 4.899661678425199, "component_segment_count": 7}, "geometry": {"type": "LineString", "coordinates": [[84.8079848, 27.816636799999998], [84.8080754, 27.816674900000002], [84.8081682, 27.8166554], [84.8082743, 27.816673], [84.8084721, 27.8166866], [84.808586, 27.816668999999997], [84.8086902, 27.8166176]]}}, {"type": "Feature", "properties": {"fid": 79, "segment_id": 181, "length_m": 127.26056033999852, "length_km": 0.12726056033999852, "highway": "unclassified", "name": null, "name_en": null, "name_ne": null, "surface": null, "smoothness": null, "lanes": "1", "oneway": null, "bridge": null, "layer": null, "source": null, "adm0_name": "Nepal", "adm1_name": "Bagmati", "adm2_name": "Dhading", "adm3_name": "Benighat Rorang", "adm4_name": null, "source_feature_count": 1, "source_fids": "621", "source_ids": "way/345035741", "source_highways": "unclassified", "source_names": "", "source_adm1": "Bagmati", "source_adm2": "Dhading", "source_adm3": "Benighat Rorang", "source_adm4": "", "attribute_confidence": "high", "start_degree": 1, "end_degree": 3, "topology_role": "dead_end_link", "dangle_flag": true, "short_dangle_flag": false, "component_id": 38, "component_length_km": 4.899661678425199, "component_segment_count": 7}, "geometry": {"type": "LineString", "coordinates": [[84.80879107001583, 27.815927014964537], [84.8088326, 27.815974299999997], [84.8088574, 27.81609]]}}, {"type": "Feature", "properties": {"fid": 80, "segment_id": 182, "length_m": 55.01494430125098, "length_km": 0.05501494430125098, "highway": "path", "name": null, "name_en": null, "name_ne": null, "surface": null, "smoothness": null, "lanes": null, "oneway": null, "bridge": null, "layer": null, "source": null, "adm0_name": "Nepal", "adm1_name": "Bagmati", "adm2_name": "Dhading", "adm3_name": "Benighat Rorang", "adm4_name": null, "source_feature_count": 1, "source_fids": "1163", "source_ids": "way/341226735", "source_highways": "path", "source_names": "", "source_adm1": "Bagmati", "source_adm2": "Dhading", "source_adm3": "Benighat Rorang", "source_adm4": "", "attribute_confidence": "high", "start_degree": 3, "end_degree": 3, "topology_role": "intersection_to_intersection", "dangle_flag": false, "short_dangle_flag": false, "component_id": 38, "component_length_km": 4.899661678425199, "component_segment_count": 7}, "geometry": {"type": "LineString", "coordinates": [[84.8086902, 27.8166176], [84.808742, 27.816462099999992], [84.80866240000002, 27.8163487], [84.8085852, 27.816160299999996]]}}, {"type": "Feature", "properties": {"fid": 81, "segment_id": 183, "length_m": 27.9328526524733, "length_km": 0.027932852652473302, "highway": "trunk", "name": "Prithvi Rajmarg", "name_en": "Prithvi Rajmarg", "name_ne": null, "surface": "asphalt", "smoothness": null, "lanes": "2", "oneway": null, "bridge": null, "layer": null, "source": null, "adm0_name": "Nepal", "adm1_name": "Bagmati", "adm2_name": "Dhading", "adm3_name": "Benighat Rorang", "adm4_name": null, "source_feature_count": 1, "source_fids": "620", "source_ids": "way/345107844", "source_highways": "trunk", "source_names": "Prithvi Rajmarg", "source_adm1": "Bagmati", "source_adm2": "Dhading", "source_adm3": "Benighat Rorang", "source_adm4": "", "attribute_confidence": "high", "start_degree": 3, "end_degree": 3, "topology_role": "intersection_to_intersection", "dangle_flag": false, "short_dangle_flag": false, "component_id": 38, "component_length_km": 4.899661678425199, "component_segment_count": 7}, "geometry": {"type": "LineString", "coordinates": [[84.8085852, 27.816160299999996], [84.8088574, 27.81609]]}}, {"type": "Feature", "properties": {"fid": 82, "segment_id": 184, "length_m": 253.77323501923036, "length_km": 0.2537732350192304, "highway": "path", "name": null, "name_en": null, "name_ne": null, "surface": null, "smoothness": null, "lanes": null, "oneway": null, "bridge": "yes", "layer": "1", "source": null, "adm0_name": "Nepal", "adm1_name": "Bagmati", "adm2_name": "Dhading", "adm3_name": "Benighat Rorang", "adm4_name": null, "source_feature_count": 1, "source_fids": "1161", "source_ids": "way/341226737", "source_highways": "path", "source_names": "", "source_adm1": "Bagmati", "source_adm2": "Dhading", "source_adm3": "Benighat Rorang", "source_adm4": "", "attribute_confidence": "high", "start_degree": 1, "end_degree": 3, "topology_role": "dead_end_link", "dangle_flag": true, "short_dangle_flag": false, "component_id": 38, "component_length_km": 4.899661678425199, "component_segment_count": 7}, "geometry": {"type": "LineString", "coordinates": [[84.80981128643752, 27.817626660534728], [84.8098005, 27.817614599999995], [84.8092443, 27.817106499999998], [84.8086902, 27.8166176]]}}, {"type": "Feature", "properties": {"fid": 83, "segment_id": 185, "length_m": 2206.452108834702, "length_km": 2.2064521088347018, "highway": "trunk", "name": "Prithvi Rajmarg", "name_en": "Prithvi Rajmarg", "name_ne": null, "surface": "asphalt", "smoothness": null, "lanes": "2", "oneway": null, "bridge": null, "layer": null, "source": null, "adm0_name": "Nepal", "adm1_name": "Bagmati", "adm2_name": "Dhading", "adm3_name": "Benighat Rorang", "adm4_name": null, "source_feature_count": 1, "source_fids": "620", "source_ids": "way/345107844", "source_highways": "trunk", "source_names": "Prithvi Rajmarg", "source_adm1": "Bagmati", "source_adm2": "Dhading", "source_adm3": "Benighat Rorang", "source_adm4": "", "attribute_confidence": "high", "start_degree": 3, "end_degree": 1, "topology_role": "dead_end_link", "dangle_flag": true, "short_dangle_flag": false, "component_id": 38, "component_length_km": 4.899661678425199, "component_segment_count": 7}, "geometry": {"type": "MultiLineString", "coordinates": [[[84.8088574, 27.81609], [84.80903450000001, 27.816030299999994], [84.8092315, 27.815898], [84.8093618, 27.815772399999997], [84.8094573, 27.815608800000003], [84.80953863451208, 27.815441936845136]], [[84.8125979555511, 27.813456720321597], [84.8128202, 27.813439999999993], [84.81301530000002, 27.813422799999998], [84.8131221, 27.813396700000006], [84.8132233, 27.813365499999993], [84.8133968, 27.813288499999995], [84.8137794, 27.8130972], [84.8140775, 27.8129664], [84.8142575, 27.812877100000005], [84.8144307, 27.812771000000005], [84.8146341, 27.812614199999977], [84.8147935, 27.812476600000004], [84.8150745, 27.8122183], [84.8151974, 27.8120926], [84.815302, 27.81195619999999], [84.8154039, 27.811813900000004], [84.81549070000001, 27.8116555], [84.8155444, 27.811496299999998], [84.8156306, 27.811187499999996], [84.8157352, 27.8108354], [84.8159559, 27.8103116], [84.8170904, 27.807712899999995], [84.8172019856606, 27.807570136121893]], [[84.81756682831055, 27.807202514662187], [84.81773750000002, 27.807093999999996], [84.8178983, 27.807023], [84.8181901, 27.806929699999998], [84.8185258, 27.806839999999998], [84.8188143, 27.806808], [84.8190745, 27.806798599999997], [84.8193819, 27.806784899999993], [84.8200375, 27.806845999999997], [84.8205015, 27.806905300000007], [84.8208636, 27.806976499999998], [84.8211426, 27.807021499999998], [84.8212847, 27.807083200000005], [84.8215127, 27.807178099999998], [84.8217373, 27.8072618], [84.8218057, 27.807299199999996], [84.8218701, 27.807368499999992], [84.8219137, 27.807482999999998], [84.82199150000001, 27.807597499999996], [84.8220941, 27.80769829999999], [84.8221765, 27.807782499999995], [84.822436, 27.807933199999994], [84.8228511, 27.808100999999997], [84.8230840723303, 27.808196652162128]]]}}, {"type": "Feature", "properties": {"fid": 84, "segment_id": 186, "length_m": 1156.644811407158, "length_km": 1.156644811407158, "highway": "unclassified", "name": null, "name_en": null, "name_ne": null, "surface": null, "smoothness": null, "lanes": null, "oneway": null, "bridge": null, "layer": null, "source": "Digital Globe", "adm0_name": "Nepal", "adm1_name": "Bagmati", "adm2_name": "Dhading", "adm3_name": "Benighat Rorang", "adm4_name": null, "source_feature_count": 2, "source_fids": "1174", "source_ids": "way/343955997", "source_highways": "unclassified", "source_names": "", "source_adm1": "Bagmati", "source_adm2": "Dhading", "source_adm3": "Benighat Rorang", "source_adm4": "", "attribute_confidence": "medium", "start_degree": 1, "end_degree": 1, "topology_role": "dead_end_to_dead_end", "dangle_flag": true, "short_dangle_flag": false, "component_id": 39, "component_length_km": 1.156644811407158, "component_segment_count": 1}, "geometry": {"type": "LineString", "coordinates": [[84.81258950773146, 27.814998634608692], [84.8122455, 27.815102900000003], [84.8119443, 27.815255199999992], [84.81183798381306, 27.815352843407265]]}}, {"type": "Feature", "properties": {"fid": 85, "segment_id": 190, "length_m": 614.4129068535632, "length_km": 0.6144129068535632, "highway": "path", "name": null, "name_en": null, "name_ne": null, "surface": null, "smoothness": null, "lanes": null, "oneway": null, "bridge": null, "layer": null, "source": null, "adm0_name": "Nepal", "adm1_name": "Bagmati", "adm2_name": "Dhading", "adm3_name": "Benighat Rorang", "adm4_name": null, "source_feature_count": 1, "source_fids": "615", "source_ids": "way/341763762", "source_highways": "path", "source_names": "", "source_adm1": "Bagmati", "source_adm2": "Dhading", "source_adm3": "Benighat Rorang", "source_adm4": "", "attribute_confidence": "high", "start_degree": 3, "end_degree": 3, "topology_role": "intersection_to_intersection", "dangle_flag": false, "short_dangle_flag": false, "component_id": 41, "component_length_km": 12.019108367291459, "component_segment_count": 42}, "geometry": {"type": "MultiLineString", "coordinates": [[[84.82158114825536, 27.811085399496392], [84.82304444548869, 27.81125113435559]], [[84.82476722806008, 27.811937517408214], [84.82481010000001, 27.8119352], [84.8248824, 27.8119326], [84.8249578, 27.811937099999998]]]}}, {"type": "Feature", "properties": {"fid": 86, "segment_id": 191, "length_m": 400.55660376713, "length_km": 0.40055660376713004, "highway": "trunk", "name": "Prithvi Rajmarg", "name_en": "Prithvi Rajmarg", "name_ne": null, "surface": "asphalt", "smoothness": null, "lanes": "2", "oneway": null, "bridge": null, "layer": null, "source": null, "adm0_name": "Nepal", "adm1_name": "Bagmati", "adm2_name": "Dhading", "adm3_name": "Benighat Rorang", "adm4_name": null, "source_feature_count": 1, "source_fids": "620", "source_ids": "way/345107844", "source_highways": "trunk", "source_names": "Prithvi Rajmarg", "source_adm1": "Bagmati", "source_adm2": "Dhading", "source_adm3": "Benighat Rorang", "source_adm4": "", "attribute_confidence": "high", "start_degree": 3, "end_degree": 3, "topology_role": "intersection_to_intersection", "dangle_flag": false, "short_dangle_flag": false, "component_id": 41, "component_length_km": 12.019108367291459, "component_segment_count": 42}, "geometry": {"type": "LineString", "coordinates": [[84.8249578, 27.811937099999998], [84.8249653, 27.8124398], [84.8249855, 27.8125785], [84.8250075, 27.812691], [84.8250348, 27.8127941], [84.82508940000001, 27.812920500000004], [84.825176, 27.8130577], [84.8252651, 27.8131613], [84.8253627, 27.813253899999992], [84.82545950000001, 27.813328099999996], [84.8255982, 27.813407599999998], [84.8257113, 27.8134554], [84.8258434, 27.813498000000003], [84.8260112, 27.8135245], [84.8261676, 27.813536199999998], [84.8263688, 27.8135303], [84.8265788, 27.813504399999996], [84.8268798, 27.8134531], [84.8270381, 27.81343619999999], [84.8271871, 27.813424500000007], [84.82740010000002, 27.813422199999994], [84.8277446, 27.8134654]]}}, {"type": "Feature", "properties": {"fid": 87, "segment_id": 192, "length_m": 450.72987747415584, "length_km": 0.4507298774741558, "highway": "trunk", "name": "Prithvi Rajmarg", "name_en": "Prithvi Rajmarg", "name_ne": null, "surface": "asphalt", "smoothness": null, "lanes": "2", "oneway": null, "bridge": null, "layer": null, "source": null, "adm0_name": "Nepal", "adm1_name": "Bagmati", "adm2_name": "Dhading", "adm3_name": "Benighat Rorang", "adm4_name": null, "source_feature_count": 1, "source_fids": "620", "source_ids": "way/345107844", "source_highways": "trunk", "source_names": "Prithvi Rajmarg", "source_adm1": "Bagmati", "source_adm2": "Dhading", "source_adm3": "Benighat Rorang", "source_adm4": "", "attribute_confidence": "high", "start_degree": 3, "end_degree": 3, "topology_role": "intersection_to_intersection", "dangle_flag": false, "short_dangle_flag": false, "component_id": 41, "component_length_km": 12.019108367291459, "component_segment_count": 42}, "geometry": {"type": "MultiLineString", "coordinates": [[[84.82605069675584, 27.810526155248013], [84.8262822, 27.810611399999996], [84.82647220000001, 27.810691], [84.8265648, 27.810746499999997], [84.8266089, 27.810796099999997], [84.8266343, 27.8108405], [84.8266604, 27.810892000000003], [84.8266618, 27.8109593], [84.8266542, 27.8110283], [84.8266309, 27.8110838], [84.8265744, 27.8111442], [84.826507, 27.8111875], [84.8264194, 27.811212000000005], [84.8263237, 27.811212600000005], [84.8260722, 27.811163799999996], [84.8256967, 27.811091799999993], [84.8255437, 27.811071699999992], [84.82544913086902, 27.811070990957248]], [[84.82496937585024, 27.811605015122215], [84.8249669, 27.811696199999993], [84.8249578, 27.811937099999998]]]}}, {"type": "Feature", "properties": {"fid": 88, "segment_id": 195, "length_m": 422.430828638976, "length_km": 0.42243082863897596, "highway": "track", "name": null, "name_en": null, "name_ne": null, "surface": null, "smoothness": null, "lanes": null, "oneway": null, "bridge": null, "layer": null, "source": null, "adm0_name": "Nepal", "adm1_name": "Bagmati", "adm2_name": "Dhading", "adm3_name": "Benighat Rorang", "adm4_name": null, "source_feature_count": 1, "source_fids": "1177", "source_ids": "way/930149794", "source_highways": "track", "source_names": "", "source_adm1": "Bagmati", "source_adm2": "Dhading", "source_adm3": "Benighat Rorang", "source_adm4": "", "attribute_confidence": "high", "start_degree": 1, "end_degree": 1, "topology_role": "dead_end_to_dead_end", "dangle_flag": true, "short_dangle_flag": false, "component_id": 42, "component_length_km": 0.42243082863897596, "component_segment_count": 1}, "geometry": {"type": "LineString", "coordinates": [[84.82656060000001, 27.8183145], [84.8263621, 27.8182552], [84.826218, 27.818221399999995], [84.8260027, 27.8181514], [84.8257399, 27.817983599999994], [84.8255005, 27.8177986], [84.8253053, 27.8176521], [84.8252812, 27.817621200000005], [84.82523122205363, 27.81749457678048]]}}, {"type": "Feature", "properties": {"fid": 89, "segment_id": 196, "length_m": 169.85872547260288, "length_km": 0.1698587254726029, "highway": "track", "name": null, "name_en": null, "name_ne": null, "surface": null, "smoothness": null, "lanes": null, "oneway": null, "bridge": null, "layer": null, "source": null, "adm0_name": "Nepal", "adm1_name": "Bagmati", "adm2_name": "Dhading", "adm3_name": "Benighat Rorang", "adm4_name": null, "source_feature_count": 1, "source_fids": "1175", "source_ids": "way/1020462293", "source_highways": "track", "source_names": "", "source_adm1": "Bagmati", "source_adm2": "Dhading", "source_adm3": "Benighat Rorang", "source_adm4": "", "attribute_confidence": "high", "start_degree": 1, "end_degree": 3, "topology_role": "dead_end_link", "dangle_flag": true, "short_dangle_flag": false, "component_id": 41, "component_length_km": 12.019108367291459, "component_segment_count": 42}, "geometry": {"type": "LineString", "coordinates": [[84.8277762910846, 27.813745520988267], [84.8278883, 27.813570599999995], [84.82781720000001, 27.813513599999997], [84.8277446, 27.8134654]]}}, {"type": "Feature", "properties": {"fid": 90, "segment_id": 197, "length_m": 155.25290656390462, "length_km": 0.1552529065639046, "highway": "trunk", "name": "Prithvi Rajmarg", "name_en": "Prithvi Rajmarg", "name_ne": null, "surface": "asphalt", "smoothness": null, "lanes": "2", "oneway": null, "bridge": null, "layer": null, "source": null, "adm0_name": "Nepal", "adm1_name": "Bagmati", "adm2_name": "Dhading", "adm3_name": "Benighat Rorang", "adm4_name": null, "source_feature_count": 1, "source_fids": "620", "source_ids": "way/345107844", "source_highways": "trunk", "source_names": "Prithvi Rajmarg", "source_adm1": "Bagmati", "source_adm2": "Dhading", "source_adm3": "Benighat Rorang", "source_adm4": "", "attribute_confidence": "high", "start_degree": 3, "end_degree": 3, "topology_role": "intersection_to_intersection", "dangle_flag": false, "short_dangle_flag": false, "component_id": 41, "component_length_km": 12.019108367291459, "component_segment_count": 42}, "geometry": {"type": "LineString", "coordinates": [[84.8277446, 27.8134654], [84.8280813, 27.8135301], [84.8284998, 27.813598], [84.8289913, 27.8136835], [84.8292944, 27.813711399999995]]}}, {"type": "Feature", "properties": {"fid": 91, "segment_id": 198, "length_m": 251.94036120583826, "length_km": 0.25194036120583824, "highway": "unclassified", "name": null, "name_en": null, "name_ne": null, "surface": null, "smoothness": null, "lanes": null, "oneway": null, "bridge": null, "layer": null, "source": null, "adm0_name": "Nepal", "adm1_name": "Bagmati", "adm2_name": "Dhading", "adm3_name": "Benighat Rorang", "adm4_name": null, "source_feature_count": 1, "source_fids": "604", "source_ids": "way/887945587", "source_highways": "unclassified", "source_names": "", "source_adm1": "Bagmati", "source_adm2": "Dhading", "source_adm3": "Benighat Rorang", "source_adm4": "", "attribute_confidence": "high", "start_degree": 3, "end_degree": 1, "topology_role": "dead_end_link", "dangle_flag": true, "short_dangle_flag": false, "component_id": 41, "component_length_km": 12.019108367291459, "component_segment_count": 42}, "geometry": {"type": "LineString", "coordinates": [[84.8295582, 27.809759799999995], [84.8295338, 27.8097107], [84.8294856, 27.8096775], [84.8292187, 27.8096383], [84.8289786, 27.8094901], [84.82863443565293, 27.80890203007616]]}}, {"type": "Feature", "properties": {"fid": 92, "segment_id": 199, "length_m": 164.85154632789767, "length_km": 0.16485154632789767, "highway": "residential", "name": "Malekhu", "name_en": null, "name_ne": null, "surface": "unpaved", "smoothness": null, "lanes": null, "oneway": null, "bridge": null, "layer": null, "source": null, "adm0_name": "Nepal", "adm1_name": "Bagmati", "adm2_name": "Dhading", "adm3_name": "Benighat Rorang", "adm4_name": null, "source_feature_count": 1, "source_fids": "612", "source_ids": "way/340467846", "source_highways": "residential", "source_names": "Malekhu", "source_adm1": "Bagmati", "source_adm2": "Dhading", "source_adm3": "Benighat Rorang", "source_adm4": "", "attribute_confidence": "high", "start_degree": 3, "end_degree": 3, "topology_role": "intersection_to_intersection", "dangle_flag": false, "short_dangle_flag": false, "component_id": 41, "component_length_km": 12.019108367291459, "component_segment_count": 42}, "geometry": {"type": "LineString", "coordinates": [[84.8292944, 27.813711399999995], [84.8292871, 27.813471099999994], [84.8292294, 27.813239599999996], [84.8292107, 27.8130001], [84.8291325, 27.8127396], [84.8291545, 27.812663], [84.8291847, 27.812619399999996], [84.8292288, 27.812550799999997], [84.829267, 27.812468400000007], [84.8293199, 27.8122722]]}}, {"type": "Feature", "properties": {"fid": 93, "segment_id": 200, "length_m": 316.5675708419873, "length_km": 0.3165675708419873, "highway": "residential", "name": "Malekhu", "name_en": null, "name_ne": null, "surface": "unpaved", "smoothness": null, "lanes": null, "oneway": null, "bridge": null, "layer": null, "source": null, "adm0_name": "Nepal", "adm1_name": "Bagmati", "adm2_name": "Dhading", "adm3_name": "Benighat Rorang", "adm4_name": null, "source_feature_count": 1, "source_fids": "612", "source_ids": "way/340467846", "source_highways": "residential", "source_names": "Malekhu", "source_adm1": "Bagmati", "source_adm2": "Dhading", "source_adm3": "Benighat Rorang", "source_adm4": "", "attribute_confidence": "high", "start_degree": 3, "end_degree": 3, "topology_role": "intersection_to_intersection", "dangle_flag": false, "short_dangle_flag": false, "component_id": 41, "component_length_km": 12.019108367291459, "component_segment_count": 42}, "geometry": {"type": "LineString", "coordinates": [[84.8293199, 27.8122722], [84.8294574, 27.8119611], [84.82954320000002, 27.8117024], [84.8296317, 27.811524599999995], [84.82970150000001, 27.811275399999996], [84.82963440000002, 27.811201799999996], [84.8294734, 27.8111473], [84.8293072, 27.811059500000002], [84.82924820000001, 27.810957499999997], [84.8293072, 27.8108174], [84.8294359, 27.810679999999998], [84.8295406, 27.810423799999988], [84.8295614, 27.810065600000005], [84.8295459, 27.8099041], [84.8295582, 27.809759799999995]]}}, {"type": "Feature", "properties": {"fid": 94, "segment_id": 201, "length_m": 89.21644707696039, "length_km": 0.08921644707696039, "highway": "unclassified", "name": null, "name_en": null, "name_ne": null, "surface": null, "smoothness": null, "lanes": null, "oneway": null, "bridge": null, "layer": null, "source": null, "adm0_name": "Nepal", "adm1_name": "Bagmati", "adm2_name": "Dhading", "adm3_name": "Benighat Rorang", "adm4_name": null, "source_feature_count": 1, "source_fids": "613", "source_ids": "way/1484952043", "source_highways": "unclassified", "source_names": "", "source_adm1": "Bagmati", "source_adm2": "Dhading", "source_adm3": "Benighat Rorang", "source_adm4": "", "attribute_confidence": "high", "start_degree": 3, "end_degree": 3, "topology_role": "intersection_to_intersection", "dangle_flag": false, "short_dangle_flag": false, "component_id": 41, "component_length_km": 12.019108367291459, "component_segment_count": 42}, "geometry": {"type": "LineString", "coordinates": [[84.8301318, 27.8119328], [84.8299724, 27.812049199999997], [84.8293199, 27.8122722]]}}, {"type": "Feature", "properties": {"fid": 95, "segment_id": 202, "length_m": 203.7482574178863, "length_km": 0.2037482574178863, "highway": "trunk", "name": "Prithvi Rajmarg", "name_en": "Prithvi Rajmarg", "name_ne": null, "surface": "asphalt", "smoothness": null, "lanes": "2", "oneway": null, "bridge": null, "layer": null, "source": null, "adm0_name": "Nepal", "adm1_name": "Bagmati", "adm2_name": "Dhading", "adm3_name": "Benighat Rorang", "adm4_name": null, "source_feature_count": 1, "source_fids": "620", "source_ids": "way/345107844", "source_highways": "trunk", "source_names": "Prithvi Rajmarg", "source_adm1": "Bagmati", "source_adm2": "Dhading", "source_adm3": "Benighat Rorang", "source_adm4": "", "attribute_confidence": "high", "start_degree": 3, "end_degree": 3, "topology_role": "intersection_to_intersection", "dangle_flag": false, "short_dangle_flag": false, "component_id": 41, "component_length_km": 12.019108367291459, "component_segment_count": 42}, "geometry": {"type": "LineString", "coordinates": [[84.8292944, 27.813711399999995], [84.8295137, 27.813715599999995], [84.8296892, 27.813705499999998], [84.8298568, 27.813680099999996], [84.8300907, 27.8136251], [84.830349, 27.813510199999993], [84.8311873, 27.813073600000003]]}}, {"type": "Feature", "properties": {"fid": 96, "segment_id": 203, "length_m": 226.68782313632144, "length_km": 0.22668782313632144, "highway": "path", "name": null, "name_en": null, "name_ne": null, "surface": null, "smoothness": null, "lanes": null, "oneway": null, "bridge": null, "layer": null, "source": null, "adm0_name": "Nepal", "adm1_name": "Bagmati", "adm2_name": "Dhading", "adm3_name": "Benighat Rorang", "adm4_name": null, "source_feature_count": 1, "source_fids": "603", "source_ids": "way/887945026", "source_highways": "path", "source_names": "", "source_adm1": "Bagmati", "source_adm2": "Dhading", "source_adm3": "Benighat Rorang", "source_adm4": "", "attribute_confidence": "high", "start_degree": 3, "end_degree": 1, "topology_role": "dead_end_link", "dangle_flag": true, "short_dangle_flag": false, "component_id": 41, "component_length_km": 12.019108367291459, "component_segment_count": 42}, "geometry": {"type": "LineString", "coordinates": [[84.8305463, 27.809365700000004], [84.830305, 27.808698900000003], [84.8302245, 27.808596900000005], [84.83010572561356, 27.808342654827786]]}}, {"type": "Feature", "properties": {"fid": 97, "segment_id": 204, "length_m": 81.56542140945909, "length_km": 0.08156542140945909, "highway": "residential", "name": "Malekhu", "name_en": null, "name_ne": null, "surface": "unpaved", "smoothness": null, "lanes": null, "oneway": null, "bridge": null, "layer": null, "source": null, "adm0_name": "Nepal", "adm1_name": "Bagmati", "adm2_name": "Dhading", "adm3_name": "Benighat Rorang", "adm4_name": null, "source_feature_count": 1, "source_fids": "612", "source_ids": "way/340467846", "source_highways": "residential", "source_names": "Malekhu", "source_adm1": "Bagmati", "source_adm2": "Dhading", "source_adm3": "Benighat Rorang", "source_adm4": "", "attribute_confidence": "high", "start_degree": 3, "end_degree": 3, "topology_role": "intersection_to_intersection", "dangle_flag": false, "short_dangle_flag": false, "component_id": 41, "component_length_km": 12.019108367291459, "component_segment_count": 42}, "geometry": {"type": "LineString", "coordinates": [[84.8295582, 27.809759799999995], [84.829794, 27.809723199999993], [84.8303425, 27.8095341]]}}, {"type": "Feature", "properties": {"fid": 98, "segment_id": 205, "length_m": 164.57415644613167, "length_km": 0.16457415644613166, "highway": "unclassified", "name": null, "name_en": null, "name_ne": null, "surface": null, "smoothness": null, "lanes": null, "oneway": null, "bridge": null, "layer": null, "source": null, "adm0_name": "Nepal", "adm1_name": "Bagmati", "adm2_name": "Dhading", "adm3_name": "Benighat Rorang", "adm4_name": null, "source_feature_count": 1, "source_fids": "595", "source_ids": "way/1118952038", "source_highways": "unclassified", "source_names": "", "source_adm1": "Bagmati", "source_adm2": "Dhading", "source_adm3": "Benighat Rorang", "source_adm4": "", "attribute_confidence": "high", "start_degree": 3, "end_degree": 3, "topology_role": "intersection_to_intersection", "dangle_flag": false, "short_dangle_flag": false, "component_id": 41, "component_length_km": 12.019108367291459, "component_segment_count": 42}, "geometry": {"type": "LineString", "coordinates": [[84.8311873, 27.813073600000003], [84.8310132, 27.812922600000004], [84.83082870000001, 27.812735700000005], [84.8306055, 27.8125108], [84.830583, 27.8124415], [84.8301318, 27.8119328]]}}, {"type": "Feature", "properties": {"fid": 99, "segment_id": 206, "length_m": 291.02322563214426, "length_km": 0.2910232256321443, "highway": "track", "name": null, "name_en": null, "name_ne": null, "surface": null, "smoothness": null, "lanes": null, "oneway": null, "bridge": null, "layer": null, "source": null, "adm0_name": "Nepal", "adm1_name": "Bagmati", "adm2_name": "Dhading", "adm3_name": "Benighat Rorang", "adm4_name": null, "source_feature_count": 1, "source_fids": "611", "source_ids": "way/1484952044", "source_highways": "track", "source_names": "", "source_adm1": "Bagmati", "source_adm2": "Dhading", "source_adm3": "Benighat Rorang", "source_adm4": "", "attribute_confidence": "high", "start_degree": 3, "end_degree": 3, "topology_role": "intersection_to_intersection", "dangle_flag": false, "short_dangle_flag": false, "component_id": 41, "component_length_km": 12.019108367291459, "component_segment_count": 42}, "geometry": {"type": "LineString", "coordinates": [[84.8301318, 27.8119328], [84.8301718, 27.811885499999995], [84.8303072, 27.811756399999997], [84.8304637, 27.811548899999995], [84.8304691, 27.8115346], [84.8304686, 27.811517900000002], [84.8304625, 27.811504499999998], [84.8304315, 27.8114451], [84.830428, 27.8114204], [84.8304371, 27.8113872], [84.8304508, 27.811364700000006], [84.8304737, 27.8113516], [84.8305433, 27.8113206], [84.8307237, 27.811278799999997], [84.8308045, 27.811249199999995], [84.8308991, 27.8112119], [84.8309524, 27.811203299999992], [84.8310536, 27.811203299999992], [84.831084, 27.8111984], [84.8311196, 27.8111808], [84.8312721, 27.811106300000002], [84.83136800000001, 27.811048499999995], [84.8313899, 27.811041899999996], [84.83141180000001, 27.8110446], [84.83143430000001, 27.811058500000005], [84.831515, 27.811105999999995], [84.8317691, 27.811268699999996], [84.8317978, 27.8112776], [84.8318291, 27.8112748], [84.8318604, 27.81126709999999], [84.8318911, 27.811241099999993], [84.8319902, 27.8110829], [84.83210700000001, 27.8109733], [84.8321495, 27.810957699999992], [84.8321866, 27.8109608], [84.83229670000001, 27.8109729]]}}, {"type": "Feature", "properties": {"fid": 100, "segment_id": 207, "length_m": 369.86604529881697, "length_km": 0.36986604529881695, "highway": "unclassified", "name": null, "name_en": null, "name_ne": null, "surface": null, "smoothness": null, "lanes": null, "oneway": null, "bridge": null, "layer": null, "source": null, "adm0_name": "Nepal", "adm1_name": "Bagmati", "adm2_name": "Dhading", "adm3_name": "Benighat Rorang", "adm4_name": null, "source_feature_count": 1, "source_fids": "606", "source_ids": "way/917704594", "source_highways": "unclassified", "source_names": "", "source_adm1": "Bagmati", "source_adm2": "Dhading", "source_adm3": "Benighat Rorang", "source_adm4": "", "attribute_confidence": "high", "start_degree": 3, "end_degree": 3, "topology_role": "intersection_to_intersection", "dangle_flag": false, "short_dangle_flag": false, "component_id": 41, "component_length_km": 12.019108367291459, "component_segment_count": 42}, "geometry": {"type": "LineString", "coordinates": [[84.8303425, 27.8095341], [84.830482, 27.809648999999997], [84.8306295, 27.8097368], [84.8307301, 27.8097831], [84.8308629, 27.8098044], [84.8310627, 27.809804399999997], [84.8311445, 27.809816300000005], [84.8313712, 27.8098768], [84.8314342, 27.809874399999998], [84.8315147, 27.8098459], [84.8316514, 27.809773599999996], [84.8317641, 27.809738000000003], [84.8317909, 27.8097166], [84.8318794, 27.8096858], [84.8320323, 27.809714299999996], [84.8322174, 27.809756999999998], [84.8324507, 27.809767600000004], [84.8325124, 27.8098281], [84.832558, 27.8099207], [84.8326077, 27.8102243], [84.832617, 27.810383299999998], [84.8326036, 27.810437799999995], [84.8325527, 27.810573099999992], [84.83244940000002, 27.810745099999995], [84.8323562, 27.810841399999994], [84.8322978, 27.810940099999996], [84.83229670000001, 27.8109729]]}}, {"type": "Feature", "properties": {"fid": 101, "segment_id": 208, "length_m": 27.418163204073025, "length_km": 0.027418163204073025, "highway": "residential", "name": "Malekhu", "name_en": null, "name_ne": null, "surface": "unpaved", "smoothness": null, "lanes": null, "oneway": null, "bridge": null, "layer": null, "source": null, "adm0_name": "Nepal", "adm1_name": "Bagmati", "adm2_name": "Dhading", "adm3_name": "Benighat Rorang", "adm4_name": null, "source_feature_count": 1, "source_fids": "612", "source_ids": "way/340467846", "source_highways": "residential", "source_names": "Malekhu", "source_adm1": "Bagmati", "source_adm2": "Dhading", "source_adm3": "Benighat Rorang", "source_adm4": "", "attribute_confidence": "high", "start_degree": 3, "end_degree": 3, "topology_role": "intersection_to_intersection", "dangle_flag": false, "short_dangle_flag": false, "component_id": 41, "component_length_km": 12.019108367291459, "component_segment_count": 42}, "geometry": {"type": "LineString", "coordinates": [[84.8303425, 27.8095341], [84.8305463, 27.809365700000004]]}}, {"type": "Feature", "properties": {"fid": 102, "segment_id": 209, "length_m": 536.204703800134, "length_km": 0.536204703800134, "highway": "residential", "name": "Malekhu", "name_en": null, "name_ne": null, "surface": "unpaved", "smoothness": null, "lanes": null, "oneway": null, "bridge": null, "layer": null, "source": null, "adm0_name": "Nepal", "adm1_name": "Bagmati", "adm2_name": "Dhading", "adm3_name": "Benighat Rorang", "adm4_name": null, "source_feature_count": 1, "source_fids": "612", "source_ids": "way/340467846", "source_highways": "residential", "source_names": "Malekhu", "source_adm1": "Bagmati", "source_adm2": "Dhading", "source_adm3": "Benighat Rorang", "source_adm4": "", "attribute_confidence": "high", "start_degree": 3, "end_degree": 1, "topology_role": "dead_end_link", "dangle_flag": true, "short_dangle_flag": false, "component_id": 41, "component_length_km": 12.019108367291459, "component_segment_count": 42}, "geometry": {"type": "LineString", "coordinates": [[84.8305463, 27.809365700000004], [84.8311432, 27.808737000000004], [84.8312518, 27.808651400000006], [84.8313189, 27.808599199999993], [84.8313403, 27.808555499999997], [84.8315304, 27.808534600000005], [84.8316976, 27.8084248], [84.83184260000002, 27.807893899999996], [84.8319375, 27.807902599999995], [84.831973, 27.808222], [84.8320126, 27.8082413], [84.8322338, 27.8082287], [84.8322676, 27.8082112], [84.8322756, 27.80817619999999], [84.8322617, 27.808074199999997], [84.8323244, 27.807944699999997], [84.8323719, 27.807917600000003], [84.8324334, 27.807928099999994], [84.8326959, 27.807996999999993], [84.833006, 27.808035599999997], [84.8331106, 27.8080363], [84.8334101, 27.808009499999997], [84.8337603, 27.8080219], [84.83440320000001, 27.807838199999996]]}}, {"type": "Feature", "properties": {"fid": 103, "segment_id": 210, "length_m": 37.52691861366295, "length_km": 0.03752691861366295, "highway": "trunk", "name": "Prithvi Rajmarg", "name_en": "Prithvi Rajmarg", "name_ne": null, "surface": "asphalt", "smoothness": null, "lanes": "2", "oneway": null, "bridge": null, "layer": null, "source": null, "adm0_name": "Nepal", "adm1_name": "Bagmati", "adm2_name": "Dhading", "adm3_name": "Benighat Rorang", "adm4_name": null, "source_feature_count": 1, "source_fids": "620", "source_ids": "way/345107844", "source_highways": "trunk", "source_names": "Prithvi Rajmarg", "source_adm1": "Bagmati", "source_adm2": "Dhading", "source_adm3": "Benighat Rorang", "source_adm4": "", "attribute_confidence": "high", "start_degree": 3, "end_degree": 3, "topology_role": "intersection_to_intersection", "dangle_flag": false, "short_dangle_flag": false, "component_id": 41, "component_length_km": 12.019108367291459, "component_segment_count": 42}, "geometry": {"type": "LineString", "coordinates": [[84.8311873, 27.813073600000003], [84.8315122, 27.812896999999992]]}}, {"type": "Feature", "properties": {"fid": 104, "segment_id": 211, "length_m": 68.04716549953343, "length_km": 0.06804716549953344, "highway": "service", "name": null, "name_en": null, "name_ne": null, "surface": null, "smoothness": null, "lanes": null, "oneway": null, "bridge": null, "layer": null, "source": null, "adm0_name": "Nepal", "adm1_name": "Bagmati", "adm2_name": "Dhading", "adm3_name": "Benighat Rorang", "adm4_name": null, "source_feature_count": 1, "source_fids": "593", "source_ids": "way/1485596661", "source_highways": "service", "source_names": "", "source_adm1": "Bagmati", "source_adm2": "Dhading", "source_adm3": "Benighat Rorang", "source_adm4": "", "attribute_confidence": "high", "start_degree": 1, "end_degree": 3, "topology_role": "dead_end_link", "dangle_flag": true, "short_dangle_flag": false, "component_id": 41, "component_length_km": 12.019108367291459, "component_segment_count": 42}, "geometry": {"type": "LineString", "coordinates": [[84.8320263, 27.8132765], [84.83169670000001, 27.813120499999997], [84.8316435, 27.813087100000004], [84.8316058, 27.813048999999996], [84.8315757, 27.812997899999996], [84.8315122, 27.812896999999992]]}}, {"type": "Feature", "properties": {"fid": 105, "segment_id": 212, "length_m": 141.06596962215957, "length_km": 0.14106596962215956, "highway": "trunk", "name": "Prithvi Rajmarg", "name_en": "Prithvi Rajmarg", "name_ne": null, "surface": "asphalt", "smoothness": null, "lanes": "2", "oneway": null, "bridge": null, "layer": null, "source": null, "adm0_name": "Nepal", "adm1_name": "Bagmati", "adm2_name": "Dhading", "adm3_name": "Benighat Rorang", "adm4_name": null, "source_feature_count": 1, "source_fids": "620", "source_ids": "way/345107844", "source_highways": "trunk", "source_names": "Prithvi Rajmarg", "source_adm1": "Bagmati", "source_adm2": "Dhading", "source_adm3": "Benighat Rorang", "source_adm4": "", "attribute_confidence": "high", "start_degree": 3, "end_degree": 3, "topology_role": "intersection_to_intersection", "dangle_flag": false, "short_dangle_flag": false, "component_id": 41, "component_length_km": 12.019108367291459, "component_segment_count": 42}, "geometry": {"type": "LineString", "coordinates": [[84.8315122, 27.812896999999992], [84.8321908, 27.812528200000003], [84.8323992, 27.812390399999998], [84.8325683, 27.812241399999998], [84.8326578, 27.8121476]]}}, {"type": "Feature", "properties": {"fid": 106, "segment_id": 213, "length_m": 95.76516579343934, "length_km": 0.09576516579343934, "highway": "unclassified", "name": null, "name_en": null, "name_ne": null, "surface": null, "smoothness": null, "lanes": null, "oneway": null, "bridge": null, "layer": null, "source": null, "adm0_name": "Nepal", "adm1_name": "Bagmati", "adm2_name": "Dhading", "adm3_name": "Benighat Rorang", "adm4_name": null, "source_feature_count": 1, "source_fids": "606", "source_ids": "way/917704594", "source_highways": "unclassified", "source_names": "", "source_adm1": "Bagmati", "source_adm2": "Dhading", "source_adm3": "Benighat Rorang", "source_adm4": "", "attribute_confidence": "high", "start_degree": 3, "end_degree": 3, "topology_role": "intersection_to_intersection", "dangle_flag": false, "short_dangle_flag": false, "component_id": 41, "component_length_km": 12.019108367291459, "component_segment_count": 42}, "geometry": {"type": "LineString", "coordinates": [[84.83229670000001, 27.8109729], [84.8323669, 27.811031499999995], [84.8324957, 27.811102699999996], [84.83266800000001, 27.811170899999997], [84.8328853, 27.8112872], [84.8329832, 27.811368999999996], [84.8331167, 27.811424199999998]]}}, {"type": "Feature", "properties": {"fid": 107, "segment_id": 214, "length_m": 75.93670452863694, "length_km": 0.07593670452863693, "highway": "service", "name": null, "name_en": null, "name_ne": null, "surface": null, "smoothness": null, "lanes": null, "oneway": null, "bridge": null, "layer": null, "source": null, "adm0_name": "Nepal", "adm1_name": "Bagmati", "adm2_name": "Dhading", "adm3_name": "Benighat Rorang", "adm4_name": null, "source_feature_count": 1, "source_fids": "610", "source_ids": "way/1485596662", "source_highways": "service", "source_names": "", "source_adm1": "Bagmati", "source_adm2": "Dhading", "source_adm3": "Benighat Rorang", "source_adm4": "", "attribute_confidence": "high", "start_degree": 3, "end_degree": 1, "topology_role": "dead_end_link", "dangle_flag": true, "short_dangle_flag": false, "component_id": 41, "component_length_km": 12.019108367291459, "component_segment_count": 42}, "geometry": {"type": "LineString", "coordinates": [[84.8326578, 27.8121476], [84.8326701, 27.8122004], [84.8326587, 27.812262499999996], [84.8326303, 27.812328799999996], [84.8326293, 27.812389099999994], [84.832618, 27.8124269], [84.8325725, 27.812480599999997], [84.8325516, 27.8125225], [84.8325298, 27.812587899999997], [84.8325203, 27.812649999999994], [84.8325137, 27.812738099999997], [84.8325317, 27.812801799999995]]}}, {"type": "Feature", "properties": {"fid": 108, "segment_id": 215, "length_m": 92.31933248655541, "length_km": 0.09231933248655541, "highway": "trunk", "name": "Prithvi Rajmarg", "name_en": "Prithvi Rajmarg", "name_ne": null, "surface": "asphalt", "smoothness": null, "lanes": "2", "oneway": null, "bridge": null, "layer": null, "source": null, "adm0_name": "Nepal", "adm1_name": "Bagmati", "adm2_name": "Dhading", "adm3_name": "Benighat Rorang", "adm4_name": null, "source_feature_count": 1, "source_fids": "620", "source_ids": "way/345107844", "source_highways": "trunk", "source_names": "Prithvi Rajmarg", "source_adm1": "Bagmati", "source_adm2": "Dhading", "source_adm3": "Benighat Rorang", "source_adm4": "", "attribute_confidence": "high", "start_degree": 3, "end_degree": 3, "topology_role": "intersection_to_intersection", "dangle_flag": false, "short_dangle_flag": false, "component_id": 41, "component_length_km": 12.019108367291459, "component_segment_count": 42}, "geometry": {"type": "LineString", "coordinates": [[84.8326578, 27.8121476], [84.8327088, 27.812094199999994], [84.8328392, 27.811917199999996], [84.8331167, 27.811424199999998]]}}, {"type": "Feature", "properties": {"fid": 109, "segment_id": 216, "length_m": 210.3401912449316, "length_km": 0.21034019124493158, "highway": "trunk", "name": "Prithvi Rajmarg", "name_en": "Prithvi Rajmarg", "name_ne": null, "surface": "asphalt", "smoothness": null, "lanes": "2", "oneway": null, "bridge": null, "layer": null, "source": null, "adm0_name": "Nepal", "adm1_name": "Bagmati", "adm2_name": "Dhading", "adm3_name": "Benighat Rorang", "adm4_name": null, "source_feature_count": 1, "source_fids": "620", "source_ids": "way/345107844", "source_highways": "trunk", "source_names": "Prithvi Rajmarg", "source_adm1": "Bagmati", "source_adm2": "Dhading", "source_adm3": "Benighat Rorang", "source_adm4": "", "attribute_confidence": "high", "start_degree": 3, "end_degree": 3, "topology_role": "intersection_to_intersection", "dangle_flag": false, "short_dangle_flag": false, "component_id": 41, "component_length_km": 12.019108367291459, "component_segment_count": 42}, "geometry": {"type": "LineString", "coordinates": [[84.8331167, 27.811424199999998], [84.8332107, 27.811246999999995], [84.8333962, 27.810888500000004], [84.8335694, 27.8105552], [84.8337118, 27.8101918], [84.8338951, 27.809661]]}}, {"type": "Feature", "properties": {"fid": 110, "segment_id": 217, "length_m": 844.3537911298989, "length_km": 0.844353791129899, "highway": "unclassified", "name": null, "name_en": null, "name_ne": null, "surface": null, "smoothness": null, "lanes": null, "oneway": null, "bridge": null, "layer": null, "source": null, "adm0_name": "Nepal", "adm1_name": "Bagmati", "adm2_name": "Dhading", "adm3_name": "Siddhalek", "adm4_name": null, "source_feature_count": 1, "source_fids": "597", "source_ids": "way/1137648169", "source_highways": "unclassified", "source_names": "", "source_adm1": "Bagmati", "source_adm2": "Dhading", "source_adm3": "Siddhalek", "source_adm4": "", "attribute_confidence": "high", "start_degree": 3, "end_degree": 1, "topology_role": "dead_end_link", "dangle_flag": true, "short_dangle_flag": false, "component_id": 41, "component_length_km": 12.019108367291459, "component_segment_count": 42}, "geometry": {"type": "LineString", "coordinates": [[84.8348875, 27.807732799999997], [84.8348407, 27.80750670000001], [84.8347917, 27.807419700000008], [84.83470580000001, 27.807330499999996], [84.8345866, 27.807264399999998], [84.8342161, 27.8071607], [84.8339282, 27.807088400000005], [84.8336852, 27.8069871], [84.8333895, 27.8068626], [84.83273510000001, 27.8063027], [84.8325991, 27.806098800000004], [84.8324083, 27.8057085], [84.8323193, 27.805465199999993], [84.8321455, 27.805301499999995], [84.8320216, 27.805216099999996], [84.8318204, 27.805118799999995], [84.8317185, 27.805030999999996], [84.8315549, 27.8046989], [84.8313296, 27.804243300000003], [84.8313403, 27.804110499999997], [84.831512, 27.8038732], [84.8316407, 27.8036455], [84.8321235, 27.8033228], [84.83256167352762, 27.80311940347659]]}}, {"type": "Feature", "properties": {"fid": 111, "segment_id": 218, "length_m": 211.90286244657233, "length_km": 0.21190286244657233, "highway": "residential", "name": null, "name_en": null, "name_ne": null, "surface": null, "smoothness": null, "lanes": null, "oneway": null, "bridge": null, "layer": null, "source": null, "adm0_name": "Nepal", "adm1_name": "Bagmati", "adm2_name": "Dhading", "adm3_name": "Siddhalek", "adm4_name": null, "source_feature_count": 1, "source_fids": "305", "source_ids": "way/1484952045", "source_highways": "residential", "source_names": "", "source_adm1": "Bagmati", "source_adm2": "Dhading", "source_adm3": "Siddhalek", "source_adm4": "", "attribute_confidence": "high", "start_degree": 3, "end_degree": 1, "topology_role": "dead_end_link", "dangle_flag": true, "short_dangle_flag": false, "component_id": 41, "component_length_km": 12.019108367291459, "component_segment_count": 42}, "geometry": {"type": "LineString", "coordinates": [[84.835768, 27.806462100000005], [84.8355073, 27.806526699999996], [84.8353909, 27.806534299999996], [84.8352659, 27.8065102], [84.8348347, 27.8064008], [84.8343402, 27.8062928], [84.8340283, 27.806243199999997], [84.8339392, 27.806261000000003], [84.8338774, 27.806291499999997], [84.8338343, 27.8063716], [84.8338184, 27.806458099999993]]}}, {"type": "Feature", "properties": {"fid": 112, "segment_id": 219, "length_m": 456.66023978177986, "length_km": 0.4566602397817799, "highway": "path", "name": null, "name_en": null, "name_ne": null, "surface": null, "smoothness": null, "lanes": null, "oneway": null, "bridge": null, "layer": null, "source": null, "adm0_name": "Nepal", "adm1_name": "Bagmati", "adm2_name": "Dhading", "adm3_name": "Siddhalek", "adm4_name": null, "source_feature_count": 1, "source_fids": "609", "source_ids": "way/343722613", "source_highways": "path", "source_names": "", "source_adm1": "Bagmati", "source_adm2": "Dhading", "source_adm3": "Siddhalek", "source_adm4": "", "attribute_confidence": "high", "start_degree": 1, "end_degree": 3, "topology_role": "dead_end_link", "dangle_flag": true, "short_dangle_flag": false, "component_id": 41, "component_length_km": 12.019108367291459, "component_segment_count": 42}, "geometry": {"type": "LineString", "coordinates": [[84.8359612642562, 27.810216291259906], [84.83594452368366, 27.810202898785214], [84.8348039, 27.810161799999996], [84.834199, 27.8098392], [84.8338951, 27.809661]]}}, {"type": "Feature", "properties": {"fid": 113, "segment_id": 220, "length_m": 237.13709665603523, "length_km": 0.23713709665603522, "highway": "trunk", "name": "Prithvi Rajmarg", "name_en": "Prithvi Rajmarg", "name_ne": null, "surface": "asphalt", "smoothness": null, "lanes": "2", "oneway": null, "bridge": null, "layer": null, "source": null, "adm0_name": "Nepal", "adm1_name": "Bagmati", "adm2_name": "Dhading", "adm3_name": "Benighat Rorang", "adm4_name": null, "source_feature_count": 1, "source_fids": "620", "source_ids": "way/345107844", "source_highways": "trunk", "source_names": "Prithvi Rajmarg", "source_adm1": "Bagmati", "source_adm2": "Dhading", "source_adm3": "Benighat Rorang", "source_adm4": "", "attribute_confidence": "high", "start_degree": 3, "end_degree": 3, "topology_role": "intersection_to_intersection", "dangle_flag": false, "short_dangle_flag": false, "component_id": 41, "component_length_km": 12.019108367291459, "component_segment_count": 42}, "geometry": {"type": "LineString", "coordinates": [[84.8338951, 27.809661], [84.8340248, 27.809248199999995], [84.83409020000002, 27.809113899999996], [84.8341832, 27.808978899999996], [84.8342774, 27.8088829], [84.8343712, 27.8087879], [84.8344511, 27.80867389999999], [84.8346385, 27.8082442], [84.8348875, 27.807732799999997]]}}, {"type": "Feature", "properties": {"fid": 114, "segment_id": 221, "length_m": 556.6065065937123, "length_km": 0.5566065065937124, "highway": "tertiary", "name": null, "name_en": null, "name_ne": null, "surface": null, "smoothness": null, "lanes": null, "oneway": null, "bridge": null, "layer": null, "source": null, "adm0_name": "Nepal", "adm1_name": "Bagmati", "adm2_name": "Dhading", "adm3_name": "Siddhalek", "adm4_name": null, "source_feature_count": 1, "source_fids": "653", "source_ids": "way/342496594", "source_highways": "tertiary", "source_names": "", "source_adm1": "Bagmati", "source_adm2": "Dhading", "source_adm3": "Siddhalek", "source_adm4": "", "attribute_confidence": "high", "start_degree": 3, "end_degree": 1, "topology_role": "dead_end_link", "dangle_flag": true, "short_dangle_flag": false, "component_id": 41, "component_length_km": 12.019108367291459, "component_segment_count": 42}, "geometry": {"type": "LineString", "coordinates": [[84.83500927907293, 27.805875090894773], [84.8349093, 27.805959599999998], [84.8347806, 27.805975], [84.8346728, 27.805931900000008], [84.834492, 27.805855099999985], [84.8342868, 27.805725900000002], [84.8341825, 27.805661299999997], [84.8340573, 27.805486], [84.8340538, 27.8053414], [84.8341025, 27.805258399999996], [84.83417900000002, 27.805184500000003], [84.8342555, 27.8051169], [84.83425666010322, 27.805114966496735]]}}, {"type": "Feature", "properties": {"fid": 115, "segment_id": 222, "length_m": 165.58184299311415, "length_km": 0.16558184299311415, "highway": "trunk", "name": "Prithvi Rajmarg", "name_en": "Prithvi Rajmarg", "name_ne": null, "surface": "asphalt", "smoothness": null, "lanes": null, "oneway": null, "bridge": "yes", "layer": "1", "source": null, "adm0_name": "Nepal", "adm1_name": "Bagmati", "adm2_name": "Dhading", "adm3_name": "Siddhalek", "adm4_name": null, "source_feature_count": 1, "source_fids": "601", "source_ids": "way/140332481", "source_highways": "trunk", "source_names": "Prithvi Rajmarg", "source_adm1": "Bagmati", "source_adm2": "Dhading", "source_adm3": "Siddhalek", "source_adm4": "", "attribute_confidence": "high", "start_degree": 3, "end_degree": 3, "topology_role": "intersection_to_intersection", "dangle_flag": false, "short_dangle_flag": false, "component_id": 41, "component_length_km": 12.019108367291459, "component_segment_count": 42}, "geometry": {"type": "LineString", "coordinates": [[84.8348875, 27.807732799999997], [84.8350016, 27.8075386], [84.8351833, 27.807300599999998], [84.835559, 27.8067934], [84.835768, 27.806462100000005]]}}, {"type": "Feature", "properties": {"fid": 116, "segment_id": 223, "length_m": 278.4167734998724, "length_km": 0.2784167734998724, "highway": "trunk", "name": "Prithvi Rajmarg", "name_en": "Prithvi Rajmarg", "name_ne": null, "surface": "asphalt", "smoothness": null, "lanes": null, "oneway": null, "bridge": null, "layer": null, "source": null, "adm0_name": "Nepal", "adm1_name": "Bagmati", "adm2_name": "Dhading", "adm3_name": "Siddhalek", "adm4_name": null, "source_feature_count": 1, "source_fids": "301", "source_ids": "way/44686754", "source_highways": "trunk", "source_names": "Prithvi Rajmarg", "source_adm1": "Bagmati", "source_adm2": "Dhading", "source_adm3": "Siddhalek", "source_adm4": "", "attribute_confidence": "high", "start_degree": 3, "end_degree": 3, "topology_role": "intersection_to_intersection", "dangle_flag": false, "short_dangle_flag": false, "component_id": 41, "component_length_km": 12.019108367291459, "component_segment_count": 42}, "geometry": {"type": "LineString", "coordinates": [[84.835768, 27.806462100000005], [84.8359217, 27.806218399999995], [84.8360647, 27.8057632], [84.8364068, 27.805076300000003], [84.8364782, 27.804847899999995], [84.83655923138389, 27.804700586556688]]}}, {"type": "Feature", "properties": {"fid": 117, "segment_id": 224, "length_m": 941.6431517918076, "length_km": 0.9416431517918076, "highway": "trunk", "name": "Prithvi Rajmarg", "name_en": "Prithvi Rajmarg", "name_ne": null, "surface": "asphalt", "smoothness": null, "lanes": null, "oneway": null, "bridge": null, "layer": null, "source": null, "adm0_name": "Nepal", "adm1_name": "Bagmati", "adm2_name": "Dhading", "adm3_name": "Siddhalek", "adm4_name": null, "source_feature_count": 1, "source_fids": "301", "source_ids": "way/44686754", "source_highways": "trunk", "source_names": "Prithvi Rajmarg", "source_adm1": "Bagmati", "source_adm2": "Dhading", "source_adm3": "Siddhalek", "source_adm4": "", "attribute_confidence": "high", "start_degree": 3, "end_degree": 3, "topology_role": "intersection_to_intersection", "dangle_flag": false, "short_dangle_flag": false, "component_id": 41, "component_length_km": 12.019108367291459, "component_segment_count": 42}, "geometry": {"type": "LineString", "coordinates": [[84.83896981739058, 27.80165261969137], [84.83909890276865, 27.801565780423484]]}}, {"type": "Feature", "properties": {"fid": 118, "segment_id": 225, "length_m": 503.59831452094363, "length_km": 0.5035983145209436, "highway": "secondary", "name": "Kalu Pandey Highway", "name_en": null, "name_ne": "कालु पाण्डेँ मार्ग", "surface": "asphalt", "smoothness": null, "lanes": null, "oneway": null, "bridge": null, "layer": null, "source": null, "adm0_name": "Nepal", "adm1_name": "Bagmati", "adm2_name": "Dhading", "adm3_name": "Siddhalek", "adm4_name": null, "source_feature_count": 1, "source_fids": "596", "source_ids": "way/90215232", "source_highways": "secondary", "source_names": "Kalu Pandey Highway", "source_adm1": "Bagmati", "source_adm2": "Dhading", "source_adm3": "Siddhalek", "source_adm4": "", "attribute_confidence": "high", "start_degree": 3, "end_degree": 1, "topology_role": "dead_end_link", "dangle_flag": true, "short_dangle_flag": false, "component_id": 41, "component_length_km": 12.019108367291459, "component_segment_count": 42}, "geometry": {"type": "LineString", "coordinates": [[84.84444029263851, 27.80201669200731], [84.84394369591787, 27.802772892893074]]}}, {"type": "Feature", "properties": {"fid": 119, "segment_id": 232, "length_m": 216.5870718175845, "length_km": 0.2165870718175845, "highway": "path", "name": null, "name_en": null, "name_ne": null, "surface": null, "smoothness": null, "lanes": null, "oneway": null, "bridge": "yes", "layer": "1", "source": null, "adm0_name": "Nepal", "adm1_name": "Bagmati", "adm2_name": "Dhading", "adm3_name": "Siddhalek", "adm4_name": null, "source_feature_count": 1, "source_fids": "287", "source_ids": "way/1485596672", "source_highways": "path", "source_names": "", "source_adm1": "Bagmati", "source_adm2": "Dhading", "source_adm3": "Siddhalek", "source_adm4": "", "attribute_confidence": "high", "start_degree": 3, "end_degree": 3, "topology_role": "intersection_to_intersection", "dangle_flag": false, "short_dangle_flag": false, "component_id": 41, "component_length_km": 12.019108367291459, "component_segment_count": 42}, "geometry": {"type": "LineString", "coordinates": [[84.85414397377065, 27.808528849965526], [84.85400260078677, 27.80759353598481]]}}, {"type": "Feature", "properties": {"fid": 120, "segment_id": 242, "length_m": 1271.4977210906175, "length_km": 1.2714977210906175, "highway": "unclassified", "name": null, "name_en": null, "name_ne": null, "surface": null, "smoothness": null, "lanes": null, "oneway": null, "bridge": null, "layer": null, "source": "Digital Globe", "adm0_name": "Nepal", "adm1_name": "Bagmati", "adm2_name": "Dhading", "adm3_name": "Siddhalek", "adm4_name": null, "source_feature_count": 1, "source_fids": "279", "source_ids": "way/344078450", "source_highways": "unclassified", "source_names": "", "source_adm1": "Bagmati", "source_adm2": "Dhading", "source_adm3": "Siddhalek", "source_adm4": "", "attribute_confidence": "high", "start_degree": 3, "end_degree": 4, "topology_role": "intersection_to_intersection", "dangle_flag": false, "short_dangle_flag": false, "component_id": 47, "component_length_km": 2.224177148680082, "component_segment_count": 8}, "geometry": {"type": "LineString", "coordinates": [[84.88000907916421, 27.809930282976087], [84.8801155, 27.809928599999992], [84.88027462778247, 27.810014786877243]]}}, {"type": "Feature", "properties": {"fid": 121, "segment_id": 246, "length_m": 227.1805384180726, "length_km": 0.2271805384180726, "highway": "path", "name": null, "name_en": null, "name_ne": null, "surface": null, "smoothness": null, "lanes": null, "oneway": null, "bridge": "yes", "layer": "1", "source": null, "adm0_name": "Nepal", "adm1_name": "Bagmati", "adm2_name": "Dhading", "adm3_name": "Siddhalek", "adm4_name": null, "source_feature_count": 1, "source_fids": "293", "source_ids": "way/343722610", "source_highways": "path", "source_names": "", "source_adm1": "Bagmati", "source_adm2": "Dhading", "source_adm3": "Siddhalek", "source_adm4": "", "attribute_confidence": "high", "start_degree": 3, "end_degree": 3, "topology_role": "intersection_to_intersection", "dangle_flag": false, "short_dangle_flag": false, "component_id": 48, "component_length_km": 0.6500920657973676, "component_segment_count": 5}, "geometry": {"type": "LineString", "coordinates": [[84.87141131147222, 27.803642505139006], [84.87193186968152, 27.802676436372327]]}}, {"type": "Feature", "properties": {"fid": 122, "segment_id": 251, "length_m": 156.10375154098574, "length_km": 0.15610375154098574, "highway": "footway", "name": null, "name_en": null, "name_ne": null, "surface": null, "smoothness": null, "lanes": null, "oneway": null, "bridge": "yes", "layer": "1", "source": null, "adm0_name": "Nepal", "adm1_name": "Bagmati", "adm2_name": "Dhading", "adm3_name": "Siddhalek", "adm4_name": null, "source_feature_count": 1, "source_fids": "280", "source_ids": "way/344058103", "source_highways": "footway", "source_names": "", "source_adm1": "Bagmati", "source_adm2": "Dhading", "source_adm3": "Siddhalek", "source_adm4": "", "attribute_confidence": "high", "start_degree": 4, "end_degree": 3, "topology_role": "intersection_to_intersection", "dangle_flag": false, "short_dangle_flag": false, "component_id": 47, "component_length_km": 2.224177148680082, "component_segment_count": 8}, "geometry": {"type": "LineString", "coordinates": [[84.88036922143874, 27.81002706473919], [84.88079637613635, 27.80918511104767]]}}, {"type": "Feature", "properties": {"fid": 123, "segment_id": 262, "length_m": 390.26123922167505, "length_km": 0.39026123922167505, "highway": "residential", "name": null, "name_en": null, "name_ne": null, "surface": null, "smoothness": null, "lanes": null, "oneway": null, "bridge": "yes", "layer": null, "source": null, "adm0_name": "Nepal", "adm1_name": "Bagmati", "adm2_name": "Dhading", "adm3_name": "Siddhalek", "adm4_name": null, "source_feature_count": 2, "source_fids": "275;266", "source_ids": "way/1484953717;way/344095630", "source_highways": "residential;track", "source_names": "", "source_adm1": "Bagmati", "source_adm2": "Dhading", "source_adm3": "Siddhalek", "source_adm4": "", "attribute_confidence": "medium", "start_degree": 1, "end_degree": 3, "topology_role": "dead_end_link", "dangle_flag": true, "short_dangle_flag": false, "component_id": 53, "component_length_km": 1.2052881339993935, "component_segment_count": 5}, "geometry": {"type": "LineString", "coordinates": [[84.90153293539228, 27.80736502200406], [84.9017621, 27.807036299999996], [84.9022567, 27.806309799999998], [84.90234989476113, 27.806156380463847]]}}, {"type": "Feature", "properties": {"fid": 124, "segment_id": 268, "length_m": 321.4836562194806, "length_km": 0.3214836562194806, "highway": "footway", "name": null, "name_en": null, "name_ne": null, "surface": null, "smoothness": null, "lanes": null, "oneway": null, "bridge": "yes", "layer": "1", "source": null, "adm0_name": "Nepal", "adm1_name": "Bagmati", "adm2_name": "Dhading", "adm3_name": "Siddhalek", "adm4_name": null, "source_feature_count": 1, "source_fids": "272", "source_ids": "way/341375565", "source_highways": "footway", "source_names": "", "source_adm1": "Bagmati", "source_adm2": "Dhading", "source_adm3": "Siddhalek", "source_adm4": "", "attribute_confidence": "high", "start_degree": 3, "end_degree": 1, "topology_role": "dead_end_link", "dangle_flag": true, "short_dangle_flag": false, "component_id": 55, "component_length_km": 1.0622538641295067, "component_segment_count": 3}, "geometry": {"type": "LineString", "coordinates": [[84.90418459683801, 27.808048842603597], [84.90412117066514, 27.807018056854137]]}}, {"type": "Feature", "properties": {"fid": 125, "segment_id": 280, "length_m": 198.00335245003174, "length_km": 0.19800335245003173, "highway": "unclassified", "name": null, "name_en": null, "name_ne": null, "surface": null, "smoothness": null, "lanes": null, "oneway": null, "bridge": "yes", "layer": "1", "source": null, "adm0_name": "Nepal", "adm1_name": "Bagmati", "adm2_name": "Dhading", "adm3_name": "Gajuri", "adm4_name": null, "source_feature_count": 1, "source_fids": "250", "source_ids": "way/1378017630", "source_highways": "unclassified", "source_names": "", "source_adm1": "Bagmati", "source_adm2": "Dhading", "source_adm3": "Gajuri", "source_adm4": "", "attribute_confidence": "high", "start_degree": 3, "end_degree": 3, "topology_role": "intersection_to_intersection", "dangle_flag": false, "short_dangle_flag": false, "component_id": 57, "component_length_km": 3.388995298633955, "component_segment_count": 11}, "geometry": {"type": "LineString", "coordinates": [[84.92454444791903, 27.79731441827918], [84.9244371, 27.797575099999996], [84.9241286, 27.798316599999993], [84.92409917712283, 27.79839741924247]]}}, {"type": "Feature", "properties": {"fid": 126, "segment_id": 292, "length_m": 470.9493265734252, "length_km": 0.4709493265734252, "highway": "footway", "name": null, "name_en": null, "name_ne": null, "surface": null, "smoothness": null, "lanes": null, "oneway": null, "bridge": "yes", "layer": "1", "source": null, "adm0_name": "Nepal", "adm1_name": "Bagmati", "adm2_name": "Dhading", "adm3_name": "Siddhalek", "adm4_name": null, "source_feature_count": 1, "source_fids": "165", "source_ids": "way/341375566", "source_highways": "footway", "source_names": "", "source_adm1": "Bagmati", "source_adm2": "Dhading", "source_adm3": "Siddhalek", "source_adm4": "", "attribute_confidence": "high", "start_degree": 1, "end_degree": 1, "topology_role": "dead_end_to_dead_end", "dangle_flag": true, "short_dangle_flag": false, "component_id": 65, "component_length_km": 0.4709493265734252, "component_segment_count": 1}, "geometry": {"type": "LineString", "coordinates": [[84.94064759387138, 27.80721397101843], [84.94172133808601, 27.80697953330668]]}}, {"type": "Feature", "properties": {"fid": 127, "segment_id": 307, "length_m": 945.7630352544098, "length_km": 0.9457630352544099, "highway": "unclassified", "name": null, "name_en": null, "name_ne": null, "surface": null, "smoothness": null, "lanes": null, "oneway": null, "bridge": null, "layer": null, "source": null, "adm0_name": "Nepal", "adm1_name": "Bagmati", "adm2_name": "Dhading", "adm3_name": "Galchhi", "adm4_name": null, "source_feature_count": 1, "source_fids": "228", "source_ids": "way/340856785", "source_highways": "unclassified", "source_names": "", "source_adm1": "Bagmati", "source_adm2": "Dhading", "source_adm3": "Galchhi", "source_adm4": "", "attribute_confidence": "high", "start_degree": 1, "end_degree": 3, "topology_role": "dead_end_link", "dangle_flag": true, "short_dangle_flag": false, "component_id": 72, "component_length_km": 1.4309009026535529, "component_segment_count": 3}, "geometry": {"type": "LineString", "coordinates": [[84.96036246404084, 27.81806540315088], [84.9603652, 27.818061899999993], [84.96037270017294, 27.818060703564356]]}}, {"type": "Feature", "properties": {"fid": 128, "segment_id": 308, "length_m": 247.0335719196927, "length_km": 0.2470335719196927, "highway": "footway", "name": "Keurintar Hanging Bridge", "name_en": null, "name_ne": null, "surface": null, "smoothness": null, "lanes": null, "oneway": null, "bridge": "yes", "layer": "1", "source": null, "adm0_name": "Nepal", "adm1_name": "Bagmati", "adm2_name": "Dhading", "adm3_name": "Galchhi", "adm4_name": null, "source_feature_count": 1, "source_fids": "229", "source_ids": "way/340856784", "source_highways": "footway", "source_names": "Keurintar Hanging Bridge", "source_adm1": "Bagmati", "source_adm2": "Dhading", "source_adm3": "Galchhi", "source_adm4": "", "attribute_confidence": "high", "start_degree": 1, "end_degree": 3, "topology_role": "dead_end_link", "dangle_flag": true, "short_dangle_flag": false, "component_id": 72, "component_length_km": 1.4309009026535529, "component_segment_count": 3}, "geometry": {"type": "LineString", "coordinates": [[84.96159472527724, 27.816145016752], [84.9621643312333, 27.816992569474]]}}, {"type": "Feature", "properties": {"fid": 129, "segment_id": 310, "length_m": 184.14406807433824, "length_km": 0.18414406807433822, "highway": "residential", "name": null, "name_en": null, "name_ne": null, "surface": null, "smoothness": null, "lanes": null, "oneway": null, "bridge": null, "layer": null, "source": null, "adm0_name": "Nepal", "adm1_name": "Bagmati", "adm2_name": "Dhading", "adm3_name": "Galchhi", "adm4_name": null, "source_feature_count": 1, "source_fids": "152", "source_ids": "way/1432603258", "source_highways": "residential", "source_names": "", "source_adm1": "Bagmati", "source_adm2": "Dhading", "source_adm3": "Galchhi", "source_adm4": "", "attribute_confidence": "high", "start_degree": 3, "end_degree": 1, "topology_role": "dead_end_link", "dangle_flag": true, "short_dangle_flag": false, "component_id": 73, "component_length_km": 0.9023521829519334, "component_segment_count": 5}, "geometry": {"type": "LineString", "coordinates": [[84.9645251, 27.8115213], [84.9644664, 27.811641099999996], [84.9643243, 27.8118187], [84.96425895791215, 27.811885542310353]]}}, {"type": "Feature", "properties": {"fid": 130, "segment_id": 312, "length_m": 234.87819032574797, "length_km": 0.23487819032574797, "highway": "unclassified", "name": null, "name_en": null, "name_ne": null, "surface": null, "smoothness": null, "lanes": null, "oneway": null, "bridge": null, "layer": null, "source": null, "adm0_name": "Nepal", "adm1_name": "Bagmati", "adm2_name": "Dhading", "adm3_name": "Galchhi", "adm4_name": null, "source_feature_count": 1, "source_fids": "153", "source_ids": "way/1432603260", "source_highways": "unclassified", "source_names": "", "source_adm1": "Bagmati", "source_adm2": "Dhading", "source_adm3": "Galchhi", "source_adm4": "", "attribute_confidence": "high", "start_degree": 1, "end_degree": 3, "topology_role": "dead_end_link", "dangle_flag": true, "short_dangle_flag": false, "component_id": 73, "component_length_km": 0.9023521829519334, "component_segment_count": 5}, "geometry": {"type": "LineString", "coordinates": [[84.96434967900342, 27.811257582524437], [84.964401, 27.8112759], [84.96447770000002, 27.8114016], [84.9645251, 27.8115213]]}}, {"type": "Feature", "properties": {"fid": 131, "segment_id": 313, "length_m": 179.45618225814317, "length_km": 0.17945618225814317, "highway": "unclassified", "name": null, "name_en": null, "name_ne": null, "surface": null, "smoothness": null, "lanes": null, "oneway": null, "bridge": "yes", "layer": "1", "source": null, "adm0_name": "Nepal", "adm1_name": "Bagmati", "adm2_name": "Dhading", "adm3_name": "Galchhi", "adm4_name": null, "source_feature_count": 1, "source_fids": "150", "source_ids": "way/1432603259", "source_highways": "unclassified", "source_names": "", "source_adm1": "Bagmati", "source_adm2": "Dhading", "source_adm3": "Galchhi", "source_adm4": "", "attribute_confidence": "high", "start_degree": 3, "end_degree": 3, "topology_role": "intersection_to_intersection", "dangle_flag": false, "short_dangle_flag": false, "component_id": 73, "component_length_km": 0.9023521829519334, "component_segment_count": 5}, "geometry": {"type": "LineString", "coordinates": [[84.9645251, 27.8115213], [84.9645883, 27.811569199999997], [84.9647013, 27.8116359], [84.96579716212857, 27.81217493042729]]}}, {"type": "Feature", "properties": {"fid": 132, "segment_id": 316, "length_m": 169.0858780955997, "length_km": 0.1690858780955997, "highway": "track", "name": null, "name_en": null, "name_ne": null, "surface": null, "smoothness": null, "lanes": null, "oneway": null, "bridge": null, "layer": null, "source": null, "adm0_name": "Nepal", "adm1_name": "Bagmati", "adm2_name": "Dhading", "adm3_name": "Galchhi", "adm4_name": null, "source_feature_count": 1, "source_fids": "151", "source_ids": "way/1432603263", "source_highways": "track", "source_names": "", "source_adm1": "Bagmati", "source_adm2": "Dhading", "source_adm3": "Galchhi", "source_adm4": "", "attribute_confidence": "high", "start_degree": 3, "end_degree": 1, "topology_role": "dead_end_link", "dangle_flag": true, "short_dangle_flag": false, "component_id": 73, "component_length_km": 0.9023521829519334, "component_segment_count": 5}, "geometry": {"type": "LineString", "coordinates": [[84.96603516010673, 27.811873890117056], [84.966007, 27.811886899999998], [84.9656777, 27.812036100000004]]}}, {"type": "Feature", "properties": {"fid": 133, "segment_id": 321, "length_m": 216.79840648453614, "length_km": 0.21679840648453613, "highway": "track", "name": null, "name_en": null, "name_ne": null, "surface": null, "smoothness": null, "lanes": null, "oneway": null, "bridge": null, "layer": null, "source": null, "adm0_name": "Nepal", "adm1_name": "Bagmati", "adm2_name": "Dhading", "adm3_name": "Galchhi", "adm4_name": null, "source_feature_count": 1, "source_fids": "155", "source_ids": "way/311549074", "source_highways": "track", "source_names": "", "source_adm1": "Bagmati", "source_adm2": "Dhading", "source_adm3": "Galchhi", "source_adm4": "", "attribute_confidence": "high", "start_degree": 3, "end_degree": 1, "topology_role": "dead_end_link", "dangle_flag": true, "short_dangle_flag": false, "component_id": 75, "component_length_km": 2.214364614854226, "component_segment_count": 10}, "geometry": {"type": "LineString", "coordinates": [[84.96765312273277, 27.810061997509596], [84.9676356, 27.810120599999998], [84.9676313, 27.81016440000001], [84.9676722, 27.810198699999997], [84.9677024, 27.810200599999998], [84.967767, 27.810177699999997], [84.9678359, 27.81011300000001]]}}, {"type": "Feature", "properties": {"fid": 134, "segment_id": 325, "length_m": 359.91341641299715, "length_km": 0.3599134164129972, "highway": "track", "name": null, "name_en": null, "name_ne": null, "surface": null, "smoothness": null, "lanes": null, "oneway": null, "bridge": null, "layer": null, "source": null, "adm0_name": "Nepal", "adm1_name": "Bagmati", "adm2_name": "Dhading", "adm3_name": "Galchhi", "adm4_name": null, "source_feature_count": 1, "source_fids": "149", "source_ids": "way/1485311037", "source_highways": "track", "source_names": "", "source_adm1": "Bagmati", "source_adm2": "Dhading", "source_adm3": "Galchhi", "source_adm4": "", "attribute_confidence": "high", "start_degree": 3, "end_degree": 3, "topology_role": "intersection_to_intersection", "dangle_flag": false, "short_dangle_flag": false, "component_id": 75, "component_length_km": 2.214364614854226, "component_segment_count": 10}, "geometry": {"type": "LineString", "coordinates": [[84.970094209954, 27.807356226864712], [84.96910027272196, 27.807240453273725]]}}, {"type": "Feature", "properties": {"fid": 135, "segment_id": 332, "length_m": 391.5301273463405, "length_km": 0.3915301273463405, "highway": "path", "name": null, "name_en": null, "name_ne": null, "surface": null, "smoothness": null, "lanes": null, "oneway": null, "bridge": null, "layer": null, "source": null, "adm0_name": "Nepal", "adm1_name": "Bagmati", "adm2_name": "Dhading", "adm3_name": "Galchhi", "adm4_name": null, "source_feature_count": 1, "source_fids": "186", "source_ids": "way/1408714162", "source_highways": "path", "source_names": "", "source_adm1": "Bagmati", "source_adm2": "Dhading", "source_adm3": "Galchhi", "source_adm4": "", "attribute_confidence": "high", "start_degree": 1, "end_degree": 1, "topology_role": "dead_end_to_dead_end", "dangle_flag": true, "short_dangle_flag": false, "component_id": 78, "component_length_km": 0.3915301273463405, "component_segment_count": 1}, "geometry": {"type": "LineString", "coordinates": [[84.97484358375961, 27.80083618581761], [84.97520425361239, 27.80197217978265]]}}, {"type": "Feature", "properties": {"fid": 136, "segment_id": 344, "length_m": 808.2670900120819, "length_km": 0.8082670900120819, "highway": "track", "name": null, "name_en": null, "name_ne": null, "surface": null, "smoothness": null, "lanes": null, "oneway": null, "bridge": null, "layer": null, "source": null, "adm0_name": "Nepal", "adm1_name": "Bagmati", "adm2_name": "Dhading", "adm3_name": "Galchhi", "adm4_name": null, "source_feature_count": 1, "source_fids": "199", "source_ids": "way/302738754", "source_highways": "track", "source_names": "", "source_adm1": "Bagmati", "source_adm2": "Dhading", "source_adm3": "Galchhi", "source_adm4": "", "attribute_confidence": "high", "start_degree": 4, "end_degree": 3, "topology_role": "intersection_to_intersection", "dangle_flag": false, "short_dangle_flag": false, "component_id": 80, "component_length_km": 3.702022870367644, "component_segment_count": 24}, "geometry": {"type": "MultiLineString", "coordinates": [[[84.98865274288062, 27.80440746004479], [84.98830850000002, 27.8045945], [84.9881288, 27.804679899999996], [84.9879277, 27.804715499999997], [84.9876943, 27.804720199999995], [84.9875441, 27.804755800000002], [84.9874288, 27.8049053], [84.9873337, 27.8049675], [84.9871605, 27.804984900000004], [84.9870249, 27.8049785], [84.986925, 27.804961999999996], [84.9868598, 27.8049454], [84.9867599, 27.8049099], [84.9866751, 27.804863299999997], [84.9863905, 27.8046786], [84.9859823, 27.804297599999998], [84.9857862, 27.804236200000002], [84.9856097, 27.8042145], [84.9854901, 27.804165599999997], [84.9853853, 27.804132499999998], [84.9852684, 27.804081500000002], [84.9851038, 27.804000199999997], [84.9850431, 27.803976599999995], [84.9849833, 27.803960399999998], [84.984845, 27.803935499999998], [84.9847977, 27.803922899999996], [84.98475490000001, 27.803903999999996], [84.9845858, 27.8037982], [84.9844118, 27.803694], [84.984294, 27.803613499999994], [84.9840424, 27.803388600000005], [84.9839728, 27.8033223], [84.98389250000001, 27.803234699999997], [84.9838425, 27.803167199999994], [84.9838055, 27.8031328], [84.9837774, 27.803112300000002], [84.98363330000001, 27.803037299999996], [84.9835998, 27.803012499999998], [84.9834896, 27.8029134], [84.9832724, 27.802752799999997], [84.9831564, 27.802659699999996], [84.9830694, 27.802584299999992], [84.98302210000001, 27.80253769999999], [84.98299550416571, 27.802503440510204]], [[84.9823504161742, 27.802132289116887], [84.9822159, 27.802087800000002], [84.9821708, 27.8020701], [84.982116, 27.802040099999996], [84.9820499, 27.801995499999997], [84.9819897, 27.801946499999996], [84.9819473, 27.8019142], [84.98193121136916, 27.801891096729186]]]}}, {"type": "Feature", "properties": {"fid": 137, "segment_id": 349, "length_m": 1.9559922198579578, "length_km": 0.001955992219857958, "highway": "UNCLASSIFIED_UNKNOWN", "name": null, "name_en": null, "name_ne": null, "surface": null, "smoothness": null, "lanes": null, "oneway": null, "bridge": null, "layer": null, "source": null, "adm0_name": null, "adm1_name": null, "adm2_name": null, "adm3_name": null, "adm4_name": null, "source_feature_count": 1, "source_fids": "1419", "source_ids": "", "source_highways": "UNCLASSIFIED_UNKNOWN", "source_names": "", "source_adm1": "", "source_adm2": "", "source_adm3": "", "source_adm4": "", "attribute_confidence": "high", "start_degree": 4, "end_degree": 1, "topology_role": "dead_end_link", "dangle_flag": true, "short_dangle_flag": true, "component_id": 80, "component_length_km": 3.702022870367644, "component_segment_count": 24}, "geometry": {"type": "LineString", "coordinates": [[84.9886612922822, 27.804403537362763], [84.98867673422217, 27.80441352919605]]}}, {"type": "Feature", "properties": {"fid": 138, "segment_id": 351, "length_m": 126.72217772301505, "length_km": 0.12672217772301506, "highway": "track", "name": null, "name_en": null, "name_ne": null, "surface": null, "smoothness": null, "lanes": null, "oneway": null, "bridge": null, "layer": null, "source": null, "adm0_name": "Nepal", "adm1_name": "Bagmati", "adm2_name": "Dhading", "adm3_name": "Galchhi", "adm4_name": null, "source_feature_count": 1, "source_fids": "199", "source_ids": "way/302738754", "source_highways": "track", "source_names": "", "source_adm1": "Bagmati", "source_adm2": "Dhading", "source_adm3": "Galchhi", "source_adm4": "", "attribute_confidence": "high", "start_degree": 3, "end_degree": 4, "topology_role": "intersection_to_intersection", "dangle_flag": false, "short_dangle_flag": false, "component_id": 80, "component_length_km": 3.702022870367644, "component_segment_count": 24}, "geometry": {"type": "LineString", "coordinates": [[84.98971940000001, 27.803757000000004], [84.9896765, 27.80378539999999], [84.989368, 27.8039491], [84.98906520289957, 27.804153378851037]]}}, {"type": "Feature", "properties": {"fid": 139, "segment_id": 355, "length_m": 249.86052766681473, "length_km": 0.24986052766681474, "highway": "unclassified", "name": null, "name_en": null, "name_ne": null, "surface": null, "smoothness": null, "lanes": null, "oneway": null, "bridge": "yes", "layer": "1", "source": null, "adm0_name": "Nepal", "adm1_name": "Bagmati", "adm2_name": "Dhading", "adm3_name": "Galchhi", "adm4_name": null, "source_feature_count": 1, "source_fids": "201", "source_ids": "way/1266664498", "source_highways": "unclassified", "source_names": "", "source_adm1": "Bagmati", "source_adm2": "Dhading", "source_adm3": "Galchhi", "source_adm4": "", "attribute_confidence": "high", "start_degree": 3, "end_degree": 3, "topology_role": "intersection_to_intersection", "dangle_flag": false, "short_dangle_flag": false, "component_id": 80, "component_length_km": 3.702022870367644, "component_segment_count": 24}, "geometry": {"type": "LineString", "coordinates": [[84.99099947616126, 27.804624965448994], [84.989769, 27.8037866], [84.98971940000001, 27.803757000000004]]}}, {"type": "Feature", "properties": {"fid": 140, "segment_id": 356, "length_m": 17.466967896550234, "length_km": 0.017466967896550233, "highway": "track", "name": null, "name_en": null, "name_ne": null, "surface": null, "smoothness": null, "lanes": null, "oneway": null, "bridge": null, "layer": null, "source": null, "adm0_name": "Nepal", "adm1_name": "Bagmati", "adm2_name": "Dhading", "adm3_name": "Galchhi", "adm4_name": null, "source_feature_count": 1, "source_fids": "199", "source_ids": "way/302738754", "source_highways": "track", "source_names": "", "source_adm1": "Bagmati", "source_adm2": "Dhading", "source_adm3": "Galchhi", "source_adm4": "", "attribute_confidence": "high", "start_degree": 3, "end_degree": 3, "topology_role": "intersection_to_intersection", "dangle_flag": false, "short_dangle_flag": false, "component_id": 80, "component_length_km": 3.702022870367644, "component_segment_count": 24}, "geometry": {"type": "LineString", "coordinates": [[84.98982150000002, 27.8036288], [84.9897731, 27.803678699999995], [84.98971940000001, 27.803757000000004]]}}, {"type": "Feature", "properties": {"fid": 141, "segment_id": 357, "length_m": 124.03011386523676, "length_km": 0.12403011386523675, "highway": "track", "name": null, "name_en": null, "name_ne": null, "surface": null, "smoothness": null, "lanes": null, "oneway": null, "bridge": null, "layer": null, "source": null, "adm0_name": "Nepal", "adm1_name": "Bagmati", "adm2_name": "Dhading", "adm3_name": "Galchhi", "adm4_name": null, "source_feature_count": 1, "source_fids": "199", "source_ids": "way/302738754", "source_highways": "track", "source_names": "", "source_adm1": "Bagmati", "source_adm2": "Dhading", "source_adm3": "Galchhi", "source_adm4": "", "attribute_confidence": "high", "start_degree": 3, "end_degree": 3, "topology_role": "intersection_to_intersection", "dangle_flag": false, "short_dangle_flag": false, "component_id": 80, "component_length_km": 3.702022870367644, "component_segment_count": 24}, "geometry": {"type": "LineString", "coordinates": [[84.98997857136922, 27.80331491530755], [84.9899878, 27.803341699999997], [84.9899892, 27.8033952], [84.9899811, 27.803457999999996], [84.9899449, 27.803501899999997], [84.9898813, 27.803555299999992], [84.98982150000002, 27.8036288]]}}, {"type": "Feature", "properties": {"fid": 142, "segment_id": 358, "length_m": 290.59871350679754, "length_km": 0.29059871350679756, "highway": "footway", "name": null, "name_en": null, "name_ne": null, "surface": null, "smoothness": null, "lanes": null, "oneway": null, "bridge": "yes", "layer": "1", "source": null, "adm0_name": "Nepal", "adm1_name": "Bagmati", "adm2_name": "Dhading", "adm3_name": "Galchhi", "adm4_name": null, "source_feature_count": 1, "source_fids": "203", "source_ids": "way/302711992", "source_highways": "footway", "source_names": "", "source_adm1": "Bagmati", "source_adm2": "Dhading", "source_adm3": "Galchhi", "source_adm4": "", "attribute_confidence": "high", "start_degree": 3, "end_degree": 3, "topology_role": "intersection_to_intersection", "dangle_flag": false, "short_dangle_flag": false, "component_id": 80, "component_length_km": 3.702022870367644, "component_segment_count": 24}, "geometry": {"type": "LineString", "coordinates": [[84.98982150000002, 27.8036288], [84.9898951, 27.803621699999997], [84.9899648, 27.803571899999998], [84.9900185, 27.803545799999995], [84.9900547, 27.803530099999996], [84.9900976, 27.803526799999993], [84.9901699, 27.803545399999997], [84.9914895, 27.8038543], [84.9915534, 27.803828100000004], [84.9916658, 27.803800399999997], [84.991848, 27.8038118], [84.99207010252914, 27.80386833870516]]}}, {"type": "Feature", "properties": {"fid": 143, "segment_id": 372, "length_m": 333.94853292265793, "length_km": 0.3339485329226579, "highway": "footway", "name": null, "name_en": null, "name_ne": null, "surface": null, "smoothness": null, "lanes": null, "oneway": null, "bridge": "yes", "layer": "1", "source": null, "adm0_name": "Nepal", "adm1_name": "Bagmati", "adm2_name": "Dhading", "adm3_name": "Galchhi", "adm4_name": null, "source_feature_count": 1, "source_fids": "1074", "source_ids": "way/302728292", "source_highways": "footway", "source_names": "", "source_adm1": "Bagmati", "source_adm2": "Dhading", "source_adm3": "Galchhi", "source_adm4": "", "attribute_confidence": "high", "start_degree": 3, "end_degree": 3, "topology_role": "intersection_to_intersection", "dangle_flag": false, "short_dangle_flag": false, "component_id": 82, "component_length_km": 6.21844775339124, "component_segment_count": 20}, "geometry": {"type": "LineString", "coordinates": [[85.00120672249098, 27.800579199616966], [85.0013053709717, 27.802495108310136]]}}, {"type": "Feature", "properties": {"fid": 144, "segment_id": 376, "length_m": 1374.9652667324713, "length_km": 1.3749652667324712, "highway": "primary", "name": "Pasang Lhamu Highway", "name_en": null, "name_ne": null, "surface": "gravel", "smoothness": null, "lanes": null, "oneway": null, "bridge": null, "layer": null, "source": null, "adm0_name": "Nepal", "adm1_name": "Bagmati", "adm2_name": "Dhading", "adm3_name": "Galchhi", "adm4_name": null, "source_feature_count": 1, "source_fids": "1077", "source_ids": "way/209012918", "source_highways": "primary", "source_names": "Pasang Lhamu Highway", "source_adm1": "Bagmati", "source_adm2": "Dhading", "source_adm3": "Galchhi", "source_adm4": "", "attribute_confidence": "high", "start_degree": 3, "end_degree": 3, "topology_role": "intersection_to_intersection", "dangle_flag": false, "short_dangle_flag": false, "component_id": 82, "component_length_km": 6.21844775339124, "component_segment_count": 20}, "geometry": {"type": "MultiLineString", "coordinates": [[[85.01614409052908, 27.809727556333254], [85.0159758, 27.809645799999995], [85.0158349, 27.8096325], [85.0157392, 27.809567299999998], [85.015649, 27.809568599999995], [85.0155344, 27.8095747], [85.0154687, 27.809524399999997], [85.0153346, 27.809519699999996], [85.0151951, 27.809481699999996], [85.0150878, 27.809429499999997], [85.0149966, 27.8093584], [85.0149476, 27.809310999999997], [85.0149307, 27.80924979999999], [85.0149264, 27.809115000000002], [85.0149844, 27.8084294], [85.0150048, 27.808262800000005], [85.01501820000001, 27.8081359], [85.015004, 27.808026000000005], [85.0149841, 27.8079323], [85.01495913846998, 27.807857347231618]], [[85.01459092102466, 27.80725612105181], [85.0145621, 27.8072421], [85.01450335227285, 27.807172813209807]]]}}, {"type": "Feature", "properties": {"fid": 145, "segment_id": 378, "length_m": 1467.397084349139, "length_km": 1.467397084349139, "highway": "UNCLASSIFIED_UNKNOWN", "name": null, "name_en": null, "name_ne": null, "surface": null, "smoothness": null, "lanes": null, "oneway": null, "bridge": null, "layer": null, "source": null, "adm0_name": null, "adm1_name": null, "adm2_name": null, "adm3_name": null, "adm4_name": null, "source_feature_count": 1, "source_fids": "1421", "source_ids": "", "source_highways": "UNCLASSIFIED_UNKNOWN", "source_names": "", "source_adm1": "", "source_adm2": "", "source_adm3": "", "source_adm4": "", "attribute_confidence": "high", "start_degree": 1, "end_degree": 3, "topology_role": "dead_end_link", "dangle_flag": true, "short_dangle_flag": false, "component_id": 84, "component_length_km": 2.9567815302435476, "component_segment_count": 5}, "geometry": {"type": "MultiLineString", "coordinates": [[[85.01380137190095, 27.816171253973216], [85.01381248569055, 27.816185939981455], [85.01398812309671, 27.816449396090686], [85.01410730562232, 27.81669717028864], [85.014177874223, 27.816933967148724], [85.01426726111718, 27.817024922234047], [85.01434880705575, 27.81713783199514], [85.01434410248238, 27.817405992677745], [85.01426370231574, 27.817569443790457]], [[85.01440290871527, 27.81804286815763], [85.01446171681687, 27.818128928786983], [85.01446474714047, 27.818253172052543]]]}}, {"type": "Feature", "properties": {"fid": 146, "segment_id": 381, "length_m": 303.45346768772043, "length_km": 0.3034534676877204, "highway": "footway", "name": null, "name_en": null, "name_ne": null, "surface": null, "smoothness": null, "lanes": null, "oneway": null, "bridge": "yes", "layer": "1", "source": null, "adm0_name": "Nepal", "adm1_name": "Bagmati", "adm2_name": "Dhading", "adm3_name": "Galchhi", "adm4_name": null, "source_feature_count": 1, "source_fids": "1082", "source_ids": "way/302710112", "source_highways": "footway", "source_names": "", "source_adm1": "Bagmati", "source_adm2": "Dhading", "source_adm3": "Galchhi", "source_adm4": "", "attribute_confidence": "high", "start_degree": 3, "end_degree": 3, "topology_role": "intersection_to_intersection", "dangle_flag": false, "short_dangle_flag": false, "component_id": 82, "component_length_km": 6.21844775339124, "component_segment_count": 20}, "geometry": {"type": "LineString", "coordinates": [[85.01290078041436, 27.80930116368288], [85.0136569, 27.8103116], [85.013882, 27.810369], [85.01399790000002, 27.810378099999998]]}}, {"type": "Feature", "properties": {"fid": 147, "segment_id": 382, "length_m": 346.9109126547179, "length_km": 0.3469109126547179, "highway": "primary", "name": "Pasang Lhamu Highway", "name_en": null, "name_ne": null, "surface": null, "smoothness": null, "lanes": null, "oneway": null, "bridge": null, "layer": null, "source": null, "adm0_name": "Nepal", "adm1_name": "Bagmati", "adm2_name": "Nuwakot", "adm3_name": "Belkotgadhi", "adm4_name": null, "source_feature_count": 2, "source_fids": "959", "source_ids": "way/209012213", "source_highways": "primary", "source_names": "Pasang Lhamu Highway", "source_adm1": "Bagmati", "source_adm2": "Nuwakot", "source_adm3": "Belkotgadhi", "source_adm4": "", "attribute_confidence": "high", "start_degree": 3, "end_degree": 3, "topology_role": "intersection_to_intersection", "dangle_flag": false, "short_dangle_flag": false, "component_id": 82, "component_length_km": 6.21844775339124, "component_segment_count": 20}, "geometry": {"type": "LineString", "coordinates": [[85.0139411776491, 27.810484297852888], [85.0139707, 27.810440199999995], [85.0139868, 27.8103903], [85.01399790000002, 27.810378099999998]]}}, {"type": "Feature", "properties": {"fid": 148, "segment_id": 383, "length_m": 214.83623464050214, "length_km": 0.21483623464050214, "highway": "primary", "name": "Pasang Lhamu Highway", "name_en": null, "name_ne": null, "surface": null, "smoothness": null, "lanes": null, "oneway": null, "bridge": null, "layer": null, "source": null, "adm0_name": "Nepal", "adm1_name": "Bagmati", "adm2_name": "Nuwakot", "adm3_name": "Belkotgadhi", "adm4_name": null, "source_feature_count": 1, "source_fids": "959", "source_ids": "way/209012213", "source_highways": "primary", "source_names": "Pasang Lhamu Highway", "source_adm1": "Bagmati", "source_adm2": "Nuwakot", "source_adm3": "Belkotgadhi", "source_adm4": "", "attribute_confidence": "high", "start_degree": 3, "end_degree": 3, "topology_role": "intersection_to_intersection", "dangle_flag": false, "short_dangle_flag": false, "component_id": 82, "component_length_km": 6.21844775339124, "component_segment_count": 20}, "geometry": {"type": "MultiLineString", "coordinates": [[[85.01399790000002, 27.810378099999998], [85.0140275, 27.81034199999999], [85.014074, 27.810293099999996], [85.0141705, 27.810255099999996], [85.0142724, 27.8102694], [85.0144154, 27.810305799999995], [85.0145689, 27.8103449], [85.01468212390282, 27.810362813871862]], [[85.01558871208239, 27.81040859565384], [85.0158277, 27.81033], [85.016054, 27.8102898]]]}}, {"type": "Feature", "properties": {"fid": 149, "segment_id": 388, "length_m": 409.31410242281424, "length_km": 0.40931410242281424, "highway": "UNCLASSIFIED_UNKNOWN", "name": null, "name_en": null, "name_ne": null, "surface": null, "smoothness": null, "lanes": null, "oneway": null, "bridge": null, "layer": null, "source": null, "adm0_name": null, "adm1_name": null, "adm2_name": null, "adm3_name": null, "adm4_name": null, "source_feature_count": 1, "source_fids": "1422", "source_ids": "", "source_highways": "UNCLASSIFIED_UNKNOWN", "source_names": "", "source_adm1": "", "source_adm2": "", "source_adm3": "", "source_adm4": "", "attribute_confidence": "high", "start_degree": 3, "end_degree": 3, "topology_role": "intersection_to_intersection", "dangle_flag": false, "short_dangle_flag": false, "component_id": 84, "component_length_km": 2.9567815302435476, "component_segment_count": 5}, "geometry": {"type": "LineString", "coordinates": [[85.0187413325333, 27.822177112316677], [85.01859233224368, 27.82218191875296], [85.01561458829555, 27.822469734850106]]}}, {"type": "Feature", "properties": {"fid": 150, "segment_id": 389, "length_m": 737.9983195554867, "length_km": 0.7379983195554867, "highway": "track", "name": null, "name_en": null, "name_ne": null, "surface": null, "smoothness": null, "lanes": null, "oneway": null, "bridge": null, "layer": null, "source": null, "adm0_name": "Nepal", "adm1_name": "Bagmati", "adm2_name": "Nuwakot", "adm3_name": "Belkotgadhi", "adm4_name": null, "source_feature_count": 1, "source_fids": "958", "source_ids": "way/341534951", "source_highways": "track", "source_names": "", "source_adm1": "Bagmati", "source_adm2": "Nuwakot", "source_adm3": "Belkotgadhi", "source_adm4": "", "attribute_confidence": "high", "start_degree": 3, "end_degree": 1, "topology_role": "dead_end_link", "dangle_flag": true, "short_dangle_flag": false, "component_id": 86, "component_length_km": 7.133246398547413, "component_segment_count": 25}, "geometry": {"type": "LineString", "coordinates": [[85.01872761658933, 27.829451858323083], [85.0186967, 27.829420099999997], [85.0186105, 27.82930839999999], [85.0185057, 27.829224000000004], [85.0184133, 27.829169499999995], [85.0181391, 27.828875199999995], [85.0180805, 27.828815300000002], [85.0180035, 27.828763499999997], [85.0179172, 27.828739], [85.0178864, 27.828749899999995], [85.01784291031488, 27.828764668040503]]}}, {"type": "Feature", "properties": {"fid": 151, "segment_id": 390, "length_m": 122.01604428645842, "length_km": 0.12201604428645843, "highway": "track", "name": null, "name_en": null, "name_ne": null, "surface": null, "smoothness": null, "lanes": null, "oneway": null, "bridge": null, "layer": null, "source": "Bing", "adm0_name": "Nepal", "adm1_name": "Bagmati", "adm2_name": "Nuwakot", "adm3_name": "Belkotgadhi", "adm4_name": null, "source_feature_count": 1, "source_fids": "1078", "source_ids": "way/342624379", "source_highways": "track", "source_names": "", "source_adm1": "Bagmati", "source_adm2": "Nuwakot", "source_adm3": "Belkotgadhi", "source_adm4": "", "attribute_confidence": "high", "start_degree": 3, "end_degree": 1, "topology_role": "dead_end_link", "dangle_flag": true, "short_dangle_flag": false, "component_id": 82, "component_length_km": 6.21844775339124, "component_segment_count": 20}, "geometry": {"type": "LineString", "coordinates": [[85.016054, 27.8102898], [85.01610092957394, 27.81031816597146]]}}, {"type": "Feature", "properties": {"fid": 152, "segment_id": 391, "length_m": 61.778257035714304, "length_km": 0.0617782570357143, "highway": "primary", "name": null, "name_en": null, "name_ne": null, "surface": null, "smoothness": null, "lanes": null, "oneway": null, "bridge": "yes", "layer": "1", "source": null, "adm0_name": "Nepal", "adm1_name": "Bagmati", "adm2_name": "Dhading", "adm3_name": "Galchhi", "adm4_name": null, "source_feature_count": 1, "source_fids": "952", "source_ids": "way/209012420", "source_highways": "primary", "source_names": "", "source_adm1": "Bagmati", "source_adm2": "Dhading", "source_adm3": "Galchhi", "source_adm4": "", "attribute_confidence": "high", "start_degree": 3, "end_degree": 3, "topology_role": "intersection_to_intersection", "dangle_flag": false, "short_dangle_flag": false, "component_id": 82, "component_length_km": 6.21844775339124, "component_segment_count": 20}, "geometry": {"type": "LineString", "coordinates": [[85.016054, 27.8102898], [85.0160868, 27.810241899999998], [85.0161092, 27.810210099999995], [85.016132, 27.810142600000002], [85.01619129774865, 27.809791506933518]]}}, {"type": "Feature", "properties": {"fid": 153, "segment_id": 404, "length_m": 380.22703710976674, "length_km": 0.38022703710976674, "highway": "unclassified", "name": null, "name_en": null, "name_ne": null, "surface": null, "smoothness": null, "lanes": null, "oneway": null, "bridge": null, "layer": null, "source": null, "adm0_name": "Nepal", "adm1_name": "Bagmati", "adm2_name": "Nuwakot", "adm3_name": "Belkotgadhi", "adm4_name": null, "source_feature_count": 1, "source_fids": "1083", "source_ids": "way/887754440", "source_highways": "unclassified", "source_names": "", "source_adm1": "Bagmati", "source_adm2": "Nuwakot", "source_adm3": "Belkotgadhi", "source_adm4": "", "attribute_confidence": "high", "start_degree": 3, "end_degree": 1, "topology_role": "dead_end_link", "dangle_flag": true, "short_dangle_flag": false, "component_id": 86, "component_length_km": 7.133246398547413, "component_segment_count": 25}, "geometry": {"type": "LineString", "coordinates": [[85.02057645617546, 27.827125614399403], [85.0204089, 27.826991099999994], [85.0202768, 27.826825700000004], [85.0201406, 27.8267646], [85.0199393, 27.8268329], [85.0197218, 27.826958699999995], [85.0196812, 27.8272391], [85.01969740000001, 27.827249900000005]]}}, {"type": "Feature", "properties": {"fid": 154, "segment_id": 408, "length_m": 23.857339747550633, "length_km": 0.023857339747550634, "highway": "unclassified", "name": null, "name_en": null, "name_ne": null, "surface": null, "smoothness": null, "lanes": null, "oneway": null, "bridge": null, "layer": null, "source": null, "adm0_name": "Nepal", "adm1_name": "Bagmati", "adm2_name": "Nuwakot", "adm3_name": "Belkotgadhi", "adm4_name": null, "source_feature_count": 1, "source_fids": "1124", "source_ids": "way/517393218", "source_highways": "unclassified", "source_names": "", "source_adm1": "Bagmati", "source_adm2": "Nuwakot", "source_adm3": "Belkotgadhi", "source_adm4": "", "attribute_confidence": "high", "start_degree": 3, "end_degree": 3, "topology_role": "intersection_to_intersection", "dangle_flag": false, "short_dangle_flag": false, "component_id": 86, "component_length_km": 7.133246398547413, "component_segment_count": 25}, "geometry": {"type": "LineString", "coordinates": [[85.0202334, 27.8322513], [85.02022597171012, 27.832255914157336]]}}, {"type": "Feature", "properties": {"fid": 155, "segment_id": 409, "length_m": 67.58585859682836, "length_km": 0.06758585859682836, "highway": "UNCLASSIFIED_UNKNOWN", "name": null, "name_en": null, "name_ne": null, "surface": null, "smoothness": null, "lanes": null, "oneway": null, "bridge": null, "layer": null, "source": null, "adm0_name": null, "adm1_name": null, "adm2_name": null, "adm3_name": null, "adm4_name": null, "source_feature_count": 1, "source_fids": "1429", "source_ids": "", "source_highways": "UNCLASSIFIED_UNKNOWN", "source_names": "", "source_adm1": "", "source_adm2": "", "source_adm3": "", "source_adm4": "", "attribute_confidence": "high", "start_degree": 3, "end_degree": 1, "topology_role": "dead_end_link", "dangle_flag": true, "short_dangle_flag": false, "component_id": 90, "component_length_km": 0.2767472396824331, "component_segment_count": 3}, "geometry": {"type": "LineString", "coordinates": [[85.0200032659765, 27.846271159788003], [85.02011818220943, 27.846254044589926], [85.02019031900124, 27.846194453327122], [85.02016836432547, 27.846043906979002], [85.02019031900124, 27.84595608827593]]}}, {"type": "Feature", "properties": {"fid": 156, "segment_id": 410, "length_m": 75.09224499662535, "length_km": 0.07509224499662535, "highway": "UNCLASSIFIED_UNKNOWN", "name": null, "name_en": null, "name_ne": null, "surface": null, "smoothness": null, "lanes": null, "oneway": null, "bridge": null, "layer": null, "source": null, "adm0_name": null, "adm1_name": null, "adm2_name": null, "adm3_name": null, "adm4_name": null, "source_feature_count": 1, "source_fids": "1428", "source_ids": "", "source_highways": "UNCLASSIFIED_UNKNOWN", "source_names": "", "source_adm1": "", "source_adm2": "", "source_adm3": "", "source_adm4": "", "attribute_confidence": "high", "start_degree": 3, "end_degree": 1, "topology_role": "dead_end_link", "dangle_flag": true, "short_dangle_flag": false, "component_id": 90, "component_length_km": 0.2767472396824331, "component_segment_count": 3}, "geometry": {"type": "LineString", "coordinates": [[85.01999282147744, 27.846024888374103], [85.02001154521284, 27.84589649701313], [85.01993940842102, 27.845758496194], [85.019901771834, 27.845670677490933]]}}, {"type": "Feature", "properties": {"fid": 157, "segment_id": 411, "length_m": 593.9567713134942, "length_km": 0.5939567713134942, "highway": "path", "name": null, "name_en": null, "name_ne": null, "surface": null, "smoothness": null, "lanes": null, "oneway": null, "bridge": null, "layer": null, "source": null, "adm0_name": "Nepal", "adm1_name": "Bagmati", "adm2_name": "Nuwakot", "adm3_name": "Belkotgadhi", "adm4_name": null, "source_feature_count": 2, "source_fids": "964;1423", "source_ids": "way/1493017041", "source_highways": "path;UNCLASSIFIED_UNKNOWN", "source_names": "", "source_adm1": "Bagmati", "source_adm2": "Nuwakot", "source_adm3": "Belkotgadhi", "source_adm4": "", "attribute_confidence": "medium", "start_degree": 3, "end_degree": 3, "topology_role": "intersection_to_intersection", "dangle_flag": false, "short_dangle_flag": false, "component_id": 86, "component_length_km": 7.133246398547413, "component_segment_count": 25}, "geometry": {"type": "LineString", "coordinates": [[85.02293463408662, 27.832301465612517], [85.02136430000002, 27.832897199999998], [85.02103871040077, 27.833046346876255], [85.02076270876253, 27.832870709470097], [85.02052434371133, 27.83254452571582], [85.0202334, 27.8322513]]}}, {"type": "Feature", "properties": {"fid": 158, "segment_id": 412, "length_m": 287.3452959372313, "length_km": 0.2873452959372313, "highway": "footway", "name": "Suspension Bridge", "name_en": null, "name_ne": null, "surface": null, "smoothness": null, "lanes": null, "oneway": null, "bridge": "yes", "layer": "1", "source": null, "adm0_name": "Nepal", "adm1_name": "Bagmati", "adm2_name": "Nuwakot", "adm3_name": "Belkotgadhi", "adm4_name": null, "source_feature_count": 1, "source_fids": "1126", "source_ids": "way/302554531", "source_highways": "footway", "source_names": "Suspension Bridge", "source_adm1": "Bagmati", "source_adm2": "Nuwakot", "source_adm3": "Belkotgadhi", "source_adm4": "", "attribute_confidence": "high", "start_degree": 3, "end_degree": 4, "topology_role": "intersection_to_intersection", "dangle_flag": false, "short_dangle_flag": false, "component_id": 86, "component_length_km": 7.133246398547413, "component_segment_count": 25}, "geometry": {"type": "LineString", "coordinates": [[85.0202334, 27.8322513], [85.0216698, 27.83146229999999], [85.0224164440896, 27.83112545565939]]}}, {"type": "Feature", "properties": {"fid": 159, "segment_id": 414, "length_m": 242.59144151252903, "length_km": 0.24259144151252904, "highway": "UNCLASSIFIED_UNKNOWN", "name": null, "name_en": null, "name_ne": null, "surface": null, "smoothness": null, "lanes": null, "oneway": null, "bridge": null, "layer": null, "source": null, "adm0_name": null, "adm1_name": null, "adm2_name": null, "adm3_name": null, "adm4_name": null, "source_feature_count": 2, "source_fids": "1426;1114", "source_ids": "way/340768321", "source_highways": "UNCLASSIFIED_UNKNOWN;track", "source_names": "", "source_adm1": "Bagmati", "source_adm2": "Nuwakot", "source_adm3": "Belkotgadhi", "source_adm4": "", "attribute_confidence": "medium", "start_degree": 3, "end_degree": 1, "topology_role": "dead_end_link", "dangle_flag": true, "short_dangle_flag": false, "component_id": 86, "component_length_km": 7.133246398547413, "component_segment_count": 25}, "geometry": {"type": "LineString", "coordinates": [[85.02298541777915, 27.8414062178725], [85.0228768, 27.841457999999992], [85.0227481, 27.8415007], [85.0225818, 27.8414817], [85.02244770000001, 27.841439], [85.02220309231197, 27.841484783327026], [85.02197100002527, 27.8415663292656], [85.02172636220956, 27.84159769308812], [85.02156954309693, 27.84161023861714], [85.02147545162934, 27.841610238617136], [85.02128726869418, 27.84159142032361], [85.02101753982046, 27.841591420323613], [85.02079799306277, 27.841591420323613], [85.02067253777265, 27.84153496544308]]}}, {"type": "Feature", "properties": {"fid": 160, "segment_id": 415, "length_m": 341.1771913117366, "length_km": 0.34117719131173657, "highway": "footway", "name": "Suspension Bridge", "name_en": null, "name_ne": null, "surface": null, "smoothness": null, "lanes": null, "oneway": null, "bridge": "yes", "layer": "1", "source": null, "adm0_name": "Nepal", "adm1_name": "Bagmati", "adm2_name": "Nuwakot", "adm3_name": "Belkotgadhi", "adm4_name": null, "source_feature_count": 1, "source_fids": "968", "source_ids": "way/302755357", "source_highways": "footway", "source_names": "Suspension Bridge", "source_adm1": "Bagmati", "source_adm2": "Nuwakot", "source_adm3": "Belkotgadhi", "source_adm4": "", "attribute_confidence": "high", "start_degree": 1, "end_degree": 3, "topology_role": "dead_end_link", "dangle_flag": true, "short_dangle_flag": false, "component_id": 88, "component_length_km": 1.5036328235780558, "component_segment_count": 5}, "geometry": {"type": "LineString", "coordinates": [[85.02384209823668, 27.835150782531564], [85.0233807, 27.835266599999994], [85.02119615775631, 27.836141625915218]]}}, {"type": "Feature", "properties": {"fid": 161, "segment_id": 425, "length_m": 97.9811673365488, "length_km": 0.0979811673365488, "highway": "unclassified", "name": null, "name_en": null, "name_ne": null, "surface": null, "smoothness": null, "lanes": null, "oneway": null, "bridge": null, "layer": null, "source": null, "adm0_name": "Nepal", "adm1_name": "Bagmati", "adm2_name": "Nuwakot", "adm3_name": "Belkotgadhi", "adm4_name": null, "source_feature_count": 1, "source_fids": "786", "source_ids": "way/533249686", "source_highways": "unclassified", "source_names": "", "source_adm1": "Bagmati", "source_adm2": "Nuwakot", "source_adm3": "Belkotgadhi", "source_adm4": "", "attribute_confidence": "high", "start_degree": 3, "end_degree": 3, "topology_role": "intersection_to_intersection", "dangle_flag": false, "short_dangle_flag": false, "component_id": 86, "component_length_km": 7.133246398547413, "component_segment_count": 25}, "geometry": {"type": "LineString", "coordinates": [[85.026314, 27.848805199999994], [85.0262783, 27.8488892], [85.0262334, 27.848950899999995], [85.0262481, 27.849073], [85.0262508, 27.8491086], [85.0262414, 27.849189199999998], [85.0262401, 27.849343399999995], [85.026233, 27.849431299999996], [85.0262079, 27.849522399999994], [85.0261374, 27.8495907], [85.02613912172083, 27.849602821848862]]}}, {"type": "Feature", "properties": {"fid": 162, "segment_id": 426, "length_m": 40.105943548728966, "length_km": 0.04010594354872896, "highway": "track", "name": null, "name_en": null, "name_ne": null, "surface": null, "smoothness": null, "lanes": null, "oneway": null, "bridge": null, "layer": null, "source": null, "adm0_name": "Nepal", "adm1_name": "Bagmati", "adm2_name": "Nuwakot", "adm3_name": "Belkotgadhi", "adm4_name": null, "source_feature_count": 1, "source_fids": "787", "source_ids": "way/340415296", "source_highways": "track", "source_names": "", "source_adm1": "Bagmati", "source_adm2": "Nuwakot", "source_adm3": "Belkotgadhi", "source_adm4": "", "attribute_confidence": "high", "start_degree": 3, "end_degree": 3, "topology_role": "intersection_to_intersection", "dangle_flag": false, "short_dangle_flag": false, "component_id": 86, "component_length_km": 7.133246398547413, "component_segment_count": 25}, "geometry": {"type": "MultiLineString", "coordinates": [[[85.026314, 27.848805199999994], [85.02633860394256, 27.84880949879709]], [[85.0264604496848, 27.848830787597596], [85.0267135, 27.848875000000007]]]}}, {"type": "Feature", "properties": {"fid": 163, "segment_id": 427, "length_m": 73.13572175345611, "length_km": 0.0731357217534561, "highway": "unclassified", "name": null, "name_en": null, "name_ne": null, "surface": null, "smoothness": null, "lanes": null, "oneway": null, "bridge": null, "layer": null, "source": null, "adm0_name": "Nepal", "adm1_name": "Bagmati", "adm2_name": "Nuwakot", "adm3_name": "Belkotgadhi", "adm4_name": null, "source_feature_count": 1, "source_fids": "786", "source_ids": "way/533249686", "source_highways": "unclassified", "source_names": "", "source_adm1": "Bagmati", "source_adm2": "Nuwakot", "source_adm3": "Belkotgadhi", "source_adm4": "", "attribute_confidence": "high", "start_degree": 1, "end_degree": 3, "topology_role": "dead_end_link", "dangle_flag": true, "short_dangle_flag": false, "component_id": 86, "component_length_km": 7.133246398547413, "component_segment_count": 25}, "geometry": {"type": "LineString", "coordinates": [[85.02667243702203, 27.848249959846044], [85.0264711, 27.848478200000006], [85.0263946, 27.848538700000002], [85.026341, 27.8486454], [85.0263182, 27.848741499999996], [85.026314, 27.848805199999994]]}}, {"type": "Feature", "properties": {"fid": 164, "segment_id": 428, "length_m": 184.66562390708194, "length_km": 0.18466562390708194, "highway": "track", "name": null, "name_en": null, "name_ne": null, "surface": null, "smoothness": null, "lanes": null, "oneway": null, "bridge": null, "layer": null, "source": null, "adm0_name": "Nepal", "adm1_name": "Bagmati", "adm2_name": "Nuwakot", "adm3_name": "Belkotgadhi", "adm4_name": null, "source_feature_count": 1, "source_fids": "787", "source_ids": "way/340415296", "source_highways": "track", "source_names": "", "source_adm1": "Bagmati", "source_adm2": "Nuwakot", "source_adm3": "Belkotgadhi", "source_adm4": "", "attribute_confidence": "high", "start_degree": 3, "end_degree": 1, "topology_role": "dead_end_link", "dangle_flag": true, "short_dangle_flag": false, "component_id": 86, "component_length_km": 7.133246398547413, "component_segment_count": 25}, "geometry": {"type": "LineString", "coordinates": [[85.0267135, 27.848875000000007], [85.02672896777752, 27.848909977316712]]}}, {"type": "Feature", "properties": {"fid": 165, "segment_id": 429, "length_m": 343.7349799181373, "length_km": 0.3437349799181373, "highway": "footway", "name": null, "name_en": null, "name_ne": null, "surface": null, "smoothness": null, "lanes": null, "oneway": null, "bridge": "yes", "layer": "1", "source": null, "adm0_name": "Nepal", "adm1_name": "Bagmati", "adm2_name": "Nuwakot", "adm3_name": "Belkotgadhi", "adm4_name": null, "source_feature_count": 1, "source_fids": "788", "source_ids": "way/209014516", "source_highways": "footway", "source_names": "", "source_adm1": "Bagmati", "source_adm2": "Nuwakot", "source_adm3": "Belkotgadhi", "source_adm4": "", "attribute_confidence": "high", "start_degree": 3, "end_degree": 3, "topology_role": "intersection_to_intersection", "dangle_flag": false, "short_dangle_flag": false, "component_id": 86, "component_length_km": 7.133246398547413, "component_segment_count": 25}, "geometry": {"type": "LineString", "coordinates": [[85.02885013288432, 27.847751350286103], [85.0286705, 27.847763499999996], [85.0286132, 27.847721999999994], [85.02855790000001, 27.847704200000003], [85.0284855, 27.847680499999996], [85.0283728, 27.847623599999995], [85.0283058, 27.8476118], [85.0281743, 27.847566699999998], [85.0280858, 27.8475121], [85.0279705, 27.847448099999998], [85.027894, 27.847409799999994], [85.027262, 27.848132700000004], [85.0267135, 27.848875000000007]]}}, {"type": "Feature", "properties": {"fid": 166, "segment_id": 431, "length_m": 1146.4938492735555, "length_km": 1.1464938492735555, "highway": "track", "name": null, "name_en": null, "name_ne": null, "surface": null, "smoothness": null, "lanes": null, "oneway": null, "bridge": null, "layer": null, "source": null, "adm0_name": "Nepal", "adm1_name": "Bagmati", "adm2_name": "Nuwakot", "adm3_name": "Tarakeshwor", "adm4_name": null, "source_feature_count": 2, "source_fids": "748", "source_ids": "way/340415288", "source_highways": "track", "source_names": "", "source_adm1": "Bagmati", "source_adm2": "Nuwakot", "source_adm3": "Tarakeshwor", "source_adm4": "", "attribute_confidence": "high", "start_degree": 1, "end_degree": 3, "topology_role": "dead_end_link", "dangle_flag": true, "short_dangle_flag": false, "component_id": 91, "component_length_km": 2.8081392132579475, "component_segment_count": 8}, "geometry": {"type": "MultiLineString", "coordinates": [[[85.03165127508491, 27.855206056723272], [85.0317197, 27.8552027], [85.0318805, 27.855222800000007], [85.0322104, 27.855332100000002], [85.03229604720568, 27.855397843847182]], [[85.0323599500924, 27.855403037107816], [85.0323877, 27.8553941], [85.0326413, 27.8553905], [85.0328825, 27.8554269], [85.03310730000001, 27.855436], [85.03323471447007, 27.85547412445779]], [[85.03639542962877, 27.856254835678747], [85.0365524, 27.856239899999977], [85.0366308, 27.856249000000002], [85.0367689, 27.856325599999998], [85.0370575, 27.8563711], [85.0371379, 27.856317499999996], [85.0372678, 27.8563183], [85.037408, 27.856318300000005], [85.037507, 27.856292799999995], [85.03751316717667, 27.856292561637133]], [[85.03982106833418, 27.856540448157965], [85.040144, 27.8564823], [85.0404264, 27.856537], [85.040645, 27.8565407], [85.0408181, 27.8565625]]]}}, {"type": "Feature", "properties": {"fid": 167, "segment_id": 432, "length_m": 166.48487714431639, "length_km": 0.1664848771443164, "highway": "track", "name": null, "name_en": null, "name_ne": null, "surface": null, "smoothness": null, "lanes": null, "oneway": null, "bridge": null, "layer": null, "source": null, "adm0_name": "Nepal", "adm1_name": "Bagmati", "adm2_name": "Nuwakot", "adm3_name": "Belkotgadhi", "adm4_name": null, "source_feature_count": 1, "source_fids": "779", "source_ids": "way/340573900", "source_highways": "track", "source_names": "", "source_adm1": "Bagmati", "source_adm2": "Nuwakot", "source_adm3": "Belkotgadhi", "source_adm4": "", "attribute_confidence": "high", "start_degree": 1, "end_degree": 1, "topology_role": "dead_end_to_dead_end", "dangle_flag": true, "short_dangle_flag": false, "component_id": 92, "component_length_km": 0.1664848771443164, "component_segment_count": 1}, "geometry": {"type": "LineString", "coordinates": [[85.0322954, 27.850876], [85.0323478, 27.8508052], [85.03245087316593, 27.850661091285463]]}}, {"type": "Feature", "properties": {"fid": 168, "segment_id": 433, "length_m": 238.97533505000374, "length_km": 0.23897533505000373, "highway": "track", "name": null, "name_en": null, "name_ne": null, "surface": null, "smoothness": null, "lanes": null, "oneway": null, "bridge": null, "layer": null, "source": null, "adm0_name": "Nepal", "adm1_name": "Bagmati", "adm2_name": "Nuwakot", "adm3_name": "Tarakeshwor", "adm4_name": null, "source_feature_count": 1, "source_fids": "748", "source_ids": "way/340415288", "source_highways": "track", "source_names": "", "source_adm1": "Bagmati", "source_adm2": "Nuwakot", "source_adm3": "Tarakeshwor", "source_adm4": "", "attribute_confidence": "high", "start_degree": 3, "end_degree": 3, "topology_role": "intersection_to_intersection", "dangle_flag": false, "short_dangle_flag": false, "component_id": 91, "component_length_km": 2.8081392132579475, "component_segment_count": 8}, "geometry": {"type": "MultiLineString", "coordinates": [[[85.0408181, 27.8565625], [85.0409006, 27.856589899999996], [85.0410594, 27.856761200000005], [85.0411377, 27.856815899999997], [85.0413789, 27.8569417], [85.0415933, 27.8569818], [85.0416882, 27.857038299999992], [85.0418284, 27.857036499999996], [85.0418902, 27.856961699999996], [85.0420078, 27.8569727], [85.042282, 27.857089300000002], [85.0424366, 27.857151299999998], [85.0426778, 27.857187799999995], [85.04267813081447, 27.857187805345422]], [[85.04278960145756, 27.857189149507516], [85.042903, 27.857061899999994]]]}}, {"type": "Feature", "properties": {"fid": 169, "segment_id": 434, "length_m": 215.35457048107125, "length_km": 0.21535457048107126, "highway": "UNCLASSIFIED_UNKNOWN", "name": null, "name_en": null, "name_ne": null, "surface": null, "smoothness": null, "lanes": null, "oneway": null, "bridge": null, "layer": null, "source": null, "adm0_name": null, "adm1_name": null, "adm2_name": null, "adm3_name": null, "adm4_name": null, "source_feature_count": 1, "source_fids": "1431", "source_ids": "", "source_highways": "UNCLASSIFIED_UNKNOWN", "source_names": "", "source_adm1": "", "source_adm2": "", "source_adm3": "", "source_adm4": "", "attribute_confidence": "high", "start_degree": 3, "end_degree": 3, "topology_role": "intersection_to_intersection", "dangle_flag": false, "short_dangle_flag": false, "component_id": 91, "component_length_km": 2.8081392132579475, "component_segment_count": 8}, "geometry": {"type": "LineString", "coordinates": [[85.0421811, 27.855043100000003], [85.0408181, 27.8565625]]}}, {"type": "Feature", "properties": {"fid": 170, "segment_id": 435, "length_m": 340.00487348371286, "length_km": 0.34000487348371283, "highway": "path", "name": null, "name_en": null, "name_ne": null, "surface": null, "smoothness": null, "lanes": null, "oneway": null, "bridge": null, "layer": null, "source": "Bing", "adm0_name": "Nepal", "adm1_name": "Bagmati", "adm2_name": "Nuwakot", "adm3_name": "Belkotgadhi", "adm4_name": null, "source_feature_count": 1, "source_fids": "752", "source_ids": "way/340612704", "source_highways": "path", "source_names": "", "source_adm1": "Bagmati", "source_adm2": "Nuwakot", "source_adm3": "Belkotgadhi", "source_adm4": "", "attribute_confidence": "high", "start_degree": 3, "end_degree": 1, "topology_role": "dead_end_link", "dangle_flag": true, "short_dangle_flag": false, "component_id": 91, "component_length_km": 2.8081392132579475, "component_segment_count": 8}, "geometry": {"type": "LineString", "coordinates": [[85.0421811, 27.855043100000003], [85.0419938, 27.854807899999997], [85.04187500000002, 27.854600499999997], [85.041732, 27.854353899999996], [85.0416062, 27.8540719], [85.0415604, 27.8539442], [85.0415833, 27.8537267], [85.0416634, 27.853619200000004], [85.0417263, 27.853435899999994], [85.0417134, 27.8533612], [85.04172370258732, 27.853300307135225]]}}, {"type": "Feature", "properties": {"fid": 171, "segment_id": 436, "length_m": 982.9418787012655, "length_km": 0.9829418787012655, "highway": "primary", "name": "Pasang Lhamu Highway", "name_en": null, "name_ne": null, "surface": null, "smoothness": null, "lanes": null, "oneway": null, "bridge": null, "layer": null, "source": null, "adm0_name": "Nepal", "adm1_name": "Bagmati", "adm2_name": "Nuwakot", "adm3_name": "Belkotgadhi", "adm4_name": null, "source_feature_count": 2, "source_fids": "765", "source_ids": "way/341766307", "source_highways": "primary", "source_names": "Pasang Lhamu Highway", "source_adm1": "Bagmati", "source_adm2": "Nuwakot", "source_adm3": "Belkotgadhi", "source_adm4": "", "attribute_confidence": "medium", "start_degree": 3, "end_degree": 1, "topology_role": "dead_end_link", "dangle_flag": true, "short_dangle_flag": false, "component_id": 93, "component_length_km": 2.077211931241058, "component_segment_count": 7}, "geometry": {"type": "MultiLineString", "coordinates": [[[85.04923935519973, 27.851778288885093], [85.0491367, 27.85178709999998], [85.04913228708044, 27.851785541068274]], [[85.04478375910372, 27.850549550957126], [85.0446376, 27.850523599999995], [85.0443976, 27.8505241], [85.0441631, 27.850536700000003], [85.0440311, 27.8505919], [85.0439287, 27.850640199999997], [85.04390383262889, 27.85065829748535]]]}}, {"type": "Feature", "properties": {"fid": 172, "segment_id": 437, "length_m": 259.3833777612875, "length_km": 0.2593833777612875, "highway": "footway", "name": null, "name_en": null, "name_ne": null, "surface": null, "smoothness": null, "lanes": null, "oneway": null, "bridge": "yes", "layer": "1", "source": null, "adm0_name": "Nepal", "adm1_name": "Bagmati", "adm2_name": "Nuwakot", "adm3_name": "Tarakeshwor", "adm4_name": null, "source_feature_count": 2, "source_fids": "750;752", "source_ids": "way/302758285;way/340612704", "source_highways": "footway;path", "source_names": "", "source_adm1": "Bagmati", "source_adm2": "Nuwakot", "source_adm3": "Tarakeshwor;Belkotgadhi", "source_adm4": "", "attribute_confidence": "medium", "start_degree": 3, "end_degree": 3, "topology_role": "intersection_to_intersection", "dangle_flag": false, "short_dangle_flag": false, "component_id": 91, "component_length_km": 2.8081392132579475, "component_segment_count": 8}, "geometry": {"type": "LineString", "coordinates": [[85.0421811, 27.855043100000003], [85.0422569, 27.855175899999992], [85.04231700000001, 27.855317499999998], [85.04240420000001, 27.8554262], [85.0424414, 27.855551399999996], [85.0425744, 27.855775299999998], [85.0426317, 27.855824599999995], [85.0426903, 27.85584349999999], [85.0427561, 27.855842300000003], [85.04285390000001, 27.8558146], [85.042903, 27.857061899999994]]}}, {"type": "Feature", "properties": {"fid": 173, "segment_id": 438, "length_m": 342.6670814989867, "length_km": 0.3426670814989867, "highway": "track", "name": null, "name_en": null, "name_ne": null, "surface": null, "smoothness": null, "lanes": null, "oneway": null, "bridge": null, "layer": null, "source": null, "adm0_name": "Nepal", "adm1_name": "Bagmati", "adm2_name": "Nuwakot", "adm3_name": "Tarakeshwor", "adm4_name": null, "source_feature_count": 1, "source_fids": "748", "source_ids": "way/340415288", "source_highways": "track", "source_names": "", "source_adm1": "Bagmati", "source_adm2": "Nuwakot", "source_adm3": "Tarakeshwor", "source_adm4": "", "attribute_confidence": "high", "start_degree": 3, "end_degree": 3, "topology_role": "intersection_to_intersection", "dangle_flag": false, "short_dangle_flag": false, "component_id": 91, "component_length_km": 2.8081392132579475, "component_segment_count": 8}, "geometry": {"type": "MultiLineString", "coordinates": [[[85.042903, 27.857061899999994], [85.0431314, 27.857158599999998], [85.0433908, 27.8573514], [85.04349, 27.857346400000004], [85.0435662, 27.857303499999997], [85.0436858, 27.857233000000004], [85.0438271, 27.857188500000003], [85.0439146, 27.857198499999996], [85.0441911, 27.857306300000005], [85.0443970687468, 27.857340402710978]], [[85.04443116070387, 27.85733418499528], [85.0445655, 27.8572971], [85.04463449792375, 27.857297100014396]], [[85.04467530197073, 27.857297100006654], [85.044692, 27.857297099999997], [85.0448524, 27.8572008], [85.0449455, 27.85712059999999], [85.04501790000002, 27.857117400000003], [85.0451723, 27.8571477], [85.0453198, 27.8571394], [85.0454412, 27.857196100000003], [85.04550039984666, 27.857246403732002]]]}}, {"type": "Feature", "properties": {"fid": 174, "segment_id": 446, "length_m": 556.6812101269365, "length_km": 0.5566812101269365, "highway": "footway", "name": null, "name_en": null, "name_ne": null, "surface": null, "smoothness": null, "lanes": null, "oneway": null, "bridge": "yes", "layer": "1", "source": null, "adm0_name": "Nepal", "adm1_name": "Bagmati", "adm2_name": "Nuwakot", "adm3_name": "Belkotgadhi", "adm4_name": null, "source_feature_count": 1, "source_fids": "739", "source_ids": "way/303036286", "source_highways": "footway", "source_names": "", "source_adm1": "Bagmati", "source_adm2": "Nuwakot", "source_adm3": "Belkotgadhi", "source_adm4": "", "attribute_confidence": "high", "start_degree": 1, "end_degree": 3, "topology_role": "dead_end_link", "dangle_flag": true, "short_dangle_flag": false, "component_id": 94, "component_length_km": 4.936489577461394, "component_segment_count": 28}, "geometry": {"type": "LineString", "coordinates": [[85.05707742087162, 27.85895806967525], [85.05880113003693, 27.856854654459404]]}}, {"type": "Feature", "properties": {"fid": 175, "segment_id": 448, "length_m": 492.38046991567813, "length_km": 0.49238046991567813, "highway": "track", "name": null, "name_en": null, "name_ne": null, "surface": null, "smoothness": null, "lanes": null, "oneway": null, "bridge": null, "layer": null, "source": null, "adm0_name": "Nepal", "adm1_name": "Bagmati", "adm2_name": "Nuwakot", "adm3_name": "Belkotgadhi", "adm4_name": null, "source_feature_count": 1, "source_fids": "741", "source_ids": "way/303036290", "source_highways": "track", "source_names": "", "source_adm1": "Bagmati", "source_adm2": "Nuwakot", "source_adm3": "Belkotgadhi", "source_adm4": "", "attribute_confidence": "high", "start_degree": 3, "end_degree": 3, "topology_role": "intersection_to_intersection", "dangle_flag": false, "short_dangle_flag": false, "component_id": 94, "component_length_km": 4.936489577461394, "component_segment_count": 28}, "geometry": {"type": "LineString", "coordinates": [[85.05952398123, 27.857308696635968], [85.0595426, 27.857423699999995], [85.0596231, 27.857608699999993], [85.0596398, 27.8577098], [85.0596523, 27.8578834], [85.0596653, 27.8580067], [85.0596453, 27.858046699999996], [85.05960520000001, 27.8580611], [85.05986241811519, 27.85819268363466], [85.06037678480463, 27.858427912303615], [85.0610856071937, 27.858713323088615], [85.06151842794458, 27.858995597491358], [85.06191910000001, 27.859474900000002], [85.0622064, 27.859782499999998]]}}, {"type": "Feature", "properties": {"fid": 176, "segment_id": 452, "length_m": 242.00009515551008, "length_km": 0.24200009515551008, "highway": "path", "name": null, "name_en": null, "name_ne": null, "surface": null, "smoothness": null, "lanes": null, "oneway": null, "bridge": null, "layer": null, "source": null, "adm0_name": "Nepal", "adm1_name": "Bagmati", "adm2_name": "Nuwakot", "adm3_name": "Tarakeshwor", "adm4_name": null, "source_feature_count": 1, "source_fids": "306", "source_ids": "way/1552898323", "source_highways": "path", "source_names": "", "source_adm1": "Bagmati", "source_adm2": "Nuwakot", "source_adm3": "Tarakeshwor", "source_adm4": "", "attribute_confidence": "high", "start_degree": 3, "end_degree": 3, "topology_role": "intersection_to_intersection", "dangle_flag": false, "short_dangle_flag": false, "component_id": 94, "component_length_km": 4.936489577461394, "component_segment_count": 28}, "geometry": {"type": "LineString", "coordinates": [[85.06258088433923, 27.860643318575306], [85.0625844, 27.860624], [85.0626409, 27.860545], [85.0627023, 27.860474299999996], [85.0627066, 27.860442699999997]]}}, {"type": "Feature", "properties": {"fid": 177, "segment_id": 453, "length_m": 84.44754377787949, "length_km": 0.08444754377787948, "highway": "unclassified", "name": null, "name_en": null, "name_ne": null, "surface": null, "smoothness": null, "lanes": null, "oneway": null, "bridge": null, "layer": null, "source": null, "adm0_name": "Nepal", "adm1_name": "Bagmati", "adm2_name": "Nuwakot", "adm3_name": "Bidur", "adm4_name": null, "source_feature_count": 1, "source_fids": "491", "source_ids": "way/1552768983", "source_highways": "unclassified", "source_names": "", "source_adm1": "Bagmati", "source_adm2": "Nuwakot", "source_adm3": "Bidur", "source_adm4": "", "attribute_confidence": "high", "start_degree": 3, "end_degree": 3, "topology_role": "intersection_to_intersection", "dangle_flag": false, "short_dangle_flag": false, "component_id": 94, "component_length_km": 4.936489577461394, "component_segment_count": 28}, "geometry": {"type": "LineString", "coordinates": [[85.0622064, 27.859782499999998], [85.06240940000002, 27.8599746], [85.0627866, 27.8603435]]}}, {"type": "Feature", "properties": {"fid": 178, "segment_id": 454, "length_m": 172.96581509694428, "length_km": 0.17296581509694428, "highway": "track", "name": null, "name_en": null, "name_ne": null, "surface": null, "smoothness": null, "lanes": null, "oneway": null, "bridge": null, "layer": null, "source": null, "adm0_name": "Nepal", "adm1_name": "Bagmati", "adm2_name": "Nuwakot", "adm3_name": "Tarakeshwor", "adm4_name": null, "source_feature_count": 1, "source_fids": "10", "source_ids": "way/1552898322", "source_highways": "track", "source_names": "", "source_adm1": "Bagmati", "source_adm2": "Nuwakot", "source_adm3": "Tarakeshwor", "source_adm4": "", "attribute_confidence": "high", "start_degree": 3, "end_degree": 3, "topology_role": "intersection_to_intersection", "dangle_flag": false, "short_dangle_flag": false, "component_id": 94, "component_length_km": 4.936489577461394, "component_segment_count": 28}, "geometry": {"type": "LineString", "coordinates": [[85.0622064, 27.859782499999998], [85.0620635, 27.860037700000003], [85.0619463, 27.860196899999995], [85.06185200000002, 27.8602904], [85.0618549, 27.860401600000003], [85.0619435, 27.860505199999995], [85.0620892, 27.860578500000003], [85.0622179, 27.860570899999985], [85.0623636, 27.860512800000002], [85.0626437, 27.860449600000003], [85.0627066, 27.860442699999997]]}}, {"type": "Feature", "properties": {"fid": 179, "segment_id": 455, "length_m": 13.52572267537835, "length_km": 0.013525722675378351, "highway": "track", "name": null, "name_en": null, "name_ne": null, "surface": null, "smoothness": null, "lanes": null, "oneway": null, "bridge": null, "layer": null, "source": null, "adm0_name": "Nepal", "adm1_name": "Bagmati", "adm2_name": "Nuwakot", "adm3_name": "Tarakeshwor", "adm4_name": null, "source_feature_count": 1, "source_fids": "10", "source_ids": "way/1552898322", "source_highways": "track", "source_names": "", "source_adm1": "Bagmati", "source_adm2": "Nuwakot", "source_adm3": "Tarakeshwor", "source_adm4": "", "attribute_confidence": "high", "start_degree": 3, "end_degree": 3, "topology_role": "intersection_to_intersection", "dangle_flag": false, "short_dangle_flag": false, "component_id": 94, "component_length_km": 4.936489577461394, "component_segment_count": 28}, "geometry": {"type": "LineString", "coordinates": [[85.0627066, 27.860442699999997], [85.0627866, 27.8603435]]}}, {"type": "Feature", "properties": {"fid": 180, "segment_id": 456, "length_m": 259.8894391115224, "length_km": 0.2598894391115224, "highway": "unclassified", "name": null, "name_en": null, "name_ne": null, "surface": null, "smoothness": null, "lanes": null, "oneway": null, "bridge": null, "layer": null, "source": null, "adm0_name": "Nepal", "adm1_name": "Bagmati", "adm2_name": "Nuwakot", "adm3_name": "Bidur", "adm4_name": null, "source_feature_count": 1, "source_fids": "491", "source_ids": "way/1552768983", "source_highways": "unclassified", "source_names": "", "source_adm1": "Bagmati", "source_adm2": "Nuwakot", "source_adm3": "Bidur", "source_adm4": "", "attribute_confidence": "high", "start_degree": 3, "end_degree": 3, "topology_role": "intersection_to_intersection", "dangle_flag": false, "short_dangle_flag": false, "component_id": 94, "component_length_km": 4.936489577461394, "component_segment_count": 28}, "geometry": {"type": "LineString", "coordinates": [[85.0627866, 27.8603435], [85.0630982, 27.860467299999996], [85.0635212, 27.860512799999995], [85.0642786, 27.860500200000004], [85.0649915, 27.860507799999997], [85.065389, 27.8605532]]}}, {"type": "Feature", "properties": {"fid": 181, "segment_id": 460, "length_m": 29.214680207572464, "length_km": 0.029214680207572463, "highway": "unclassified", "name": null, "name_en": null, "name_ne": null, "surface": null, "smoothness": null, "lanes": null, "oneway": null, "bridge": null, "layer": null, "source": null, "adm0_name": "Nepal", "adm1_name": "Bagmati", "adm2_name": "Nuwakot", "adm3_name": "Bidur", "adm4_name": null, "source_feature_count": 1, "source_fids": "491", "source_ids": "way/1552768983", "source_highways": "unclassified", "source_names": "", "source_adm1": "Bagmati", "source_adm2": "Nuwakot", "source_adm3": "Bidur", "source_adm4": "", "attribute_confidence": "high", "start_degree": 3, "end_degree": 3, "topology_role": "intersection_to_intersection", "dangle_flag": false, "short_dangle_flag": false, "component_id": 94, "component_length_km": 4.936489577461394, "component_segment_count": 28}, "geometry": {"type": "LineString", "coordinates": [[85.065389, 27.8605532], [85.0656829, 27.8605888]]}}, {"type": "Feature", "properties": {"fid": 182, "segment_id": 461, "length_m": 110.01896371777573, "length_km": 0.11001896371777574, "highway": "track", "name": null, "name_en": null, "name_ne": null, "surface": null, "smoothness": null, "lanes": null, "oneway": null, "bridge": null, "layer": null, "source": null, "adm0_name": "Nepal", "adm1_name": "Bagmati", "adm2_name": "Nuwakot", "adm3_name": "Bidur", "adm4_name": null, "source_feature_count": 1, "source_fids": "588", "source_ids": "way/1552898321", "source_highways": "track", "source_names": "", "source_adm1": "Bagmati", "source_adm2": "Nuwakot", "source_adm3": "Bidur", "source_adm4": "", "attribute_confidence": "high", "start_degree": 3, "end_degree": 1, "topology_role": "dead_end_link", "dangle_flag": true, "short_dangle_flag": false, "component_id": 94, "component_length_km": 4.936489577461394, "component_segment_count": 28}, "geometry": {"type": "LineString", "coordinates": [[85.065389, 27.8605532], [85.0654605, 27.860478699999998], [85.0656377, 27.8604509], [85.0657306, 27.8603966], [85.0658735, 27.860248699999993], [85.0659306, 27.860087], [85.0659992, 27.8599089], [85.0660221, 27.859828000000004]]}}, {"type": "Feature", "properties": {"fid": 183, "segment_id": 462, "length_m": 61.21944039078959, "length_km": 0.061219440390789595, "highway": "unclassified", "name": null, "name_en": null, "name_ne": null, "surface": null, "smoothness": null, "lanes": null, "oneway": null, "bridge": null, "layer": null, "source": null, "adm0_name": "Nepal", "adm1_name": "Bagmati", "adm2_name": "Nuwakot", "adm3_name": "Bidur", "adm4_name": null, "source_feature_count": 1, "source_fids": "924", "source_ids": "way/1552959130", "source_highways": "unclassified", "source_names": "", "source_adm1": "Bagmati", "source_adm2": "Nuwakot", "source_adm3": "Bidur", "source_adm4": "", "attribute_confidence": "high", "start_degree": 3, "end_degree": 3, "topology_role": "intersection_to_intersection", "dangle_flag": false, "short_dangle_flag": false, "component_id": 94, "component_length_km": 4.936489577461394, "component_segment_count": 28}, "geometry": {"type": "LineString", "coordinates": [[85.06566402022877, 27.86070176055464], [85.0656829, 27.8605888]]}}, {"type": "Feature", "properties": {"fid": 184, "segment_id": 464, "length_m": 147.60413839847666, "length_km": 0.14760413839847666, "highway": "unclassified", "name": null, "name_en": null, "name_ne": null, "surface": null, "smoothness": null, "lanes": null, "oneway": null, "bridge": null, "layer": null, "source": null, "adm0_name": "Nepal", "adm1_name": "Bagmati", "adm2_name": "Nuwakot", "adm3_name": "Bidur", "adm4_name": null, "source_feature_count": 1, "source_fids": "491", "source_ids": "way/1552768983", "source_highways": "unclassified", "source_names": "", "source_adm1": "Bagmati", "source_adm2": "Nuwakot", "source_adm3": "Bidur", "source_adm4": "", "attribute_confidence": "high", "start_degree": 3, "end_degree": 3, "topology_role": "intersection_to_intersection", "dangle_flag": false, "short_dangle_flag": false, "component_id": 94, "component_length_km": 4.936489577461394, "component_segment_count": 28}, "geometry": {"type": "LineString", "coordinates": [[85.0656829, 27.8605888], [85.0659147, 27.860616800000003], [85.0661831, 27.8606961], [85.0664007, 27.860812899999985], [85.066754, 27.860815000000002], [85.0670981, 27.860946000000002]]}}, {"type": "Feature", "properties": {"fid": 185, "segment_id": 465, "length_m": 251.0520840006605, "length_km": 0.2510520840006605, "highway": "path", "name": null, "name_en": null, "name_ne": null, "surface": null, "smoothness": null, "lanes": null, "oneway": null, "bridge": null, "layer": null, "source": null, "adm0_name": "Nepal", "adm1_name": "Bagmati", "adm2_name": "Nuwakot", "adm3_name": "Bidur", "adm4_name": null, "source_feature_count": 2, "source_fids": "942;934", "source_ids": "way/340627195;way/340627211", "source_highways": "path", "source_names": "", "source_adm1": "Bagmati", "source_adm2": "Nuwakot", "source_adm3": "Bidur", "source_adm4": "", "attribute_confidence": "medium", "start_degree": 1, "end_degree": 3, "topology_role": "dead_end_link", "dangle_flag": true, "short_dangle_flag": false, "component_id": 94, "component_length_km": 4.936489577461394, "component_segment_count": 28}, "geometry": {"type": "MultiLineString", "coordinates": [[[85.0671930354194, 27.862324914651673], [85.0671861, 27.862302299999996], [85.06718233811765, 27.862295442680704]], [[85.06714210827323, 27.86218460591975], [85.0671539, 27.862162399999995], [85.06715930000001, 27.8620652], [85.0671646, 27.861991699999997], [85.0671217, 27.8619158], [85.067162, 27.8619229], [85.0671915, 27.8618826], [85.0671586, 27.861816899999997], [85.0671154, 27.8617623], [85.0670529, 27.861733800000003], [85.0670185, 27.861717899999984], [85.0669964, 27.8616582], [85.06690252484536, 27.86152452799723]]]}}, {"type": "Feature", "properties": {"fid": 186, "segment_id": 466, "length_m": 73.44475032667492, "length_km": 0.07344475032667493, "highway": "unclassified", "name": null, "name_en": null, "name_ne": null, "surface": null, "smoothness": null, "lanes": null, "oneway": null, "bridge": null, "layer": null, "source": null, "adm0_name": "Nepal", "adm1_name": "Bagmati", "adm2_name": "Nuwakot", "adm3_name": "Tarakeshwor", "adm4_name": null, "source_feature_count": 1, "source_fids": "894", "source_ids": "way/340553585", "source_highways": "unclassified", "source_names": "", "source_adm1": "Bagmati", "source_adm2": "Nuwakot", "source_adm3": "Tarakeshwor", "source_adm4": "", "attribute_confidence": "high", "start_degree": 3, "end_degree": 3, "topology_role": "intersection_to_intersection", "dangle_flag": false, "short_dangle_flag": false, "component_id": 94, "component_length_km": 4.936489577461394, "component_segment_count": 28}, "geometry": {"type": "LineString", "coordinates": [[85.06686978398085, 27.861465347896598], [85.06686831197212, 27.86127104281568], [85.0668827, 27.8610214], [85.0670981, 27.860946000000002]]}}, {"type": "Feature", "properties": {"fid": 187, "segment_id": 467, "length_m": 412.158347785548, "length_km": 0.412158347785548, "highway": "unclassified", "name": null, "name_en": null, "name_ne": null, "surface": null, "smoothness": null, "lanes": null, "oneway": null, "bridge": null, "layer": null, "source": null, "adm0_name": "Nepal", "adm1_name": "Bagmati", "adm2_name": "Nuwakot", "adm3_name": "Bidur", "adm4_name": null, "source_feature_count": 1, "source_fids": "1345", "source_ids": "way/342301504", "source_highways": "unclassified", "source_names": "", "source_adm1": "Bagmati", "source_adm2": "Nuwakot", "source_adm3": "Bidur", "source_adm4": "", "attribute_confidence": "high", "start_degree": 3, "end_degree": 3, "topology_role": "intersection_to_intersection", "dangle_flag": false, "short_dangle_flag": false, "component_id": 94, "component_length_km": 4.936489577461394, "component_segment_count": 28}, "geometry": {"type": "LineString", "coordinates": [[85.0670981, 27.860946000000002], [85.0671813, 27.8612046], [85.0671891, 27.8614115], [85.06721880000002, 27.861540500000004], [85.06726780000001, 27.8616302], [85.06735100000002, 27.8616997], [85.0674007, 27.861734299999995], [85.0674748, 27.8617813], [85.0676139, 27.861871500000003], [85.06766040000001, 27.861869599999995], [85.0677509, 27.861838199999998], [85.0678183, 27.861764199999993], [85.0678986, 27.861638299999996], [85.0679748, 27.8615228], [85.06801194664439, 27.86148626760821]]}}, {"type": "Feature", "properties": {"fid": 188, "segment_id": 476, "length_m": 131.73175972078113, "length_km": 0.13173175972078113, "highway": "footway", "name": null, "name_en": null, "name_ne": null, "surface": null, "smoothness": null, "lanes": null, "oneway": null, "bridge": "yes", "layer": "1", "source": null, "adm0_name": "Nepal", "adm1_name": "Bagmati", "adm2_name": "Nuwakot", "adm3_name": "Bidur", "adm4_name": null, "source_feature_count": 1, "source_fids": "1233", "source_ids": "way/235982823", "source_highways": "footway", "source_names": "", "source_adm1": "Bagmati", "source_adm2": "Nuwakot", "source_adm3": "Bidur", "source_adm4": "", "attribute_confidence": "high", "start_degree": 3, "end_degree": 4, "topology_role": "intersection_to_intersection", "dangle_flag": false, "short_dangle_flag": false, "component_id": 95, "component_length_km": 24.250362572419977, "component_segment_count": 113}, "geometry": {"type": "LineString", "coordinates": [[85.0711376354992, 27.853067176972807], [85.07177759175632, 27.854056502726003]]}}, {"type": "Feature", "properties": {"fid": 189, "segment_id": 477, "length_m": 572.3619202602044, "length_km": 0.5723619202602045, "highway": "primary", "name": "Pasang Lhamu Highway", "name_en": null, "name_ne": null, "surface": null, "smoothness": null, "lanes": null, "oneway": null, "bridge": null, "layer": null, "source": null, "adm0_name": "Nepal", "adm1_name": "Bagmati", "adm2_name": "Nuwakot", "adm3_name": "Bidur", "adm4_name": null, "source_feature_count": 2, "source_fids": "1242", "source_ids": "way/400000900", "source_highways": "primary", "source_names": "Pasang Lhamu Highway", "source_adm1": "Bagmati", "source_adm2": "Nuwakot", "source_adm3": "Bidur", "source_adm4": "", "attribute_confidence": "medium", "start_degree": 3, "end_degree": 3, "topology_role": "intersection_to_intersection", "dangle_flag": false, "short_dangle_flag": false, "component_id": 95, "component_length_km": 24.250362572419977, "component_segment_count": 113}, "geometry": {"type": "MultiLineString", "coordinates": [[[85.0765076, 27.851811799999997], [85.0764701, 27.851796399999994], [85.0762863, 27.851768], [85.07628357350949, 27.851767242642282]], [[85.07322022170763, 27.852370843285183], [85.0730771, 27.852428399999997], [85.07304575063702, 27.852432290694175]]]}}, {"type": "Feature", "properties": {"fid": 190, "segment_id": 480, "length_m": 35.88711458204064, "length_km": 0.035887114582040636, "highway": "residential", "name": null, "name_en": null, "name_ne": null, "surface": null, "smoothness": null, "lanes": null, "oneway": null, "bridge": null, "layer": null, "source": null, "adm0_name": "Nepal", "adm1_name": "Bagmati", "adm2_name": "Nuwakot", "adm3_name": "Bidur", "adm4_name": null, "source_feature_count": 1, "source_fids": "1229", "source_ids": "way/340614632", "source_highways": "residential", "source_names": "", "source_adm1": "Bagmati", "source_adm2": "Nuwakot", "source_adm3": "Bidur", "source_adm4": "", "attribute_confidence": "high", "start_degree": 1, "end_degree": 4, "topology_role": "dead_end_link", "dangle_flag": true, "short_dangle_flag": false, "component_id": 95, "component_length_km": 24.250362572419977, "component_segment_count": 113}, "geometry": {"type": "LineString", "coordinates": [[85.0714584, 27.854208199999995], [85.0715777, 27.8541477], [85.0717346, 27.8540635], [85.07177759175632, 27.854056502726003]]}}, {"type": "Feature", "properties": {"fid": 191, "segment_id": 481, "length_m": 117.88326650183092, "length_km": 0.11788326650183091, "highway": "footway", "name": null, "name_en": null, "name_ne": null, "surface": null, "smoothness": null, "lanes": null, "oneway": null, "bridge": "yes", "layer": "1", "source": null, "adm0_name": "Nepal", "adm1_name": "Bagmati", "adm2_name": "Nuwakot", "adm3_name": "Bidur", "adm4_name": null, "source_feature_count": 1, "source_fids": "1233", "source_ids": "way/235982823", "source_highways": "footway", "source_names": "", "source_adm1": "Bagmati", "source_adm2": "Nuwakot", "source_adm3": "Bidur", "source_adm4": "", "attribute_confidence": "high", "start_degree": 4, "end_degree": 3, "topology_role": "intersection_to_intersection", "dangle_flag": false, "short_dangle_flag": false, "component_id": 95, "component_length_km": 24.250362572419977, "component_segment_count": 113}, "geometry": {"type": "LineString", "coordinates": [[85.07177759175632, 27.854056502726003], [85.072274, 27.854823899999996], [85.072366, 27.854982599999996]]}}, {"type": "Feature", "properties": {"fid": 192, "segment_id": 482, "length_m": 356.7982081021304, "length_km": 0.35679820810213037, "highway": "residential", "name": null, "name_en": null, "name_ne": null, "surface": null, "smoothness": null, "lanes": null, "oneway": null, "bridge": null, "layer": null, "source": null, "adm0_name": "Nepal", "adm1_name": "Bagmati", "adm2_name": "Nuwakot", "adm3_name": "Bidur", "adm4_name": null, "source_feature_count": 1, "source_fids": "1229", "source_ids": "way/340614632", "source_highways": "residential", "source_names": "", "source_adm1": "Bagmati", "source_adm2": "Nuwakot", "source_adm3": "Bidur", "source_adm4": "", "attribute_confidence": "high", "start_degree": 4, "end_degree": 3, "topology_role": "intersection_to_intersection", "dangle_flag": false, "short_dangle_flag": false, "component_id": 95, "component_length_km": 24.250362572419977, "component_segment_count": 113}, "geometry": {"type": "LineString", "coordinates": [[85.07177759175632, 27.854056502726003], [85.0718071, 27.8540517], [85.0718781, 27.854051700000003], [85.0719854, 27.854052800000005], [85.0721142, 27.854069400000007], [85.0722107, 27.8541003], [85.0724374, 27.854134699999996], [85.0725514, 27.8541299], [85.0727203, 27.854132299999996], [85.0729215, 27.8541026], [85.073065, 27.8541062], [85.073128, 27.854142999999997], [85.0732166, 27.854195099999995], [85.0733413, 27.8542532], [85.0733922, 27.8542556], [85.0735921, 27.854260299999993], [85.0738777, 27.854253199999995], [85.0741942, 27.8542497], [85.074441, 27.8542805], [85.0747146, 27.8543125], [85.0749412, 27.854364699999998], [85.0750136, 27.854417999999995], [85.0750659, 27.8545366], [85.075046, 27.854667500000005]]}}, {"type": "Feature", "properties": {"fid": 193, "segment_id": 485, "length_m": 35.51934548120157, "length_km": 0.035519345481201565, "highway": "unclassified", "name": null, "name_en": null, "name_ne": null, "surface": null, "smoothness": null, "lanes": null, "oneway": null, "bridge": null, "layer": null, "source": null, "adm0_name": "Nepal", "adm1_name": "Bagmati", "adm2_name": "Nuwakot", "adm3_name": "Bidur", "adm4_name": null, "source_feature_count": 1, "source_fids": "5", "source_ids": "way/340584718", "source_highways": "unclassified", "source_names": "", "source_adm1": "Bagmati", "source_adm2": "Nuwakot", "source_adm3": "Bidur", "source_adm4": "", "attribute_confidence": "high", "start_degree": 3, "end_degree": 3, "topology_role": "intersection_to_intersection", "dangle_flag": false, "short_dangle_flag": false, "component_id": 95, "component_length_km": 24.250362572419977, "component_segment_count": 113}, "geometry": {"type": "LineString", "coordinates": [[85.072366, 27.854982599999996], [85.0724438, 27.8551743], [85.0724277, 27.855266599999997], [85.0724234, 27.855289600000003]]}}, {"type": "Feature", "properties": {"fid": 194, "segment_id": 486, "length_m": 239.57521294008157, "length_km": 0.23957521294008158, "highway": "path", "name": null, "name_en": null, "name_ne": null, "surface": null, "smoothness": null, "lanes": null, "oneway": null, "bridge": null, "layer": null, "source": "Bing", "adm0_name": "Nepal", "adm1_name": "Bagmati", "adm2_name": "Nuwakot", "adm3_name": "Bidur", "adm4_name": null, "source_feature_count": 1, "source_fids": "446", "source_ids": "way/340630090", "source_highways": "path", "source_names": "", "source_adm1": "Bagmati", "source_adm2": "Nuwakot", "source_adm3": "Bidur", "source_adm4": "", "attribute_confidence": "high", "start_degree": 3, "end_degree": 3, "topology_role": "intersection_to_intersection", "dangle_flag": false, "short_dangle_flag": false, "component_id": 95, "component_length_km": 24.250362572419977, "component_segment_count": 113}, "geometry": {"type": "LineString", "coordinates": [[85.072366, 27.854982599999996], [85.0726087, 27.854847399999993], [85.07265990000002, 27.854805400000004], [85.0728324, 27.8546976], [85.0729797, 27.8546318], [85.0731537, 27.8545924], [85.0732489, 27.854552899999995], [85.0733464, 27.854508999999997], [85.0734952, 27.854499], [85.0736383, 27.854540099999998], [85.0737405, 27.854583799999997], [85.0738444, 27.854612099999997], [85.0739447, 27.85465869999999], [85.0740622, 27.854681599999996], [85.0741891, 27.854718099999996], [85.0742813, 27.854745699999995], [85.0744719, 27.8548115], [85.07451611915171, 27.854870550437038]]}}, {"type": "Feature", "properties": {"fid": 195, "segment_id": 487, "length_m": 333.59906061045393, "length_km": 0.3335990606104539, "highway": "unclassified", "name": null, "name_en": null, "name_ne": null, "surface": null, "smoothness": null, "lanes": null, "oneway": null, "bridge": null, "layer": null, "source": null, "adm0_name": "Nepal", "adm1_name": "Bagmati", "adm2_name": "Nuwakot", "adm3_name": "Bidur", "adm4_name": null, "source_feature_count": 1, "source_fids": "5", "source_ids": "way/340584718", "source_highways": "unclassified", "source_names": "", "source_adm1": "Bagmati", "source_adm2": "Nuwakot", "source_adm3": "Bidur", "source_adm4": "", "attribute_confidence": "high", "start_degree": 3, "end_degree": 1, "topology_role": "dead_end_link", "dangle_flag": true, "short_dangle_flag": false, "component_id": 95, "component_length_km": 24.250362572419977, "component_segment_count": 113}, "geometry": {"type": "MultiLineString", "coordinates": [[[85.0724234, 27.855289600000003], [85.0724116, 27.855351799999998], [85.0724277, 27.8554654], [85.0724987, 27.85554339999999], [85.07281460000002, 27.855817999999996], [85.07295613051112, 27.8559651686707]], [[85.07308311352752, 27.856098597814466], [85.0732375, 27.856267700000007], [85.07334153109593, 27.856434184276964]]]}}, {"type": "Feature", "properties": {"fid": 196, "segment_id": 488, "length_m": 196.61690432694442, "length_km": 0.19661690432694442, "highway": "path", "name": null, "name_en": null, "name_ne": null, "surface": null, "smoothness": null, "lanes": null, "oneway": null, "bridge": null, "layer": null, "source": null, "adm0_name": "Nepal", "adm1_name": "Bagmati", "adm2_name": "Nuwakot", "adm3_name": "Bidur", "adm4_name": null, "source_feature_count": 1, "source_fids": "1062", "source_ids": "way/340614635", "source_highways": "path", "source_names": "", "source_adm1": "Bagmati", "source_adm2": "Nuwakot", "source_adm3": "Bidur", "source_adm4": "", "attribute_confidence": "high", "start_degree": 3, "end_degree": 3, "topology_role": "intersection_to_intersection", "dangle_flag": false, "short_dangle_flag": false, "component_id": 95, "component_length_km": 24.250362572419977, "component_segment_count": 113}, "geometry": {"type": "LineString", "coordinates": [[85.0724234, 27.855289600000003], [85.07267862342455, 27.855253606978042]]}}, {"type": "Feature", "properties": {"fid": 197, "segment_id": 491, "length_m": 59.98742678257575, "length_km": 0.05998742678257575, "highway": "residential", "name": null, "name_en": null, "name_ne": null, "surface": null, "smoothness": null, "lanes": null, "oneway": null, "bridge": null, "layer": null, "source": null, "adm0_name": "Nepal", "adm1_name": "Bagmati", "adm2_name": "Nuwakot", "adm3_name": "Bidur", "adm4_name": null, "source_feature_count": 1, "source_fids": "1229", "source_ids": "way/340614632", "source_highways": "residential", "source_names": "", "source_adm1": "Bagmati", "source_adm2": "Nuwakot", "source_adm3": "Bidur", "source_adm4": "", "attribute_confidence": "high", "start_degree": 3, "end_degree": 3, "topology_role": "intersection_to_intersection", "dangle_flag": false, "short_dangle_flag": false, "component_id": 95, "component_length_km": 24.250362572419977, "component_segment_count": 113}, "geometry": {"type": "LineString", "coordinates": [[85.075046, 27.854667500000005], [85.07502720000001, 27.854742199999997], [85.0749226, 27.854791999999996], [85.0747724, 27.8548287], [85.07462210718525, 27.854872495676908]]}}, {"type": "Feature", "properties": {"fid": 198, "segment_id": 492, "length_m": 701.5800404664267, "length_km": 0.7015800404664266, "highway": "unclassified", "name": null, "name_en": null, "name_ne": null, "surface": null, "smoothness": null, "lanes": null, "oneway": null, "bridge": null, "layer": null, "source": null, "adm0_name": "Nepal", "adm1_name": "Bagmati", "adm2_name": "Nuwakot", "adm3_name": "Bidur", "adm4_name": null, "source_feature_count": 1, "source_fids": "146", "source_ids": "way/1552715444", "source_highways": "unclassified", "source_names": "", "source_adm1": "Bagmati", "source_adm2": "Nuwakot", "source_adm3": "Bidur", "source_adm4": "", "attribute_confidence": "high", "start_degree": 3, "end_degree": 3, "topology_role": "intersection_to_intersection", "dangle_flag": false, "short_dangle_flag": false, "component_id": 95, "component_length_km": 24.250362572419977, "component_segment_count": 113}, "geometry": {"type": "MultiLineString", "coordinates": [[[85.075046, 27.854667500000005], [85.075357, 27.8547192], [85.0757888, 27.854844899999996], [85.0760382, 27.8549445], [85.0761777, 27.85496819999999], [85.0763494, 27.855070199999997], [85.076521, 27.855200599999993], [85.07675440000001, 27.855371399999992], [85.07691005117222, 27.85546083057931]], [[85.0774247607771, 27.855611643947366], [85.0774974, 27.855603799999994], [85.07757780000001, 27.85561089999999], [85.0776154, 27.8556298], [85.077669, 27.855691499999995], [85.07772, 27.855819599999997], [85.0777388, 27.855890699999996], [85.0778085, 27.8559879], [85.077897, 27.856023500000003], [85.077948, 27.856068600000004], [85.0779882, 27.8561136], [85.0780553, 27.85613499999999], [85.078117, 27.856134999999995], [85.0781786, 27.856165799999996], [85.0782511, 27.8562203], [85.0782913, 27.856253499999998], [85.0783583, 27.856277199999997], [85.0785596, 27.856318799999993], [85.0786681, 27.8563684], [85.0788345, 27.8565011], [85.0790443, 27.8565474], [85.0791998, 27.856542599999997], [85.0792613, 27.8565682], [85.0793879, 27.856742499999996], [85.0794855, 27.856791999999995], [85.0796483, 27.8568336], [85.0800208, 27.8568736], [85.0801528, 27.856902399999996], [85.0806845, 27.857111800000002], [85.081001, 27.857204499999995], [85.0811113, 27.857265300000005], [85.08116068290734, 27.8573245725226]]]}}, {"type": "Feature", "properties": {"fid": 199, "segment_id": 493, "length_m": 337.0204285018847, "length_km": 0.3370204285018847, "highway": "primary", "name": "Pasang Lhamu Highway", "name_en": null, "name_ne": null, "surface": null, "smoothness": null, "lanes": null, "oneway": null, "bridge": null, "layer": null, "source": null, "adm0_name": "Nepal", "adm1_name": "Bagmati", "adm2_name": "Nuwakot", "adm3_name": "Bidur", "adm4_name": null, "source_feature_count": 1, "source_fids": "1105", "source_ids": "way/341768632", "source_highways": "primary", "source_names": "Pasang Lhamu Highway", "source_adm1": "Bagmati", "source_adm2": "Nuwakot", "source_adm3": "Bidur", "source_adm4": "", "attribute_confidence": "high", "start_degree": 3, "end_degree": 3, "topology_role": "intersection_to_intersection", "dangle_flag": false, "short_dangle_flag": false, "component_id": 95, "component_length_km": 24.250362572419977, "component_segment_count": 113}, "geometry": {"type": "MultiLineString", "coordinates": [[[85.0789999, 27.853844099999996], [85.078184, 27.8529975], [85.07768910000001, 27.852518500000002], [85.0773123, 27.852239799999996], [85.0768969, 27.851985099999997], [85.07669507675655, 27.85187338954324]], [[85.07659743511405, 27.85182790177641], [85.0765076, 27.851811799999997]]]}}, {"type": "Feature", "properties": {"fid": 200, "segment_id": 494, "length_m": 414.2886719343812, "length_km": 0.41428867193438124, "highway": "unclassified", "name": null, "name_en": null, "name_ne": null, "surface": null, "smoothness": null, "lanes": null, "oneway": null, "bridge": null, "layer": null, "source": "Bing", "adm0_name": "Nepal", "adm1_name": "Bagmati", "adm2_name": "Nuwakot", "adm3_name": "Bidur", "adm4_name": null, "source_feature_count": 2, "source_fids": "68", "source_ids": "way/340608906", "source_highways": "unclassified", "source_names": "", "source_adm1": "Bagmati", "source_adm2": "Nuwakot", "source_adm3": "Bidur", "source_adm4": "", "attribute_confidence": "medium", "start_degree": 3, "end_degree": 1, "topology_role": "dead_end_link", "dangle_flag": true, "short_dangle_flag": false, "component_id": 95, "component_length_km": 24.250362572419977, "component_segment_count": 113}, "geometry": {"type": "LineString", "coordinates": [[85.0765076, 27.851811799999997], [85.0763436, 27.851918099999995], [85.0761314, 27.851955700000005], [85.0760168, 27.851951700000004], [85.0758318, 27.8519412], [85.07569350000001, 27.851950499999994], [85.0755603, 27.8520425], [85.0755186, 27.8521121], [85.0755482, 27.852200899999996], [85.0756176, 27.852320999999993], [85.0756886, 27.852392399999996], [85.0758854, 27.852506599999998], [85.07619380000001, 27.852703499999997], [85.0764433, 27.852900299999995], [85.0765935, 27.853059199999993], [85.0767758, 27.85319670000001], [85.0769234, 27.853315300000002], [85.07695290000001, 27.853388800000005], [85.0769877, 27.8535145], [85.0770575, 27.853704199999996], [85.0771889, 27.8539461], [85.0772801, 27.854104999999997], [85.0773177, 27.8542307]]}}, {"type": "Feature", "properties": {"fid": 201, "segment_id": 497, "length_m": 182.80649550819376, "length_km": 0.18280649550819375, "highway": "unclassified", "name": null, "name_en": null, "name_ne": null, "surface": null, "smoothness": null, "lanes": null, "oneway": null, "bridge": null, "layer": null, "source": "Bing", "adm0_name": "Nepal", "adm1_name": "Bagmati", "adm2_name": "Nuwakot", "adm3_name": "Belkotgadhi", "adm4_name": null, "source_feature_count": 1, "source_fids": "69", "source_ids": "way/340630077", "source_highways": "unclassified", "source_names": "", "source_adm1": "Bagmati", "source_adm2": "Nuwakot", "source_adm3": "Belkotgadhi", "source_adm4": "", "attribute_confidence": "high", "start_degree": 3, "end_degree": 3, "topology_role": "intersection_to_intersection", "dangle_flag": false, "short_dangle_flag": false, "component_id": 95, "component_length_km": 24.250362572419977, "component_segment_count": 113}, "geometry": {"type": "LineString", "coordinates": [[85.0789999, 27.853844099999996], [85.0790373, 27.853813200000005], [85.078705120955, 27.85336765126602]]}}, {"type": "Feature", "properties": {"fid": 202, "segment_id": 498, "length_m": 208.1353897428928, "length_km": 0.2081353897428928, "highway": "primary", "name": "Pasang Lhamu Highway", "name_en": null, "name_ne": null, "surface": null, "smoothness": null, "lanes": null, "oneway": null, "bridge": null, "layer": null, "source": null, "adm0_name": "Nepal", "adm1_name": "Bagmati", "adm2_name": "Nuwakot", "adm3_name": "Bidur", "adm4_name": null, "source_feature_count": 1, "source_fids": "1105", "source_ids": "way/341768632", "source_highways": "primary", "source_names": "Pasang Lhamu Highway", "source_adm1": "Bagmati", "source_adm2": "Nuwakot", "source_adm3": "Bidur", "source_adm4": "", "attribute_confidence": "high", "start_degree": 3, "end_degree": 3, "topology_role": "intersection_to_intersection", "dangle_flag": false, "short_dangle_flag": false, "component_id": 95, "component_length_km": 24.250362572419977, "component_segment_count": 113}, "geometry": {"type": "LineString", "coordinates": [[85.0806971, 27.8545472], [85.0804773, 27.854650399999997], [85.0803311, 27.8547073], [85.0802332, 27.8547133], [85.0800334, 27.854684799999998], [85.07922740000001, 27.854080100000004], [85.0789999, 27.853844099999996]]}}, {"type": "Feature", "properties": {"fid": 203, "segment_id": 499, "length_m": 207.21285816833552, "length_km": 0.2072128581683355, "highway": "path", "name": null, "name_en": null, "name_ne": null, "surface": null, "smoothness": null, "lanes": null, "oneway": null, "bridge": null, "layer": null, "source": null, "adm0_name": "Nepal", "adm1_name": "Bagmati", "adm2_name": "Nuwakot", "adm3_name": "Bidur", "adm4_name": null, "source_feature_count": 1, "source_fids": "40", "source_ids": "way/340477904", "source_highways": "path", "source_names": "", "source_adm1": "Bagmati", "source_adm2": "Nuwakot", "source_adm3": "Bidur", "source_adm4": "", "attribute_confidence": "high", "start_degree": 3, "end_degree": 1, "topology_role": "dead_end_link", "dangle_flag": true, "short_dangle_flag": false, "component_id": 95, "component_length_km": 24.250362572419977, "component_segment_count": 113}, "geometry": {"type": "LineString", "coordinates": [[85.0810671258976, 27.85753161857795], [85.0810646, 27.8575249], [85.0809458, 27.857423099999995], [85.0808001, 27.857362700000003], [85.0806495, 27.857329499999995], [85.0805669, 27.8573081], [85.08051802122681, 27.857297018081848]]}}, {"type": "Feature", "properties": {"fid": 204, "segment_id": 500, "length_m": 62.95084599988145, "length_km": 0.06295084599988145, "highway": "residential", "name": null, "name_en": null, "name_ne": null, "surface": null, "smoothness": null, "lanes": null, "oneway": null, "bridge": "yes", "layer": "1", "source": null, "adm0_name": "Nepal", "adm1_name": "Bagmati", "adm2_name": "Nuwakot", "adm3_name": "Bidur", "adm4_name": null, "source_feature_count": 1, "source_fids": "1106", "source_ids": "way/1553097543", "source_highways": "residential", "source_names": "", "source_adm1": "Bagmati", "source_adm2": "Nuwakot", "source_adm3": "Bidur", "source_adm4": "", "attribute_confidence": "high", "start_degree": 3, "end_degree": 3, "topology_role": "intersection_to_intersection", "dangle_flag": false, "short_dangle_flag": false, "component_id": 95, "component_length_km": 24.250362572419977, "component_segment_count": 113}, "geometry": {"type": "LineString", "coordinates": [[85.081265, 27.854448100000003], [85.081189, 27.854448100000003], [85.0808726, 27.854451299999997], [85.0807586, 27.854454500000003], [85.08069900000001, 27.8544977], [85.0806971, 27.8545472]]}}, {"type": "Feature", "properties": {"fid": 205, "segment_id": 501, "length_m": 73.15621795230855, "length_km": 0.07315621795230855, "highway": "primary", "name": "Pasang Lhamu Highway", "name_en": null, "name_ne": null, "surface": null, "smoothness": null, "lanes": null, "oneway": null, "bridge": "yes", "layer": "1", "source": null, "adm0_name": "Nepal", "adm1_name": "Bagmati", "adm2_name": "Nuwakot", "adm3_name": "Bidur", "adm4_name": null, "source_feature_count": 1, "source_fids": "899", "source_ids": "way/341768633", "source_highways": "primary", "source_names": "Pasang Lhamu Highway", "source_adm1": "Bagmati", "source_adm2": "Nuwakot", "source_adm3": "Bidur", "source_adm4": "", "attribute_confidence": "high", "start_degree": 3, "end_degree": 3, "topology_role": "intersection_to_intersection", "dangle_flag": false, "short_dangle_flag": false, "component_id": 95, "component_length_km": 24.250362572419977, "component_segment_count": 113}, "geometry": {"type": "LineString", "coordinates": [[85.0814259, 27.854604799999997], [85.0812811, 27.854551499999996], [85.0809521, 27.8545329], [85.080881, 27.854529499999998], [85.0807616, 27.8545378], [85.0806971, 27.8545472]]}}, {"type": "Feature", "properties": {"fid": 206, "segment_id": 502, "length_m": 630.4648839783856, "length_km": 0.6304648839783856, "highway": "path", "name": null, "name_en": null, "name_ne": null, "surface": null, "smoothness": null, "lanes": null, "oneway": null, "bridge": null, "layer": null, "source": null, "adm0_name": "Nepal", "adm1_name": "Bagmati", "adm2_name": "Nuwakot", "adm3_name": "Bidur", "adm4_name": null, "source_feature_count": 1, "source_fids": "40", "source_ids": "way/340477904", "source_highways": "path", "source_names": "", "source_adm1": "Bagmati", "source_adm2": "Nuwakot", "source_adm3": "Bidur", "source_adm4": "", "attribute_confidence": "high", "start_degree": 3, "end_degree": 3, "topology_role": "intersection_to_intersection", "dangle_flag": false, "short_dangle_flag": false, "component_id": 95, "component_length_km": 24.250362572419977, "component_segment_count": 113}, "geometry": {"type": "MultiLineString", "coordinates": [[[85.08336349668913, 27.85791596506642], [85.0833078, 27.8578628], [85.0831606, 27.8577741], [85.08298206344735, 27.857715021318345]], [[85.08292999596779, 27.857692417001708], [85.0828397, 27.8576499], [85.0827527, 27.857621800000004], [85.0824836, 27.8576928], [85.0822478, 27.8576972], [85.0820923, 27.857689799999996], [85.0820556, 27.8576765], [85.0819937, 27.8575997], [85.08183990000002, 27.857456299999996], [85.0817881, 27.857428199999998], [85.08167270000001, 27.8574164], [85.0816309, 27.857462200000004], [85.0815841, 27.857500600000005], [85.0815641, 27.8575612], [85.0815891, 27.8576011], [85.0815941, 27.8576189], [85.08154174394711, 27.85773439274768]]]}}, {"type": "Feature", "properties": {"fid": 207, "segment_id": 503, "length_m": 46.577103261563884, "length_km": 0.04657710326156388, "highway": "unclassified", "name": null, "name_en": null, "name_ne": null, "surface": null, "smoothness": null, "lanes": null, "oneway": null, "bridge": null, "layer": null, "source": null, "adm0_name": "Nepal", "adm1_name": "Bagmati", "adm2_name": "Nuwakot", "adm3_name": "Bidur", "adm4_name": null, "source_feature_count": 1, "source_fids": "146", "source_ids": "way/1552715444", "source_highways": "unclassified", "source_names": "", "source_adm1": "Bagmati", "source_adm2": "Nuwakot", "source_adm3": "Bidur", "source_adm4": "", "attribute_confidence": "high", "start_degree": 3, "end_degree": 3, "topology_role": "intersection_to_intersection", "dangle_flag": false, "short_dangle_flag": false, "component_id": 95, "component_length_km": 24.250362572419977, "component_segment_count": 113}, "geometry": {"type": "LineString", "coordinates": [[85.08116068290734, 27.8573245725226], [85.0811872, 27.8573564], [85.0811927, 27.857434799999996], [85.08116938402789, 27.857575307184774]]}}, {"type": "Feature", "properties": {"fid": 208, "segment_id": 504, "length_m": 236.59955762440657, "length_km": 0.23659955762440657, "highway": "footway", "name": null, "name_en": null, "name_ne": null, "surface": null, "smoothness": null, "lanes": null, "oneway": null, "bridge": null, "layer": null, "source": null, "adm0_name": "Nepal", "adm1_name": "Bagmati", "adm2_name": "Nuwakot", "adm3_name": "Bidur", "adm4_name": null, "source_feature_count": 1, "source_fids": "570", "source_ids": "way/1553097541", "source_highways": "footway", "source_names": "", "source_adm1": "Bagmati", "source_adm2": "Nuwakot", "source_adm3": "Bidur", "source_adm4": "", "attribute_confidence": "high", "start_degree": 4, "end_degree": 3, "topology_role": "intersection_to_intersection", "dangle_flag": false, "short_dangle_flag": false, "component_id": 95, "component_length_km": 24.250362572419977, "component_segment_count": 113}, "geometry": {"type": "LineString", "coordinates": [[85.0822537, 27.855423499999997], [85.0821357, 27.8556222], [85.08117805599977, 27.857290581689117], [85.08116068290734, 27.8573245725226]]}}, {"type": "Feature", "properties": {"fid": 209, "segment_id": 505, "length_m": 25.474994871632994, "length_km": 0.025474994871632992, "highway": "path", "name": null, "name_en": null, "name_ne": null, "surface": null, "smoothness": null, "lanes": null, "oneway": null, "bridge": null, "layer": null, "source": null, "adm0_name": "Nepal", "adm1_name": "Bagmati", "adm2_name": "Nuwakot", "adm3_name": "Bidur", "adm4_name": null, "source_feature_count": 1, "source_fids": "1238", "source_ids": "way/1553097542", "source_highways": "path", "source_names": "", "source_adm1": "Bagmati", "source_adm2": "Nuwakot", "source_adm3": "Bidur", "source_adm4": "", "attribute_confidence": "high", "start_degree": 3, "end_degree": 3, "topology_role": "intersection_to_intersection", "dangle_flag": false, "short_dangle_flag": false, "component_id": 95, "component_length_km": 24.250362572419977, "component_segment_count": 113}, "geometry": {"type": "LineString", "coordinates": [[85.0814259, 27.854604799999997], [85.0813988, 27.854521700000003], [85.0812975, 27.8544513], [85.081265, 27.854448100000003]]}}, {"type": "Feature", "properties": {"fid": 210, "segment_id": 506, "length_m": 252.2663860001013, "length_km": 0.2522663860001013, "highway": "residential", "name": null, "name_en": null, "name_ne": null, "surface": null, "smoothness": null, "lanes": null, "oneway": null, "bridge": null, "layer": null, "source": null, "adm0_name": "Nepal", "adm1_name": "Bagmati", "adm2_name": "Nuwakot", "adm3_name": "Bidur", "adm4_name": null, "source_feature_count": 1, "source_fids": "1000", "source_ids": "way/1553097546", "source_highways": "residential", "source_names": "", "source_adm1": "Bagmati", "source_adm2": "Nuwakot", "source_adm3": "Bidur", "source_adm4": "", "attribute_confidence": "high", "start_degree": 3, "end_degree": 1, "topology_role": "dead_end_link", "dangle_flag": true, "short_dangle_flag": false, "component_id": 95, "component_length_km": 24.250362572419977, "component_segment_count": 113}, "geometry": {"type": "LineString", "coordinates": [[85.081265, 27.854448100000003], [85.0812578, 27.854275400000002], [85.0812758, 27.8541699], [85.0812975, 27.854098], [85.0813518, 27.853979599999995], [85.0815344, 27.853642299999997], [85.08174578685575, 27.853553001297637]]}}, {"type": "Feature", "properties": {"fid": 211, "segment_id": 507, "length_m": 130.34742730144973, "length_km": 0.13034742730144971, "highway": "primary", "name": "Pasang Lhamu Highway", "name_en": null, "name_ne": null, "surface": null, "smoothness": null, "lanes": null, "oneway": null, "bridge": null, "layer": null, "source": null, "adm0_name": "Nepal", "adm1_name": "Bagmati", "adm2_name": "Nuwakot", "adm3_name": "Bidur", "adm4_name": null, "source_feature_count": 1, "source_fids": "864", "source_ids": "way/168199208", "source_highways": "primary", "source_names": "Pasang Lhamu Highway", "source_adm1": "Bagmati", "source_adm2": "Nuwakot", "source_adm3": "Bidur", "source_adm4": "", "attribute_confidence": "high", "start_degree": 4, "end_degree": 3, "topology_role": "intersection_to_intersection", "dangle_flag": false, "short_dangle_flag": false, "component_id": 95, "component_length_km": 24.250362572419977, "component_segment_count": 113}, "geometry": {"type": "MultiLineString", "coordinates": [[[85.0822537, 27.855423499999997], [85.0820553, 27.855378699999992], [85.0818437, 27.8552779], [85.08165380000001, 27.855094099999995], [85.0816209333711, 27.855007800410743]], [[85.08158836829658, 27.854922292497104], [85.08153810000002, 27.8547903], [85.0814259, 27.854604799999997]]]}}, {"type": "Feature", "properties": {"fid": 212, "segment_id": 508, "length_m": 116.73890293282065, "length_km": 0.11673890293282065, "highway": "track", "name": null, "name_en": null, "name_ne": null, "surface": null, "smoothness": null, "lanes": null, "oneway": null, "bridge": null, "layer": null, "source": null, "adm0_name": "Nepal", "adm1_name": "Bagmati", "adm2_name": "Nuwakot", "adm3_name": "Bidur", "adm4_name": null, "source_feature_count": 1, "source_fids": "38", "source_ids": "way/341655146", "source_highways": "track", "source_names": "", "source_adm1": "Bagmati", "source_adm2": "Nuwakot", "source_adm3": "Bidur", "source_adm4": "", "attribute_confidence": "high", "start_degree": 4, "end_degree": 3, "topology_role": "intersection_to_intersection", "dangle_flag": false, "short_dangle_flag": false, "component_id": 95, "component_length_km": 24.250362572419977, "component_segment_count": 113}, "geometry": {"type": "LineString", "coordinates": [[85.0822537, 27.855423499999997], [85.0822627, 27.855347800000004], [85.0827153, 27.855320099999997], [85.0822359, 27.855196599999996], [85.08219311257557, 27.855165293074588]]}}, {"type": "Feature", "properties": {"fid": 213, "segment_id": 511, "length_m": 686.1392970762776, "length_km": 0.6861392970762775, "highway": "primary", "name": "Pasang Lhamu Highway", "name_en": null, "name_ne": null, "surface": null, "smoothness": null, "lanes": null, "oneway": null, "bridge": null, "layer": null, "source": null, "adm0_name": "Nepal", "adm1_name": "Bagmati", "adm2_name": "Nuwakot", "adm3_name": "Bidur", "adm4_name": null, "source_feature_count": 1, "source_fids": "864", "source_ids": "way/168199208", "source_highways": "primary", "source_names": "Pasang Lhamu Highway", "source_adm1": "Bagmati", "source_adm2": "Nuwakot", "source_adm3": "Bidur", "source_adm4": "", "attribute_confidence": "high", "start_degree": 3, "end_degree": 4, "topology_role": "intersection_to_intersection", "dangle_flag": false, "short_dangle_flag": false, "component_id": 95, "component_length_km": 24.250362572419977, "component_segment_count": 113}, "geometry": {"type": "MultiLineString", "coordinates": [[[85.08810686651526, 27.854570548628867], [85.08782710000001, 27.8543367], [85.08766288208773, 27.85422677444751]], [[85.08538647668347, 27.854164311756016], [85.08524280000002, 27.8542288], [85.084992, 27.854337899999994], [85.0847801, 27.85446], [85.08441698805375, 27.854655177647427]], [[85.08404517965036, 27.855117790702575], [85.0839952, 27.855202599999995], [85.0839031, 27.8552798], [85.0836455, 27.8553529], [85.0835262, 27.8553718], [85.0830281, 27.855414], [85.0825445, 27.855460699999995], [85.0823594, 27.855443], [85.0822537, 27.855423499999997]]]}}, {"type": "Feature", "properties": {"fid": 214, "segment_id": 514, "length_m": 534.3854561946139, "length_km": 0.5343854561946139, "highway": "path", "name": null, "name_en": null, "name_ne": null, "surface": null, "smoothness": null, "lanes": null, "oneway": null, "bridge": null, "layer": null, "source": null, "adm0_name": "Nepal", "adm1_name": "Bagmati", "adm2_name": "Nuwakot", "adm3_name": "Bidur", "adm4_name": null, "source_feature_count": 1, "source_fids": "1055", "source_ids": "way/340471989", "source_highways": "path", "source_names": "", "source_adm1": "Bagmati", "source_adm2": "Nuwakot", "source_adm3": "Bidur", "source_adm4": "", "attribute_confidence": "high", "start_degree": 3, "end_degree": 3, "topology_role": "intersection_to_intersection", "dangle_flag": false, "short_dangle_flag": false, "component_id": 95, "component_length_km": 24.250362572419977, "component_segment_count": 113}, "geometry": {"type": "LineString", "coordinates": [[85.086184353807, 27.857959229831685], [85.0863345, 27.85743], [85.0866597, 27.857228300000006], [85.0870084, 27.855905099999994], [85.08710580000002, 27.8557269], [85.0872752, 27.8557005], [85.0873924, 27.855718099999994], [85.0874721, 27.8557071], [85.0875568, 27.855671800000003], [85.08761170000001, 27.855616699999995], [85.0877014, 27.855504400000008], [85.0877811, 27.8553612], [85.0878833, 27.855114399999998], [85.0879631, 27.85503720000001], [85.087988, 27.855006399999994], [85.0880154, 27.8549337], [85.0880512, 27.8548786], [85.0881281, 27.854821599999994], [85.08827532871108, 27.85473736778077]]}}, {"type": "Feature", "properties": {"fid": 215, "segment_id": 519, "length_m": 917.6726068931347, "length_km": 0.9176726068931347, "highway": "unclassified", "name": null, "name_en": null, "name_ne": null, "surface": null, "smoothness": null, "lanes": null, "oneway": null, "bridge": null, "layer": null, "source": null, "adm0_name": "Nepal", "adm1_name": "Bagmati", "adm2_name": "Nuwakot", "adm3_name": "Bidur", "adm4_name": null, "source_feature_count": 2, "source_fids": "1359;1293", "source_ids": "way/340477907;way/340513263", "source_highways": "unclassified", "source_names": "", "source_adm1": "Bagmati", "source_adm2": "Nuwakot", "source_adm3": "Bidur", "source_adm4": "", "attribute_confidence": "medium", "start_degree": 1, "end_degree": 3, "topology_role": "dead_end_link", "dangle_flag": true, "short_dangle_flag": false, "component_id": 98, "component_length_km": 1.1058094126560725, "component_segment_count": 3}, "geometry": {"type": "LineString", "coordinates": [[85.0905414770374, 27.863251906964805], [85.09068336211925, 27.863308960095054]]}}, {"type": "Feature", "properties": {"fid": 216, "segment_id": 522, "length_m": 380.1903889558505, "length_km": 0.3801903889558505, "highway": "path", "name": null, "name_en": null, "name_ne": null, "surface": null, "smoothness": null, "lanes": null, "oneway": null, "bridge": null, "layer": null, "source": null, "adm0_name": "Nepal", "adm1_name": "Bagmati", "adm2_name": "Nuwakot", "adm3_name": "Bidur", "adm4_name": null, "source_feature_count": 1, "source_fids": "564", "source_ids": "way/340488826", "source_highways": "path", "source_names": "", "source_adm1": "Bagmati", "source_adm2": "Nuwakot", "source_adm3": "Bidur", "source_adm4": "", "attribute_confidence": "high", "start_degree": 3, "end_degree": 1, "topology_role": "dead_end_link", "dangle_flag": true, "short_dangle_flag": false, "component_id": 95, "component_length_km": 24.250362572419977, "component_segment_count": 113}, "geometry": {"type": "LineString", "coordinates": [[85.088240921427, 27.859146565947796], [85.0882609, 27.85915899999999], [85.0883311, 27.8592713], [85.0883746, 27.8594309], [85.0883746, 27.8595669], [85.0883479, 27.8597354], [85.0884486, 27.8598714], [85.0884981, 27.8599836], [85.0887455, 27.8601453], [85.0887966, 27.860151799999997], [85.0889241, 27.860168100000003], [85.0889908, 27.860221399999997], [85.0889585, 27.860265099999996], [85.0889026, 27.860388800000003], [85.0888961, 27.860512399999998], [85.0889929, 27.860693099999995], [85.0891457, 27.8608434], [85.0890613, 27.8609597], [85.08893180000001, 27.861089399999994], [85.08884, 27.8612628], [85.0887719, 27.8614088], [85.0887626, 27.86151], [85.0887719, 27.861559299999996], [85.0888348, 27.8615976], [85.0889339, 27.861615], [85.0889834, 27.8616524], [85.0890072, 27.8617482]]}}, {"type": "Feature", "properties": {"fid": 217, "segment_id": 523, "length_m": 101.86005697020256, "length_km": 0.10186005697020256, "highway": "primary", "name": "Pasang Lhamu Highway", "name_en": null, "name_ne": null, "surface": null, "smoothness": null, "lanes": null, "oneway": null, "bridge": null, "layer": null, "source": null, "adm0_name": "Nepal", "adm1_name": "Bagmati", "adm2_name": "Nuwakot", "adm3_name": "Bidur", "adm4_name": null, "source_feature_count": 1, "source_fids": "864", "source_ids": "way/168199208", "source_highways": "primary", "source_names": "Pasang Lhamu Highway", "source_adm1": "Bagmati", "source_adm2": "Nuwakot", "source_adm3": "Bidur", "source_adm4": "", "attribute_confidence": "high", "start_degree": 3, "end_degree": 3, "topology_role": "intersection_to_intersection", "dangle_flag": false, "short_dangle_flag": false, "component_id": 95, "component_length_km": 24.250362572419977, "component_segment_count": 113}, "geometry": {"type": "LineString", "coordinates": [[85.0889858, 27.855409799999997], [85.0887766, 27.855208100000002], [85.08845440697363, 27.854886908624394]]}}, {"type": "Feature", "properties": {"fid": 218, "segment_id": 527, "length_m": 270.88158120563395, "length_km": 0.27088158120563394, "highway": "primary", "name": "Pasang Lhamu Highway", "name_en": null, "name_ne": null, "surface": null, "smoothness": null, "lanes": null, "oneway": null, "bridge": null, "layer": null, "source": null, "adm0_name": "Nepal", "adm1_name": "Bagmati", "adm2_name": "Nuwakot", "adm3_name": "Bidur", "adm4_name": null, "source_feature_count": 1, "source_fids": "864", "source_ids": "way/168199208", "source_highways": "primary", "source_names": "Pasang Lhamu Highway", "source_adm1": "Bagmati", "source_adm2": "Nuwakot", "source_adm3": "Bidur", "source_adm4": "", "attribute_confidence": "high", "start_degree": 3, "end_degree": 3, "topology_role": "intersection_to_intersection", "dangle_flag": false, "short_dangle_flag": false, "component_id": 95, "component_length_km": 24.250362572419977, "component_segment_count": 113}, "geometry": {"type": "MultiLineString", "coordinates": [[[85.0906528, 27.8572678], [85.090647, 27.857227699999996], [85.0906571, 27.857138800000005], [85.09063891320358, 27.85710885905775]], [[85.09049456968907, 27.856940796831424], [85.0902935, 27.856749200000003], [85.0900622, 27.856580899999997], [85.089907, 27.8563903], [85.0898274, 27.856266500000004], [85.0897331, 27.8560584], [85.0896859, 27.855980999999993], [85.0896359, 27.8559236], [85.0895333, 27.855803999999992], [85.0893104, 27.855633399999995], [85.0890649, 27.855467900000004], [85.0889858, 27.855409799999997]]]}}, {"type": "Feature", "properties": {"fid": 219, "segment_id": 528, "length_m": 116.51620731700397, "length_km": 0.11651620731700398, "highway": "track", "name": null, "name_en": null, "name_ne": null, "surface": null, "smoothness": null, "lanes": null, "oneway": null, "bridge": null, "layer": null, "source": null, "adm0_name": "Nepal", "adm1_name": "Bagmati", "adm2_name": "Nuwakot", "adm3_name": "Bidur", "adm4_name": null, "source_feature_count": 1, "source_fids": "1054", "source_ids": "way/341662984", "source_highways": "track", "source_names": "", "source_adm1": "Bagmati", "source_adm2": "Nuwakot", "source_adm3": "Bidur", "source_adm4": "", "attribute_confidence": "high", "start_degree": 3, "end_degree": 1, "topology_role": "dead_end_link", "dangle_flag": true, "short_dangle_flag": false, "component_id": 95, "component_length_km": 24.250362572419977, "component_segment_count": 113}, "geometry": {"type": "LineString", "coordinates": [[85.0889858, 27.855409799999997], [85.08901835741938, 27.855357836222876]]}}, {"type": "Feature", "properties": {"fid": 220, "segment_id": 530, "length_m": 61.12601247287914, "length_km": 0.06112601247287914, "highway": "primary", "name": "Pasang Lhamu Highway", "name_en": null, "name_ne": null, "surface": null, "smoothness": null, "lanes": null, "oneway": null, "bridge": null, "layer": null, "source": null, "adm0_name": "Nepal", "adm1_name": "Bagmati", "adm2_name": "Nuwakot", "adm3_name": "Bidur", "adm4_name": null, "source_feature_count": 1, "source_fids": "864", "source_ids": "way/168199208", "source_highways": "primary", "source_names": "Pasang Lhamu Highway", "source_adm1": "Bagmati", "source_adm2": "Nuwakot", "source_adm3": "Bidur", "source_adm4": "", "attribute_confidence": "high", "start_degree": 3, "end_degree": 3, "topology_role": "intersection_to_intersection", "dangle_flag": false, "short_dangle_flag": false, "component_id": 95, "component_length_km": 24.250362572419977, "component_segment_count": 113}, "geometry": {"type": "LineString", "coordinates": [[85.0911127, 27.85762369999999], [85.0910578, 27.85755819999999], [85.0908778, 27.857462899999998], [85.0907848, 27.857403799999997], [85.0907314, 27.8573664], [85.0907077, 27.857324899999995], [85.0906528, 27.8572678]]}}, {"type": "Feature", "properties": {"fid": 221, "segment_id": 531, "length_m": 71.73163402592081, "length_km": 0.07173163402592081, "highway": "unclassified", "name": null, "name_en": null, "name_ne": null, "surface": null, "smoothness": null, "lanes": null, "oneway": null, "bridge": null, "layer": null, "source": null, "adm0_name": "Nepal", "adm1_name": "Bagmati", "adm2_name": "Nuwakot", "adm3_name": "Belkotgadhi", "adm4_name": null, "source_feature_count": 1, "source_fids": "1278", "source_ids": "way/340478995", "source_highways": "unclassified", "source_names": "", "source_adm1": "Bagmati", "source_adm2": "Nuwakot", "source_adm3": "Belkotgadhi", "source_adm4": "", "attribute_confidence": "high", "start_degree": 3, "end_degree": 3, "topology_role": "intersection_to_intersection", "dangle_flag": false, "short_dangle_flag": false, "component_id": 95, "component_length_km": 24.250362572419977, "component_segment_count": 113}, "geometry": {"type": "LineString", "coordinates": [[85.0906528, 27.8572678], [85.0907454035571, 27.85714798970914]]}}, {"type": "Feature", "properties": {"fid": 222, "segment_id": 533, "length_m": 82.86148648857817, "length_km": 0.08286148648857816, "highway": "path", "name": null, "name_en": null, "name_ne": null, "surface": null, "smoothness": null, "lanes": null, "oneway": null, "bridge": null, "layer": null, "source": null, "adm0_name": "Nepal", "adm1_name": "Bagmati", "adm2_name": "Nuwakot", "adm3_name": "Bidur", "adm4_name": null, "source_feature_count": 1, "source_fids": "1232", "source_ids": "way/1553138232", "source_highways": "path", "source_names": "", "source_adm1": "Bagmati", "source_adm2": "Nuwakot", "source_adm3": "Bidur", "source_adm4": "", "attribute_confidence": "high", "start_degree": 3, "end_degree": 1, "topology_role": "dead_end_link", "dangle_flag": true, "short_dangle_flag": false, "component_id": 95, "component_length_km": 24.250362572419977, "component_segment_count": 113}, "geometry": {"type": "LineString", "coordinates": [[85.0910999, 27.858141299999996], [85.0912008, 27.8581483], [85.0913081, 27.8581791], [85.0914904, 27.8582763], [85.0915682, 27.858333199999993], [85.0916916, 27.858373499999995], [85.0917882, 27.858420999999996], [85.0918552, 27.8584447]]}}, {"type": "Feature", "properties": {"fid": 223, "segment_id": 534, "length_m": 570.9651718237207, "length_km": 0.5709651718237206, "highway": "primary", "name": "Pasang Lhamu Highway", "name_en": null, "name_ne": null, "surface": null, "smoothness": null, "lanes": null, "oneway": null, "bridge": null, "layer": null, "source": null, "adm0_name": "Nepal", "adm1_name": "Bagmati", "adm2_name": "Nuwakot", "adm3_name": "Bidur", "adm4_name": null, "source_feature_count": 3, "source_fids": "864", "source_ids": "way/168199208", "source_highways": "primary", "source_names": "Pasang Lhamu Highway", "source_adm1": "Bagmati", "source_adm2": "Nuwakot", "source_adm3": "Bidur", "source_adm4": "", "attribute_confidence": "medium", "start_degree": 3, "end_degree": 3, "topology_role": "intersection_to_intersection", "dangle_flag": false, "short_dangle_flag": false, "component_id": 95, "component_length_km": 24.250362572419977, "component_segment_count": 113}, "geometry": {"type": "LineString", "coordinates": [[85.0958424, 27.859229899999995], [85.0955312, 27.859339], [85.0952535, 27.859420900000003], [85.0948879, 27.8594315], [85.0942807, 27.8593877], [85.0937076, 27.859438899999997], [85.09338680000002, 27.859521799999996], [85.0929738, 27.859538600000004], [85.09211930000001, 27.859383700000002], [85.0919427, 27.859327099999998], [85.0918029, 27.859272999999998], [85.091451, 27.859136699999993], [85.0913394, 27.8590274], [85.0912181, 27.8589475], [85.0911525, 27.858825300000003], [85.0910557, 27.858707999999996], [85.0910488, 27.858399299999995], [85.0910999, 27.858141299999996]]}}, {"type": "Feature", "properties": {"fid": 224, "segment_id": 535, "length_m": 57.37605564187689, "length_km": 0.05737605564187689, "highway": "primary", "name": "Pasang Lhamu Highway", "name_en": null, "name_ne": null, "surface": null, "smoothness": null, "lanes": null, "oneway": null, "bridge": null, "layer": null, "source": null, "adm0_name": "Nepal", "adm1_name": "Bagmati", "adm2_name": "Nuwakot", "adm3_name": "Bidur", "adm4_name": null, "source_feature_count": 1, "source_fids": "864", "source_ids": "way/168199208", "source_highways": "primary", "source_names": "Pasang Lhamu Highway", "source_adm1": "Bagmati", "source_adm2": "Nuwakot", "source_adm3": "Bidur", "source_adm4": "", "attribute_confidence": "high", "start_degree": 3, "end_degree": 3, "topology_role": "intersection_to_intersection", "dangle_flag": false, "short_dangle_flag": false, "component_id": 95, "component_length_km": 24.250362572419977, "component_segment_count": 113}, "geometry": {"type": "LineString", "coordinates": [[85.0910999, 27.858141299999996], [85.0911071, 27.857780899999998], [85.0911127, 27.85762369999999]]}}, {"type": "Feature", "properties": {"fid": 225, "segment_id": 536, "length_m": 26.793130719925024, "length_km": 0.026793130719925024, "highway": "track", "name": null, "name_en": null, "name_ne": null, "surface": null, "smoothness": null, "lanes": null, "oneway": null, "bridge": null, "layer": null, "source": null, "adm0_name": "Nepal", "adm1_name": "Bagmati", "adm2_name": "Nuwakot", "adm3_name": "Bidur", "adm4_name": null, "source_feature_count": 1, "source_fids": "534", "source_ids": "way/341643916", "source_highways": "track", "source_names": "", "source_adm1": "Bagmati", "source_adm2": "Nuwakot", "source_adm3": "Bidur", "source_adm4": "", "attribute_confidence": "high", "start_degree": 3, "end_degree": 1, "topology_role": "dead_end_link", "dangle_flag": true, "short_dangle_flag": false, "component_id": 95, "component_length_km": 24.250362572419977, "component_segment_count": 113}, "geometry": {"type": "LineString", "coordinates": [[85.0911127, 27.85762369999999], [85.09117719433809, 27.85754820520752]]}}, {"type": "Feature", "properties": {"fid": 226, "segment_id": 541, "length_m": 156.28185792976194, "length_km": 0.15628185792976193, "highway": "track", "name": null, "name_en": null, "name_ne": null, "surface": null, "smoothness": null, "lanes": null, "oneway": null, "bridge": null, "layer": null, "source": null, "adm0_name": "Nepal", "adm1_name": "Bagmati", "adm2_name": "Nuwakot", "adm3_name": "Bidur", "adm4_name": null, "source_feature_count": 1, "source_fids": "533", "source_ids": "way/340478996", "source_highways": "track", "source_names": "", "source_adm1": "Bagmati", "source_adm2": "Nuwakot", "source_adm3": "Bidur", "source_adm4": "", "attribute_confidence": "high", "start_degree": 3, "end_degree": 1, "topology_role": "dead_end_link", "dangle_flag": true, "short_dangle_flag": false, "component_id": 95, "component_length_km": 24.250362572419977, "component_segment_count": 113}, "geometry": {"type": "LineString", "coordinates": [[85.0958424, 27.859229899999995], [85.0958424, 27.8591419], [85.09581960000001, 27.859029099999997], [85.0958662, 27.858906499999996], [85.09594641072626, 27.85880900850719]]}}, {"type": "Feature", "properties": {"fid": 227, "segment_id": 542, "length_m": 216.56437492696915, "length_km": 0.21656437492696914, "highway": "primary", "name": "Pasang Lhamu Highway", "name_en": null, "name_ne": null, "surface": null, "smoothness": null, "lanes": null, "oneway": null, "bridge": null, "layer": null, "source": null, "adm0_name": "Nepal", "adm1_name": "Bagmati", "adm2_name": "Nuwakot", "adm3_name": "Bidur", "adm4_name": null, "source_feature_count": 1, "source_fids": "864", "source_ids": "way/168199208", "source_highways": "primary", "source_names": "Pasang Lhamu Highway", "source_adm1": "Bagmati", "source_adm2": "Nuwakot", "source_adm3": "Bidur", "source_adm4": "", "attribute_confidence": "high", "start_degree": 3, "end_degree": 3, "topology_role": "intersection_to_intersection", "dangle_flag": false, "short_dangle_flag": false, "component_id": 95, "component_length_km": 24.250362572419977, "component_segment_count": 113}, "geometry": {"type": "LineString", "coordinates": [[85.0979221, 27.858595700000002], [85.0971381, 27.8588271], [85.0958424, 27.859229899999995]]}}, {"type": "Feature", "properties": {"fid": 228, "segment_id": 543, "length_m": 273.77964160446874, "length_km": 0.2737796416044687, "highway": "path", "name": null, "name_en": null, "name_ne": null, "surface": null, "smoothness": null, "lanes": null, "oneway": null, "bridge": null, "layer": null, "source": null, "adm0_name": "Nepal", "adm1_name": "Bagmati", "adm2_name": "Nuwakot", "adm3_name": "Bidur", "adm4_name": null, "source_feature_count": 2, "source_fids": "42", "source_ids": "way/340488821", "source_highways": "path", "source_names": "", "source_adm1": "Bagmati", "source_adm2": "Nuwakot", "source_adm3": "Bidur", "source_adm4": "", "attribute_confidence": "medium", "start_degree": 1, "end_degree": 3, "topology_role": "dead_end_link", "dangle_flag": true, "short_dangle_flag": false, "component_id": 95, "component_length_km": 24.250362572419977, "component_segment_count": 113}, "geometry": {"type": "LineString", "coordinates": [[85.09760319430436, 27.86086623109211], [85.09780480000002, 27.8607327], [85.0982737, 27.860572699999995], [85.0991726, 27.8602551]]}}, {"type": "Feature", "properties": {"fid": 229, "segment_id": 544, "length_m": 187.7769814426863, "length_km": 0.18777698144268629, "highway": "track", "name": null, "name_en": null, "name_ne": null, "surface": null, "smoothness": null, "lanes": null, "oneway": null, "bridge": null, "layer": null, "source": null, "adm0_name": "Nepal", "adm1_name": "Bagmati", "adm2_name": "Nuwakot", "adm3_name": "Bidur", "adm4_name": null, "source_feature_count": 1, "source_fids": "81", "source_ids": "way/340551143", "source_highways": "track", "source_names": "", "source_adm1": "Bagmati", "source_adm2": "Nuwakot", "source_adm3": "Bidur", "source_adm4": "", "attribute_confidence": "high", "start_degree": 1, "end_degree": 3, "topology_role": "dead_end_link", "dangle_flag": true, "short_dangle_flag": false, "component_id": 95, "component_length_km": 24.250362572419977, "component_segment_count": 113}, "geometry": {"type": "LineString", "coordinates": [[85.09781987711061, 27.85805001003374], [85.0978186, 27.858104499999996], [85.097834, 27.858224299999996], [85.0978833, 27.8583061], [85.097948, 27.8584232], [85.0979221, 27.858595700000002]]}}, {"type": "Feature", "properties": {"fid": 230, "segment_id": 545, "length_m": 14.283786648672404, "length_km": 0.014283786648672404, "highway": "primary", "name": "Pasang Lhamu Highway", "name_en": null, "name_ne": null, "surface": null, "smoothness": null, "lanes": null, "oneway": null, "bridge": null, "layer": null, "source": null, "adm0_name": "Nepal", "adm1_name": "Bagmati", "adm2_name": "Nuwakot", "adm3_name": "Bidur", "adm4_name": null, "source_feature_count": 1, "source_fids": "864", "source_ids": "way/168199208", "source_highways": "primary", "source_names": "Pasang Lhamu Highway", "source_adm1": "Bagmati", "source_adm2": "Nuwakot", "source_adm3": "Bidur", "source_adm4": "", "attribute_confidence": "high", "start_degree": 3, "end_degree": 3, "topology_role": "intersection_to_intersection", "dangle_flag": false, "short_dangle_flag": false, "component_id": 95, "component_length_km": 24.250362572419977, "component_segment_count": 113}, "geometry": {"type": "LineString", "coordinates": [[85.0980618, 27.858561099999992], [85.0979221, 27.858595700000002]]}}, {"type": "Feature", "properties": {"fid": 231, "segment_id": 546, "length_m": 190.2473571538733, "length_km": 0.1902473571538733, "highway": "track", "name": null, "name_en": null, "name_ne": null, "surface": null, "smoothness": null, "lanes": null, "oneway": null, "bridge": null, "layer": null, "source": null, "adm0_name": "Nepal", "adm1_name": "Bagmati", "adm2_name": "Nuwakot", "adm3_name": "Bidur", "adm4_name": null, "source_feature_count": 1, "source_fids": "1049", "source_ids": "way/340562865", "source_highways": "track", "source_names": "", "source_adm1": "Bagmati", "source_adm2": "Nuwakot", "source_adm3": "Bidur", "source_adm4": "", "attribute_confidence": "high", "start_degree": 3, "end_degree": 1, "topology_role": "dead_end_link", "dangle_flag": true, "short_dangle_flag": false, "component_id": 95, "component_length_km": 24.250362572419977, "component_segment_count": 113}, "geometry": {"type": "LineString", "coordinates": [[85.0980618, 27.858561099999992], [85.0981619, 27.858477700000005], [85.0982244, 27.858462599999996], [85.0984188, 27.8584157], [85.098741, 27.858300099999997], [85.0988718, 27.858188699999996], [85.09886389244515, 27.858164186593214]]}}, {"type": "Feature", "properties": {"fid": 232, "segment_id": 547, "length_m": 23.454166682149747, "length_km": 0.02345416668214975, "highway": "primary", "name": "Pasang Lhamu Highway", "name_en": null, "name_ne": null, "surface": null, "smoothness": null, "lanes": null, "oneway": null, "bridge": null, "layer": null, "source": null, "adm0_name": "Nepal", "adm1_name": "Bagmati", "adm2_name": "Nuwakot", "adm3_name": "Bidur", "adm4_name": null, "source_feature_count": 1, "source_fids": "864", "source_ids": "way/168199208", "source_highways": "primary", "source_names": "Pasang Lhamu Highway", "source_adm1": "Bagmati", "source_adm2": "Nuwakot", "source_adm3": "Bidur", "source_adm4": "", "attribute_confidence": "high", "start_degree": 3, "end_degree": 3, "topology_role": "intersection_to_intersection", "dangle_flag": false, "short_dangle_flag": false, "component_id": 95, "component_length_km": 24.250362572419977, "component_segment_count": 113}, "geometry": {"type": "LineString", "coordinates": [[85.0982968, 27.858526899999998], [85.0980618, 27.858561099999992]]}}, {"type": "Feature", "properties": {"fid": 233, "segment_id": 548, "length_m": 210.28394004453915, "length_km": 0.21028394004453915, "highway": "road", "name": null, "name_en": null, "name_ne": null, "surface": null, "smoothness": null, "lanes": null, "oneway": null, "bridge": "yes", "layer": "1", "source": null, "adm0_name": "Nepal", "adm1_name": "Bagmati", "adm2_name": "Nuwakot", "adm3_name": "Bidur", "adm4_name": null, "source_feature_count": 1, "source_fids": "927", "source_ids": "way/1553053157", "source_highways": "road", "source_names": "", "source_adm1": "Bagmati", "source_adm2": "Nuwakot", "source_adm3": "Bidur", "source_adm4": "", "attribute_confidence": "high", "start_degree": 3, "end_degree": 3, "topology_role": "intersection_to_intersection", "dangle_flag": false, "short_dangle_flag": false, "component_id": 95, "component_length_km": 24.250362572419977, "component_segment_count": 113}, "geometry": {"type": "LineString", "coordinates": [[85.0991726, 27.8602551], [85.0990391, 27.8599522], [85.0988846, 27.8596072], [85.0986203, 27.859068100000002], [85.0982968, 27.858526899999998]]}}, {"type": "Feature", "properties": {"fid": 234, "segment_id": 549, "length_m": 399.3186933947756, "length_km": 0.3993186933947756, "highway": "primary", "name": "Pasang Lhamu Highway", "name_en": null, "name_ne": null, "surface": null, "smoothness": null, "lanes": null, "oneway": null, "bridge": null, "layer": null, "source": null, "adm0_name": "Nepal", "adm1_name": "Bagmati", "adm2_name": "Nuwakot", "adm3_name": "Bidur", "adm4_name": null, "source_feature_count": 2, "source_fids": "864", "source_ids": "way/168199208", "source_highways": "primary", "source_names": "Pasang Lhamu Highway", "source_adm1": "Bagmati", "source_adm2": "Nuwakot", "source_adm3": "Bidur", "source_adm4": "", "attribute_confidence": "high", "start_degree": 3, "end_degree": 3, "topology_role": "intersection_to_intersection", "dangle_flag": false, "short_dangle_flag": false, "component_id": 95, "component_length_km": 24.250362572419977, "component_segment_count": 113}, "geometry": {"type": "LineString", "coordinates": [[85.10136398330333, 27.85774915509476], [85.1013374, 27.857763400000003], [85.1012051, 27.857777600000002], [85.1007862, 27.8578227], [85.1001465, 27.858039699999992], [85.0986713, 27.858472399999997], [85.0982968, 27.858526899999998]]}}, {"type": "Feature", "properties": {"fid": 235, "segment_id": 550, "length_m": 204.79402863420742, "length_km": 0.20479402863420743, "highway": "path", "name": null, "name_en": null, "name_ne": null, "surface": null, "smoothness": null, "lanes": null, "oneway": null, "bridge": null, "layer": null, "source": null, "adm0_name": "Nepal", "adm1_name": "Bagmati", "adm2_name": "Nuwakot", "adm3_name": "Bidur", "adm4_name": null, "source_feature_count": 1, "source_fids": "1272", "source_ids": "way/341263444", "source_highways": "path", "source_names": "", "source_adm1": "Bagmati", "source_adm2": "Nuwakot", "source_adm3": "Bidur", "source_adm4": "", "attribute_confidence": "high", "start_degree": 3, "end_degree": 3, "topology_role": "intersection_to_intersection", "dangle_flag": false, "short_dangle_flag": false, "component_id": 95, "component_length_km": 24.250362572419977, "component_segment_count": 113}, "geometry": {"type": "LineString", "coordinates": [[85.0991726, 27.8602551], [85.0995081, 27.8601916], [85.09970187913481, 27.86020025054012]]}}, {"type": "Feature", "properties": {"fid": 236, "segment_id": 554, "length_m": 738.9908469462954, "length_km": 0.7389908469462954, "highway": "primary", "name": "Pasang Lhamu Highway", "name_en": null, "name_ne": null, "surface": null, "smoothness": null, "lanes": null, "oneway": null, "bridge": null, "layer": null, "source": null, "adm0_name": "Nepal", "adm1_name": "Bagmati", "adm2_name": "Nuwakot", "adm3_name": "Bidur", "adm4_name": null, "source_feature_count": 2, "source_fids": "864", "source_ids": "way/168199208", "source_highways": "primary", "source_names": "Pasang Lhamu Highway", "source_adm1": "Bagmati", "source_adm2": "Nuwakot", "source_adm3": "Bidur", "source_adm4": "", "attribute_confidence": "high", "start_degree": 3, "end_degree": 3, "topology_role": "intersection_to_intersection", "dangle_flag": false, "short_dangle_flag": false, "component_id": 95, "component_length_km": 24.250362572419977, "component_segment_count": 113}, "geometry": {"type": "LineString", "coordinates": [[85.1089803, 27.858359799999995], [85.1089388, 27.8583384], [85.1088905, 27.858339599999997], [85.1088167, 27.8583728], [85.1087591, 27.858410800000005], [85.1086612, 27.858443999999995], [85.1085324, 27.858461799999997], [85.1083983, 27.858460599999997], [85.1082803, 27.858428599999993], [85.1080711, 27.8583681], [85.10774790000002, 27.858269699999994], [85.1065503, 27.858091799999997], [85.10594942048371, 27.857979527908856]]}}, {"type": "Feature", "properties": {"fid": 237, "segment_id": 555, "length_m": 316.7180074280829, "length_km": 0.3167180074280829, "highway": "residential", "name": null, "name_en": null, "name_ne": null, "surface": null, "smoothness": null, "lanes": null, "oneway": null, "bridge": null, "layer": null, "source": null, "adm0_name": "Nepal", "adm1_name": "Bagmati", "adm2_name": "Nuwakot", "adm3_name": "Bidur", "adm4_name": null, "source_feature_count": 3, "source_fids": "50", "source_ids": "way/341043244", "source_highways": "residential", "source_names": "", "source_adm1": "Bagmati", "source_adm2": "Nuwakot", "source_adm3": "Bidur", "source_adm4": "", "attribute_confidence": "medium", "start_degree": 3, "end_degree": 1, "topology_role": "dead_end_link", "dangle_flag": true, "short_dangle_flag": false, "component_id": 95, "component_length_km": 24.250362572419977, "component_segment_count": 113}, "geometry": {"type": "LineString", "coordinates": [[85.1076449, 27.860983899999997], [85.1075116, 27.8607693], [85.1074563, 27.860687899999995], [85.1073725, 27.860611499999997], [85.1071976, 27.860476299999995], [85.1068496, 27.8601956], [85.1067286, 27.8600816], [85.10664880000002, 27.86008779999999], [85.1065889, 27.860113499999997], [85.1065036, 27.860143399999995], [85.10649176010669, 27.860143699327235]]}}, {"type": "Feature", "properties": {"fid": 238, "segment_id": 557, "length_m": 221.4100328756465, "length_km": 0.2214100328756465, "highway": "unclassified", "name": null, "name_en": null, "name_ne": null, "surface": null, "smoothness": null, "lanes": null, "oneway": null, "bridge": null, "layer": null, "source": null, "adm0_name": "Nepal", "adm1_name": "Bagmati", "adm2_name": "Nuwakot", "adm3_name": "Bidur", "adm4_name": null, "source_feature_count": 1, "source_fids": "1036", "source_ids": "way/517393195", "source_highways": "unclassified", "source_names": "", "source_adm1": "Bagmati", "source_adm2": "Nuwakot", "source_adm3": "Bidur", "source_adm4": "", "attribute_confidence": "high", "start_degree": 3, "end_degree": 3, "topology_role": "intersection_to_intersection", "dangle_flag": false, "short_dangle_flag": false, "component_id": 95, "component_length_km": 24.250362572419977, "component_segment_count": 113}, "geometry": {"type": "LineString", "coordinates": [[85.1076449, 27.860983899999997], [85.1079198, 27.861333299999995], [85.1080698, 27.8615986], [85.1080363, 27.861970199999995], [85.10803452524986, 27.86211599280014]]}}, {"type": "Feature", "properties": {"fid": 239, "segment_id": 558, "length_m": 138.4653012431046, "length_km": 0.13846530124310458, "highway": "path", "name": null, "name_en": null, "name_ne": null, "surface": null, "smoothness": null, "lanes": null, "oneway": null, "bridge": "yes", "layer": "1", "source": null, "adm0_name": "Nepal", "adm1_name": "Bagmati", "adm2_name": "Nuwakot", "adm3_name": "Bidur", "adm4_name": null, "source_feature_count": 1, "source_fids": "1030", "source_ids": "way/303036281", "source_highways": "path", "source_names": "", "source_adm1": "Bagmati", "source_adm2": "Nuwakot", "source_adm3": "Bidur", "source_adm4": "", "attribute_confidence": "high", "start_degree": 3, "end_degree": 3, "topology_role": "intersection_to_intersection", "dangle_flag": false, "short_dangle_flag": false, "component_id": 95, "component_length_km": 24.250362572419977, "component_segment_count": 113}, "geometry": {"type": "LineString", "coordinates": [[85.1086664, 27.860160899999993], [85.1085168, 27.860235600000003], [85.1084038, 27.860259799999998], [85.1077996, 27.8607793], [85.1076449, 27.860983899999997]]}}, {"type": "Feature", "properties": {"fid": 240, "segment_id": 560, "length_m": 334.6676631249072, "length_km": 0.3346676631249072, "highway": "residential", "name": null, "name_en": null, "name_ne": null, "surface": null, "smoothness": null, "lanes": null, "oneway": null, "bridge": null, "layer": null, "source": null, "adm0_name": "Nepal", "adm1_name": "Bagmati", "adm2_name": "Nuwakot", "adm3_name": "Bidur", "adm4_name": null, "source_feature_count": 2, "source_fids": "1010", "source_ids": "way/340619594", "source_highways": "residential", "source_names": "", "source_adm1": "Bagmati", "source_adm2": "Nuwakot", "source_adm3": "Bidur", "source_adm4": "", "attribute_confidence": "medium", "start_degree": 3, "end_degree": 3, "topology_role": "intersection_to_intersection", "dangle_flag": false, "short_dangle_flag": false, "component_id": 95, "component_length_km": 24.250362572419977, "component_segment_count": 113}, "geometry": {"type": "LineString", "coordinates": [[85.1086664, 27.860160899999993], [85.1091245, 27.860469999999996], [85.1097627, 27.860957099999997], [85.1099366, 27.861075499999995], [85.1100118, 27.861126699999996], [85.110264, 27.86130869999999], [85.1105372, 27.8615057], [85.1106633, 27.861613399999996], [85.1107558, 27.861743499999996], [85.1109029, 27.861888399999998], [85.1110962, 27.861936699999998], [85.111308, 27.8619977]]}}, {"type": "Feature", "properties": {"fid": 241, "segment_id": 561, "length_m": 196.94405032457792, "length_km": 0.1969440503245779, "highway": "residential", "name": null, "name_en": null, "name_ne": null, "surface": null, "smoothness": null, "lanes": null, "oneway": null, "bridge": null, "layer": null, "source": null, "adm0_name": "Nepal", "adm1_name": "Bagmati", "adm2_name": "Nuwakot", "adm3_name": "Bidur", "adm4_name": null, "source_feature_count": 1, "source_fids": "1028", "source_ids": "way/340471993", "source_highways": "residential", "source_names": "", "source_adm1": "Bagmati", "source_adm2": "Nuwakot", "source_adm3": "Bidur", "source_adm4": "", "attribute_confidence": "high", "start_degree": 4, "end_degree": 3, "topology_role": "intersection_to_intersection", "dangle_flag": false, "short_dangle_flag": false, "component_id": 95, "component_length_km": 24.250362572419977, "component_segment_count": 113}, "geometry": {"type": "LineString", "coordinates": [[85.10931710000001, 27.858880599999996], [85.1089883, 27.859063000000003], [85.1086905, 27.859226599999996], [85.1085698, 27.8593689], [85.1085511, 27.859530099999997], [85.1085291, 27.859671299999995], [85.1084169, 27.8597815], [85.108374, 27.859806], [85.1083821, 27.859847899999995], [85.1086664, 27.860160899999993]]}}, {"type": "Feature", "properties": {"fid": 242, "segment_id": 562, "length_m": 66.57903584266994, "length_km": 0.06657903584266994, "highway": "primary", "name": "devighat-Tadi bridge", "name_en": null, "name_ne": null, "surface": null, "smoothness": null, "lanes": null, "oneway": null, "bridge": "yes", "layer": "1", "source": null, "adm0_name": "Nepal", "adm1_name": "Bagmati", "adm2_name": "Nuwakot", "adm3_name": "Bidur", "adm4_name": null, "source_feature_count": 1, "source_fids": "1048", "source_ids": "way/168199206", "source_highways": "primary", "source_names": "devighat-Tadi bridge", "source_adm1": "Bagmati", "source_adm2": "Nuwakot", "source_adm3": "Bidur", "source_adm4": "", "attribute_confidence": "high", "start_degree": 3, "end_degree": 4, "topology_role": "intersection_to_intersection", "dangle_flag": false, "short_dangle_flag": false, "component_id": 95, "component_length_km": 24.250362572419977, "component_segment_count": 113}, "geometry": {"type": "LineString", "coordinates": [[85.1089803, 27.858359799999995], [85.1092913, 27.8588349], [85.10931710000001, 27.858880599999996]]}}, {"type": "Feature", "properties": {"fid": 243, "segment_id": 563, "length_m": 522.606579044633, "length_km": 0.522606579044633, "highway": "unclassified", "name": null, "name_en": null, "name_ne": null, "surface": null, "smoothness": null, "lanes": null, "oneway": null, "bridge": null, "layer": null, "source": "Bing", "adm0_name": "Nepal", "adm1_name": "Bagmati", "adm2_name": "Nuwakot", "adm3_name": "Belkotgadhi", "adm4_name": null, "source_feature_count": 1, "source_fids": "1291", "source_ids": "way/340584776", "source_highways": "unclassified", "source_names": "", "source_adm1": "Bagmati", "source_adm2": "Nuwakot", "source_adm3": "Belkotgadhi", "source_adm4": "", "attribute_confidence": "high", "start_degree": 3, "end_degree": 1, "topology_role": "dead_end_link", "dangle_flag": true, "short_dangle_flag": false, "component_id": 95, "component_length_km": 24.250362572419977, "component_segment_count": 113}, "geometry": {"type": "MultiLineString", "coordinates": [[[85.1089803, 27.858359799999995], [85.1093249, 27.858162499999995], [85.1095824, 27.858143500000004], [85.1100115, 27.857972799999995], [85.1105265, 27.857896899999997], [85.11057380974141, 27.857900955175758]], [[85.11092267512812, 27.85793119783865], [85.1113205, 27.857969499999996], [85.1117185, 27.857932], [85.1119105, 27.857888299999992], [85.1121891, 27.8576345], [85.11243471807808, 27.857289360765787]]]}}, {"type": "Feature", "properties": {"fid": 244, "segment_id": 564, "length_m": 510.2538133846429, "length_km": 0.5102538133846429, "highway": "primary", "name": "Devighat Path", "name_en": null, "name_ne": null, "surface": null, "smoothness": null, "lanes": null, "oneway": null, "bridge": null, "layer": null, "source": null, "adm0_name": "Nepal", "adm1_name": "Bagmati", "adm2_name": "Nuwakot", "adm3_name": "Bidur", "adm4_name": null, "source_feature_count": 2, "source_fids": "375", "source_ids": "way/209007487", "source_highways": "primary", "source_names": "Devighat Path", "source_adm1": "Bagmati", "source_adm2": "Nuwakot", "source_adm3": "Bidur", "source_adm4": "", "attribute_confidence": "medium", "start_degree": 4, "end_degree": 4, "topology_role": "intersection_to_intersection", "dangle_flag": false, "short_dangle_flag": false, "component_id": 95, "component_length_km": 24.250362572419977, "component_segment_count": 113}, "geometry": {"type": "LineString", "coordinates": [[85.1125713, 27.86243079999999], [85.1125444, 27.862402299999996], [85.1125257, 27.8623822], [85.1121946, 27.86204289999999], [85.1113307, 27.861197699999998], [85.1111537, 27.860986699999994], [85.1105073, 27.8600595], [85.1104402, 27.859959899999996], [85.11014, 27.8595643], [85.11, 27.8594319], [85.109845, 27.8593093], [85.1095793, 27.859118100000003], [85.1094183, 27.858980599999995], [85.10931710000001, 27.858880599999996]]}}, {"type": "Feature", "properties": {"fid": 245, "segment_id": 565, "length_m": 217.60198666778754, "length_km": 0.21760198666778754, "highway": "residential", "name": null, "name_en": null, "name_ne": null, "surface": null, "smoothness": null, "lanes": null, "oneway": null, "bridge": null, "layer": null, "source": null, "adm0_name": "Nepal", "adm1_name": "Bagmati", "adm2_name": "Nuwakot", "adm3_name": "Bidur", "adm4_name": null, "source_feature_count": 1, "source_fids": "1044", "source_ids": "way/340615867", "source_highways": "residential", "source_names": "", "source_adm1": "Bagmati", "source_adm2": "Nuwakot", "source_adm3": "Bidur", "source_adm4": "", "attribute_confidence": "high", "start_degree": 4, "end_degree": 3, "topology_role": "intersection_to_intersection", "dangle_flag": false, "short_dangle_flag": false, "component_id": 95, "component_length_km": 24.250362572419977, "component_segment_count": 113}, "geometry": {"type": "LineString", "coordinates": [[85.10931710000001, 27.858880599999996], [85.109619, 27.858799199999996], [85.1097338, 27.858782], [85.1099477, 27.858785999999995], [85.1101392, 27.858817499999997], [85.11030850000002, 27.858876499999997], [85.1104244, 27.8589986], [85.1105446, 27.85912069999999], [85.1106382, 27.8592074], [85.1107362, 27.8593452], [85.1108119, 27.8594673], [85.1108699, 27.859593399999998], [85.1109501, 27.8597115], [85.11098160000002, 27.8597343]]}}, {"type": "Feature", "properties": {"fid": 246, "segment_id": 566, "length_m": 345.1790478578223, "length_km": 0.3451790478578223, "highway": "residential", "name": null, "name_en": null, "name_ne": null, "surface": null, "smoothness": null, "lanes": null, "oneway": null, "bridge": null, "layer": null, "source": null, "adm0_name": "Nepal", "adm1_name": "Bagmati", "adm2_name": "Nuwakot", "adm3_name": "Bidur", "adm4_name": null, "source_feature_count": 1, "source_fids": "1044", "source_ids": "way/340615867", "source_highways": "residential", "source_names": "", "source_adm1": "Bagmati", "source_adm2": "Nuwakot", "source_adm3": "Bidur", "source_adm4": "", "attribute_confidence": "high", "start_degree": 3, "end_degree": 4, "topology_role": "intersection_to_intersection", "dangle_flag": false, "short_dangle_flag": false, "component_id": 95, "component_length_km": 24.250362572419977, "component_segment_count": 113}, "geometry": {"type": "MultiLineString", "coordinates": [[[85.11098160000002, 27.8597343], [85.1110971, 27.859817899999992], [85.1112307, 27.8599597], [85.11134, 27.860123400000003], [85.1115039, 27.860350099999998], [85.1117057, 27.860669599999998], [85.111899, 27.8609818], [85.1119704, 27.861096899999996], [85.11200283850548, 27.86114015569658]], [[85.11257785265349, 27.862081037123467], [85.1126093, 27.8622674], [85.1125713, 27.86243079999999]]]}}, {"type": "Feature", "properties": {"fid": 247, "segment_id": 567, "length_m": 143.5142659187755, "length_km": 0.1435142659187755, "highway": "track", "name": null, "name_en": null, "name_ne": null, "surface": null, "smoothness": null, "lanes": null, "oneway": null, "bridge": null, "layer": null, "source": null, "adm0_name": "Nepal", "adm1_name": "Bagmati", "adm2_name": "Nuwakot", "adm3_name": "Belkotgadhi", "adm4_name": null, "source_feature_count": 1, "source_fids": "1045", "source_ids": "way/922787844", "source_highways": "track", "source_names": "", "source_adm1": "Bagmati", "source_adm2": "Nuwakot", "source_adm3": "Belkotgadhi", "source_adm4": "", "attribute_confidence": "high", "start_degree": 1, "end_degree": 3, "topology_role": "dead_end_link", "dangle_flag": true, "short_dangle_flag": false, "component_id": 95, "component_length_km": 24.250362572419977, "component_segment_count": 113}, "geometry": {"type": "LineString", "coordinates": [[85.11156094884254, 27.859332441535265], [85.1114043, 27.859261999999998], [85.11130870000001, 27.8592182], [85.1111707, 27.859237000000004], [85.1111707, 27.859305800000005], [85.1111212, 27.8594497], [85.1111035, 27.859506100000004], [85.1110539, 27.859571799999994], [85.1109938, 27.859634299999996], [85.11098160000002, 27.8597343]]}}, {"type": "Feature", "properties": {"fid": 248, "segment_id": 568, "length_m": 143.9766694547004, "length_km": 0.14397666945470042, "highway": "residential", "name": null, "name_en": null, "name_ne": null, "surface": null, "smoothness": null, "lanes": null, "oneway": null, "bridge": null, "layer": null, "source": null, "adm0_name": "Nepal", "adm1_name": "Bagmati", "adm2_name": "Nuwakot", "adm3_name": "Bidur", "adm4_name": null, "source_feature_count": 1, "source_fids": "1010", "source_ids": "way/340619594", "source_highways": "residential", "source_names": "", "source_adm1": "Bagmati", "source_adm2": "Nuwakot", "source_adm3": "Bidur", "source_adm4": "", "attribute_confidence": "high", "start_degree": 3, "end_degree": 4, "topology_role": "intersection_to_intersection", "dangle_flag": false, "short_dangle_flag": false, "component_id": 95, "component_length_km": 24.250362572419977, "component_segment_count": 113}, "geometry": {"type": "LineString", "coordinates": [[85.111308, 27.8619977], [85.1114577, 27.862040799999992], [85.1119489, 27.86223429999999], [85.1124112, 27.862477299999988], [85.11253480000002, 27.862513500000002], [85.1125713, 27.86243079999999]]}}, {"type": "Feature", "properties": {"fid": 249, "segment_id": 569, "length_m": 249.93316240310054, "length_km": 0.24993316240310054, "highway": "unclassified", "name": null, "name_en": null, "name_ne": null, "surface": null, "smoothness": null, "lanes": null, "oneway": null, "bridge": null, "layer": null, "source": null, "adm0_name": "Nepal", "adm1_name": "Bagmati", "adm2_name": "Nuwakot", "adm3_name": "Bidur", "adm4_name": null, "source_feature_count": 1, "source_fids": "1276", "source_ids": "way/342320933", "source_highways": "unclassified", "source_names": "", "source_adm1": "Bagmati", "source_adm2": "Nuwakot", "source_adm3": "Bidur", "source_adm4": "", "attribute_confidence": "high", "start_degree": 3, "end_degree": 3, "topology_role": "intersection_to_intersection", "dangle_flag": false, "short_dangle_flag": false, "component_id": 95, "component_length_km": 24.250362572419977, "component_segment_count": 113}, "geometry": {"type": "LineString", "coordinates": [[85.1128063, 27.8637217], [85.1127096, 27.863626200000002], [85.1126751, 27.863511599999995], [85.1121299, 27.8630285], [85.1117161, 27.8626181], [85.1112921, 27.8622273], [85.111308, 27.8619977]]}}, {"type": "Feature", "properties": {"fid": 250, "segment_id": 573, "length_m": 218.24429177209927, "length_km": 0.21824429177209928, "highway": "primary", "name": "Devighat Path", "name_en": null, "name_ne": null, "surface": null, "smoothness": null, "lanes": null, "oneway": null, "bridge": null, "layer": null, "source": null, "adm0_name": "Nepal", "adm1_name": "Bagmati", "adm2_name": "Nuwakot", "adm3_name": "Bidur", "adm4_name": null, "source_feature_count": 1, "source_fids": "375", "source_ids": "way/209007487", "source_highways": "primary", "source_names": "Devighat Path", "source_adm1": "Bagmati", "source_adm2": "Nuwakot", "source_adm3": "Bidur", "source_adm4": "", "attribute_confidence": "high", "start_degree": 3, "end_degree": 4, "topology_role": "intersection_to_intersection", "dangle_flag": false, "short_dangle_flag": false, "component_id": 95, "component_length_km": 24.250362572419977, "component_segment_count": 113}, "geometry": {"type": "LineString", "coordinates": [[85.11281896393349, 27.862580565897435], [85.1125713, 27.86243079999999]]}}, {"type": "Feature", "properties": {"fid": 251, "segment_id": 574, "length_m": 79.14241442773191, "length_km": 0.07914241442773191, "highway": "unclassified", "name": null, "name_en": null, "name_ne": null, "surface": null, "smoothness": null, "lanes": null, "oneway": null, "bridge": null, "layer": null, "source": null, "adm0_name": "Nepal", "adm1_name": "Bagmati", "adm2_name": "Nuwakot", "adm3_name": "Bidur", "adm4_name": null, "source_feature_count": 1, "source_fids": "1276", "source_ids": "way/342320933", "source_highways": "unclassified", "source_names": "", "source_adm1": "Bagmati", "source_adm2": "Nuwakot", "source_adm3": "Bidur", "source_adm4": "", "attribute_confidence": "high", "start_degree": 5, "end_degree": 3, "topology_role": "intersection_to_intersection", "dangle_flag": false, "short_dangle_flag": false, "component_id": 95, "component_length_km": 24.250362572419977, "component_segment_count": 113}, "geometry": {"type": "LineString", "coordinates": [[85.11312409832033, 27.86396418035364], [85.1128063, 27.8637217]]}}, {"type": "Feature", "properties": {"fid": 252, "segment_id": 575, "length_m": 78.77981057062617, "length_km": 0.07877981057062616, "highway": "path", "name": null, "name_en": null, "name_ne": null, "surface": null, "smoothness": null, "lanes": null, "oneway": null, "bridge": null, "layer": null, "source": null, "adm0_name": "Nepal", "adm1_name": "Bagmati", "adm2_name": "Nuwakot", "adm3_name": "Bidur", "adm4_name": null, "source_feature_count": 1, "source_fids": "483", "source_ids": "way/1553120680", "source_highways": "path", "source_names": "", "source_adm1": "Bagmati", "source_adm2": "Nuwakot", "source_adm3": "Bidur", "source_adm4": "", "attribute_confidence": "high", "start_degree": 4, "end_degree": 3, "topology_role": "intersection_to_intersection", "dangle_flag": false, "short_dangle_flag": false, "component_id": 95, "component_length_km": 24.250362572419977, "component_segment_count": 113}, "geometry": {"type": "LineString", "coordinates": [[85.1130737, 27.8643738], [85.1129304, 27.8640033], [85.1127916, 27.863813599999997], [85.1128063, 27.8637217]]}}, {"type": "Feature", "properties": {"fid": 253, "segment_id": 576, "length_m": 2.34254995451902, "length_km": 0.00234254995451902, "highway": "path", "name": null, "name_en": null, "name_ne": null, "surface": null, "smoothness": null, "lanes": null, "oneway": null, "bridge": null, "layer": null, "source": null, "adm0_name": "Nepal", "adm1_name": "Bagmati", "adm2_name": "Nuwakot", "adm3_name": "Bidur", "adm4_name": null, "source_feature_count": 1, "source_fids": "483", "source_ids": "way/1553120680", "source_highways": "path", "source_names": "", "source_adm1": "Bagmati", "source_adm2": "Nuwakot", "source_adm3": "Bidur", "source_adm4": "", "attribute_confidence": "high", "start_degree": 3, "end_degree": 4, "topology_role": "intersection_to_intersection", "dangle_flag": false, "short_dangle_flag": false, "component_id": 95, "component_length_km": 24.250362572419977, "component_segment_count": 113}, "geometry": {"type": "LineString", "coordinates": [[85.1130814, 27.8643938], [85.1130737, 27.8643738]]}}, {"type": "Feature", "properties": {"fid": 254, "segment_id": 577, "length_m": 345.64218817870284, "length_km": 0.34564218817870285, "highway": "path", "name": null, "name_en": null, "name_ne": null, "surface": null, "smoothness": null, "lanes": null, "oneway": null, "bridge": null, "layer": null, "source": null, "adm0_name": "Nepal", "adm1_name": "Bagmati", "adm2_name": "Nuwakot", "adm3_name": "Bidur", "adm4_name": null, "source_feature_count": 1, "source_fids": "727", "source_ids": "way/342017037", "source_highways": "path", "source_names": "", "source_adm1": "Bagmati", "source_adm2": "Nuwakot", "source_adm3": "Bidur", "source_adm4": "", "attribute_confidence": "high", "start_degree": 4, "end_degree": 1, "topology_role": "dead_end_link", "dangle_flag": true, "short_dangle_flag": false, "component_id": 95, "component_length_km": 24.250362572419977, "component_segment_count": 113}, "geometry": {"type": "LineString", "coordinates": [[85.1130737, 27.8643738], [85.1129317, 27.8643965], [85.1128371, 27.864547699999996], [85.1128044, 27.8647182], [85.1129352, 27.8651714], [85.1129974, 27.8653786], [85.1130304, 27.8656635], [85.1130817, 27.8658772], [85.1131366, 27.866055299999992], [85.1131952, 27.8663403], [85.1133161, 27.8665896], [85.11336, 27.866813], [85.11350788425993, 27.86708001479512], [85.11355806637599, 27.867261924965785]]}}, {"type": "Feature", "properties": {"fid": 255, "segment_id": 578, "length_m": 1.5010605922623272, "length_km": 0.0015010605922623273, "highway": "path", "name": null, "name_en": null, "name_ne": null, "surface": null, "smoothness": null, "lanes": null, "oneway": null, "bridge": null, "layer": null, "source": null, "adm0_name": "Nepal", "adm1_name": "Bagmati", "adm2_name": "Nuwakot", "adm3_name": "Bidur", "adm4_name": null, "source_feature_count": 1, "source_fids": "727", "source_ids": "way/342017037", "source_highways": "path", "source_names": "", "source_adm1": "Bagmati", "source_adm2": "Nuwakot", "source_adm3": "Bidur", "source_adm4": "", "attribute_confidence": "high", "start_degree": 3, "end_degree": 4, "topology_role": "intersection_to_intersection", "dangle_flag": false, "short_dangle_flag": false, "component_id": 95, "component_length_km": 24.250362572419977, "component_segment_count": 113}, "geometry": {"type": "LineString", "coordinates": [[85.1130887, 27.864371399999996], [85.1130737, 27.8643738]]}}, {"type": "Feature", "properties": {"fid": 256, "segment_id": 579, "length_m": 182.89056791997055, "length_km": 0.18289056791997055, "highway": "path", "name": null, "name_en": null, "name_ne": null, "surface": null, "smoothness": null, "lanes": null, "oneway": null, "bridge": null, "layer": null, "source": null, "adm0_name": "Nepal", "adm1_name": "Bagmati", "adm2_name": "Nuwakot", "adm3_name": "Bidur", "adm4_name": null, "source_feature_count": 1, "source_fids": "1275", "source_ids": "way/341021727", "source_highways": "path", "source_names": "", "source_adm1": "Bagmati", "source_adm2": "Nuwakot", "source_adm3": "Bidur", "source_adm4": "", "attribute_confidence": "high", "start_degree": 3, "end_degree": 1, "topology_role": "dead_end_link", "dangle_flag": true, "short_dangle_flag": false, "component_id": 95, "component_length_km": 24.250362572419977, "component_segment_count": 113}, "geometry": {"type": "LineString", "coordinates": [[85.1130814, 27.8643938], [85.1130283, 27.864719200000003], [85.1130566, 27.86487879999999], [85.1131136, 27.865129699999997], [85.1130884, 27.8652605], [85.1131628, 27.865482699999998], [85.11316288221215, 27.865718824897456], [85.11315660944764, 27.865960326330907], [85.11312838200737, 27.866016781211467]]}}, {"type": "Feature", "properties": {"fid": 257, "segment_id": 580, "length_m": 2.5843891104508567, "length_km": 0.0025843891104508567, "highway": "path", "name": null, "name_en": null, "name_ne": null, "surface": null, "smoothness": null, "lanes": null, "oneway": null, "bridge": null, "layer": null, "source": null, "adm0_name": "Nepal", "adm1_name": "Bagmati", "adm2_name": "Nuwakot", "adm3_name": "Bidur", "adm4_name": null, "source_feature_count": 1, "source_fids": "1275", "source_ids": "way/341021727", "source_highways": "path", "source_names": "", "source_adm1": "Bagmati", "source_adm2": "Nuwakot", "source_adm3": "Bidur", "source_adm4": "", "attribute_confidence": "high", "start_degree": 3, "end_degree": 3, "topology_role": "intersection_to_intersection", "dangle_flag": false, "short_dangle_flag": false, "component_id": 95, "component_length_km": 24.250362572419977, "component_segment_count": 113}, "geometry": {"type": "LineString", "coordinates": [[85.1130887, 27.864371399999996], [85.1130814, 27.8643938]]}}, {"type": "Feature", "properties": {"fid": 258, "segment_id": 581, "length_m": 38.172529031168956, "length_km": 0.03817252903116895, "highway": "path", "name": null, "name_en": null, "name_ne": null, "surface": null, "smoothness": null, "lanes": null, "oneway": null, "bridge": null, "layer": null, "source": null, "adm0_name": "Nepal", "adm1_name": "Bagmati", "adm2_name": "Nuwakot", "adm3_name": "Bidur", "adm4_name": null, "source_feature_count": 1, "source_fids": "1275", "source_ids": "way/341021727", "source_highways": "path", "source_names": "", "source_adm1": "Bagmati", "source_adm2": "Nuwakot", "source_adm3": "Bidur", "source_adm4": "", "attribute_confidence": "high", "start_degree": 5, "end_degree": 3, "topology_role": "intersection_to_intersection", "dangle_flag": false, "short_dangle_flag": false, "component_id": 95, "component_length_km": 24.250362572419977, "component_segment_count": 113}, "geometry": {"type": "LineString", "coordinates": [[85.11333171654938, 27.864234410974255], [85.1130887, 27.864371399999996]]}}, {"type": "Feature", "properties": {"fid": 259, "segment_id": 585, "length_m": 766.2125721635609, "length_km": 0.766212572163561, "highway": "unclassified", "name": null, "name_en": null, "name_ne": null, "surface": null, "smoothness": null, "lanes": null, "oneway": null, "bridge": null, "layer": null, "source": null, "adm0_name": "Nepal", "adm1_name": "Bagmati", "adm2_name": "Nuwakot", "adm3_name": "Bidur", "adm4_name": null, "source_feature_count": 2, "source_fids": "1276", "source_ids": "way/342320933", "source_highways": "unclassified", "source_names": "", "source_adm1": "Bagmati", "source_adm2": "Nuwakot", "source_adm3": "Bidur", "source_adm4": "", "attribute_confidence": "medium", "start_degree": 3, "end_degree": 5, "topology_role": "intersection_to_intersection", "dangle_flag": false, "short_dangle_flag": false, "component_id": 95, "component_length_km": 24.250362572419977, "component_segment_count": 113}, "geometry": {"type": "LineString", "coordinates": [[85.1141380891089, 27.865718566148285], [85.1141264, 27.8657031], [85.113552, 27.864838999999996], [85.1134649, 27.864670299999997], [85.11343118490053, 27.86433701036151]]}}, {"type": "Feature", "properties": {"fid": 260, "segment_id": 586, "length_m": 95.48590414896441, "length_km": 0.0954859041489644, "highway": "service", "name": null, "name_en": null, "name_ne": null, "surface": null, "smoothness": null, "lanes": null, "oneway": null, "bridge": null, "layer": null, "source": null, "adm0_name": "Nepal", "adm1_name": "Bagmati", "adm2_name": "Nuwakot", "adm3_name": "Bidur", "adm4_name": null, "source_feature_count": 1, "source_fids": "1098", "source_ids": "way/303582179", "source_highways": "service", "source_names": "", "source_adm1": "Bagmati", "source_adm2": "Nuwakot", "source_adm3": "Bidur", "source_adm4": "", "attribute_confidence": "high", "start_degree": 5, "end_degree": 3, "topology_role": "intersection_to_intersection", "dangle_flag": false, "short_dangle_flag": false, "component_id": 95, "component_length_km": 24.250362572419977, "component_segment_count": 113}, "geometry": {"type": "MultiLineString", "coordinates": [[[85.11347390680749, 27.864148076148066], [85.11348567043906, 27.864140189167383]], [[85.11351348108968, 27.864121543380453], [85.1135164927212, 27.864119524216598]]]}}, {"type": "Feature", "properties": {"fid": 261, "segment_id": 588, "length_m": 224.22545123815152, "length_km": 0.22422545123815152, "highway": "unclassified", "name": null, "name_en": null, "name_ne": null, "surface": null, "smoothness": null, "lanes": null, "oneway": null, "bridge": null, "layer": null, "source": null, "adm0_name": "Nepal", "adm1_name": "Bagmati", "adm2_name": "Nuwakot", "adm3_name": "Bidur", "adm4_name": null, "source_feature_count": 1, "source_fids": "914", "source_ids": "way/342150077", "source_highways": "unclassified", "source_names": "", "source_adm1": "Bagmati", "source_adm2": "Nuwakot", "source_adm3": "Bidur", "source_adm4": "", "attribute_confidence": "high", "start_degree": 1, "end_degree": 3, "topology_role": "dead_end_link", "dangle_flag": true, "short_dangle_flag": false, "component_id": 95, "component_length_km": 24.250362572419977, "component_segment_count": 113}, "geometry": {"type": "LineString", "coordinates": [[85.11620205786875, 27.873743458914273], [85.1159237, 27.8734404], [85.1158489, 27.873046], [85.1158102, 27.872982399999998]]}}, {"type": "Feature", "properties": {"fid": 262, "segment_id": 589, "length_m": 494.6998058702835, "length_km": 0.4946998058702835, "highway": "unclassified", "name": null, "name_en": null, "name_ne": null, "surface": null, "smoothness": null, "lanes": null, "oneway": null, "bridge": null, "layer": null, "source": null, "adm0_name": "Nepal", "adm1_name": "Bagmati", "adm2_name": "Nuwakot", "adm3_name": "Bidur", "adm4_name": null, "source_feature_count": 1, "source_fids": "910", "source_ids": "way/342320929", "source_highways": "unclassified", "source_names": "", "source_adm1": "Bagmati", "source_adm2": "Nuwakot", "source_adm3": "Bidur", "source_adm4": "", "attribute_confidence": "high", "start_degree": 3, "end_degree": 4, "topology_role": "intersection_to_intersection", "dangle_flag": false, "short_dangle_flag": false, "component_id": 95, "component_length_km": 24.250362572419977, "component_segment_count": 113}, "geometry": {"type": "LineString", "coordinates": [[85.1158102, 27.872982399999998], [85.1157114, 27.8729279], [85.1155717, 27.872766899999995], [85.1154658, 27.8726115], [85.1153239, 27.872315799999996], [85.1151503, 27.872053699999995], [85.1150084, 27.871916999999996], [85.1148961, 27.8717729], [85.1148157, 27.87161], [85.1147754, 27.87149209999999], [85.1147966, 27.871428499999997], [85.1149046, 27.87137979999999], [85.1154213, 27.871203799999996], [85.1157473, 27.870932], [85.1159042, 27.870767899999997], [85.1164683, 27.870177799999997], [85.11693133347318, 27.86969395516535]]}}, {"type": "Feature", "properties": {"fid": 263, "segment_id": 590, "length_m": 530.9209236279348, "length_km": 0.5309209236279349, "highway": "track", "name": null, "name_en": null, "name_ne": null, "surface": null, "smoothness": null, "lanes": null, "oneway": null, "bridge": null, "layer": null, "source": null, "adm0_name": "Nepal", "adm1_name": "Bagmati", "adm2_name": "Nuwakot", "adm3_name": "Bidur", "adm4_name": null, "source_feature_count": 1, "source_fids": "986", "source_ids": "way/342155437", "source_highways": "track", "source_names": "", "source_adm1": "Bagmati", "source_adm2": "Nuwakot", "source_adm3": "Bidur", "source_adm4": "", "attribute_confidence": "high", "start_degree": 3, "end_degree": 3, "topology_role": "intersection_to_intersection", "dangle_flag": false, "short_dangle_flag": false, "component_id": 95, "component_length_km": 24.250362572419977, "component_segment_count": 113}, "geometry": {"type": "LineString", "coordinates": [[85.1158102, 27.872982399999998], [85.1158515, 27.872913099999998], [85.1159419, 27.87288639999999], [85.1161758, 27.87295], [85.1164997, 27.873089999999998], [85.1169465, 27.873288600000002], [85.11733410000001, 27.873498], [85.1177728, 27.873888299999997], [85.1179787, 27.873912299999997], [85.1181368, 27.8739757], [85.1182827, 27.874134899999998], [85.11829102681773, 27.87414303699439]]}}, {"type": "Feature", "properties": {"fid": 264, "segment_id": 591, "length_m": 710.4138162695314, "length_km": 0.7104138162695314, "highway": "track", "name": null, "name_en": null, "name_ne": null, "surface": null, "smoothness": null, "lanes": null, "oneway": null, "bridge": null, "layer": null, "source": null, "adm0_name": "Nepal", "adm1_name": "Bagmati", "adm2_name": "Nuwakot", "adm3_name": "Bidur", "adm4_name": null, "source_feature_count": 2, "source_fids": "908;918", "source_ids": "way/342017022;way/342327779", "source_highways": "track", "source_names": "", "source_adm1": "Bagmati", "source_adm2": "Nuwakot", "source_adm3": "Bidur", "source_adm4": "", "attribute_confidence": "medium", "start_degree": 4, "end_degree": 3, "topology_role": "intersection_to_intersection", "dangle_flag": false, "short_dangle_flag": false, "component_id": 95, "component_length_km": 24.250362572419977, "component_segment_count": 113}, "geometry": {"type": "LineString", "coordinates": [[85.11693133347318, 27.86969395516535], [85.1170043, 27.8697268], [85.1171618, 27.869771399999998], [85.1174329, 27.869782], [85.1177908, 27.869902399999997], [85.1181763, 27.870053399999993], [85.1183502, 27.870135799999996], [85.1185373, 27.870180499999996], [85.1188158, 27.870413999999997], [85.1190288, 27.8705244], [85.1191926, 27.8706528], [85.119336, 27.870856399999997], [85.1195124, 27.871113699999995], [85.1196328, 27.871219599999996], [85.1198414, 27.871329699999997], [85.1199412, 27.871317400000002], [85.12001930000001, 27.8712499], [85.12012809906517, 27.87111130573139]]}}, {"type": "Feature", "properties": {"fid": 265, "segment_id": 592, "length_m": 117.32177843600105, "length_km": 0.11732177843600106, "highway": "track", "name": null, "name_en": null, "name_ne": null, "surface": null, "smoothness": null, "lanes": null, "oneway": null, "bridge": null, "layer": null, "source": null, "adm0_name": "Nepal", "adm1_name": "Bagmati", "adm2_name": "Nuwakot", "adm3_name": "Bidur", "adm4_name": null, "source_feature_count": 1, "source_fids": "908", "source_ids": "way/342017022", "source_highways": "track", "source_names": "", "source_adm1": "Bagmati", "source_adm2": "Nuwakot", "source_adm3": "Bidur", "source_adm4": "", "attribute_confidence": "high", "start_degree": 3, "end_degree": 4, "topology_role": "intersection_to_intersection", "dangle_flag": false, "short_dangle_flag": false, "component_id": 95, "component_length_km": 24.250362572419977, "component_segment_count": 113}, "geometry": {"type": "LineString", "coordinates": [[85.1170592, 27.869608099999994], [85.1169709, 27.869532199999995], [85.1168342, 27.869476100000004], [85.1166707, 27.869473199999995], [85.1164706, 27.869489399999996], [85.1164639, 27.8695218], [85.1164972, 27.869555800000004], [85.1166724, 27.869625099999997], [85.1168208, 27.869644199999996], [85.11693133347318, 27.86969395516535]]}}, {"type": "Feature", "properties": {"fid": 266, "segment_id": 593, "length_m": 15.925747505315243, "length_km": 0.015925747505315245, "highway": "unclassified", "name": null, "name_en": null, "name_ne": null, "surface": null, "smoothness": null, "lanes": null, "oneway": null, "bridge": null, "layer": null, "source": null, "adm0_name": "Nepal", "adm1_name": "Bagmati", "adm2_name": "Nuwakot", "adm3_name": "Bidur", "adm4_name": null, "source_feature_count": 1, "source_fids": "1276", "source_ids": "way/342320933", "source_highways": "unclassified", "source_names": "", "source_adm1": "Bagmati", "source_adm2": "Nuwakot", "source_adm3": "Bidur", "source_adm4": "", "attribute_confidence": "high", "start_degree": 4, "end_degree": 3, "topology_role": "intersection_to_intersection", "dangle_flag": false, "short_dangle_flag": false, "component_id": 95, "component_length_km": 24.250362572419977, "component_segment_count": 113}, "geometry": {"type": "LineString", "coordinates": [[85.11693133347318, 27.86969395516535], [85.11696, 27.869664], [85.1170592, 27.869608099999994]]}}, {"type": "Feature", "properties": {"fid": 267, "segment_id": 594, "length_m": 128.84703700359034, "length_km": 0.12884703700359035, "highway": "unclassified", "name": null, "name_en": null, "name_ne": null, "surface": null, "smoothness": null, "lanes": null, "oneway": null, "bridge": null, "layer": null, "source": null, "adm0_name": "Nepal", "adm1_name": "Bagmati", "adm2_name": "Nuwakot", "adm3_name": "Bidur", "adm4_name": null, "source_feature_count": 1, "source_fids": "1276", "source_ids": "way/342320933", "source_highways": "unclassified", "source_names": "", "source_adm1": "Bagmati", "source_adm2": "Nuwakot", "source_adm3": "Bidur", "source_adm4": "", "attribute_confidence": "high", "start_degree": 3, "end_degree": 3, "topology_role": "intersection_to_intersection", "dangle_flag": false, "short_dangle_flag": false, "component_id": 95, "component_length_km": 24.250362572419977, "component_segment_count": 113}, "geometry": {"type": "MultiLineString", "coordinates": [[[85.1170592, 27.869608099999994], [85.1172202, 27.869605], [85.11760204341857, 27.869672900117887]], [[85.11760549563988, 27.86967351399325], [85.1177297, 27.869695599999996], [85.11774613146, 27.86969086016182]]]}}, {"type": "Feature", "properties": {"fid": 268, "segment_id": 600, "length_m": 446.447864339989, "length_km": 0.446447864339989, "highway": "path", "name": null, "name_en": null, "name_ne": null, "surface": null, "smoothness": null, "lanes": null, "oneway": null, "bridge": null, "layer": null, "source": null, "adm0_name": "Nepal", "adm1_name": "Bagmati", "adm2_name": "Nuwakot", "adm3_name": "Bidur", "adm4_name": null, "source_feature_count": 2, "source_fids": "989;1210", "source_ids": "way/342150075;way/340457289", "source_highways": "path", "source_names": "", "source_adm1": "Bagmati", "source_adm2": "Nuwakot", "source_adm3": "Bidur", "source_adm4": "", "attribute_confidence": "high", "start_degree": 3, "end_degree": 1, "topology_role": "dead_end_link", "dangle_flag": true, "short_dangle_flag": false, "component_id": 95, "component_length_km": 24.250362572419977, "component_segment_count": 113}, "geometry": {"type": "LineString", "coordinates": [[85.1212330093327, 27.876039940504523], [85.1213292, 27.875894199999998], [85.12137520000002, 27.875925499999997], [85.1213831, 27.875932999999996], [85.1214602, 27.876006899999997], [85.1215593, 27.8760663], [85.1216407, 27.876063199999997], [85.12169413198237, 27.876089370770003]]}}, {"type": "Feature", "properties": {"fid": 269, "segment_id": 601, "length_m": 368.04525888814265, "length_km": 0.36804525888814266, "highway": "track", "name": null, "name_en": null, "name_ne": null, "surface": null, "smoothness": null, "lanes": null, "oneway": null, "bridge": null, "layer": null, "source": null, "adm0_name": "Nepal", "adm1_name": "Bagmati", "adm2_name": "Nuwakot", "adm3_name": "Bidur", "adm4_name": null, "source_feature_count": 1, "source_fids": "907", "source_ids": "way/341646554", "source_highways": "track", "source_names": "", "source_adm1": "Bagmati", "source_adm2": "Nuwakot", "source_adm3": "Bidur", "source_adm4": "", "attribute_confidence": "high", "start_degree": 1, "end_degree": 1, "topology_role": "dead_end_to_dead_end", "dangle_flag": true, "short_dangle_flag": false, "component_id": 101, "component_length_km": 0.36804525888814266, "component_segment_count": 1}, "geometry": {"type": "LineString", "coordinates": [[85.1220423, 27.8727699], [85.1220844, 27.872761499999992], [85.1221084, 27.8727298], [85.1221002, 27.872692699999998], [85.1220399, 27.872654699999988], [85.1219615, 27.8726183], [85.1217153, 27.872449000000003], [85.1214542, 27.8723047], [85.1213785, 27.872244399999996], [85.1213518, 27.872183899999992], [85.1213739, 27.872138299999996], [85.1214314, 27.8721188], [85.1215264, 27.872122900000004], [85.121664242329, 27.872188397388086], [85.12185869802866, 27.872229170357375], [85.12199669884778, 27.87222446578399], [85.12217860901843, 27.87203001008432], [85.12226295431925, 27.872014674639367]]}}, {"type": "Feature", "properties": {"fid": 270, "segment_id": 602, "length_m": 761.1812991752256, "length_km": 0.7611812991752256, "highway": "path", "name": null, "name_en": null, "name_ne": null, "surface": null, "smoothness": null, "lanes": null, "oneway": null, "bridge": null, "layer": null, "source": "digitalglobe", "adm0_name": "Nepal", "adm1_name": "Bagmati", "adm2_name": "Nuwakot", "adm3_name": "Bidur", "adm4_name": null, "source_feature_count": 1, "source_fids": "991", "source_ids": "way/756588573", "source_highways": "path", "source_names": "", "source_adm1": "Bagmati", "source_adm2": "Nuwakot", "source_adm3": "Bidur", "source_adm4": "", "attribute_confidence": "high", "start_degree": 1, "end_degree": 1, "topology_role": "dead_end_to_dead_end", "dangle_flag": true, "short_dangle_flag": false, "component_id": 102, "component_length_km": 0.7611812991752256, "component_segment_count": 1}, "geometry": {"type": "LineString", "coordinates": [[85.12414690944547, 27.87742859868006], [85.12422960699061, 27.877372053157227], [85.1247627919736, 27.877130551723766], [85.12515797613743, 27.876879641143564], [85.12521756740024, 27.87676045861796], [85.12527088589853, 27.876650685239117], [85.1252191, 27.8765533], [85.125187, 27.8764395], [85.1251065, 27.876273499999996], [85.12497780000001, 27.8760649], [85.1248652, 27.8759322], [85.124656, 27.875785200000003], [85.1245005, 27.875647699999995], [85.12339630943069, 27.874943709197986], [85.12312658055696, 27.87488098155295], [85.12286312444773, 27.87479943561437], [85.12277530574465, 27.874749253498333], [85.1228317606252, 27.874630070972728], [85.12290076103477, 27.87441052421505], [85.12280039680267, 27.874354069334483], [85.12245539475488, 27.87418470469285], [85.12234875775829, 27.874121977047793]]}}, {"type": "Feature", "properties": {"fid": 271, "segment_id": 603, "length_m": 588.2881586662063, "length_km": 0.5882881586662063, "highway": "track", "name": null, "name_en": null, "name_ne": null, "surface": null, "smoothness": null, "lanes": null, "oneway": null, "bridge": null, "layer": null, "source": null, "adm0_name": "Nepal", "adm1_name": "Bagmati", "adm2_name": "Nuwakot", "adm3_name": "Bidur", "adm4_name": null, "source_feature_count": 1, "source_fids": "1358", "source_ids": "way/303583512", "source_highways": "track", "source_names": "", "source_adm1": "Bagmati", "source_adm2": "Nuwakot", "source_adm3": "Bidur", "source_adm4": "", "attribute_confidence": "high", "start_degree": 3, "end_degree": 3, "topology_role": "intersection_to_intersection", "dangle_flag": false, "short_dangle_flag": false, "component_id": 103, "component_length_km": 2.5985203446228757, "component_segment_count": 7}, "geometry": {"type": "LineString", "coordinates": [[85.1270778, 27.875314599999996], [85.1268928, 27.875435799999998], [85.1268622, 27.8755058], [85.1268226, 27.875596499999997], [85.1268417, 27.875748799999997], [85.1270108, 27.876109700000004], [85.1270044, 27.876385999999993], [85.1267685, 27.876470699999995], [85.1271379, 27.8778862], [85.1273253, 27.880312700000005]]}}, {"type": "Feature", "properties": {"fid": 272, "segment_id": 604, "length_m": 238.2652723099679, "length_km": 0.2382652723099679, "highway": "unclassified", "name": null, "name_en": null, "name_ne": null, "surface": null, "smoothness": null, "lanes": null, "oneway": null, "bridge": null, "layer": null, "source": null, "adm0_name": "Nepal", "adm1_name": "Bagmati", "adm2_name": "Nuwakot", "adm3_name": "Bidur", "adm4_name": null, "source_feature_count": 1, "source_fids": "308", "source_ids": "way/340445129", "source_highways": "unclassified", "source_names": "", "source_adm1": "Bagmati", "source_adm2": "Nuwakot", "source_adm3": "Bidur", "source_adm4": "", "attribute_confidence": "high", "start_degree": 1, "end_degree": 3, "topology_role": "dead_end_link", "dangle_flag": true, "short_dangle_flag": false, "component_id": 103, "component_length_km": 2.5985203446228757, "component_segment_count": 7}, "geometry": {"type": "LineString", "coordinates": [[85.12774931431035, 27.874925536537067], [85.12757540000001, 27.874990299999993], [85.1274063, 27.8750185], [85.1272245, 27.8751623], [85.1270778, 27.875314599999996]]}}, {"type": "Feature", "properties": {"fid": 273, "segment_id": 605, "length_m": 329.56742963798587, "length_km": 0.32956742963798585, "highway": "track", "name": null, "name_en": null, "name_ne": null, "surface": null, "smoothness": null, "lanes": null, "oneway": null, "bridge": null, "layer": null, "source": null, "adm0_name": "Nepal", "adm1_name": "Bagmati", "adm2_name": "Nuwakot", "adm3_name": "Bidur", "adm4_name": null, "source_feature_count": 1, "source_fids": "1357", "source_ids": "way/1552944317", "source_highways": "track", "source_names": "", "source_adm1": "Bagmati", "source_adm2": "Nuwakot", "source_adm3": "Bidur", "source_adm4": "", "attribute_confidence": "high", "start_degree": 1, "end_degree": 3, "topology_role": "dead_end_link", "dangle_flag": true, "short_dangle_flag": false, "component_id": 103, "component_length_km": 2.5985203446228757, "component_segment_count": 7}, "geometry": {"type": "MultiLineString", "coordinates": [[[85.12846175955589, 27.8760483754501], [85.12845509798055, 27.876034386126424], [85.128411188629, 27.875971658481376], [85.12836250777765, 27.875952642560357]], [[85.12832561158119, 27.875938229995725], [85.12821046016484, 27.875893248925056], [85.12808500487472, 27.87578347554621], [85.12803795914094, 27.875711338754392], [85.12798464064264, 27.87552315581924], [85.12794700405561, 27.875419655204905], [85.12778391217847, 27.87535692755985], [85.12758945647879, 27.87518756291819], [85.12751104692248, 27.875137380802155], [85.12739500077913, 27.87515306271342], [85.1271911359327, 27.875291063532533], [85.1270778, 27.875314599999996]]]}}, {"type": "Feature", "properties": {"fid": 274, "segment_id": 606, "length_m": 652.8942560345713, "length_km": 0.6528942560345713, "highway": "track", "name": null, "name_en": null, "name_ne": null, "surface": null, "smoothness": null, "lanes": null, "oneway": null, "bridge": null, "layer": null, "source": null, "adm0_name": "Nepal", "adm1_name": "Bagmati", "adm2_name": "Nuwakot", "adm3_name": "Bidur", "adm4_name": null, "source_feature_count": 2, "source_fids": "1358", "source_ids": "way/303583512", "source_highways": "track", "source_names": "", "source_adm1": "Bagmati", "source_adm2": "Nuwakot", "source_adm3": "Bidur", "source_adm4": "", "attribute_confidence": "medium", "start_degree": 3, "end_degree": 3, "topology_role": "intersection_to_intersection", "dangle_flag": false, "short_dangle_flag": false, "component_id": 103, "component_length_km": 2.5985203446228757, "component_segment_count": 7}, "geometry": {"type": "LineString", "coordinates": [[85.1273253, 27.880312700000005], [85.1274266, 27.88104759999999], [85.1275526, 27.8812026], [85.12787, 27.881419100000002], [85.1280102, 27.8816341], [85.128096, 27.881691699999994], [85.128205, 27.881765], [85.1283949, 27.8819819], [85.1285923, 27.882103799999996], [85.1288586, 27.8822188], [85.1292709, 27.8826495], [85.1294919, 27.882902299999994], [85.1298591, 27.8831711], [85.13013600000001, 27.883289399999992], [85.1302974, 27.8833583], [85.1307626, 27.883632199999997], [85.1314423, 27.884032399999995], [85.1316733, 27.884168400000004], [85.1317566, 27.884217400000008], [85.1318596, 27.884221099999994]]}}, {"type": "Feature", "properties": {"fid": 275, "segment_id": 607, "length_m": 448.90991500591286, "length_km": 0.4489099150059129, "highway": "track", "name": null, "name_en": null, "name_ne": null, "surface": null, "smoothness": null, "lanes": null, "oneway": null, "bridge": null, "layer": null, "source": null, "adm0_name": "Nepal", "adm1_name": "Bagmati", "adm2_name": "Nuwakot", "adm3_name": "Bidur", "adm4_name": null, "source_feature_count": 1, "source_fids": "676", "source_ids": "way/341954699", "source_highways": "track", "source_names": "", "source_adm1": "Bagmati", "source_adm2": "Nuwakot", "source_adm3": "Bidur", "source_adm4": "", "attribute_confidence": "high", "start_degree": 3, "end_degree": 1, "topology_role": "dead_end_link", "dangle_flag": true, "short_dangle_flag": false, "component_id": 103, "component_length_km": 2.5985203446228757, "component_segment_count": 7}, "geometry": {"type": "LineString", "coordinates": [[85.1273253, 27.880312700000005], [85.1273809, 27.880204799999998], [85.1278047, 27.8799866], [85.1278905, 27.879782699999993], [85.1279549, 27.879171000000003], [85.1280139, 27.878602], [85.1281212, 27.878478699999995], [85.1284055, 27.8783697], [85.12843864399642, 27.878338063714246]]}}, {"type": "Feature", "properties": {"fid": 276, "segment_id": 611, "length_m": 238.89730053639994, "length_km": 0.23889730053639993, "highway": "track", "name": null, "name_en": null, "name_ne": null, "surface": null, "smoothness": null, "lanes": null, "oneway": null, "bridge": null, "layer": null, "source": null, "adm0_name": "Nepal", "adm1_name": "Bagmati", "adm2_name": "Nuwakot", "adm3_name": "Bidur", "adm4_name": null, "source_feature_count": 1, "source_fids": "60", "source_ids": "way/341954691", "source_highways": "track", "source_names": "", "source_adm1": "Bagmati", "source_adm2": "Nuwakot", "source_adm3": "Bidur", "source_adm4": "", "attribute_confidence": "high", "start_degree": 3, "end_degree": 1, "topology_role": "dead_end_link", "dangle_flag": true, "short_dangle_flag": false, "component_id": 104, "component_length_km": 0.5566524383994017, "component_segment_count": 5}, "geometry": {"type": "LineString", "coordinates": [[85.13026149142698, 27.885901710255478], [85.1303905, 27.8857094], [85.1305193, 27.885612199999994], [85.1305944, 27.885588499999997], [85.1310369, 27.885872999999997], [85.1311362, 27.8859733], [85.1314151, 27.886057899999997], [85.1317289, 27.886140900000004], [85.1320186, 27.886174099999998], [85.1321956, 27.88609109999999]]}}, {"type": "Feature", "properties": {"fid": 277, "segment_id": 613, "length_m": 170.88436903416223, "length_km": 0.17088436903416224, "highway": "track", "name": null, "name_en": null, "name_ne": null, "surface": null, "smoothness": null, "lanes": null, "oneway": null, "bridge": null, "layer": null, "source": null, "adm0_name": "Nepal", "adm1_name": "Bagmati", "adm2_name": "Nuwakot", "adm3_name": "Bidur", "adm4_name": null, "source_feature_count": 1, "source_fids": "449", "source_ids": "way/342294314", "source_highways": "track", "source_names": "", "source_adm1": "Bagmati", "source_adm2": "Nuwakot", "source_adm3": "Bidur", "source_adm4": "", "attribute_confidence": "high", "start_degree": 3, "end_degree": 1, "topology_role": "dead_end_link", "dangle_flag": true, "short_dangle_flag": false, "component_id": 103, "component_length_km": 2.5985203446228757, "component_segment_count": 7}, "geometry": {"type": "LineString", "coordinates": [[85.1318596, 27.884221099999994], [85.1319982, 27.884305799999996], [85.1320851, 27.8843893], [85.1322685, 27.884565599999995], [85.1323694, 27.884679399999996], [85.132496, 27.8848178], [85.1326311, 27.884935399999996], [85.1327728, 27.885022599999996], [85.1328414, 27.8850644], [85.1329637, 27.885142099999996], [85.1331461, 27.885234999999994]]}}, {"type": "Feature", "properties": {"fid": 278, "segment_id": 614, "length_m": 169.71094393406938, "length_km": 0.16971094393406938, "highway": "track", "name": null, "name_en": null, "name_ne": null, "surface": null, "smoothness": null, "lanes": null, "oneway": null, "bridge": null, "layer": null, "source": null, "adm0_name": "Nepal", "adm1_name": "Bagmati", "adm2_name": "Nuwakot", "adm3_name": "Bidur", "adm4_name": null, "source_feature_count": 1, "source_fids": "1358", "source_ids": "way/303583512", "source_highways": "track", "source_names": "", "source_adm1": "Bagmati", "source_adm2": "Nuwakot", "source_adm3": "Bidur", "source_adm4": "", "attribute_confidence": "high", "start_degree": 3, "end_degree": 1, "topology_role": "dead_end_link", "dangle_flag": true, "short_dangle_flag": false, "component_id": 103, "component_length_km": 2.5985203446228757, "component_segment_count": 7}, "geometry": {"type": "LineString", "coordinates": [[85.1318596, 27.884221099999994], [85.1320374, 27.8840831], [85.13237142342223, 27.883819758956765]]}}, {"type": "Feature", "properties": {"fid": 279, "segment_id": 615, "length_m": 384.3253527459359, "length_km": 0.3843253527459359, "highway": "tertiary", "name": null, "name_en": null, "name_ne": null, "surface": null, "smoothness": null, "lanes": null, "oneway": null, "bridge": null, "layer": null, "source": null, "adm0_name": "Nepal", "adm1_name": "Bagmati", "adm2_name": "Nuwakot", "adm3_name": "Bidur", "adm4_name": null, "source_feature_count": 1, "source_fids": "553", "source_ids": "way/340430291", "source_highways": "tertiary", "source_names": "", "source_adm1": "Bagmati", "source_adm2": "Nuwakot", "source_adm3": "Bidur", "source_adm4": "", "attribute_confidence": "high", "start_degree": 1, "end_degree": 3, "topology_role": "dead_end_link", "dangle_flag": true, "short_dangle_flag": false, "component_id": 105, "component_length_km": 4.2093830611933765, "component_segment_count": 19}, "geometry": {"type": "LineString", "coordinates": [[85.13400819371499, 27.889068386649875], [85.1343119, 27.88924889999998], [85.1343495, 27.8892963], [85.13434228368662, 27.88965114697699]]}}, {"type": "Feature", "properties": {"fid": 280, "segment_id": 618, "length_m": 524.8431438114252, "length_km": 0.5248431438114252, "highway": "unclassified", "name": null, "name_en": null, "name_ne": null, "surface": null, "smoothness": null, "lanes": null, "oneway": null, "bridge": null, "layer": null, "source": null, "adm0_name": "Nepal", "adm1_name": "Bagmati", "adm2_name": "Nuwakot", "adm3_name": "Bidur", "adm4_name": null, "source_feature_count": 1, "source_fids": "392", "source_ids": "way/298520956", "source_highways": "unclassified", "source_names": "", "source_adm1": "Bagmati", "source_adm2": "Nuwakot", "source_adm3": "Bidur", "source_adm4": "", "attribute_confidence": "high", "start_degree": 3, "end_degree": 3, "topology_role": "intersection_to_intersection", "dangle_flag": false, "short_dangle_flag": false, "component_id": 106, "component_length_km": 2.5549594472931587, "component_segment_count": 9}, "geometry": {"type": "MultiLineString", "coordinates": [[[85.1374717, 27.9192053], [85.1373071, 27.919113599999996], [85.1373022, 27.9190069], [85.1373014, 27.9189572], [85.1373679, 27.9187734], [85.1373144, 27.9186497], [85.13728300000001, 27.918576999999996], [85.1371188, 27.9183319], [85.1368499, 27.9181092], [85.136697, 27.9180717], [85.1364776, 27.918024199999998], [85.13642320113564, 27.91797639436713]], [[85.13639381060415, 27.917950565990584], [85.13623420000002, 27.917810299999996], [85.1357586, 27.917515100000003], [85.13567152696433, 27.917470595067925]]]}}, {"type": "Feature", "properties": {"fid": 281, "segment_id": 620, "length_m": 359.67720514138034, "length_km": 0.35967720514138035, "highway": "service", "name": null, "name_en": null, "name_ne": null, "surface": null, "smoothness": null, "lanes": null, "oneway": null, "bridge": null, "layer": null, "source": null, "adm0_name": "Nepal", "adm1_name": "Bagmati", "adm2_name": "Nuwakot", "adm3_name": "Bidur", "adm4_name": null, "source_feature_count": 1, "source_fids": "667", "source_ids": "way/340562357", "source_highways": "service", "source_names": "", "source_adm1": "Bagmati", "source_adm2": "Nuwakot", "source_adm3": "Bidur", "source_adm4": "", "attribute_confidence": "high", "start_degree": 3, "end_degree": 1, "topology_role": "dead_end_link", "dangle_flag": true, "short_dangle_flag": false, "component_id": 105, "component_length_km": 4.2093830611933765, "component_segment_count": 19}, "geometry": {"type": "LineString", "coordinates": [[85.1363319, 27.890629499999996], [85.1363348, 27.8906192], [85.1364127, 27.8902304], [85.1364672, 27.8898963], [85.1364117, 27.889623999999998], [85.1362638, 27.889460599999992], [85.1360666, 27.889291699999998], [85.1357462, 27.8891556], [85.135512, 27.8890031], [85.1343498, 27.888393399999998]]}}, {"type": "Feature", "properties": {"fid": 282, "segment_id": 621, "length_m": 221.2217153562087, "length_km": 0.22122171535620871, "highway": "path", "name": null, "name_en": null, "name_ne": null, "surface": null, "smoothness": null, "lanes": null, "oneway": null, "bridge": null, "layer": null, "source": null, "adm0_name": "Nepal", "adm1_name": "Bagmati", "adm2_name": "Nuwakot", "adm3_name": "Bidur", "adm4_name": null, "source_feature_count": 2, "source_fids": "668;665", "source_ids": "way/892144288;way/892144287", "source_highways": "path", "source_names": "", "source_adm1": "Bagmati", "source_adm2": "Nuwakot", "source_adm3": "Bidur", "source_adm4": "", "attribute_confidence": "medium", "start_degree": 3, "end_degree": 1, "topology_role": "dead_end_link", "dangle_flag": true, "short_dangle_flag": false, "component_id": 105, "component_length_km": 4.2093830611933765, "component_segment_count": 19}, "geometry": {"type": "LineString", "coordinates": [[85.1363319, 27.890629499999996], [85.1361968, 27.890524300000003], [85.1360949, 27.890375599999988], [85.1359903, 27.890296800000005], [85.1358052, 27.8902381], [85.1355947, 27.890195999999996], [85.1354847, 27.890114199999992], [85.1352983, 27.890006900000003], [85.1351219, 27.889810799999992], [85.1349396, 27.8897373], [85.134737, 27.889627], [85.1345895, 27.8894635]]}}, {"type": "Feature", "properties": {"fid": 283, "segment_id": 624, "length_m": 185.12448392464117, "length_km": 0.18512448392464118, "highway": "tertiary", "name": null, "name_en": null, "name_ne": null, "surface": null, "smoothness": null, "lanes": null, "oneway": null, "bridge": null, "layer": null, "source": null, "adm0_name": "Nepal", "adm1_name": "Bagmati", "adm2_name": "Nuwakot", "adm3_name": "Bidur", "adm4_name": null, "source_feature_count": 1, "source_fids": "660", "source_ids": "way/341658804", "source_highways": "tertiary", "source_names": "", "source_adm1": "Bagmati", "source_adm2": "Nuwakot", "source_adm3": "Bidur", "source_adm4": "", "attribute_confidence": "high", "start_degree": 3, "end_degree": 3, "topology_role": "intersection_to_intersection", "dangle_flag": false, "short_dangle_flag": false, "component_id": 105, "component_length_km": 4.2093830611933765, "component_segment_count": 19}, "geometry": {"type": "LineString", "coordinates": [[85.136193, 27.8908828], [85.1360795, 27.8908112], [85.1359373, 27.890832500000002], [85.13566110000001, 27.8910364], [85.1354438, 27.891109899999993], [85.1352319, 27.8910601], [85.13513039980946, 27.89102584841873]]}}, {"type": "Feature", "properties": {"fid": 284, "segment_id": 625, "length_m": 658.8874481439836, "length_km": 0.6588874481439837, "highway": "unclassified", "name": null, "name_en": null, "name_ne": null, "surface": null, "smoothness": null, "lanes": null, "oneway": null, "bridge": null, "layer": null, "source": null, "adm0_name": "Nepal", "adm1_name": "Bagmati", "adm2_name": "Nuwakot", "adm3_name": "Bidur", "adm4_name": null, "source_feature_count": 1, "source_fids": "94", "source_ids": "way/533216634", "source_highways": "unclassified", "source_names": "", "source_adm1": "Bagmati", "source_adm2": "Nuwakot", "source_adm3": "Bidur", "source_adm4": "", "attribute_confidence": "high", "start_degree": 3, "end_degree": 3, "topology_role": "intersection_to_intersection", "dangle_flag": false, "short_dangle_flag": false, "component_id": 105, "component_length_km": 4.2093830611933765, "component_segment_count": 19}, "geometry": {"type": "LineString", "coordinates": [[85.1352657402435, 27.89155698843475], [85.1353519, 27.8917336], [85.1353681, 27.892253199999995], [85.1355619, 27.892649899999995], [85.13546500000001, 27.893628999999997], [85.1351711, 27.8943027], [85.13509368853609, 27.894539983538525]]}}, {"type": "Feature", "properties": {"fid": 285, "segment_id": 626, "length_m": 629.5496665302958, "length_km": 0.6295496665302958, "highway": "unclassified", "name": null, "name_en": null, "name_ne": null, "surface": null, "smoothness": null, "lanes": null, "oneway": null, "bridge": null, "layer": null, "source": null, "adm0_name": "Nepal", "adm1_name": "Bagmati", "adm2_name": "Nuwakot", "adm3_name": "Bidur", "adm4_name": null, "source_feature_count": 1, "source_fids": "96", "source_ids": "way/1553000664", "source_highways": "unclassified", "source_names": "", "source_adm1": "Bagmati", "source_adm2": "Nuwakot", "source_adm3": "Bidur", "source_adm4": "", "attribute_confidence": "high", "start_degree": 3, "end_degree": 1, "topology_role": "dead_end_link", "dangle_flag": true, "short_dangle_flag": false, "component_id": 108, "component_length_km": 0.8908100008439037, "component_segment_count": 3}, "geometry": {"type": "LineString", "coordinates": [[85.13753079642397, 27.90403245632884], [85.1375148, 27.903656999999995], [85.13736907416987, 27.903161016462878]]}}, {"type": "Feature", "properties": {"fid": 286, "segment_id": 627, "length_m": 256.75332347913127, "length_km": 0.25675332347913127, "highway": "path", "name": null, "name_en": null, "name_ne": null, "surface": null, "smoothness": null, "lanes": null, "oneway": null, "bridge": null, "layer": null, "source": null, "adm0_name": "Nepal", "adm1_name": "Bagmati", "adm2_name": "Nuwakot", "adm3_name": "Bidur", "adm4_name": null, "source_feature_count": 1, "source_fids": "843", "source_ids": "way/341673786", "source_highways": "path", "source_names": "", "source_adm1": "Bagmati", "source_adm2": "Nuwakot", "source_adm3": "Bidur", "source_adm4": "", "attribute_confidence": "high", "start_degree": 3, "end_degree": 1, "topology_role": "dead_end_link", "dangle_flag": true, "short_dangle_flag": false, "component_id": 109, "component_length_km": 2.8978699845239393, "component_segment_count": 23}, "geometry": {"type": "LineString", "coordinates": [[85.13773898547193, 27.908869956025192], [85.13745043830468, 27.90878841008662], [85.13701761755381, 27.908681773090024], [85.13682943461865, 27.908524953977395], [85.13676384128858, 27.908309433171283]]}}, {"type": "Feature", "properties": {"fid": 287, "segment_id": 628, "length_m": 274.2854366835315, "length_km": 0.2742854366835315, "highway": "tertiary", "name": null, "name_en": null, "name_ne": null, "surface": null, "smoothness": null, "lanes": null, "oneway": null, "bridge": null, "layer": null, "source": null, "adm0_name": "Nepal", "adm1_name": "Bagmati", "adm2_name": "Nuwakot", "adm3_name": "Bidur", "adm4_name": null, "source_feature_count": 1, "source_fids": "661", "source_ids": "way/340430292", "source_highways": "tertiary", "source_names": "", "source_adm1": "Bagmati", "source_adm2": "Nuwakot", "source_adm3": "Bidur", "source_adm4": "", "attribute_confidence": "high", "start_degree": 3, "end_degree": 3, "topology_role": "intersection_to_intersection", "dangle_flag": false, "short_dangle_flag": false, "component_id": 105, "component_length_km": 4.2093830611933765, "component_segment_count": 19}, "geometry": {"type": "LineString", "coordinates": [[85.1369994, 27.892475299999997], [85.1368841, 27.892431200000004], [85.1358953, 27.892215], [85.1357898, 27.8921909], [85.1357898, 27.892053400000005], [85.1359963, 27.8914062], [85.136193, 27.8908828]]}}, {"type": "Feature", "properties": {"fid": 288, "segment_id": 629, "length_m": 33.32511414262748, "length_km": 0.033325114142627475, "highway": "service", "name": null, "name_en": null, "name_ne": null, "surface": null, "smoothness": null, "lanes": null, "oneway": null, "bridge": null, "layer": null, "source": null, "adm0_name": "Nepal", "adm1_name": "Bagmati", "adm2_name": "Nuwakot", "adm3_name": "Bidur", "adm4_name": null, "source_feature_count": 1, "source_fids": "667", "source_ids": "way/340562357", "source_highways": "service", "source_names": "", "source_adm1": "Bagmati", "source_adm2": "Nuwakot", "source_adm3": "Bidur", "source_adm4": "", "attribute_confidence": "high", "start_degree": 3, "end_degree": 3, "topology_role": "intersection_to_intersection", "dangle_flag": false, "short_dangle_flag": false, "component_id": 105, "component_length_km": 4.2093830611933765, "component_segment_count": 19}, "geometry": {"type": "LineString", "coordinates": [[85.136193, 27.8908828], [85.1362079, 27.890872], [85.13630050000002, 27.890804499999998], [85.1363319, 27.890629499999996]]}}, {"type": "Feature", "properties": {"fid": 289, "segment_id": 630, "length_m": 309.79815118335813, "length_km": 0.30979815118335813, "highway": "path", "name": null, "name_en": null, "name_ne": null, "surface": null, "smoothness": null, "lanes": null, "oneway": null, "bridge": null, "layer": null, "source": null, "adm0_name": "Nepal", "adm1_name": "Bagmati", "adm2_name": "Nuwakot", "adm3_name": "Bidur", "adm4_name": null, "source_feature_count": 1, "source_fids": "843", "source_ids": "way/341673786", "source_highways": "path", "source_names": "", "source_adm1": "Bagmati", "source_adm2": "Nuwakot", "source_adm3": "Bidur", "source_adm4": "", "attribute_confidence": "high", "start_degree": 1, "end_degree": 3, "topology_role": "dead_end_link", "dangle_flag": true, "short_dangle_flag": false, "component_id": 109, "component_length_km": 2.8978699845239393, "component_segment_count": 23}, "geometry": {"type": "LineString", "coordinates": [[85.13684566545922, 27.907810374755968], [85.1369127, 27.9078457], [85.1371394, 27.908006999999994], [85.1373114, 27.9081642], [85.1374461, 27.908220499999995], [85.1375325, 27.9083474], [85.13785816799752, 27.90856886332893], [85.13806516922621, 27.90884486496717], [85.13783934970401, 27.908876228789694], [85.13773898547193, 27.908869956025192]]}}, {"type": "Feature", "properties": {"fid": 290, "segment_id": 631, "length_m": 128.5803144827687, "length_km": 0.1285803144827687, "highway": "track", "name": null, "name_en": null, "name_ne": null, "surface": null, "smoothness": null, "lanes": null, "oneway": null, "bridge": null, "layer": null, "source": null, "adm0_name": "Nepal", "adm1_name": "Bagmati", "adm2_name": "Nuwakot", "adm3_name": "Bidur", "adm4_name": null, "source_feature_count": 1, "source_fids": "659", "source_ids": "way/340562511", "source_highways": "track", "source_names": "", "source_adm1": "Bagmati", "source_adm2": "Nuwakot", "source_adm3": "Bidur", "source_adm4": "", "attribute_confidence": "high", "start_degree": 3, "end_degree": 1, "topology_role": "dead_end_link", "dangle_flag": true, "short_dangle_flag": false, "component_id": 105, "component_length_km": 4.2093830611933765, "component_segment_count": 19}, "geometry": {"type": "LineString", "coordinates": [[85.1369601, 27.8961582], [85.1366954, 27.896044299999996], [85.1365341, 27.895897599999998], [85.1364373, 27.895730599999993], [85.1363682, 27.895420999999992], [85.1363175, 27.89527839999999], [85.1362806, 27.895253999999998]]}}, {"type": "Feature", "properties": {"fid": 291, "segment_id": 634, "length_m": 416.6925318465801, "length_km": 0.4166925318465801, "highway": "tertiary", "name": "Sinchai Path", "name_en": null, "name_ne": "सिंचाई पथ", "surface": null, "smoothness": null, "lanes": null, "oneway": null, "bridge": null, "layer": null, "source": "Bing", "adm0_name": "Nepal", "adm1_name": "Bagmati", "adm2_name": "Nuwakot", "adm3_name": "Bidur", "adm4_name": null, "source_feature_count": 1, "source_fids": "458", "source_ids": "way/298744770", "source_highways": "tertiary", "source_names": "Sinchai Path", "source_adm1": "Bagmati", "source_adm2": "Nuwakot", "source_adm3": "Bidur", "source_adm4": "", "attribute_confidence": "high", "start_degree": 3, "end_degree": 3, "topology_role": "intersection_to_intersection", "dangle_flag": false, "short_dangle_flag": false, "component_id": 105, "component_length_km": 4.2093830611933765, "component_segment_count": 19}, "geometry": {"type": "LineString", "coordinates": [[85.1369601, 27.8961582], [85.1369243, 27.8960738], [85.1367748, 27.895568400000002], [85.1367741, 27.8955096], [85.1366615, 27.89494789999999], [85.1366213, 27.894623099999993], [85.1366267, 27.894421599999998], [85.1366937, 27.894149], [85.1367903, 27.893871600000004], [85.1368895, 27.893470999999995], [85.1369995, 27.893049099999992], [85.1370209, 27.8928452], [85.1370209, 27.892693499999993], [85.1369941, 27.8925678], [85.1369994, 27.892475299999997]]}}, {"type": "Feature", "properties": {"fid": 292, "segment_id": 635, "length_m": 96.56827844928333, "length_km": 0.09656827844928333, "highway": "unclassified", "name": null, "name_en": null, "name_ne": null, "surface": null, "smoothness": null, "lanes": null, "oneway": null, "bridge": null, "layer": null, "source": null, "adm0_name": "Nepal", "adm1_name": "Bagmati", "adm2_name": "Nuwakot", "adm3_name": "Bidur", "adm4_name": null, "source_feature_count": 1, "source_fids": "1360", "source_ids": "way/340562359", "source_highways": "unclassified", "source_names": "", "source_adm1": "Bagmati", "source_adm2": "Nuwakot", "source_adm3": "Bidur", "source_adm4": "", "attribute_confidence": "high", "start_degree": 3, "end_degree": 3, "topology_role": "intersection_to_intersection", "dangle_flag": false, "short_dangle_flag": false, "component_id": 105, "component_length_km": 4.2093830611933765, "component_segment_count": 19}, "geometry": {"type": "LineString", "coordinates": [[85.1369994, 27.892475299999997], [85.1372251, 27.8919485], [85.1373483, 27.8916609]]}}, {"type": "Feature", "properties": {"fid": 293, "segment_id": 636, "length_m": 264.7369691044895, "length_km": 0.2647369691044895, "highway": "tertiary", "name": "Sinchai Path", "name_en": null, "name_ne": "सिंचाई पथ", "surface": null, "smoothness": null, "lanes": null, "oneway": null, "bridge": null, "layer": null, "source": "Bing", "adm0_name": "Nepal", "adm1_name": "Bagmati", "adm2_name": "Nuwakot", "adm3_name": "Bidur", "adm4_name": null, "source_feature_count": 1, "source_fids": "458", "source_ids": "way/298744770", "source_highways": "tertiary", "source_names": "Sinchai Path", "source_adm1": "Bagmati", "source_adm2": "Nuwakot", "source_adm3": "Bidur", "source_adm4": "", "attribute_confidence": "high", "start_degree": 1, "end_degree": 3, "topology_role": "dead_end_link", "dangle_flag": true, "short_dangle_flag": false, "component_id": 105, "component_length_km": 4.2093830611933765, "component_segment_count": 19}, "geometry": {"type": "LineString", "coordinates": [[85.1383894991296, 27.89651261624496], [85.1380454, 27.8965066], [85.1378417, 27.896502999999992], [85.137611, 27.8964982], [85.1375279, 27.896488699999992], [85.1373911, 27.896479299999996], [85.1371818, 27.8964531], [85.13708530000001, 27.8963832], [85.1370048, 27.896263399999995], [85.1369601, 27.8961582]]}}, {"type": "Feature", "properties": {"fid": 294, "segment_id": 637, "length_m": 102.81500831194664, "length_km": 0.10281500831194665, "highway": "service", "name": null, "name_en": null, "name_ne": null, "surface": null, "smoothness": null, "lanes": null, "oneway": null, "bridge": null, "layer": null, "source": null, "adm0_name": "Nepal", "adm1_name": "Bagmati", "adm2_name": "Nuwakot", "adm3_name": "Bidur", "adm4_name": null, "source_feature_count": 1, "source_fids": "663", "source_ids": "way/340562358", "source_highways": "service", "source_names": "", "source_adm1": "Bagmati", "source_adm2": "Nuwakot", "source_adm3": "Bidur", "source_adm4": "", "attribute_confidence": "high", "start_degree": 3, "end_degree": 1, "topology_role": "dead_end_link", "dangle_flag": true, "short_dangle_flag": false, "component_id": 105, "component_length_km": 4.2093830611933765, "component_segment_count": 19}, "geometry": {"type": "LineString", "coordinates": [[85.1373483, 27.8916609], [85.1376811, 27.891780699999995], [85.1382295, 27.8921456]]}}, {"type": "Feature", "properties": {"fid": 295, "segment_id": 638, "length_m": 156.63964183012718, "length_km": 0.15663964183012719, "highway": "unclassified", "name": null, "name_en": null, "name_ne": null, "surface": null, "smoothness": null, "lanes": null, "oneway": null, "bridge": null, "layer": null, "source": null, "adm0_name": "Nepal", "adm1_name": "Bagmati", "adm2_name": "Nuwakot", "adm3_name": "Bidur", "adm4_name": null, "source_feature_count": 1, "source_fids": "1360", "source_ids": "way/340562359", "source_highways": "unclassified", "source_names": "", "source_adm1": "Bagmati", "source_adm2": "Nuwakot", "source_adm3": "Bidur", "source_adm4": "", "attribute_confidence": "high", "start_degree": 3, "end_degree": 3, "topology_role": "intersection_to_intersection", "dangle_flag": false, "short_dangle_flag": false, "component_id": 105, "component_length_km": 4.2093830611933765, "component_segment_count": 19}, "geometry": {"type": "LineString", "coordinates": [[85.1373483, 27.8916609], [85.1375147, 27.8915139], [85.1378228, 27.891404900000005], [85.1380627, 27.891065899999997], [85.1381851, 27.8906998], [85.1382546, 27.890587699999998]]}}, {"type": "Feature", "properties": {"fid": 296, "segment_id": 639, "length_m": 63.257116438023225, "length_km": 0.06325711643802323, "highway": "unclassified", "name": null, "name_en": null, "name_ne": null, "surface": null, "smoothness": null, "lanes": null, "oneway": null, "bridge": null, "layer": null, "source": "Bing", "adm0_name": "Nepal", "adm1_name": "Bagmati", "adm2_name": "Nuwakot", "adm3_name": "Bidur", "adm4_name": null, "source_feature_count": 1, "source_fids": "1249", "source_ids": "way/1553000666", "source_highways": "unclassified", "source_names": "", "source_adm1": "Bagmati", "source_adm2": "Nuwakot", "source_adm3": "Bidur", "source_adm4": "", "attribute_confidence": "high", "start_degree": 3, "end_degree": 1, "topology_role": "dead_end_link", "dangle_flag": true, "short_dangle_flag": false, "component_id": 108, "component_length_km": 0.8908100008439037, "component_segment_count": 3}, "geometry": {"type": "LineString", "coordinates": [[85.13753680497476, 27.90406483315689], [85.1377093, 27.9040436], [85.137951, 27.903901399999995], [85.1380944, 27.903814100000005]]}}, {"type": "Feature", "properties": {"fid": 297, "segment_id": 640, "length_m": 129.81916058141115, "length_km": 0.12981916058141116, "highway": "unclassified", "name": null, "name_en": null, "name_ne": null, "surface": null, "smoothness": null, "lanes": null, "oneway": null, "bridge": null, "layer": null, "source": null, "adm0_name": "Nepal", "adm1_name": "Bagmati", "adm2_name": "Nuwakot", "adm3_name": "Bidur", "adm4_name": null, "source_feature_count": 1, "source_fids": "391", "source_ids": "way/303470437", "source_highways": "unclassified", "source_names": "", "source_adm1": "Bagmati", "source_adm2": "Nuwakot", "source_adm3": "Bidur", "source_adm4": "", "attribute_confidence": "high", "start_degree": 3, "end_degree": 3, "topology_role": "intersection_to_intersection", "dangle_flag": false, "short_dangle_flag": false, "component_id": 106, "component_length_km": 2.5549594472931587, "component_segment_count": 9}, "geometry": {"type": "LineString", "coordinates": [[85.1374717, 27.9192053], [85.1374673, 27.919242699999998], [85.1373227, 27.919306], [85.13732560000001, 27.919391200000003], [85.13750793079582, 27.91958808953304]]}}, {"type": "Feature", "properties": {"fid": 298, "segment_id": 641, "length_m": 211.60523897621948, "length_km": 0.2116052389762195, "highway": "track", "name": null, "name_en": null, "name_ne": null, "surface": null, "smoothness": null, "lanes": null, "oneway": null, "bridge": null, "layer": null, "source": null, "adm0_name": "Nepal", "adm1_name": "Bagmati", "adm2_name": "Nuwakot", "adm3_name": "Bidur", "adm4_name": null, "source_feature_count": 1, "source_fids": "1011", "source_ids": "way/237590771", "source_highways": "track", "source_names": "", "source_adm1": "Bagmati", "source_adm2": "Nuwakot", "source_adm3": "Bidur", "source_adm4": "", "attribute_confidence": "high", "start_degree": 3, "end_degree": 3, "topology_role": "intersection_to_intersection", "dangle_flag": false, "short_dangle_flag": false, "component_id": 106, "component_length_km": 2.5549594472931587, "component_segment_count": 9}, "geometry": {"type": "LineString", "coordinates": [[85.138946, 27.918080599999996], [85.1389078, 27.918105399999998], [85.1388158, 27.918416500000003], [85.1387661, 27.918605], [85.1385148, 27.9188954], [85.1383629, 27.918983199999996], [85.1380751, 27.919046500000004], [85.137723, 27.919166500000003], [85.1374717, 27.9192053]]}}, {"type": "Feature", "properties": {"fid": 299, "segment_id": 643, "length_m": 182.6661488959085, "length_km": 0.1826661488959085, "highway": "residential", "name": "Trishuli River Bridge", "name_en": null, "name_ne": null, "surface": "asphalt", "smoothness": null, "lanes": "2", "oneway": null, "bridge": "yes", "layer": "1", "source": null, "adm0_name": "Nepal", "adm1_name": "Bagmati", "adm2_name": "Nuwakot", "adm3_name": "Bidur", "adm4_name": null, "source_feature_count": 1, "source_fids": "1268", "source_ids": "way/1219434228", "source_highways": "residential", "source_names": "Trishuli River Bridge", "source_adm1": "Bagmati", "source_adm2": "Nuwakot", "source_adm3": "Bidur", "source_adm4": "", "attribute_confidence": "high", "start_degree": 4, "end_degree": 3, "topology_role": "intersection_to_intersection", "dangle_flag": false, "short_dangle_flag": false, "component_id": 109, "component_length_km": 2.8978699845239393, "component_segment_count": 23}, "geometry": {"type": "LineString", "coordinates": [[85.1391563, 27.909930999999997], [85.1389608, 27.9097853], [85.1381515, 27.909218399999997], [85.1380361, 27.909133199999992], [85.13773898547193, 27.908869956025192]]}}, {"type": "Feature", "properties": {"fid": 300, "segment_id": 644, "length_m": 97.70712750799906, "length_km": 0.09770712750799906, "highway": "unclassified", "name": null, "name_en": null, "name_ne": null, "surface": null, "smoothness": null, "lanes": null, "oneway": null, "bridge": null, "layer": null, "source": null, "adm0_name": "Nepal", "adm1_name": "Bagmati", "adm2_name": "Nuwakot", "adm3_name": "Bidur", "adm4_name": null, "source_feature_count": 1, "source_fids": "1261", "source_ids": "way/340562366", "source_highways": "unclassified", "source_names": "", "source_adm1": "Bagmati", "source_adm2": "Nuwakot", "source_adm3": "Bidur", "source_adm4": "", "attribute_confidence": "high", "start_degree": 3, "end_degree": 1, "topology_role": "dead_end_link", "dangle_flag": true, "short_dangle_flag": false, "component_id": 105, "component_length_km": 4.2093830611933765, "component_segment_count": 19}, "geometry": {"type": "LineString", "coordinates": [[85.13848472356787, 27.889619720874265], [85.1384175, 27.889480399999997], [85.13829610000002, 27.8891667], [85.1381373, 27.8889438]]}}, {"type": "Feature", "properties": {"fid": 301, "segment_id": 645, "length_m": 198.03520522285558, "length_km": 0.1980352052228556, "highway": "path", "name": null, "name_en": null, "name_ne": null, "surface": null, "smoothness": null, "lanes": null, "oneway": null, "bridge": null, "layer": null, "source": null, "adm0_name": "Nepal", "adm1_name": "Bagmati", "adm2_name": "Nuwakot", "adm3_name": "Bidur", "adm4_name": null, "source_feature_count": 1, "source_fids": "105", "source_ids": "way/1553118984", "source_highways": "path", "source_names": "", "source_adm1": "Bagmati", "source_adm2": "Nuwakot", "source_adm3": "Bidur", "source_adm4": "", "attribute_confidence": "high", "start_degree": 3, "end_degree": 1, "topology_role": "dead_end_link", "dangle_flag": true, "short_dangle_flag": false, "component_id": 105, "component_length_km": 4.2093830611933765, "component_segment_count": 19}, "geometry": {"type": "LineString", "coordinates": [[85.1382546, 27.890587699999998], [85.1383319, 27.891278299999996], [85.138434, 27.891571300000003], [85.1384531, 27.891926399999996], [85.1385743, 27.892343499999992]]}}, {"type": "Feature", "properties": {"fid": 302, "segment_id": 646, "length_m": 98.44243895600108, "length_km": 0.09844243895600108, "highway": "unclassified", "name": null, "name_en": null, "name_ne": null, "surface": null, "smoothness": null, "lanes": null, "oneway": null, "bridge": null, "layer": null, "source": null, "adm0_name": "Nepal", "adm1_name": "Bagmati", "adm2_name": "Nuwakot", "adm3_name": "Bidur", "adm4_name": null, "source_feature_count": 1, "source_fids": "1360", "source_ids": "way/340562359", "source_highways": "unclassified", "source_names": "", "source_adm1": "Bagmati", "source_adm2": "Nuwakot", "source_adm3": "Bidur", "source_adm4": "", "attribute_confidence": "high", "start_degree": 3, "end_degree": 3, "topology_role": "intersection_to_intersection", "dangle_flag": false, "short_dangle_flag": false, "component_id": 105, "component_length_km": 4.2093830611933765, "component_segment_count": 19}, "geometry": {"type": "LineString", "coordinates": [[85.1382546, 27.890587699999998], [85.1383276, 27.890470000000004], [85.1384617, 27.890133399999996], [85.13850502182186, 27.889929101612804]]}}, {"type": "Feature", "properties": {"fid": 303, "segment_id": 647, "length_m": 213.55225440841997, "length_km": 0.21355225440841996, "highway": "track", "name": null, "name_en": null, "name_ne": null, "surface": null, "smoothness": null, "lanes": null, "oneway": null, "bridge": null, "layer": null, "source": null, "adm0_name": "Nepal", "adm1_name": "Bagmati", "adm2_name": "Nuwakot", "adm3_name": "Bidur", "adm4_name": null, "source_feature_count": 1, "source_fids": "532", "source_ids": "way/1552647555", "source_highways": "track", "source_names": "", "source_adm1": "Bagmati", "source_adm2": "Nuwakot", "source_adm3": "Bidur", "source_adm4": "", "attribute_confidence": "high", "start_degree": 3, "end_degree": 3, "topology_role": "intersection_to_intersection", "dangle_flag": false, "short_dangle_flag": false, "component_id": 109, "component_length_km": 2.8978699845239393, "component_segment_count": 23}, "geometry": {"type": "LineString", "coordinates": [[85.1379109, 27.912522699999997], [85.13791343778148, 27.91252749617489]]}}, {"type": "Feature", "properties": {"fid": 304, "segment_id": 648, "length_m": 398.90985472116245, "length_km": 0.39890985472116247, "highway": "residential", "name": null, "name_en": null, "name_ne": null, "surface": null, "smoothness": null, "lanes": "1", "oneway": null, "bridge": null, "layer": null, "source": "Bing", "adm0_name": "Nepal", "adm1_name": "Bagmati", "adm2_name": "Nuwakot", "adm3_name": "Bidur", "adm4_name": null, "source_feature_count": 1, "source_fids": "576", "source_ids": "way/1552998044", "source_highways": "residential", "source_names": "", "source_adm1": "Bagmati", "source_adm2": "Nuwakot", "source_adm3": "Bidur", "source_adm4": "", "attribute_confidence": "high", "start_degree": 4, "end_degree": 3, "topology_role": "intersection_to_intersection", "dangle_flag": false, "short_dangle_flag": false, "component_id": 109, "component_length_km": 2.8978699845239393, "component_segment_count": 23}, "geometry": {"type": "LineString", "coordinates": [[85.1391563, 27.909930999999997], [85.1387097, 27.91052229999999], [85.1379573, 27.911497799999996], [85.1378064, 27.91171089999999], [85.1376171, 27.912037899999998], [85.1375656, 27.912134699999996], [85.1373465, 27.9124186], [85.1376358, 27.9124077], [85.1377349, 27.912425300000002], [85.1377301, 27.912549699999996], [85.1379109, 27.912522699999997]]}}, {"type": "Feature", "properties": {"fid": 305, "segment_id": 649, "length_m": 80.40545078260213, "length_km": 0.08040545078260213, "highway": "residential", "name": null, "name_en": null, "name_ne": null, "surface": null, "smoothness": null, "lanes": "1", "oneway": null, "bridge": null, "layer": null, "source": "Bing", "adm0_name": "Nepal", "adm1_name": "Bagmati", "adm2_name": "Nuwakot", "adm3_name": "Bidur", "adm4_name": null, "source_feature_count": 1, "source_fids": "576", "source_ids": "way/1552998044", "source_highways": "residential", "source_names": "", "source_adm1": "Bagmati", "source_adm2": "Nuwakot", "source_adm3": "Bidur", "source_adm4": "", "attribute_confidence": "high", "start_degree": 3, "end_degree": 4, "topology_role": "intersection_to_intersection", "dangle_flag": false, "short_dangle_flag": false, "component_id": 109, "component_length_km": 2.8978699845239393, "component_segment_count": 23}, "geometry": {"type": "LineString", "coordinates": [[85.1379109, 27.912522699999997], [85.13792421292996, 27.912505560706503]]}}, {"type": "Feature", "properties": {"fid": 306, "segment_id": 662, "length_m": 66.55414236873251, "length_km": 0.06655414236873251, "highway": "track", "name": null, "name_en": null, "name_ne": null, "surface": null, "smoothness": null, "lanes": null, "oneway": null, "bridge": null, "layer": null, "source": null, "adm0_name": "Nepal", "adm1_name": "Bagmati", "adm2_name": "Nuwakot", "adm3_name": "Bidur", "adm4_name": null, "source_feature_count": 1, "source_fids": "390", "source_ids": "way/237590775", "source_highways": "track", "source_names": "", "source_adm1": "Bagmati", "source_adm2": "Nuwakot", "source_adm3": "Bidur", "source_adm4": "", "attribute_confidence": "high", "start_degree": 3, "end_degree": 1, "topology_role": "dead_end_link", "dangle_flag": true, "short_dangle_flag": false, "component_id": 106, "component_length_km": 2.5549594472931587, "component_segment_count": 9}, "geometry": {"type": "LineString", "coordinates": [[85.138946, 27.918080599999996], [85.1388413, 27.9178548], [85.1387157, 27.917653399999995], [85.1386893, 27.917638999999998], [85.13869030000001, 27.917540399999996]]}}, {"type": "Feature", "properties": {"fid": 307, "segment_id": 666, "length_m": 504.0439462414756, "length_km": 0.5040439462414756, "highway": "path", "name": null, "name_en": null, "name_ne": null, "surface": null, "smoothness": null, "lanes": null, "oneway": null, "bridge": null, "layer": null, "source": null, "adm0_name": "Nepal", "adm1_name": "Bagmati", "adm2_name": "Nuwakot", "adm3_name": "Bidur", "adm4_name": null, "source_feature_count": 1, "source_fids": "36", "source_ids": "way/341989914", "source_highways": "path", "source_names": "", "source_adm1": "Bagmati", "source_adm2": "Nuwakot", "source_adm3": "Bidur", "source_adm4": "", "attribute_confidence": "high", "start_degree": 1, "end_degree": 1, "topology_role": "dead_end_to_dead_end", "dangle_flag": true, "short_dangle_flag": false, "component_id": 113, "component_length_km": 0.5040439462414756, "component_segment_count": 1}, "geometry": {"type": "MultiLineString", "coordinates": [[[85.1392083, 27.900632], [85.139265, 27.9005246], [85.1392023, 27.900442], [85.1391581, 27.900239], [85.1391312, 27.900035600000002], [85.1390337401581, 27.899771242368356]], [[85.13862889561433, 27.898692553969585], [85.138554, 27.898554], [85.138504, 27.8983853], [85.1384266, 27.898217500000005], [85.1383963, 27.8980515], [85.1383614, 27.897896199999998], [85.1383493, 27.8977575], [85.1383902, 27.897701299999994], [85.13845394576715, 27.897670395323697]]]}}, {"type": "Feature", "properties": {"fid": 308, "segment_id": 667, "length_m": 495.04423452511577, "length_km": 0.49504423452511576, "highway": "track", "name": null, "name_en": null, "name_ne": null, "surface": null, "smoothness": null, "lanes": null, "oneway": null, "bridge": null, "layer": null, "source": null, "adm0_name": "Nepal", "adm1_name": "Bagmati", "adm2_name": "Nuwakot", "adm3_name": "Bidur", "adm4_name": null, "source_feature_count": 1, "source_fids": "544", "source_ids": "way/1553156468", "source_highways": "track", "source_names": "", "source_adm1": "Bagmati", "source_adm2": "Nuwakot", "source_adm3": "Bidur", "source_adm4": "", "attribute_confidence": "high", "start_degree": 3, "end_degree": 1, "topology_role": "dead_end_link", "dangle_flag": true, "short_dangle_flag": false, "component_id": 106, "component_length_km": 2.5549594472931587, "component_segment_count": 9}, "geometry": {"type": "LineString", "coordinates": [[85.138946, 27.918080599999996], [85.1390868, 27.917988999999995], [85.1391978, 27.917906399999996], [85.139414, 27.9179064], [85.139601, 27.917934800000005], [85.1397997, 27.9179942], [85.1399254, 27.9180097], [85.1400861, 27.917963199999996], [85.1401162, 27.918160199999996], [85.14026640000002, 27.918302399999998], [85.1401108, 27.918482600000004], [85.1404488, 27.918567900000003], [85.14095840000002, 27.918745599999998], [85.1414439, 27.919086899999996], [85.1416665, 27.919245699999994], [85.14198030000001, 27.9197316], [85.1421252, 27.919947199999992], [85.1422727, 27.9200894], [85.1423934, 27.920189]]}}, {"type": "Feature", "properties": {"fid": 309, "segment_id": 668, "length_m": 98.08961665738593, "length_km": 0.09808961665738593, "highway": "residential", "name": null, "name_en": null, "name_ne": null, "surface": null, "smoothness": null, "lanes": "1", "oneway": null, "bridge": null, "layer": null, "source": "Bing", "adm0_name": "Nepal", "adm1_name": "Bagmati", "adm2_name": "Nuwakot", "adm3_name": "Bidur", "adm4_name": null, "source_feature_count": 1, "source_fids": "459", "source_ids": "way/303470431", "source_highways": "residential", "source_names": "", "source_adm1": "Bagmati", "source_adm2": "Nuwakot", "source_adm3": "Bidur", "source_adm4": "", "attribute_confidence": "high", "start_degree": 3, "end_degree": 4, "topology_role": "intersection_to_intersection", "dangle_flag": false, "short_dangle_flag": false, "component_id": 109, "component_length_km": 2.8978699845239393, "component_segment_count": 23}, "geometry": {"type": "LineString", "coordinates": [[85.13981470000002, 27.9092986], [85.13970260000002, 27.909315599999992], [85.13953740000001, 27.909485699999998], [85.1393733, 27.9096847], [85.1391563, 27.909930999999997]]}}, {"type": "Feature", "properties": {"fid": 310, "segment_id": 669, "length_m": 151.52650056090627, "length_km": 0.15152650056090627, "highway": "path", "name": null, "name_en": null, "name_ne": null, "surface": null, "smoothness": null, "lanes": null, "oneway": null, "bridge": null, "layer": null, "source": null, "adm0_name": "Nepal", "adm1_name": "Bagmati", "adm2_name": "Nuwakot", "adm3_name": "Bidur", "adm4_name": null, "source_feature_count": 1, "source_fids": "526", "source_ids": "way/341413085", "source_highways": "path", "source_names": "", "source_adm1": "Bagmati", "source_adm2": "Nuwakot", "source_adm3": "Bidur", "source_adm4": "", "attribute_confidence": "high", "start_degree": 3, "end_degree": 4, "topology_role": "intersection_to_intersection", "dangle_flag": false, "short_dangle_flag": false, "component_id": 109, "component_length_km": 2.8978699845239393, "component_segment_count": 23}, "geometry": {"type": "LineString", "coordinates": [[85.13942427446986, 27.910589028019686], [85.13946790000001, 27.9104916], [85.1394807, 27.910407899999996], [85.13949000000001, 27.910287699999994], [85.1394866, 27.9101822], [85.1394789, 27.9101016], [85.1393981, 27.909995399999996], [85.1392817, 27.909917899999993], [85.1391563, 27.909930999999997]]}}, {"type": "Feature", "properties": {"fid": 311, "segment_id": 670, "length_m": 208.42185371586876, "length_km": 0.20842185371586877, "highway": "residential", "name": null, "name_en": null, "name_ne": null, "surface": null, "smoothness": null, "lanes": "1", "oneway": null, "bridge": null, "layer": null, "source": "Bing", "adm0_name": "Nepal", "adm1_name": "Bagmati", "adm2_name": "Nuwakot", "adm3_name": "Bidur", "adm4_name": null, "source_feature_count": 1, "source_fids": "459", "source_ids": "way/303470431", "source_highways": "residential", "source_names": "", "source_adm1": "Bagmati", "source_adm2": "Nuwakot", "source_adm3": "Bidur", "source_adm4": "", "attribute_confidence": "high", "start_degree": 3, "end_degree": 3, "topology_role": "intersection_to_intersection", "dangle_flag": false, "short_dangle_flag": false, "component_id": 109, "component_length_km": 2.8978699845239393, "component_segment_count": 23}, "geometry": {"type": "LineString", "coordinates": [[85.1396948919507, 27.910355624392295], [85.13972590000002, 27.9101989], [85.1397453, 27.910015900000005], [85.1397336, 27.9096952], [85.1397775, 27.9095421], [85.1398281, 27.909449100000003], [85.1398484, 27.9093579], [85.13981470000002, 27.9092986]]}}, {"type": "Feature", "properties": {"fid": 312, "segment_id": 671, "length_m": 4.728814425468763, "length_km": 0.004728814425468763, "highway": "path", "name": null, "name_en": null, "name_ne": null, "surface": null, "smoothness": null, "lanes": null, "oneway": null, "bridge": null, "layer": null, "source": null, "adm0_name": "Nepal", "adm1_name": "Bagmati", "adm2_name": "Nuwakot", "adm3_name": "Bidur", "adm4_name": null, "source_feature_count": 1, "source_fids": "11", "source_ids": "way/1552635841", "source_highways": "path", "source_names": "", "source_adm1": "Bagmati", "source_adm2": "Nuwakot", "source_adm3": "Bidur", "source_adm4": "", "attribute_confidence": "high", "start_degree": 3, "end_degree": 1, "topology_role": "dead_end_link", "dangle_flag": true, "short_dangle_flag": true, "component_id": 109, "component_length_km": 2.8978699845239393, "component_segment_count": 23}, "geometry": {"type": "LineString", "coordinates": [[85.1396551, 27.9085017], [85.1396508, 27.908544199999998]]}}, {"type": "Feature", "properties": {"fid": 313, "segment_id": 672, "length_m": 103.98415164994252, "length_km": 0.10398415164994251, "highway": "path", "name": null, "name_en": null, "name_ne": null, "surface": null, "smoothness": null, "lanes": null, "oneway": null, "bridge": null, "layer": null, "source": null, "adm0_name": "Nepal", "adm1_name": "Bagmati", "adm2_name": "Nuwakot", "adm3_name": "Bidur", "adm4_name": null, "source_feature_count": 1, "source_fids": "1243", "source_ids": "way/341989928", "source_highways": "path", "source_names": "", "source_adm1": "Bagmati", "source_adm2": "Nuwakot", "source_adm3": "Bidur", "source_adm4": "", "attribute_confidence": "high", "start_degree": 3, "end_degree": 3, "topology_role": "intersection_to_intersection", "dangle_flag": false, "short_dangle_flag": false, "component_id": 109, "component_length_km": 2.8978699845239393, "component_segment_count": 23}, "geometry": {"type": "LineString", "coordinates": [[85.1398632, 27.909133700000005], [85.13966472417505, 27.909114593840883], [85.13953299612044, 27.909120866605402], [85.1394953595334, 27.909026775137807], [85.1395858, 27.908721099999998], [85.1396551, 27.9085017]]}}, {"type": "Feature", "properties": {"fid": 314, "segment_id": 673, "length_m": 42.987945911595055, "length_km": 0.042987945911595056, "highway": "path", "name": null, "name_en": null, "name_ne": null, "surface": null, "smoothness": null, "lanes": null, "oneway": null, "bridge": null, "layer": null, "source": null, "adm0_name": "Nepal", "adm1_name": "Bagmati", "adm2_name": "Nuwakot", "adm3_name": "Bidur", "adm4_name": null, "source_feature_count": 1, "source_fids": "1243", "source_ids": "way/341989928", "source_highways": "path", "source_names": "", "source_adm1": "Bagmati", "source_adm2": "Nuwakot", "source_adm3": "Bidur", "source_adm4": "", "attribute_confidence": "high", "start_degree": 3, "end_degree": 1, "topology_role": "dead_end_link", "dangle_flag": true, "short_dangle_flag": false, "component_id": 109, "component_length_km": 2.8978699845239393, "component_segment_count": 23}, "geometry": {"type": "LineString", "coordinates": [[85.1396551, 27.9085017], [85.139658, 27.908475], [85.139737, 27.908120799999995]]}}, {"type": "Feature", "properties": {"fid": 315, "segment_id": 674, "length_m": 18.887586572195616, "length_km": 0.018887586572195615, "highway": "residential", "name": null, "name_en": null, "name_ne": null, "surface": null, "smoothness": null, "lanes": null, "oneway": null, "bridge": null, "layer": null, "source": null, "adm0_name": "Nepal", "adm1_name": "Bagmati", "adm2_name": "Nuwakot", "adm3_name": "Bidur", "adm4_name": null, "source_feature_count": 1, "source_fids": "575", "source_ids": "way/1552636112", "source_highways": "residential", "source_names": "", "source_adm1": "Bagmati", "source_adm2": "Nuwakot", "source_adm3": "Bidur", "source_adm4": "", "attribute_confidence": "high", "start_degree": 3, "end_degree": 3, "topology_role": "intersection_to_intersection", "dangle_flag": false, "short_dangle_flag": false, "component_id": 109, "component_length_km": 2.8978699845239393, "component_segment_count": 23}, "geometry": {"type": "LineString", "coordinates": [[85.13981470000002, 27.9092986], [85.1398632, 27.909133700000005]]}}, {"type": "Feature", "properties": {"fid": 316, "segment_id": 675, "length_m": 255.87445455070844, "length_km": 0.25587445455070845, "highway": "residential", "name": null, "name_en": null, "name_ne": null, "surface": null, "smoothness": null, "lanes": null, "oneway": null, "bridge": null, "layer": null, "source": null, "adm0_name": "Nepal", "adm1_name": "Bagmati", "adm2_name": "Nuwakot", "adm3_name": "Bidur", "adm4_name": null, "source_feature_count": 1, "source_fids": "575", "source_ids": "way/1552636112", "source_highways": "residential", "source_names": "", "source_adm1": "Bagmati", "source_adm2": "Nuwakot", "source_adm3": "Bidur", "source_adm4": "", "attribute_confidence": "high", "start_degree": 3, "end_degree": 1, "topology_role": "dead_end_link", "dangle_flag": true, "short_dangle_flag": false, "component_id": 109, "component_length_km": 2.8978699845239393, "component_segment_count": 23}, "geometry": {"type": "LineString", "coordinates": [[85.1398632, 27.909133700000005], [85.1399842, 27.909039000000003], [85.1400042, 27.908959100000004], [85.14005100000001, 27.908833299999994], [85.1401526, 27.9086501], [85.1402075, 27.9085783], [85.1402502, 27.908513599999996], [85.1404523, 27.908309199999998], [85.1406454, 27.908152799999996], [85.140978, 27.907857699999997], [85.1414459, 27.9073405]]}}, {"type": "Feature", "properties": {"fid": 317, "segment_id": 684, "length_m": 24.54830000160363, "length_km": 0.02454830000160363, "highway": "residential", "name": null, "name_en": null, "name_ne": null, "surface": null, "smoothness": null, "lanes": null, "oneway": null, "bridge": null, "layer": null, "source": "Bing", "adm0_name": "Nepal", "adm1_name": "Bagmati", "adm2_name": "Nuwakot", "adm3_name": "Bidur", "adm4_name": null, "source_feature_count": 1, "source_fids": "884", "source_ids": "way/340485619", "source_highways": "residential", "source_names": "", "source_adm1": "Bagmati", "source_adm2": "Nuwakot", "source_adm3": "Bidur", "source_adm4": "", "attribute_confidence": "high", "start_degree": 3, "end_degree": 1, "topology_role": "dead_end_link", "dangle_flag": true, "short_dangle_flag": false, "component_id": 117, "component_length_km": 0.1895811139704176, "component_segment_count": 3}, "geometry": {"type": "LineString", "coordinates": [[85.1410174, 27.909181699999998], [85.14076990000001, 27.909154699999988]]}}, {"type": "Feature", "properties": {"fid": 318, "segment_id": 686, "length_m": 101.62988775689848, "length_km": 0.10162988775689849, "highway": "residential", "name": null, "name_en": null, "name_ne": null, "surface": null, "smoothness": null, "lanes": null, "oneway": null, "bridge": null, "layer": null, "source": "Bing", "adm0_name": "Nepal", "adm1_name": "Bagmati", "adm2_name": "Nuwakot", "adm3_name": "Bidur", "adm4_name": null, "source_feature_count": 1, "source_fids": "884", "source_ids": "way/340485619", "source_highways": "residential", "source_names": "", "source_adm1": "Bagmati", "source_adm2": "Nuwakot", "source_adm3": "Bidur", "source_adm4": "", "attribute_confidence": "high", "start_degree": 1, "end_degree": 3, "topology_role": "dead_end_link", "dangle_flag": true, "short_dangle_flag": false, "component_id": 117, "component_length_km": 0.1895811139704176, "component_segment_count": 3}, "geometry": {"type": "LineString", "coordinates": [[85.14105161766074, 27.909185444198293], [85.1410174, 27.909181699999998]]}}, {"type": "Feature", "properties": {"fid": 319, "segment_id": 687, "length_m": 63.402926211915485, "length_km": 0.06340292621191548, "highway": "track", "name": null, "name_en": null, "name_ne": null, "surface": null, "smoothness": null, "lanes": null, "oneway": null, "bridge": null, "layer": null, "source": null, "adm0_name": "Nepal", "adm1_name": "Bagmati", "adm2_name": "Nuwakot", "adm3_name": "Bidur", "adm4_name": null, "source_feature_count": 1, "source_fids": "443", "source_ids": "way/1552640299", "source_highways": "track", "source_names": "", "source_adm1": "Bagmati", "source_adm2": "Nuwakot", "source_adm3": "Bidur", "source_adm4": "", "attribute_confidence": "high", "start_degree": 3, "end_degree": 1, "topology_role": "dead_end_link", "dangle_flag": true, "short_dangle_flag": false, "component_id": 117, "component_length_km": 0.1895811139704176, "component_segment_count": 3}, "geometry": {"type": "LineString", "coordinates": [[85.1410174, 27.909181699999998], [85.1410686, 27.9089698], [85.1410824, 27.9088445], [85.141104, 27.908615799999993]]}}, {"type": "Feature", "properties": {"fid": 320, "segment_id": 697, "length_m": 514.527711926473, "length_km": 0.514527711926473, "highway": "primary", "name": "Pasang Lhamu Highway", "name_en": null, "name_ne": null, "surface": "asphalt", "smoothness": null, "lanes": null, "oneway": null, "bridge": null, "layer": null, "source": null, "adm0_name": "Nepal", "adm1_name": "Bagmati", "adm2_name": "Nuwakot", "adm3_name": "Bidur", "adm4_name": null, "source_feature_count": 1, "source_fids": "1099", "source_ids": "way/44652558", "source_highways": "primary", "source_names": "Pasang Lhamu Highway", "source_adm1": "Bagmati", "source_adm2": "Nuwakot", "source_adm3": "Bidur", "source_adm4": "", "attribute_confidence": "high", "start_degree": 3, "end_degree": 3, "topology_role": "intersection_to_intersection", "dangle_flag": false, "short_dangle_flag": false, "component_id": 115, "component_length_km": 46.81276290964051, "component_segment_count": 183}, "geometry": {"type": "MultiLineString", "coordinates": [[[85.1459278, 27.9197227], [85.145677, 27.9195534], [85.14495480000001, 27.919065899999996], [85.1446579, 27.918748699999995], [85.1444052, 27.9185771], [85.1443462, 27.918534299999997], [85.1441509, 27.9183727], [85.1440661, 27.918237499999996], [85.1439094, 27.9180588], [85.1435846128552, 27.917842375160102]], [[85.14297295320995, 27.91743477582602], [85.14258562568982, 27.917176647933204]]]}}, {"type": "Feature", "properties": {"fid": 321, "segment_id": 699, "length_m": 207.82950739878294, "length_km": 0.20782950739878295, "highway": "residential", "name": null, "name_en": null, "name_ne": null, "surface": null, "smoothness": null, "lanes": null, "oneway": null, "bridge": null, "layer": null, "source": null, "adm0_name": "Nepal", "adm1_name": "Bagmati", "adm2_name": "Nuwakot", "adm3_name": "Bidur", "adm4_name": null, "source_feature_count": 1, "source_fids": "482", "source_ids": "way/303470442", "source_highways": "residential", "source_names": "", "source_adm1": "Bagmati", "source_adm2": "Nuwakot", "source_adm3": "Bidur", "source_adm4": "", "attribute_confidence": "high", "start_degree": 1, "end_degree": 1, "topology_role": "dead_end_to_dead_end", "dangle_flag": true, "short_dangle_flag": false, "component_id": 118, "component_length_km": 0.20782950739878295, "component_segment_count": 1}, "geometry": {"type": "LineString", "coordinates": [[85.14490405072799, 27.91900987984804], [85.14501068772458, 27.918840515206394], [85.1448874, 27.9185068], [85.14483235459008, 27.91833811078322]]}}, {"type": "Feature", "properties": {"fid": 322, "segment_id": 701, "length_m": 245.95126764698858, "length_km": 0.24595126764698858, "highway": "tertiary", "name": null, "name_en": null, "name_ne": null, "surface": "asphalt", "smoothness": null, "lanes": null, "oneway": null, "bridge": null, "layer": null, "source": null, "adm0_name": "Nepal", "adm1_name": "Bagmati", "adm2_name": "Nuwakot", "adm3_name": "Bidur", "adm4_name": null, "source_feature_count": 1, "source_fids": "380", "source_ids": "way/237590761", "source_highways": "tertiary", "source_names": "", "source_adm1": "Bagmati", "source_adm2": "Nuwakot", "source_adm3": "Bidur", "source_adm4": "", "attribute_confidence": "high", "start_degree": 3, "end_degree": 3, "topology_role": "intersection_to_intersection", "dangle_flag": false, "short_dangle_flag": false, "component_id": 115, "component_length_km": 46.81276290964051, "component_segment_count": 183}, "geometry": {"type": "LineString", "coordinates": [[85.1480568, 27.920859599999996], [85.1480043, 27.9208407], [85.1478918, 27.920773399999998], [85.1476318, 27.9205746], [85.146951, 27.920318999999992], [85.1465653, 27.920109899999996], [85.1459278, 27.9197227]]}}, {"type": "Feature", "properties": {"fid": 323, "segment_id": 702, "length_m": 836.1448800998079, "length_km": 0.8361448800998079, "highway": "primary", "name": "Pasang Lhamu Highway", "name_en": null, "name_ne": null, "surface": "asphalt", "smoothness": null, "lanes": null, "oneway": null, "bridge": null, "layer": null, "source": null, "adm0_name": "Nepal", "adm1_name": "Bagmati", "adm2_name": "Nuwakot", "adm3_name": "Bidur", "adm4_name": null, "source_feature_count": 1, "source_fids": "1099", "source_ids": "way/44652558", "source_highways": "primary", "source_names": "Pasang Lhamu Highway", "source_adm1": "Bagmati", "source_adm2": "Nuwakot", "source_adm3": "Bidur", "source_adm4": "", "attribute_confidence": "high", "start_degree": 1, "end_degree": 3, "topology_role": "dead_end_link", "dangle_flag": true, "short_dangle_flag": false, "component_id": 115, "component_length_km": 46.81276290964051, "component_segment_count": 183}, "geometry": {"type": "MultiLineString", "coordinates": [[[85.14844035556688, 27.92025225884318], [85.14817610000001, 27.920227099999998], [85.1480203, 27.9202065], [85.14800129659676, 27.92019988926022]], [[85.14761468777876, 27.920065398392218], [85.1470576, 27.919871599999997], [85.1468546, 27.9198136], [85.1459673, 27.919702199999996], [85.1459278, 27.9197227]]]}}, {"type": "Feature", "properties": {"fid": 324, "segment_id": 704, "length_m": 129.88668014213255, "length_km": 0.12988668014213256, "highway": "residential", "name": null, "name_en": null, "name_ne": null, "surface": "paving_stones", "smoothness": null, "lanes": null, "oneway": null, "bridge": null, "layer": null, "source": null, "adm0_name": "Nepal", "adm1_name": "Bagmati", "adm2_name": "Nuwakot", "adm3_name": "Bidur", "adm4_name": null, "source_feature_count": 1, "source_fids": "876", "source_ids": "way/303470445", "source_highways": "residential", "source_names": "", "source_adm1": "Bagmati", "source_adm2": "Nuwakot", "source_adm3": "Bidur", "source_adm4": "", "attribute_confidence": "high", "start_degree": 3, "end_degree": 1, "topology_role": "dead_end_link", "dangle_flag": true, "short_dangle_flag": false, "component_id": 115, "component_length_km": 46.81276290964051, "component_segment_count": 183}, "geometry": {"type": "LineString", "coordinates": [[85.1479737, 27.922629399999998], [85.1476215, 27.9227058], [85.14711766392975, 27.92285529109104]]}}, {"type": "Feature", "properties": {"fid": 325, "segment_id": 707, "length_m": 423.5107237967121, "length_km": 0.4235107237967121, "highway": "track", "name": null, "name_en": null, "name_ne": null, "surface": null, "smoothness": null, "lanes": null, "oneway": null, "bridge": null, "layer": null, "source": null, "adm0_name": "Nepal", "adm1_name": "Bagmati", "adm2_name": "Nuwakot", "adm3_name": "Bidur", "adm4_name": null, "source_feature_count": 1, "source_fids": "583", "source_ids": "way/264563837", "source_highways": "track", "source_names": "", "source_adm1": "Bagmati", "source_adm2": "Nuwakot", "source_adm3": "Bidur", "source_adm4": "", "attribute_confidence": "high", "start_degree": 1, "end_degree": 3, "topology_role": "dead_end_link", "dangle_flag": true, "short_dangle_flag": false, "component_id": 115, "component_length_km": 46.81276290964051, "component_segment_count": 183}, "geometry": {"type": "LineString", "coordinates": [[85.1490854, 27.931005099999997], [85.1488387, 27.930635399999996], [85.1487609, 27.9305003], [85.1486241, 27.930355799999997], [85.1484953, 27.930253900000004], [85.1483532, 27.930111700000005], [85.1482083, 27.9299885], [85.1481146, 27.929891299999994], [85.1480636, 27.929891299999994], [85.1479912, 27.929915], [85.14782490000002, 27.929988499999997], [85.1476981, 27.930044799999997], [85.1475647, 27.930057199999997], [85.1473877, 27.930050100000003], [85.1472054, 27.930039299999994], [85.1470966, 27.930035199999992], [85.1470337, 27.930066699999998], [85.1469337, 27.9300163], [85.14693315163413, 27.930016138115565]]}}, {"type": "Feature", "properties": {"fid": 326, "segment_id": 710, "length_m": 444.526908964237, "length_km": 0.444526908964237, "highway": "tertiary", "name": null, "name_en": null, "name_ne": null, "surface": "asphalt", "smoothness": null, "lanes": null, "oneway": null, "bridge": null, "layer": null, "source": null, "adm0_name": "Nepal", "adm1_name": "Bagmati", "adm2_name": "Nuwakot", "adm3_name": "Bidur", "adm4_name": null, "source_feature_count": 2, "source_fids": "830;838", "source_ids": "way/1360984051;way/341707283", "source_highways": "tertiary;unclassified", "source_names": "", "source_adm1": "Bagmati", "source_adm2": "Nuwakot", "source_adm3": "Bidur", "source_adm4": "", "attribute_confidence": "high", "start_degree": 3, "end_degree": 3, "topology_role": "intersection_to_intersection", "dangle_flag": false, "short_dangle_flag": false, "component_id": 115, "component_length_km": 46.81276290964051, "component_segment_count": 183}, "geometry": {"type": "LineString", "coordinates": [[85.1474954, 27.922170799999996], [85.1472639, 27.922166800000003], [85.1471441, 27.922193300000004], [85.1470243, 27.922303599999996], [85.1468183, 27.922498599999997], [85.1467087, 27.922539199999996], [85.1466154, 27.922520599999995], [85.14646492128529, 27.922408531457634]]}}, {"type": "Feature", "properties": {"fid": 327, "segment_id": 713, "length_m": 72.41371615915688, "length_km": 0.07241371615915687, "highway": "residential", "name": null, "name_en": null, "name_ne": null, "surface": "asphalt", "smoothness": null, "lanes": null, "oneway": null, "bridge": null, "layer": null, "source": null, "adm0_name": "Nepal", "adm1_name": "Bagmati", "adm2_name": "Nuwakot", "adm3_name": "Bidur", "adm4_name": null, "source_feature_count": 1, "source_fids": "905", "source_ids": "way/303470446", "source_highways": "residential", "source_names": "", "source_adm1": "Bagmati", "source_adm2": "Nuwakot", "source_adm3": "Bidur", "source_adm4": "", "attribute_confidence": "high", "start_degree": 3, "end_degree": 3, "topology_role": "intersection_to_intersection", "dangle_flag": false, "short_dangle_flag": false, "component_id": 115, "component_length_km": 46.81276290964051, "component_segment_count": 183}, "geometry": {"type": "LineString", "coordinates": [[85.1479737, 27.922629399999998], [85.1479086, 27.9224593], [85.1477764, 27.922316900000002], [85.1474954, 27.922170799999996]]}}, {"type": "Feature", "properties": {"fid": 328, "segment_id": 714, "length_m": 44.013184946551945, "length_km": 0.044013184946551945, "highway": "tertiary", "name": "Trishuli Bazar Road", "name_en": null, "name_ne": null, "surface": null, "smoothness": null, "lanes": null, "oneway": null, "bridge": null, "layer": null, "source": null, "adm0_name": "Nepal", "adm1_name": "Bagmati", "adm2_name": "Nuwakot", "adm3_name": "Bidur", "adm4_name": null, "source_feature_count": 1, "source_fids": "468", "source_ids": "way/533183934", "source_highways": "tertiary", "source_names": "Trishuli Bazar Road", "source_adm1": "Bagmati", "source_adm2": "Nuwakot", "source_adm3": "Bidur", "source_adm4": "", "attribute_confidence": "high", "start_degree": 3, "end_degree": 3, "topology_role": "intersection_to_intersection", "dangle_flag": false, "short_dangle_flag": false, "component_id": 115, "component_length_km": 46.81276290964051, "component_segment_count": 183}, "geometry": {"type": "LineString", "coordinates": [[85.1477041, 27.9218386], [85.1476297, 27.9218696], [85.1475305, 27.922077700000003], [85.1474954, 27.922170799999996]]}}, {"type": "Feature", "properties": {"fid": 329, "segment_id": 718, "length_m": 114.50895864060621, "length_km": 0.11450895864060621, "highway": "unclassified", "name": null, "name_en": null, "name_ne": null, "surface": null, "smoothness": null, "lanes": null, "oneway": null, "bridge": null, "layer": null, "source": null, "adm0_name": "Nepal", "adm1_name": "Bagmati", "adm2_name": "Nuwakot", "adm3_name": "Bidur", "adm4_name": null, "source_feature_count": 1, "source_fids": "1240", "source_ids": "way/237590763", "source_highways": "unclassified", "source_names": "", "source_adm1": "Bagmati", "source_adm2": "Nuwakot", "source_adm3": "Bidur", "source_adm4": "", "attribute_confidence": "high", "start_degree": 3, "end_degree": 3, "topology_role": "intersection_to_intersection", "dangle_flag": false, "short_dangle_flag": false, "component_id": 115, "component_length_km": 46.81276290964051, "component_segment_count": 183}, "geometry": {"type": "LineString", "coordinates": [[85.1482907, 27.923223499999995], [85.1479913, 27.923427699999998], [85.1477413, 27.923628499999992], [85.1476142701877, 27.92371852221264]]}}, {"type": "Feature", "properties": {"fid": 330, "segment_id": 719, "length_m": 114.67927753209851, "length_km": 0.11467927753209851, "highway": "tertiary", "name": "Trishuli Naya Pul", "name_en": null, "name_ne": null, "surface": null, "smoothness": null, "lanes": null, "oneway": null, "bridge": "yes", "layer": "1", "source": null, "adm0_name": "Nepal", "adm1_name": "Bagmati", "adm2_name": "Nuwakot", "adm3_name": "Bidur", "adm4_name": null, "source_feature_count": 1, "source_fids": "29", "source_ids": "way/1463147997", "source_highways": "tertiary", "source_names": "Trishuli Naya Pul", "source_adm1": "Bagmati", "source_adm2": "Nuwakot", "source_adm3": "Bidur", "source_adm4": "", "attribute_confidence": "high", "start_degree": 3, "end_degree": 3, "topology_role": "intersection_to_intersection", "dangle_flag": false, "short_dangle_flag": false, "component_id": 115, "component_length_km": 46.81276290964051, "component_segment_count": 183}, "geometry": {"type": "LineString", "coordinates": [[85.1477041, 27.9218386], [85.1478758, 27.921544599999997], [85.1479673, 27.9212007], [85.1480475, 27.9208994], [85.1480568, 27.920859599999996]]}}, {"type": "Feature", "properties": {"fid": 331, "segment_id": 720, "length_m": 422.77075355442116, "length_km": 0.4227707535544212, "highway": "tertiary", "name": null, "name_en": null, "name_ne": null, "surface": "asphalt", "smoothness": null, "lanes": null, "oneway": null, "bridge": null, "layer": null, "source": null, "adm0_name": "Nepal", "adm1_name": "Bagmati", "adm2_name": "Nuwakot", "adm3_name": "Bidur", "adm4_name": null, "source_feature_count": 1, "source_fids": "380", "source_ids": "way/237590761", "source_highways": "tertiary", "source_names": "", "source_adm1": "Bagmati", "source_adm2": "Nuwakot", "source_adm3": "Bidur", "source_adm4": "", "attribute_confidence": "high", "start_degree": 3, "end_degree": 3, "topology_role": "intersection_to_intersection", "dangle_flag": false, "short_dangle_flag": false, "component_id": 115, "component_length_km": 46.81276290964051, "component_segment_count": 183}, "geometry": {"type": "LineString", "coordinates": [[85.1477041, 27.9218386], [85.148045, 27.9218185], [85.1483333, 27.9218753], [85.1485185, 27.921929800000004], [85.1487269, 27.921991100000003], [85.1492805, 27.922194499999993], [85.14937, 27.922104599999997], [85.1494991, 27.921665499999996], [85.1496076, 27.9215], [85.1496026, 27.92143859999999], [85.149556, 27.9213687], [85.1494768, 27.921319500000003], [85.1490743, 27.921126899999997], [85.1487184, 27.9210055], [85.1485259, 27.920936099999995], [85.1482775, 27.92091539999999], [85.1481539, 27.920887099999998], [85.1480568, 27.920859599999996]]}}, {"type": "Feature", "properties": {"fid": 332, "segment_id": 722, "length_m": 71.84792140569336, "length_km": 0.07184792140569335, "highway": "unclassified", "name": null, "name_en": null, "name_ne": null, "surface": "asphalt", "smoothness": null, "lanes": null, "oneway": null, "bridge": null, "layer": null, "source": null, "adm0_name": "Nepal", "adm1_name": "Bagmati", "adm2_name": "Nuwakot", "adm3_name": "Bidur", "adm4_name": null, "source_feature_count": 1, "source_fids": "839", "source_ids": "way/237590776", "source_highways": "unclassified", "source_names": "", "source_adm1": "Bagmati", "source_adm2": "Nuwakot", "source_adm3": "Bidur", "source_adm4": "", "attribute_confidence": "high", "start_degree": 3, "end_degree": 3, "topology_role": "intersection_to_intersection", "dangle_flag": false, "short_dangle_flag": false, "component_id": 115, "component_length_km": 46.81276290964051, "component_segment_count": 183}, "geometry": {"type": "LineString", "coordinates": [[85.14815047087185, 27.924818522101717], [85.1481752, 27.924837]]}}, {"type": "Feature", "properties": {"fid": 333, "segment_id": 723, "length_m": 90.84686899379275, "length_km": 0.09084686899379275, "highway": "unclassified", "name": null, "name_en": null, "name_ne": null, "surface": null, "smoothness": null, "lanes": null, "oneway": null, "bridge": null, "layer": null, "source": null, "adm0_name": "Nepal", "adm1_name": "Bagmati", "adm2_name": "Nuwakot", "adm3_name": "Bidur", "adm4_name": null, "source_feature_count": 1, "source_fids": "1240", "source_ids": "way/237590763", "source_highways": "unclassified", "source_names": "", "source_adm1": "Bagmati", "source_adm2": "Nuwakot", "source_adm3": "Bidur", "source_adm4": "", "attribute_confidence": "high", "start_degree": 3, "end_degree": 4, "topology_role": "intersection_to_intersection", "dangle_flag": false, "short_dangle_flag": false, "component_id": 115, "component_length_km": 46.81276290964051, "component_segment_count": 183}, "geometry": {"type": "LineString", "coordinates": [[85.14797632201407, 27.92420555418373], [85.1486378, 27.923913199999998]]}}, {"type": "Feature", "properties": {"fid": 334, "segment_id": 725, "length_m": 1.8779094152528368, "length_km": 0.0018779094152528368, "highway": "residential", "name": null, "name_en": null, "name_ne": null, "surface": "asphalt", "smoothness": null, "lanes": null, "oneway": null, "bridge": null, "layer": null, "source": null, "adm0_name": "Nepal", "adm1_name": "Bagmati", "adm2_name": "Nuwakot", "adm3_name": "Bidur", "adm4_name": null, "source_feature_count": 1, "source_fids": "905", "source_ids": "way/303470446", "source_highways": "residential", "source_names": "", "source_adm1": "Bagmati", "source_adm2": "Nuwakot", "source_adm3": "Bidur", "source_adm4": "", "attribute_confidence": "high", "start_degree": 3, "end_degree": 3, "topology_role": "intersection_to_intersection", "dangle_flag": false, "short_dangle_flag": false, "component_id": 115, "component_length_km": 46.81276290964051, "component_segment_count": 183}, "geometry": {"type": "LineString", "coordinates": [[85.1479751, 27.9226463], [85.1479737, 27.922629399999998]]}}, {"type": "Feature", "properties": {"fid": 335, "segment_id": 726, "length_m": 71.20454481233085, "length_km": 0.07120454481233085, "highway": "residential", "name": null, "name_en": null, "name_ne": null, "surface": "asphalt", "smoothness": null, "lanes": null, "oneway": null, "bridge": null, "layer": null, "source": null, "adm0_name": "Nepal", "adm1_name": "Bagmati", "adm2_name": "Nuwakot", "adm3_name": "Bidur", "adm4_name": null, "source_feature_count": 1, "source_fids": "905", "source_ids": "way/303470446", "source_highways": "residential", "source_names": "", "source_adm1": "Bagmati", "source_adm2": "Nuwakot", "source_adm3": "Bidur", "source_adm4": "", "attribute_confidence": "high", "start_degree": 3, "end_degree": 3, "topology_role": "intersection_to_intersection", "dangle_flag": false, "short_dangle_flag": false, "component_id": 115, "component_length_km": 46.81276290964051, "component_segment_count": 183}, "geometry": {"type": "LineString", "coordinates": [[85.1482907, 27.923223499999995], [85.1481522, 27.922982499999993], [85.148023, 27.922763799999995], [85.1479751, 27.9226463]]}}, {"type": "Feature", "properties": {"fid": 336, "segment_id": 727, "length_m": 153.176245594575, "length_km": 0.153176245594575, "highway": "residential", "name": "Trishuli Sakhu Bazar", "name_en": null, "name_ne": null, "surface": "paving_stones", "smoothness": null, "lanes": null, "oneway": null, "bridge": null, "layer": null, "source": null, "adm0_name": "Nepal", "adm1_name": "Bagmati", "adm2_name": "Nuwakot", "adm3_name": "Bidur", "adm4_name": null, "source_feature_count": 1, "source_fids": "106", "source_ids": "way/303470439", "source_highways": "residential", "source_names": "Trishuli Sakhu Bazar", "source_adm1": "Bagmati", "source_adm2": "Nuwakot", "source_adm3": "Bidur", "source_adm4": "", "attribute_confidence": "high", "start_degree": 3, "end_degree": 1, "topology_role": "dead_end_link", "dangle_flag": true, "short_dangle_flag": false, "component_id": 115, "component_length_km": 46.81276290964051, "component_segment_count": 183}, "geometry": {"type": "LineString", "coordinates": [[85.1479751, 27.9226463], [85.1488226, 27.9224073], [85.1490023, 27.922409699999992], [85.1492079, 27.922426], [85.1492721, 27.9224183], [85.1493617, 27.922390699999998], [85.1494552, 27.922322200000004]]}}, {"type": "Feature", "properties": {"fid": 337, "segment_id": 728, "length_m": 58.12462583229297, "length_km": 0.05812462583229297, "highway": "path", "name": null, "name_en": null, "name_ne": null, "surface": null, "smoothness": null, "lanes": null, "oneway": null, "bridge": null, "layer": null, "source": null, "adm0_name": "Nepal", "adm1_name": "Bagmati", "adm2_name": "Nuwakot", "adm3_name": "Bidur", "adm4_name": null, "source_feature_count": 1, "source_fids": "837", "source_ids": "way/430923612", "source_highways": "path", "source_names": "", "source_adm1": "Bagmati", "source_adm2": "Nuwakot", "source_adm3": "Bidur", "source_adm4": "", "attribute_confidence": "high", "start_degree": 3, "end_degree": 3, "topology_role": "intersection_to_intersection", "dangle_flag": false, "short_dangle_flag": false, "component_id": 115, "component_length_km": 46.81276290964051, "component_segment_count": 183}, "geometry": {"type": "LineString", "coordinates": [[85.1481752, 27.924837], [85.1481968, 27.924898699999996], [85.1483114, 27.9250927], [85.1483744, 27.9251867], [85.1484747, 27.925283300000004]]}}, {"type": "Feature", "properties": {"fid": 338, "segment_id": 729, "length_m": 77.60761687494164, "length_km": 0.07760761687494164, "highway": "unclassified", "name": null, "name_en": null, "name_ne": null, "surface": "asphalt", "smoothness": null, "lanes": null, "oneway": null, "bridge": null, "layer": null, "source": null, "adm0_name": "Nepal", "adm1_name": "Bagmati", "adm2_name": "Nuwakot", "adm3_name": "Bidur", "adm4_name": null, "source_feature_count": 1, "source_fids": "839", "source_ids": "way/237590776", "source_highways": "unclassified", "source_names": "", "source_adm1": "Bagmati", "source_adm2": "Nuwakot", "source_adm3": "Bidur", "source_adm4": "", "attribute_confidence": "high", "start_degree": 3, "end_degree": 4, "topology_role": "intersection_to_intersection", "dangle_flag": false, "short_dangle_flag": false, "component_id": 115, "component_length_km": 46.81276290964051, "component_segment_count": 183}, "geometry": {"type": "LineString", "coordinates": [[85.1481752, 27.924837], [85.1489194, 27.924605699999994]]}}, {"type": "Feature", "properties": {"fid": 339, "segment_id": 730, "length_m": 83.78549102669973, "length_km": 0.08378549102669973, "highway": "residential", "name": null, "name_en": null, "name_ne": null, "surface": "asphalt", "smoothness": null, "lanes": null, "oneway": null, "bridge": null, "layer": null, "source": null, "adm0_name": "Nepal", "adm1_name": "Bagmati", "adm2_name": "Nuwakot", "adm3_name": "Bidur", "adm4_name": null, "source_feature_count": 1, "source_fids": "905", "source_ids": "way/303470446", "source_highways": "residential", "source_names": "", "source_adm1": "Bagmati", "source_adm2": "Nuwakot", "source_adm3": "Bidur", "source_adm4": "", "attribute_confidence": "high", "start_degree": 4, "end_degree": 3, "topology_role": "intersection_to_intersection", "dangle_flag": false, "short_dangle_flag": false, "component_id": 115, "component_length_km": 46.81276290964051, "component_segment_count": 183}, "geometry": {"type": "LineString", "coordinates": [[85.1486378, 27.923913199999998], [85.1485223, 27.923649499999996], [85.1483281, 27.923297199999993], [85.1482907, 27.923223499999995]]}}, {"type": "Feature", "properties": {"fid": 340, "segment_id": 734, "length_m": 65.20456120508341, "length_km": 0.0652045612050834, "highway": "track", "name": null, "name_en": null, "name_ne": null, "surface": "concrete", "smoothness": null, "lanes": null, "oneway": null, "bridge": null, "layer": null, "source": null, "adm0_name": "Nepal", "adm1_name": "Bagmati", "adm2_name": "Nuwakot", "adm3_name": "Bidur", "adm4_name": null, "source_feature_count": 1, "source_fids": "831", "source_ids": "way/1224447907", "source_highways": "track", "source_names": "", "source_adm1": "Bagmati", "source_adm2": "Nuwakot", "source_adm3": "Bidur", "source_adm4": "", "attribute_confidence": "high", "start_degree": 1, "end_degree": 3, "topology_role": "dead_end_link", "dangle_flag": true, "short_dangle_flag": false, "component_id": 115, "component_length_km": 46.81276290964051, "component_segment_count": 183}, "geometry": {"type": "LineString", "coordinates": [[85.1484821, 27.922952399999996], [85.1486925, 27.923135899999995], [85.1488993, 27.923405799999994]]}}, {"type": "Feature", "properties": {"fid": 341, "segment_id": 736, "length_m": 140.7038278092325, "length_km": 0.14070382780923252, "highway": "track", "name": null, "name_en": null, "name_ne": null, "surface": "unpaved", "smoothness": null, "lanes": null, "oneway": null, "bridge": null, "layer": null, "source": null, "adm0_name": "Nepal", "adm1_name": "Bagmati", "adm2_name": "Nuwakot", "adm3_name": "Bidur", "adm4_name": null, "source_feature_count": 1, "source_fids": "684", "source_ids": "way/306486129", "source_highways": "track", "source_names": "", "source_adm1": "Bagmati", "source_adm2": "Nuwakot", "source_adm3": "Bidur", "source_adm4": "", "attribute_confidence": "high", "start_degree": 3, "end_degree": 3, "topology_role": "intersection_to_intersection", "dangle_flag": false, "short_dangle_flag": false, "component_id": 115, "component_length_km": 46.81276290964051, "component_segment_count": 183}, "geometry": {"type": "LineString", "coordinates": [[85.1484747, 27.925283300000004], [85.1484688, 27.925341], [85.1485117, 27.925421599999993], [85.1487051, 27.925663299999997], [85.1487748, 27.9258719], [85.1487799, 27.926118299999995], [85.14877373324748, 27.926149307828666]]}}, {"type": "Feature", "properties": {"fid": 342, "segment_id": 737, "length_m": 64.3678810814065, "length_km": 0.0643678810814065, "highway": "unclassified", "name": null, "name_en": null, "name_ne": null, "surface": null, "smoothness": null, "lanes": null, "oneway": null, "bridge": null, "layer": null, "source": null, "adm0_name": "Nepal", "adm1_name": "Bagmati", "adm2_name": "Nuwakot", "adm3_name": "Bidur", "adm4_name": null, "source_feature_count": 1, "source_fids": "834", "source_ids": "way/237590777", "source_highways": "unclassified", "source_names": "", "source_adm1": "Bagmati", "source_adm2": "Nuwakot", "source_adm3": "Bidur", "source_adm4": "", "attribute_confidence": "high", "start_degree": 3, "end_degree": 4, "topology_role": "intersection_to_intersection", "dangle_flag": false, "short_dangle_flag": false, "component_id": 115, "component_length_km": 46.81276290964051, "component_segment_count": 183}, "geometry": {"type": "LineString", "coordinates": [[85.1484747, 27.925283300000004], [85.14847910000002, 27.925239600000005], [85.1490463, 27.925053799999997]]}}, {"type": "Feature", "properties": {"fid": 343, "segment_id": 739, "length_m": 81.60418096725628, "length_km": 0.08160418096725629, "highway": "residential", "name": null, "name_en": null, "name_ne": null, "surface": "asphalt", "smoothness": null, "lanes": null, "oneway": null, "bridge": null, "layer": null, "source": null, "adm0_name": "Nepal", "adm1_name": "Bagmati", "adm2_name": "Nuwakot", "adm3_name": "Bidur", "adm4_name": null, "source_feature_count": 1, "source_fids": "905", "source_ids": "way/303470446", "source_highways": "residential", "source_names": "", "source_adm1": "Bagmati", "source_adm2": "Nuwakot", "source_adm3": "Bidur", "source_adm4": "", "attribute_confidence": "high", "start_degree": 4, "end_degree": 4, "topology_role": "intersection_to_intersection", "dangle_flag": false, "short_dangle_flag": false, "component_id": 115, "component_length_km": 46.81276290964051, "component_segment_count": 183}, "geometry": {"type": "LineString", "coordinates": [[85.1489194, 27.924605699999994], [85.1487207, 27.924102299999998], [85.1486378, 27.923913199999998]]}}, {"type": "Feature", "properties": {"fid": 344, "segment_id": 740, "length_m": 42.634417561246785, "length_km": 0.042634417561246786, "highway": "unclassified", "name": null, "name_en": null, "name_ne": null, "surface": null, "smoothness": null, "lanes": null, "oneway": null, "bridge": null, "layer": null, "source": null, "adm0_name": "Nepal", "adm1_name": "Bagmati", "adm2_name": "Nuwakot", "adm3_name": "Bidur", "adm4_name": null, "source_feature_count": 1, "source_fids": "1240", "source_ids": "way/237590763", "source_highways": "unclassified", "source_names": "", "source_adm1": "Bagmati", "source_adm2": "Nuwakot", "source_adm3": "Bidur", "source_adm4": "", "attribute_confidence": "high", "start_degree": 4, "end_degree": 4, "topology_role": "intersection_to_intersection", "dangle_flag": false, "short_dangle_flag": false, "component_id": 115, "component_length_km": 46.81276290964051, "component_segment_count": 183}, "geometry": {"type": "LineString", "coordinates": [[85.1486378, 27.923913199999998], [85.1490356, 27.923761]]}}, {"type": "Feature", "properties": {"fid": 345, "segment_id": 741, "length_m": 48.79348164560521, "length_km": 0.048793481645605215, "highway": "unclassified", "name": null, "name_en": null, "name_ne": null, "surface": "asphalt", "smoothness": null, "lanes": null, "oneway": null, "bridge": null, "layer": null, "source": null, "adm0_name": "Nepal", "adm1_name": "Bagmati", "adm2_name": "Nuwakot", "adm3_name": "Bidur", "adm4_name": null, "source_feature_count": 1, "source_fids": "486", "source_ids": "way/533183933", "source_highways": "unclassified", "source_names": "", "source_adm1": "Bagmati", "source_adm2": "Nuwakot", "source_adm3": "Bidur", "source_adm4": "", "attribute_confidence": "high", "start_degree": 3, "end_degree": 3, "topology_role": "intersection_to_intersection", "dangle_flag": false, "short_dangle_flag": false, "component_id": 115, "component_length_km": 46.81276290964051, "component_segment_count": 183}, "geometry": {"type": "LineString", "coordinates": [[85.14881979980245, 27.926706257877342], [85.1488551, 27.926789800000005], [85.1489252, 27.926867299999998]]}}, {"type": "Feature", "properties": {"fid": 346, "segment_id": 742, "length_m": 41.586574889282815, "length_km": 0.041586574889282815, "highway": "unclassified", "name": null, "name_en": null, "name_ne": null, "surface": null, "smoothness": null, "lanes": null, "oneway": null, "bridge": null, "layer": null, "source": null, "adm0_name": "Nepal", "adm1_name": "Bagmati", "adm2_name": "Nuwakot", "adm3_name": "Bidur", "adm4_name": null, "source_feature_count": 1, "source_fids": "531", "source_ids": "way/264572838", "source_highways": "unclassified", "source_names": "", "source_adm1": "Bagmati", "source_adm2": "Nuwakot", "source_adm3": "Bidur", "source_adm4": "", "attribute_confidence": "high", "start_degree": 3, "end_degree": 4, "topology_role": "intersection_to_intersection", "dangle_flag": false, "short_dangle_flag": false, "component_id": 115, "component_length_km": 46.81276290964051, "component_segment_count": 183}, "geometry": {"type": "LineString", "coordinates": [[85.1488993, 27.923405799999994], [85.1490356, 27.923761]]}}, {"type": "Feature", "properties": {"fid": 347, "segment_id": 743, "length_m": 99.96224801668137, "length_km": 0.09996224801668137, "highway": "track", "name": null, "name_en": null, "name_ne": null, "surface": null, "smoothness": null, "lanes": null, "oneway": null, "bridge": null, "layer": null, "source": null, "adm0_name": "Nepal", "adm1_name": "Bagmati", "adm2_name": "Nuwakot", "adm3_name": "Bidur", "adm4_name": null, "source_feature_count": 1, "source_fids": "485", "source_ids": "way/264572837", "source_highways": "track", "source_names": "", "source_adm1": "Bagmati", "source_adm2": "Nuwakot", "source_adm3": "Bidur", "source_adm4": "", "attribute_confidence": "high", "start_degree": 4, "end_degree": 3, "topology_role": "intersection_to_intersection", "dangle_flag": false, "short_dangle_flag": false, "component_id": 115, "component_length_km": 46.81276290964051, "component_segment_count": 183}, "geometry": {"type": "LineString", "coordinates": [[85.1498574, 27.923188600000003], [85.149526, 27.923165699999995], [85.1492732, 27.923248699999995], [85.1488993, 27.923405799999994]]}}, {"type": "Feature", "properties": {"fid": 348, "segment_id": 744, "length_m": 51.2337735624407, "length_km": 0.0512337735624407, "highway": "residential", "name": null, "name_en": null, "name_ne": null, "surface": "asphalt", "smoothness": null, "lanes": null, "oneway": null, "bridge": null, "layer": null, "source": null, "adm0_name": "Nepal", "adm1_name": "Bagmati", "adm2_name": "Nuwakot", "adm3_name": "Bidur", "adm4_name": null, "source_feature_count": 1, "source_fids": "905", "source_ids": "way/303470446", "source_highways": "residential", "source_names": "", "source_adm1": "Bagmati", "source_adm2": "Nuwakot", "source_adm3": "Bidur", "source_adm4": "", "attribute_confidence": "high", "start_degree": 4, "end_degree": 4, "topology_role": "intersection_to_intersection", "dangle_flag": false, "short_dangle_flag": false, "component_id": 115, "component_length_km": 46.81276290964051, "component_segment_count": 183}, "geometry": {"type": "LineString", "coordinates": [[85.1490463, 27.925053799999997], [85.1490333, 27.924985199999995], [85.1489194, 27.924605699999994]]}}, {"type": "Feature", "properties": {"fid": 349, "segment_id": 745, "length_m": 33.22339733211086, "length_km": 0.03322339733211086, "highway": "unclassified", "name": null, "name_en": null, "name_ne": null, "surface": "asphalt", "smoothness": null, "lanes": null, "oneway": null, "bridge": null, "layer": null, "source": null, "adm0_name": "Nepal", "adm1_name": "Bagmati", "adm2_name": "Nuwakot", "adm3_name": "Bidur", "adm4_name": null, "source_feature_count": 1, "source_fids": "833", "source_ids": "way/237590773", "source_highways": "unclassified", "source_names": "", "source_adm1": "Bagmati", "source_adm2": "Nuwakot", "source_adm3": "Bidur", "source_adm4": "", "attribute_confidence": "high", "start_degree": 4, "end_degree": 3, "topology_role": "intersection_to_intersection", "dangle_flag": false, "short_dangle_flag": false, "component_id": 115, "component_length_km": 46.81276290964051, "component_segment_count": 183}, "geometry": {"type": "LineString", "coordinates": [[85.1489194, 27.924605699999994], [85.1490985, 27.924529599999996], [85.1492273, 27.9244832]]}}, {"type": "Feature", "properties": {"fid": 350, "segment_id": 746, "length_m": 386.5668897001544, "length_km": 0.3865668897001544, "highway": "path", "name": null, "name_en": null, "name_ne": null, "surface": "ground", "smoothness": null, "lanes": null, "oneway": null, "bridge": null, "layer": null, "source": null, "adm0_name": "Nepal", "adm1_name": "Bagmati", "adm2_name": "Nuwakot", "adm3_name": "Bidur", "adm4_name": null, "source_feature_count": 1, "source_fids": "858", "source_ids": "way/341654844", "source_highways": "path", "source_names": "", "source_adm1": "Bagmati", "source_adm2": "Nuwakot", "source_adm3": "Bidur", "source_adm4": "", "attribute_confidence": "high", "start_degree": 3, "end_degree": 4, "topology_role": "intersection_to_intersection", "dangle_flag": false, "short_dangle_flag": false, "component_id": 115, "component_length_km": 46.81276290964051, "component_segment_count": 183}, "geometry": {"type": "LineString", "coordinates": [[85.1489252, 27.926867299999998], [85.14895570000002, 27.927106999999996], [85.1489123, 27.927196700000003], [85.1489419, 27.927667000000003], [85.1492734, 27.9275719], [85.149339, 27.9275087], [85.1494031, 27.927523100000002], [85.1494357, 27.9274773], [85.1495014, 27.9273849], [85.1499169, 27.927590399999996], [85.1503987, 27.927828599999994], [85.1504935, 27.927682499999992], [85.15077370000002, 27.927771999999997], [85.1512164, 27.928011699999995], [85.1511985, 27.928177600000005], [85.15122752319536, 27.928244670418966]]}}, {"type": "Feature", "properties": {"fid": 351, "segment_id": 747, "length_m": 224.00050282018898, "length_km": 0.224000502820189, "highway": "unclassified", "name": null, "name_en": null, "name_ne": null, "surface": "asphalt", "smoothness": null, "lanes": null, "oneway": null, "bridge": null, "layer": null, "source": null, "adm0_name": "Nepal", "adm1_name": "Bagmati", "adm2_name": "Nuwakot", "adm3_name": "Bidur", "adm4_name": null, "source_feature_count": 1, "source_fids": "486", "source_ids": "way/533183933", "source_highways": "unclassified", "source_names": "", "source_adm1": "Bagmati", "source_adm2": "Nuwakot", "source_adm3": "Bidur", "source_adm4": "", "attribute_confidence": "high", "start_degree": 3, "end_degree": 4, "topology_role": "intersection_to_intersection", "dangle_flag": false, "short_dangle_flag": false, "component_id": 115, "component_length_km": 46.81276290964051, "component_segment_count": 183}, "geometry": {"type": "LineString", "coordinates": [[85.1489252, 27.926867299999998], [85.1491005, 27.9268208], [85.1492992, 27.9266194], [85.1493284, 27.9265007], [85.14929770000002, 27.926286400000002], [85.1492525, 27.925971400000005], [85.1492227, 27.925850099999998], [85.1491093, 27.925388], [85.1490463, 27.925053799999997]]}}, {"type": "Feature", "properties": {"fid": 352, "segment_id": 748, "length_m": 82.35161904142325, "length_km": 0.08235161904142325, "highway": "unclassified", "name": null, "name_en": null, "name_ne": null, "surface": null, "smoothness": null, "lanes": null, "oneway": null, "bridge": null, "layer": null, "source": null, "adm0_name": "Nepal", "adm1_name": "Bagmati", "adm2_name": "Nuwakot", "adm3_name": "Bidur", "adm4_name": null, "source_feature_count": 1, "source_fids": "531", "source_ids": "way/264572838", "source_highways": "unclassified", "source_names": "", "source_adm1": "Bagmati", "source_adm2": "Nuwakot", "source_adm3": "Bidur", "source_adm4": "", "attribute_confidence": "high", "start_degree": 4, "end_degree": 3, "topology_role": "intersection_to_intersection", "dangle_flag": false, "short_dangle_flag": false, "component_id": 115, "component_length_km": 46.81276290964051, "component_segment_count": 183}, "geometry": {"type": "LineString", "coordinates": [[85.1490356, 27.923761], [85.1491203, 27.924168199999997], [85.1492273, 27.9244832]]}}, {"type": "Feature", "properties": {"fid": 353, "segment_id": 749, "length_m": 77.40559072711369, "length_km": 0.07740559072711369, "highway": "unclassified", "name": null, "name_en": null, "name_ne": null, "surface": null, "smoothness": null, "lanes": null, "oneway": null, "bridge": null, "layer": null, "source": null, "adm0_name": "Nepal", "adm1_name": "Bagmati", "adm2_name": "Nuwakot", "adm3_name": "Bidur", "adm4_name": null, "source_feature_count": 1, "source_fids": "1240", "source_ids": "way/237590763", "source_highways": "unclassified", "source_names": "", "source_adm1": "Bagmati", "source_adm2": "Nuwakot", "source_adm3": "Bidur", "source_adm4": "", "attribute_confidence": "high", "start_degree": 4, "end_degree": 3, "topology_role": "intersection_to_intersection", "dangle_flag": false, "short_dangle_flag": false, "component_id": 115, "component_length_km": 46.81276290964051, "component_segment_count": 183}, "geometry": {"type": "LineString", "coordinates": [[85.1490356, 27.923761], [85.1495237, 27.923574299999995], [85.1497749, 27.9235356]]}}, {"type": "Feature", "properties": {"fid": 354, "segment_id": 750, "length_m": 88.14637282816628, "length_km": 0.08814637282816627, "highway": "unclassified", "name": null, "name_en": null, "name_ne": null, "surface": null, "smoothness": null, "lanes": null, "oneway": null, "bridge": null, "layer": null, "source": null, "adm0_name": "Nepal", "adm1_name": "Bagmati", "adm2_name": "Nuwakot", "adm3_name": "Bidur", "adm4_name": null, "source_feature_count": 1, "source_fids": "834", "source_ids": "way/237590777", "source_highways": "unclassified", "source_names": "", "source_adm1": "Bagmati", "source_adm2": "Nuwakot", "source_adm3": "Bidur", "source_adm4": "", "attribute_confidence": "high", "start_degree": 4, "end_degree": 1, "topology_role": "dead_end_link", "dangle_flag": true, "short_dangle_flag": false, "component_id": 115, "component_length_km": 46.81276290964051, "component_segment_count": 183}, "geometry": {"type": "LineString", "coordinates": [[85.1490463, 27.925053799999997], [85.1493849, 27.925018799999997], [85.1495456, 27.9249995], [85.1496245, 27.924897499999997], [85.1496639, 27.924675400000005]]}}, {"type": "Feature", "properties": {"fid": 355, "segment_id": 751, "length_m": 39.79637485212593, "length_km": 0.03979637485212593, "highway": "unclassified", "name": null, "name_en": null, "name_ne": null, "surface": "asphalt", "smoothness": null, "lanes": null, "oneway": null, "bridge": null, "layer": null, "source": null, "adm0_name": "Nepal", "adm1_name": "Bagmati", "adm2_name": "Nuwakot", "adm3_name": "Bidur", "adm4_name": null, "source_feature_count": 1, "source_fids": "833", "source_ids": "way/237590773", "source_highways": "unclassified", "source_names": "", "source_adm1": "Bagmati", "source_adm2": "Nuwakot", "source_adm3": "Bidur", "source_adm4": "", "attribute_confidence": "high", "start_degree": 3, "end_degree": 1, "topology_role": "dead_end_link", "dangle_flag": true, "short_dangle_flag": false, "component_id": 115, "component_length_km": 46.81276290964051, "component_segment_count": 183}, "geometry": {"type": "LineString", "coordinates": [[85.1492273, 27.9244832], [85.149623, 27.9244095]]}}, {"type": "Feature", "properties": {"fid": 356, "segment_id": 753, "length_m": 61.824352387365956, "length_km": 0.06182435238736596, "highway": "unclassified", "name": null, "name_en": null, "name_ne": null, "surface": null, "smoothness": null, "lanes": null, "oneway": null, "bridge": null, "layer": null, "source": null, "adm0_name": "Nepal", "adm1_name": "Bagmati", "adm2_name": "Nuwakot", "adm3_name": "Bidur", "adm4_name": null, "source_feature_count": 1, "source_fids": "1240", "source_ids": "way/237590763", "source_highways": "unclassified", "source_names": "", "source_adm1": "Bagmati", "source_adm2": "Nuwakot", "source_adm3": "Bidur", "source_adm4": "", "attribute_confidence": "high", "start_degree": 4, "end_degree": 1, "topology_role": "dead_end_link", "dangle_flag": true, "short_dangle_flag": false, "component_id": 115, "component_length_km": 46.81276290964051, "component_segment_count": 183}, "geometry": {"type": "LineString", "coordinates": [[85.1498574, 27.923188600000003], [85.1498996, 27.9229765], [85.1498465, 27.922830599999998], [85.1498345, 27.922797599999996], [85.1497561, 27.922659699999997]]}}, {"type": "Feature", "properties": {"fid": 357, "segment_id": 754, "length_m": 84.84785835051534, "length_km": 0.08484785835051534, "highway": "service", "name": null, "name_en": null, "name_ne": null, "surface": "asphalt", "smoothness": null, "lanes": null, "oneway": null, "bridge": null, "layer": null, "source": null, "adm0_name": "Nepal", "adm1_name": "Bagmati", "adm2_name": "Nuwakot", "adm3_name": "Bidur", "adm4_name": null, "source_feature_count": 1, "source_fids": "832", "source_ids": "way/258871286", "source_highways": "service", "source_names": "", "source_adm1": "Bagmati", "source_adm2": "Nuwakot", "source_adm3": "Bidur", "source_adm4": "", "attribute_confidence": "high", "start_degree": 3, "end_degree": 1, "topology_role": "dead_end_link", "dangle_flag": true, "short_dangle_flag": false, "component_id": 115, "component_length_km": 46.81276290964051, "component_segment_count": 183}, "geometry": {"type": "LineString", "coordinates": [[85.1497749, 27.9235356], [85.1497189, 27.923697399999995], [85.14976180000001, 27.9238041], [85.1497886, 27.9241074], [85.1497725, 27.9242093], [85.1497752, 27.924285200000003]]}}, {"type": "Feature", "properties": {"fid": 358, "segment_id": 755, "length_m": 39.82040393598382, "length_km": 0.03982040393598382, "highway": "unclassified", "name": null, "name_en": null, "name_ne": null, "surface": null, "smoothness": null, "lanes": null, "oneway": null, "bridge": null, "layer": null, "source": null, "adm0_name": "Nepal", "adm1_name": "Bagmati", "adm2_name": "Nuwakot", "adm3_name": "Bidur", "adm4_name": null, "source_feature_count": 1, "source_fids": "1240", "source_ids": "way/237590763", "source_highways": "unclassified", "source_names": "", "source_adm1": "Bagmati", "source_adm2": "Nuwakot", "source_adm3": "Bidur", "source_adm4": "", "attribute_confidence": "high", "start_degree": 3, "end_degree": 4, "topology_role": "intersection_to_intersection", "dangle_flag": false, "short_dangle_flag": false, "component_id": 115, "component_length_km": 46.81276290964051, "component_segment_count": 183}, "geometry": {"type": "LineString", "coordinates": [[85.1497749, 27.9235356], [85.1498314, 27.923422899999995], [85.1498376, 27.923287799999994], [85.1498574, 27.923188600000003]]}}, {"type": "Feature", "properties": {"fid": 359, "segment_id": 756, "length_m": 26.120574413833474, "length_km": 0.026120574413833475, "highway": "track", "name": null, "name_en": null, "name_ne": null, "surface": null, "smoothness": null, "lanes": null, "oneway": null, "bridge": null, "layer": null, "source": null, "adm0_name": "Nepal", "adm1_name": "Bagmati", "adm2_name": "Nuwakot", "adm3_name": "Bidur", "adm4_name": null, "source_feature_count": 1, "source_fids": "485", "source_ids": "way/264572837", "source_highways": "track", "source_names": "", "source_adm1": "Bagmati", "source_adm2": "Nuwakot", "source_adm3": "Bidur", "source_adm4": "", "attribute_confidence": "high", "start_degree": 1, "end_degree": 4, "topology_role": "dead_end_link", "dangle_flag": true, "short_dangle_flag": false, "component_id": 115, "component_length_km": 46.81276290964051, "component_segment_count": 183}, "geometry": {"type": "LineString", "coordinates": [[85.1501194, 27.923225799999997], [85.149868, 27.923189299999997], [85.1498574, 27.923188600000003]]}}, {"type": "Feature", "properties": {"fid": 360, "segment_id": 757, "length_m": 142.8578512820174, "length_km": 0.14285785128201742, "highway": "unclassified", "name": null, "name_en": null, "name_ne": null, "surface": "unpaved", "smoothness": null, "lanes": null, "oneway": null, "bridge": null, "layer": null, "source": null, "adm0_name": "Nepal", "adm1_name": "Bagmati", "adm2_name": "Nuwakot", "adm3_name": "Bidur", "adm4_name": null, "source_feature_count": 1, "source_fids": "869", "source_ids": "way/341949040", "source_highways": "unclassified", "source_names": "", "source_adm1": "Bagmati", "source_adm2": "Nuwakot", "source_adm3": "Bidur", "source_adm4": "", "attribute_confidence": "high", "start_degree": 3, "end_degree": 3, "topology_role": "intersection_to_intersection", "dangle_flag": false, "short_dangle_flag": false, "component_id": 115, "component_length_km": 46.81276290964051, "component_segment_count": 183}, "geometry": {"type": "LineString", "coordinates": [[85.1518886, 27.9360785], [85.15186425796652, 27.936071888606136]]}}, {"type": "Feature", "properties": {"fid": 361, "segment_id": 758, "length_m": 539.9148907149001, "length_km": 0.5399148907149002, "highway": "track", "name": null, "name_en": null, "name_ne": null, "surface": null, "smoothness": null, "lanes": null, "oneway": null, "bridge": null, "layer": null, "source": null, "adm0_name": "Nepal", "adm1_name": "Bagmati", "adm2_name": "Nuwakot", "adm3_name": "Bidur", "adm4_name": null, "source_feature_count": 1, "source_fids": "702", "source_ids": "way/342032756", "source_highways": "track", "source_names": "", "source_adm1": "Bagmati", "source_adm2": "Nuwakot", "source_adm3": "Bidur", "source_adm4": "", "attribute_confidence": "high", "start_degree": 3, "end_degree": 1, "topology_role": "dead_end_link", "dangle_flag": true, "short_dangle_flag": false, "component_id": 115, "component_length_km": 46.81276290964051, "component_segment_count": 183}, "geometry": {"type": "LineString", "coordinates": [[85.15055763873545, 27.935434733472974], [85.1505781, 27.935330899999997], [85.1506095, 27.935317999999995], [85.1506535, 27.935329099999993], [85.150708, 27.935355000000005], [85.1507583, 27.935379], [85.1508756, 27.935345699999992], [85.1509294, 27.9352885], [85.1509892, 27.935227], [85.1510272, 27.935173099999993], [85.15105740000001, 27.9351415], [85.15111810000002, 27.935091499999995], [85.1511495, 27.9350194], [85.151176, 27.934958599999998], [85.1512092, 27.934889499999997], [85.1512417, 27.9348387], [85.1512765, 27.934794899999996], [85.15134350000001, 27.934746799999996], [85.1513854, 27.9346968], [85.1514168, 27.934646099999995], [85.1514838, 27.934607299999996], [85.151624, 27.934522499999996], [85.1516613, 27.934511500000003], [85.15172490000002, 27.934525099999995], [85.1517604, 27.9345578], [85.15183460000002, 27.934642600000004], [85.1519226, 27.9347037], [85.1519854, 27.9347407], [85.1520702, 27.934759200000002], [85.1521278, 27.934755499999998], [85.1521708, 27.934737899999995], [85.1522032, 27.934692599999998], [85.1522469, 27.9346218], [85.1522887, 27.934554700000003], [85.1523153, 27.934488], [85.152404, 27.9343927], [85.1525002, 27.934327499999995], [85.15257840000001, 27.934249199999996], [85.1526479, 27.934183900000004], [85.1527333, 27.9340896], [85.1527837, 27.9340606], [85.1528771, 27.9340565], [85.15302570000001, 27.934039599999995], [85.1530609, 27.934030099999994], [85.1531155, 27.933978], [85.15312900000002, 27.933868899999993], [85.1531578, 27.9338213], [85.1533604, 27.933679199999997], [85.1537378, 27.933543099999994], [85.1540744, 27.933462499999997], [85.1542957, 27.933461399999995]]}}, {"type": "Feature", "properties": {"fid": 362, "segment_id": 759, "length_m": 149.94054346702708, "length_km": 0.1499405434670271, "highway": "track", "name": null, "name_en": null, "name_ne": null, "surface": null, "smoothness": null, "lanes": null, "oneway": null, "bridge": null, "layer": null, "source": null, "adm0_name": "Nepal", "adm1_name": "Bagmati", "adm2_name": "Nuwakot", "adm3_name": "Bidur", "adm4_name": null, "source_feature_count": 1, "source_fids": "47", "source_ids": "way/264564366", "source_highways": "track", "source_names": "", "source_adm1": "Bagmati", "source_adm2": "Nuwakot", "source_adm3": "Bidur", "source_adm4": "", "attribute_confidence": "high", "start_degree": 1, "end_degree": 3, "topology_role": "dead_end_link", "dangle_flag": true, "short_dangle_flag": false, "component_id": 115, "component_length_km": 46.81276290964051, "component_segment_count": 183}, "geometry": {"type": "LineString", "coordinates": [[85.1506612, 27.931186399999994], [85.1507551, 27.9311129], [85.1508865, 27.931010999999994], [85.150975, 27.930923399999994], [85.1510394, 27.930835699999996], [85.1511011, 27.9307148], [85.15114565397901, 27.93066906450314]]}}, {"type": "Feature", "properties": {"fid": 363, "segment_id": 761, "length_m": 266.19104040367466, "length_km": 0.26619104040367464, "highway": "track", "name": null, "name_en": null, "name_ne": null, "surface": null, "smoothness": null, "lanes": null, "oneway": null, "bridge": null, "layer": null, "source": null, "adm0_name": "Nepal", "adm1_name": "Bagmati", "adm2_name": "Nuwakot", "adm3_name": "Bidur", "adm4_name": null, "source_feature_count": 1, "source_fids": "691", "source_ids": "way/340760660", "source_highways": "track", "source_names": "", "source_adm1": "Bagmati", "source_adm2": "Nuwakot", "source_adm3": "Bidur", "source_adm4": "", "attribute_confidence": "high", "start_degree": 3, "end_degree": 4, "topology_role": "intersection_to_intersection", "dangle_flag": false, "short_dangle_flag": false, "component_id": 115, "component_length_km": 46.81276290964051, "component_segment_count": 183}, "geometry": {"type": "MultiLineString", "coordinates": [[[85.15083468240891, 27.929468113569623], [85.1508227, 27.929454], [85.1508464662199, 27.929344137329387]], [[85.15089698304105, 27.928968910599966], [85.1508899, 27.928944299999998], [85.1508936002866, 27.928892131272978]], [[85.15089885723759, 27.92881801568959], [85.1509041, 27.928744099999996], [85.1509996, 27.928631600000003], [85.15101578004489, 27.928614049132044]]]}}, {"type": "Feature", "properties": {"fid": 364, "segment_id": 762, "length_m": 152.48693886476272, "length_km": 0.15248693886476272, "highway": "track", "name": null, "name_en": null, "name_ne": null, "surface": null, "smoothness": null, "lanes": null, "oneway": null, "bridge": null, "layer": null, "source": null, "adm0_name": "Nepal", "adm1_name": "Bagmati", "adm2_name": "Nuwakot", "adm3_name": "Bidur", "adm4_name": null, "source_feature_count": 1, "source_fids": "691", "source_ids": "way/340760660", "source_highways": "track", "source_names": "", "source_adm1": "Bagmati", "source_adm2": "Nuwakot", "source_adm3": "Bidur", "source_adm4": "", "attribute_confidence": "high", "start_degree": 4, "end_degree": 1, "topology_role": "dead_end_link", "dangle_flag": true, "short_dangle_flag": false, "component_id": 115, "component_length_km": 46.81276290964051, "component_segment_count": 183}, "geometry": {"type": "LineString", "coordinates": [[85.1517867014767, 27.927083171588748], [85.1517826, 27.9270202]]}}, {"type": "Feature", "properties": {"fid": 365, "segment_id": 764, "length_m": 200.5990480781321, "length_km": 0.20059904807813211, "highway": "service", "name": null, "name_en": null, "name_ne": null, "surface": null, "smoothness": null, "lanes": null, "oneway": null, "bridge": null, "layer": null, "source": null, "adm0_name": "Nepal", "adm1_name": "Bagmati", "adm2_name": "Nuwakot", "adm3_name": "Bidur", "adm4_name": null, "source_feature_count": 1, "source_fids": "906", "source_ids": "way/1553111916", "source_highways": "service", "source_names": "", "source_adm1": "Bagmati", "source_adm2": "Nuwakot", "source_adm3": "Bidur", "source_adm4": "", "attribute_confidence": "high", "start_degree": 3, "end_degree": 1, "topology_role": "dead_end_link", "dangle_flag": true, "short_dangle_flag": false, "component_id": 115, "component_length_km": 46.81276290964051, "component_segment_count": 183}, "geometry": {"type": "LineString", "coordinates": [[85.1518886, 27.9360785], [85.1522036, 27.936096399999997], [85.1523082, 27.9360929], [85.1523873, 27.9361], [85.1525804, 27.936150899999998], [85.1528004, 27.936217299999996], [85.1527731, 27.9361855], [85.1527719, 27.936140999999996], [85.1528138, 27.936069899999996], [85.1529324, 27.9361293], [85.1531324, 27.936260599999994], [85.1533659, 27.936401299999996], [85.15348100000001, 27.936484200000002], [85.1535659, 27.9365373]]}}, {"type": "Feature", "properties": {"fid": 366, "segment_id": 765, "length_m": 692.928573839379, "length_km": 0.692928573839379, "highway": "unclassified", "name": null, "name_en": null, "name_ne": null, "surface": null, "smoothness": null, "lanes": null, "oneway": null, "bridge": null, "layer": null, "source": null, "adm0_name": "Nepal", "adm1_name": "Bagmati", "adm2_name": "Nuwakot", "adm3_name": "Bidur", "adm4_name": null, "source_feature_count": 2, "source_fids": "1070", "source_ids": "way/341867681", "source_highways": "unclassified", "source_names": "", "source_adm1": "Bagmati", "source_adm2": "Nuwakot", "source_adm3": "Bidur", "source_adm4": "", "attribute_confidence": "medium", "start_degree": 3, "end_degree": 3, "topology_role": "intersection_to_intersection", "dangle_flag": false, "short_dangle_flag": false, "component_id": 115, "component_length_km": 46.81276290964051, "component_segment_count": 183}, "geometry": {"type": "LineString", "coordinates": [[85.1518886, 27.9360785], [85.1521053, 27.9361724], [85.1522894, 27.9362179], [85.1524666, 27.936268999999996], [85.1526098, 27.936357299999997], [85.1527543, 27.936403200000008], [85.152864, 27.936463], [85.1529623, 27.9365275], [85.1530902, 27.936621199999998], [85.1531931, 27.9366787], [85.1533146, 27.93673649999999], [85.1533884, 27.936807899999998], [85.1534637, 27.936921200000004], [85.1535616, 27.937055399999995], [85.1537098, 27.9371799], [85.1538796, 27.9373074], [85.1540472, 27.937448999999994], [85.1541803, 27.937506099999997], [85.1543152, 27.937577800000003], [85.1543889, 27.937648599999996], [85.154495, 27.93772729999999], [85.1545799, 27.9378098], [85.1547029, 27.937925999999997], [85.15486420000002, 27.938045999999996], [85.1549745, 27.938106], [85.1550806, 27.938218499999998], [85.1552207, 27.9383047], [85.1553013, 27.938364699999994], [85.15545410000001, 27.938469699999995], [85.1555687, 27.938548400000006], [85.1556663, 27.938657099999997], [85.1557554, 27.93872459999999], [85.1558531, 27.93882959999999], [85.1559549, 27.9389196], [85.1560525, 27.939013299999996], [85.1562053, 27.9391697], [85.156327, 27.9393045], [85.1564208, 27.939413299999995], [85.1565036, 27.9395019], [85.1565623, 27.939551199999993], [85.1566534, 27.939626899999997], [85.1567456, 27.939683400000003], [85.1568451, 27.939759599999995], [85.1569338, 27.939847099999998], [85.1569912, 27.9399416], [85.1571119, 27.940103599999997]]}}, {"type": "Feature", "properties": {"fid": 367, "segment_id": 768, "length_m": 306.5176379378961, "length_km": 0.3065176379378961, "highway": "primary", "name": "Pasang Lhamu Highway", "name_en": null, "name_ne": null, "surface": "paved", "smoothness": null, "lanes": null, "oneway": null, "bridge": null, "layer": null, "source": null, "adm0_name": "Nepal", "adm1_name": "Bagmati", "adm2_name": "Nuwakot", "adm3_name": "Bidur", "adm4_name": null, "source_feature_count": 1, "source_fids": "484", "source_ids": "way/27033237", "source_highways": "primary", "source_names": "Pasang Lhamu Highway", "source_adm1": "Bagmati", "source_adm2": "Nuwakot", "source_adm3": "Bidur", "source_adm4": "", "attribute_confidence": "high", "start_degree": 3, "end_degree": 3, "topology_role": "intersection_to_intersection", "dangle_flag": false, "short_dangle_flag": false, "component_id": 115, "component_length_km": 46.81276290964051, "component_segment_count": 183}, "geometry": {"type": "LineString", "coordinates": [[85.15315213997246, 27.93029997691231], [85.1535474, 27.9305511], [85.1538452, 27.930603699999995], [85.1542525, 27.930663299999996], [85.1548193, 27.9308323], [85.15486817765675, 27.930846896965214]]}}, {"type": "Feature", "properties": {"fid": 368, "segment_id": 777, "length_m": 163.6500473395996, "length_km": 0.16365004733959962, "highway": "unclassified", "name": null, "name_en": null, "name_ne": null, "surface": null, "smoothness": null, "lanes": null, "oneway": null, "bridge": null, "layer": null, "source": null, "adm0_name": "Nepal", "adm1_name": "Bagmati", "adm2_name": "Nuwakot", "adm3_name": "Bidur", "adm4_name": null, "source_feature_count": 1, "source_fids": "1070", "source_ids": "way/341867681", "source_highways": "unclassified", "source_names": "", "source_adm1": "Bagmati", "source_adm2": "Nuwakot", "source_adm3": "Bidur", "source_adm4": "", "attribute_confidence": "high", "start_degree": 3, "end_degree": 3, "topology_role": "intersection_to_intersection", "dangle_flag": false, "short_dangle_flag": false, "component_id": 115, "component_length_km": 46.81276290964051, "component_segment_count": 183}, "geometry": {"type": "LineString", "coordinates": [[85.1571119, 27.940103599999997], [85.1571831, 27.940246499999997], [85.1571966, 27.940329800000004], [85.1571993, 27.940567399999996], [85.1571575, 27.9408527], [85.15711167464576, 27.940997220733326]]}}, {"type": "Feature", "properties": {"fid": 369, "segment_id": 778, "length_m": 79.8466681139218, "length_km": 0.0798466681139218, "highway": "track", "name": null, "name_en": null, "name_ne": null, "surface": null, "smoothness": null, "lanes": null, "oneway": null, "bridge": null, "layer": null, "source": null, "adm0_name": "Nepal", "adm1_name": "Bagmati", "adm2_name": "Nuwakot", "adm3_name": "Bidur", "adm4_name": null, "source_feature_count": 1, "source_fids": "900", "source_ids": "way/340620350", "source_highways": "track", "source_names": "", "source_adm1": "Bagmati", "source_adm2": "Nuwakot", "source_adm3": "Bidur", "source_adm4": "", "attribute_confidence": "high", "start_degree": 3, "end_degree": 1, "topology_role": "dead_end_link", "dangle_flag": true, "short_dangle_flag": false, "component_id": 115, "component_length_km": 46.81276290964051, "component_segment_count": 183}, "geometry": {"type": "LineString", "coordinates": [[85.157203, 27.936053600000005], [85.1571279, 27.935912599999998], [85.156857, 27.935401899999995]]}}, {"type": "Feature", "properties": {"fid": 370, "segment_id": 783, "length_m": 222.65677076124334, "length_km": 0.22265677076124335, "highway": "track", "name": null, "name_en": null, "name_ne": null, "surface": null, "smoothness": null, "lanes": null, "oneway": null, "bridge": null, "layer": null, "source": null, "adm0_name": "Nepal", "adm1_name": "Bagmati", "adm2_name": "Nuwakot", "adm3_name": "Bidur", "adm4_name": null, "source_feature_count": 1, "source_fids": "52", "source_ids": "way/342147690", "source_highways": "track", "source_names": "", "source_adm1": "Bagmati", "source_adm2": "Nuwakot", "source_adm3": "Bidur", "source_adm4": "", "attribute_confidence": "high", "start_degree": 3, "end_degree": 3, "topology_role": "intersection_to_intersection", "dangle_flag": false, "short_dangle_flag": false, "component_id": 115, "component_length_km": 46.81276290964051, "component_segment_count": 183}, "geometry": {"type": "LineString", "coordinates": [[85.1588513, 27.9389604], [85.1586668, 27.9390688], [85.1578798, 27.939579800000004], [85.1578283, 27.939556299999992], [85.1577337, 27.939546999999997], [85.1575693, 27.9396561], [85.1572842, 27.939811399999996], [85.1571745, 27.939959900000005], [85.1571119, 27.940103599999997]]}}, {"type": "Feature", "properties": {"fid": 371, "segment_id": 784, "length_m": 342.30821790905475, "length_km": 0.34230821790905475, "highway": "track", "name": null, "name_en": null, "name_ne": null, "surface": null, "smoothness": null, "lanes": null, "oneway": null, "bridge": null, "layer": null, "source": null, "adm0_name": "Nepal", "adm1_name": "Bagmati", "adm2_name": "Nuwakot", "adm3_name": "Bidur", "adm4_name": null, "source_feature_count": 1, "source_fids": "900", "source_ids": "way/340620350", "source_highways": "track", "source_names": "", "source_adm1": "Bagmati", "source_adm2": "Nuwakot", "source_adm3": "Bidur", "source_adm4": "", "attribute_confidence": "high", "start_degree": 3, "end_degree": 3, "topology_role": "intersection_to_intersection", "dangle_flag": false, "short_dangle_flag": false, "component_id": 115, "component_length_km": 46.81276290964051, "component_segment_count": 183}, "geometry": {"type": "LineString", "coordinates": [[85.1585856, 27.938677900000002], [85.1585482, 27.9387218], [85.1584891, 27.938728899999997], [85.158402, 27.9386945], [85.1583188, 27.938624599999997], [85.1582317, 27.9385192], [85.1580533, 27.938272799999993], [85.1579175, 27.938047599999994], [85.1577421, 27.937809699999995], [85.157654, 27.937672200000005], [85.1575872, 27.937533999999996], [85.1574873, 27.9372863], [85.15725000000002, 27.936180399999998], [85.157203, 27.936053600000005]]}}, {"type": "Feature", "properties": {"fid": 372, "segment_id": 785, "length_m": 114.76347124206008, "length_km": 0.11476347124206007, "highway": "path", "name": null, "name_en": null, "name_ne": null, "surface": null, "smoothness": null, "lanes": null, "oneway": null, "bridge": null, "layer": null, "source": null, "adm0_name": "Nepal", "adm1_name": "Bagmati", "adm2_name": "Nuwakot", "adm3_name": "Bidur", "adm4_name": null, "source_feature_count": 1, "source_fids": "98", "source_ids": "way/1553007150", "source_highways": "path", "source_names": "", "source_adm1": "Bagmati", "source_adm2": "Nuwakot", "source_adm3": "Bidur", "source_adm4": "", "attribute_confidence": "high", "start_degree": 3, "end_degree": 3, "topology_role": "intersection_to_intersection", "dangle_flag": false, "short_dangle_flag": false, "component_id": 115, "component_length_km": 46.81276290964051, "component_segment_count": 183}, "geometry": {"type": "LineString", "coordinates": [[85.157203, 27.936053600000005], [85.1572837, 27.935953099999992], [85.1574017, 27.93575759999999], [85.1575224, 27.935589299999997], [85.15752920648043, 27.9355749487261]]}}, {"type": "Feature", "properties": {"fid": 373, "segment_id": 786, "length_m": 299.6226091962742, "length_km": 0.2996226091962742, "highway": "unclassified", "name": null, "name_en": null, "name_ne": null, "surface": null, "smoothness": null, "lanes": null, "oneway": null, "bridge": null, "layer": null, "source": null, "adm0_name": "Nepal", "adm1_name": "Bagmati", "adm2_name": "Nuwakot", "adm3_name": "Bidur", "adm4_name": null, "source_feature_count": 1, "source_fids": "41", "source_ids": "way/342150127", "source_highways": "unclassified", "source_names": "", "source_adm1": "Bagmati", "source_adm2": "Nuwakot", "source_adm3": "Bidur", "source_adm4": "", "attribute_confidence": "high", "start_degree": 3, "end_degree": 3, "topology_role": "intersection_to_intersection", "dangle_flag": false, "short_dangle_flag": false, "component_id": 115, "component_length_km": 46.81276290964051, "component_segment_count": 183}, "geometry": {"type": "LineString", "coordinates": [[85.15786366709152, 27.942605790430296], [85.1580369, 27.942535499999998], [85.1581003, 27.942579499999997], [85.1581629, 27.9427443], [85.1582168, 27.942871400000005], [85.1582722, 27.942985199999995], [85.15829355282945, 27.94302077832541]]}}, {"type": "Feature", "properties": {"fid": 374, "segment_id": 788, "length_m": 413.3343699680229, "length_km": 0.41333436996802286, "highway": "primary", "name": "Pasang Lhamu Highway", "name_en": null, "name_ne": null, "surface": "paved", "smoothness": null, "lanes": null, "oneway": null, "bridge": null, "layer": null, "source": null, "adm0_name": "Nepal", "adm1_name": "Bagmati", "adm2_name": "Nuwakot", "adm3_name": "Bidur", "adm4_name": null, "source_feature_count": 1, "source_fids": "868", "source_ids": "way/379104232", "source_highways": "primary", "source_names": "Pasang Lhamu Highway", "source_adm1": "Bagmati", "source_adm2": "Nuwakot", "source_adm3": "Bidur", "source_adm4": "", "attribute_confidence": "high", "start_degree": 3, "end_degree": 3, "topology_role": "intersection_to_intersection", "dangle_flag": false, "short_dangle_flag": false, "component_id": 115, "component_length_km": 46.81276290964051, "component_segment_count": 183}, "geometry": {"type": "LineString", "coordinates": [[85.15771484524059, 27.936260031334047], [85.1576669, 27.936863999999996], [85.1577112, 27.937245599999997], [85.1577783, 27.937428999999998], [85.1578882, 27.937636499999993], [85.1581229, 27.9381045], [85.1583335, 27.9384114], [85.1585856, 27.938677900000002]]}}, {"type": "Feature", "properties": {"fid": 375, "segment_id": 793, "length_m": 40.7908341163043, "length_km": 0.040790834116304305, "highway": "primary", "name": "Pasang Lhamu Highway", "name_en": null, "name_ne": null, "surface": "paved", "smoothness": null, "lanes": null, "oneway": null, "bridge": null, "layer": null, "source": null, "adm0_name": "Nepal", "adm1_name": "Bagmati", "adm2_name": "Nuwakot", "adm3_name": "Bidur", "adm4_name": null, "source_feature_count": 1, "source_fids": "868", "source_ids": "way/379104232", "source_highways": "primary", "source_names": "Pasang Lhamu Highway", "source_adm1": "Bagmati", "source_adm2": "Nuwakot", "source_adm3": "Bidur", "source_adm4": "", "attribute_confidence": "high", "start_degree": 3, "end_degree": 3, "topology_role": "intersection_to_intersection", "dangle_flag": false, "short_dangle_flag": false, "component_id": 115, "component_length_km": 46.81276290964051, "component_segment_count": 183}, "geometry": {"type": "LineString", "coordinates": [[85.1585856, 27.938677900000002], [85.1588513, 27.9389604]]}}, {"type": "Feature", "properties": {"fid": 376, "segment_id": 794, "length_m": 799.0110066557717, "length_km": 0.7990110066557716, "highway": "track", "name": null, "name_en": null, "name_ne": null, "surface": null, "smoothness": null, "lanes": null, "oneway": null, "bridge": null, "layer": null, "source": null, "adm0_name": "Nepal", "adm1_name": "Bagmati", "adm2_name": "Nuwakot", "adm3_name": "Bidur", "adm4_name": null, "source_feature_count": 3, "source_fids": "435;735", "source_ids": "way/520471219;way/341889628", "source_highways": "track", "source_names": "", "source_adm1": "Bagmati", "source_adm2": "Nuwakot", "source_adm3": "Bidur", "source_adm4": "", "attribute_confidence": "medium", "start_degree": 1, "end_degree": 3, "topology_role": "dead_end_link", "dangle_flag": true, "short_dangle_flag": false, "component_id": 115, "component_length_km": 46.81276290964051, "component_segment_count": 183}, "geometry": {"type": "LineString", "coordinates": [[85.16409224130886, 27.948542447184234], [85.16379742137713, 27.948655356945334], [85.16173995461946, 27.948341718720073], [85.1614311, 27.94823849999999], [85.1610995, 27.947667699999997], [85.1607121, 27.947376299999988], [85.1603781, 27.947173700000004], [85.1603071, 27.947104999999997], [85.1602762, 27.947015], [85.1602507, 27.946914299999996], [85.1602413, 27.9467816], [85.1601555, 27.946532800000004], [85.1597974, 27.9459564], [85.1595155, 27.945553599999993], [85.1593295, 27.9452878], [85.15919833382546, 27.94507861517748]]}}, {"type": "Feature", "properties": {"fid": 377, "segment_id": 795, "length_m": 1026.7132372702617, "length_km": 1.0267132372702616, "highway": "primary", "name": "Pasang Lhamu Highway", "name_en": null, "name_ne": null, "surface": "paved", "smoothness": null, "lanes": null, "oneway": null, "bridge": null, "layer": null, "source": null, "adm0_name": "Nepal", "adm1_name": "Bagmati", "adm2_name": "Nuwakot", "adm3_name": "Bidur", "adm4_name": null, "source_feature_count": 1, "source_fids": "868", "source_ids": "way/379104232", "source_highways": "primary", "source_names": "Pasang Lhamu Highway", "source_adm1": "Bagmati", "source_adm2": "Nuwakot", "source_adm3": "Bidur", "source_adm4": "", "attribute_confidence": "high", "start_degree": 3, "end_degree": 3, "topology_role": "intersection_to_intersection", "dangle_flag": false, "short_dangle_flag": false, "component_id": 115, "component_length_km": 46.81276290964051, "component_segment_count": 183}, "geometry": {"type": "LineString", "coordinates": [[85.1588513, 27.9389604], [85.159578, 27.939797600000002], [85.1597675, 27.9400325], [85.1599535, 27.9402845], [85.1600876, 27.940567699999992], [85.16020160000001, 27.9408722], [85.1603343, 27.941181799999992], [85.1607776, 27.942021199999996], [85.1609358, 27.942278299999998], [85.1610394, 27.9426012], [85.1612281, 27.943277600000002], [85.1618388, 27.944425], [85.1623063, 27.9455154], [85.1625473, 27.945824799999993], [85.162688, 27.9460054], [85.1628507, 27.946269399999995], [85.1629952, 27.946553999999992], [85.163107, 27.946742], [85.1634655, 27.947187899999996]]}}, {"type": "Feature", "properties": {"fid": 378, "segment_id": 796, "length_m": 154.8387120846221, "length_km": 0.1548387120846221, "highway": "track", "name": null, "name_en": null, "name_ne": null, "surface": null, "smoothness": null, "lanes": null, "oneway": null, "bridge": null, "layer": null, "source": null, "adm0_name": "Nepal", "adm1_name": "Bagmati", "adm2_name": "Nuwakot", "adm3_name": "Bidur", "adm4_name": null, "source_feature_count": 1, "source_fids": "437", "source_ids": "way/140412131", "source_highways": "track", "source_names": "", "source_adm1": "Bagmati", "source_adm2": "Nuwakot", "source_adm3": "Bidur", "source_adm4": "", "attribute_confidence": "high", "start_degree": 3, "end_degree": 3, "topology_role": "intersection_to_intersection", "dangle_flag": false, "short_dangle_flag": false, "component_id": 115, "component_length_km": 46.81276290964051, "component_segment_count": 183}, "geometry": {"type": "LineString", "coordinates": [[85.16375117288392, 27.947247077325148], [85.1637523, 27.947262399999996], [85.1634655, 27.947187899999996]]}}, {"type": "Feature", "properties": {"fid": 379, "segment_id": 797, "length_m": 889.8094775776954, "length_km": 0.8898094775776954, "highway": "primary", "name": "Pasang Lhamu Highway", "name_en": null, "name_ne": null, "surface": "paved", "smoothness": null, "lanes": null, "oneway": null, "bridge": null, "layer": null, "source": null, "adm0_name": "Nepal", "adm1_name": "Bagmati", "adm2_name": "Nuwakot", "adm3_name": "Bidur", "adm4_name": null, "source_feature_count": 1, "source_fids": "868", "source_ids": "way/379104232", "source_highways": "primary", "source_names": "Pasang Lhamu Highway", "source_adm1": "Bagmati", "source_adm2": "Nuwakot", "source_adm3": "Bidur", "source_adm4": "", "attribute_confidence": "high", "start_degree": 3, "end_degree": 3, "topology_role": "intersection_to_intersection", "dangle_flag": false, "short_dangle_flag": false, "component_id": 115, "component_length_km": 46.81276290964051, "component_segment_count": 183}, "geometry": {"type": "LineString", "coordinates": [[85.1634655, 27.947187899999996], [85.16375400000001, 27.947493199999997], [85.1639898, 27.9483084], [85.1641788, 27.948633100000006], [85.1642363, 27.9487319], [85.1642276, 27.948934], [85.1640844, 27.9493523], [85.1640745, 27.9495036], [85.1641529, 27.950022], [85.1640751, 27.9503251], [85.1639165, 27.950571599999993], [85.1638472, 27.950762299999997], [85.163897, 27.9513227], [85.1639423, 27.952216099999998], [85.1640911, 27.9533377], [85.1642476, 27.953615899999996], [85.1644139, 27.9538812], [85.1647975, 27.954473599999996], [85.1649724, 27.954752799999994]]}}, {"type": "Feature", "properties": {"fid": 380, "segment_id": 800, "length_m": 1041.8613133521753, "length_km": 1.0418613133521752, "highway": "primary", "name": "Pasang Lhamu Highway", "name_en": null, "name_ne": null, "surface": "paved", "smoothness": null, "lanes": null, "oneway": null, "bridge": null, "layer": null, "source": null, "adm0_name": "Nepal", "adm1_name": "Bagmati", "adm2_name": "Nuwakot", "adm3_name": "Bidur", "adm4_name": null, "source_feature_count": 2, "source_fids": "868", "source_ids": "way/379104232", "source_highways": "primary", "source_names": "Pasang Lhamu Highway", "source_adm1": "Bagmati", "source_adm2": "Nuwakot", "source_adm3": "Bidur", "source_adm4": "", "attribute_confidence": "medium", "start_degree": 3, "end_degree": 3, "topology_role": "intersection_to_intersection", "dangle_flag": false, "short_dangle_flag": false, "component_id": 115, "component_length_km": 46.81276290964051, "component_segment_count": 183}, "geometry": {"type": "MultiLineString", "coordinates": [[[85.1649724, 27.954752799999994], [85.1652427, 27.955167699999997], [85.16526460000001, 27.9554062], [85.1653571, 27.955610800000002], [85.1657903, 27.955662099999998], [85.16601426833049, 27.955812410250726]], [[85.16603623665311, 27.95582715365169], [85.16604441687252, 27.955832643566232]], [[85.16607739592695, 27.95585477648183], [85.1661719, 27.955918199999996], [85.1668106, 27.956219200000003], [85.1673635, 27.9565651], [85.1676642, 27.956809299999993], [85.1678899, 27.9570985], [85.16827290000002, 27.9578785], [85.1685423, 27.958258999999995], [85.1688186, 27.958569400000002], [85.1693869, 27.9592706], [85.1696032, 27.959490599999995], [85.170583, 27.960487199999996], [85.1717464, 27.96160009999999]]]}}, {"type": "Feature", "properties": {"fid": 381, "segment_id": 801, "length_m": 1480.5227959106269, "length_km": 1.4805227959106269, "highway": "unclassified", "name": null, "name_en": null, "name_ne": null, "surface": null, "smoothness": null, "lanes": null, "oneway": null, "bridge": null, "layer": null, "source": null, "adm0_name": "Nepal", "adm1_name": "Bagmati", "adm2_name": "Nuwakot", "adm3_name": "Bidur", "adm4_name": null, "source_feature_count": 1, "source_fids": "1267", "source_ids": "way/533186371", "source_highways": "unclassified", "source_names": "", "source_adm1": "Bagmati", "source_adm2": "Nuwakot", "source_adm3": "Bidur", "source_adm4": "", "attribute_confidence": "high", "start_degree": 3, "end_degree": 3, "topology_role": "intersection_to_intersection", "dangle_flag": false, "short_dangle_flag": false, "component_id": 115, "component_length_km": 46.81276290964051, "component_segment_count": 183}, "geometry": {"type": "LineString", "coordinates": [[85.1707299, 27.96413829999999], [85.1706804, 27.9640623], [85.1706044, 27.963985700000002], [85.1705377, 27.963941699999996], [85.1704887, 27.96392419999999], [85.1704405, 27.963927], [85.17012, 27.963907600000002], [85.1699843, 27.9639231], [85.1699368, 27.963903499999997], [85.1699203, 27.963873999999993], [85.170026, 27.963566599999993], [85.1700312, 27.9635225], [85.1700259, 27.9634766], [85.1700114, 27.963441599999992], [85.1699845, 27.963409699999996], [85.1698907, 27.9633784], [85.1698065, 27.963343999999996], [85.169725, 27.9632873], [85.1695625, 27.963084299999995], [85.1692641, 27.962669099999996], [85.1689376, 27.962163699999998], [85.16873380000001, 27.961883], [85.1685091, 27.961594099999996], [85.1684588, 27.961463099999996], [85.16848950000002, 27.961312599999996], [85.1684921, 27.961118299999995], [85.1682754, 27.960717699999996], [85.1681643, 27.960500899999985], [85.1680908, 27.9603077], [85.1679446, 27.9599083], [85.1677556, 27.9595419], [85.1674556, 27.959113499999997], [85.1673635, 27.958985799999997], [85.1671387, 27.958674599999995], [85.1667055, 27.9581942], [85.1665092, 27.957911799999994], [85.1662855, 27.957630999999996], [85.1660136, 27.957369199999995], [85.1657796, 27.957205599999998], [85.165451, 27.9570846], [85.1646879, 27.956777999999996], [85.164409, 27.956704499999997], [85.1640787, 27.95658389999999], [85.1637344, 27.956439199999995], [85.1636593, 27.9563859], [85.1636281, 27.9563409], [85.16349160000001, 27.956286799999997], [85.1635697, 27.95612079999999], [85.1638121, 27.955599499999998], [85.163916, 27.955382399999998], [85.1640549, 27.9551629], [85.1642206, 27.9551986], [85.1642761, 27.955165899999997], [85.1643574, 27.9548915], [85.1644486, 27.954790699999997], [85.1645836, 27.954889399999995], [85.1649724, 27.954752799999994]]}}, {"type": "Feature", "properties": {"fid": 382, "segment_id": 804, "length_m": 224.2413624958174, "length_km": 0.22424136249581741, "highway": "unclassified", "name": null, "name_en": null, "name_ne": null, "surface": null, "smoothness": null, "lanes": null, "oneway": null, "bridge": null, "layer": null, "source": null, "adm0_name": "Nepal", "adm1_name": "Bagmati", "adm2_name": "Nuwakot", "adm3_name": "Bidur", "adm4_name": null, "source_feature_count": 1, "source_fids": "555", "source_ids": "way/340421702", "source_highways": "unclassified", "source_names": "", "source_adm1": "Bagmati", "source_adm2": "Nuwakot", "source_adm3": "Bidur", "source_adm4": "", "attribute_confidence": "high", "start_degree": 3, "end_degree": 3, "topology_role": "intersection_to_intersection", "dangle_flag": false, "short_dangle_flag": false, "component_id": 115, "component_length_km": 46.81276290964051, "component_segment_count": 183}, "geometry": {"type": "LineString", "coordinates": [[85.1708249, 27.964387], [85.1706711, 27.964399700000005], [85.1704265, 27.96450340000001], [85.1701035, 27.9645719], [85.1699899, 27.9645962], [85.1699614, 27.964648999999998], [85.16996069747508, 27.96469222225563]]}}, {"type": "Feature", "properties": {"fid": 383, "segment_id": 805, "length_m": 178.2499786831848, "length_km": 0.1782499786831848, "highway": "residential", "name": null, "name_en": null, "name_ne": null, "surface": null, "smoothness": null, "lanes": null, "oneway": null, "bridge": null, "layer": null, "source": null, "adm0_name": "Nepal", "adm1_name": "Bagmati", "adm2_name": "Nuwakot", "adm3_name": "Bidur", "adm4_name": null, "source_feature_count": 1, "source_fids": "1356", "source_ids": "way/1552982418", "source_highways": "residential", "source_names": "", "source_adm1": "Bagmati", "source_adm2": "Nuwakot", "source_adm3": "Bidur", "source_adm4": "", "attribute_confidence": "high", "start_degree": 1, "end_degree": 3, "topology_role": "dead_end_link", "dangle_flag": true, "short_dangle_flag": false, "component_id": 115, "component_length_km": 46.81276290964051, "component_segment_count": 183}, "geometry": {"type": "LineString", "coordinates": [[85.1700359, 27.960882599999998], [85.170218, 27.9611862], [85.17033320000002, 27.961268199999996], [85.1705747, 27.961406099999998], [85.1706787, 27.9614832], [85.17087930000001, 27.961652199999996], [85.1710205, 27.9617227], [85.1711264, 27.9618081], [85.1713231, 27.96197529999999]]}}, {"type": "Feature", "properties": {"fid": 384, "segment_id": 806, "length_m": 29.102645351195285, "length_km": 0.029102645351195285, "highway": "unclassified", "name": null, "name_en": null, "name_ne": null, "surface": null, "smoothness": null, "lanes": null, "oneway": null, "bridge": null, "layer": null, "source": null, "adm0_name": "Nepal", "adm1_name": "Bagmati", "adm2_name": "Nuwakot", "adm3_name": "Bidur", "adm4_name": null, "source_feature_count": 1, "source_fids": "1267", "source_ids": "way/533186371", "source_highways": "unclassified", "source_names": "", "source_adm1": "Bagmati", "source_adm2": "Nuwakot", "source_adm3": "Bidur", "source_adm4": "", "attribute_confidence": "high", "start_degree": 3, "end_degree": 3, "topology_role": "intersection_to_intersection", "dangle_flag": false, "short_dangle_flag": false, "component_id": 115, "component_length_km": 46.81276290964051, "component_segment_count": 183}, "geometry": {"type": "LineString", "coordinates": [[85.1708249, 27.964387], [85.1707299, 27.96413829999999]]}}, {"type": "Feature", "properties": {"fid": 385, "segment_id": 807, "length_m": 43.06334224551558, "length_km": 0.04306334224551558, "highway": "residential", "name": null, "name_en": null, "name_ne": null, "surface": "unpaved", "smoothness": "bad", "lanes": "2", "oneway": null, "bridge": null, "layer": null, "source": "Bing", "adm0_name": "Nepal", "adm1_name": "Bagmati", "adm2_name": "Nuwakot", "adm3_name": "Bidur", "adm4_name": null, "source_feature_count": 1, "source_fids": "92", "source_ids": "way/341587491", "source_highways": "residential", "source_names": "", "source_adm1": "Bagmati", "source_adm2": "Nuwakot", "source_adm3": "Bidur", "source_adm4": "", "attribute_confidence": "high", "start_degree": 3, "end_degree": 3, "topology_role": "intersection_to_intersection", "dangle_flag": false, "short_dangle_flag": false, "component_id": 115, "component_length_km": 46.81276290964051, "component_segment_count": 183}, "geometry": {"type": "LineString", "coordinates": [[85.1707299, 27.96413829999999], [85.1708155, 27.964139], [85.1709515, 27.964222999999997], [85.1710455, 27.964260499999995], [85.171123, 27.964287699999996]]}}, {"type": "Feature", "properties": {"fid": 386, "segment_id": 808, "length_m": 16.807576278608078, "length_km": 0.01680757627860808, "highway": "unclassified", "name": null, "name_en": null, "name_ne": null, "surface": null, "smoothness": null, "lanes": null, "oneway": null, "bridge": null, "layer": null, "source": null, "adm0_name": "Nepal", "adm1_name": "Bagmati", "adm2_name": "Nuwakot", "adm3_name": "Bidur", "adm4_name": null, "source_feature_count": 1, "source_fids": "997", "source_ids": "way/341705740", "source_highways": "unclassified", "source_names": "", "source_adm1": "Bagmati", "source_adm2": "Nuwakot", "source_adm3": "Bidur", "source_adm4": "", "attribute_confidence": "high", "start_degree": 3, "end_degree": 3, "topology_role": "intersection_to_intersection", "dangle_flag": false, "short_dangle_flag": false, "component_id": 115, "component_length_km": 46.81276290964051, "component_segment_count": 183}, "geometry": {"type": "LineString", "coordinates": [[85.1708509, 27.9645369], [85.1708249, 27.964387]]}}, {"type": "Feature", "properties": {"fid": 387, "segment_id": 809, "length_m": 1406.4689223324228, "length_km": 1.406468922332423, "highway": "unclassified", "name": null, "name_en": null, "name_ne": null, "surface": null, "smoothness": null, "lanes": null, "oneway": null, "bridge": null, "layer": null, "source": null, "adm0_name": "Nepal", "adm1_name": "Bagmati", "adm2_name": "Nuwakot", "adm3_name": "Bidur", "adm4_name": null, "source_feature_count": 2, "source_fids": "997", "source_ids": "way/341705740", "source_highways": "unclassified", "source_names": "", "source_adm1": "Bagmati", "source_adm2": "Nuwakot", "source_adm3": "Bidur", "source_adm4": "", "attribute_confidence": "medium", "start_degree": 4, "end_degree": 3, "topology_role": "intersection_to_intersection", "dangle_flag": false, "short_dangle_flag": false, "component_id": 115, "component_length_km": 46.81276290964051, "component_segment_count": 183}, "geometry": {"type": "MultiLineString", "coordinates": [[[85.17764727505522, 27.969897619093278], [85.1776265, 27.969854900000005], [85.1774355, 27.969652799999995], [85.17730898054103, 27.969543685559472]], [[85.17730601945102, 27.969541131816555], [85.17727892178497, 27.969517761875956]], [[85.1772103712282, 27.969458641498317], [85.17718874560329, 27.969439990789503]], [[85.17717848851969, 27.969431144712118], [85.17715868690487, 27.969414067082056]], [[85.17714660589273, 27.96940364797555], [85.1770117, 27.969287300000005], [85.1767551, 27.968989799999996], [85.1765381, 27.968774099999994], [85.1762005, 27.968395], [85.1756349, 27.967606399999998], [85.1756125, 27.96756], [85.1756079, 27.967502899999996], [85.1756143, 27.967378299999996], [85.17560150000001, 27.9673284], [85.1755672, 27.9672933], [85.1752062, 27.9671282], [85.1750955, 27.9670501], [85.1746607, 27.966706399999996], [85.1744616, 27.9665866], [85.1741685, 27.966403199999995], [85.1740378, 27.966323300000003], [85.1739124, 27.9662995], [85.1736986, 27.966273200000003], [85.1735071, 27.966212100000003], [85.1734205, 27.9661514], [85.1734138, 27.966052100000002], [85.1734557, 27.965904499999997], [85.1733617, 27.965769800000004], [85.1732354, 27.9657054], [85.1731159, 27.965668399999995], [85.1728459, 27.965630600000004], [85.1726242, 27.965473], [85.1725011, 27.965400500000005], [85.1722343, 27.965369299999995], [85.171974, 27.965323099999992], [85.1712809, 27.965069700000004], [85.1711026, 27.9649912], [85.1709311, 27.964880099999995], [85.1708054, 27.964716400000004], [85.1708509, 27.9645369]]]}}, {"type": "Feature", "properties": {"fid": 388, "segment_id": 810, "length_m": 40.0082697243259, "length_km": 0.0400082697243259, "highway": "residential", "name": null, "name_en": null, "name_ne": null, "surface": null, "smoothness": null, "lanes": null, "oneway": null, "bridge": null, "layer": null, "source": null, "adm0_name": "Nepal", "adm1_name": "Bagmati", "adm2_name": "Nuwakot", "adm3_name": "Bidur", "adm4_name": null, "source_feature_count": 1, "source_fids": "734", "source_ids": "way/1552982424", "source_highways": "residential", "source_names": "", "source_adm1": "Bagmati", "source_adm2": "Nuwakot", "source_adm3": "Bidur", "source_adm4": "", "attribute_confidence": "high", "start_degree": 3, "end_degree": 3, "topology_role": "intersection_to_intersection", "dangle_flag": false, "short_dangle_flag": false, "component_id": 115, "component_length_km": 46.81276290964051, "component_segment_count": 183}, "geometry": {"type": "LineString", "coordinates": [[85.1708509, 27.9645369], [85.1709422, 27.9645041], [85.171053, 27.964410799999996], [85.1711033, 27.9643175], [85.171123, 27.964287699999996]]}}, {"type": "Feature", "properties": {"fid": 389, "segment_id": 811, "length_m": 138.31302047226472, "length_km": 0.13831302047226474, "highway": "residential", "name": null, "name_en": null, "name_ne": null, "surface": "unpaved", "smoothness": "bad", "lanes": "2", "oneway": null, "bridge": null, "layer": null, "source": "Bing", "adm0_name": "Nepal", "adm1_name": "Bagmati", "adm2_name": "Nuwakot", "adm3_name": "Bidur", "adm4_name": null, "source_feature_count": 1, "source_fids": "92", "source_ids": "way/341587491", "source_highways": "residential", "source_names": "", "source_adm1": "Bagmati", "source_adm2": "Nuwakot", "source_adm3": "Bidur", "source_adm4": "", "attribute_confidence": "high", "start_degree": 3, "end_degree": 3, "topology_role": "intersection_to_intersection", "dangle_flag": false, "short_dangle_flag": false, "component_id": 115, "component_length_km": 46.81276290964051, "component_segment_count": 183}, "geometry": {"type": "LineString", "coordinates": [[85.171123, 27.964287699999996], [85.1711717, 27.964304799999997], [85.171294, 27.9643253], [85.171473, 27.9643401], [85.1715824, 27.9643424], [85.1716635, 27.964357099999997], [85.1718618, 27.964401499999994], [85.17200650000001, 27.9643865], [85.17206400000002, 27.964376399999992], [85.1720923, 27.964351999999998], [85.1721023, 27.964318600000002], [85.1721392, 27.964269199999997], [85.1721654, 27.964242899999995], [85.1722021, 27.964201099999993], [85.1722304, 27.96417569999999], [85.1722575, 27.9641491], [85.172367, 27.964099199999993]]}}, {"type": "Feature", "properties": {"fid": 390, "segment_id": 812, "length_m": 171.55660560583215, "length_km": 0.17155660560583214, "highway": "path", "name": null, "name_en": null, "name_ne": null, "surface": "unpaved", "smoothness": "intermediate", "lanes": "2", "oneway": null, "bridge": null, "layer": null, "source": "Bing", "adm0_name": "Nepal", "adm1_name": "Bagmati", "adm2_name": "Nuwakot", "adm3_name": "Bidur", "adm4_name": null, "source_feature_count": 2, "source_fids": "1266;509", "source_ids": "way/341587475;way/1552982425", "source_highways": "path;residential", "source_names": "", "source_adm1": "Bagmati", "source_adm2": "Nuwakot", "source_adm3": "Bidur", "source_adm4": "", "attribute_confidence": "medium", "start_degree": 3, "end_degree": 3, "topology_role": "intersection_to_intersection", "dangle_flag": false, "short_dangle_flag": false, "component_id": 115, "component_length_km": 46.81276290964051, "component_segment_count": 183}, "geometry": {"type": "LineString", "coordinates": [[85.1727612, 27.9625831], [85.172638, 27.962655299999998], [85.1725114, 27.962578], [85.1723677, 27.962498400000005], [85.1722317, 27.962449399999997], [85.1721406, 27.962421699999993], [85.1720186, 27.962377699999994], [85.1717254, 27.962266199999995], [85.1715978, 27.962266899999996], [85.1714963, 27.9622144], [85.171463, 27.9621932], [85.171405, 27.962156299999997], [85.17135, 27.962071099999996], [85.1713231, 27.96197529999999]]}}, {"type": "Feature", "properties": {"fid": 391, "segment_id": 813, "length_m": 58.99663095694191, "length_km": 0.05899663095694191, "highway": "residential", "name": null, "name_en": null, "name_ne": null, "surface": null, "smoothness": null, "lanes": null, "oneway": null, "bridge": null, "layer": null, "source": null, "adm0_name": "Nepal", "adm1_name": "Bagmati", "adm2_name": "Nuwakot", "adm3_name": "Bidur", "adm4_name": null, "source_feature_count": 1, "source_fids": "849", "source_ids": "way/1552982419", "source_highways": "residential", "source_names": "", "source_adm1": "Bagmati", "source_adm2": "Nuwakot", "source_adm3": "Bidur", "source_adm4": "", "attribute_confidence": "high", "start_degree": 3, "end_degree": 3, "topology_role": "intersection_to_intersection", "dangle_flag": false, "short_dangle_flag": false, "component_id": 115, "component_length_km": 46.81276290964051, "component_segment_count": 183}, "geometry": {"type": "LineString", "coordinates": [[85.1713231, 27.96197529999999], [85.1714365, 27.961897099999998], [85.1716237, 27.9617195], [85.1717464, 27.96160009999999]]}}, {"type": "Feature", "properties": {"fid": 392, "segment_id": 814, "length_m": 147.78958637840208, "length_km": 0.1477895863784021, "highway": "primary", "name": "Pasang Lhamu Highway", "name_en": null, "name_ne": null, "surface": "paved", "smoothness": null, "lanes": null, "oneway": null, "bridge": null, "layer": null, "source": null, "adm0_name": "Nepal", "adm1_name": "Bagmati", "adm2_name": "Nuwakot", "adm3_name": "Bidur", "adm4_name": null, "source_feature_count": 1, "source_fids": "868", "source_ids": "way/379104232", "source_highways": "primary", "source_names": "Pasang Lhamu Highway", "source_adm1": "Bagmati", "source_adm2": "Nuwakot", "source_adm3": "Bidur", "source_adm4": "", "attribute_confidence": "high", "start_degree": 3, "end_degree": 3, "topology_role": "intersection_to_intersection", "dangle_flag": false, "short_dangle_flag": false, "component_id": 115, "component_length_km": 46.81276290964051, "component_segment_count": 183}, "geometry": {"type": "LineString", "coordinates": [[85.1717464, 27.96160009999999], [85.1724484, 27.962271499999996], [85.1726825, 27.9624994], [85.1727612, 27.9625831]]}}, {"type": "Feature", "properties": {"fid": 393, "segment_id": 815, "length_m": 194.0550095074802, "length_km": 0.1940550095074802, "highway": "path", "name": null, "name_en": null, "name_ne": null, "surface": "ground", "smoothness": "bad", "lanes": null, "oneway": null, "bridge": null, "layer": null, "source": "Bing", "adm0_name": "Nepal", "adm1_name": "Bagmati", "adm2_name": "Nuwakot", "adm3_name": "Bidur", "adm4_name": null, "source_feature_count": 1, "source_fids": "93", "source_ids": "way/341587479", "source_highways": "path", "source_names": "", "source_adm1": "Bagmati", "source_adm2": "Nuwakot", "source_adm3": "Bidur", "source_adm4": "", "attribute_confidence": "high", "start_degree": 3, "end_degree": 3, "topology_role": "intersection_to_intersection", "dangle_flag": false, "short_dangle_flag": false, "component_id": 115, "component_length_km": 46.81276290964051, "component_segment_count": 183}, "geometry": {"type": "LineString", "coordinates": [[85.172367, 27.964099199999993], [85.17243410000002, 27.964125900000003], [85.1724441, 27.9641447], [85.1724957, 27.964185499999996], [85.17256950000001, 27.964199299999997], [85.1726744, 27.964245299999998], [85.1727562, 27.964252200000004], [85.1728094, 27.964240500000002], [85.1728546, 27.9641868], [85.1728841, 27.964146400000004], [85.1729518, 27.96409149999999], [85.1730353, 27.964109900000008], [85.1731221, 27.964144800000003], [85.1731952, 27.964172099999995], [85.1732352, 27.964191599999996], [85.173644, 27.963742599999996], [85.1738326, 27.963635299999996], [85.1739, 27.963606399999996]]}}, {"type": "Feature", "properties": {"fid": 394, "segment_id": 816, "length_m": 171.95730056584023, "length_km": 0.17195730056584022, "highway": "residential", "name": null, "name_en": null, "name_ne": null, "surface": null, "smoothness": null, "lanes": null, "oneway": null, "bridge": null, "layer": null, "source": null, "adm0_name": "Nepal", "adm1_name": "Bagmati", "adm2_name": "Nuwakot", "adm3_name": "Bidur", "adm4_name": null, "source_feature_count": 1, "source_fids": "34", "source_ids": "way/1552982422", "source_highways": "residential", "source_names": "", "source_adm1": "Bagmati", "source_adm2": "Nuwakot", "source_adm3": "Bidur", "source_adm4": "", "attribute_confidence": "high", "start_degree": 3, "end_degree": 3, "topology_role": "intersection_to_intersection", "dangle_flag": false, "short_dangle_flag": false, "component_id": 115, "component_length_km": 46.81276290964051, "component_segment_count": 183}, "geometry": {"type": "LineString", "coordinates": [[85.172367, 27.964099199999993], [85.1724383, 27.964098599999996], [85.172639, 27.964132099999993], [85.1727015, 27.9641183], [85.1727504, 27.963995399999995], [85.172891, 27.963545899999996], [85.1729089, 27.963491699999995], [85.1730071, 27.963174499999997], [85.1731663, 27.9629473]]}}, {"type": "Feature", "properties": {"fid": 395, "segment_id": 817, "length_m": 54.7508058318336, "length_km": 0.0547508058318336, "highway": "track", "name": null, "name_en": null, "name_ne": null, "surface": null, "smoothness": null, "lanes": null, "oneway": null, "bridge": null, "layer": null, "source": null, "adm0_name": "Nepal", "adm1_name": "Bagmati", "adm2_name": "Nuwakot", "adm3_name": "Bidur", "adm4_name": null, "source_feature_count": 1, "source_fids": "546", "source_ids": "way/886361371", "source_highways": "track", "source_names": "", "source_adm1": "Bagmati", "source_adm2": "Nuwakot", "source_adm3": "Bidur", "source_adm4": "", "attribute_confidence": "high", "start_degree": 3, "end_degree": 1, "topology_role": "dead_end_link", "dangle_flag": true, "short_dangle_flag": false, "component_id": 115, "component_length_km": 46.81276290964051, "component_segment_count": 183}, "geometry": {"type": "LineString", "coordinates": [[85.1727728, 27.9625936], [85.1726588, 27.962667199999995], [85.172606, 27.9626726], [85.1725497, 27.9627066], [85.1724679, 27.962745499999997], [85.1724675, 27.9627806], [85.17258, 27.962883999999995]]}}, {"type": "Feature", "properties": {"fid": 396, "segment_id": 818, "length_m": 1.629947227203347, "length_km": 0.0016299472272033471, "highway": "primary", "name": "Pasang Lhamu Highway", "name_en": null, "name_ne": null, "surface": "paved", "smoothness": null, "lanes": null, "oneway": null, "bridge": null, "layer": null, "source": null, "adm0_name": "Nepal", "adm1_name": "Bagmati", "adm2_name": "Nuwakot", "adm3_name": "Bidur", "adm4_name": null, "source_feature_count": 1, "source_fids": "868", "source_ids": "way/379104232", "source_highways": "primary", "source_names": "Pasang Lhamu Highway", "source_adm1": "Bagmati", "source_adm2": "Nuwakot", "source_adm3": "Bidur", "source_adm4": "", "attribute_confidence": "high", "start_degree": 3, "end_degree": 3, "topology_role": "intersection_to_intersection", "dangle_flag": false, "short_dangle_flag": false, "component_id": 115, "component_length_km": 46.81276290964051, "component_segment_count": 183}, "geometry": {"type": "LineString", "coordinates": [[85.1727612, 27.9625831], [85.1727728, 27.9625936]]}}, {"type": "Feature", "properties": {"fid": 397, "segment_id": 819, "length_m": 55.095411538711396, "length_km": 0.0550954115387114, "highway": "primary", "name": "Pasang Lhamu Highway", "name_en": null, "name_ne": null, "surface": "paved", "smoothness": null, "lanes": null, "oneway": null, "bridge": null, "layer": null, "source": null, "adm0_name": "Nepal", "adm1_name": "Bagmati", "adm2_name": "Nuwakot", "adm3_name": "Bidur", "adm4_name": null, "source_feature_count": 1, "source_fids": "868", "source_ids": "way/379104232", "source_highways": "primary", "source_names": "Pasang Lhamu Highway", "source_adm1": "Bagmati", "source_adm2": "Nuwakot", "source_adm3": "Bidur", "source_adm4": "", "attribute_confidence": "high", "start_degree": 3, "end_degree": 3, "topology_role": "intersection_to_intersection", "dangle_flag": false, "short_dangle_flag": false, "component_id": 115, "component_length_km": 46.81276290964051, "component_segment_count": 183}, "geometry": {"type": "LineString", "coordinates": [[85.1727728, 27.9625936], [85.1731663, 27.9629473]]}}, {"type": "Feature", "properties": {"fid": 398, "segment_id": 820, "length_m": 423.5288235029941, "length_km": 0.4235288235029941, "highway": "UNCLASSIFIED_UNKNOWN", "name": null, "name_en": null, "name_ne": null, "surface": null, "smoothness": null, "lanes": null, "oneway": null, "bridge": null, "layer": null, "source": null, "adm0_name": null, "adm1_name": null, "adm2_name": null, "adm3_name": null, "adm4_name": null, "source_feature_count": 1, "source_fids": "1408", "source_ids": "", "source_highways": "UNCLASSIFIED_UNKNOWN", "source_names": "", "source_adm1": "", "source_adm2": "", "source_adm3": "", "source_adm4": "", "attribute_confidence": "high", "start_degree": 3, "end_degree": 1, "topology_role": "dead_end_link", "dangle_flag": true, "short_dangle_flag": false, "component_id": 115, "component_length_km": 46.81276290964051, "component_segment_count": 183}, "geometry": {"type": "LineString", "coordinates": [[85.17625331759017, 27.98360278368805], [85.1760820219918, 27.983712412871025], [85.17519813670424, 27.98376037563856], [85.17475276814848, 27.983650746455606], [85.1744992506629, 27.983643894631655], [85.17445128789535, 27.98346574720937], [85.17424573317732, 27.983342414378544], [85.17416351129012, 27.983321858906734], [85.1740650692895, 27.98327267457898]]}}, {"type": "Feature", "properties": {"fid": 399, "segment_id": 821, "length_m": 102.6970622908649, "length_km": 0.10269706229086491, "highway": "primary", "name": "Pasang Lhamu Highway", "name_en": null, "name_ne": null, "surface": "paved", "smoothness": null, "lanes": null, "oneway": null, "bridge": null, "layer": null, "source": null, "adm0_name": "Nepal", "adm1_name": "Bagmati", "adm2_name": "Nuwakot", "adm3_name": "Bidur", "adm4_name": null, "source_feature_count": 1, "source_fids": "868", "source_ids": "way/379104232", "source_highways": "primary", "source_names": "Pasang Lhamu Highway", "source_adm1": "Bagmati", "source_adm2": "Nuwakot", "source_adm3": "Bidur", "source_adm4": "", "attribute_confidence": "high", "start_degree": 3, "end_degree": 3, "topology_role": "intersection_to_intersection", "dangle_flag": false, "short_dangle_flag": false, "component_id": 115, "component_length_km": 46.81276290964051, "component_segment_count": 183}, "geometry": {"type": "LineString", "coordinates": [[85.1731663, 27.9629473], [85.173829, 27.96354300000001], [85.1739, 27.963606399999996]]}}, {"type": "Feature", "properties": {"fid": 400, "segment_id": 822, "length_m": 1638.7442852659528, "length_km": 1.6387442852659528, "highway": "primary", "name": "Pasang Lhamu Highway", "name_en": null, "name_ne": null, "surface": "paved", "smoothness": null, "lanes": null, "oneway": null, "bridge": null, "layer": null, "source": null, "adm0_name": "Nepal", "adm1_name": "Bagmati", "adm2_name": "Nuwakot", "adm3_name": "Bidur", "adm4_name": null, "source_feature_count": 1, "source_fids": "868", "source_ids": "way/379104232", "source_highways": "primary", "source_names": "Pasang Lhamu Highway", "source_adm1": "Bagmati", "source_adm2": "Nuwakot", "source_adm3": "Bidur", "source_adm4": "", "attribute_confidence": "high", "start_degree": 3, "end_degree": 3, "topology_role": "intersection_to_intersection", "dangle_flag": false, "short_dangle_flag": false, "component_id": 115, "component_length_km": 46.81276290964051, "component_segment_count": 183}, "geometry": {"type": "LineString", "coordinates": [[85.1739, 27.963606399999996], [85.1739519, 27.9636417], [85.1740413, 27.963678599999998], [85.1742895, 27.963738299999996], [85.1745316, 27.9638024], [85.1746397, 27.963837499999997], [85.1748079, 27.9639019], [85.1748842, 27.9639266], [85.1753427, 27.964038199999997], [85.1754531, 27.964070399999997], [85.1755024, 27.96409039999999], [85.1755906, 27.9641365], [85.1756633, 27.964184500000005], [85.1757706, 27.964268800000003], [85.1758487, 27.964310199999996], [85.1759189, 27.9643392], [85.1759968, 27.964365300000004], [85.176166, 27.9644061], [85.1763277, 27.964458699999998], [85.1764424, 27.96450909999999], [85.1764988, 27.964539300000002], [85.176605, 27.964610299999997], [85.1766506, 27.964651500000002], [85.1766887, 27.96469629999999], [85.1767494, 27.964791899999998], [85.176827, 27.96493299999999], [85.1768561, 27.964974799999997], [85.1768897, 27.9650122], [85.1769295, 27.9650438], [85.1771088, 27.965167], [85.1773264, 27.965323399999992], [85.1775223, 27.965472599999995], [85.17774140000002, 27.965687199999998], [85.17808460000002, 27.966036599999995], [85.1784474, 27.966454300000002], [85.1785657, 27.966581299999998], [85.1786291, 27.966631999999997], [85.17872030000001, 27.966696499999998], [85.1790698, 27.966923499999996], [85.1791138, 27.966959800000005], [85.1792013, 27.967045500000005], [85.1793153, 27.9671796], [85.1793838, 27.967277799999998], [85.1797191, 27.967976299999997], [85.1798193, 27.968154300000002], [85.1799, 27.968278599999994], [85.1799577, 27.968358000000002], [85.1799932, 27.968398699999995], [85.1800382, 27.968441699999996], [85.1801478, 27.96853], [85.1803248, 27.968650400000005], [85.1804593, 27.968727599999994], [85.1805912, 27.9687778], [85.1808256, 27.968845399999992], [85.180903, 27.9688485], [85.18093130000001, 27.968870500000005], [85.1810176, 27.968884400000004], [85.1810387, 27.9688845], [85.1811268, 27.968884900000003], [85.1813196, 27.968866], [85.1813935, 27.968845400000003], [85.1815031, 27.968832599999995], [85.1817176, 27.968780500000005], [85.1818324, 27.968764599999997], [85.18191830000002, 27.9687595], [85.1820203, 27.9687601], [85.1821429, 27.968776600000005], [85.1823566, 27.9688247], [85.1828063, 27.9689446], [85.1830947, 27.9690215], [85.1833824, 27.969103199999992], [85.1837196, 27.969198899999995], [85.1838151, 27.969228900000005], [85.1839225, 27.9692683], [85.184035, 27.96931859999999], [85.184091, 27.9693482], [85.1842029, 27.969421499999996], [85.1842577, 27.969464], [85.1843599, 27.969552799999992], [85.1844447, 27.969636900000005], [85.18450340000001, 27.969703899999995], [85.1845939, 27.969852099999994], [85.184658, 27.9699707], [85.1846901, 27.9700381], [85.18473810000002, 27.970106800000003], [85.1847908, 27.970312099999997], [85.1848611, 27.9705325], [85.1848665, 27.970550100000004], [85.1850635, 27.971112799999997], [85.185258, 27.9716436], [85.1852717, 27.971670399999997], [85.1853379, 27.9718355], [85.185357, 27.971883], [85.18546, 27.9721694], [85.1855365, 27.9723799]]}}, {"type": "Feature", "properties": {"fid": 401, "segment_id": 823, "length_m": 274.9482756121325, "length_km": 0.2749482756121325, "highway": "unclassified", "name": null, "name_en": null, "name_ne": null, "surface": null, "smoothness": null, "lanes": null, "oneway": null, "bridge": null, "layer": null, "source": null, "adm0_name": "Nepal", "adm1_name": "Bagmati", "adm2_name": "Nuwakot", "adm3_name": "Kispang", "adm4_name": null, "source_feature_count": 1, "source_fids": "54", "source_ids": "way/341705731", "source_highways": "unclassified", "source_names": "", "source_adm1": "Bagmati", "source_adm2": "Nuwakot", "source_adm3": "Kispang", "source_adm4": "", "attribute_confidence": "high", "start_degree": 3, "end_degree": 3, "topology_role": "intersection_to_intersection", "dangle_flag": false, "short_dangle_flag": false, "component_id": 115, "component_length_km": 46.81276290964051, "component_segment_count": 183}, "geometry": {"type": "LineString", "coordinates": [[85.17625331759017, 27.98360278368805], [85.1763905, 27.983683599999992], [85.1769411, 27.983775399999995], [85.1774201, 27.983905700000005], [85.17802390000001, 27.983887799999998], [85.1784932, 27.983877899999996], [85.1787567, 27.9837139], [85.17887, 27.983830700000002]]}}, {"type": "Feature", "properties": {"fid": 402, "segment_id": 824, "length_m": 1025.9062316639943, "length_km": 1.0259062316639942, "highway": "unclassified", "name": null, "name_en": null, "name_ne": null, "surface": null, "smoothness": null, "lanes": null, "oneway": null, "bridge": null, "layer": null, "source": null, "adm0_name": "Nepal", "adm1_name": "Bagmati", "adm2_name": "Nuwakot", "adm3_name": "Kispang", "adm4_name": null, "source_feature_count": 1, "source_fids": "866", "source_ids": "way/340476880", "source_highways": "unclassified", "source_names": "", "source_adm1": "Bagmati", "source_adm2": "Nuwakot", "source_adm3": "Kispang", "source_adm4": "", "attribute_confidence": "high", "start_degree": 3, "end_degree": 3, "topology_role": "intersection_to_intersection", "dangle_flag": false, "short_dangle_flag": false, "component_id": 115, "component_length_km": 46.81276290964051, "component_segment_count": 183}, "geometry": {"type": "MultiLineString", "coordinates": [[[85.17625331759017, 27.98360278368805], [85.17578054173866, 27.983410932617886], [85.17561952387621, 27.983304729346905], [85.17550989469325, 27.98318139651607], [85.1755922, 27.982574499999995], [85.1756477, 27.9825208], [85.1756736, 27.9824997], [85.175749, 27.982461899999997], [85.1758258, 27.9824589], [85.1758813, 27.982477399999997], [85.175933, 27.982512099999994], [85.175999, 27.9825892], [85.1760785, 27.982654799999995], [85.17620270000002, 27.982679699999995], [85.1762965, 27.982686800000003], [85.1763958, 27.982670199999998], [85.1769134, 27.982435699999993], [85.17720024268078, 27.982356379973403]], [[85.17773685019039, 27.982229421538225], [85.1778034, 27.982216099999995], [85.17783711614301, 27.9821559011465]], [[85.17792588072469, 27.981997415077455], [85.1779465, 27.981960599999997], [85.178609, 27.9813482], [85.1790512, 27.980489800000008], [85.1790958, 27.980163500000003], [85.1794767, 27.979472899999998], [85.1796951, 27.979058100000003], [85.1798063, 27.9788872], [85.1798915, 27.97864179999999], [85.179939, 27.978477699999992], [85.1800758, 27.9782858], [85.18013280000001, 27.978209799999995], [85.1801777, 27.978105800000005], [85.1802099, 27.977977899999992], [85.1803359, 27.9777505], [85.1805855, 27.977190199999995]]]}}, {"type": "Feature", "properties": {"fid": 403, "segment_id": 826, "length_m": 445.244262430808, "length_km": 0.445244262430808, "highway": "unclassified", "name": null, "name_en": null, "name_ne": null, "surface": null, "smoothness": null, "lanes": null, "oneway": null, "bridge": null, "layer": null, "source": null, "adm0_name": "Nepal", "adm1_name": "Bagmati", "adm2_name": "Nuwakot", "adm3_name": "Kispang", "adm4_name": null, "source_feature_count": 1, "source_fids": "54", "source_ids": "way/341705731", "source_highways": "unclassified", "source_names": "", "source_adm1": "Bagmati", "source_adm2": "Nuwakot", "source_adm3": "Kispang", "source_adm4": "", "attribute_confidence": "high", "start_degree": 3, "end_degree": 3, "topology_role": "intersection_to_intersection", "dangle_flag": false, "short_dangle_flag": false, "component_id": 115, "component_length_km": 46.81276290964051, "component_segment_count": 183}, "geometry": {"type": "LineString", "coordinates": [[85.17889222822299, 27.984906456869957], [85.17881030000001, 27.984153399999997], [85.17887, 27.983830700000002]]}}, {"type": "Feature", "properties": {"fid": 404, "segment_id": 827, "length_m": 803.0606249842235, "length_km": 0.8030606249842235, "highway": "path", "name": null, "name_en": null, "name_ne": null, "surface": null, "smoothness": null, "lanes": null, "oneway": null, "bridge": null, "layer": null, "source": null, "adm0_name": "Nepal", "adm1_name": "Bagmati", "adm2_name": "Nuwakot", "adm3_name": "Kispang", "adm4_name": null, "source_feature_count": 1, "source_fids": "817", "source_ids": "way/543847784", "source_highways": "path", "source_names": "", "source_adm1": "Bagmati", "source_adm2": "Nuwakot", "source_adm3": "Kispang", "source_adm4": "", "attribute_confidence": "high", "start_degree": 3, "end_degree": 3, "topology_role": "intersection_to_intersection", "dangle_flag": false, "short_dangle_flag": false, "component_id": 115, "component_length_km": 46.81276290964051, "component_segment_count": 183}, "geometry": {"type": "LineString", "coordinates": [[85.17887, 27.983830700000002], [85.178939, 27.983824699999992], [85.1790464, 27.983738399999996], [85.1790283, 27.983620300000002], [85.1790819, 27.983499499999997], [85.1791333, 27.983330399999996], [85.1793153, 27.982971300000003], [85.1795292, 27.982837900000003], [85.1795352, 27.982829799999998], [85.1797364, 27.982646799999998], [85.1798329, 27.982530799999992], [85.1798303, 27.982386299999998], [85.1797766, 27.982327099999992], [85.1797873, 27.982168400000003], [85.1797873, 27.9815122], [85.1797882, 27.981390500000003], [85.1797961, 27.981316799999995], [85.1798228, 27.981246999999996], [85.1798416, 27.981164699999994], [85.1798752, 27.9810466], [85.1799005, 27.98083649999999], [85.1800244, 27.9805457], [85.1800579, 27.9804334], [85.1800746, 27.980309199999997], [85.18010350000002, 27.980034399999997], [85.1802387, 27.979818299999998], [85.1802677, 27.979595499999995], [85.1802487, 27.979244700000002], [85.1804028, 27.9791708], [85.1807342, 27.979259500000005], [85.1809529, 27.9789206], [85.1810743, 27.9789257], [85.18168960000001, 27.979137899999998], [85.1817039, 27.9792499], [85.1818563, 27.9793364], [85.1822847, 27.979470399999997]]}}, {"type": "Feature", "properties": {"fid": 405, "segment_id": 828, "length_m": 766.2190074726632, "length_km": 0.7662190074726631, "highway": "track", "name": null, "name_en": null, "name_ne": null, "surface": null, "smoothness": null, "lanes": null, "oneway": null, "bridge": null, "layer": null, "source": null, "adm0_name": "Nepal", "adm1_name": "Bagmati", "adm2_name": "Nuwakot", "adm3_name": "Kispang", "adm4_name": null, "source_feature_count": 3, "source_fids": "4", "source_ids": "way/298744767", "source_highways": "track", "source_names": "", "source_adm1": "Bagmati", "source_adm2": "Nuwakot", "source_adm3": "Kispang", "source_adm4": "", "attribute_confidence": "medium", "start_degree": 3, "end_degree": 3, "topology_role": "intersection_to_intersection", "dangle_flag": false, "short_dangle_flag": false, "component_id": 115, "component_length_km": 46.81276290964051, "component_segment_count": 183}, "geometry": {"type": "LineString", "coordinates": [[85.1821247, 27.9937788], [85.1820598, 27.993736600000002], [85.181988, 27.9936715], [85.1819359, 27.993611000000005], [85.1818914, 27.993512999999997], [85.1818324, 27.993334999999995], [85.18179, 27.993171600000004], [85.1816787, 27.992973200000005], [85.1816328, 27.9926749], [85.1815063, 27.99253119999999], [85.181455, 27.99228129999999], [85.1814807, 27.991946799999997], [85.1814665, 27.9918495], [85.1813549, 27.991708400000004], [85.1812269, 27.991597999999993], [85.18114538141485, 27.991525142074078]]}}, {"type": "Feature", "properties": {"fid": 406, "segment_id": 829, "length_m": 387.977023312883, "length_km": 0.387977023312883, "highway": "unclassified", "name": null, "name_en": null, "name_ne": null, "surface": null, "smoothness": null, "lanes": null, "oneway": null, "bridge": null, "layer": null, "source": "MapBox", "adm0_name": "Nepal", "adm1_name": "Bagmati", "adm2_name": "Nuwakot", "adm3_name": "Kispang", "adm4_name": null, "source_feature_count": 1, "source_fids": "14", "source_ids": "way/341462132", "source_highways": "unclassified", "source_names": "", "source_adm1": "Bagmati", "source_adm2": "Nuwakot", "source_adm3": "Kispang", "source_adm4": "", "attribute_confidence": "high", "start_degree": 3, "end_degree": 1, "topology_role": "dead_end_link", "dangle_flag": true, "short_dangle_flag": false, "component_id": 115, "component_length_km": 46.81276290964051, "component_segment_count": 183}, "geometry": {"type": "LineString", "coordinates": [[85.1805855, 27.977190199999995], [85.1805364, 27.977238199999995], [85.1805136, 27.9772518], [85.1804875, 27.977248899999996], [85.1804647, 27.977219899999998], [85.1805038, 27.977117999999994], [85.18049690000001, 27.9770706], [85.18048489207465, 27.97699968480053]]}}, {"type": "Feature", "properties": {"fid": 407, "segment_id": 831, "length_m": 259.6741056394814, "length_km": 0.2596741056394814, "highway": "unclassified", "name": null, "name_en": null, "name_ne": null, "surface": null, "smoothness": null, "lanes": null, "oneway": null, "bridge": null, "layer": null, "source": null, "adm0_name": "Nepal", "adm1_name": "Bagmati", "adm2_name": "Nuwakot", "adm3_name": "Bidur", "adm4_name": null, "source_feature_count": 1, "source_fids": "997", "source_ids": "way/341705740", "source_highways": "unclassified", "source_names": "", "source_adm1": "Bagmati", "source_adm2": "Nuwakot", "source_adm3": "Bidur", "source_adm4": "", "attribute_confidence": "high", "start_degree": 3, "end_degree": 4, "topology_role": "intersection_to_intersection", "dangle_flag": false, "short_dangle_flag": false, "component_id": 115, "component_length_km": 46.81276290964051, "component_segment_count": 183}, "geometry": {"type": "LineString", "coordinates": [[85.1812425, 27.9749529], [85.1812337, 27.9748949], [85.1808488, 27.974179899999996], [85.1807168, 27.9736927], [85.1806363, 27.973443999999994], [85.18061892584485, 27.973403313289623]]}}, {"type": "Feature", "properties": {"fid": 408, "segment_id": 832, "length_m": 208.94349888231622, "length_km": 0.20894349888231623, "highway": "path", "name": null, "name_en": null, "name_ne": null, "surface": "unpaved", "smoothness": "good", "lanes": "2", "oneway": null, "bridge": null, "layer": null, "source": null, "adm0_name": "Nepal", "adm1_name": "Bagmati", "adm2_name": "Nuwakot", "adm3_name": "Bidur", "adm4_name": null, "source_feature_count": 1, "source_fids": "729", "source_ids": "way/912640588", "source_highways": "path", "source_names": "", "source_adm1": "Bagmati", "source_adm2": "Nuwakot", "source_adm3": "Bidur", "source_adm4": "", "attribute_confidence": "high", "start_degree": 4, "end_degree": 3, "topology_role": "intersection_to_intersection", "dangle_flag": false, "short_dangle_flag": false, "component_id": 115, "component_length_km": 46.81276290964051, "component_segment_count": 183}, "geometry": {"type": "LineString", "coordinates": [[85.18069702205537, 27.97266157982386], [85.1809302, 27.9726756], [85.18107960000002, 27.972741600000003], [85.181206, 27.972736499999996], [85.1813094, 27.9728127], [85.1814129, 27.9727518], [85.1815623, 27.972792399999996], [85.1816484, 27.972903999999996], [85.1817289, 27.972939500000003], [85.1817898, 27.973001099999998], [85.1818598, 27.972972299999995], [85.1820909, 27.973142500000005], [85.1822058, 27.9732186], [85.1823076, 27.9732329]]}}, {"type": "Feature", "properties": {"fid": 409, "segment_id": 833, "length_m": 262.4034923633627, "length_km": 0.2624034923633627, "highway": "unclassified", "name": null, "name_en": null, "name_ne": null, "surface": null, "smoothness": null, "lanes": null, "oneway": null, "bridge": null, "layer": null, "source": null, "adm0_name": "Nepal", "adm1_name": "Bagmati", "adm2_name": "Nuwakot", "adm3_name": "Bidur", "adm4_name": null, "source_feature_count": 1, "source_fids": "997", "source_ids": "way/341705740", "source_highways": "unclassified", "source_names": "", "source_adm1": "Bagmati", "source_adm2": "Nuwakot", "source_adm3": "Bidur", "source_adm4": "", "attribute_confidence": "high", "start_degree": 3, "end_degree": 3, "topology_role": "intersection_to_intersection", "dangle_flag": false, "short_dangle_flag": false, "component_id": 115, "component_length_km": 46.81276290964051, "component_segment_count": 183}, "geometry": {"type": "LineString", "coordinates": [[85.1805855, 27.977190199999995], [85.1807436, 27.976937999999997], [85.1807879, 27.9768288], [85.1808392, 27.976680899999995], [85.1808885, 27.976566099999996], [85.18094, 27.9764741], [85.181146, 27.9761326], [85.1811663, 27.9760953], [85.1811911, 27.9760295], [85.1811966, 27.9760001], [85.1811968, 27.975945199999998], [85.1811864, 27.975892099999996], [85.1811631, 27.975806399999993], [85.1811588, 27.975741899999996], [85.1811691, 27.975642200000003], [85.1811942, 27.975526200000004], [85.1812065, 27.975435700000002], [85.1812417, 27.974966799999994], [85.1812425, 27.9749529]]}}, {"type": "Feature", "properties": {"fid": 410, "segment_id": 834, "length_m": 243.16089176185278, "length_km": 0.2431608917618528, "highway": "track", "name": null, "name_en": null, "name_ne": null, "surface": null, "smoothness": null, "lanes": null, "oneway": null, "bridge": null, "layer": null, "source": null, "adm0_name": "Nepal", "adm1_name": "Bagmati", "adm2_name": "Nuwakot", "adm3_name": "Kispang", "adm4_name": null, "source_feature_count": 1, "source_fids": "821", "source_ids": "way/912640587", "source_highways": "track", "source_names": "", "source_adm1": "Bagmati", "source_adm2": "Nuwakot", "source_adm3": "Kispang", "source_adm4": "", "attribute_confidence": "high", "start_degree": 3, "end_degree": 3, "topology_role": "intersection_to_intersection", "dangle_flag": false, "short_dangle_flag": false, "component_id": 115, "component_length_km": 46.81276290964051, "component_segment_count": 183}, "geometry": {"type": "LineString", "coordinates": [[85.1812425, 27.9749529], [85.1814196, 27.974931599999998], [85.1814448, 27.974924999999992], [85.1814631, 27.9749123], [85.1814752, 27.974894799999994], [85.1814843, 27.9748501], [85.1814781, 27.974800299999995], [85.1814632, 27.9747552], [85.1813844, 27.974606500000004], [85.1813773, 27.9745735], [85.18138100000002, 27.974554999999995], [85.1813992, 27.974532599999993], [85.1814617, 27.974496499999997], [85.1815119, 27.974452699999997], [85.1815637, 27.97438349999999], [85.181613, 27.974301999999998], [85.1817468, 27.9741641], [85.1817827, 27.974111300000004], [85.1818836, 27.973941499999995], [85.1819247, 27.973883199999996], [85.181959, 27.97384209999999], [85.1820016, 27.973799299999992], [85.1820405, 27.973769199999996], [85.1821739, 27.973688999999997], [85.1821974, 27.973671399999997], [85.1822103, 27.973649], [85.1822231, 27.973613699999994], [85.182268, 27.973463799999998], [85.1822988, 27.9733122], [85.1822993, 27.973309], [85.1823076, 27.9732329]]}}, {"type": "Feature", "properties": {"fid": 411, "segment_id": 835, "length_m": 475.7171492817057, "length_km": 0.4757171492817057, "highway": "unclassified", "name": null, "name_en": null, "name_ne": null, "surface": null, "smoothness": null, "lanes": null, "oneway": null, "bridge": null, "layer": null, "source": null, "adm0_name": "Nepal", "adm1_name": "Bagmati", "adm2_name": "Nuwakot", "adm3_name": "Kispang", "adm4_name": null, "source_feature_count": 1, "source_fids": "879", "source_ids": "way/341058030", "source_highways": "unclassified", "source_names": "", "source_adm1": "Bagmati", "source_adm2": "Nuwakot", "source_adm3": "Kispang", "source_adm4": "", "attribute_confidence": "high", "start_degree": 3, "end_degree": 1, "topology_role": "dead_end_link", "dangle_flag": true, "short_dangle_flag": false, "component_id": 115, "component_length_km": 46.81276290964051, "component_segment_count": 183}, "geometry": {"type": "LineString", "coordinates": [[85.1823656, 28.009414599999992], [85.1822539, 28.009589], [85.18202920000002, 28.0097506], [85.1818902, 28.010022999999997], [85.181744, 28.010464], [85.18162090000001, 28.0107722], [85.1815648, 28.011076699999997], [85.18156502239722, 28.011273660838963]]}}, {"type": "Feature", "properties": {"fid": 412, "segment_id": 836, "length_m": 743.3401606370791, "length_km": 0.7433401606370791, "highway": "unclassified", "name": null, "name_en": null, "name_ne": null, "surface": null, "smoothness": null, "lanes": null, "oneway": null, "bridge": null, "layer": null, "source": null, "adm0_name": "Nepal", "adm1_name": "Bagmati", "adm2_name": "Nuwakot", "adm3_name": "Kispang", "adm4_name": null, "source_feature_count": 1, "source_fids": "518", "source_ids": "way/854112774", "source_highways": "unclassified", "source_names": "", "source_adm1": "Bagmati", "source_adm2": "Nuwakot", "source_adm3": "Kispang", "source_adm4": "", "attribute_confidence": "high", "start_degree": 1, "end_degree": 3, "topology_role": "dead_end_link", "dangle_flag": true, "short_dangle_flag": false, "component_id": 115, "component_length_km": 46.81276290964051, "component_segment_count": 183}, "geometry": {"type": "LineString", "coordinates": [[85.18189863828985, 27.994009495183015], [85.1819298, 27.9940431], [85.1821203, 27.99420449999999], [85.182236, 27.994390699999997], [85.182251, 27.9944606], [85.1823288, 27.994595599999997], [85.182412, 27.9947354], [85.1824898, 27.994721099999992], [85.1824763, 27.994548299999998], [85.1823905, 27.994406199999997], [85.1823583, 27.9943357], [85.1822855, 27.994178699999996], [85.1822227, 27.994059100000005], [85.1821513, 27.993955300000003], [85.1820769, 27.993850400000003], [85.1820524, 27.993788299999995], [85.1820772, 27.9937759], [85.1821247, 27.9937788]]}}, {"type": "Feature", "properties": {"fid": 413, "segment_id": 837, "length_m": 344.68396611420593, "length_km": 0.34468396611420593, "highway": "unclassified", "name": null, "name_en": null, "name_ne": null, "surface": "unpaved", "smoothness": "good", "lanes": "2", "oneway": null, "bridge": null, "layer": null, "source": null, "adm0_name": "Nepal", "adm1_name": "Bagmati", "adm2_name": "Nuwakot", "adm3_name": "Bidur", "adm4_name": null, "source_feature_count": 1, "source_fids": "822", "source_ids": "way/341462133", "source_highways": "unclassified", "source_names": "", "source_adm1": "Bagmati", "source_adm2": "Nuwakot", "source_adm3": "Bidur", "source_adm4": "", "attribute_confidence": "high", "start_degree": 3, "end_degree": 3, "topology_role": "intersection_to_intersection", "dangle_flag": false, "short_dangle_flag": false, "component_id": 115, "component_length_km": 46.81276290964051, "component_segment_count": 183}, "geometry": {"type": "LineString", "coordinates": [[85.1851827, 27.972480299999994], [85.1851358, 27.972455399999994], [85.1851236, 27.972432], [85.1850809, 27.9724338], [85.18395850000002, 27.972525899999997], [85.1838261, 27.972548799999995], [85.1837629, 27.97257919999999], [85.1837744, 27.972741600000006], [85.1834929, 27.9731171], [85.1834067, 27.9731171], [85.1832975, 27.973076499999998], [85.1831596, 27.973005500000003], [85.1830677, 27.973020699999992], [85.1829355, 27.973046099999998], [85.1828436, 27.973112099999998], [85.1826999, 27.973177999999997], [85.1825333, 27.9730867], [85.1824241, 27.973132399999997], [85.1823494, 27.973198300000004], [85.1823076, 27.9732329]]}}, {"type": "Feature", "properties": {"fid": 414, "segment_id": 838, "length_m": 1892.7373656607238, "length_km": 1.8927373656607238, "highway": "unclassified", "name": null, "name_en": null, "name_ne": null, "surface": null, "smoothness": null, "lanes": null, "oneway": null, "bridge": null, "layer": null, "source": null, "adm0_name": "Nepal", "adm1_name": "Bagmati", "adm2_name": "Nuwakot", "adm3_name": "Kispang", "adm4_name": null, "source_feature_count": 2, "source_fids": "62", "source_ids": "way/298744772", "source_highways": "unclassified", "source_names": "", "source_adm1": "Bagmati", "source_adm2": "Nuwakot", "source_adm3": "Kispang", "source_adm4": "", "attribute_confidence": "medium", "start_degree": 3, "end_degree": 3, "topology_role": "intersection_to_intersection", "dangle_flag": false, "short_dangle_flag": false, "component_id": 115, "component_length_km": 46.81276290964051, "component_segment_count": 183}, "geometry": {"type": "LineString", "coordinates": [[85.1822847, 27.979470399999997], [85.1822591, 27.979499299999997], [85.1821355, 27.979608599999995], [85.182012, 27.979958800000002], [85.181882, 27.980168599999995], [85.1816212, 27.980869899999995], [85.1815982, 27.981047399999994], [85.1812645, 27.9814731], [85.1812228, 27.981639099999988], [85.1812315, 27.98183329999999], [85.1811381, 27.982085399999995], [85.1811255, 27.9821869], [85.1811439, 27.98238329999999], [85.1812043, 27.982533399999998], [85.1815746, 27.9833201], [85.1817966, 27.9837545], [85.181789, 27.983851199999997], [85.1817015, 27.984958099999997], [85.1817992, 27.986196700000004], [85.1818014, 27.986481099999995], [85.1817618, 27.986709599999998], [85.1816981, 27.9869147], [85.1817238, 27.98713879999999], [85.1820305, 27.987395699999997], [85.1822459, 27.9879441], [85.1825949, 27.988249499999995], [85.1825337, 27.9886922], [85.1825681, 27.988966099999985], [85.1826236, 27.989192599999996], [85.1828093, 27.989285599999995], [85.1829851, 27.989363199999996], [85.183253, 27.9897549], [85.1832602, 27.9899448], [85.1833703, 27.990198899999996], [85.1834296, 27.9903176], [85.18354900000001, 27.9904663], [85.183487, 27.9907106], [85.1834497, 27.9909236], [85.18348950000001, 27.9911371], [85.1840692, 27.992899499999993], [85.1841148, 27.993071599999997], [85.1844018, 27.994155800000005], [85.184679, 27.994677899999996], [85.1848602, 27.994914499999993], [85.1851174, 27.995259499999996]]}}, {"type": "Feature", "properties": {"fid": 415, "segment_id": 839, "length_m": 579.85280486073, "length_km": 0.57985280486073, "highway": "unclassified", "name": null, "name_en": null, "name_ne": null, "surface": null, "smoothness": null, "lanes": null, "oneway": null, "bridge": null, "layer": null, "source": null, "adm0_name": "Nepal", "adm1_name": "Bagmati", "adm2_name": "Nuwakot", "adm3_name": "Kispang", "adm4_name": null, "source_feature_count": 1, "source_fids": "62", "source_ids": "way/298744772", "source_highways": "unclassified", "source_names": "", "source_adm1": "Bagmati", "source_adm2": "Nuwakot", "source_adm3": "Kispang", "source_adm4": "", "attribute_confidence": "high", "start_degree": 3, "end_degree": 3, "topology_role": "intersection_to_intersection", "dangle_flag": false, "short_dangle_flag": false, "component_id": 115, "component_length_km": 46.81276290964051, "component_segment_count": 183}, "geometry": {"type": "LineString", "coordinates": [[85.1840244, 27.974892300000004], [85.1839958, 27.9748902], [85.183965, 27.9748985], [85.1839422, 27.974912700000008], [85.1839234, 27.9749304], [85.1839086, 27.974974299999996], [85.1838832, 27.9750974], [85.183863, 27.975205199999998], [85.183804, 27.975322500000004], [85.1837191, 27.975451299999996], [85.1831228, 27.97606860000001], [85.1829565, 27.976260499999995], [85.1828641, 27.976410999999995], [85.1827231, 27.9767106], [85.1824987, 27.977278399999996], [85.1824139, 27.977415399999998], [85.1821019, 27.9781204], [85.1820821, 27.978209999999997], [85.1820983, 27.978267899999995], [85.1824059, 27.978497199999996], [85.1824389, 27.9785396], [85.1824334, 27.9785961], [85.182285, 27.9791936], [85.1822847, 27.979470399999997]]}}, {"type": "Feature", "properties": {"fid": 416, "segment_id": 840, "length_m": 418.0376435340727, "length_km": 0.4180376435340727, "highway": "track", "name": null, "name_en": null, "name_ne": null, "surface": null, "smoothness": null, "lanes": null, "oneway": null, "bridge": null, "layer": null, "source": null, "adm0_name": "Nepal", "adm1_name": "Bagmati", "adm2_name": "Nuwakot", "adm3_name": "Kispang", "adm4_name": null, "source_feature_count": 1, "source_fids": "4", "source_ids": "way/298744767", "source_highways": "track", "source_names": "", "source_adm1": "Bagmati", "source_adm2": "Nuwakot", "source_adm3": "Kispang", "source_adm4": "", "attribute_confidence": "high", "start_degree": 3, "end_degree": 3, "topology_role": "intersection_to_intersection", "dangle_flag": false, "short_dangle_flag": false, "component_id": 115, "component_length_km": 46.81276290964051, "component_segment_count": 183}, "geometry": {"type": "LineString", "coordinates": [[85.1842573, 27.996449600000002], [85.1836347, 27.996176399999992], [85.1830829, 27.9961698], [85.1827549, 27.9956365], [85.1828847, 27.9949811], [85.1828667, 27.994826699999994], [85.1821247, 27.9937788]]}}, {"type": "Feature", "properties": {"fid": 417, "segment_id": 842, "length_m": 841.8161186737466, "length_km": 0.8418161186737466, "highway": "primary", "name": "Pasang Lhamu Highway", "name_en": null, "name_ne": null, "surface": "paved", "smoothness": null, "lanes": null, "oneway": null, "bridge": null, "layer": null, "source": null, "adm0_name": "Nepal", "adm1_name": "Bagmati", "adm2_name": "Nuwakot", "adm3_name": "Kispang", "adm4_name": null, "source_feature_count": 1, "source_fids": "496", "source_ids": "way/912405504", "source_highways": "primary", "source_names": "Pasang Lhamu Highway", "source_adm1": "Bagmati", "source_adm2": "Nuwakot", "source_adm3": "Kispang", "source_adm4": "", "attribute_confidence": "high", "start_degree": 3, "end_degree": 1, "topology_role": "dead_end_link", "dangle_flag": true, "short_dangle_flag": false, "component_id": 115, "component_length_km": 46.81276290964051, "component_segment_count": 183}, "geometry": {"type": "MultiLineString", "coordinates": [[[85.1840244, 27.974892300000004], [85.184006, 27.974936799999995], [85.1839761, 27.9750531], [85.18394080000002, 27.9754006], [85.18394510822581, 27.975765447818812]], [[85.18342399434594, 27.97705267236703], [85.1833882, 27.977111299999997], [85.1833419, 27.977220299999995], [85.1833096, 27.977329000000005], [85.1832948, 27.977436099999995], [85.18329442667309, 27.977443136289995]]]}}, {"type": "Feature", "properties": {"fid": 418, "segment_id": 843, "length_m": 164.41804353928447, "length_km": 0.16441804353928446, "highway": "unclassified", "name": null, "name_en": null, "name_ne": null, "surface": null, "smoothness": null, "lanes": null, "oneway": null, "bridge": null, "layer": null, "source": null, "adm0_name": "Nepal", "adm1_name": "Bagmati", "adm2_name": "Nuwakot", "adm3_name": "Kispang", "adm4_name": null, "source_feature_count": 1, "source_fids": "879", "source_ids": "way/341058030", "source_highways": "unclassified", "source_names": "", "source_adm1": "Bagmati", "source_adm2": "Nuwakot", "source_adm3": "Kispang", "source_adm4": "", "attribute_confidence": "high", "start_degree": 3, "end_degree": 3, "topology_role": "intersection_to_intersection", "dangle_flag": false, "short_dangle_flag": false, "component_id": 115, "component_length_km": 46.81276290964051, "component_segment_count": 183}, "geometry": {"type": "LineString", "coordinates": [[85.1829704, 28.008044], [85.1828998, 28.008156699999997], [85.1827797, 28.008417699999985], [85.1827296, 28.0086692], [85.1826714, 28.008870799999997], [85.1824862, 28.0091522], [85.1823656, 28.009414599999992]]}}, {"type": "Feature", "properties": {"fid": 419, "segment_id": 844, "length_m": 68.31035317335636, "length_km": 0.06831035317335636, "highway": "path", "name": null, "name_en": null, "name_ne": null, "surface": null, "smoothness": null, "lanes": null, "oneway": null, "bridge": null, "layer": null, "source": null, "adm0_name": "Nepal", "adm1_name": "Bagmati", "adm2_name": "Nuwakot", "adm3_name": "Kispang", "adm4_name": null, "source_feature_count": 1, "source_fids": "1353", "source_ids": "way/340421985", "source_highways": "path", "source_names": "", "source_adm1": "Bagmati", "source_adm2": "Nuwakot", "source_adm3": "Kispang", "source_adm4": "", "attribute_confidence": "high", "start_degree": 3, "end_degree": 3, "topology_role": "intersection_to_intersection", "dangle_flag": false, "short_dangle_flag": false, "component_id": 115, "component_length_km": 46.81276290964051, "component_segment_count": 183}, "geometry": {"type": "LineString", "coordinates": [[85.1823656, 28.009414599999992], [85.182439, 28.009335099999998], [85.1824977, 28.009217099999997], [85.182614, 28.0091196], [85.1827183, 28.009054899999995], [85.1827804, 28.0090147], [85.1828355, 28.008977399999992]]}}, {"type": "Feature", "properties": {"fid": 420, "segment_id": 845, "length_m": 198.8914259167294, "length_km": 0.1988914259167294, "highway": "path", "name": null, "name_en": null, "name_ne": null, "surface": null, "smoothness": null, "lanes": null, "oneway": null, "bridge": null, "layer": null, "source": null, "adm0_name": "Nepal", "adm1_name": "Bagmati", "adm2_name": "Nuwakot", "adm3_name": "Kispang", "adm4_name": null, "source_feature_count": 1, "source_fids": "812", "source_ids": "way/886262246", "source_highways": "path", "source_names": "", "source_adm1": "Bagmati", "source_adm2": "Nuwakot", "source_adm3": "Kispang", "source_adm4": "", "attribute_confidence": "high", "start_degree": 3, "end_degree": 1, "topology_role": "dead_end_link", "dangle_flag": true, "short_dangle_flag": false, "component_id": 115, "component_length_km": 46.81276290964051, "component_segment_count": 183}, "geometry": {"type": "LineString", "coordinates": [[85.1843102, 27.9965879], [85.1841409, 27.996711999999995], [85.1840755, 27.9968233], [85.1840078, 27.996887200000003], [85.1839495, 27.9969449], [85.1838817, 27.996940800000004], [85.1837907, 27.997047999999992], [85.18369730000002, 27.9970955], [85.18362887774019, 27.997122922163143]]}}, {"type": "Feature", "properties": {"fid": 421, "segment_id": 846, "length_m": 283.9250987376386, "length_km": 0.2839250987376386, "highway": "path", "name": null, "name_en": null, "name_ne": null, "surface": null, "smoothness": null, "lanes": null, "oneway": null, "bridge": null, "layer": null, "source": null, "adm0_name": "Nepal", "adm1_name": "Bagmati", "adm2_name": "Nuwakot", "adm3_name": "Kispang", "adm4_name": null, "source_feature_count": 1, "source_fids": "495", "source_ids": "way/887054229", "source_highways": "path", "source_names": "", "source_adm1": "Bagmati", "source_adm2": "Nuwakot", "source_adm3": "Kispang", "source_adm4": "", "attribute_confidence": "high", "start_degree": 1, "end_degree": 3, "topology_role": "dead_end_link", "dangle_flag": true, "short_dangle_flag": false, "component_id": 115, "component_length_km": 46.81276290964051, "component_segment_count": 183}, "geometry": {"type": "LineString", "coordinates": [[85.18390478288686, 27.997779283937348], [85.1839945, 27.997690999999996], [85.1840347, 27.997482599999998], [85.1841393, 27.997449499999995], [85.1843137, 27.997406799999997], [85.1843271, 27.997361800000004], [85.1845618, 27.997245300000003]]}}, {"type": "Feature", "properties": {"fid": 422, "segment_id": 848, "length_m": 1029.2045200399416, "length_km": 1.0292045200399416, "highway": "unclassified", "name": null, "name_en": null, "name_ne": null, "surface": null, "smoothness": null, "lanes": null, "oneway": null, "bridge": null, "layer": null, "source": null, "adm0_name": "Nepal", "adm1_name": "Bagmati", "adm2_name": "Nuwakot", "adm3_name": "Kispang", "adm4_name": null, "source_feature_count": 1, "source_fids": "880", "source_ids": "way/1128415151", "source_highways": "unclassified", "source_names": "", "source_adm1": "Bagmati", "source_adm2": "Nuwakot", "source_adm3": "Kispang", "source_adm4": "", "attribute_confidence": "high", "start_degree": 3, "end_degree": 3, "topology_role": "intersection_to_intersection", "dangle_flag": false, "short_dangle_flag": false, "component_id": 115, "component_length_km": 46.81276290964051, "component_segment_count": 183}, "geometry": {"type": "LineString", "coordinates": [[85.1828355, 28.008977399999992], [85.183009, 28.0090195], [85.1833768, 28.00900559999999], [85.1838003, 28.009003999999997], [85.1840808, 28.009000199999996], [85.1841177, 28.008997799999996], [85.1841597, 28.008982999999997], [85.1841711, 28.008941199999995], [85.184136, 28.008807799999992], [85.1840941, 28.008664999999997], [85.1840154, 28.008548299999998], [85.1839859, 28.008432300000003], [85.1839897, 28.008360999999997], [85.184138, 28.007603899999996], [85.1842412, 28.007150799999994], [85.1843849, 28.0067044], [85.1845929, 28.0060305], [85.1847197, 28.004615000000005], [85.1848399, 28.0042244], [85.1848574, 28.003998399999997], [85.184794, 28.003786899999998], [85.184749, 28.0035917], [85.18466, 28.003199599999995], [85.1844922, 28.002807900000004], [85.1845081, 28.002499299999997], [85.1847607, 28.002103399999996], [85.1849918, 28.0015175], [85.1851298, 28.0011553]]}}, {"type": "Feature", "properties": {"fid": 423, "segment_id": 849, "length_m": 105.63321734162321, "length_km": 0.1056332173416232, "highway": "path", "name": null, "name_en": null, "name_ne": null, "surface": null, "smoothness": null, "lanes": null, "oneway": null, "bridge": null, "layer": null, "source": null, "adm0_name": "Nepal", "adm1_name": "Bagmati", "adm2_name": "Nuwakot", "adm3_name": "Kispang", "adm4_name": null, "source_feature_count": 1, "source_fids": "1248", "source_ids": "way/1553000636", "source_highways": "path", "source_names": "", "source_adm1": "Bagmati", "source_adm2": "Nuwakot", "source_adm3": "Kispang", "source_adm4": "", "attribute_confidence": "high", "start_degree": 3, "end_degree": 3, "topology_role": "intersection_to_intersection", "dangle_flag": false, "short_dangle_flag": false, "component_id": 115, "component_length_km": 46.81276290964051, "component_segment_count": 183}, "geometry": {"type": "LineString", "coordinates": [[85.1828355, 28.008977399999992], [85.1829044, 28.008826899999992], [85.1829451, 28.008674699999993], [85.1829564, 28.008492499999996], [85.1829938, 28.00825999999999], [85.1829704, 28.008044]]}}, {"type": "Feature", "properties": {"fid": 424, "segment_id": 850, "length_m": 138.79566556761998, "length_km": 0.13879566556761996, "highway": "unclassified", "name": null, "name_en": null, "name_ne": null, "surface": null, "smoothness": null, "lanes": null, "oneway": null, "bridge": null, "layer": null, "source": null, "adm0_name": "Nepal", "adm1_name": "Bagmati", "adm2_name": "Rasuwa", "adm3_name": "Uttargaya", "adm4_name": null, "source_feature_count": 1, "source_fids": "474", "source_ids": "way/341771104", "source_highways": "unclassified", "source_names": "", "source_adm1": "Bagmati", "source_adm2": "Rasuwa", "source_adm3": "Uttargaya", "source_adm4": "", "attribute_confidence": "high", "start_degree": 3, "end_degree": 3, "topology_role": "intersection_to_intersection", "dangle_flag": false, "short_dangle_flag": false, "component_id": 125, "component_length_km": 29.477911352104606, "component_segment_count": 39}, "geometry": {"type": "LineString", "coordinates": [[85.18317645058836, 28.019541785973438], [85.1832782, 28.019649199999996], [85.1833625, 28.019753], [85.1834366, 28.0199044], [85.1834494, 28.0199305], [85.1834865, 28.020022199999996], [85.1835164, 28.020105699999995]]}}, {"type": "Feature", "properties": {"fid": 425, "segment_id": 851, "length_m": 1236.848265435716, "length_km": 1.236848265435716, "highway": "unclassified", "name": null, "name_en": null, "name_ne": null, "surface": null, "smoothness": null, "lanes": null, "oneway": null, "bridge": null, "layer": null, "source": null, "adm0_name": "Nepal", "adm1_name": "Bagmati", "adm2_name": "Nuwakot", "adm3_name": "Kispang", "adm4_name": null, "source_feature_count": 1, "source_fids": "879", "source_ids": "way/341058030", "source_highways": "unclassified", "source_names": "", "source_adm1": "Bagmati", "source_adm2": "Nuwakot", "source_adm3": "Kispang", "source_adm4": "", "attribute_confidence": "high", "start_degree": 3, "end_degree": 3, "topology_role": "intersection_to_intersection", "dangle_flag": false, "short_dangle_flag": false, "component_id": 115, "component_length_km": 46.81276290964051, "component_segment_count": 183}, "geometry": {"type": "LineString", "coordinates": [[85.1845618, 27.997245300000003], [85.184575, 27.9973685], [85.1845526, 27.997590399999996], [85.1845422, 27.998050699999993], [85.1843941, 27.998415700000002], [85.1842773, 27.998825199999995], [85.184237, 27.999166699999996], [85.1840418, 27.999461799999995], [85.1836991, 27.999900700000005], [85.1835859, 28.000103499999998], [85.1834148, 28.000597400000004], [85.183376, 28.000782599999997], [85.1833448, 28.001105299999995], [85.1833212, 28.001357099999993], [85.1833365, 28.0016146], [85.1834081, 28.001845899999996], [85.18337, 28.002421099999992], [85.1833857, 28.0027266], [85.1833024, 28.003226300000005], [85.1834097, 28.0035714], [85.183472, 28.0039856], [85.1834443, 28.0043837], [85.1834713, 28.004563499999996], [85.1835223, 28.005084199999995], [85.1834998, 28.005307499999997], [85.1833643, 28.005592599999993], [85.1832612, 28.005807699999995], [85.1831527, 28.006067899999994], [85.183024, 28.0065203], [85.1830246, 28.006972400000002], [85.1830401, 28.0074706], [85.1830601, 28.007758999999997], [85.1830378, 28.007936499999992], [85.1829704, 28.008044]]}}, {"type": "Feature", "properties": {"fid": 426, "segment_id": 852, "length_m": 257.4271300037204, "length_km": 0.25742713000372036, "highway": "primary", "name": "Pasang Lhamu Highway", "name_en": null, "name_ne": null, "surface": "paved", "smoothness": null, "lanes": null, "oneway": null, "bridge": null, "layer": null, "source": null, "adm0_name": "Nepal", "adm1_name": "Bagmati", "adm2_name": "Nuwakot", "adm3_name": "Bidur", "adm4_name": null, "source_feature_count": 1, "source_fids": "711", "source_ids": "way/1128013962", "source_highways": "primary", "source_names": "Pasang Lhamu Highway", "source_adm1": "Bagmati", "source_adm2": "Nuwakot", "source_adm3": "Bidur", "source_adm4": "", "attribute_confidence": "high", "start_degree": 3, "end_degree": 3, "topology_role": "intersection_to_intersection", "dangle_flag": false, "short_dangle_flag": false, "component_id": 115, "component_length_km": 46.81276290964051, "component_segment_count": 183}, "geometry": {"type": "LineString", "coordinates": [[85.1858603, 27.973962500000006], [85.1856624, 27.9744799], [85.1855461, 27.974750299999993], [85.1855113, 27.9748073], [85.1854764, 27.974849899999995], [85.1854238, 27.9748878], [85.1853336, 27.9749165], [85.1852767, 27.974926199999995], [85.1851838, 27.9749263], [85.1846789, 27.974874599999993], [85.1846057, 27.974861899999997], [85.1844251, 27.9748088], [85.1842654, 27.974786399999996], [85.1841789, 27.974788699999994], [85.1841192, 27.974800200000004], [85.1840688, 27.974825999999997], [85.1840353, 27.974865900000005], [85.1840244, 27.974892300000004]]}}, {"type": "Feature", "properties": {"fid": 427, "segment_id": 853, "length_m": 223.343521012408, "length_km": 0.22334352101240798, "highway": "unclassified", "name": null, "name_en": null, "name_ne": null, "surface": null, "smoothness": null, "lanes": null, "oneway": null, "bridge": null, "layer": null, "source": null, "adm0_name": "Nepal", "adm1_name": "Bagmati", "adm2_name": "Rasuwa", "adm3_name": "Uttargaya", "adm4_name": null, "source_feature_count": 1, "source_fids": "474", "source_ids": "way/341771104", "source_highways": "unclassified", "source_names": "", "source_adm1": "Bagmati", "source_adm2": "Rasuwa", "source_adm3": "Uttargaya", "source_adm4": "", "attribute_confidence": "high", "start_degree": 3, "end_degree": 3, "topology_role": "intersection_to_intersection", "dangle_flag": false, "short_dangle_flag": false, "component_id": 125, "component_length_km": 29.477911352104606, "component_segment_count": 39}, "geometry": {"type": "LineString", "coordinates": [[85.1835164, 28.020105699999995], [85.1835224, 28.020267099999995], [85.1835581, 28.0203789], [85.1836244, 28.020552000000006], [85.1836927, 28.020746500000005], [85.183744, 28.020882699999998], [85.1837765, 28.020972900000004], [85.1838913, 28.021169800000003], [85.1840052, 28.021410499999995], [85.1840684, 28.021666899999992], [85.1840128, 28.022031199999994]]}}, {"type": "Feature", "properties": {"fid": 428, "segment_id": 854, "length_m": 751.4290634020655, "length_km": 0.7514290634020655, "highway": "track", "name": null, "name_en": null, "name_ne": null, "surface": null, "smoothness": null, "lanes": null, "oneway": null, "bridge": null, "layer": null, "source": null, "adm0_name": "Nepal", "adm1_name": "Bagmati", "adm2_name": "Rasuwa", "adm3_name": "Uttargaya", "adm4_name": null, "source_feature_count": 2, "source_fids": "410;374", "source_ids": "way/1552963589;way/886486192", "source_highways": "track", "source_names": "", "source_adm1": "Bagmati", "source_adm2": "Rasuwa", "source_adm3": "Uttargaya", "source_adm4": "", "attribute_confidence": "medium", "start_degree": 3, "end_degree": 1, "topology_role": "dead_end_link", "dangle_flag": true, "short_dangle_flag": false, "component_id": 125, "component_length_km": 29.477911352104606, "component_segment_count": 39}, "geometry": {"type": "MultiLineString", "coordinates": [[[85.1835164, 28.020105699999995], [85.1837069, 28.0200329], [85.1837611, 28.0199457], [85.18363740000001, 28.019724299999996], [85.1836478, 28.0196074], [85.18376950977476, 28.019514259693633]], [[85.18410611333033, 28.019401531794244], [85.1843055, 28.0193731], [85.1844925, 28.019433699999993], [85.1849025, 28.019687399999995], [85.1851009, 28.019648899999996], [85.1853154, 28.019690299999997], [85.1855555, 28.019663100000002], [85.1857567, 28.019838300000004], [85.1856038, 28.020267999999994], [85.1854885, 28.020403000000005], [85.1853329, 28.0203414], [85.1851881, 28.0204811], [85.1851264, 28.0208813], [85.1851559, 28.021092], [85.1849467, 28.0215206], [85.1849955, 28.021682399999996], [85.1850325, 28.0218047], [85.1851049, 28.022427500000003], [85.1851373, 28.022587199999997], [85.1852363, 28.0230762], [85.1852658, 28.023481099999998]]]}}, {"type": "Feature", "properties": {"fid": 429, "segment_id": 856, "length_m": 16.185464422140516, "length_km": 0.016185464422140517, "highway": "unclassified", "name": null, "name_en": null, "name_ne": null, "surface": null, "smoothness": null, "lanes": null, "oneway": null, "bridge": null, "layer": null, "source": null, "adm0_name": "Nepal", "adm1_name": "Bagmati", "adm2_name": "Nuwakot", "adm3_name": "Kispang", "adm4_name": null, "source_feature_count": 1, "source_fids": "879", "source_ids": "way/341058030", "source_highways": "unclassified", "source_names": "", "source_adm1": "Bagmati", "source_adm2": "Nuwakot", "source_adm3": "Kispang", "source_adm4": "", "attribute_confidence": "high", "start_degree": 3, "end_degree": 3, "topology_role": "intersection_to_intersection", "dangle_flag": false, "short_dangle_flag": false, "component_id": 115, "component_length_km": 46.81276290964051, "component_segment_count": 183}, "geometry": {"type": "LineString", "coordinates": [[85.1842573, 27.996449600000002], [85.1843102, 27.9965879]]}}, {"type": "Feature", "properties": {"fid": 430, "segment_id": 857, "length_m": 166.02497575197003, "length_km": 0.16602497575197003, "highway": "unclassified", "name": null, "name_en": null, "name_ne": null, "surface": null, "smoothness": null, "lanes": null, "oneway": null, "bridge": null, "layer": null, "source": null, "adm0_name": "Nepal", "adm1_name": "Bagmati", "adm2_name": "Nuwakot", "adm3_name": "Kispang", "adm4_name": null, "source_feature_count": 1, "source_fids": "879", "source_ids": "way/341058030", "source_highways": "unclassified", "source_names": "", "source_adm1": "Bagmati", "source_adm2": "Nuwakot", "source_adm3": "Kispang", "source_adm4": "", "attribute_confidence": "high", "start_degree": 3, "end_degree": 3, "topology_role": "intersection_to_intersection", "dangle_flag": false, "short_dangle_flag": false, "component_id": 115, "component_length_km": 46.81276290964051, "component_segment_count": 183}, "geometry": {"type": "LineString", "coordinates": [[85.1851174, 27.995259499999996], [85.18472240000001, 27.995538399999997], [85.1844633, 27.995760100000005], [85.1843307, 27.995927899999998], [85.1842573, 27.996449600000002]]}}, {"type": "Feature", "properties": {"fid": 431, "segment_id": 858, "length_m": 76.94104858720469, "length_km": 0.07694104858720469, "highway": "unclassified", "name": null, "name_en": null, "name_ne": null, "surface": null, "smoothness": null, "lanes": null, "oneway": null, "bridge": null, "layer": null, "source": null, "adm0_name": "Nepal", "adm1_name": "Bagmati", "adm2_name": "Nuwakot", "adm3_name": "Kispang", "adm4_name": null, "source_feature_count": 1, "source_fids": "879", "source_ids": "way/341058030", "source_highways": "unclassified", "source_names": "", "source_adm1": "Bagmati", "source_adm2": "Nuwakot", "source_adm3": "Kispang", "source_adm4": "", "attribute_confidence": "high", "start_degree": 3, "end_degree": 3, "topology_role": "intersection_to_intersection", "dangle_flag": false, "short_dangle_flag": false, "component_id": 115, "component_length_km": 46.81276290964051, "component_segment_count": 183}, "geometry": {"type": "LineString", "coordinates": [[85.1843102, 27.9965879], [85.1845618, 27.997245300000003]]}}, {"type": "Feature", "properties": {"fid": 432, "segment_id": 859, "length_m": 153.35340552257838, "length_km": 0.1533534055225784, "highway": "UNCLASSIFIED_UNKNOWN", "name": null, "name_en": null, "name_ne": null, "surface": null, "smoothness": null, "lanes": null, "oneway": null, "bridge": null, "layer": null, "source": null, "adm0_name": null, "adm1_name": null, "adm2_name": null, "adm3_name": null, "adm4_name": null, "source_feature_count": 1, "source_fids": "1406", "source_ids": "", "source_highways": "UNCLASSIFIED_UNKNOWN", "source_names": "", "source_adm1": "", "source_adm2": "", "source_adm3": "", "source_adm4": "", "attribute_confidence": "high", "start_degree": 1, "end_degree": 3, "topology_role": "dead_end_link", "dangle_flag": true, "short_dangle_flag": false, "component_id": 115, "component_length_km": 46.81276290964051, "component_segment_count": 183}, "geometry": {"type": "LineString", "coordinates": [[85.184136, 28.00880779999998], [85.18422712769349, 28.008784949603633], [85.18435217348029, 28.00887916218274], [85.18455430228637, 28.008963097025937], [85.1848643473194, 28.00955577979629], [85.18497600000002, 28.0098418]]}}, {"type": "Feature", "properties": {"fid": 433, "segment_id": 861, "length_m": 150.6325010502335, "length_km": 0.15063250105023349, "highway": "track", "name": null, "name_en": null, "name_ne": null, "surface": null, "smoothness": null, "lanes": null, "oneway": null, "bridge": null, "layer": null, "source": null, "adm0_name": "Nepal", "adm1_name": "Bagmati", "adm2_name": "Rasuwa", "adm3_name": "Uttargaya", "adm4_name": null, "source_feature_count": 1, "source_fids": "529", "source_ids": "way/796235161", "source_highways": "track", "source_names": "", "source_adm1": "Bagmati", "source_adm2": "Rasuwa", "source_adm3": "Uttargaya", "source_adm4": "", "attribute_confidence": "high", "start_degree": 3, "end_degree": 3, "topology_role": "intersection_to_intersection", "dangle_flag": false, "short_dangle_flag": false, "component_id": 125, "component_length_km": 29.477911352104606, "component_segment_count": 39}, "geometry": {"type": "MultiLineString", "coordinates": [[[85.18394384575855, 28.023229216182074], [85.18395364544142, 28.023163437502735]], [[85.18400877580771, 28.022038587134904], [85.1840128, 28.022031199999994]]]}}, {"type": "Feature", "properties": {"fid": 434, "segment_id": 862, "length_m": 52.480307256285656, "length_km": 0.052480307256285656, "highway": "track", "name": null, "name_en": null, "name_ne": null, "surface": null, "smoothness": null, "lanes": null, "oneway": null, "bridge": null, "layer": null, "source": null, "adm0_name": "Nepal", "adm1_name": "Bagmati", "adm2_name": "Rasuwa", "adm3_name": "Uttargaya", "adm4_name": null, "source_feature_count": 1, "source_fids": "91", "source_ids": "way/1552963588", "source_highways": "track", "source_names": "", "source_adm1": "Bagmati", "source_adm2": "Rasuwa", "source_adm3": "Uttargaya", "source_adm4": "", "attribute_confidence": "high", "start_degree": 3, "end_degree": 3, "topology_role": "intersection_to_intersection", "dangle_flag": false, "short_dangle_flag": false, "component_id": 125, "component_length_km": 29.477911352104606, "component_segment_count": 39}, "geometry": {"type": "LineString", "coordinates": [[85.18402962414181, 28.023312110262374], [85.1840736, 28.02321], [85.18428040000002, 28.023055600000006]]}}, {"type": "Feature", "properties": {"fid": 435, "segment_id": 863, "length_m": 116.70047799567729, "length_km": 0.11670047799567729, "highway": "unclassified", "name": null, "name_en": null, "name_ne": null, "surface": null, "smoothness": null, "lanes": null, "oneway": null, "bridge": null, "layer": null, "source": null, "adm0_name": "Nepal", "adm1_name": "Bagmati", "adm2_name": "Rasuwa", "adm3_name": "Uttargaya", "adm4_name": null, "source_feature_count": 1, "source_fids": "474", "source_ids": "way/341771104", "source_highways": "unclassified", "source_names": "", "source_adm1": "Bagmati", "source_adm2": "Rasuwa", "source_adm3": "Uttargaya", "source_adm4": "", "attribute_confidence": "high", "start_degree": 3, "end_degree": 3, "topology_role": "intersection_to_intersection", "dangle_flag": false, "short_dangle_flag": false, "component_id": 125, "component_length_km": 29.477911352104606, "component_segment_count": 39}, "geometry": {"type": "LineString", "coordinates": [[85.1840128, 28.022031199999994], [85.1840555, 28.022304299999995], [85.18428040000002, 28.023055600000006]]}}, {"type": "Feature", "properties": {"fid": 436, "segment_id": 864, "length_m": 91.66880274915984, "length_km": 0.09166880274915984, "highway": "unclassified", "name": null, "name_en": null, "name_ne": null, "surface": null, "smoothness": "very_horrible", "lanes": null, "oneway": null, "bridge": null, "layer": null, "source": "Bing", "adm0_name": "Nepal", "adm1_name": "Bagmati", "adm2_name": "Rasuwa", "adm3_name": "Uttargaya", "adm4_name": null, "source_feature_count": 1, "source_fids": "1269", "source_ids": "way/341862310", "source_highways": "unclassified", "source_names": "", "source_adm1": "Bagmati", "source_adm2": "Rasuwa", "source_adm3": "Uttargaya", "source_adm4": "", "attribute_confidence": "high", "start_degree": 3, "end_degree": 3, "topology_role": "intersection_to_intersection", "dangle_flag": false, "short_dangle_flag": false, "component_id": 125, "component_length_km": 29.477911352104606, "component_segment_count": 39}, "geometry": {"type": "LineString", "coordinates": [[85.1849739, 28.0239639], [85.1848212, 28.024013399999998], [85.18466328168778, 28.02407667442995]]}}, {"type": "Feature", "properties": {"fid": 437, "segment_id": 865, "length_m": 124.32843611068851, "length_km": 0.12432843611068851, "highway": "unclassified", "name": null, "name_en": null, "name_ne": null, "surface": null, "smoothness": null, "lanes": null, "oneway": null, "bridge": null, "layer": null, "source": null, "adm0_name": "Nepal", "adm1_name": "Bagmati", "adm2_name": "Rasuwa", "adm3_name": "Uttargaya", "adm4_name": null, "source_feature_count": 1, "source_fids": "474", "source_ids": "way/341771104", "source_highways": "unclassified", "source_names": "", "source_adm1": "Bagmati", "source_adm2": "Rasuwa", "source_adm3": "Uttargaya", "source_adm4": "", "attribute_confidence": "high", "start_degree": 3, "end_degree": 3, "topology_role": "intersection_to_intersection", "dangle_flag": false, "short_dangle_flag": false, "component_id": 125, "component_length_km": 29.477911352104606, "component_segment_count": 39}, "geometry": {"type": "LineString", "coordinates": [[85.18428040000002, 28.023055600000006], [85.18439810000001, 28.023190199999995], [85.1845109, 28.023338499999994], [85.184627, 28.0236695], [85.1849739, 28.0239639]]}}, {"type": "Feature", "properties": {"fid": 438, "segment_id": 866, "length_m": 175.2396154673657, "length_km": 0.1752396154673657, "highway": "residential", "name": null, "name_en": null, "name_ne": null, "surface": null, "smoothness": null, "lanes": null, "oneway": null, "bridge": null, "layer": null, "source": null, "adm0_name": "Nepal", "adm1_name": "Bagmati", "adm2_name": "Nuwakot", "adm3_name": "Bidur", "adm4_name": null, "source_feature_count": 2, "source_fids": "1280", "source_ids": "way/1434607566", "source_highways": "residential", "source_names": "", "source_adm1": "Bagmati", "source_adm2": "Nuwakot", "source_adm3": "Bidur", "source_adm4": "", "attribute_confidence": "medium", "start_degree": 3, "end_degree": 4, "topology_role": "intersection_to_intersection", "dangle_flag": false, "short_dangle_flag": false, "component_id": 115, "component_length_km": 46.81276290964051, "component_segment_count": 183}, "geometry": {"type": "LineString", "coordinates": [[85.1851827, 27.972480299999994], [85.1851089, 27.972540299999995], [85.1850982, 27.972604299999997], [85.1851371, 27.972727399999997], [85.1852149, 27.972973799999995], [85.1852752, 27.9731082], [85.1853061, 27.973250999999994], [85.1853906, 27.973434499999996], [85.1854536, 27.973537600000004], [85.1855099, 27.973583799999993], [85.185589, 27.973619300000003], [85.1856655, 27.973613400000005], [85.1859169, 27.973602000000003]]}}, {"type": "Feature", "properties": {"fid": 439, "segment_id": 867, "length_m": 36.67206086628843, "length_km": 0.036672060866288436, "highway": "unclassified", "name": null, "name_en": null, "name_ne": null, "surface": "unpaved", "smoothness": "good", "lanes": "2", "oneway": null, "bridge": null, "layer": null, "source": null, "adm0_name": "Nepal", "adm1_name": "Bagmati", "adm2_name": "Nuwakot", "adm3_name": "Bidur", "adm4_name": null, "source_feature_count": 1, "source_fids": "713", "source_ids": "way/341462137", "source_highways": "unclassified", "source_names": "", "source_adm1": "Bagmati", "source_adm2": "Nuwakot", "source_adm3": "Bidur", "source_adm4": "", "attribute_confidence": "high", "start_degree": 3, "end_degree": 3, "topology_role": "intersection_to_intersection", "dangle_flag": false, "short_dangle_flag": false, "component_id": 115, "component_length_km": 46.81276290964051, "component_segment_count": 183}, "geometry": {"type": "LineString", "coordinates": [[85.1855365, 27.9723799], [85.1852346, 27.972475600000003], [85.1851827, 27.972480299999994]]}}, {"type": "Feature", "properties": {"fid": 440, "segment_id": 868, "length_m": 568.467602421354, "length_km": 0.568467602421354, "highway": "unclassified", "name": null, "name_en": null, "name_ne": null, "surface": null, "smoothness": null, "lanes": null, "oneway": null, "bridge": null, "layer": null, "source": null, "adm0_name": "Nepal", "adm1_name": "Bagmati", "adm2_name": "Nuwakot", "adm3_name": "Kispang", "adm4_name": null, "source_feature_count": 1, "source_fids": "880", "source_ids": "way/1128415151", "source_highways": "unclassified", "source_names": "", "source_adm1": "Bagmati", "source_adm2": "Nuwakot", "source_adm3": "Kispang", "source_adm4": "", "attribute_confidence": "high", "start_degree": 3, "end_degree": 3, "topology_role": "intersection_to_intersection", "dangle_flag": false, "short_dangle_flag": false, "component_id": 115, "component_length_km": 46.81276290964051, "component_segment_count": 183}, "geometry": {"type": "LineString", "coordinates": [[85.1851174, 27.995259499999996], [85.1853349, 27.9955345], [85.1861202, 27.996154499999992], [85.1864894, 27.996988300000005], [85.1863763, 27.998164599999992], [85.1861407, 27.999666799999996], [85.1859582, 27.999879899999993]]}}, {"type": "Feature", "properties": {"fid": 441, "segment_id": 869, "length_m": 122.81461599624869, "length_km": 0.1228146159962487, "highway": "track", "name": "Pasang Lhamu Highway", "name_en": null, "name_ne": null, "surface": "paved", "smoothness": null, "lanes": null, "oneway": null, "bridge": null, "layer": null, "source": null, "adm0_name": "Nepal", "adm1_name": "Bagmati", "adm2_name": "Nuwakot", "adm3_name": "Bidur", "adm4_name": null, "source_feature_count": 2, "source_fids": "494", "source_ids": "way/345313941", "source_highways": "track", "source_names": "Pasang Lhamu Highway", "source_adm1": "Bagmati", "source_adm2": "Nuwakot", "source_adm3": "Bidur", "source_adm4": "", "attribute_confidence": "medium", "start_degree": 3, "end_degree": 3, "topology_role": "intersection_to_intersection", "dangle_flag": false, "short_dangle_flag": false, "component_id": 115, "component_length_km": 46.81276290964051, "component_segment_count": 183}, "geometry": {"type": "LineString", "coordinates": [[85.1855365, 27.9723799], [85.1856682, 27.972790199999995], [85.1857051, 27.972884099999995], [85.1857393, 27.9729708], [85.1858642, 27.9734484]]}}, {"type": "Feature", "properties": {"fid": 442, "segment_id": 870, "length_m": 240.15532037181657, "length_km": 0.24015532037181658, "highway": "track", "name": null, "name_en": null, "name_ne": null, "surface": null, "smoothness": null, "lanes": null, "oneway": null, "bridge": null, "layer": null, "source": null, "adm0_name": "Nepal", "adm1_name": "Bagmati", "adm2_name": "Nuwakot", "adm3_name": "Kispang", "adm4_name": null, "source_feature_count": 1, "source_fids": "558", "source_ids": "way/886262263", "source_highways": "track", "source_names": "", "source_adm1": "Bagmati", "source_adm2": "Nuwakot", "source_adm3": "Kispang", "source_adm4": "", "attribute_confidence": "high", "start_degree": 3, "end_degree": 3, "topology_role": "intersection_to_intersection", "dangle_flag": false, "short_dangle_flag": false, "component_id": 115, "component_length_km": 46.81276290964051, "component_segment_count": 183}, "geometry": {"type": "LineString", "coordinates": [[85.18497600000002, 28.0098418], [85.1850006, 28.009994200000012], [85.1850215, 28.010249300000005], [85.1848644, 28.010388000000003], [85.1846917, 28.010802999999996], [85.1848397, 28.011070799999995], [85.1850769, 28.011212200000003], [85.1851786, 28.0116747], [85.1852158, 28.011763999999996]]}}, {"type": "Feature", "properties": {"fid": 443, "segment_id": 871, "length_m": 792.2061214780148, "length_km": 0.7922061214780147, "highway": "footway", "name": null, "name_en": null, "name_ne": null, "surface": null, "smoothness": null, "lanes": null, "oneway": null, "bridge": null, "layer": null, "source": null, "adm0_name": "Nepal", "adm1_name": "Bagmati", "adm2_name": "Nuwakot", "adm3_name": "Kispang", "adm4_name": null, "source_feature_count": 1, "source_fids": "1017", "source_ids": "way/886262256", "source_highways": "footway", "source_names": "", "source_adm1": "Bagmati", "source_adm2": "Nuwakot", "source_adm3": "Kispang", "source_adm4": "", "attribute_confidence": "high", "start_degree": 3, "end_degree": 3, "topology_role": "intersection_to_intersection", "dangle_flag": false, "short_dangle_flag": false, "component_id": 115, "component_length_km": 46.81276290964051, "component_segment_count": 183}, "geometry": {"type": "LineString", "coordinates": [[85.18497600000002, 28.0098418], [85.1849359, 28.009643299999997], [85.1848989, 28.009444700000003], [85.1849143, 28.009186299999996], [85.1850114, 28.009014999999994], [85.1850438, 28.0089578], [85.1851229, 28.008703799999996], [85.185204, 28.008443699999997], [85.1852379, 28.008242399999993], [85.1852502, 28.007978499999997], [85.1852964, 28.007711899999997], [85.1852872, 28.007622199999993], [85.1852841, 28.007497], [85.18535490000001, 28.0073202], [85.1854443, 28.0071271], [85.1855521, 28.007010099999995], [85.18566, 28.006827899999998], [85.1857616, 28.006691799999995], [85.185814, 28.006487799999995], [85.1858571, 28.006289299999995], [85.1857524, 28.006107], [85.1856261, 28.005946499999997], [85.1854936, 28.005756099999985], [85.1853149, 28.005647299999993], [85.1852494, 28.0054962], [85.1852588, 28.005265499999997], [85.1853348, 28.004966999999997], [85.1853261, 28.004885600000005], [85.1853508, 28.004804099999998], [85.18537140000001, 28.004788799999993], [85.1854469, 28.004756199999996], [85.1855051, 28.0047442], [85.1855515, 28.0046993], [85.1856722, 28.0045194], [85.1858331, 28.004490999999994], [85.1859457, 28.004406899999996], [85.1860745, 28.0042932], [85.1859189, 28.00409309999999], [85.1856708, 28.003897199999997], [85.1856642, 28.003790999999996], [85.1858855, 28.00366709999999]]}}, {"type": "Feature", "properties": {"fid": 444, "segment_id": 872, "length_m": 214.00124039946598, "length_km": 0.214001240399466, "highway": "path", "name": null, "name_en": null, "name_ne": null, "surface": null, "smoothness": null, "lanes": null, "oneway": null, "bridge": null, "layer": null, "source": null, "adm0_name": "Nepal", "adm1_name": "Bagmati", "adm2_name": "Nuwakot", "adm3_name": "Kispang", "adm4_name": null, "source_feature_count": 1, "source_fids": "1020", "source_ids": "way/886486178", "source_highways": "path", "source_names": "", "source_adm1": "Bagmati", "source_adm2": "Nuwakot", "source_adm3": "Kispang", "source_adm4": "", "attribute_confidence": "high", "start_degree": 3, "end_degree": 3, "topology_role": "intersection_to_intersection", "dangle_flag": false, "short_dangle_flag": false, "component_id": 115, "component_length_km": 46.81276290964051, "component_segment_count": 183}, "geometry": {"type": "LineString", "coordinates": [[85.1853936, 28.0030094], [85.185298, 28.0028313], [85.1852308, 28.002672], [85.18519540000001, 28.002525099999996], [85.1850751, 28.002300099999996], [85.1850697, 28.0022048], [85.1851352, 28.001950099999995], [85.1851529, 28.001857900000005], [85.1851264, 28.0016345], [85.1851211, 28.0015111], [85.1851724, 28.001270499999993], [85.1851298, 28.0011553]]}}, {"type": "Feature", "properties": {"fid": 445, "segment_id": 873, "length_m": 164.26810843279705, "length_km": 0.16426810843279704, "highway": "unclassified", "name": null, "name_en": null, "name_ne": null, "surface": null, "smoothness": null, "lanes": null, "oneway": null, "bridge": null, "layer": null, "source": null, "adm0_name": "Nepal", "adm1_name": "Bagmati", "adm2_name": "Nuwakot", "adm3_name": "Kispang", "adm4_name": null, "source_feature_count": 1, "source_fids": "880", "source_ids": "way/1128415151", "source_highways": "unclassified", "source_names": "", "source_adm1": "Bagmati", "source_adm2": "Nuwakot", "source_adm3": "Kispang", "source_adm4": "", "attribute_confidence": "high", "start_degree": 3, "end_degree": 3, "topology_role": "intersection_to_intersection", "dangle_flag": false, "short_dangle_flag": false, "component_id": 115, "component_length_km": 46.81276290964051, "component_segment_count": 183}, "geometry": {"type": "LineString", "coordinates": [[85.1859582, 27.999879899999993], [85.1857934, 28.000072300000003], [85.185264, 28.000803100000002], [85.1851298, 28.0011553]]}}, {"type": "Feature", "properties": {"fid": 446, "segment_id": 874, "length_m": 402.7356542281645, "length_km": 0.4027356542281645, "highway": "unclassified", "name": null, "name_en": null, "name_ne": null, "surface": null, "smoothness": null, "lanes": null, "oneway": null, "bridge": null, "layer": null, "source": null, "adm0_name": "Nepal", "adm1_name": "Bagmati", "adm2_name": "Rasuwa", "adm3_name": "Uttargaya", "adm4_name": null, "source_feature_count": 1, "source_fids": "474", "source_ids": "way/341771104", "source_highways": "unclassified", "source_names": "", "source_adm1": "Bagmati", "source_adm2": "Rasuwa", "source_adm3": "Uttargaya", "source_adm4": "", "attribute_confidence": "high", "start_degree": 3, "end_degree": 3, "topology_role": "intersection_to_intersection", "dangle_flag": false, "short_dangle_flag": false, "component_id": 125, "component_length_km": 29.477911352104606, "component_segment_count": 39}, "geometry": {"type": "LineString", "coordinates": [[85.1849739, 28.0239639], [85.1850969, 28.024103799999995], [85.1851651, 28.0242043], [85.1856057, 28.0246661], [85.1857793, 28.024689700000003], [85.1860419, 28.024675899999995], [85.1864442, 28.0246948], [85.1871803, 28.025081699999998], [85.1873566, 28.025548300000004], [85.1873821, 28.025841699999997], [85.1872185, 28.025941199999995], [85.1871574, 28.0261231], [85.1871915, 28.026192999999996]]}}, {"type": "Feature", "properties": {"fid": 447, "segment_id": 875, "length_m": 565.0959013203982, "length_km": 0.5650959013203982, "highway": "track", "name": null, "name_en": null, "name_ne": null, "surface": null, "smoothness": null, "lanes": null, "oneway": null, "bridge": null, "layer": null, "source": null, "adm0_name": "Nepal", "adm1_name": "Bagmati", "adm2_name": "Nuwakot", "adm3_name": "Kispang", "adm4_name": null, "source_feature_count": 1, "source_fids": "558", "source_ids": "way/886262263", "source_highways": "track", "source_names": "", "source_adm1": "Bagmati", "source_adm2": "Nuwakot", "source_adm3": "Kispang", "source_adm4": "", "attribute_confidence": "high", "start_degree": 3, "end_degree": 1, "topology_role": "dead_end_link", "dangle_flag": true, "short_dangle_flag": false, "component_id": 115, "component_length_km": 46.81276290964051, "component_segment_count": 183}, "geometry": {"type": "LineString", "coordinates": [[85.1852158, 28.011763999999996], [85.18523217422995, 28.011803390836]]}}, {"type": "Feature", "properties": {"fid": 448, "segment_id": 876, "length_m": 519.5105481907887, "length_km": 0.5195105481907887, "highway": "path", "name": null, "name_en": null, "name_ne": null, "surface": null, "smoothness": null, "lanes": null, "oneway": null, "bridge": null, "layer": null, "source": null, "adm0_name": "Nepal", "adm1_name": "Bagmati", "adm2_name": "Nuwakot", "adm3_name": "Kispang", "adm4_name": null, "source_feature_count": 1, "source_fids": "1015", "source_ids": "way/886486183", "source_highways": "path", "source_names": "", "source_adm1": "Bagmati", "source_adm2": "Nuwakot", "source_adm3": "Kispang", "source_adm4": "", "attribute_confidence": "high", "start_degree": 3, "end_degree": 1, "topology_role": "dead_end_link", "dangle_flag": true, "short_dangle_flag": false, "component_id": 115, "component_length_km": 46.81276290964051, "component_segment_count": 183}, "geometry": {"type": "LineString", "coordinates": [[85.1852158, 28.011763999999996], [85.1852036, 28.0120489], [85.1851768, 28.0124065], [85.1851634, 28.0130932], [85.1852572, 28.013536000000002], [85.1854638, 28.013978799999997], [85.1857078, 28.014326899999993], [85.18608070000002, 28.014691499999998], [85.1863864, 28.0149425], [85.1865501, 28.015210099999997], [85.18675660000001, 28.015397200000002], [85.1870677, 28.015553499999996], [85.1872743, 28.015754699999995]]}}, {"type": "Feature", "properties": {"fid": 449, "segment_id": 877, "length_m": 17.79384323514384, "length_km": 0.01779384323514384, "highway": "track", "name": "Pasang Lhamu Highway", "name_en": null, "name_ne": null, "surface": "paved", "smoothness": null, "lanes": null, "oneway": null, "bridge": null, "layer": null, "source": null, "adm0_name": "Nepal", "adm1_name": "Bagmati", "adm2_name": "Nuwakot", "adm3_name": "Bidur", "adm4_name": null, "source_feature_count": 1, "source_fids": "494", "source_ids": "way/345313941", "source_highways": "track", "source_names": "Pasang Lhamu Highway", "source_adm1": "Bagmati", "source_adm2": "Nuwakot", "source_adm3": "Bidur", "source_adm4": "", "attribute_confidence": "high", "start_degree": 3, "end_degree": 4, "topology_role": "intersection_to_intersection", "dangle_flag": false, "short_dangle_flag": false, "component_id": 115, "component_length_km": 46.81276290964051, "component_segment_count": 183}, "geometry": {"type": "LineString", "coordinates": [[85.1858642, 27.9734484], [85.1859169, 27.973602000000003]]}}, {"type": "Feature", "properties": {"fid": 450, "segment_id": 878, "length_m": 455.62853293908535, "length_km": 0.45562853293908534, "highway": "path", "name": null, "name_en": null, "name_ne": null, "surface": null, "smoothness": null, "lanes": null, "oneway": null, "bridge": null, "layer": null, "source": "Digital Globe,2015-05-03", "adm0_name": "Nepal", "adm1_name": "Bagmati", "adm2_name": "Nuwakot", "adm3_name": "Bidur", "adm4_name": null, "source_feature_count": 1, "source_fids": "718", "source_ids": "way/343305096", "source_highways": "path", "source_names": "", "source_adm1": "Bagmati", "source_adm2": "Nuwakot", "source_adm3": "Bidur", "source_adm4": "", "attribute_confidence": "high", "start_degree": 3, "end_degree": 3, "topology_role": "intersection_to_intersection", "dangle_flag": false, "short_dangle_flag": false, "component_id": 115, "component_length_km": 46.81276290964051, "component_segment_count": 183}, "geometry": {"type": "LineString", "coordinates": [[85.1858642, 27.9734484], [85.1860041, 27.9733891], [85.1860418, 27.973283799999997], [85.1861731, 27.973303799999996], [85.1862285, 27.973332199999998], [85.186289, 27.9733259], [85.18636680000002, 27.9732453], [85.186466, 27.973181399999998], [85.1865385, 27.9730795], [85.1865707, 27.972889999999996], [85.1866531, 27.972667599999998], [85.18667502104688, 27.972643392970255]]}}, {"type": "Feature", "properties": {"fid": 451, "segment_id": 879, "length_m": 70.28577933740391, "length_km": 0.0702857793374039, "highway": "track", "name": null, "name_en": null, "name_ne": null, "surface": null, "smoothness": null, "lanes": null, "oneway": null, "bridge": null, "layer": null, "source": null, "adm0_name": "Nepal", "adm1_name": "Bagmati", "adm2_name": "Nuwakot", "adm3_name": "Bidur", "adm4_name": null, "source_feature_count": 1, "source_fids": "48", "source_ids": "way/543839167", "source_highways": "track", "source_names": "", "source_adm1": "Bagmati", "source_adm2": "Nuwakot", "source_adm3": "Bidur", "source_adm4": "", "attribute_confidence": "high", "start_degree": 3, "end_degree": 3, "topology_role": "intersection_to_intersection", "dangle_flag": false, "short_dangle_flag": false, "component_id": 115, "component_length_km": 46.81276290964051, "component_segment_count": 183}, "geometry": {"type": "LineString", "coordinates": [[85.1865204, 27.974204899999993], [85.1862702, 27.974117299999996], [85.1858603, 27.973962500000006]]}}, {"type": "Feature", "properties": {"fid": 452, "segment_id": 880, "length_m": 40.570341627640545, "length_km": 0.040570341627640547, "highway": "track", "name": "Pasang Lhamu Highway", "name_en": null, "name_ne": null, "surface": "paved", "smoothness": null, "lanes": null, "oneway": null, "bridge": null, "layer": null, "source": null, "adm0_name": "Nepal", "adm1_name": "Bagmati", "adm2_name": "Nuwakot", "adm3_name": "Bidur", "adm4_name": null, "source_feature_count": 1, "source_fids": "494", "source_ids": "way/345313941", "source_highways": "track", "source_names": "Pasang Lhamu Highway", "source_adm1": "Bagmati", "source_adm2": "Nuwakot", "source_adm3": "Bidur", "source_adm4": "", "attribute_confidence": "high", "start_degree": 4, "end_degree": 3, "topology_role": "intersection_to_intersection", "dangle_flag": false, "short_dangle_flag": false, "component_id": 115, "component_length_km": 46.81276290964051, "component_segment_count": 183}, "geometry": {"type": "LineString", "coordinates": [[85.1859169, 27.973602000000003], [85.185915, 27.9737232], [85.185882, 27.973907399999998], [85.1858603, 27.973962500000006]]}}, {"type": "Feature", "properties": {"fid": 453, "segment_id": 881, "length_m": 131.8791513808657, "length_km": 0.1318791513808657, "highway": "path", "name": null, "name_en": null, "name_ne": null, "surface": null, "smoothness": null, "lanes": null, "oneway": null, "bridge": null, "layer": null, "source": null, "adm0_name": "Nepal", "adm1_name": "Bagmati", "adm2_name": "Nuwakot", "adm3_name": "Kispang", "adm4_name": null, "source_feature_count": 1, "source_fids": "102", "source_ids": "way/1553046817", "source_highways": "path", "source_names": "", "source_adm1": "Bagmati", "source_adm2": "Nuwakot", "source_adm3": "Kispang", "source_adm4": "", "attribute_confidence": "high", "start_degree": 3, "end_degree": 4, "topology_role": "intersection_to_intersection", "dangle_flag": false, "short_dangle_flag": false, "component_id": 115, "component_length_km": 46.81276290964051, "component_segment_count": 183}, "geometry": {"type": "LineString", "coordinates": [[85.1853936, 28.0030094], [85.18556, 28.003079], [85.1860696, 28.0030458], [85.18648909855432, 28.002941760244408]]}}, {"type": "Feature", "properties": {"fid": 454, "segment_id": 882, "length_m": 94.57961428418858, "length_km": 0.09457961428418858, "highway": "path", "name": null, "name_en": null, "name_ne": null, "surface": null, "smoothness": null, "lanes": null, "oneway": null, "bridge": null, "layer": null, "source": null, "adm0_name": "Nepal", "adm1_name": "Bagmati", "adm2_name": "Nuwakot", "adm3_name": "Kispang", "adm4_name": null, "source_feature_count": 1, "source_fids": "1020", "source_ids": "way/886486178", "source_highways": "path", "source_names": "", "source_adm1": "Bagmati", "source_adm2": "Nuwakot", "source_adm3": "Kispang", "source_adm4": "", "attribute_confidence": "high", "start_degree": 3, "end_degree": 3, "topology_role": "intersection_to_intersection", "dangle_flag": false, "short_dangle_flag": false, "component_id": 115, "component_length_km": 46.81276290964051, "component_segment_count": 183}, "geometry": {"type": "LineString", "coordinates": [[85.1858855, 28.00366709999999], [85.1857988, 28.003620299999998], [85.1856838, 28.0035125], [85.1855688, 28.003371899999998], [85.1854343, 28.003312599999997], [85.1853883, 28.003134400000004], [85.1853936, 28.0030094]]}}, {"type": "Feature", "properties": {"fid": 455, "segment_id": 883, "length_m": 133.06267257183694, "length_km": 0.13306267257183693, "highway": "residential", "name": null, "name_en": null, "name_ne": null, "surface": null, "smoothness": null, "lanes": null, "oneway": null, "bridge": null, "layer": null, "source": null, "adm0_name": "Nepal", "adm1_name": "Bagmati", "adm2_name": "Nuwakot", "adm3_name": "Bidur", "adm4_name": null, "source_feature_count": 2, "source_fids": "1280", "source_ids": "way/1434607566", "source_highways": "residential", "source_names": "", "source_adm1": "Bagmati", "source_adm2": "Nuwakot", "source_adm3": "Bidur", "source_adm4": "", "attribute_confidence": "medium", "start_degree": 4, "end_degree": 3, "topology_role": "intersection_to_intersection", "dangle_flag": false, "short_dangle_flag": false, "component_id": 115, "component_length_km": 46.81276290964051, "component_segment_count": 183}, "geometry": {"type": "LineString", "coordinates": [[85.1859169, 27.973602000000003], [85.18604370000001, 27.9735861], [85.1861295, 27.973638299999994], [85.1861724, 27.9736785], [85.1863173, 27.973688000000003], [85.1864165, 27.973690400000002], [85.1865292, 27.97369039999999], [85.1866177, 27.973721200000004], [85.1866364, 27.9737496], [85.1866901, 27.973972299999996], [85.1865533, 27.974159399999998], [85.1865204, 27.974204899999993]]}}, {"type": "Feature", "properties": {"fid": 456, "segment_id": 884, "length_m": 4.035191079291108, "length_km": 0.004035191079291108, "highway": "path", "name": null, "name_en": null, "name_ne": null, "surface": null, "smoothness": null, "lanes": null, "oneway": null, "bridge": null, "layer": null, "source": null, "adm0_name": "Nepal", "adm1_name": "Bagmati", "adm2_name": "Nuwakot", "adm3_name": "Kispang", "adm4_name": null, "source_feature_count": 1, "source_fids": "37", "source_ids": "way/342123857", "source_highways": "path", "source_names": "", "source_adm1": "Bagmati", "source_adm2": "Nuwakot", "source_adm3": "Kispang", "source_adm4": "", "attribute_confidence": "high", "start_degree": 3, "end_degree": 3, "topology_role": "intersection_to_intersection", "dangle_flag": false, "short_dangle_flag": false, "component_id": 115, "component_length_km": 46.81276290964051, "component_segment_count": 183}, "geometry": {"type": "LineString", "coordinates": [[85.1858855, 28.00366709999999], [85.1859028, 28.0036574], [85.185917, 28.0036442]]}}, {"type": "Feature", "properties": {"fid": 457, "segment_id": 885, "length_m": 400.8619740532224, "length_km": 0.40086197405322244, "highway": "path", "name": null, "name_en": null, "name_ne": null, "surface": null, "smoothness": null, "lanes": null, "oneway": null, "bridge": null, "layer": null, "source": null, "adm0_name": "Nepal", "adm1_name": "Bagmati", "adm2_name": "Nuwakot", "adm3_name": "Kispang", "adm4_name": null, "source_feature_count": 1, "source_fids": "16", "source_ids": "way/886262253", "source_highways": "path", "source_names": "", "source_adm1": "Bagmati", "source_adm2": "Nuwakot", "source_adm3": "Kispang", "source_adm4": "", "attribute_confidence": "high", "start_degree": 3, "end_degree": 4, "topology_role": "intersection_to_intersection", "dangle_flag": false, "short_dangle_flag": false, "component_id": 115, "component_length_km": 46.81276290964051, "component_segment_count": 183}, "geometry": {"type": "LineString", "coordinates": [[85.1859582, 27.999879899999993], [85.186086, 28.000074099999996], [85.1861557, 28.000175999999993], [85.1862174, 28.0002423], [85.18619600000001, 28.000483799999998], [85.1862389, 28.000718300000003], [85.1863247, 28.0009338], [85.1863435, 28.001170599999995], [85.1863247, 28.001381400000003], [85.1863462, 28.001528199999996], [85.18632740000001, 28.0017532], [85.18631940000002, 28.001866899999996], [85.1865447, 28.002039699999997], [85.18680820272385, 28.002069959953225]]}}, {"type": "Feature", "properties": {"fid": 458, "segment_id": 886, "length_m": 87.7194399969736, "length_km": 0.08771943999697361, "highway": "path", "name": null, "name_en": null, "name_ne": null, "surface": null, "smoothness": null, "lanes": null, "oneway": null, "bridge": null, "layer": null, "source": null, "adm0_name": "Nepal", "adm1_name": "Bagmati", "adm2_name": "Nuwakot", "adm3_name": "Kispang", "adm4_name": null, "source_feature_count": 1, "source_fids": "1019", "source_ids": "way/886486180", "source_highways": "path", "source_names": "", "source_adm1": "Bagmati", "source_adm2": "Nuwakot", "source_adm3": "Kispang", "source_adm4": "", "attribute_confidence": "high", "start_degree": 3, "end_degree": 1, "topology_role": "dead_end_link", "dangle_flag": true, "short_dangle_flag": false, "component_id": 115, "component_length_km": 46.81276290964051, "component_segment_count": 183}, "geometry": {"type": "LineString", "coordinates": [[85.185917, 28.0036442], [85.1859196, 28.003678400000002], [85.1859961, 28.003705600000004], [85.1860564, 28.003786100000003], [85.1861423, 28.0038726], [85.18619666443365, 28.003906758193544]]}}, {"type": "Feature", "properties": {"fid": 459, "segment_id": 887, "length_m": 125.93481265298027, "length_km": 0.12593481265298026, "highway": "path", "name": null, "name_en": null, "name_ne": null, "surface": null, "smoothness": null, "lanes": null, "oneway": null, "bridge": null, "layer": null, "source": null, "adm0_name": "Nepal", "adm1_name": "Bagmati", "adm2_name": "Nuwakot", "adm3_name": "Kispang", "adm4_name": null, "source_feature_count": 1, "source_fids": "37", "source_ids": "way/342123857", "source_highways": "path", "source_names": "", "source_adm1": "Bagmati", "source_adm2": "Nuwakot", "source_adm3": "Kispang", "source_adm4": "", "attribute_confidence": "high", "start_degree": 3, "end_degree": 4, "topology_role": "intersection_to_intersection", "dangle_flag": false, "short_dangle_flag": false, "component_id": 115, "component_length_km": 46.81276290964051, "component_segment_count": 183}, "geometry": {"type": "LineString", "coordinates": [[85.185917, 28.0036442], [85.1860048, 28.0035626], [85.1861764, 28.0035389], [85.1863226869517, 28.0034908986615]]}}, {"type": "Feature", "properties": {"fid": 460, "segment_id": 888, "length_m": 68.04763008782272, "length_km": 0.06804763008782272, "highway": "track", "name": null, "name_en": null, "name_ne": null, "surface": null, "smoothness": null, "lanes": null, "oneway": null, "bridge": null, "layer": null, "source": null, "adm0_name": "Nepal", "adm1_name": "Bagmati", "adm2_name": "Nuwakot", "adm3_name": "Bidur", "adm4_name": null, "source_feature_count": 2, "source_fids": "48", "source_ids": "way/543839167", "source_highways": "track", "source_names": "", "source_adm1": "Bagmati", "source_adm2": "Nuwakot", "source_adm3": "Bidur", "source_adm4": "", "attribute_confidence": "high", "start_degree": 3, "end_degree": 3, "topology_role": "intersection_to_intersection", "dangle_flag": false, "short_dangle_flag": false, "component_id": 115, "component_length_km": 46.81276290964051, "component_segment_count": 183}, "geometry": {"type": "LineString", "coordinates": [[85.1871934, 27.974333], [85.1871245, 27.974310300000003], [85.1867668, 27.974270000000004], [85.18660350000002, 27.974233999999996], [85.1865595, 27.9742186], [85.1865204, 27.974204899999993]]}}, {"type": "Feature", "properties": {"fid": 461, "segment_id": 891, "length_m": 468.2480105720353, "length_km": 0.4682480105720353, "highway": "track", "name": null, "name_en": null, "name_ne": null, "surface": null, "smoothness": null, "lanes": null, "oneway": null, "bridge": null, "layer": null, "source": null, "adm0_name": "Nepal", "adm1_name": "Bagmati", "adm2_name": "Nuwakot", "adm3_name": "Bidur", "adm4_name": null, "source_feature_count": 1, "source_fids": "48", "source_ids": "way/543839167", "source_highways": "track", "source_names": "", "source_adm1": "Bagmati", "source_adm2": "Nuwakot", "source_adm3": "Bidur", "source_adm4": "", "attribute_confidence": "high", "start_degree": 3, "end_degree": 3, "topology_role": "intersection_to_intersection", "dangle_flag": false, "short_dangle_flag": false, "component_id": 115, "component_length_km": 46.81276290964051, "component_segment_count": 183}, "geometry": {"type": "LineString", "coordinates": [[85.19078711214716, 27.975042586476427], [85.19063090000002, 27.9754198], [85.190151, 27.974942499999994], [85.1898698, 27.9748646], [85.1891197, 27.9745187], [85.1884909, 27.974547999999995], [85.1881111, 27.9745414], [85.1879527, 27.974571099999995], [85.187607, 27.974469299999996], [85.1871934, 27.974333]]}}, {"type": "Feature", "properties": {"fid": 462, "segment_id": 892, "length_m": 103.72627243376884, "length_km": 0.10372627243376883, "highway": "track", "name": null, "name_en": null, "name_ne": null, "surface": null, "smoothness": null, "lanes": null, "oneway": null, "bridge": null, "layer": null, "source": null, "adm0_name": "Nepal", "adm1_name": "Bagmati", "adm2_name": "Nuwakot", "adm3_name": "Bidur", "adm4_name": null, "source_feature_count": 1, "source_fids": "1239", "source_ids": "way/1553036405", "source_highways": "track", "source_names": "", "source_adm1": "Bagmati", "source_adm2": "Nuwakot", "source_adm3": "Bidur", "source_adm4": "", "attribute_confidence": "high", "start_degree": 3, "end_degree": 1, "topology_role": "dead_end_link", "dangle_flag": true, "short_dangle_flag": false, "component_id": 115, "component_length_km": 46.81276290964051, "component_segment_count": 183}, "geometry": {"type": "LineString", "coordinates": [[85.1871934, 27.974333], [85.18762620000001, 27.973479499999993]]}}, {"type": "Feature", "properties": {"fid": 463, "segment_id": 893, "length_m": 199.7788159698577, "length_km": 0.1997788159698577, "highway": "unclassified", "name": null, "name_en": null, "name_ne": null, "surface": null, "smoothness": null, "lanes": null, "oneway": null, "bridge": null, "layer": null, "source": null, "adm0_name": "Nepal", "adm1_name": "Bagmati", "adm2_name": "Rasuwa", "adm3_name": "Uttargaya", "adm4_name": null, "source_feature_count": 1, "source_fids": "474", "source_ids": "way/341771104", "source_highways": "unclassified", "source_names": "", "source_adm1": "Bagmati", "source_adm2": "Rasuwa", "source_adm3": "Uttargaya", "source_adm4": "", "attribute_confidence": "high", "start_degree": 3, "end_degree": 3, "topology_role": "intersection_to_intersection", "dangle_flag": false, "short_dangle_flag": false, "component_id": 125, "component_length_km": 29.477911352104606, "component_segment_count": 39}, "geometry": {"type": "LineString", "coordinates": [[85.1871915, 28.026192999999996], [85.187373, 28.026362699999996], [85.187493, 28.026423999999995], [85.1877074, 28.026458500000004], [85.1878968, 28.026577499999995], [85.188168, 28.026694099999993], [85.1883504, 28.026847999999998], [85.1885784, 28.027018399999996], [85.1888609, 28.027166899999997]]}}, {"type": "Feature", "properties": {"fid": 464, "segment_id": 894, "length_m": 151.74291064872932, "length_km": 0.15174291064872933, "highway": "unclassified", "name": null, "name_en": null, "name_ne": null, "surface": null, "smoothness": null, "lanes": null, "oneway": null, "bridge": null, "layer": null, "source": null, "adm0_name": "Nepal", "adm1_name": "Bagmati", "adm2_name": "Rasuwa", "adm3_name": "Uttargaya", "adm4_name": null, "source_feature_count": 1, "source_fids": "1270", "source_ids": "way/886461639", "source_highways": "unclassified", "source_names": "", "source_adm1": "Bagmati", "source_adm2": "Rasuwa", "source_adm3": "Uttargaya", "source_adm4": "", "attribute_confidence": "high", "start_degree": 3, "end_degree": 1, "topology_role": "dead_end_link", "dangle_flag": true, "short_dangle_flag": false, "component_id": 125, "component_length_km": 29.477911352104606, "component_segment_count": 39}, "geometry": {"type": "LineString", "coordinates": [[85.1871915, 28.026192999999996], [85.1872721, 28.026111599999993], [85.1874947, 28.026140000000005], [85.1877737, 28.026196800000005], [85.1880473, 28.026275], [85.1881787, 28.0263412], [85.1884147, 28.026364899999997], [85.1886213, 28.026461999999995]]}}, {"type": "Feature", "properties": {"fid": 465, "segment_id": 895, "length_m": 410.78771604030084, "length_km": 0.41078771604030084, "highway": "unclassified", "name": null, "name_en": null, "name_ne": null, "surface": null, "smoothness": null, "lanes": null, "oneway": null, "bridge": null, "layer": null, "source": null, "adm0_name": "Nepal", "adm1_name": "Bagmati", "adm2_name": "Rasuwa", "adm3_name": "Uttargaya", "adm4_name": null, "source_feature_count": 1, "source_fids": "1101", "source_ids": "way/343007942", "source_highways": "unclassified", "source_names": "", "source_adm1": "Bagmati", "source_adm2": "Rasuwa", "source_adm3": "Uttargaya", "source_adm4": "", "attribute_confidence": "high", "start_degree": 3, "end_degree": 3, "topology_role": "intersection_to_intersection", "dangle_flag": false, "short_dangle_flag": false, "component_id": 125, "component_length_km": 29.477911352104606, "component_segment_count": 39}, "geometry": {"type": "LineString", "coordinates": [[85.1888609, 28.027166899999997], [85.1889433, 28.027212499999994], [85.1891496, 28.027294500000007], [85.1894119, 28.027469199999995], [85.1897482, 28.0275933], [85.1898699, 28.02767189999999], [85.189961, 28.0277972], [85.1901561, 28.0282218], [85.1902721, 28.028343299999996], [85.1903269, 28.0283738], [85.19063090000002, 28.0282469], [85.1907818, 28.0282532], [85.1908707, 28.0282915], [85.1910391, 28.028360799999998], [85.19114690000002, 28.028472199999996], [85.1913031, 28.028630299999996], [85.1915302, 28.028992799999997], [85.1915416, 28.029123399999996], [85.1916204, 28.029252899999996], [85.1917027, 28.029339699999998]]}}, {"type": "Feature", "properties": {"fid": 466, "segment_id": 896, "length_m": 154.0136498478078, "length_km": 0.1540136498478078, "highway": "unclassified", "name": null, "name_en": null, "name_ne": null, "surface": null, "smoothness": null, "lanes": null, "oneway": null, "bridge": null, "layer": null, "source": null, "adm0_name": "Nepal", "adm1_name": "Bagmati", "adm2_name": "Rasuwa", "adm3_name": "Uttargaya", "adm4_name": null, "source_feature_count": 1, "source_fids": "551", "source_ids": "way/1552964228", "source_highways": "unclassified", "source_names": "", "source_adm1": "Bagmati", "source_adm2": "Rasuwa", "source_adm3": "Uttargaya", "source_adm4": "", "attribute_confidence": "high", "start_degree": 3, "end_degree": 1, "topology_role": "dead_end_link", "dangle_flag": true, "short_dangle_flag": false, "component_id": 125, "component_length_km": 29.477911352104606, "component_segment_count": 39}, "geometry": {"type": "LineString", "coordinates": [[85.1888609, 28.027166899999997], [85.1890223, 28.027068199999995], [85.18920870000001, 28.027030300000003], [85.1894005, 28.027006600000004], [85.189729, 28.0270989], [85.1900643, 28.027218499999993], [85.1902977, 28.027354700000004]]}}, {"type": "Feature", "properties": {"fid": 467, "segment_id": 899, "length_m": 220.98838696201878, "length_km": 0.22098838696201878, "highway": "unclassified", "name": null, "name_en": null, "name_ne": null, "surface": null, "smoothness": null, "lanes": null, "oneway": null, "bridge": null, "layer": null, "source": null, "adm0_name": "Nepal", "adm1_name": "Bagmati", "adm2_name": "Rasuwa", "adm3_name": "Uttargaya", "adm4_name": null, "source_feature_count": 1, "source_fids": "852", "source_ids": "way/344656225", "source_highways": "unclassified", "source_names": "", "source_adm1": "Bagmati", "source_adm2": "Rasuwa", "source_adm3": "Uttargaya", "source_adm4": "", "attribute_confidence": "high", "start_degree": 1, "end_degree": 3, "topology_role": "dead_end_link", "dangle_flag": true, "short_dangle_flag": false, "component_id": 125, "component_length_km": 29.477911352104606, "component_segment_count": 39}, "geometry": {"type": "LineString", "coordinates": [[85.1916755351319, 28.029397069182593], [85.1917027, 28.029339699999998]]}}, {"type": "Feature", "properties": {"fid": 468, "segment_id": 901, "length_m": 4714.872475207911, "length_km": 4.714872475207911, "highway": "UNCLASSIFIED_UNKNOWN", "name": null, "name_en": null, "name_ne": null, "surface": null, "smoothness": null, "lanes": null, "oneway": null, "bridge": null, "layer": null, "source": null, "adm0_name": null, "adm1_name": null, "adm2_name": null, "adm3_name": null, "adm4_name": null, "source_feature_count": 3, "source_fids": "1405;530;563", "source_ids": "way/360607823;way/340710830", "source_highways": "UNCLASSIFIED_UNKNOWN;unclassified;service", "source_names": "", "source_adm1": "Bagmati", "source_adm2": "Rasuwa", "source_adm3": "Uttargaya", "source_adm4": "", "attribute_confidence": "medium", "start_degree": 3, "end_degree": 3, "topology_role": "intersection_to_intersection", "dangle_flag": false, "short_dangle_flag": false, "component_id": 125, "component_length_km": 29.477911352104606, "component_segment_count": 39}, "geometry": {"type": "MultiLineString", "coordinates": [[[85.2056356, 28.064892499999996], [85.2057755, 28.064383799999998], [85.2058053, 28.0643189], [85.2059654, 28.064057499999997], [85.2061076, 28.063749599999998], [85.2062597, 28.063530199999995], [85.2062647, 28.063524], [85.2063452, 28.0634416], [85.2064151, 28.063369999999992], [85.2064767, 28.0632754], [85.2065034, 28.063133500000003], [85.20655440000002, 28.062764199999997], [85.2066368, 28.0626064], [85.2068074, 28.062343199999997], [85.20693208649679, 28.06207791653572], [85.20695717755481, 28.061726641723432], [85.207182997077, 28.060923727866783], [85.20741508936369, 28.06045954329341], [85.20747781700874, 28.05977581196235], [85.20789181946607, 28.059004261928237], [85.20780086438076, 28.05882862452209], [85.20768795461967, 28.058659259880464], [85.20769109100192, 28.058286030392406], [85.20780086438076, 28.057872027935066], [85.20793886519988, 28.05738588868591], [85.20781340990978, 28.05668333906134], [85.20765659079713, 28.055353512986258], [85.2071359513432, 28.05426832472688], [85.20643340171864, 28.053365046638138], [85.206367, 28.053055899999993], [85.2062626, 28.052934499999992], [85.2060477, 28.052845899999994], [85.2058559, 28.052855199999996], [85.2056358, 28.052972099999998], [85.2053697, 28.0529665], [85.205203, 28.052958600000004], [85.2047705, 28.052736899999996], [85.2046443, 28.052595399999998], [85.2045891, 28.0524794], [85.2044787, 28.052328699999997], [85.2043158, 28.0521919], [85.2041634, 28.05197619999999], [85.2037981, 28.051611999999995], [85.2030359, 28.051029899999996], [85.20301177786436, 28.05100886490161]], [[85.19635677237018, 28.04346998964026], [85.1963706, 28.0434497], [85.1962445, 28.043366200000005], [85.19624115361982, 28.043364877482354]], [[85.1947717854748, 28.042236409414123], [85.1946656, 28.042084500000005], [85.1945428210755, 28.0419807669824]], [[85.19435195617665, 28.041700036729026], [85.1943274, 28.041641699999996], [85.19414710000001, 28.04134970000001], [85.1940263, 28.041141400000004], [85.1939692, 28.0410049], [85.1939428, 28.040922000000002], [85.1938806, 28.040733499999998], [85.1938226, 28.0406418], [85.1937505, 28.04056249999999], [85.1936983, 28.040468700000005], [85.193622, 28.0403853], [85.1935887, 28.0403641], [85.1935234, 28.0403229], [85.1934721, 28.040318099999997], [85.1934144, 28.040285], [85.1934029, 28.040278200000003], [85.1933618, 28.0402377], [85.1933494, 28.0402082], [85.1933395, 28.0401373], [85.1933513, 28.040075699999996], [85.1933733, 28.0399939], [85.1933915, 28.039911999999998], [85.1933726, 28.039804099999994], [85.1933548, 28.039722199999996], [85.1932978, 28.039601599999997], [85.1932462, 28.0395105], [85.1932251, 28.039420199999995], [85.1932521, 28.0392287], [85.1932643, 28.0390971], [85.1932758, 28.038974699999997], [85.1932844, 28.0388971], [85.1932806, 28.0388364], [85.1932328, 28.0387554], [85.1931343, 28.038627099999996], [85.1931, 28.038504], [85.1930442, 28.0383932], [85.1929944, 28.038244], [85.1929708, 28.0381301], [85.192967, 28.038076199999992], [85.1930043, 28.037996900000003], [85.1930674, 28.0379193], [85.1931018, 28.037860200000004], [85.1931219, 28.0377817], [85.193119, 28.037705799999994], [85.1931142, 28.037599500000006], [85.1931372, 28.037499099999998], [85.1931592, 28.037446800000005], [85.1931764, 28.0373633], [85.1932012, 28.0372528], [85.1931993, 28.037048599999995], [85.1932031, 28.0368309], [85.1932242, 28.036532199999996], [85.1932051, 28.036366899999997], [85.1931534, 28.036088399999997], [85.1931821, 28.0359045], [85.1932165, 28.035594], [85.193272, 28.0353291], [85.1933274, 28.034927499999995], [85.1933389, 28.034619699999997], [85.1933172, 28.034443699999997], [85.1932994, 28.034204999999996], [85.1932797, 28.0339662], [85.1932205, 28.033755399999997], [85.1931494, 28.0334853], [85.19319030000001, 28.033352199999992], [85.1932074, 28.033276799999996], [85.1932322, 28.03307029999999], [85.1932836, 28.0327307], [85.19335, 28.0325539], [85.1933323, 28.0323596], [85.193129, 28.0319549], [85.1929939, 28.0312944], [85.1928694, 28.0309818], [85.192569, 28.030225], [85.1921591, 28.029776699999996], [85.1919103, 28.029528899999995], [85.1917027, 28.029339699999998]]]}}, {"type": "Feature", "properties": {"fid": 469, "segment_id": 902, "length_m": 1509.337840870624, "length_km": 1.509337840870624, "highway": "unclassified", "name": null, "name_en": null, "name_ne": null, "surface": "unpaved", "smoothness": null, "lanes": null, "oneway": null, "bridge": null, "layer": null, "source": null, "adm0_name": "Nepal", "adm1_name": "Bagmati", "adm2_name": "Rasuwa", "adm3_name": "Uttargaya", "adm4_name": null, "source_feature_count": 1, "source_fids": "489", "source_ids": "way/912360482", "source_highways": "unclassified", "source_names": "", "source_adm1": "Bagmati", "source_adm2": "Rasuwa", "source_adm3": "Uttargaya", "source_adm4": "", "attribute_confidence": "high", "start_degree": 3, "end_degree": 3, "topology_role": "intersection_to_intersection", "dangle_flag": false, "short_dangle_flag": false, "component_id": 125, "component_length_km": 29.477911352104606, "component_segment_count": 39}, "geometry": {"type": "MultiLineString", "coordinates": [[[85.2056356, 28.064892499999996], [85.2060615, 28.065077799999994], [85.20651300000002, 28.0653744], [85.2066343, 28.065423000000003], [85.2067155, 28.065467], [85.2067746, 28.06551829999999], [85.206806, 28.065555199999995], [85.2068264, 28.0655972], [85.2068321, 28.0656469], [85.20677380000001, 28.065909], [85.2067444, 28.066010499999994], [85.2067141, 28.0660875], [85.2065156, 28.066353400000004], [85.20640090000002, 28.066517599999997], [85.2063871, 28.066537399999998], [85.2063399, 28.0666173], [85.2063167, 28.0667033], [85.2063164, 28.066799299999996], [85.2063415, 28.066892199999998], [85.206514, 28.067192599999995], [85.2065617, 28.067297899999993], [85.2065867, 28.0673889], [85.2065785, 28.067487], [85.2065276, 28.0677522], [85.2065254, 28.0678224], [85.2065333, 28.067890599999995], [85.2065546, 28.067954900000004], [85.2065921, 28.068013700000005], [85.206682, 28.0681042], [85.2067642, 28.068164299999996], [85.20683437403159, 28.068207968277203]], [[85.20697638757844, 28.06836167517502], [85.2069954, 28.0683997], [85.207136, 28.068794799999992], [85.2071553, 28.068837299999995], [85.2071888, 28.0688838], [85.20724640000002, 28.068944099999996], [85.2074101, 28.0690904], [85.2078527, 28.069457399999997], [85.207952, 28.0695787], [85.2080109, 28.069671], [85.2080331, 28.069743000000003], [85.2080405, 28.069821899999994], [85.20835470000002, 28.0702893], [85.2086799, 28.0707362], [85.2088833, 28.071166799999993], [85.2091473, 28.071683199999995], [85.2096939, 28.072107600000006], [85.2100602, 28.072430800000003], [85.2101933, 28.073017299999993], [85.210726, 28.073782200000004], [85.2109319, 28.073958799999996], [85.2112377, 28.074067699999993], [85.2116346, 28.074446300000005], [85.2125735, 28.0749529], [85.2132803, 28.0752815]]]}}, {"type": "Feature", "properties": {"fid": 470, "segment_id": 903, "length_m": 1124.0282556066388, "length_km": 1.1240282556066388, "highway": "unclassified", "name": null, "name_en": null, "name_ne": null, "surface": null, "smoothness": null, "lanes": null, "oneway": null, "bridge": null, "layer": null, "source": null, "adm0_name": "Nepal", "adm1_name": "Bagmati", "adm2_name": "Rasuwa", "adm3_name": "Uttargaya", "adm4_name": null, "source_feature_count": 1, "source_fids": "568", "source_ids": "way/341058177", "source_highways": "unclassified", "source_names": "", "source_adm1": "Bagmati", "source_adm2": "Rasuwa", "source_adm3": "Uttargaya", "source_adm4": "", "attribute_confidence": "high", "start_degree": 1, "end_degree": 3, "topology_role": "dead_end_link", "dangle_flag": true, "short_dangle_flag": false, "component_id": 125, "component_length_km": 29.477911352104606, "component_segment_count": 39}, "geometry": {"type": "LineString", "coordinates": [[85.20652011548295, 28.0726675538798], [85.2065209, 28.0726634], [85.2065827, 28.0725069], [85.2066918, 28.072352099999996], [85.2067557, 28.072253699999997], [85.206888, 28.0721468], [85.2069944, 28.071951099999996], [85.2071209, 28.071604900000004], [85.2069448, 28.071386999999998], [85.206863, 28.071259599999994], [85.2068213, 28.071194499999997], [85.2067687, 28.0710322], [85.2067424, 28.0709185], [85.2067161, 28.070663399999997], [85.2066925, 28.0704965], [85.2066373, 28.0703249], [85.2065916, 28.070186], [85.2065356, 28.0700507], [85.2063256, 28.069807499999996], [85.2061283, 28.0697029], [85.2058351, 28.069544], [85.2056356, 28.069438299999998], [85.2055206, 28.069406099999995], [85.2054005, 28.069333499999995], [85.205289, 28.069234600000005], [85.20516480000002, 28.0691443], [85.2050257, 28.06900999999999], [85.204922, 28.06871], [85.2048683, 28.068483100000005], [85.2048061, 28.067800800000004], [85.2048142, 28.0675609], [85.2048091, 28.067299100000003], [85.2049647, 28.066716900000003], [85.2051095, 28.066297999999996], [85.2052751, 28.066023200000004], [85.2054022, 28.065826500000004], [85.2054451, 28.065729199999993], [85.2054614, 28.06548799999999], [85.2055604, 28.065237599999996], [85.2056356, 28.064892499999996]]}}, {"type": "Feature", "properties": {"fid": 471, "segment_id": 904, "length_m": 538.6113719584769, "length_km": 0.5386113719584769, "highway": "unclassified", "name": null, "name_en": null, "name_ne": null, "surface": null, "smoothness": null, "lanes": null, "oneway": null, "bridge": null, "layer": null, "source": null, "adm0_name": "Nepal", "adm1_name": "Bagmati", "adm2_name": "Rasuwa", "adm3_name": "Kalika", "adm4_name": null, "source_feature_count": 1, "source_fids": "488", "source_ids": "way/344150799", "source_highways": "unclassified", "source_names": "", "source_adm1": "Bagmati", "source_adm2": "Rasuwa", "source_adm3": "Kalika", "source_adm4": "", "attribute_confidence": "high", "start_degree": 1, "end_degree": 3, "topology_role": "dead_end_link", "dangle_flag": true, "short_dangle_flag": false, "component_id": 125, "component_length_km": 29.477911352104606, "component_segment_count": 39}, "geometry": {"type": "MultiLineString", "coordinates": [[[85.2078353146771, 28.073885143519263], [85.2078438, 28.0738863], [85.208094, 28.073992100000005], [85.2082549, 28.074082], [85.2084159, 28.074195599999992], [85.2085554, 28.0743045], [85.208727, 28.074470099999996], [85.2088504, 28.074640499999997], [85.2089577, 28.074697299999997], [85.20902740000001, 28.074739899999997], [85.2091151, 28.0747666], [85.2092385, 28.074903900000002], [85.2093654, 28.074995499999996], [85.2094477, 28.075069599999992], [85.20954617788716, 28.075131689623078]], [[85.2111789925954, 28.07591549156405], [85.2113879, 28.075984600000005]]]}}, {"type": "Feature", "properties": {"fid": 472, "segment_id": 905, "length_m": 249.48390453083633, "length_km": 0.24948390453083633, "highway": "unclassified", "name": null, "name_en": null, "name_ne": null, "surface": null, "smoothness": null, "lanes": null, "oneway": null, "bridge": null, "layer": null, "source": null, "adm0_name": "Nepal", "adm1_name": "Bagmati", "adm2_name": "Rasuwa", "adm3_name": "Kalika", "adm4_name": null, "source_feature_count": 1, "source_fids": "24", "source_ids": "way/1553149119", "source_highways": "unclassified", "source_names": "", "source_adm1": "Bagmati", "source_adm2": "Rasuwa", "source_adm3": "Kalika", "source_adm4": "", "attribute_confidence": "high", "start_degree": 3, "end_degree": 3, "topology_role": "intersection_to_intersection", "dangle_flag": false, "short_dangle_flag": false, "component_id": 125, "component_length_km": 29.477911352104606, "component_segment_count": 39}, "geometry": {"type": "LineString", "coordinates": [[85.2113879, 28.075984600000005], [85.2117956, 28.076039099999992], [85.2121013, 28.076154999999993], [85.2123669, 28.0761905], [85.2126417, 28.076230799999994], [85.2132803, 28.0752815]]}}, {"type": "Feature", "properties": {"fid": 473, "segment_id": 906, "length_m": 407.42188297454965, "length_km": 0.4074218829745496, "highway": "unclassified", "name": null, "name_en": null, "name_ne": null, "surface": null, "smoothness": null, "lanes": null, "oneway": null, "bridge": null, "layer": null, "source": null, "adm0_name": "Nepal", "adm1_name": "Bagmati", "adm2_name": "Rasuwa", "adm3_name": "Kalika", "adm4_name": null, "source_feature_count": 1, "source_fids": "488", "source_ids": "way/344150799", "source_highways": "unclassified", "source_names": "", "source_adm1": "Bagmati", "source_adm2": "Rasuwa", "source_adm3": "Kalika", "source_adm4": "", "attribute_confidence": "high", "start_degree": 3, "end_degree": 4, "topology_role": "intersection_to_intersection", "dangle_flag": false, "short_dangle_flag": false, "component_id": 125, "component_length_km": 29.477911352104606, "component_segment_count": 39}, "geometry": {"type": "LineString", "coordinates": [[85.2113879, 28.075984600000005], [85.21162380000001, 28.076069899999993], [85.2119456, 28.076254499999994], [85.2123426, 28.076462699999997], [85.212645, 28.076584199999992], [85.2128522, 28.076633199999993], [85.2131581, 28.07673249999999], [85.2134477, 28.0768556], [85.2137642, 28.076903000000005], [85.2139484, 28.0770149], [85.2140646, 28.077097100000007], [85.2142685, 28.077215399999996], [85.214426, 28.0773533], [85.2145367, 28.077409399999997], [85.2146405, 28.077492900000003], [85.2147406, 28.077572699999997], [85.2149141, 28.0777816]]}}, {"type": "Feature", "properties": {"fid": 474, "segment_id": 907, "length_m": 241.29757995580985, "length_km": 0.24129757995580986, "highway": "unclassified", "name": null, "name_en": null, "name_ne": null, "surface": "unpaved", "smoothness": null, "lanes": null, "oneway": null, "bridge": null, "layer": null, "source": null, "adm0_name": "Nepal", "adm1_name": "Bagmati", "adm2_name": "Rasuwa", "adm3_name": "Uttargaya", "adm4_name": null, "source_feature_count": 1, "source_fids": "489", "source_ids": "way/912360482", "source_highways": "unclassified", "source_names": "", "source_adm1": "Bagmati", "source_adm2": "Rasuwa", "source_adm3": "Uttargaya", "source_adm4": "", "attribute_confidence": "high", "start_degree": 3, "end_degree": 3, "topology_role": "intersection_to_intersection", "dangle_flag": false, "short_dangle_flag": false, "component_id": 125, "component_length_km": 29.477911352104606, "component_segment_count": 39}, "geometry": {"type": "LineString", "coordinates": [[85.2132803, 28.0752815], [85.2141241, 28.075587800000005], [85.2152717, 28.0765029]]}}, {"type": "Feature", "properties": {"fid": 475, "segment_id": 908, "length_m": 214.92200983085388, "length_km": 0.21492200983085388, "highway": "unclassified", "name": null, "name_en": null, "name_ne": null, "surface": null, "smoothness": null, "lanes": null, "oneway": null, "bridge": null, "layer": null, "source": null, "adm0_name": "Nepal", "adm1_name": "Bagmati", "adm2_name": "Rasuwa", "adm3_name": "Kalika", "adm4_name": null, "source_feature_count": 1, "source_fids": "488", "source_ids": "way/344150799", "source_highways": "unclassified", "source_names": "", "source_adm1": "Bagmati", "source_adm2": "Rasuwa", "source_adm3": "Kalika", "source_adm4": "", "attribute_confidence": "high", "start_degree": 4, "end_degree": 3, "topology_role": "intersection_to_intersection", "dangle_flag": false, "short_dangle_flag": false, "component_id": 125, "component_length_km": 29.477911352104606, "component_segment_count": 39}, "geometry": {"type": "LineString", "coordinates": [[85.2149141, 28.0777816], [85.2151241, 28.0780366], [85.2156088, 28.0782526], [85.2158609, 28.078404099999997], [85.2161721, 28.078732999999993], [85.2163364, 28.0788648], [85.2165368, 28.079035699999988]]}}, {"type": "Feature", "properties": {"fid": 476, "segment_id": 909, "length_m": 131.5814684102465, "length_km": 0.13158146841024648, "highway": "path", "name": null, "name_en": null, "name_ne": null, "surface": null, "smoothness": null, "lanes": null, "oneway": null, "bridge": null, "layer": null, "source": null, "adm0_name": "Nepal", "adm1_name": "Bagmati", "adm2_name": "Rasuwa", "adm3_name": "Kalika", "adm4_name": null, "source_feature_count": 1, "source_fids": "411", "source_ids": "way/1552803823", "source_highways": "path", "source_names": "", "source_adm1": "Bagmati", "source_adm2": "Rasuwa", "source_adm3": "Kalika", "source_adm4": "", "attribute_confidence": "high", "start_degree": 3, "end_degree": 4, "topology_role": "intersection_to_intersection", "dangle_flag": false, "short_dangle_flag": false, "component_id": 125, "component_length_km": 29.477911352104606, "component_segment_count": 39}, "geometry": {"type": "LineString", "coordinates": [[85.2155775, 28.078639899999995], [85.2155721, 28.078578399999998], [85.2154434, 28.078431599999995], [85.2152395, 28.078303900000005], [85.214974, 28.0781311], [85.2148291, 28.078038799999995], [85.2149141, 28.0777816]]}}, {"type": "Feature", "properties": {"fid": 477, "segment_id": 910, "length_m": 170.53684876837795, "length_km": 0.17053684876837796, "highway": "footway", "name": null, "name_en": null, "name_ne": null, "surface": null, "smoothness": null, "lanes": null, "oneway": null, "bridge": "yes", "layer": "1", "source": null, "adm0_name": "Nepal", "adm1_name": "Bagmati", "adm2_name": "Rasuwa", "adm3_name": "Kalika", "adm4_name": null, "source_feature_count": 1, "source_fids": "490", "source_ids": "way/341573395", "source_highways": "footway", "source_names": "", "source_adm1": "Bagmati", "source_adm2": "Rasuwa", "source_adm3": "Kalika", "source_adm4": "", "attribute_confidence": "high", "start_degree": 4, "end_degree": 3, "topology_role": "intersection_to_intersection", "dangle_flag": false, "short_dangle_flag": false, "component_id": 125, "component_length_km": 29.477911352104606, "component_segment_count": 39}, "geometry": {"type": "LineString", "coordinates": [[85.2149141, 28.0777816], [85.2146137, 28.077291799999998], [85.2152717, 28.0765029]]}}, {"type": "Feature", "properties": {"fid": 478, "segment_id": 911, "length_m": 492.31893847118613, "length_km": 0.49231893847118613, "highway": "path", "name": null, "name_en": null, "name_ne": null, "surface": null, "smoothness": null, "lanes": null, "oneway": null, "bridge": null, "layer": null, "source": null, "adm0_name": "Nepal", "adm1_name": "Bagmati", "adm2_name": "Rasuwa", "adm3_name": "Kalika", "adm4_name": null, "source_feature_count": 1, "source_fids": "411", "source_ids": "way/1552803823", "source_highways": "path", "source_names": "", "source_adm1": "Bagmati", "source_adm2": "Rasuwa", "source_adm3": "Kalika", "source_adm4": "", "attribute_confidence": "high", "start_degree": 1, "end_degree": 3, "topology_role": "dead_end_link", "dangle_flag": true, "short_dangle_flag": false, "component_id": 125, "component_length_km": 29.477911352104606, "component_segment_count": 39}, "geometry": {"type": "LineString", "coordinates": [[85.21519897481703, 28.078560091431665], [85.2152824, 28.078559399999993], [85.2154326, 28.078592600000004], [85.2155775, 28.078639899999995]]}}, {"type": "Feature", "properties": {"fid": 479, "segment_id": 912, "length_m": 8342.83885644819, "length_km": 8.342838856448191, "highway": "unclassified", "name": null, "name_en": null, "name_ne": null, "surface": "unpaved", "smoothness": null, "lanes": null, "oneway": null, "bridge": null, "layer": null, "source": null, "adm0_name": "Nepal", "adm1_name": "Bagmati", "adm2_name": "Rasuwa", "adm3_name": "Aamachhodingmo", "adm4_name": null, "source_feature_count": 1, "source_fids": "539", "source_ids": "way/1154995098", "source_highways": "unclassified", "source_names": "", "source_adm1": "Bagmati", "source_adm2": "Rasuwa", "source_adm3": "Aamachhodingmo", "source_adm4": "", "attribute_confidence": "high", "start_degree": 3, "end_degree": 3, "topology_role": "intersection_to_intersection", "dangle_flag": false, "short_dangle_flag": false, "component_id": 125, "component_length_km": 29.477911352104606, "component_segment_count": 39}, "geometry": {"type": "MultiLineString", "coordinates": [[[85.28154994456953, 28.112616754203938], [85.2814734, 28.112556799999997], [85.2805355, 28.1121742], [85.280213, 28.1117709], [85.2799727, 28.111134899999993], [85.2792575, 28.1108557], [85.2788472, 28.110628199999997], [85.2791168, 28.110317899999995], [85.2788765, 28.109888799999997], [85.27817300000001, 28.109475100000004], [85.2773699, 28.1089167], [85.2773347, 28.10842029999999], [85.2770006, 28.108363400000005], [85.27672510000001, 28.108425499999996], [85.276004, 28.108182400000004], [85.2753709, 28.107603299999997], [85.2741751, 28.1067915], [85.273316, 28.1066529], [85.2730216, 28.106303300000004], [85.27229710000002, 28.1053097], [85.2715216, 28.10473049999999], [85.2712725, 28.103856699999998], [85.2705762, 28.103317399999995], [85.2692686, 28.1023487], [85.2684422, 28.101824399999998], [85.2673213, 28.1018444], [85.2661779, 28.100586099999997], [85.2652609, 28.099986799999996], [85.2649722, 28.099617299999995], [85.2649218271388, 28.09931245686661]], [[85.26481220290493, 28.09864903519035], [85.264808, 28.0986236], [85.2647736, 28.0983425], [85.2647231, 28.097929500000003], [85.2646665, 28.097250399999997], [85.26455010000001, 28.097245699999995], [85.2641205, 28.097228199999996], [85.2636449, 28.0974211], [85.2632732, 28.097310200000003], [85.2634645, 28.0970642], [85.26340557250039, 28.09696801849864]], [[85.25210038798264, 28.092041204668714], [85.2484271, 28.09142719999999], [85.24821792331278, 28.091429254430498]], [[85.24561881908141, 28.091454754913556], [85.24483650702089, 28.0914624207244]], [[85.24453056606619, 28.09146541739922], [85.2444915, 28.091465799999998], [85.24414874539353, 28.09139020590827]], [[85.23579579538432, 28.089880400659766], [85.23559815973518, 28.089845635062062]], [[85.23497505556115, 28.089736024356434], [85.2340347, 28.089570600000002], [85.23350410004534, 28.089390349910534]], [[85.23172045758955, 28.088428866958242], [85.2316624, 28.088393999999997], [85.23162528829977, 28.08834432808449]], [[85.22926043841966, 28.084837639001694], [85.2287872, 28.084314199999998], [85.2271911, 28.0840393], [85.2271146, 28.0834702], [85.2261924, 28.082796099999996], [85.2255862, 28.082734599999995], [85.2253181, 28.08279599999999], [85.2250283, 28.0828624], [85.2236711, 28.0824364], [85.22314, 28.082265999999997], [85.2228611, 28.082138199999992], [85.2226787, 28.081986799999996], [85.2226133, 28.081921399999995], [85.2226049, 28.081915099999996], [85.2221167, 28.081633499999995], [85.2217787, 28.0813685], [85.2212691, 28.081091599999997], [85.2209779, 28.0810027], [85.2203679, 28.0806798], [85.2197188, 28.0803012], [85.2191853, 28.079851199999993], [85.2185065, 28.079101399999995], [85.218426, 28.07890259999999], [85.21818730000001, 28.078661199999996], [85.2177608, 28.078407999999996], [85.2168784, 28.077735900000004], [85.2162024, 28.077101599999995], [85.2161192, 28.077054399999994], [85.215835, 28.0768555], [85.2157062, 28.076827099999996], [85.2152717, 28.0765029]]]}}, {"type": "Feature", "properties": {"fid": 480, "segment_id": 913, "length_m": 104.46651381892885, "length_km": 0.10446651381892885, "highway": "path", "name": null, "name_en": null, "name_ne": null, "surface": null, "smoothness": null, "lanes": null, "oneway": null, "bridge": null, "layer": null, "source": null, "adm0_name": "Nepal", "adm1_name": "Bagmati", "adm2_name": "Rasuwa", "adm3_name": "Kalika", "adm4_name": null, "source_feature_count": 1, "source_fids": "925", "source_ids": "way/1552864313", "source_highways": "path", "source_names": "", "source_adm1": "Bagmati", "source_adm2": "Rasuwa", "source_adm3": "Kalika", "source_adm4": "", "attribute_confidence": "high", "start_degree": 3, "end_degree": 3, "topology_role": "intersection_to_intersection", "dangle_flag": false, "short_dangle_flag": false, "component_id": 125, "component_length_km": 29.477911352104606, "component_segment_count": 39}, "geometry": {"type": "LineString", "coordinates": [[85.2165368, 28.079035699999988], [85.2160898, 28.078881299999995], [85.2157062, 28.078675399999998], [85.2155775, 28.078639899999995]]}}, {"type": "Feature", "properties": {"fid": 481, "segment_id": 914, "length_m": 2705.2671422620137, "length_km": 2.705267142262014, "highway": "unclassified", "name": null, "name_en": null, "name_ne": null, "surface": null, "smoothness": null, "lanes": null, "oneway": null, "bridge": null, "layer": null, "source": null, "adm0_name": "Nepal", "adm1_name": "Bagmati", "adm2_name": "Rasuwa", "adm3_name": "Kalika", "adm4_name": null, "source_feature_count": 1, "source_fids": "488", "source_ids": "way/344150799", "source_highways": "unclassified", "source_names": "", "source_adm1": "Bagmati", "source_adm2": "Rasuwa", "source_adm3": "Kalika", "source_adm4": "", "attribute_confidence": "high", "start_degree": 3, "end_degree": 1, "topology_role": "dead_end_link", "dangle_flag": true, "short_dangle_flag": false, "component_id": 125, "component_length_km": 29.477911352104606, "component_segment_count": 39}, "geometry": {"type": "MultiLineString", "coordinates": [[[85.2165368, 28.079035699999988], [85.2166897, 28.079166099999995], [85.2169534, 28.079392599999995], [85.2171108, 28.0796701], [85.2174281, 28.079946299999996], [85.2176346, 28.080024399999992], [85.2179807, 28.080355599999994], [85.2180424, 28.080703499999995], [85.2182972, 28.081221699999997], [85.2186245, 28.081479699999996], [85.219228, 28.081789700000005], [85.2193621, 28.081884300000002], [85.2195659, 28.0819932], [85.219743, 28.081971899999996], [85.2201694, 28.082130499999998], [85.2204564, 28.082182500000002], [85.2209553, 28.0822937], [85.2212235, 28.082553999999995], [85.2213923, 28.0826191], [85.2219369, 28.082761999999995], [85.22226010000001, 28.082882499999997], [85.2227412, 28.083181399999997], [85.222956, 28.083408], [85.2231119, 28.08356399999999], [85.2234875, 28.083751299999992], [85.2239206, 28.083952300000004], [85.22432691338227, 28.084174696819332]], [[85.22554784365103, 28.08496393086903], [85.2256427, 28.084998200000005], [85.2258543, 28.085152899999997], [85.22586683288696, 28.085171341438112]], [[85.22586710538363, 28.08517174240155], [85.2259646, 28.085315199999993], [85.2259757151486, 28.08539872117931]], [[85.2260213768239, 28.085674737732734], [85.2260248, 28.085693300000003], [85.22613080000002, 28.085818499999995], [85.2263551, 28.0861307], [85.2264836, 28.086384000000002], [85.2265236, 28.086609999999997], [85.2268823, 28.0868926], [85.2272344, 28.087140099999992], [85.2274564, 28.087416199999996], [85.227575, 28.087563699999993], [85.22794457784181, 28.087849134624083]], [[85.23397113971694, 28.09196268206414], [85.23397578574895, 28.09196535059478]]]}}, {"type": "Feature", "properties": {"fid": 482, "segment_id": 915, "length_m": 433.8788522182173, "length_km": 0.43387885221821726, "highway": "unclassified", "name": null, "name_en": null, "name_ne": null, "surface": null, "smoothness": null, "lanes": null, "oneway": null, "bridge": null, "layer": null, "source": null, "adm0_name": "Nepal", "adm1_name": "Bagmati", "adm2_name": "Rasuwa", "adm3_name": "Kalika", "adm4_name": null, "source_feature_count": 1, "source_fids": "488", "source_ids": "way/344150799", "source_highways": "unclassified", "source_names": "", "source_adm1": "Bagmati", "source_adm2": "Rasuwa", "source_adm3": "Kalika", "source_adm4": "", "attribute_confidence": "high", "start_degree": 1, "end_degree": 1, "topology_role": "dead_end_to_dead_end", "dangle_flag": true, "short_dangle_flag": false, "component_id": 127, "component_length_km": 0.43387885221821726, "component_segment_count": 1}, "geometry": {"type": "LineString", "coordinates": [[85.23953634102993, 28.093333514824298], [85.23981431435352, 28.093343633426997]]}}, {"type": "Feature", "properties": {"fid": 483, "segment_id": 920, "length_m": 231.36412335716165, "length_km": 0.23136412335716164, "highway": "path", "name": null, "name_en": null, "name_ne": null, "surface": null, "smoothness": null, "lanes": null, "oneway": null, "bridge": null, "layer": null, "source": null, "adm0_name": "Nepal", "adm1_name": "Bagmati", "adm2_name": "Rasuwa", "adm3_name": "Aamachhodingmo", "adm4_name": null, "source_feature_count": 1, "source_fids": "1102", "source_ids": "way/850010533", "source_highways": "path", "source_names": "", "source_adm1": "Bagmati", "source_adm2": "Rasuwa", "source_adm3": "Aamachhodingmo", "source_adm4": "", "attribute_confidence": "high", "start_degree": 3, "end_degree": 2, "topology_role": "intersection_link", "dangle_flag": false, "short_dangle_flag": false, "component_id": 125, "component_length_km": 29.477911352104606, "component_segment_count": 39}, "geometry": {"type": "LineString", "coordinates": [[85.280268822303, 28.11364537212907], [85.280276, 28.1136364], [85.2803243, 28.1136057], [85.2804369, 28.1135631], [85.2804557, 28.113537099999995], [85.280504, 28.113485000000004], [85.2806488, 28.1134022], [85.2806864, 28.113373799999998], [85.2807534, 28.113335999999997], [85.2807829, 28.113283899999995]]}}, {"type": "Feature", "properties": {"fid": 484, "segment_id": 921, "length_m": 111.1244433450052, "length_km": 0.11112444334500521, "highway": "UNCLASSIFIED_UNKNOWN", "name": null, "name_en": null, "name_ne": null, "surface": null, "smoothness": null, "lanes": null, "oneway": null, "bridge": null, "layer": null, "source": null, "adm0_name": null, "adm1_name": null, "adm2_name": null, "adm3_name": null, "adm4_name": null, "source_feature_count": 1, "source_fids": "1404", "source_ids": "", "source_highways": "UNCLASSIFIED_UNKNOWN", "source_names": "", "source_adm1": "", "source_adm2": "", "source_adm3": "", "source_adm4": "", "attribute_confidence": "high", "start_degree": 2, "end_degree": 3, "topology_role": "intersection_link", "dangle_flag": false, "short_dangle_flag": false, "component_id": 125, "component_length_km": 29.477911352104606, "component_segment_count": 39}, "geometry": {"type": "LineString", "coordinates": [[85.2807829, 28.11328389999999], [85.28078945416055, 28.11316900780206], [85.280847694664, 28.113055952707143], [85.28104636731567, 28.1129516048633], [85.28123455025083, 28.11283242233772], [85.281435278715, 28.112706967047618], [85.28154994456953, 28.112616754203938]]}}, {"type": "Feature", "properties": {"fid": 485, "segment_id": 922, "length_m": 4282.613477446707, "length_km": 4.2826134774467075, "highway": "unclassified", "name": null, "name_en": null, "name_ne": null, "surface": "unpaved", "smoothness": null, "lanes": null, "oneway": null, "bridge": null, "layer": null, "source": null, "adm0_name": "Nepal", "adm1_name": "Bagmati", "adm2_name": "Rasuwa", "adm3_name": "Aamachhodingmo", "adm4_name": null, "source_feature_count": 1, "source_fids": "539", "source_ids": "way/1154995098", "source_highways": "unclassified", "source_names": "", "source_adm1": "Bagmati", "source_adm2": "Rasuwa", "source_adm3": "Aamachhodingmo", "source_adm4": "", "attribute_confidence": "high", "start_degree": 1, "end_degree": 3, "topology_role": "dead_end_link", "dangle_flag": true, "short_dangle_flag": false, "component_id": 125, "component_length_km": 29.477911352104606, "component_segment_count": 39}, "geometry": {"type": "MultiLineString", "coordinates": [[[85.30534435279647, 28.135823773403512], [85.3050657, 28.1356202], [85.30448730000002, 28.134871800000003], [85.3038209, 28.1340901], [85.3034689, 28.133125500000002], [85.3029345, 28.1324103], [85.3020041, 28.1316674], [85.3007656, 28.129333399999993], [85.2998917, 28.1288233], [85.2993951, 28.1281414], [85.2995096533501, 28.127550354185082]], [[85.2995948785631, 28.12711062396794], [85.29959565802478, 28.12710660221788]], [[85.29954110755799, 28.127043149616913], [85.2986595, 28.126638900000007], [85.297811, 28.125776699999996], [85.2970097, 28.1256911], [85.2965665, 28.1250807], [85.2953524, 28.124486400000002], [85.2944236, 28.123517400000004], [85.2934826, 28.122751699999995], [85.2926024, 28.122264499999993], [85.2918739, 28.121696999999998], [85.2910908, 28.121113399999995], [85.2908479, 28.1209287], [85.29025600000001, 28.120420099999997], [85.2900952, 28.119964999999997], [85.2895063, 28.119702600000004], [85.28902670000001, 28.119595500000003], [85.2888082, 28.119156499999992], [85.2886868, 28.118776299999997], [85.2884318, 28.1183132], [85.2876851, 28.118109700000005], [85.2869991, 28.1177242], [85.2866713, 28.1175422], [85.2860824, 28.117021499999996], [85.285612, 28.1169104], [85.2853509, 28.116804599999995], [85.2850669, 28.1165794], [85.2841465, 28.115829699999995], [85.2834079, 28.115121299999995], [85.2827689, 28.1143147], [85.2825637, 28.113771799999995], [85.28231170000001, 28.113213399999996], [85.28154994456953, 28.112616754203938]]]}}, {"type": "Feature", "properties": {"fid": 486, "segment_id": 926, "length_m": 2226.07467423353, "length_km": 2.22607467423353, "highway": "primary", "name": "Pasang Lhamu Highway", "name_en": null, "name_ne": null, "surface": "paved", "smoothness": null, "lanes": null, "oneway": null, "bridge": null, "layer": null, "source": "2 GPS Tracks", "adm0_name": "Nepal", "adm1_name": "Bagmati", "adm2_name": "Rasuwa", "adm3_name": "Gosaikunda", "adm4_name": null, "source_feature_count": 2, "source_fids": "1328;465", "source_ids": "way/84566287;way/332122791", "source_highways": "primary", "source_names": "Pasang Lhamu Highway", "source_adm1": "Bagmati", "source_adm2": "Rasuwa", "source_adm3": "Gosaikunda", "source_adm4": "", "attribute_confidence": "high", "start_degree": 3, "end_degree": 3, "topology_role": "intersection_to_intersection", "dangle_flag": false, "short_dangle_flag": false, "component_id": 128, "component_length_km": 44.04966229965257, "component_segment_count": 97}, "geometry": {"type": "MultiLineString", "coordinates": [[[85.3369899, 28.163517400000003], [85.3369644, 28.163355099999997], [85.3368807, 28.1629938], [85.3368317, 28.1627321], [85.3367322, 28.1625456], [85.3366716, 28.162399500000003], [85.3366157, 28.161882799999994], [85.3365478, 28.161709899999998], [85.3364466, 28.161223999999994], [85.3363676, 28.161059], [85.3363517, 28.160878100000005], [85.3363222, 28.160762100000003], [85.3362215, 28.160565200000008], [85.3361482, 28.1604291], [85.33602970000001, 28.1603114], [85.3357482, 28.160119799999997], [85.3349276, 28.159475099999998], [85.334226, 28.159114099999996], [85.3340853, 28.15906869999999], [85.3338915, 28.159049099999994], [85.3337217, 28.15898899999999], [85.3335564, 28.158911699999997], [85.333374, 28.158815499999996], [85.3331319, 28.158557899999998], [85.3328682, 28.158368799999995], [85.332532, 28.157986599999997], [85.3324655, 28.157900799999997], [85.3324482, 28.157837499999996], [85.3324711, 28.157648099999996], [85.3325784, 28.1570978], [85.33258980000001, 28.1568743], [85.3325781, 28.156758699999997], [85.3325459, 28.156651099999994], [85.3324889, 28.156556499999997], [85.3324467, 28.156517399999995], [85.33241180000002, 28.1565009], [85.3323703, 28.1565003], [85.3323287, 28.156512699999993], [85.3321999, 28.156555299999994], [85.3321436, 28.156559999999995], [85.3320712, 28.156557599999992], [85.3319921, 28.156546999999996], [85.331899, 28.156515299999995], [85.3318231, 28.1564654], [85.3305651, 28.1555727], [85.3304283, 28.1554474], [85.3303224, 28.155342099999995], [85.3301722, 28.155174199999998], [85.32988617332587, 28.15461489658006]], [[85.32760345882896, 28.151933708396992], [85.32760200000001, 28.151890599999998], [85.3275973, 28.151835599999995], [85.3275909, 28.1518068], [85.3275859, 28.1517996], [85.3275771, 28.151795099999994], [85.3275624, 28.1517925], [85.3275275, 28.15179249999999], [85.3273773, 28.151788599999996], [85.3273498, 28.1517854], [85.3273369, 28.151782000000004], [85.3273243, 28.151776499999997], [85.3273156, 28.1517688], [85.3273069, 28.1517564], [85.3272935, 28.1517298], [85.3272928, 28.1516405], [85.3272925, 28.15162599999999], [85.3272891, 28.1516133], [85.3272845, 28.1516057], [85.3272805, 28.151601899999996], [85.3272738, 28.151598199999995], [85.32707960000002, 28.151550099999998], [85.3270152, 28.151522900000003], [85.3269604, 28.151488699999998], [85.3269438, 28.151471999999995], [85.3269294, 28.151448399999992], [85.3268207441432, 28.151237033820433]]]}}, {"type": "Feature", "properties": {"fid": 487, "segment_id": 927, "length_m": 424.0212738604763, "length_km": 0.4240212738604763, "highway": "tertiary", "name": "Pasang Lhamu Highway", "name_en": null, "name_ne": null, "surface": "unpaved", "smoothness": null, "lanes": null, "oneway": null, "bridge": null, "layer": null, "source": null, "adm0_name": "Nepal", "adm1_name": "Bagmati", "adm2_name": "Rasuwa", "adm3_name": "Gosaikunda", "adm4_name": null, "source_feature_count": 1, "source_fids": "1095", "source_ids": "way/1266396385", "source_highways": "tertiary", "source_names": "Pasang Lhamu Highway", "source_adm1": "Bagmati", "source_adm2": "Rasuwa", "source_adm3": "Gosaikunda", "source_adm4": "", "attribute_confidence": "high", "start_degree": 3, "end_degree": 1, "topology_role": "dead_end_link", "dangle_flag": true, "short_dangle_flag": false, "component_id": 128, "component_length_km": 44.04966229965257, "component_segment_count": 97}, "geometry": {"type": "MultiLineString", "coordinates": [[[85.3373779, 28.164559399999998], [85.33737754245145, 28.16456130003209]], [[85.33724429404056, 28.1646256895041], [85.337227, 28.1646171], [85.337159, 28.1645562], [85.3371238215334, 28.16451365236165]], [[85.33685688678669, 28.1642571540895], [85.33685288168633, 28.164253654936815]], [[85.33682546024536, 28.164229697523506], [85.336822737862, 28.164227319045775]], [[85.33661129527, 28.16407117268996], [85.3365754, 28.1640582], [85.3365333, 28.164013299999997], [85.33649097416361, 28.16394942955711]], [[85.33647907734745, 28.163927666452945], [85.33646141295482, 28.163885438696116]], [[85.33646238536967, 28.16382257180309], [85.33646347514328, 28.163819177426408]]]}}, {"type": "Feature", "properties": {"fid": 488, "segment_id": 928, "length_m": 677.8581091251668, "length_km": 0.6778581091251669, "highway": "unclassified", "name": null, "name_en": null, "name_ne": null, "surface": null, "smoothness": null, "lanes": null, "oneway": null, "bridge": null, "layer": null, "source": null, "adm0_name": "Nepal", "adm1_name": "Bagmati", "adm2_name": "Rasuwa", "adm3_name": "Aamachhodingmo", "adm4_name": null, "source_feature_count": 1, "source_fids": "1265", "source_ids": "way/399526178", "source_highways": "unclassified", "source_names": "", "source_adm1": "Bagmati", "source_adm2": "Rasuwa", "source_adm3": "Aamachhodingmo", "source_adm4": "", "attribute_confidence": "high", "start_degree": 3, "end_degree": 1, "topology_role": "dead_end_link", "dangle_flag": true, "short_dangle_flag": false, "component_id": 128, "component_length_km": 44.04966229965257, "component_segment_count": 97}, "geometry": {"type": "MultiLineString", "coordinates": [[[85.3379019158573, 28.182672110763715], [85.3373608, 28.182467699999997], [85.3368994, 28.182280399999993], [85.3367268, 28.182213099999995], [85.33672255643846, 28.182206883681545]], [[85.33670214688537, 28.182176986075806], [85.3366969, 28.182169299999998], [85.3366405, 28.182101999999997], [85.3365708, 28.182031699999992], [85.33653628836448, 28.182029080012065]]]}}, {"type": "Feature", "properties": {"fid": 489, "segment_id": 929, "length_m": 415.0039066165558, "length_km": 0.4150039066165558, "highway": "primary", "name": null, "name_en": null, "name_ne": null, "surface": null, "smoothness": null, "lanes": null, "oneway": null, "bridge": null, "layer": null, "source": "GPS", "adm0_name": "Nepal", "adm1_name": "Bagmati", "adm2_name": "Rasuwa", "adm3_name": "Gosaikunda", "adm4_name": null, "source_feature_count": 2, "source_fids": "885", "source_ids": "way/83925854", "source_highways": "primary", "source_names": "", "source_adm1": "Bagmati", "source_adm2": "Rasuwa", "source_adm3": "Gosaikunda", "source_adm4": "", "attribute_confidence": "medium", "start_degree": 3, "end_degree": 3, "topology_role": "intersection_to_intersection", "dangle_flag": false, "short_dangle_flag": false, "component_id": 128, "component_length_km": 44.04966229965257, "component_segment_count": 97}, "geometry": {"type": "LineString", "coordinates": [[85.3406581, 28.1651004], [85.3405402, 28.165037000000005], [85.3403486, 28.164961599999994], [85.3394143, 28.1646722], [85.3390643, 28.164583499999996], [85.338373, 28.1644156], [85.3378318, 28.1642726], [85.337618, 28.164189799999992], [85.3374304, 28.164096499999996], [85.3373407, 28.164024899999998], [85.3373121, 28.16399499999999], [85.3371626, 28.163813299999997], [85.3369899, 28.163517400000003]]}}, {"type": "Feature", "properties": {"fid": 490, "segment_id": 930, "length_m": 125.05865410966798, "length_km": 0.125058654109668, "highway": "tertiary", "name": "Pasang Lhamu Highway", "name_en": null, "name_ne": null, "surface": "unpaved", "smoothness": null, "lanes": null, "oneway": null, "bridge": null, "layer": null, "source": null, "adm0_name": "Nepal", "adm1_name": "Bagmati", "adm2_name": "Rasuwa", "adm3_name": "Gosaikunda", "adm4_name": null, "source_feature_count": 1, "source_fids": "1095", "source_ids": "way/1266396385", "source_highways": "tertiary", "source_names": "Pasang Lhamu Highway", "source_adm1": "Bagmati", "source_adm2": "Rasuwa", "source_adm3": "Gosaikunda", "source_adm4": "", "attribute_confidence": "high", "start_degree": 3, "end_degree": 3, "topology_role": "intersection_to_intersection", "dangle_flag": false, "short_dangle_flag": false, "component_id": 128, "component_length_km": 44.04966229965257, "component_segment_count": 97}, "geometry": {"type": "LineString", "coordinates": [[85.3369899, 28.163517400000003], [85.3369876, 28.163721], [85.3369903, 28.16379029999999], [85.3369979, 28.1638356], [85.33702830000001, 28.1639018], [85.3370903, 28.1640323], [85.3371223, 28.1640789], [85.3371424, 28.1641261], [85.3371677, 28.164252499999996], [85.3371948, 28.1643274], [85.3372653, 28.164399], [85.3373651, 28.16452909999999], [85.3373779, 28.164559399999998]]}}, {"type": "Feature", "properties": {"fid": 491, "segment_id": 931, "length_m": 428.91750540044404, "length_km": 0.42891750540044404, "highway": "residential", "name": null, "name_en": null, "name_ne": null, "surface": null, "smoothness": null, "lanes": null, "oneway": null, "bridge": null, "layer": null, "source": null, "adm0_name": "Nepal", "adm1_name": "Bagmati", "adm2_name": "Rasuwa", "adm3_name": "Gosaikunda", "adm4_name": null, "source_feature_count": 1, "source_fids": "861", "source_ids": "way/121203554", "source_highways": "residential", "source_names": "", "source_adm1": "Bagmati", "source_adm2": "Rasuwa", "source_adm3": "Gosaikunda", "source_adm4": "", "attribute_confidence": "high", "start_degree": 3, "end_degree": 1, "topology_role": "dead_end_link", "dangle_flag": true, "short_dangle_flag": false, "component_id": 128, "component_length_km": 44.04966229965257, "component_segment_count": 97}, "geometry": {"type": "MultiLineString", "coordinates": [[[85.3373779, 28.164559399999998], [85.33738771717333, 28.164561423720546]], [[85.33739801081941, 28.164563545660773], [85.3375147, 28.1645876], [85.3376502, 28.1646107], [85.3377989, 28.164645599999997], [85.3378548473198, 28.164656164087837]], [[85.33803757632873, 28.164693588525584], [85.3380919313869, 28.16470534597812]], [[85.33809847524032, 28.16470676146659], [85.3381361, 28.164714900000003], [85.338351, 28.164794299999997], [85.3385165, 28.164855399999997], [85.3388186, 28.1649477], [85.3390516, 28.165033899999997], [85.3394033, 28.165091899999993], [85.33974615901445, 28.165141321135355]], [[85.34019854111988, 28.165279056256328], [85.3403644, 28.165330299999997], [85.34054742200935, 28.165498550475238]], [[85.34063630152096, 28.165583396473387], [85.3407586, 28.165704099999996], [85.341003, 28.165957799999997], [85.3410651, 28.166098699999996], [85.3410455, 28.166204699999998]]]}}, {"type": "Feature", "properties": {"fid": 492, "segment_id": 932, "length_m": 220.4584535070887, "length_km": 0.2204584535070887, "highway": "unclassified", "name": null, "name_en": null, "name_ne": null, "surface": null, "smoothness": null, "lanes": null, "oneway": null, "bridge": null, "layer": null, "source": null, "adm0_name": "Nepal", "adm1_name": "Bagmati", "adm2_name": "Rasuwa", "adm3_name": "Aamachhodingmo", "adm4_name": null, "source_feature_count": 1, "source_fids": "1298", "source_ids": "way/1552938623", "source_highways": "unclassified", "source_names": "", "source_adm1": "Bagmati", "source_adm2": "Rasuwa", "source_adm3": "Aamachhodingmo", "source_adm4": "", "attribute_confidence": "high", "start_degree": 3, "end_degree": 3, "topology_role": "intersection_to_intersection", "dangle_flag": false, "short_dangle_flag": false, "component_id": 128, "component_length_km": 44.04966229965257, "component_segment_count": 97}, "geometry": {"type": "LineString", "coordinates": [[85.3405182, 28.182578299999996], [85.3402251, 28.182777699999995], [85.339922, 28.182806099999997], [85.3395036, 28.1830047], [85.33921520000001, 28.183090999999997], [85.3389363, 28.1830933], [85.33892291942685, 28.183085441441776]]}}, {"type": "Feature", "properties": {"fid": 493, "segment_id": 933, "length_m": 283.0307528238648, "length_km": 0.2830307528238648, "highway": "unclassified", "name": null, "name_en": null, "name_ne": null, "surface": null, "smoothness": null, "lanes": null, "oneway": null, "bridge": null, "layer": null, "source": null, "adm0_name": "Nepal", "adm1_name": "Bagmati", "adm2_name": "Rasuwa", "adm3_name": "Aamachhodingmo", "adm4_name": null, "source_feature_count": 1, "source_fids": "1265", "source_ids": "way/399526178", "source_highways": "unclassified", "source_names": "", "source_adm1": "Bagmati", "source_adm2": "Rasuwa", "source_adm3": "Aamachhodingmo", "source_adm4": "", "attribute_confidence": "high", "start_degree": 3, "end_degree": 3, "topology_role": "intersection_to_intersection", "dangle_flag": false, "short_dangle_flag": false, "component_id": 128, "component_length_km": 44.04966229965257, "component_segment_count": 97}, "geometry": {"type": "LineString", "coordinates": [[85.3397972, 28.1821767], [85.3397082, 28.182161700000005], [85.3392945, 28.1822481], [85.3392006, 28.182294099999993], [85.3391785, 28.182369800000004], [85.3392695, 28.182421899999998], [85.3393978, 28.182441999999995], [85.3395213, 28.1824729], [85.3395802, 28.182531799999996], [85.3394388, 28.182617099999995], [85.3393118, 28.182676499999996], [85.3391555, 28.182701499999997], [85.33899740000001, 28.182598199999994], [85.33882060000002, 28.182558599999993], [85.3387702, 28.1826042], [85.3387948, 28.182659600000008], [85.3388969, 28.182768299999992], [85.3389774, 28.182810000000003], [85.3389409, 28.1828393], [85.3389011, 28.1828539], [85.3388181, 28.182821800000003], [85.3387076, 28.1828302], [85.33866348158557, 28.182830597932796]]}}, {"type": "Feature", "properties": {"fid": 494, "segment_id": 934, "length_m": 85.85942291760313, "length_km": 0.08585942291760312, "highway": "unclassified", "name": null, "name_en": null, "name_ne": null, "surface": null, "smoothness": null, "lanes": null, "oneway": null, "bridge": null, "layer": null, "source": null, "adm0_name": "Nepal", "adm1_name": "Bagmati", "adm2_name": "Rasuwa", "adm3_name": "Aamachhodingmo", "adm4_name": null, "source_feature_count": 1, "source_fids": "1265", "source_ids": "way/399526178", "source_highways": "unclassified", "source_names": "", "source_adm1": "Bagmati", "source_adm2": "Rasuwa", "source_adm3": "Aamachhodingmo", "source_adm4": "", "attribute_confidence": "high", "start_degree": 3, "end_degree": 3, "topology_role": "intersection_to_intersection", "dangle_flag": false, "short_dangle_flag": false, "component_id": 128, "component_length_km": 44.04966229965257, "component_segment_count": 97}, "geometry": {"type": "LineString", "coordinates": [[85.3405182, 28.182578299999996], [85.3404532, 28.182574799999998], [85.3401224, 28.1823312], [85.3399886, 28.182223799999996], [85.3397972, 28.1821767]]}}, {"type": "Feature", "properties": {"fid": 495, "segment_id": 935, "length_m": 257.94067777696523, "length_km": 0.2579406777769652, "highway": "path", "name": null, "name_en": null, "name_ne": null, "surface": null, "smoothness": null, "lanes": null, "oneway": null, "bridge": null, "layer": null, "source": null, "adm0_name": "Nepal", "adm1_name": "Bagmati", "adm2_name": "Rasuwa", "adm3_name": "Aamachhodingmo", "adm4_name": null, "source_feature_count": 1, "source_fids": "926", "source_ids": "way/1552804478", "source_highways": "path", "source_names": "", "source_adm1": "Bagmati", "source_adm2": "Rasuwa", "source_adm3": "Aamachhodingmo", "source_adm4": "", "attribute_confidence": "high", "start_degree": 3, "end_degree": 3, "topology_role": "intersection_to_intersection", "dangle_flag": false, "short_dangle_flag": false, "component_id": 128, "component_length_km": 44.04966229965257, "component_segment_count": 97}, "geometry": {"type": "LineString", "coordinates": [[85.3420717, 28.181268799999998], [85.34192610000001, 28.181374199999993], [85.3416196, 28.181521200000002], [85.3414118, 28.1815678], [85.3411956, 28.181617699999993], [85.3410257, 28.1817021], [85.3409226, 28.181786599999995], [85.3409057, 28.1818384], [85.3408419, 28.181891700000005], [85.3407417, 28.181926299999997], [85.3405417, 28.1819166], [85.3402732, 28.181934900000005], [85.3401935, 28.1819385], [85.3399736, 28.182018199999995], [85.3398536, 28.182056600000006], [85.3397972, 28.1821767]]}}, {"type": "Feature", "properties": {"fid": 496, "segment_id": 936, "length_m": 134.597845227349, "length_km": 0.13459784522734902, "highway": "primary", "name": null, "name_en": null, "name_ne": null, "surface": null, "smoothness": null, "lanes": null, "oneway": null, "bridge": null, "layer": null, "source": "GPS", "adm0_name": "Nepal", "adm1_name": "Bagmati", "adm2_name": "Rasuwa", "adm3_name": "Gosaikunda", "adm4_name": null, "source_feature_count": 1, "source_fids": "885", "source_ids": "way/83925854", "source_highways": "primary", "source_names": "", "source_adm1": "Bagmati", "source_adm2": "Rasuwa", "source_adm3": "Gosaikunda", "source_adm4": "", "attribute_confidence": "high", "start_degree": 3, "end_degree": 3, "topology_role": "intersection_to_intersection", "dangle_flag": false, "short_dangle_flag": false, "component_id": 128, "component_length_km": 44.04966229965257, "component_segment_count": 97}, "geometry": {"type": "LineString", "coordinates": [[85.3418267, 28.165729100000004], [85.3416708, 28.1656192], [85.3410567, 28.165335899999995], [85.3406581, 28.1651004]]}}, {"type": "Feature", "properties": {"fid": 497, "segment_id": 937, "length_m": 1075.0224343967368, "length_km": 1.0750224343967367, "highway": "unclassified", "name": null, "name_en": null, "name_ne": null, "surface": "dirt", "smoothness": null, "lanes": null, "oneway": null, "bridge": null, "layer": null, "source": "GPS", "adm0_name": "Nepal", "adm1_name": "Bagmati", "adm2_name": "Rasuwa", "adm3_name": "Gosaikunda", "adm4_name": null, "source_feature_count": 2, "source_fids": "547;1318", "source_ids": "way/643869488;way/1017959927", "source_highways": "unclassified", "source_names": "", "source_adm1": "Bagmati", "source_adm2": "Rasuwa", "source_adm3": "Gosaikunda", "source_adm4": "", "attribute_confidence": "medium", "start_degree": 3, "end_degree": 3, "topology_role": "intersection_to_intersection", "dangle_flag": false, "short_dangle_flag": false, "component_id": 128, "component_length_km": 44.04966229965257, "component_segment_count": 97}, "geometry": {"type": "MultiLineString", "coordinates": [[[85.34524933206552, 28.161922081959908], [85.3451561, 28.1619988], [85.3450094, 28.16214709999999], [85.3448363, 28.162173299999996], [85.34473583150086, 28.162219433527003]], [[85.34326689219482, 28.162872810353665], [85.34325924964841, 28.162878610172218]], [[85.34323177481473, 28.162899460419396], [85.3430873, 28.163009100000004], [85.3428494, 28.163043399999996], [85.3425593, 28.163075], [85.3423985, 28.1631282], [85.3422457, 28.163121099999998], [85.34199240000001, 28.163163600000004], [85.3418356, 28.163230999999996], [85.3417472, 28.1633373], [85.3417793, 28.163390499999995], [85.34185980000001, 28.163432999999998], [85.34200450000002, 28.163408199999992], [85.3421613, 28.163362099999997], [85.34229, 28.1633515], [85.3424106, 28.1633479], [85.342491, 28.163369200000005], [85.3425232, 28.1634401], [85.342499, 28.1634933], [85.34241400000002, 28.1635538], [85.3422272, 28.163617399999996], [85.3419784, 28.1636702], [85.34181520000001, 28.163706499999996], [85.3417231, 28.163712999999998], [85.3416507, 28.163688199999996], [85.341522, 28.163627999999996], [85.3414295, 28.163634999999996], [85.3413934, 28.163673999999997], [85.3413893, 28.1637201], [85.3414376, 28.163751999999995], [85.3415019, 28.163773299999992], [85.3415421, 28.163819399999998], [85.3415461, 28.163900899999998], [85.3414899, 28.163971800000002], [85.3413692, 28.1640462], [85.3412165, 28.164074599999996], [85.3408319, 28.164053799999994], [85.3405407, 28.164039199999998], [85.3404152, 28.163999500000003], [85.3403134, 28.163964], [85.3402352, 28.1639765], [85.3401547, 28.1640037], [85.3398138, 28.164462899999997], [85.3398706, 28.164548399999994], [85.3399985, 28.164606900000003], [85.3402613, 28.16473], [85.3404175, 28.1648386], [85.340614, 28.164892799999997], [85.3407111, 28.1649471], [85.3407182, 28.165016000000005], [85.3406581, 28.1651004]]]}}, {"type": "Feature", "properties": {"fid": 498, "segment_id": 938, "length_m": 167.47644062760816, "length_km": 0.16747644062760816, "highway": "unclassified", "name": null, "name_en": null, "name_ne": null, "surface": null, "smoothness": null, "lanes": null, "oneway": null, "bridge": null, "layer": null, "source": null, "adm0_name": "Nepal", "adm1_name": "Bagmati", "adm2_name": "Rasuwa", "adm3_name": "Aamachhodingmo", "adm4_name": null, "source_feature_count": 1, "source_fids": "1265", "source_ids": "way/399526178", "source_highways": "unclassified", "source_names": "", "source_adm1": "Bagmati", "source_adm2": "Rasuwa", "source_adm3": "Aamachhodingmo", "source_adm4": "", "attribute_confidence": "high", "start_degree": 3, "end_degree": 3, "topology_role": "intersection_to_intersection", "dangle_flag": false, "short_dangle_flag": false, "component_id": 128, "component_length_km": 44.04966229965257, "component_segment_count": 97}, "geometry": {"type": "LineString", "coordinates": [[85.3420636, 28.182112099999998], [85.3418612, 28.182200799999997], [85.3416772, 28.182368599999997], [85.3414097, 28.182476800000003], [85.34110390000001, 28.182527599999997], [85.3408813, 28.1824862], [85.3407739, 28.1824996], [85.3406257, 28.1825667], [85.3405182, 28.182578299999996]]}}, {"type": "Feature", "properties": {"fid": 499, "segment_id": 939, "length_m": 196.5936507065992, "length_km": 0.1965936507065992, "highway": "path", "name": null, "name_en": null, "name_ne": null, "surface": null, "smoothness": null, "lanes": null, "oneway": null, "bridge": null, "layer": null, "source": null, "adm0_name": "Nepal", "adm1_name": "Bagmati", "adm2_name": "Rasuwa", "adm3_name": "Gosaikunda", "adm4_name": null, "source_feature_count": 1, "source_fids": "1314", "source_ids": "way/341557611", "source_highways": "path", "source_names": "", "source_adm1": "Bagmati", "source_adm2": "Rasuwa", "source_adm3": "Gosaikunda", "source_adm4": "", "attribute_confidence": "high", "start_degree": 3, "end_degree": 3, "topology_role": "intersection_to_intersection", "dangle_flag": false, "short_dangle_flag": false, "component_id": 128, "component_length_km": 44.04966229965257, "component_segment_count": 97}, "geometry": {"type": "LineString", "coordinates": [[85.3431768, 28.165955399999998], [85.3431908, 28.1660007], [85.3431763, 28.1660452], [85.3431168, 28.166077], [85.3430592, 28.1660405], [85.343, 28.1657993], [85.3429938, 28.165737700000005], [85.3429566, 28.165756], [85.3425106, 28.165975599999996], [85.3423674, 28.166042900000004], [85.3423183, 28.166007799999996], [85.3422974, 28.165921900000004], [85.3421699, 28.165896000000004], [85.3419112, 28.1657364], [85.3418267, 28.165729100000004]]}}, {"type": "Feature", "properties": {"fid": 500, "segment_id": 940, "length_m": 1754.7122813229, "length_km": 1.7547122813229001, "highway": "primary", "name": null, "name_en": null, "name_ne": null, "surface": null, "smoothness": null, "lanes": null, "oneway": null, "bridge": null, "layer": null, "source": null, "adm0_name": "Nepal", "adm1_name": "Bagmati", "adm2_name": "Rasuwa", "adm3_name": "Gosaikunda", "adm4_name": null, "source_feature_count": 1, "source_fids": "725", "source_ids": "way/84792450", "source_highways": "primary", "source_names": "", "source_adm1": "Bagmati", "source_adm2": "Rasuwa", "source_adm3": "Gosaikunda", "source_adm4": "", "attribute_confidence": "high", "start_degree": 3, "end_degree": 3, "topology_role": "intersection_to_intersection", "dangle_flag": false, "short_dangle_flag": false, "component_id": 128, "component_length_km": 44.04966229965257, "component_segment_count": 97}, "geometry": {"type": "LineString", "coordinates": [[85.3418267, 28.165729100000004], [85.3421985, 28.1660972], [85.3423551, 28.1663811], [85.34239830000001, 28.166754499999996], [85.3422137, 28.1672948], [85.3420593, 28.167731899999996], [85.3419628, 28.1681571], [85.342082, 28.1687965], [85.34211460000002, 28.169506199999997], [85.3422613, 28.170285999999997], [85.3423357, 28.17073839999999], [85.3423011, 28.1711682], [85.3423648, 28.171819200000005], [85.3423977, 28.172622899999997], [85.34256670000002, 28.173426799999998], [85.3426024, 28.1738379], [85.3426203, 28.174346599999996], [85.3423508, 28.175660400000005], [85.3422821, 28.1765859], [85.3423134, 28.178084499999997], [85.3422196, 28.1786493], [85.3421623, 28.1791911], [85.34213710000002, 28.179831399999998], [85.3420738, 28.180526499999996], [85.3420412, 28.181029299999995], [85.3420717, 28.181268799999998]]}}, {"type": "Feature", "properties": {"fid": 501, "segment_id": 941, "length_m": 97.7034405749234, "length_km": 0.0977034405749234, "highway": "primary", "name": null, "name_en": null, "name_ne": null, "surface": null, "smoothness": null, "lanes": null, "oneway": null, "bridge": "yes", "layer": "1", "source": null, "adm0_name": "Nepal", "adm1_name": "Bagmati", "adm2_name": "Rasuwa", "adm3_name": "Aamachhodingmo", "adm4_name": null, "source_feature_count": 1, "source_fids": "514", "source_ids": "way/341557606", "source_highways": "primary", "source_names": "", "source_adm1": "Bagmati", "source_adm2": "Rasuwa", "source_adm3": "Aamachhodingmo", "source_adm4": "", "attribute_confidence": "high", "start_degree": 3, "end_degree": 3, "topology_role": "intersection_to_intersection", "dangle_flag": false, "short_dangle_flag": false, "component_id": 128, "component_length_km": 44.04966229965257, "component_segment_count": 97}, "geometry": {"type": "LineString", "coordinates": [[85.3420717, 28.181268799999998], [85.3421227, 28.181346700000002], [85.342431, 28.181804499999995], [85.3425231, 28.182049799999998]]}}, {"type": "Feature", "properties": {"fid": 502, "segment_id": 942, "length_m": 1156.667442349625, "length_km": 1.156667442349625, "highway": "unclassified", "name": null, "name_en": null, "name_ne": null, "surface": null, "smoothness": null, "lanes": null, "oneway": null, "bridge": null, "layer": null, "source": null, "adm0_name": "Nepal", "adm1_name": "Bagmati", "adm2_name": "Rasuwa", "adm3_name": "Aamachhodingmo", "adm4_name": null, "source_feature_count": 1, "source_fids": "82", "source_ids": "way/1552575662", "source_highways": "unclassified", "source_names": "", "source_adm1": "Bagmati", "source_adm2": "Rasuwa", "source_adm3": "Aamachhodingmo", "source_adm4": "", "attribute_confidence": "high", "start_degree": 1, "end_degree": 3, "topology_role": "dead_end_link", "dangle_flag": true, "short_dangle_flag": false, "component_id": 128, "component_length_km": 44.04966229965257, "component_segment_count": 97}, "geometry": {"type": "MultiLineString", "coordinates": [[[85.34302557702506, 28.183987891446158], [85.34302624314051, 28.183988311112792]], [[85.34305591039339, 28.184002379665028], [85.34308604315594, 28.184016109881117]], [[85.3430862539767, 28.18401620594311], [85.3430948, 28.184020100000005], [85.3431264, 28.184004199999997], [85.34313090000002, 28.1839545], [85.3431174, 28.183916699999994], [85.3430858, 28.183876999999995], [85.3430339, 28.183833199999995], [85.34302802325182, 28.183829249037974]], [[85.34302292558148, 28.183825821852768], [85.34299778005568, 28.183808916404175]], [[85.34242500515852, 28.18330307354182], [85.342452, 28.183280599999996], [85.34248590000001, 28.1832468], [85.3425242, 28.1832269], [85.3425716, 28.183226899999998], [85.3426189, 28.1832368], [85.3426618, 28.1832547], [85.3427069, 28.183278600000005], [85.342743, 28.1833044], [85.3427813, 28.1833382], [85.3428377, 28.183377999999998], [85.3428783, 28.1834058], [85.3429189, 28.1834217], [85.342964, 28.183421699999997], [85.3429911, 28.1833959], [85.3429933, 28.1833501], [85.3429866, 28.183320299999995], [85.342964, 28.183284499999996], [85.3429212, 28.183234800000005], [85.3428783, 28.183197099999997], [85.3428377, 28.183155299999996], [85.3427881, 28.183111599999997], [85.3427024, 28.183047999999996], [85.3426077, 28.182984299999994], [85.3425671, 28.182938599999996], [85.342522, 28.182874999999996], [85.3424768, 28.182807399999998], [85.3424565, 28.182755699999998], [85.3424746, 28.182699999999997], [85.3424949, 28.182656300000005], [85.3425129, 28.1825967], [85.3425242, 28.182552900000005], [85.34252650000002, 28.182503199999996], [85.3425242, 28.182449499999997], [85.3425039, 28.1823959], [85.3424723, 28.182354099999994], [85.3424317, 28.182334200000003], [85.3423957, 28.1823283], [85.3423596, 28.182326300000003], [85.3423122, 28.1823163], [85.34226930000001, 28.1823243], [85.342125, 28.1823323], [85.3420618, 28.182322299999996], [85.3420235, 28.1823064], [85.3420055, 28.182272599999997], [85.3419942, 28.182242799999997], [85.3420032, 28.182208999999997], [85.342019, 28.182177199999998], [85.3420636, 28.182112099999998]]]}}, {"type": "Feature", "properties": {"fid": 503, "segment_id": 943, "length_m": 45.64291066248083, "length_km": 0.04564291066248083, "highway": "unclassified", "name": null, "name_en": null, "name_ne": null, "surface": null, "smoothness": null, "lanes": null, "oneway": null, "bridge": null, "layer": null, "source": null, "adm0_name": "Nepal", "adm1_name": "Bagmati", "adm2_name": "Rasuwa", "adm3_name": "Aamachhodingmo", "adm4_name": null, "source_feature_count": 1, "source_fids": "1265", "source_ids": "way/399526178", "source_highways": "unclassified", "source_names": "", "source_adm1": "Bagmati", "source_adm2": "Rasuwa", "source_adm3": "Aamachhodingmo", "source_adm4": "", "attribute_confidence": "high", "start_degree": 3, "end_degree": 3, "topology_role": "intersection_to_intersection", "dangle_flag": false, "short_dangle_flag": false, "component_id": 128, "component_length_km": 44.04966229965257, "component_segment_count": 97}, "geometry": {"type": "LineString", "coordinates": [[85.3425231, 28.182049799999998], [85.3420636, 28.182112099999998]]}}, {"type": "Feature", "properties": {"fid": 504, "segment_id": 944, "length_m": 10.84439642274031, "length_km": 0.01084439642274031, "highway": "primary", "name": null, "name_en": null, "name_ne": null, "surface": null, "smoothness": null, "lanes": null, "oneway": null, "bridge": null, "layer": null, "source": null, "adm0_name": "Nepal", "adm1_name": "Bagmati", "adm2_name": "Rasuwa", "adm3_name": "Aamachhodingmo", "adm4_name": null, "source_feature_count": 1, "source_fids": "87", "source_ids": "way/341557610", "source_highways": "primary", "source_names": "", "source_adm1": "Bagmati", "source_adm2": "Rasuwa", "source_adm3": "Aamachhodingmo", "source_adm4": "", "attribute_confidence": "high", "start_degree": 3, "end_degree": 3, "topology_role": "intersection_to_intersection", "dangle_flag": false, "short_dangle_flag": false, "component_id": 128, "component_length_km": 44.04966229965257, "component_segment_count": 97}, "geometry": {"type": "LineString", "coordinates": [[85.3425231, 28.182049799999998], [85.3425895, 28.18212799999999]]}}, {"type": "Feature", "properties": {"fid": 505, "segment_id": 945, "length_m": 147.97283006991137, "length_km": 0.14797283006991135, "highway": "path", "name": null, "name_en": null, "name_ne": null, "surface": null, "smoothness": null, "lanes": null, "oneway": null, "bridge": null, "layer": null, "source": null, "adm0_name": "Nepal", "adm1_name": "Bagmati", "adm2_name": "Rasuwa", "adm3_name": "Aamachhodingmo", "adm4_name": null, "source_feature_count": 1, "source_fids": "1282", "source_ids": "way/1552575661", "source_highways": "path", "source_names": "", "source_adm1": "Bagmati", "source_adm2": "Rasuwa", "source_adm3": "Aamachhodingmo", "source_adm4": "", "attribute_confidence": "high", "start_degree": 3, "end_degree": 3, "topology_role": "intersection_to_intersection", "dangle_flag": false, "short_dangle_flag": false, "component_id": 128, "component_length_km": 44.04966229965257, "component_segment_count": 97}, "geometry": {"type": "LineString", "coordinates": [[85.3425895, 28.18212799999999], [85.3428154, 28.182319499999995], [85.3430304, 28.182430299999996], [85.3431284, 28.1824355], [85.3432393, 28.182401999999996], [85.3438407, 28.1822114], [85.3439271, 28.182184399999993]]}}, {"type": "Feature", "properties": {"fid": 506, "segment_id": 946, "length_m": 155.97887361580706, "length_km": 0.15597887361580706, "highway": "primary", "name": null, "name_en": null, "name_ne": null, "surface": null, "smoothness": null, "lanes": null, "oneway": null, "bridge": null, "layer": null, "source": null, "adm0_name": "Nepal", "adm1_name": "Bagmati", "adm2_name": "Rasuwa", "adm3_name": "Aamachhodingmo", "adm4_name": null, "source_feature_count": 1, "source_fids": "87", "source_ids": "way/341557610", "source_highways": "primary", "source_names": "", "source_adm1": "Bagmati", "source_adm2": "Rasuwa", "source_adm3": "Aamachhodingmo", "source_adm4": "", "attribute_confidence": "high", "start_degree": 3, "end_degree": 3, "topology_role": "intersection_to_intersection", "dangle_flag": false, "short_dangle_flag": false, "component_id": 128, "component_length_km": 44.04966229965257, "component_segment_count": 97}, "geometry": {"type": "LineString", "coordinates": [[85.3425895, 28.18212799999999], [85.3429668, 28.182632699999996], [85.3430119, 28.1826595], [85.3430615, 28.1826701], [85.3431071, 28.1826749], [85.34319680000002, 28.1826648], [85.3438355, 28.182505000000003]]}}, {"type": "Feature", "properties": {"fid": 507, "segment_id": 947, "length_m": 734.9281715934789, "length_km": 0.7349281715934789, "highway": "path", "name": "Langtang Trek Trail", "name_en": null, "name_ne": null, "surface": null, "smoothness": null, "lanes": null, "oneway": null, "bridge": null, "layer": null, "source": null, "adm0_name": "Nepal", "adm1_name": "Bagmati", "adm2_name": "Rasuwa", "adm3_name": "Gosaikunda", "adm4_name": null, "source_feature_count": 2, "source_fids": "23;1295", "source_ids": "way/1098177636;way/141325669", "source_highways": "path", "source_names": "Langtang Trek Trail", "source_adm1": "Bagmati", "source_adm2": "Rasuwa", "source_adm3": "Gosaikunda", "source_adm4": "", "attribute_confidence": "medium", "start_degree": 3, "end_degree": 1, "topology_role": "dead_end_link", "dangle_flag": true, "short_dangle_flag": false, "component_id": 128, "component_length_km": 44.04966229965257, "component_segment_count": 97}, "geometry": {"type": "LineString", "coordinates": [[85.3431768, 28.165955399999998], [85.3434065, 28.166053], [85.3435079, 28.166152399999994], [85.3435487, 28.166248499999995], [85.3435784, 28.1664799], [85.3436723, 28.1666375], [85.3436685, 28.166788299999997], [85.3436377, 28.166913299999994], [85.3435887, 28.167204200000004], [85.343582, 28.167322599999995], [85.3436038, 28.167413299999996], [85.343693, 28.167449999999995], [85.34375941221447, 28.167499069522147]]}}, {"type": "Feature", "properties": {"fid": 508, "segment_id": 948, "length_m": 302.604197518188, "length_km": 0.302604197518188, "highway": "path", "name": null, "name_en": null, "name_ne": null, "surface": null, "smoothness": null, "lanes": null, "oneway": null, "bridge": null, "layer": null, "source": null, "adm0_name": "Nepal", "adm1_name": "Bagmati", "adm2_name": "Rasuwa", "adm3_name": "Gosaikunda", "adm4_name": null, "source_feature_count": 1, "source_fids": "377", "source_ids": "way/934778611", "source_highways": "path", "source_names": "", "source_adm1": "Bagmati", "source_adm2": "Rasuwa", "source_adm3": "Gosaikunda", "source_adm4": "", "attribute_confidence": "high", "start_degree": 3, "end_degree": 3, "topology_role": "intersection_to_intersection", "dangle_flag": false, "short_dangle_flag": false, "component_id": 128, "component_length_km": 44.04966229965257, "component_segment_count": 97}, "geometry": {"type": "LineString", "coordinates": [[85.3439013, 28.1637609], [85.3433202, 28.164266], [85.3432702, 28.164276599999997], [85.342973, 28.1645073], [85.3428633, 28.164542199999993], [85.3429617, 28.1648238], [85.3429193, 28.1648433], [85.3429341, 28.1648856], [85.3429615, 28.164894399999994], [85.3429596, 28.1650224], [85.3429821, 28.165119099999995], [85.3429588, 28.165299199999996], [85.3429942, 28.1653953], [85.34297700000002, 28.165455399999995], [85.3430934, 28.1656845], [85.3431768, 28.165955399999998]]}}, {"type": "Feature", "properties": {"fid": 509, "segment_id": 949, "length_m": 433.55055906335224, "length_km": 0.4335505590633522, "highway": "path", "name": null, "name_en": null, "name_ne": null, "surface": null, "smoothness": null, "lanes": null, "oneway": null, "bridge": null, "layer": null, "source": "GPS", "adm0_name": "Nepal", "adm1_name": "Bagmati", "adm2_name": "Rasuwa", "adm3_name": "Gosaikunda", "adm4_name": null, "source_feature_count": 1, "source_fids": "1322", "source_ids": "way/643869490", "source_highways": "path", "source_names": "", "source_adm1": "Bagmati", "source_adm2": "Rasuwa", "source_adm3": "Gosaikunda", "source_adm4": "", "attribute_confidence": "high", "start_degree": 3, "end_degree": 3, "topology_role": "intersection_to_intersection", "dangle_flag": false, "short_dangle_flag": false, "component_id": 128, "component_length_km": 44.04966229965257, "component_segment_count": 97}, "geometry": {"type": "LineString", "coordinates": [[85.34609367380945, 28.16133395044246], [85.3461936, 28.161340499999998], [85.3461995, 28.161480999999995], [85.3461125, 28.1615262], [85.3460326, 28.161633700000003], [85.3459481, 28.161822899999997], [85.3459091, 28.161960899999993], [85.3458278, 28.162100399999993], [85.3458107, 28.1622225], [85.34530090000001, 28.162623299999993], [85.3450221, 28.162737999999997], [85.3445144, 28.1627231], [85.3440942, 28.1630608], [85.3437064, 28.1632769], [85.3436786, 28.163358000000002], [85.3436789, 28.163406699999992], [85.3437759, 28.163593899999995], [85.3438376, 28.163638099999996], [85.3439013, 28.1637609]]}}, {"type": "Feature", "properties": {"fid": 510, "segment_id": 950, "length_m": 1514.5309472379467, "length_km": 1.5145309472379467, "highway": "path", "name": "Langtang Trek Trail", "name_en": null, "name_ne": null, "surface": null, "smoothness": null, "lanes": null, "oneway": null, "bridge": null, "layer": null, "source": null, "adm0_name": "Nepal", "adm1_name": "Bagmati", "adm2_name": "Rasuwa", "adm3_name": "Gosaikunda", "adm4_name": null, "source_feature_count": 1, "source_fids": "1323", "source_ids": "way/83925828", "source_highways": "path", "source_names": "Langtang Trek Trail", "source_adm1": "Bagmati", "source_adm2": "Rasuwa", "source_adm3": "Gosaikunda", "source_adm4": "", "attribute_confidence": "high", "start_degree": 1, "end_degree": 3, "topology_role": "dead_end_link", "dangle_flag": true, "short_dangle_flag": false, "component_id": 128, "component_length_km": 44.04966229965257, "component_segment_count": 97}, "geometry": {"type": "MultiLineString", "coordinates": [[[85.3544267, 28.15450879999999], [85.35418997238577, 28.15478101021472]], [[85.35385061972995, 28.155148937682103], [85.35369137764022, 28.155312734452107]], [[85.35337334985694, 28.15544180397014], [85.3533467, 28.1554445], [85.3532033, 28.155536699999992], [85.3527713, 28.1557182], [85.3522471, 28.1562808], [85.3518681, 28.156537599999997], [85.35171315861875, 28.15689311559348]], [[85.3516367403942, 28.156982243392164], [85.3513739, 28.1572572], [85.3511624, 28.1575972], [85.3507974, 28.157983699999996], [85.3504709, 28.158121600000005], [85.35031560744723, 28.15819270752059]], [[85.34852204249566, 28.1603641489034], [85.3484273, 28.1604927], [85.3481231, 28.160809399999998], [85.3479418, 28.161060499999998], [85.3476939, 28.161224899999997], [85.3473804, 28.1613902], [85.3472256, 28.161570299999998], [85.3469238, 28.161818599999997], [85.3464833, 28.1621918], [85.346218, 28.1625349], [85.3460791, 28.162671999999997], [85.3459726, 28.1628728], [85.3457763, 28.1629827], [85.3456684, 28.163022600000005], [85.3453573, 28.163229399999995], [85.3452172, 28.163358199999994], [85.34512530000002, 28.1633375], [85.3445789, 28.163537700000003], [85.344411, 28.163678499999996], [85.3441174, 28.1637109], [85.3439013, 28.1637609]]]}}, {"type": "Feature", "properties": {"fid": 511, "segment_id": 951, "length_m": 3238.0207863298288, "length_km": 3.238020786329829, "highway": "primary", "name": null, "name_en": null, "name_ne": null, "surface": null, "smoothness": null, "lanes": null, "oneway": null, "bridge": null, "layer": null, "source": null, "adm0_name": "Nepal", "adm1_name": "Bagmati", "adm2_name": "Rasuwa", "adm3_name": "Aamachhodingmo", "adm4_name": null, "source_feature_count": 2, "source_fids": "898;100", "source_ids": "way/341557602;way/245248456", "source_highways": "primary", "source_names": "", "source_adm1": "Bagmati", "source_adm2": "Rasuwa", "source_adm3": "Aamachhodingmo;Gosaikunda", "source_adm4": "", "attribute_confidence": "medium", "start_degree": 3, "end_degree": 4, "topology_role": "intersection_to_intersection", "dangle_flag": false, "short_dangle_flag": false, "component_id": 128, "component_length_km": 44.04966229965257, "component_segment_count": 97}, "geometry": {"type": "LineString", "coordinates": [[85.3438355, 28.182505000000003], [85.343944, 28.182515300000002], [85.3439659, 28.182522399999996], [85.3439842, 28.1825303], [85.3440006, 28.1825442], [85.3440171, 28.1825655], [85.3440325, 28.182596199999992], [85.3440573, 28.182671899999995], [85.3444952, 28.1839693], [85.3446668, 28.184333399999996], [85.3449011, 28.184682199999997], [85.3451406, 28.1849918], [85.3453857, 28.185267200000002], [85.345856, 28.185862099999998], [85.3460991, 28.186293199999998], [85.34616890000001, 28.186429099999998], [85.3462198, 28.186565099999996], [85.346394, 28.1874875], [85.3464541, 28.187756000000004], [85.3465015, 28.187919800000003], [85.3466047, 28.188121499999994], [85.3467765, 28.188331700000003], [85.3471669, 28.1887904], [85.34826860000001, 28.190152800000003], [85.3483602, 28.190302800000005], [85.3484125, 28.1903914], [85.3484635, 28.190482399999993], [85.3485829, 28.190801599999997], [85.3486258, 28.190940999999995], [85.3486499, 28.191028499999998], [85.3486875, 28.191113599999998], [85.34872430000001, 28.191159099999993], [85.34883640000001, 28.1912474], [85.3488792, 28.1912968], [85.3489181, 28.1913465], [85.3492788, 28.191981799999997], [85.3493915, 28.192173900000004], [85.3494734, 28.192354699999996], [85.3495283, 28.192516699999995], [85.3496933, 28.193233], [85.3498489, 28.1935864], [85.3503334, 28.194507299999994], [85.3505395, 28.194914899999997], [85.35062, 28.1950875], [85.3506578, 28.1952016], [85.3507101, 28.1953684], [85.3507203, 28.1955858], [85.3507524, 28.19576899999999], [85.35077780000002, 28.195974], [85.3508004, 28.196086599999997], [85.350878, 28.196335799999996], [85.3509352, 28.1964668], [85.3510546, 28.196588799999997], [85.3511928, 28.1966823], [85.3513661, 28.196896199999998], [85.351695, 28.197200399999996], [85.3519185, 28.1973767], [85.3522163, 28.1977883], [85.3523087, 28.1978891], [85.3523069, 28.198016199999998], [85.3523643, 28.1981278], [85.3524877, 28.198422700000002], [85.35261950000002, 28.1985835], [85.352743, 28.198812999999998], [85.352845, 28.199060599999996], [85.3529423, 28.1994209], [85.3530051, 28.1997451], [85.3530841, 28.200161899999998], [85.353106, 28.200533799999995], [85.3531107, 28.200757699999997], [85.3531526, 28.201011699999995], [85.3531845, 28.201234], [85.3532305, 28.201665499999994], [85.35324760000002, 28.2018129], [85.3532777, 28.201968899999994], [85.3533592, 28.2022729], [85.3534129, 28.202461099999994], [85.3534395, 28.2025744], [85.3534819, 28.2026483], [85.3535266, 28.2027792], [85.3535624, 28.202876400000005], [85.3536214, 28.203018200000006], [85.3536978, 28.20320499999999], [85.3537863, 28.203412999999998], [85.3538762, 28.2035619], [85.354025, 28.2037616], [85.3541686, 28.203974399999996], [85.3542428, 28.2040923], [85.3543882, 28.2044217], [85.3545027, 28.204570600000004], [85.35455080000001, 28.2046575], [85.3546245, 28.204775699999995], [85.3547063, 28.2048986], [85.3547814, 28.2050333], [85.3548485, 28.2051492], [85.3549173, 28.205257399999997], [85.3549571, 28.2053312], [85.3550255, 28.205429299999995], [85.3550765, 28.2055333], [85.3551382, 28.2056266], [85.3551851, 28.2057413], [85.3552135, 28.2058227], [85.3552589, 28.2059706], [85.3552683, 28.2060651], [85.3552736, 28.206185699999995], [85.355271, 28.206334599999995], [85.3552683, 28.2064693], [85.3552675, 28.2065744], [85.3552736, 28.2066986], [85.35526290000001, 28.206795499999995], [85.3552602, 28.206898299999995], [85.355226, 28.207073100000006], [85.355169, 28.2072458], [85.3550746, 28.207467399999995], [85.3550188, 28.2075731], [85.3549797, 28.207663799999995], [85.3549263, 28.207748099999993], [85.3548753, 28.2077989], [85.3548217, 28.2078331], [85.35478950000001, 28.207891100000005], [85.35476940000001, 28.207980899999992], [85.3547399, 28.208064799999995], [85.3547117, 28.2081711], [85.3547063, 28.2082799], [85.3547077, 28.2083591], [85.354709, 28.2084241], [85.3547131, 28.2084962], [85.3547171, 28.208580100000002], [85.3547077, 28.2086817], [85.3546862, 28.208784499999997], [85.3546835, 28.208877899999994], [85.3546782, 28.2089594], [85.35467632401718, 28.2089755148318]]}}, {"type": "Feature", "properties": {"fid": 512, "segment_id": 952, "length_m": 36.647834674523814, "length_km": 0.036647834674523816, "highway": "track", "name": null, "name_en": null, "name_ne": null, "surface": null, "smoothness": null, "lanes": null, "oneway": null, "bridge": null, "layer": null, "source": null, "adm0_name": "Nepal", "adm1_name": "Bagmati", "adm2_name": "Rasuwa", "adm3_name": "Gosaikunda", "adm4_name": null, "source_feature_count": 1, "source_fids": "1093", "source_ids": "way/688345878", "source_highways": "track", "source_names": "", "source_adm1": "Bagmati", "source_adm2": "Rasuwa", "source_adm3": "Gosaikunda", "source_adm4": "", "attribute_confidence": "high", "start_degree": 3, "end_degree": 3, "topology_role": "intersection_to_intersection", "dangle_flag": false, "short_dangle_flag": false, "component_id": 128, "component_length_km": 44.04966229965257, "component_segment_count": 97}, "geometry": {"type": "LineString", "coordinates": [[85.3438355, 28.182505000000003], [85.3439271, 28.182184399999993]]}}, {"type": "Feature", "properties": {"fid": 513, "segment_id": 953, "length_m": 283.0499229554193, "length_km": 0.28304992295541925, "highway": "track", "name": null, "name_en": null, "name_ne": null, "surface": null, "smoothness": null, "lanes": null, "oneway": null, "bridge": null, "layer": null, "source": null, "adm0_name": "Nepal", "adm1_name": "Bagmati", "adm2_name": "Rasuwa", "adm3_name": "Gosaikunda", "adm4_name": null, "source_feature_count": 1, "source_fids": "1093", "source_ids": "way/688345878", "source_highways": "track", "source_names": "", "source_adm1": "Bagmati", "source_adm2": "Rasuwa", "source_adm3": "Gosaikunda", "source_adm4": "", "attribute_confidence": "high", "start_degree": 3, "end_degree": 1, "topology_role": "dead_end_link", "dangle_flag": true, "short_dangle_flag": false, "component_id": 128, "component_length_km": 44.04966229965257, "component_segment_count": 97}, "geometry": {"type": "LineString", "coordinates": [[85.3439271, 28.182184399999993], [85.34406438239527, 28.18172658640391]]}}, {"type": "Feature", "properties": {"fid": 514, "segment_id": 957, "length_m": 438.6676686512858, "length_km": 0.4386676686512858, "highway": "UNCLASSIFIED_UNKNOWN", "name": null, "name_en": null, "name_ne": null, "surface": null, "smoothness": null, "lanes": null, "oneway": null, "bridge": null, "layer": null, "source": null, "adm0_name": null, "adm1_name": null, "adm2_name": null, "adm3_name": null, "adm4_name": null, "source_feature_count": 1, "source_fids": "1402", "source_ids": "", "source_highways": "UNCLASSIFIED_UNKNOWN", "source_names": "", "source_adm1": "", "source_adm2": "", "source_adm3": "", "source_adm4": "", "attribute_confidence": "high", "start_degree": 3, "end_degree": 1, "topology_role": "dead_end_link", "dangle_flag": true, "short_dangle_flag": false, "component_id": 128, "component_length_km": 44.04966229965257, "component_segment_count": 97}, "geometry": {"type": "LineString", "coordinates": [[85.35031178072715, 28.157054674521934], [85.35057525728165, 28.156911138515184], [85.35147539898811, 28.156443817559552], [85.35194899270824, 28.15608940636501]]}}, {"type": "Feature", "properties": {"fid": 515, "segment_id": 958, "length_m": 452.31447657073323, "length_km": 0.45231447657073326, "highway": "path", "name": null, "name_en": null, "name_ne": null, "surface": null, "smoothness": null, "lanes": null, "oneway": null, "bridge": null, "layer": null, "source": null, "adm0_name": "Nepal", "adm1_name": "Bagmati", "adm2_name": "Rasuwa", "adm3_name": "Gosaikunda", "adm4_name": null, "source_feature_count": 1, "source_fids": "566", "source_ids": "way/784423281", "source_highways": "path", "source_names": "", "source_adm1": "Bagmati", "source_adm2": "Rasuwa", "source_adm3": "Gosaikunda", "source_adm4": "", "attribute_confidence": "high", "start_degree": 1, "end_degree": 4, "topology_role": "dead_end_link", "dangle_flag": true, "short_dangle_flag": false, "component_id": 128, "component_length_km": 44.04966229965257, "component_segment_count": 97}, "geometry": {"type": "MultiLineString", "coordinates": [[[85.35266551064277, 28.20932509687431], [85.3528798, 28.2091733], [85.35297980745868, 28.20909576325482]], [[85.3529842854849, 28.209092291393514], [85.3533035, 28.2088448], [85.3533304, 28.2091568], [85.3535503, 28.208887300000004], [85.353773, 28.2087847], [85.35467632401718, 28.2089755148318]]]}}, {"type": "Feature", "properties": {"fid": 516, "segment_id": 959, "length_m": 86.31425464476303, "length_km": 0.08631425464476303, "highway": "footway", "name": null, "name_en": null, "name_ne": null, "surface": null, "smoothness": null, "lanes": null, "oneway": null, "bridge": "yes", "layer": "1", "source": null, "adm0_name": "Nepal", "adm1_name": "Bagmati", "adm2_name": "Rasuwa", "adm3_name": "Gosaikunda", "adm4_name": null, "source_feature_count": 1, "source_fids": "550", "source_ids": "way/784422172", "source_highways": "footway", "source_names": "", "source_adm1": "Bagmati", "source_adm2": "Rasuwa", "source_adm3": "Gosaikunda", "source_adm4": "", "attribute_confidence": "high", "start_degree": 4, "end_degree": 3, "topology_role": "intersection_to_intersection", "dangle_flag": false, "short_dangle_flag": false, "component_id": 128, "component_length_km": 44.04966229965257, "component_segment_count": 97}, "geometry": {"type": "LineString", "coordinates": [[85.35467632401718, 28.2089755148318], [85.35521729906067, 28.209076624294916], [85.3552313, 28.209365499999997]]}}, {"type": "Feature", "properties": {"fid": 517, "segment_id": 960, "length_m": 384.8980741222198, "length_km": 0.38489807412221977, "highway": "primary", "name": null, "name_en": null, "name_ne": null, "surface": null, "smoothness": null, "lanes": null, "oneway": null, "bridge": null, "layer": null, "source": null, "adm0_name": "Nepal", "adm1_name": "Bagmati", "adm2_name": "Rasuwa", "adm3_name": "Gosaikunda", "adm4_name": null, "source_feature_count": 1, "source_fids": "100", "source_ids": "way/245248456", "source_highways": "primary", "source_names": "", "source_adm1": "Bagmati", "source_adm2": "Rasuwa", "source_adm3": "Gosaikunda", "source_adm4": "", "attribute_confidence": "high", "start_degree": 4, "end_degree": 3, "topology_role": "intersection_to_intersection", "dangle_flag": false, "short_dangle_flag": false, "component_id": 128, "component_length_km": 44.04966229965257, "component_segment_count": 97}, "geometry": {"type": "LineString", "coordinates": [[85.35467632401718, 28.2089755148318], [85.35466210000001, 28.209097699999997], [85.3546487, 28.209276199999998], [85.3546299, 28.2094357], [85.3546098, 28.2095362], [85.3546071, 28.209571600000007], [85.3545964, 28.209654299999993], [85.3545736, 28.2097642], [85.3545628, 28.2098789], [85.354561, 28.21002839999999], [85.3545669, 28.210189700000004], [85.3545669, 28.210288999999992], [85.3545856, 28.210489899999995], [85.3546031, 28.2105962], [85.3546299, 28.210722699999998], [85.3546675, 28.2108787], [85.35470230000001, 28.2110737], [85.3547278, 28.2112037], [85.3547452, 28.21134899999999], [85.3547908, 28.211494399999996], [85.3548525, 28.2117], [85.354878, 28.2118099], [85.3549156, 28.2120014], [85.3549451, 28.212142000000004], [85.3549665, 28.212242499999995], [85.3549964, 28.212405599999997]]}}, {"type": "Feature", "properties": {"fid": 518, "segment_id": 961, "length_m": 3335.2076517962773, "length_km": 3.3352076517962774, "highway": "primary", "name": null, "name_en": null, "name_ne": null, "surface": null, "smoothness": null, "lanes": null, "oneway": null, "bridge": null, "layer": null, "source": null, "adm0_name": "Nepal", "adm1_name": "Bagmati", "adm2_name": "Rasuwa", "adm3_name": "Gosaikunda", "adm4_name": null, "source_feature_count": 1, "source_fids": "100", "source_ids": "way/245248456", "source_highways": "primary", "source_names": "", "source_adm1": "Bagmati", "source_adm2": "Rasuwa", "source_adm3": "Gosaikunda", "source_adm4": "", "attribute_confidence": "high", "start_degree": 3, "end_degree": 3, "topology_role": "intersection_to_intersection", "dangle_flag": false, "short_dangle_flag": false, "component_id": 128, "component_length_km": 44.04966229965257, "component_segment_count": 97}, "geometry": {"type": "LineString", "coordinates": [[85.3549964, 28.212405599999997], [85.3550296, 28.2125096], [85.355051, 28.21265019999999], [85.3550778, 28.212801499999998], [85.3551154, 28.2129563], [85.3551489, 28.213073299999998], [85.3551731, 28.213183199999996], [85.3551891, 28.213323800000005], [85.3551784, 28.213535299999997], [85.3551744, 28.213700799999998], [85.3551744, 28.2137882], [85.35515560000002, 28.2138792], [85.3551422, 28.213995000000004], [85.3551181, 28.2141711], [85.355106, 28.214255000000005], [85.3550953, 28.214312899999996], [85.3550792, 28.2144039], [85.3550591, 28.214535099999996], [85.355051, 28.214746599999994], [85.3550577, 28.2148294], [85.355051, 28.214919199999994], [85.3550336, 28.2150716], [85.3550416, 28.215170899999997], [85.3550591, 28.21528199999999], [85.3550643, 28.2153502], [85.3550979, 28.2155479], [85.3551409, 28.2157452], [85.3551771, 28.215844499999996], [85.3552213, 28.215961499999995], [85.3552589, 28.2160903], [85.3552951, 28.2162061], [85.3553568, 28.216313600000003], [85.3554399, 28.216433], [85.3555016, 28.2164862], [85.35557, 28.2165748], [85.3556156, 28.216648100000004], [85.3556626, 28.2167119], [85.3557377, 28.2168005], [85.3558141, 28.216895100000002], [85.35594280000001, 28.217060499999995], [85.3560206, 28.2172082], [85.356144, 28.217418600000002], [85.356195, 28.217504800000004], [85.3562392, 28.217686799999992], [85.3563023, 28.2178133], [85.35636800000002, 28.217906600000003], [85.3564176, 28.217996400000004], [85.35646320000001, 28.2180709], [85.3565074, 28.2181359], [85.3565879, 28.218170100000002], [85.3566483, 28.2182009], [85.3567059, 28.218251699999996], [85.3567421, 28.218289499999997], [85.3568079, 28.218363899999993], [85.3568669, 28.218460799999995], [85.3569514, 28.218556599999996], [85.3569929, 28.218615600000003], [85.3570868, 28.218717299999994], [85.3571498, 28.218777500000005], [85.3572263, 28.2188484], [85.3573135, 28.2189146], [85.3574087, 28.218982], [85.3575119, 28.219048199999996], [85.3575951, 28.219117899999993], [85.3576541, 28.2191923], [85.3577386, 28.219286899999997], [85.3578003, 28.2193731], [85.3578338, 28.219433399999996], [85.3578781, 28.21950899999999], [85.3579223, 28.219563399999995], [85.3580055, 28.219635499999995], [85.35809, 28.2197028], [85.358153, 28.219750099999995], [85.3582375, 28.219819799999993], [85.3583099, 28.219903699999993], [85.3583702, 28.219985200000004], [85.3584158, 28.220072700000003], [85.3584588, 28.220131800000004], [85.35851110000002, 28.220225099999997], [85.35857540000002, 28.2203055], [85.3586438, 28.220396499999996], [85.3587042, 28.2204981], [85.358782, 28.220590299999998], [85.3588571, 28.2206754], [85.3589335, 28.2207403], [85.3590623, 28.2208762], [85.3591172, 28.2209294], [85.3591883, 28.220990900000004], [85.3592674, 28.221049999999998], [85.3593372, 28.2210901], [85.3594579, 28.221136199999997], [85.3595692, 28.2211693], [85.3596832, 28.2212189], [85.3597932, 28.221269700000004], [85.3598776, 28.221317000000003], [85.3599742, 28.221357199999996], [85.3600587, 28.221418599999986], [85.3601338, 28.2214789], [85.3601915, 28.2215498], [85.36024510000001, 28.221592299999994], [85.3603135, 28.2216337], [85.3603913, 28.221667999999998], [85.3604677, 28.221733], [85.3605241, 28.221794400000004], [85.36057500000001, 28.221862899999998], [85.3606501, 28.221929099999997], [85.3607252, 28.2219847], [85.3607762, 28.222052], [85.3608285, 28.2221489], [85.3608915, 28.222283599999994], [85.3609639, 28.2223864], [85.3610095, 28.222489200000002], [85.3610417, 28.222577899999997], [85.3611061, 28.222652299999993], [85.3611651, 28.2227374], [85.3612107, 28.2228095], [85.3612536, 28.222908699999994], [85.3612925, 28.223012699999998], [85.3613408, 28.223119099999998], [85.3614119, 28.223254999999995], [85.3614843, 28.223415699999997], [85.3615446, 28.223597599999998], [85.3616251, 28.223797299999998], [85.3616787, 28.2239344], [85.3617123, 28.224066799999996], [85.3617243, 28.224197900000004], [85.3617163, 28.224307800000002], [85.36170020000002, 28.224456700000005], [85.3616948, 28.224590199999998], [85.3617029, 28.224696600000005], [85.361719, 28.224771], [85.36174040000002, 28.224877399999993], [85.3617552, 28.2250026], [85.3617565, 28.225146799999994], [85.3617431, 28.2252839], [85.3617378, 28.225370099999996], [85.3617512, 28.225517799999995], [85.361782, 28.225676199999995], [85.3618035, 28.225899900000005], [85.3618076, 28.226032], [85.3618134, 28.2261638], [85.3618157, 28.2263043], [85.3618155, 28.226675200000003], [85.3618174, 28.226848199999992], [85.3618125, 28.227096600000003], [85.3618096, 28.227237799999997], [85.3618085, 28.227292399999996], [85.3618039, 28.2275215], [85.3618016, 28.227662599999995], [85.3617836, 28.227853399999997], [85.361752, 28.227970700000004], [85.3617385, 28.228073999999996], [85.3617317, 28.228175299999993], [85.3617272, 28.228268699999994], [85.3617407, 28.228364100000004], [85.361752, 28.2284814], [85.3617588, 28.228592699999997], [85.361761, 28.228701899999994], [85.361752, 28.228799299999995], [85.3617137, 28.228926499999996], [85.36168210000001, 28.22901789999999], [85.36168210000001, 28.229111300000003], [85.3616956, 28.2292703], [85.3616956, 28.229429299999993], [85.3616866, 28.2295326], [85.3616505, 28.2296797], [85.3616054, 28.2298982], [85.3615874, 28.22999559999999], [85.3615558, 28.2301029], [85.3615174, 28.2301904], [85.3614881, 28.230279799999995], [85.3614565, 28.2304388], [85.3614385, 28.2305679], [85.36142050000001, 28.2306752], [85.3614114, 28.230784499999995], [85.3613934, 28.2308898], [85.3613821, 28.230987199999994], [85.3613708, 28.231060699999997], [85.3613483, 28.231183899999994], [85.3612987, 28.2313072], [85.36124450000001, 28.231402499999998], [85.361231, 28.231507899999997], [85.361249, 28.231664799999997], [85.36124, 28.231809899999995], [85.3612423, 28.231893399999997], [85.3612648, 28.2319351], [85.3613235, 28.231996699999996], [85.361346, 28.2320583], [85.3613776, 28.2321755], [85.361355, 28.232257], [85.3613415, 28.2323325], [85.361346, 28.232574999999997], [85.3613528, 28.2327141], [85.3613483, 28.23280939999999], [85.3613257, 28.232920699999998], [85.3613009, 28.233067799999997], [85.3612175, 28.2332108], [85.3610641, 28.233405600000005], [85.3609987, 28.233552599999996], [85.3609265, 28.2336718], [85.3608769, 28.2337513], [85.3607822, 28.2339083], [85.3607348, 28.233993799999997], [85.36071, 28.2340573], [85.3606942, 28.234152699999996], [85.3606784, 28.2342521], [85.36064010000001, 28.2343693], [85.3605859, 28.234456799999993], [85.3605318, 28.2345462], [85.3604371, 28.234633599999995], [85.3603423, 28.2347071], [85.3602634, 28.234766699999998], [85.360198, 28.2348959], [85.3601326, 28.2350131], [85.3601033, 28.235120399999996], [85.3600717, 28.235241699999996], [85.3600491, 28.235382699999995], [85.3599973, 28.235680799999997], [85.3599431, 28.235843699999997], [85.3598507, 28.236006699999997], [85.3597965, 28.236096099999997], [85.3597334, 28.2361835], [85.3596928, 28.236306700000004], [85.3596815, 28.236402099999996], [85.3596589, 28.236501499999992], [85.3596161, 28.236598799999992], [85.35958000000001, 28.236652500000005], [85.3595168, 28.236731999999996], [85.3594785, 28.236845199999998], [85.3594402, 28.236946600000003], [85.3594041, 28.23707569999999], [85.3593342, 28.23720889999999], [85.3592146, 28.237387699999996], [85.3591074, 28.237511099999995], [85.3590748, 28.237548600000004], [85.3589597, 28.237749300000008], [85.3589056, 28.237852699999994], [85.3588943, 28.2379937], [85.3588718, 28.2382441], [85.358856, 28.238470599999996], [85.358856, 28.2386733], [85.358856, 28.238804400000003], [85.3588483, 28.2389133], [85.3588289, 28.239080600000005], [85.3587951, 28.2392158], [85.35879280000002, 28.239330999999996], [85.3588086, 28.2394383], [85.3588131, 28.239521799999995], [85.3587925, 28.239684499999992]]}}, {"type": "Feature", "properties": {"fid": 519, "segment_id": 962, "length_m": 346.31721077539555, "length_km": 0.34631721077539557, "highway": "unclassified", "name": null, "name_en": null, "name_ne": null, "surface": null, "smoothness": null, "lanes": null, "oneway": null, "bridge": null, "layer": null, "source": null, "adm0_name": "Nepal", "adm1_name": "Bagmati", "adm2_name": "Rasuwa", "adm3_name": "Gosaikunda", "adm4_name": null, "source_feature_count": 2, "source_fids": "920", "source_ids": "way/784420806", "source_highways": "unclassified", "source_names": "", "source_adm1": "Bagmati", "source_adm2": "Rasuwa", "source_adm3": "Gosaikunda", "source_adm4": "", "attribute_confidence": "medium", "start_degree": 3, "end_degree": 3, "topology_role": "intersection_to_intersection", "dangle_flag": false, "short_dangle_flag": false, "component_id": 128, "component_length_km": 44.04966229965257, "component_segment_count": 97}, "geometry": {"type": "MultiLineString", "coordinates": [[[85.3552313, 28.209365499999997], [85.3552433, 28.209485899999994], [85.35526156658872, 28.209542339960127]], [[85.35521780648551, 28.21002181228703], [85.3551986, 28.210065099999998], [85.3551874, 28.2101281], [85.3551395, 28.210761199999997], [85.3551287, 28.210893599999995], [85.3550188, 28.211134699999995], [85.35500490000001, 28.211271799999995], [85.3550156, 28.2114022], [85.355039, 28.211563100000003], [85.3551143, 28.2117553], [85.3551433, 28.211875499999998], [85.3551358, 28.2119531], [85.35511500000001, 28.2120266], [85.3550623, 28.212107], [85.3550484, 28.2121729], [85.3550395, 28.212261299999998], [85.3549964, 28.212405599999997]]]}}, {"type": "Feature", "properties": {"fid": 520, "segment_id": 963, "length_m": 415.40104669040073, "length_km": 0.41540104669040073, "highway": "unclassified", "name": null, "name_en": null, "name_ne": null, "surface": null, "smoothness": null, "lanes": null, "oneway": null, "bridge": null, "layer": null, "source": null, "adm0_name": "Nepal", "adm1_name": "Bagmati", "adm2_name": "Rasuwa", "adm3_name": "Gosaikunda", "adm4_name": null, "source_feature_count": 1, "source_fids": "920", "source_ids": "way/784420806", "source_highways": "unclassified", "source_names": "", "source_adm1": "Bagmati", "source_adm2": "Rasuwa", "source_adm3": "Gosaikunda", "source_adm4": "", "attribute_confidence": "high", "start_degree": 1, "end_degree": 3, "topology_role": "dead_end_link", "dangle_flag": true, "short_dangle_flag": false, "component_id": 128, "component_length_km": 44.04966229965257, "component_segment_count": 97}, "geometry": {"type": "LineString", "coordinates": [[85.35529188403082, 28.209210153401777], [85.3552617, 28.209257199999996], [85.3552313, 28.209365499999997]]}}, {"type": "Feature", "properties": {"fid": 521, "segment_id": 964, "length_m": 1061.9094387552686, "length_km": 1.0619094387552686, "highway": "unclassified", "name": null, "name_en": null, "name_ne": null, "surface": null, "smoothness": null, "lanes": null, "oneway": null, "bridge": null, "layer": null, "source": null, "adm0_name": "Nepal", "adm1_name": "Bagmati", "adm2_name": "Rasuwa", "adm3_name": "Gosaikunda", "adm4_name": null, "source_feature_count": 1, "source_fids": "584", "source_ids": "way/1552575640", "source_highways": "unclassified", "source_names": "", "source_adm1": "Bagmati", "source_adm2": "Rasuwa", "source_adm3": "Gosaikunda", "source_adm4": "", "attribute_confidence": "high", "start_degree": 1, "end_degree": 3, "topology_role": "dead_end_link", "dangle_flag": true, "short_dangle_flag": false, "component_id": 128, "component_length_km": 44.04966229965257, "component_segment_count": 97}, "geometry": {"type": "MultiLineString", "coordinates": [[[85.35681408305703, 28.241098052389635], [85.3568199, 28.2410789], [85.35681806410086, 28.24106481826916]], [[85.35686199553585, 28.240750313925886], [85.3568897, 28.240702000000002], [85.3569189, 28.240652799999996], [85.3569607, 28.240554300000003], [85.3569929, 28.240452700000002], [85.35702380000001, 28.240379399999995], [85.3570466, 28.2403144], [85.3570533, 28.240268399999998], [85.3570466, 28.240178600000004], [85.3570385, 28.240135999999993], [85.3570452, 28.24008879999999], [85.357068, 28.240056900000003], [85.3571002, 28.240058099999995], [85.357127, 28.240075800000003], [85.3571619, 28.2401089], [85.357178, 28.2401337], [85.3571928, 28.240162], [85.3572008, 28.240195099999998], [85.3572062, 28.240253], [85.3572102, 28.240299099999998], [85.3572088, 28.24034629999999], [85.3571968, 28.2404787], [85.3571937, 28.2405118], [85.3571968, 28.240584999999996], [85.3571941, 28.240637], [85.3571941, 28.240688999999996], [85.3572075, 28.240739799999997], [85.3572263, 28.240795299999995], [85.3572424, 28.240852], [85.3572504, 28.2409004], [85.3572223, 28.2409914], [85.3572062, 28.2410859], [85.3571981, 28.241155599999995], [85.35717530000001, 28.2412112], [85.3571405, 28.2412821], [85.3571203, 28.241364799999996], [85.3571069, 28.241419100000005], [85.3571069, 28.2415325], [85.3571391, 28.241630599999993], [85.3571659, 28.2417251], [85.357186, 28.241800699999995], [85.3571995, 28.241882199999992], [85.3572088, 28.242014600000005], [85.3572236, 28.242110300000004], [85.357233, 28.242188200000005], [85.357241, 28.242270899999998], [85.35723160000002, 28.242351300000003], [85.3572276, 28.242429299999998], [85.3572236, 28.242503700000004], [85.35723160000002, 28.242558], [85.3572424, 28.242600599999996], [85.3572638, 28.242630099999992], [85.3573094, 28.242619499999993], [85.3573309, 28.2425769], [85.3573523, 28.2425061], [85.3573591, 28.242420999999997], [85.3573684, 28.2423454], [85.3573805, 28.242262700000005], [85.3573979, 28.242074799999997], [85.3574114, 28.2420051], [85.3574221, 28.2419307], [85.3574328, 28.241857399999997], [85.3574234, 28.2417736], [85.3574154, 28.2417027], [85.3574181, 28.241625899999995], [85.35743010000002, 28.241494699999997], [85.3574355, 28.241395499999996], [85.3574529, 28.241330499999997], [85.3574811, 28.241267900000004], [85.3575186, 28.241186399999997], [85.3575562, 28.241114299999992], [85.3576528, 28.2409642], [85.3576983, 28.24087799999999], [85.3577238, 28.240818899999997], [85.3577413, 28.240742099999995], [85.3577466, 28.2406724], [85.3577627, 28.240619299999995], [85.3577802, 28.240547199999998], [85.357819, 28.240450299999996], [85.3578419, 28.2403888], [85.3578553, 28.240280199999997], [85.3578646, 28.240209299999997], [85.3578754, 28.240150199999995], [85.3578794, 28.2400758]]]}}, {"type": "Feature", "properties": {"fid": 522, "segment_id": 966, "length_m": 198.39829138379602, "length_km": 0.19839829138379603, "highway": "path", "name": null, "name_en": null, "name_ne": null, "surface": null, "smoothness": null, "lanes": null, "oneway": null, "bridge": null, "layer": null, "source": null, "adm0_name": "Nepal", "adm1_name": "Bagmati", "adm2_name": "Rasuwa", "adm3_name": "Gosaikunda", "adm4_name": null, "source_feature_count": 1, "source_fids": "585", "source_ids": "way/1552575642", "source_highways": "path", "source_names": "", "source_adm1": "Bagmati", "source_adm2": "Rasuwa", "source_adm3": "Gosaikunda", "source_adm4": "", "attribute_confidence": "high", "start_degree": 3, "end_degree": 3, "topology_role": "intersection_to_intersection", "dangle_flag": false, "short_dangle_flag": false, "component_id": 128, "component_length_km": 44.04966229965257, "component_segment_count": 97}, "geometry": {"type": "LineString", "coordinates": [[85.35832364162306, 28.234093534229363], [85.3583325, 28.234098099999997], [85.3583515, 28.234118199999998], [85.3583856, 28.234129899999992], [85.3584274, 28.234123199999996], [85.3584786, 28.234104799999997], [85.358526, 28.234098099999997], [85.3585525, 28.2341215], [85.3585791, 28.2341249], [85.3586018, 28.234106500000003], [85.3586455, 28.234089799999996], [85.3586891, 28.2341032], [85.3587118, 28.23414330000001], [85.3587365, 28.2341817]]}}, {"type": "Feature", "properties": {"fid": 523, "segment_id": 968, "length_m": 626.1537369276219, "length_km": 0.6261537369276219, "highway": "unclassified", "name": null, "name_en": null, "name_ne": null, "surface": null, "smoothness": null, "lanes": null, "oneway": null, "bridge": null, "layer": null, "source": null, "adm0_name": "Nepal", "adm1_name": "Bagmati", "adm2_name": "Rasuwa", "adm3_name": "Gosaikunda", "adm4_name": null, "source_feature_count": 1, "source_fids": "1211", "source_ids": "way/1552575647", "source_highways": "unclassified", "source_names": "", "source_adm1": "Bagmati", "source_adm2": "Rasuwa", "source_adm3": "Gosaikunda", "source_adm4": "", "attribute_confidence": "high", "start_degree": 3, "end_degree": 3, "topology_role": "intersection_to_intersection", "dangle_flag": false, "short_dangle_flag": false, "component_id": 128, "component_length_km": 44.04966229965257, "component_segment_count": 97}, "geometry": {"type": "MultiLineString", "coordinates": [[[85.3587365, 28.2341817], [85.3587479, 28.2341533], [85.3587498, 28.234103199999996], [85.3587441, 28.2340564], [85.3587422, 28.234011300000002], [85.3587631, 28.233942699999993], [85.3588256, 28.233859200000005], [85.3588693, 28.233779], [85.3589129, 28.233700499999998], [85.3589451, 28.233621900000003], [85.3589888, 28.233533399999992], [85.3589831, 28.23345979999999], [85.3589793, 28.233391299999997], [85.3589944, 28.233312800000004], [85.35904, 28.233242599999997], [85.359076, 28.233159100000005], [85.3591063, 28.2330822], [85.3591632, 28.23300529999999], [85.3592201, 28.2329335], [85.3592657, 28.232881699999993], [85.3593017, 28.232828199999993], [85.3593036, 28.2327914], [85.3592922, 28.232761400000005], [85.3592543, 28.2327513], [85.3592012, 28.23278979999999], [85.359167, 28.232839900000005], [85.35915384463641, 28.23285519242396]], [[85.35899470881643, 28.233028486992115], [85.3589698, 28.233053800000004], [85.3589243, 28.233093899999997], [85.35889751291624, 28.23310643300659]]]}}, {"type": "Feature", "properties": {"fid": 524, "segment_id": 969, "length_m": 22.461712230422457, "length_km": 0.022461712230422457, "highway": "unclassified", "name": null, "name_en": null, "name_ne": null, "surface": null, "smoothness": null, "lanes": null, "oneway": null, "bridge": null, "layer": null, "source": null, "adm0_name": "Nepal", "adm1_name": "Bagmati", "adm2_name": "Rasuwa", "adm3_name": "Gosaikunda", "adm4_name": null, "source_feature_count": 1, "source_fids": "523", "source_ids": "way/886474958", "source_highways": "unclassified", "source_names": "", "source_adm1": "Bagmati", "source_adm2": "Rasuwa", "source_adm3": "Gosaikunda", "source_adm4": "", "attribute_confidence": "high", "start_degree": 3, "end_degree": 3, "topology_role": "intersection_to_intersection", "dangle_flag": false, "short_dangle_flag": false, "component_id": 128, "component_length_km": 44.04966229965257, "component_segment_count": 97}, "geometry": {"type": "LineString", "coordinates": [[85.3578794, 28.2400758], [85.3578767, 28.239951700000006], [85.357866, 28.2398737]]}}, {"type": "Feature", "properties": {"fid": 525, "segment_id": 970, "length_m": 371.02740229899786, "length_km": 0.37102740229899783, "highway": "unclassified", "name": null, "name_en": null, "name_ne": null, "surface": null, "smoothness": null, "lanes": null, "oneway": null, "bridge": null, "layer": null, "source": null, "adm0_name": "Nepal", "adm1_name": "Bagmati", "adm2_name": "Rasuwa", "adm3_name": "Gosaikunda", "adm4_name": null, "source_feature_count": 1, "source_fids": "523", "source_ids": "way/886474958", "source_highways": "unclassified", "source_names": "", "source_adm1": "Bagmati", "source_adm2": "Rasuwa", "source_adm3": "Gosaikunda", "source_adm4": "", "attribute_confidence": "high", "start_degree": 3, "end_degree": 3, "topology_role": "intersection_to_intersection", "dangle_flag": false, "short_dangle_flag": false, "component_id": 128, "component_length_km": 44.04966229965257, "component_segment_count": 97}, "geometry": {"type": "LineString", "coordinates": [[85.357866, 28.2398737], [85.357819, 28.239714199999998], [85.3578043, 28.239617399999997], [85.3577533, 28.2395099], [85.3576791, 28.23940229999999], [85.3576055, 28.239318999999995], [85.3575515, 28.239221299999997], [85.3575426, 28.239096999999994], [85.3575484, 28.2390622], [85.3575587, 28.239000299999994], [85.3575954, 28.238917299999994], [85.3576501, 28.238808899999995], [85.3577287, 28.238681999999994], [85.3578125, 28.238604100000003], [85.3578479, 28.238494400000004], [85.357836, 28.238401399999997], [85.3578206, 28.238305799999996], [85.3577962, 28.2381594], [85.3577951, 28.238074999999995], [85.357756, 28.237994], [85.357689, 28.237878199999997], [85.3576316, 28.237734199999995], [85.3576213, 28.237678799999998], [85.3576434, 28.2375332], [85.357659, 28.237342599999998], [85.3576648, 28.2372709], [85.3577198, 28.237166899999995], [85.3577869, 28.2370004], [85.3579487, 28.236758999999996]]}}, {"type": "Feature", "properties": {"fid": 526, "segment_id": 971, "length_m": 89.67272055396988, "length_km": 0.08967272055396988, "highway": "path", "name": null, "name_en": null, "name_ne": null, "surface": null, "smoothness": null, "lanes": null, "oneway": null, "bridge": "yes", "layer": "1", "source": null, "adm0_name": "Nepal", "adm1_name": "Bagmati", "adm2_name": "Rasuwa", "adm3_name": "Gosaikunda", "adm4_name": null, "source_feature_count": 1, "source_fids": "1341", "source_ids": "way/1033190356", "source_highways": "path", "source_names": "", "source_adm1": "Bagmati", "source_adm2": "Rasuwa", "source_adm3": "Gosaikunda", "source_adm4": "", "attribute_confidence": "high", "start_degree": 3, "end_degree": 3, "topology_role": "intersection_to_intersection", "dangle_flag": false, "short_dangle_flag": false, "component_id": 128, "component_length_km": 44.04966229965257, "component_segment_count": 97}, "geometry": {"type": "LineString", "coordinates": [[85.357866, 28.2398737], [85.3581165, 28.2398432], [85.3585747, 28.239853399999994], [85.3586584, 28.239854799999996], [85.3587765, 28.239842999999997]]}}, {"type": "Feature", "properties": {"fid": 527, "segment_id": 972, "length_m": 66.90966770089315, "length_km": 0.06690966770089316, "highway": "unclassified", "name": null, "name_en": null, "name_ne": null, "surface": null, "smoothness": null, "lanes": null, "oneway": "no", "bridge": null, "layer": null, "source": null, "adm0_name": "Nepal", "adm1_name": "Bagmati", "adm2_name": "Rasuwa", "adm3_name": "Gosaikunda", "adm4_name": null, "source_feature_count": 1, "source_fids": "871", "source_ids": "way/853616355", "source_highways": "unclassified", "source_names": "", "source_adm1": "Bagmati", "source_adm2": "Rasuwa", "source_adm3": "Gosaikunda", "source_adm4": "", "attribute_confidence": "high", "start_degree": 3, "end_degree": 3, "topology_role": "intersection_to_intersection", "dangle_flag": false, "short_dangle_flag": false, "component_id": 128, "component_length_km": 44.04966229965257, "component_segment_count": 97}, "geometry": {"type": "LineString", "coordinates": [[85.3579342, 28.2406648], [85.3579627, 28.2404994], [85.3579589, 28.2403774], [85.3579384, 28.2401939], [85.3579134, 28.240125100000007], [85.3578794, 28.2400758]]}}, {"type": "Feature", "properties": {"fid": 528, "segment_id": 973, "length_m": 314.63031969874146, "length_km": 0.31463031969874145, "highway": "unclassified", "name": null, "name_en": null, "name_ne": null, "surface": null, "smoothness": null, "lanes": null, "oneway": null, "bridge": null, "layer": null, "source": null, "adm0_name": "Nepal", "adm1_name": "Bagmati", "adm2_name": "Rasuwa", "adm3_name": "Gosaikunda", "adm4_name": null, "source_feature_count": 1, "source_fids": "1211", "source_ids": "way/1552575647", "source_highways": "unclassified", "source_names": "", "source_adm1": "Bagmati", "source_adm2": "Rasuwa", "source_adm3": "Gosaikunda", "source_adm4": "", "attribute_confidence": "high", "start_degree": 3, "end_degree": 3, "topology_role": "intersection_to_intersection", "dangle_flag": false, "short_dangle_flag": false, "component_id": 128, "component_length_km": 44.04966229965257, "component_segment_count": 97}, "geometry": {"type": "LineString", "coordinates": [[85.3579487, 28.236758999999996], [85.3578658, 28.236769099999997], [85.3578394, 28.236741600000002], [85.3578337, 28.236711499999984], [85.3578546, 28.236669699999997], [85.3578849, 28.2366229], [85.3579191, 28.236566100000005], [85.3579437, 28.2364809], [85.3579627, 28.2363873], [85.357976, 28.2363188], [85.3579854, 28.236248599999996], [85.3580044, 28.236129999999992], [85.3580367, 28.235997999999995], [85.3580651, 28.235864299999992], [85.3581106, 28.23573899999999], [85.358141, 28.235672200000003], [85.3581637, 28.235586999999995], [85.35820730000002, 28.235439899999992], [85.3582168, 28.235346299999993], [85.3582168, 28.235264499999996], [85.3582377, 28.235187599999996], [85.3582794, 28.2350807], [85.3583192, 28.234990399999997], [85.3583401, 28.234913599999995], [85.3583629, 28.2347882], [85.3583667, 28.23469799999999], [85.3584179, 28.234612799999994], [85.3584672, 28.2345376], [85.3584975, 28.234459099999995], [85.3585317, 28.234408899999995], [85.3585867, 28.234345399999995], [85.3586644, 28.234260200000005], [85.3587137, 28.2342101], [85.3587365, 28.2341817]]}}, {"type": "Feature", "properties": {"fid": 529, "segment_id": 974, "length_m": 236.6804585925436, "length_km": 0.2366804585925436, "highway": "unclassified", "name": null, "name_en": null, "name_ne": null, "surface": null, "smoothness": null, "lanes": null, "oneway": null, "bridge": null, "layer": null, "source": null, "adm0_name": "Nepal", "adm1_name": "Bagmati", "adm2_name": "Rasuwa", "adm3_name": "Gosaikunda", "adm4_name": null, "source_feature_count": 1, "source_fids": "523", "source_ids": "way/886474958", "source_highways": "unclassified", "source_names": "", "source_adm1": "Bagmati", "source_adm2": "Rasuwa", "source_adm3": "Gosaikunda", "source_adm4": "", "attribute_confidence": "high", "start_degree": 3, "end_degree": 1, "topology_role": "dead_end_link", "dangle_flag": true, "short_dangle_flag": false, "component_id": 128, "component_length_km": 44.04966229965257, "component_segment_count": 97}, "geometry": {"type": "LineString", "coordinates": [[85.3579487, 28.236758999999996], [85.3580175, 28.236696699999996], [85.3580981, 28.236668499999997], [85.3582145, 28.2365842], [85.3582815, 28.2364845], [85.3583533, 28.2363538], [85.3583884, 28.2362667], [85.3584909, 28.2361272], [85.3585622, 28.235981400000004], [85.3586101, 28.235846599999995], [85.3586132, 28.2357046], [85.35866260000002, 28.2355743], [85.3586867, 28.2354136], [85.3587568, 28.235294399999997], [85.3588238, 28.235073800000002], [85.3588658, 28.234863199999996]]}}, {"type": "Feature", "properties": {"fid": 530, "segment_id": 975, "length_m": 110.08887806344622, "length_km": 0.11008887806344622, "highway": "unclassified", "name": null, "name_en": null, "name_ne": null, "surface": null, "smoothness": null, "lanes": null, "oneway": "no", "bridge": null, "layer": null, "source": null, "adm0_name": "Nepal", "adm1_name": "Bagmati", "adm2_name": "Rasuwa", "adm3_name": "Gosaikunda", "adm4_name": null, "source_feature_count": 1, "source_fids": "524", "source_ids": "way/1422414757", "source_highways": "unclassified", "source_names": "", "source_adm1": "Bagmati", "source_adm2": "Rasuwa", "source_adm3": "Gosaikunda", "source_adm4": "", "attribute_confidence": "high", "start_degree": 3, "end_degree": 3, "topology_role": "intersection_to_intersection", "dangle_flag": false, "short_dangle_flag": false, "component_id": 128, "component_length_km": 44.04966229965257, "component_segment_count": 97}, "geometry": {"type": "LineString", "coordinates": [[85.3579342, 28.2406648], [85.3580951, 28.240702999999993], [85.3582316, 28.240741599999996], [85.3583204, 28.240766799999996], [85.3584088, 28.240795799999997], [85.3584277, 28.240844699999997], [85.3584368, 28.2409169], [85.3584109, 28.240994899999997], [85.3583805, 28.241110799999998], [85.358355, 28.241178799999993], [85.3583621, 28.241243499999996], [85.3583971, 28.241329799999992]]}}, {"type": "Feature", "properties": {"fid": 531, "segment_id": 976, "length_m": 1980.5730979038583, "length_km": 1.9805730979038583, "highway": "unclassified", "name": null, "name_en": null, "name_ne": null, "surface": null, "smoothness": null, "lanes": null, "oneway": "no", "bridge": null, "layer": null, "source": null, "adm0_name": "Nepal", "adm1_name": "Bagmati", "adm2_name": "Rasuwa", "adm3_name": "Gosaikunda", "adm4_name": null, "source_feature_count": 1, "source_fids": "871", "source_ids": "way/853616355", "source_highways": "unclassified", "source_names": "", "source_adm1": "Bagmati", "source_adm2": "Rasuwa", "source_adm3": "Gosaikunda", "source_adm4": "", "attribute_confidence": "high", "start_degree": 3, "end_degree": 3, "topology_role": "intersection_to_intersection", "dangle_flag": false, "short_dangle_flag": false, "component_id": 128, "component_length_km": 44.04966229965257, "component_segment_count": 97}, "geometry": {"type": "LineString", "coordinates": [[85.3579342, 28.2406648], [85.35790350000002, 28.240787], [85.3578811, 28.2409221], [85.3578242, 28.2410725], [85.3577996, 28.241196099999993], [85.3577541, 28.241334799999997], [85.3577541, 28.2414534], [85.3577541, 28.241552], [85.357756, 28.2416573], [85.3577237, 28.2417592], [85.3576972, 28.241887799999997], [85.3577123, 28.2420265], [85.3577389, 28.242250399999996], [85.3577722, 28.242390599999997], [85.3577992, 28.242541899999992], [85.3578304, 28.242651599999995], [85.3578735, 28.242768399999996], [85.357938, 28.242952199999998], [85.3579798, 28.243032399999993], [85.358012, 28.243100899999995], [85.3580632, 28.243160999999994], [85.3581182, 28.243227799999996], [85.3582198, 28.2433268], [85.3583792, 28.243503599999997], [85.3584938, 28.2436198], [85.3586162, 28.243797599999997], [85.3587753, 28.2439694], [85.3589442, 28.244134299999995], [85.3590286, 28.2441936], [85.3592239, 28.244350599999997], [85.3593695, 28.244482900000005], [85.3594907, 28.2445429], [85.3596639, 28.244704799999997], [85.35979100000002, 28.244796699999995], [85.3598669, 28.2448418], [85.3599465, 28.244871900000003], [85.360121, 28.244933699999997], [85.3603088, 28.245005599999995], [85.3605364, 28.245114199999993], [85.3607033, 28.245186000000004], [85.3608607, 28.245254499999998], [85.3609442, 28.245279600000003], [85.3610276, 28.245318], [85.3611414, 28.245381499999993], [85.361278, 28.245483399999998], [85.361377, 28.245571899999998], [85.3614847, 28.245673899999996], [85.3615871, 28.245774099999995], [85.3616725, 28.245867699999998], [85.3618299, 28.2459897], [85.3619, 28.246031400000003], [85.3620214, 28.2461818], [85.3621864, 28.246375599999993], [85.3622749, 28.246436699999997], [85.3623534, 28.2464715], [85.3624414, 28.2465116], [85.3625089, 28.246556000000005], [85.3626094, 28.2466413], [85.3626739, 28.246711399999995], [85.3627592, 28.246783299999993], [85.3628825, 28.2468701], [85.3629811, 28.2469654], [85.3630614, 28.247088799999997], [85.3631518, 28.2472411], [85.3631982, 28.247327399999993], [85.3632258, 28.24736469999999], [85.3632428, 28.2474549], [85.3632751, 28.247561799999996], [85.363313, 28.24764699999999], [85.3633566, 28.247673799999994], [85.3634154, 28.247698799999995], [85.3634799, 28.247720599999997], [85.3635235, 28.247773999999996], [85.3635463, 28.2478124], [85.3635691, 28.247869300000005], [85.3635842, 28.2479728], [85.3635766, 28.248069699999984], [85.3635691, 28.248220100000005], [85.3636146, 28.2483621], [85.3636677, 28.248453999999995], [85.3637189, 28.2485509], [85.363772, 28.2486796], [85.3638346, 28.248784800000003], [85.3638592, 28.248846600000004], [85.3639086, 28.2489151], [85.3639579, 28.2489669], [85.364047, 28.249025399999997], [85.36414750000002, 28.249082199999997], [85.3642405, 28.249132300000003], [85.3643144, 28.249209199999996], [85.36442440000002, 28.249344499999996], [85.3644699, 28.249473199999997], [85.3644681, 28.249539999999996], [85.3644718, 28.249628499999993], [85.3644813, 28.249710400000005], [85.3645079, 28.249804], [85.3645458, 28.249864099999996], [85.3645894, 28.249932600000005], [85.3646103, 28.2499794], [85.364616, 28.250039499999996], [85.3646103, 28.250116399999996], [85.3645913, 28.250248399999993], [85.3645762, 28.250325199999992], [85.3645572, 28.250422099999994], [85.3645401, 28.250519], [85.3645268, 28.250604200000005], [85.3645306, 28.2506878], [85.3645193, 28.250772999999995], [85.3645041, 28.250839799999998], [85.3644813, 28.2509033], [85.364451, 28.250981799999998], [85.36442440000002, 28.251058600000004], [85.3643866, 28.251167899999995], [85.3643712, 28.2513561], [85.3643518, 28.2514862], [85.3643322, 28.251572699999993], [85.3642943, 28.2516783], [85.3642421, 28.251802299999994], [85.3642275, 28.251932899999996], [85.3643247, 28.2520836], [85.36436370000001, 28.252178099999995], [85.3642711, 28.252575099999998], [85.3643194, 28.2527948], [85.3644562, 28.253165700000004], [85.3645286, 28.2536028], [85.3646252, 28.253747], [85.3646922, 28.254151000000007], [85.3647995, 28.254606999999996], [85.3649309, 28.2549354], [85.3650624, 28.255287399999997], [85.3651133, 28.255710299999997]]}}, {"type": "Feature", "properties": {"fid": 532, "segment_id": 977, "length_m": 41.99964180561828, "length_km": 0.041999641805618285, "highway": "unclassified", "name": null, "name_en": null, "name_ne": null, "surface": null, "smoothness": null, "lanes": null, "oneway": "no", "bridge": null, "layer": null, "source": null, "adm0_name": "Nepal", "adm1_name": "Bagmati", "adm2_name": "Rasuwa", "adm3_name": "Gosaikunda", "adm4_name": null, "source_feature_count": 1, "source_fids": "524", "source_ids": "way/1422414757", "source_highways": "unclassified", "source_names": "", "source_adm1": "Bagmati", "source_adm2": "Rasuwa", "source_adm3": "Gosaikunda", "source_adm4": "", "attribute_confidence": "high", "start_degree": 3, "end_degree": 3, "topology_role": "intersection_to_intersection", "dangle_flag": false, "short_dangle_flag": false, "component_id": 128, "component_length_km": 44.04966229965257, "component_segment_count": 97}, "geometry": {"type": "LineString", "coordinates": [[85.3583971, 28.241329799999992], [85.3584788, 28.241330899999998], [85.3586868, 28.241351099999996], [85.35882210000001, 28.241331899999995]]}}, {"type": "Feature", "properties": {"fid": 533, "segment_id": 978, "length_m": 110.55520944490098, "length_km": 0.11055520944490098, "highway": "service", "name": null, "name_en": null, "name_ne": null, "surface": null, "smoothness": null, "lanes": null, "oneway": null, "bridge": null, "layer": null, "source": null, "adm0_name": "Nepal", "adm1_name": "Bagmati", "adm2_name": "Rasuwa", "adm3_name": "Gosaikunda", "adm4_name": null, "source_feature_count": 1, "source_fids": "1246", "source_ids": "way/1552968809", "source_highways": "service", "source_names": "", "source_adm1": "Bagmati", "source_adm2": "Rasuwa", "source_adm3": "Gosaikunda", "source_adm4": "", "attribute_confidence": "high", "start_degree": 3, "end_degree": 1, "topology_role": "dead_end_link", "dangle_flag": true, "short_dangle_flag": false, "component_id": 128, "component_length_km": 44.04966229965257, "component_segment_count": 97}, "geometry": {"type": "LineString", "coordinates": [[85.3583971, 28.241329799999992], [85.3583968, 28.241501300000003], [85.3583935, 28.241740400000005], [85.3584064, 28.241952899999998], [85.3584407, 28.242185199999998], [85.3584482, 28.242325000000005]]}}, {"type": "Feature", "properties": {"fid": 534, "segment_id": 979, "length_m": 165.15168927489864, "length_km": 0.16515168927489865, "highway": "primary", "name": "पासांग लाहामु", "name_en": "Pasang Laahamu", "name_ne": "पासांग लाहामु", "surface": "compacted", "smoothness": null, "lanes": null, "oneway": "no", "bridge": null, "layer": null, "source": null, "adm0_name": "Nepal", "adm1_name": "Bagmati", "adm2_name": "Rasuwa", "adm3_name": "Gosaikunda", "adm4_name": null, "source_feature_count": 1, "source_fids": "1065", "source_ids": "way/248705796", "source_highways": "primary", "source_names": "पासांग लाहामु", "source_adm1": "Bagmati", "source_adm2": "Rasuwa", "source_adm3": "Gosaikunda", "source_adm4": "", "attribute_confidence": "high", "start_degree": 3, "end_degree": 3, "topology_role": "intersection_to_intersection", "dangle_flag": false, "short_dangle_flag": false, "component_id": 128, "component_length_km": 44.04966229965257, "component_segment_count": 97}, "geometry": {"type": "LineString", "coordinates": [[85.3587765, 28.239842999999997], [85.35877710000001, 28.2399927], [85.3587883, 28.240248999999995], [85.3587883, 28.240521199999996], [85.3587922, 28.240567799999997], [85.3588064, 28.240735799999996], [85.3588056, 28.240928099999998], [85.3588017, 28.241063899999993], [85.35882210000001, 28.241331899999995]]}}, {"type": "Feature", "properties": {"fid": 535, "segment_id": 980, "length_m": 17.634136424456152, "length_km": 0.017634136424456152, "highway": "primary", "name": "पासांग लाहामु", "name_en": "Pasang Laahamu", "name_ne": "पासांग लाहामु", "surface": "compacted", "smoothness": null, "lanes": null, "oneway": "no", "bridge": null, "layer": null, "source": null, "adm0_name": "Nepal", "adm1_name": "Bagmati", "adm2_name": "Rasuwa", "adm3_name": "Gosaikunda", "adm4_name": null, "source_feature_count": 1, "source_fids": "1065", "source_ids": "way/248705796", "source_highways": "primary", "source_names": "पासांग लाहामु", "source_adm1": "Bagmati", "source_adm2": "Rasuwa", "source_adm3": "Gosaikunda", "source_adm4": "", "attribute_confidence": "high", "start_degree": 3, "end_degree": 3, "topology_role": "intersection_to_intersection", "dangle_flag": false, "short_dangle_flag": false, "component_id": 128, "component_length_km": 44.04966229965257, "component_segment_count": 97}, "geometry": {"type": "LineString", "coordinates": [[85.3587925, 28.239684499999992], [85.3587765, 28.239842999999997]]}}, {"type": "Feature", "properties": {"fid": 536, "segment_id": 981, "length_m": 360.311693262679, "length_km": 0.360311693262679, "highway": "unclassified", "name": null, "name_en": null, "name_ne": null, "surface": null, "smoothness": null, "lanes": null, "oneway": null, "bridge": null, "layer": null, "source": null, "adm0_name": "Nepal", "adm1_name": "Bagmati", "adm2_name": "Rasuwa", "adm3_name": "Gosaikunda", "adm4_name": null, "source_feature_count": 1, "source_fids": "552", "source_ids": "way/1552920305", "source_highways": "unclassified", "source_names": "", "source_adm1": "Bagmati", "source_adm2": "Rasuwa", "source_adm3": "Gosaikunda", "source_adm4": "", "attribute_confidence": "high", "start_degree": 3, "end_degree": 1, "topology_role": "dead_end_link", "dangle_flag": true, "short_dangle_flag": false, "component_id": 128, "component_length_km": 44.04966229965257, "component_segment_count": 97}, "geometry": {"type": "LineString", "coordinates": [[85.3587925, 28.239684499999992], [85.358727, 28.239527599999995], [85.3585982, 28.239293600000003], [85.3585634, 28.2391684], [85.3585607, 28.239002999999997], [85.358558, 28.238764299999996], [85.3585124, 28.238520899999997], [85.3584507, 28.238289399999996], [85.3583449, 28.238044999999996], [85.3583381, 28.238029400000002], [85.3582576, 28.237887699999995], [85.3582147, 28.237788399999996], [85.3582147, 28.2376561], [85.358263, 28.2375214], [85.3583622, 28.237322899999995], [85.3584695, 28.237226000000007], [85.3586299, 28.237078999999994], [85.3587224, 28.2370233], [85.3588023, 28.236975300000005], [85.3589154, 28.2368863], [85.3589462, 28.236776199999998]]}}, {"type": "Feature", "properties": {"fid": 537, "segment_id": 982, "length_m": 1237.7242503945747, "length_km": 1.2377242503945747, "highway": "primary", "name": "पासांग लाहामु", "name_en": "Pasang Laahamu", "name_ne": "पासांग लाहामु", "surface": "compacted", "smoothness": null, "lanes": null, "oneway": "no", "bridge": null, "layer": null, "source": null, "adm0_name": "Nepal", "adm1_name": "Bagmati", "adm2_name": "Rasuwa", "adm3_name": "Gosaikunda", "adm4_name": null, "source_feature_count": 1, "source_fids": "1065", "source_ids": "way/248705796", "source_highways": "primary", "source_names": "पासांग लाहामु", "source_adm1": "Bagmati", "source_adm2": "Rasuwa", "source_adm3": "Gosaikunda", "source_adm4": "", "attribute_confidence": "high", "start_degree": 3, "end_degree": 3, "topology_role": "intersection_to_intersection", "dangle_flag": false, "short_dangle_flag": false, "component_id": 128, "component_length_km": 44.04966229965257, "component_segment_count": 97}, "geometry": {"type": "LineString", "coordinates": [[85.35882210000001, 28.241331899999995], [85.3588263, 28.241413199999997], [85.3588515, 28.241614100000003], [85.3588799, 28.241863499999997], [85.3588876, 28.242033299999996], [85.3589101, 28.242339300000005], [85.3589327, 28.242492299999995], [85.358971, 28.2426612], [85.3589958, 28.2427844], [85.3590229, 28.242915500000002], [85.3590635, 28.243026800000003], [85.3590914, 28.243161399999998], [85.3591681, 28.243294599999995], [85.3592416, 28.24338759999999], [85.3593037, 28.243480399999996], [85.3594372, 28.2435985], [85.3595314, 28.2436873], [85.3597008, 28.2439219], [85.3598925, 28.24412149999999], [85.3600009, 28.2441827], [85.360083, 28.244225499999995], [85.3602155, 28.244295499999996], [85.360273, 28.244343700000005], [85.3604397, 28.244452100000004], [85.360631, 28.2445005], [85.3607934, 28.244536899999996], [85.3609197, 28.2445806], [85.3610844, 28.244659999999996], [85.361196, 28.244713000000004], [85.3613257, 28.244805099999997], [85.3614272, 28.244896499999996], [85.3615377, 28.2449899], [85.3616843, 28.2450773], [85.3619527, 28.245246200000004], [85.3621422, 28.245365399999997], [85.36230460000002, 28.245490599999993], [85.3624219, 28.2455879], [85.3625527, 28.245685300000005], [85.3628076, 28.245850200000003], [85.3630241, 28.245977399999997], [85.3631865, 28.246080699999997], [85.3633308, 28.246183999999996], [85.3634707, 28.2463032], [85.3636308, 28.246472099999995], [85.3637616, 28.246611199999997], [85.3638158, 28.246722400000007], [85.3638879, 28.246873399999995], [85.36393530000001, 28.2469609], [85.3639677, 28.247067800000004], [85.3640218, 28.247231300000003], [85.364144, 28.247487599999992], [85.364215, 28.2476722], [85.3642914, 28.247881199999995], [85.3643714, 28.248063399999996], [85.3644373, 28.248216599999992], [85.3645169, 28.248376799999996], [85.3646029, 28.2484848], [85.3646761, 28.248562899999996], [85.3647405, 28.248630499999997], [85.36484, 28.248729599999997], [85.3650811, 28.248945699999997], [85.3652497, 28.249121900000002], [85.365543, 28.249358799999996], [85.3656192, 28.2494287], [85.3657115, 28.249558299999997], [85.3658079, 28.249745499999992], [85.3658765, 28.24988]]}}, {"type": "Feature", "properties": {"fid": 538, "segment_id": 983, "length_m": 85.45238056695815, "length_km": 0.08545238056695816, "highway": "unclassified", "name": null, "name_en": null, "name_ne": null, "surface": null, "smoothness": null, "lanes": null, "oneway": "no", "bridge": "yes", "layer": "1", "source": null, "adm0_name": "Nepal", "adm1_name": "Bagmati", "adm2_name": "Rasuwa", "adm3_name": "Gosaikunda", "adm4_name": null, "source_feature_count": 1, "source_fids": "1225", "source_ids": "way/1422422619", "source_highways": "unclassified", "source_names": "", "source_adm1": "Bagmati", "source_adm2": "Rasuwa", "source_adm3": "Gosaikunda", "source_adm4": "", "attribute_confidence": "high", "start_degree": 3, "end_degree": 3, "topology_role": "intersection_to_intersection", "dangle_flag": false, "short_dangle_flag": false, "component_id": 128, "component_length_km": 44.04966229965257, "component_segment_count": 97}, "geometry": {"type": "LineString", "coordinates": [[85.3651133, 28.255710299999997], [85.3651819, 28.2557625], [85.3656041, 28.255692999999997], [85.3656197, 28.255694200000004], [85.3656539, 28.2556995], [85.3656944, 28.2557385], [85.3657223, 28.2557742], [85.3658104, 28.2557128], [85.365873, 28.2556692]]}}, {"type": "Feature", "properties": {"fid": 539, "segment_id": 984, "length_m": 1259.2153177521247, "length_km": 1.2592153177521248, "highway": "unclassified", "name": null, "name_en": null, "name_ne": null, "surface": null, "smoothness": null, "lanes": null, "oneway": "no", "bridge": null, "layer": null, "source": null, "adm0_name": "Nepal", "adm1_name": "Bagmati", "adm2_name": "Rasuwa", "adm3_name": "Gosaikunda", "adm4_name": null, "source_feature_count": 1, "source_fids": "878", "source_ids": "way/937405879", "source_highways": "unclassified", "source_names": "", "source_adm1": "Bagmati", "source_adm2": "Rasuwa", "source_adm3": "Gosaikunda", "source_adm4": "", "attribute_confidence": "high", "start_degree": 3, "end_degree": 1, "topology_role": "dead_end_link", "dangle_flag": true, "short_dangle_flag": false, "component_id": 128, "component_length_km": 44.04966229965257, "component_segment_count": 97}, "geometry": {"type": "MultiLineString", "coordinates": [[[85.3651133, 28.255710299999997], [85.3650624, 28.2557599], [85.3649658, 28.25563], [85.3648451, 28.255336999999994], [85.3648075, 28.2551267], [85.3647083, 28.254951900000002], [85.3646654, 28.2547818], [85.3645527, 28.2546164], [85.3644106, 28.2545006], [85.3641611, 28.254184000000002], [85.3641217, 28.2540728], [85.364092, 28.254042999999992], [85.3640328, 28.2540507], [85.3640163, 28.254106099999994], [85.3640914, 28.2544156], [85.3641987, 28.254691999999995], [85.3642899, 28.254899899999998], [85.3642671, 28.2551634], [85.3642965, 28.25538439999999], [85.3642926, 28.2556371], [85.3642067, 28.255915799999997], [85.3642094, 28.256161599999995], [85.3641799, 28.256489999999992], [85.3642336, 28.256787599999996], [85.3642042, 28.257108899999995], [85.36423, 28.257286299999997], [85.3643585, 28.2573872], [85.3647477, 28.257479999999994], [85.3648525, 28.257508], [85.3649014, 28.2578437], [85.36466190052566, 28.25785703708546]], [[85.36469387611548, 28.2579355918605], [85.3647405, 28.2579335], [85.3651141, 28.257966300000003], [85.3653789, 28.258108299999996], [85.3655183, 28.2583068], [85.3657222, 28.2585336], [85.3658616, 28.2586659], [85.3664732, 28.2588738], [85.3664989, 28.2588901], [85.3666449, 28.258982499999995], [85.3668809, 28.259124199999995], [85.3671867, 28.259232899999997], [85.3674978, 28.2593983], [85.367689, 28.259470900000004], [85.3677714, 28.2595022], [85.3681844, 28.2596345], [85.36828620000001, 28.25967739999999], [85.3684312, 28.259738499999997], [85.3687018, 28.259800799999997], [85.3689382, 28.259828599999995]]]}}, {"type": "Feature", "properties": {"fid": 540, "segment_id": 985, "length_m": 189.28439513535378, "length_km": 0.18928439513535378, "highway": "primary", "name": "पासांग लाहामु", "name_en": "Pasang Laahamu", "name_ne": "पासांग लाहामु", "surface": "compacted", "smoothness": null, "lanes": null, "oneway": "no", "bridge": null, "layer": null, "source": null, "adm0_name": "Nepal", "adm1_name": "Bagmati", "adm2_name": "Rasuwa", "adm3_name": "Gosaikunda", "adm4_name": null, "source_feature_count": 1, "source_fids": "1065", "source_ids": "way/248705796", "source_highways": "primary", "source_names": "पासांग लाहामु", "source_adm1": "Bagmati", "source_adm2": "Rasuwa", "source_adm3": "Gosaikunda", "source_adm4": "", "attribute_confidence": "high", "start_degree": 3, "end_degree": 3, "topology_role": "intersection_to_intersection", "dangle_flag": false, "short_dangle_flag": false, "component_id": 128, "component_length_km": 44.04966229965257, "component_segment_count": 97}, "geometry": {"type": "LineString", "coordinates": [[85.3658765, 28.24988], [85.3660258, 28.250085699999996], [85.3660832, 28.25027619999999], [85.3661341, 28.250459499999995], [85.3662137, 28.2506907], [85.3662539, 28.250837199999996], [85.3662674, 28.250882899999997], [85.3662297, 28.250981900000003], [85.3662075, 28.251101499999997], [85.3661567, 28.2512545], [85.36607560000002, 28.251496899999996]]}}, {"type": "Feature", "properties": {"fid": 541, "segment_id": 986, "length_m": 660.6495438836181, "length_km": 0.6606495438836181, "highway": "service", "name": null, "name_en": null, "name_ne": null, "surface": null, "smoothness": null, "lanes": null, "oneway": "no", "bridge": null, "layer": null, "source": null, "adm0_name": "Nepal", "adm1_name": "Bagmati", "adm2_name": "Rasuwa", "adm3_name": "Gosaikunda", "adm4_name": null, "source_feature_count": 1, "source_fids": "56", "source_ids": "way/1390896616", "source_highways": "service", "source_names": "", "source_adm1": "Bagmati", "source_adm2": "Rasuwa", "source_adm3": "Gosaikunda", "source_adm4": "", "attribute_confidence": "high", "start_degree": 3, "end_degree": 3, "topology_role": "intersection_to_intersection", "dangle_flag": false, "short_dangle_flag": false, "component_id": 128, "component_length_km": 44.04966229965257, "component_segment_count": 97}, "geometry": {"type": "LineString", "coordinates": [[85.365873, 28.2556692], [85.3657968, 28.255597899999994], [85.3657197, 28.25544769999999], [85.3656891, 28.25527629999999], [85.3656402, 28.2551668], [85.3655036, 28.254582099999997], [85.3655264, 28.254268], [85.3654733, 28.253646499999995], [85.3653974, 28.2530551], [85.3653936, 28.252607399999995], [85.3654122, 28.2523829], [85.3654659, 28.252129899999996], [85.3656238, 28.251725], [85.3657041, 28.251519], [85.3659213, 28.251113800000002], [85.3659609, 28.250932799999998], [85.3659653, 28.250895699999997], [85.3659749, 28.250815599999996], [85.3659983, 28.2504063], [85.3659539, 28.250083299999996], [85.3658765, 28.24988]]}}, {"type": "Feature", "properties": {"fid": 542, "segment_id": 987, "length_m": 575.9888963852984, "length_km": 0.5759888963852984, "highway": "service", "name": null, "name_en": null, "name_ne": null, "surface": null, "smoothness": null, "lanes": null, "oneway": null, "bridge": null, "layer": null, "source": null, "adm0_name": "Nepal", "adm1_name": "Bagmati", "adm2_name": "Rasuwa", "adm3_name": "Gosaikunda", "adm4_name": null, "source_feature_count": 2, "source_fids": "1003;1400", "source_ids": "way/1552956976;way/1552956977", "source_highways": "service", "source_names": "", "source_adm1": "Bagmati", "source_adm2": "Rasuwa", "source_adm3": "Gosaikunda", "source_adm4": "", "attribute_confidence": "medium", "start_degree": 3, "end_degree": 3, "topology_role": "intersection_to_intersection", "dangle_flag": false, "short_dangle_flag": false, "component_id": 128, "component_length_km": 44.04966229965257, "component_segment_count": 97}, "geometry": {"type": "LineString", "coordinates": [[85.3695942, 28.259113899999992], [85.3694247, 28.2590852], [85.3690247, 28.258883599999997], [85.3686295, 28.2587074], [85.3681608, 28.258500499999997], [85.3679333, 28.258398599999992], [85.3673005, 28.258288799999995], [85.3670695, 28.257992399999996], [85.3665705, 28.2573523], [85.3664911, 28.257224699999995], [85.3662897, 28.256896899999994], [85.36614150000001, 28.256719799999996], [85.3659842, 28.2564672], [85.3658447, 28.2561007], [85.3658773, 28.255786499999996], [85.365873, 28.2556692]]}}, {"type": "Feature", "properties": {"fid": 543, "segment_id": 988, "length_m": 274.6123526354288, "length_km": 0.2746123526354288, "highway": "path", "name": null, "name_en": null, "name_ne": null, "surface": "asphalt", "smoothness": null, "lanes": null, "oneway": null, "bridge": null, "layer": null, "source": null, "adm0_name": "Nepal", "adm1_name": "Bagmati", "adm2_name": "Rasuwa", "adm3_name": "Gosaikunda", "adm4_name": null, "source_feature_count": 1, "source_fids": "580", "source_ids": "way/248708067", "source_highways": "path", "source_names": "", "source_adm1": "Bagmati", "source_adm2": "Rasuwa", "source_adm3": "Gosaikunda", "source_adm4": "", "attribute_confidence": "high", "start_degree": 3, "end_degree": 3, "topology_role": "intersection_to_intersection", "dangle_flag": false, "short_dangle_flag": false, "component_id": 128, "component_length_km": 44.04966229965257, "component_segment_count": 97}, "geometry": {"type": "LineString", "coordinates": [[85.3665571, 28.2536913], [85.366485, 28.253665599999998], [85.3664761, 28.2534529], [85.3664148, 28.253196199999994], [85.3664296, 28.253105499999993], [85.3663927, 28.252979099999997], [85.3662909, 28.252772499999995], [85.3662521, 28.252529700000004], [85.366234, 28.252427699999995], [85.3661756, 28.252339], [85.3660722, 28.252326999999998], [85.3660368, 28.2523193], [85.3660406, 28.252268], [85.366112, 28.252100000000002], [85.3661326, 28.252006800000004], [85.3661522, 28.251887699999997], [85.3661798, 28.251802100000003], [85.3661919, 28.251749999999998], [85.3661864, 28.251665600000003], [85.366199, 28.2516326], [85.3662014, 28.251563999999995], [85.3661816, 28.251537000000003], [85.36607560000002, 28.251496899999996]]}}, {"type": "Feature", "properties": {"fid": 544, "segment_id": 989, "length_m": 399.54258413690354, "length_km": 0.3995425841369035, "highway": "primary", "name": "पासांग लाहामु", "name_en": "Pasang Laahamu", "name_ne": "पासांग लाहामु", "surface": "compacted", "smoothness": null, "lanes": null, "oneway": "no", "bridge": null, "layer": null, "source": null, "adm0_name": "Nepal", "adm1_name": "Bagmati", "adm2_name": "Rasuwa", "adm3_name": "Gosaikunda", "adm4_name": null, "source_feature_count": 2, "source_fids": "1065", "source_ids": "way/248705796", "source_highways": "primary", "source_names": "पासांग लाहामु", "source_adm1": "Bagmati", "source_adm2": "Rasuwa", "source_adm3": "Gosaikunda", "source_adm4": "", "attribute_confidence": "medium", "start_degree": 3, "end_degree": 3, "topology_role": "intersection_to_intersection", "dangle_flag": false, "short_dangle_flag": false, "component_id": 128, "component_length_km": 44.04966229965257, "component_segment_count": 97}, "geometry": {"type": "LineString", "coordinates": [[85.36607560000002, 28.251496899999996], [85.36600810000002, 28.251697500000002], [85.3658975, 28.251955700000003], [85.3658457, 28.252130600000005], [85.3658073, 28.252279600000005], [85.3658002, 28.2524436], [85.3657856, 28.252715499999997], [85.36579590000001, 28.252871599999995], [85.3657929, 28.253083299999997], [85.3658326, 28.2532089], [85.3658402, 28.2532794], [85.3658785, 28.253404399999994], [85.3659121, 28.2535609], [85.3659576, 28.253708499999995], [85.366021, 28.2538386], [85.3660304, 28.253857899999996], [85.3660783, 28.253956900000002], [85.3661456, 28.254077399999996], [85.3662538, 28.2542633], [85.3662826, 28.2543781], [85.3663596, 28.254512199999997], [85.3665223, 28.2549458]]}}, {"type": "Feature", "properties": {"fid": 545, "segment_id": 990, "length_m": 115.78796264663436, "length_km": 0.11578796264663435, "highway": "primary", "name": "पासांग लाहामु", "name_en": "Pasang Laahamu", "name_ne": "पासांग लाहामु", "surface": "compacted", "smoothness": null, "lanes": null, "oneway": "no", "bridge": null, "layer": null, "source": null, "adm0_name": "Nepal", "adm1_name": "Bagmati", "adm2_name": "Rasuwa", "adm3_name": "Gosaikunda", "adm4_name": null, "source_feature_count": 2, "source_fids": "1065", "source_ids": "way/248705796", "source_highways": "primary", "source_names": "पासांग लाहामु", "source_adm1": "Bagmati", "source_adm2": "Rasuwa", "source_adm3": "Gosaikunda", "source_adm4": "", "attribute_confidence": "high", "start_degree": 3, "end_degree": 3, "topology_role": "intersection_to_intersection", "dangle_flag": false, "short_dangle_flag": false, "component_id": 128, "component_length_km": 44.04966229965257, "component_segment_count": 97}, "geometry": {"type": "LineString", "coordinates": [[85.3665223, 28.2549458], [85.3665375, 28.254986199999998], [85.3666448, 28.2552034], [85.3667592, 28.2554448], [85.3667879, 28.255610100000002], [85.3667973, 28.255779399999994], [85.3668501, 28.2559394]]}}, {"type": "Feature", "properties": {"fid": 546, "segment_id": 991, "length_m": 177.65010624983245, "length_km": 0.17765010624983243, "highway": "service", "name": null, "name_en": null, "name_ne": null, "surface": null, "smoothness": null, "lanes": null, "oneway": null, "bridge": null, "layer": null, "source": null, "adm0_name": "Nepal", "adm1_name": "Bagmati", "adm2_name": "Rasuwa", "adm3_name": "Gosaikunda", "adm4_name": null, "source_feature_count": 1, "source_fids": "1091", "source_ids": "way/1552956980", "source_highways": "service", "source_names": "", "source_adm1": "Bagmati", "source_adm2": "Rasuwa", "source_adm3": "Gosaikunda", "source_adm4": "", "attribute_confidence": "high", "start_degree": 1, "end_degree": 3, "topology_role": "dead_end_link", "dangle_flag": true, "short_dangle_flag": false, "component_id": 128, "component_length_km": 44.04966229965257, "component_segment_count": 97}, "geometry": {"type": "LineString", "coordinates": [[85.366775, 28.256327899999995], [85.3666757, 28.2561961], [85.3665634, 28.2561073], [85.3664052, 28.256036200000004], [85.3663022, 28.255844500000002], [85.3663242, 28.2556412], [85.3664189, 28.255441699999995], [85.3664684, 28.255388700000005], [85.366449, 28.255307800000004], [85.36646660000001, 28.2551093], [85.3665223, 28.2549458]]}}, {"type": "Feature", "properties": {"fid": 547, "segment_id": 992, "length_m": 261.3151197235901, "length_km": 0.2613151197235901, "highway": "path", "name": null, "name_en": null, "name_ne": null, "surface": "asphalt", "smoothness": null, "lanes": null, "oneway": null, "bridge": null, "layer": null, "source": null, "adm0_name": "Nepal", "adm1_name": "Bagmati", "adm2_name": "Rasuwa", "adm3_name": "Gosaikunda", "adm4_name": null, "source_feature_count": 2, "source_fids": "580;590", "source_ids": "way/248708067;way/340615897", "source_highways": "path", "source_names": "", "source_adm1": "Bagmati", "source_adm2": "Rasuwa", "source_adm3": "Gosaikunda", "source_adm4": "", "attribute_confidence": "medium", "start_degree": 3, "end_degree": 3, "topology_role": "intersection_to_intersection", "dangle_flag": false, "short_dangle_flag": false, "component_id": 128, "component_length_km": 44.04966229965257, "component_segment_count": 97}, "geometry": {"type": "LineString", "coordinates": [[85.3665571, 28.2536913], [85.3666186, 28.2538021], [85.3666474, 28.253891199999998], [85.3666535, 28.253964899999996], [85.3666384, 28.254052], [85.366649, 28.254117099999995], [85.3666442, 28.254173299999998], [85.3666805, 28.254215499999997], [85.36670450000001, 28.2542909], [85.3667883, 28.2543447], [85.3667858, 28.254486], [85.36683230000001, 28.254795799999997], [85.3668778, 28.254902099999992], [85.3669279, 28.255107499999994], [85.3669333, 28.255246899999996], [85.3669132, 28.255368499999996], [85.3669131, 28.2555055], [85.3669064, 28.255652099999995], [85.3669146, 28.2557832], [85.36691990000001, 28.255841100000005], [85.3669118, 28.255885299999992], [85.3668501, 28.2559394]]}}, {"type": "Feature", "properties": {"fid": 548, "segment_id": 993, "length_m": 599.3231542242072, "length_km": 0.5993231542242072, "highway": "path", "name": null, "name_en": null, "name_ne": null, "surface": null, "smoothness": null, "lanes": null, "oneway": null, "bridge": null, "layer": null, "source": null, "adm0_name": "Nepal", "adm1_name": "Bagmati", "adm2_name": "Rasuwa", "adm3_name": "Gosaikunda", "adm4_name": null, "source_feature_count": 1, "source_fids": "59", "source_ids": "way/1552575623", "source_highways": "path", "source_names": "", "source_adm1": "Bagmati", "source_adm2": "Rasuwa", "source_adm3": "Gosaikunda", "source_adm4": "", "attribute_confidence": "high", "start_degree": 1, "end_degree": 3, "topology_role": "dead_end_link", "dangle_flag": true, "short_dangle_flag": false, "component_id": 128, "component_length_km": 44.04966229965257, "component_segment_count": 97}, "geometry": {"type": "LineString", "coordinates": [[85.3671872303273, 28.252296015538423], [85.3669844, 28.2524895], [85.3668686, 28.252763499999997], [85.3668796, 28.253082999999997], [85.366846, 28.253168099999993], [85.366765, 28.25324609999999], [85.3666221, 28.253262599999992], [85.3666006, 28.253413799999993], [85.36657, 28.25362369999999], [85.3665571, 28.2536913]]}}, {"type": "Feature", "properties": {"fid": 549, "segment_id": 994, "length_m": 4.570697256572536, "length_km": 0.004570697256572536, "highway": "primary", "name": "पासांग लाहामु", "name_en": "Pasang Laahamu", "name_ne": "पासांग लाहामु", "surface": "compacted", "smoothness": null, "lanes": null, "oneway": "no", "bridge": null, "layer": null, "source": null, "adm0_name": "Nepal", "adm1_name": "Bagmati", "adm2_name": "Rasuwa", "adm3_name": "Gosaikunda", "adm4_name": null, "source_feature_count": 1, "source_fids": "1065", "source_ids": "way/248705796", "source_highways": "primary", "source_names": "पासांग लाहामु", "source_adm1": "Bagmati", "source_adm2": "Rasuwa", "source_adm3": "Gosaikunda", "source_adm4": "", "attribute_confidence": "high", "start_degree": 3, "end_degree": 3, "topology_role": "intersection_to_intersection", "dangle_flag": false, "short_dangle_flag": false, "component_id": 128, "component_length_km": 44.04966229965257, "component_segment_count": 97}, "geometry": {"type": "LineString", "coordinates": [[85.3668501, 28.2559394], [85.366883, 28.255968600000003]]}}, {"type": "Feature", "properties": {"fid": 550, "segment_id": 995, "length_m": 433.81937349309743, "length_km": 0.4338193734930974, "highway": "unclassified", "name": null, "name_en": null, "name_ne": null, "surface": null, "smoothness": null, "lanes": null, "oneway": null, "bridge": null, "layer": null, "source": null, "adm0_name": "Nepal", "adm1_name": "Bagmati", "adm2_name": "Rasuwa", "adm3_name": "Gosaikunda", "adm4_name": null, "source_feature_count": 4, "source_fids": "508", "source_ids": "way/1413242733", "source_highways": "unclassified", "source_names": "", "source_adm1": "Bagmati", "source_adm2": "Rasuwa", "source_adm3": "Gosaikunda", "source_adm4": "", "attribute_confidence": "medium", "start_degree": 1, "end_degree": 3, "topology_role": "dead_end_link", "dangle_flag": true, "short_dangle_flag": false, "component_id": 128, "component_length_km": 44.04966229965257, "component_segment_count": 97}, "geometry": {"type": "LineString", "coordinates": [[85.36720306491647, 28.25645133791278], [85.3670768, 28.256252199999995], [85.3670166, 28.256131], [85.367001, 28.25609959999999], [85.366883, 28.255968600000003]]}}, {"type": "Feature", "properties": {"fid": 551, "segment_id": 996, "length_m": 459.9260274921642, "length_km": 0.4599260274921642, "highway": "primary", "name": "पासांग लाहामु", "name_en": "Pasang Laahamu", "name_ne": "पासांग लाहामु", "surface": "compacted", "smoothness": null, "lanes": null, "oneway": "no", "bridge": null, "layer": null, "source": null, "adm0_name": "Nepal", "adm1_name": "Bagmati", "adm2_name": "Rasuwa", "adm3_name": "Gosaikunda", "adm4_name": null, "source_feature_count": 2, "source_fids": "1065", "source_ids": "way/248705796", "source_highways": "primary", "source_names": "पासांग लाहामु", "source_adm1": "Bagmati", "source_adm2": "Rasuwa", "source_adm3": "Gosaikunda", "source_adm4": "", "attribute_confidence": "medium", "start_degree": 3, "end_degree": 3, "topology_role": "intersection_to_intersection", "dangle_flag": false, "short_dangle_flag": false, "component_id": 128, "component_length_km": 44.04966229965257, "component_segment_count": 97}, "geometry": {"type": "LineString", "coordinates": [[85.366883, 28.255968600000003], [85.3669933, 28.25631899999999], [85.3670894, 28.256563800000002], [85.3671426, 28.256729899999993], [85.3672441, 28.257045700000003], [85.3673004, 28.2572047], [85.3673658, 28.257296099999998], [85.3674358, 28.257337799999995], [85.3675102, 28.2574073], [85.3675733, 28.257480799999996], [85.3676117, 28.257562299999996], [85.36769510000002, 28.257687399999995], [85.3677718, 28.257788799999993], [85.367835, 28.257888099999995], [85.36785300000001, 28.257959600000003], [85.36787110000002, 28.2580152], [85.3679117, 28.258066899999992], [85.3680109, 28.258154299999994], [85.3682004, 28.2582795], [85.3684079, 28.2583967], [85.3686492, 28.2585377], [85.36891310000001, 28.2586828], [85.369177, 28.258827799999995], [85.3693755, 28.258954899999992], [85.3695153, 28.259046299999998], [85.3695942, 28.259113899999992]]}}, {"type": "Feature", "properties": {"fid": 552, "segment_id": 997, "length_m": 627.5167444905376, "length_km": 0.6275167444905376, "highway": "primary", "name": "पासांग लाहामु", "name_en": "Pasang Laahamu", "name_ne": "पासांग लाहामु", "surface": "compacted", "smoothness": null, "lanes": null, "oneway": "no", "bridge": null, "layer": null, "source": null, "adm0_name": "Nepal", "adm1_name": "Bagmati", "adm2_name": "Rasuwa", "adm3_name": "Gosaikunda", "adm4_name": null, "source_feature_count": 1, "source_fids": "1065", "source_ids": "way/248705796", "source_highways": "primary", "source_names": "पासांग लाहामु", "source_adm1": "Bagmati", "source_adm2": "Rasuwa", "source_adm3": "Gosaikunda", "source_adm4": "", "attribute_confidence": "high", "start_degree": 3, "end_degree": 5, "topology_role": "intersection_to_intersection", "dangle_flag": false, "short_dangle_flag": false, "component_id": 128, "component_length_km": 44.04966229965257, "component_segment_count": 97}, "geometry": {"type": "LineString", "coordinates": [[85.3695942, 28.259113899999992], [85.3696822, 28.259197299999993], [85.3697792, 28.259282699999996], [85.3698694, 28.2593423], [85.3699529, 28.259390000000003], [85.3700656, 28.259441700000004], [85.3702072, 28.2594912], [85.3703047, 28.259531100000004], [85.3703937, 28.2595958], [85.3705625, 28.259736499999995], [85.3706859, 28.259870799999998], [85.37074680000002, 28.25996019999999], [85.3707896, 28.260041599999994], [85.3708438, 28.260140899999996], [85.3708641, 28.260254200000002], [85.3709137, 28.2603237], [85.3709768, 28.260385299999996], [85.3710625, 28.2604489], [85.3711618, 28.260506500000005], [85.3712295, 28.2605581], [85.3713061, 28.2606297], [85.37135800000001, 28.2606972], [85.3714031, 28.2607548], [85.3715046, 28.260826299999994], [85.3715768, 28.260876], [85.3716828, 28.26095549999999], [85.3717595, 28.2610329], [85.3718677, 28.261166], [85.371985, 28.2612654], [85.3721294, 28.2613508], [85.3722647, 28.2614263], [85.3724136, 28.261495800000002], [85.3725647, 28.2615673], [85.3727541, 28.2616408], [85.3729323, 28.2617322], [85.3730834, 28.261847399999994], [85.3731624, 28.261942799999996], [85.3732233, 28.262018299999994], [85.3732842, 28.2621117], [85.3733203, 28.262209], [85.3733789, 28.2623421], [85.373433, 28.2624553], [85.3735025, 28.262608], [85.37365180000002, 28.2631725]]}}, {"type": "Feature", "properties": {"fid": 553, "segment_id": 998, "length_m": 270.85523841283515, "length_km": 0.27085523841283515, "highway": "residential", "name": null, "name_en": null, "name_ne": null, "surface": null, "smoothness": null, "lanes": null, "oneway": null, "bridge": null, "layer": null, "source": null, "adm0_name": "Nepal", "adm1_name": "Bagmati", "adm2_name": "Rasuwa", "adm3_name": "Gosaikunda", "adm4_name": null, "source_feature_count": 2, "source_fids": "103", "source_ids": "way/1553115861", "source_highways": "residential", "source_names": "", "source_adm1": "Bagmati", "source_adm2": "Rasuwa", "source_adm3": "Gosaikunda", "source_adm4": "", "attribute_confidence": "medium", "start_degree": 5, "end_degree": 3, "topology_role": "intersection_to_intersection", "dangle_flag": false, "short_dangle_flag": false, "component_id": 128, "component_length_km": 44.04966229965257, "component_segment_count": 97}, "geometry": {"type": "LineString", "coordinates": [[85.37365180000002, 28.2631725], [85.3740624, 28.263284699999996], [85.3741917, 28.263526999999996], [85.3742482, 28.263617899999993], [85.3744419, 28.2638642], [85.3746033, 28.264000599999996], [85.3746724, 28.264091899999993], [85.374707, 28.2641671], [85.3747943, 28.264323599999997], [85.3748261, 28.26438329999999], [85.3748984, 28.2645295], [85.3750109, 28.264607099999996], [85.3750676, 28.264680599999995], [85.3750573, 28.264746999999996], [85.3751451, 28.2648029], [85.3752944, 28.264897599999998], [85.3753562, 28.2649277]]}}, {"type": "Feature", "properties": {"fid": 554, "segment_id": 999, "length_m": 461.4776274835335, "length_km": 0.46147762748353355, "highway": "primary", "name": "पासांग लाहामु", "name_en": "Pasang Laahamu", "name_ne": "पासांग लाहामु", "surface": "compacted", "smoothness": null, "lanes": null, "oneway": "no", "bridge": null, "layer": null, "source": null, "adm0_name": "Nepal", "adm1_name": "Bagmati", "adm2_name": "Rasuwa", "adm3_name": "Gosaikunda", "adm4_name": null, "source_feature_count": 3, "source_fids": "1065", "source_ids": "way/248705796", "source_highways": "primary", "source_names": "पासांग लाहामु", "source_adm1": "Bagmati", "source_adm2": "Rasuwa", "source_adm3": "Gosaikunda", "source_adm4": "", "attribute_confidence": "medium", "start_degree": 5, "end_degree": 3, "topology_role": "intersection_to_intersection", "dangle_flag": false, "short_dangle_flag": false, "component_id": 128, "component_length_km": 44.04966229965257, "component_segment_count": 97}, "geometry": {"type": "LineString", "coordinates": [[85.37365180000002, 28.2631725], [85.37365860000001, 28.263297600000005], [85.3736513, 28.2634504], [85.37365860000001, 28.2635102], [85.3736541, 28.2636294], [85.3736496, 28.26372479999999], [85.3736428, 28.263818100000005], [85.3736383, 28.263935299999996], [85.3736447, 28.2639841], [85.3736541, 28.264056499999995], [85.3736721, 28.2641419], [85.3737059, 28.264215399999998], [85.3737511, 28.264281], [85.37380970000001, 28.2643446], [85.3738751, 28.264408099999997], [85.3739405, 28.264463799999998], [85.3739992, 28.2645114], [85.3740755, 28.264565399999995], [85.3741255, 28.2646008], [85.374245, 28.264664399999997], [85.3743736, 28.26473989999999], [85.3745314, 28.264843199999998], [85.3746848, 28.264942499999997], [85.3748675, 28.2650498], [85.3750231, 28.2651312], [85.3751697, 28.265224599999993], [85.3752983, 28.265323899999995], [85.3754629, 28.2654729], [85.3755568, 28.265549700000005], [85.3755893, 28.2655762], [85.3757336, 28.265715300000004], [85.375853, 28.265815], [85.3762769, 28.2662977]]}}, {"type": "Feature", "properties": {"fid": 555, "segment_id": 1000, "length_m": 46.92764276778807, "length_km": 0.046927642767788075, "highway": "primary", "name": "पासांग लाहामु", "name_en": "Pasang Laahamu", "name_ne": "पासांग लाहामु", "surface": "compacted", "smoothness": null, "lanes": null, "oneway": "no", "bridge": null, "layer": null, "source": null, "adm0_name": "Nepal", "adm1_name": "Bagmati", "adm2_name": "Rasuwa", "adm3_name": "Gosaikunda", "adm4_name": null, "source_feature_count": 1, "source_fids": "1065", "source_ids": "way/248705796", "source_highways": "primary", "source_names": "पासांग लाहामु", "source_adm1": "Bagmati", "source_adm2": "Rasuwa", "source_adm3": "Gosaikunda", "source_adm4": "", "attribute_confidence": "high", "start_degree": 5, "end_degree": 5, "topology_role": "intersection_to_intersection", "dangle_flag": false, "short_dangle_flag": false, "component_id": 128, "component_length_km": 44.04966229965257, "component_segment_count": 97}, "geometry": {"type": "LineString", "coordinates": [[85.37365180000002, 28.2631725], [85.37361120000001, 28.2629639], [85.3736396, 28.263088299999993], [85.37365180000002, 28.2631725]]}}, {"type": "Feature", "properties": {"fid": 556, "segment_id": 1001, "length_m": 74.85998422790902, "length_km": 0.07485998422790903, "highway": "residential", "name": null, "name_en": null, "name_ne": null, "surface": null, "smoothness": null, "lanes": null, "oneway": null, "bridge": null, "layer": null, "source": null, "adm0_name": "Nepal", "adm1_name": "Bagmati", "adm2_name": "Rasuwa", "adm3_name": "Gosaikunda", "adm4_name": null, "source_feature_count": 1, "source_fids": "1244", "source_ids": "way/1552958963", "source_highways": "residential", "source_names": "", "source_adm1": "Bagmati", "source_adm2": "Rasuwa", "source_adm3": "Gosaikunda", "source_adm4": "", "attribute_confidence": "high", "start_degree": 1, "end_degree": 4, "topology_role": "dead_end_link", "dangle_flag": true, "short_dangle_flag": false, "component_id": 128, "component_length_km": 44.04966229965257, "component_segment_count": 97}, "geometry": {"type": "LineString", "coordinates": [[85.3753508, 28.265228899999997], [85.3754426, 28.265221999999998], [85.3755087, 28.265223299999995], [85.3756333, 28.2652258], [85.3757655, 28.265213799999998], [85.3758037, 28.2651769], [85.37581900000002, 28.265142499999996], [85.3759018, 28.265090300000004], [85.3759692, 28.2650684], [85.3760389, 28.26504269999999]]}}, {"type": "Feature", "properties": {"fid": 557, "segment_id": 1002, "length_m": 74.33735899887878, "length_km": 0.07433735899887878, "highway": "path", "name": null, "name_en": null, "name_ne": null, "surface": null, "smoothness": null, "lanes": null, "oneway": null, "bridge": null, "layer": null, "source": null, "adm0_name": "Nepal", "adm1_name": "Bagmati", "adm2_name": "Rasuwa", "adm3_name": "Gosaikunda", "adm4_name": null, "source_feature_count": 1, "source_fids": "507", "source_ids": "way/1552958966", "source_highways": "path", "source_names": "", "source_adm1": "Bagmati", "source_adm2": "Rasuwa", "source_adm3": "Gosaikunda", "source_adm4": "", "attribute_confidence": "high", "start_degree": 3, "end_degree": 1, "topology_role": "dead_end_link", "dangle_flag": true, "short_dangle_flag": false, "component_id": 128, "component_length_km": 44.04966229965257, "component_segment_count": 97}, "geometry": {"type": "LineString", "coordinates": [[85.3753562, 28.2649277], [85.375523, 28.2648499], [85.3755813, 28.264821599999998], [85.3756171, 28.2646889], [85.3756154, 28.26461099999999], [85.3755293, 28.264538899999998], [85.3754723, 28.264423700000002]]}}, {"type": "Feature", "properties": {"fid": 558, "segment_id": 1003, "length_m": 72.00252471658882, "length_km": 0.07200252471658883, "highway": "residential", "name": null, "name_en": null, "name_ne": null, "surface": null, "smoothness": null, "lanes": null, "oneway": null, "bridge": null, "layer": null, "source": null, "adm0_name": "Nepal", "adm1_name": "Bagmati", "adm2_name": "Rasuwa", "adm3_name": "Gosaikunda", "adm4_name": null, "source_feature_count": 1, "source_fids": "103", "source_ids": "way/1553115861", "source_highways": "residential", "source_names": "", "source_adm1": "Bagmati", "source_adm2": "Rasuwa", "source_adm3": "Gosaikunda", "source_adm4": "", "attribute_confidence": "high", "start_degree": 3, "end_degree": 4, "topology_role": "intersection_to_intersection", "dangle_flag": false, "short_dangle_flag": false, "component_id": 128, "component_length_km": 44.04966229965257, "component_segment_count": 97}, "geometry": {"type": "LineString", "coordinates": [[85.3753562, 28.2649277], [85.3755854, 28.2649164], [85.3757525, 28.2648972], [85.3757634, 28.2649028], [85.3758309, 28.264937799999995], [85.3759061, 28.264951699999994], [85.3759671, 28.264988400000004], [85.3760389, 28.26504269999999]]}}, {"type": "Feature", "properties": {"fid": 559, "segment_id": 1004, "length_m": 522.9887541086871, "length_km": 0.5229887541086871, "highway": "primary", "name": "Pasang Lhamu Highway", "name_en": "Pasang Lhamu Highway", "name_ne": null, "surface": null, "smoothness": null, "lanes": null, "oneway": "no", "bridge": null, "layer": null, "source": null, "adm0_name": "Nepal", "adm1_name": "Bagmati", "adm2_name": "Rasuwa", "adm3_name": "Gosaikunda", "adm4_name": null, "source_feature_count": 1, "source_fids": "1277", "source_ids": "way/1553115859", "source_highways": "primary", "source_names": "Pasang Lhamu Highway", "source_adm1": "Bagmati", "source_adm2": "Rasuwa", "source_adm3": "Gosaikunda", "source_adm4": "", "attribute_confidence": "high", "start_degree": 3, "end_degree": 1, "topology_role": "dead_end_link", "dangle_flag": true, "short_dangle_flag": false, "component_id": 128, "component_length_km": 44.04966229965257, "component_segment_count": 97}, "geometry": {"type": "LineString", "coordinates": [[85.37814974199938, 28.27984320911087], [85.37796155906422, 28.28004393757504], [85.37776083060004, 28.280018846517013], [85.37755382937137, 28.280119210749103], [85.37751619278434, 28.28035757580031], [85.37739701025873, 28.280784123786674], [85.37719000903006, 28.281160489656983], [85.37686382527578, 28.28146158235325], [85.37638709517338, 28.28199476733621], [85.37615500288669, 28.28247149743861], [85.3759291833645, 28.282684771431807], [85.37566572725527, 28.282860408837948], [85.37542736220406, 28.283186592592216], [85.37510745121429, 28.283443775936952]]}}, {"type": "Feature", "properties": {"fid": 560, "segment_id": 1005, "length_m": 212.34787829132492, "length_km": 0.21234787829132493, "highway": "residential", "name": null, "name_en": null, "name_ne": null, "surface": null, "smoothness": null, "lanes": null, "oneway": null, "bridge": null, "layer": null, "source": null, "adm0_name": "Nepal", "adm1_name": "Bagmati", "adm2_name": "Rasuwa", "adm3_name": "Gosaikunda", "adm4_name": null, "source_feature_count": 1, "source_fids": "520", "source_ids": "way/340605200", "source_highways": "residential", "source_names": "", "source_adm1": "Bagmati", "source_adm2": "Rasuwa", "source_adm3": "Gosaikunda", "source_adm4": "", "attribute_confidence": "high", "start_degree": 3, "end_degree": 4, "topology_role": "intersection_to_intersection", "dangle_flag": false, "short_dangle_flag": false, "component_id": 128, "component_length_km": 44.04966229965257, "component_segment_count": 97}, "geometry": {"type": "LineString", "coordinates": [[85.3762769, 28.2662977], [85.3764442, 28.266149899999995], [85.3765688, 28.2660434], [85.3767312, 28.265972199999997], [85.3768163, 28.265903800000004], [85.3767829, 28.265788499999996], [85.376759, 28.2657062], [85.3766951, 28.2654855], [85.376652, 28.2654339], [85.3766209, 28.265396799999998], [85.3765446, 28.2653661], [85.3764051, 28.265374199999997], [85.3762745, 28.2654022], [85.376238, 28.2653898], [85.3761809, 28.265298800000004], [85.3760979, 28.265189699999997], [85.3760923, 28.265182400000004], [85.376085, 28.265104599999994], [85.37605530000002, 28.265055099999998], [85.3760389, 28.26504269999999]]}}, {"type": "Feature", "properties": {"fid": 561, "segment_id": 1006, "length_m": 69.1369400159609, "length_km": 0.06913694001596091, "highway": "residential", "name": null, "name_en": null, "name_ne": null, "surface": null, "smoothness": null, "lanes": null, "oneway": null, "bridge": null, "layer": null, "source": null, "adm0_name": "Nepal", "adm1_name": "Bagmati", "adm2_name": "Rasuwa", "adm3_name": "Gosaikunda", "adm4_name": null, "source_feature_count": 1, "source_fids": "1244", "source_ids": "way/1552958963", "source_highways": "residential", "source_names": "", "source_adm1": "Bagmati", "source_adm2": "Rasuwa", "source_adm3": "Gosaikunda", "source_adm4": "", "attribute_confidence": "high", "start_degree": 4, "end_degree": 1, "topology_role": "dead_end_link", "dangle_flag": true, "short_dangle_flag": false, "component_id": 128, "component_length_km": 44.04966229965257, "component_segment_count": 97}, "geometry": {"type": "LineString", "coordinates": [[85.3760389, 28.26504269999999], [85.3761092, 28.2650049], [85.3762504, 28.264994699999995], [85.3763254, 28.264994099999996], [85.3764223, 28.2649454], [85.376503, 28.26491739999999], [85.3765046, 28.264941999999998], [85.376479, 28.264986400000005], [85.3764447, 28.265045499999996], [85.3764821, 28.265072799999995]]}}, {"type": "Feature", "properties": {"fid": 562, "segment_id": 1007, "length_m": 344.3357987114257, "length_km": 0.3443357987114257, "highway": "primary", "name": "Pasang Lhamu Highway", "name_en": "Pasang Lhamu Highway", "name_ne": null, "surface": null, "smoothness": null, "lanes": null, "oneway": "no", "bridge": null, "layer": null, "source": null, "adm0_name": "Nepal", "adm1_name": "Bagmati", "adm2_name": "Rasuwa", "adm3_name": "Gosaikunda", "adm4_name": null, "source_feature_count": 1, "source_fids": "1277", "source_ids": "way/1553115859", "source_highways": "primary", "source_names": "Pasang Lhamu Highway", "source_adm1": "Bagmati", "source_adm2": "Rasuwa", "source_adm3": "Gosaikunda", "source_adm4": "", "attribute_confidence": "high", "start_degree": 3, "end_degree": 3, "topology_role": "intersection_to_intersection", "dangle_flag": false, "short_dangle_flag": false, "component_id": 128, "component_length_km": 44.04966229965257, "component_segment_count": 97}, "geometry": {"type": "LineString", "coordinates": [[85.3762769, 28.2662977], [85.37630120000001, 28.266350299999996], [85.3764013, 28.2664861], [85.3766377, 28.2670268], [85.3767471, 28.2672753], [85.3769941, 28.267714199999993], [85.3770034, 28.2680448], [85.3770019, 28.268299099999986], [85.3770697, 28.2685424], [85.3771219, 28.268670700000005], [85.3772558, 28.2688913], [85.3773917, 28.2690855], [85.3774804, 28.269148400000002]]}}, {"type": "Feature", "properties": {"fid": 563, "segment_id": 1008, "length_m": 223.21102338909648, "length_km": 0.22321102338909649, "highway": "service", "name": null, "name_en": null, "name_ne": null, "surface": null, "smoothness": null, "lanes": null, "oneway": null, "bridge": null, "layer": null, "source": null, "adm0_name": "Nepal", "adm1_name": "Bagmati", "adm2_name": "Rasuwa", "adm3_name": "Gosaikunda", "adm4_name": null, "source_feature_count": 1, "source_fids": "89", "source_ids": "way/1552948004", "source_highways": "service", "source_names": "", "source_adm1": "Bagmati", "source_adm2": "Rasuwa", "source_adm3": "Gosaikunda", "source_adm4": "", "attribute_confidence": "high", "start_degree": 1, "end_degree": 3, "topology_role": "dead_end_link", "dangle_flag": true, "short_dangle_flag": false, "component_id": 128, "component_length_km": 44.04966229965257, "component_segment_count": 97}, "geometry": {"type": "LineString", "coordinates": [[85.3767697, 28.269598499999994], [85.3768633, 28.269683], [85.3769093, 28.2698068], [85.3770269, 28.269996899999995], [85.3770711, 28.270096999999993], [85.377073, 28.270237599999998], [85.3769938, 28.270266200000002], [85.3769366, 28.270318500000002], [85.3768133, 28.270372199999997], [85.3768946, 28.2704368], [85.3771192, 28.270404299999992], [85.3772121, 28.270437199999996], [85.3772474, 28.27053589999999], [85.3771886, 28.270690999999996], [85.3771759, 28.270823099999998], [85.3771565, 28.2709023], [85.3772223, 28.271054600000003]]}}, {"type": "Feature", "properties": {"fid": 564, "segment_id": 1009, "length_m": 327.3984747794689, "length_km": 0.32739847477946893, "highway": "service", "name": null, "name_en": null, "name_ne": null, "surface": null, "smoothness": null, "lanes": null, "oneway": null, "bridge": null, "layer": null, "source": null, "adm0_name": "Nepal", "adm1_name": "Bagmati", "adm2_name": "Rasuwa", "adm3_name": "Gosaikunda", "adm4_name": null, "source_feature_count": 1, "source_fids": "842", "source_ids": "way/1552948008", "source_highways": "service", "source_names": "", "source_adm1": "Bagmati", "source_adm2": "Rasuwa", "source_adm3": "Gosaikunda", "source_adm4": "", "attribute_confidence": "high", "start_degree": 1, "end_degree": 4, "topology_role": "dead_end_link", "dangle_flag": true, "short_dangle_flag": false, "component_id": 128, "component_length_km": 44.04966229965257, "component_segment_count": 97}, "geometry": {"type": "LineString", "coordinates": [[85.37670470000002, 28.2747361], [85.3764732, 28.274598100000002], [85.3764171, 28.274417599999996], [85.3765719, 28.2739596], [85.3765702, 28.273693399999992], [85.3766395, 28.2735039], [85.3766322, 28.273330899999998], [85.3765599, 28.2732015], [85.37658490000001, 28.2730672], [85.376754, 28.272913599999995], [85.3767364, 28.272879799999995], [85.3766956, 28.2728414], [85.3767872, 28.2727594], [85.376804, 28.2727444], [85.37693010000001, 28.272707899999997], [85.3771191, 28.272586199999996], [85.377108, 28.272419900000003], [85.3771499, 28.2722322]]}}, {"type": "Feature", "properties": {"fid": 565, "segment_id": 1010, "length_m": 78.92594542540232, "length_km": 0.07892594542540232, "highway": "service", "name": null, "name_en": null, "name_ne": null, "surface": null, "smoothness": null, "lanes": null, "oneway": null, "bridge": null, "layer": null, "source": null, "adm0_name": "Nepal", "adm1_name": "Bagmati", "adm2_name": "Rasuwa", "adm3_name": "Gosaikunda", "adm4_name": null, "source_feature_count": 1, "source_fids": "1285", "source_ids": "way/1552952268", "source_highways": "service", "source_names": "", "source_adm1": "Bagmati", "source_adm2": "Rasuwa", "source_adm3": "Gosaikunda", "source_adm4": "", "attribute_confidence": "high", "start_degree": 4, "end_degree": 3, "topology_role": "intersection_to_intersection", "dangle_flag": false, "short_dangle_flag": false, "component_id": 128, "component_length_km": 44.04966229965257, "component_segment_count": 97}, "geometry": {"type": "LineString", "coordinates": [[85.3771499, 28.2722322], [85.3772692, 28.27245899999999], [85.3774856, 28.272643699999996], [85.3774898, 28.272839600000005]]}}, {"type": "Feature", "properties": {"fid": 566, "segment_id": 1011, "length_m": 225.2539700019364, "length_km": 0.22525397000193642, "highway": "service", "name": null, "name_en": null, "name_ne": null, "surface": null, "smoothness": null, "lanes": null, "oneway": null, "bridge": null, "layer": null, "source": null, "adm0_name": "Nepal", "adm1_name": "Bagmati", "adm2_name": "Rasuwa", "adm3_name": "Gosaikunda", "adm4_name": null, "source_feature_count": 1, "source_fids": "1285", "source_ids": "way/1552952268", "source_highways": "service", "source_names": "", "source_adm1": "Bagmati", "source_adm2": "Rasuwa", "source_adm3": "Gosaikunda", "source_adm4": "", "attribute_confidence": "high", "start_degree": 3, "end_degree": 4, "topology_role": "intersection_to_intersection", "dangle_flag": false, "short_dangle_flag": false, "component_id": 128, "component_length_km": 44.04966229965257, "component_segment_count": 97}, "geometry": {"type": "LineString", "coordinates": [[85.3772223, 28.271054600000003], [85.3771224, 28.270992899999996], [85.3770331, 28.270956699999996], [85.3768073, 28.2709991], [85.3767108, 28.271059799999996], [85.3766346, 28.271234199999995], [85.37658330000001, 28.271374399999996], [85.376466, 28.2716075], [85.3764845, 28.271696499999997], [85.3765656, 28.2717437], [85.3768608, 28.271891000000004], [85.37712300000001, 28.2720555], [85.3771499, 28.2722322]]}}, {"type": "Feature", "properties": {"fid": 567, "segment_id": 1012, "length_m": 109.5721046976393, "length_km": 0.10957210469763931, "highway": "service", "name": null, "name_en": null, "name_ne": null, "surface": null, "smoothness": null, "lanes": null, "oneway": null, "bridge": null, "layer": null, "source": null, "adm0_name": "Nepal", "adm1_name": "Bagmati", "adm2_name": "Rasuwa", "adm3_name": "Gosaikunda", "adm4_name": null, "source_feature_count": 1, "source_fids": "89", "source_ids": "way/1552948004", "source_highways": "service", "source_names": "", "source_adm1": "Bagmati", "source_adm2": "Rasuwa", "source_adm3": "Gosaikunda", "source_adm4": "", "attribute_confidence": "high", "start_degree": 3, "end_degree": 4, "topology_role": "intersection_to_intersection", "dangle_flag": false, "short_dangle_flag": false, "component_id": 128, "component_length_km": 44.04966229965257, "component_segment_count": 97}, "geometry": {"type": "LineString", "coordinates": [[85.3772548, 28.271258299999996], [85.3772812, 28.271510499999998], [85.377284, 28.271724500000005], [85.377259, 28.271818600000003], [85.377208, 28.271991899999996], [85.3771499, 28.2722322]]}}, {"type": "Feature", "properties": {"fid": 568, "segment_id": 1013, "length_m": 22.796917986624205, "length_km": 0.022796917986624206, "highway": "service", "name": null, "name_en": null, "name_ne": null, "surface": null, "smoothness": null, "lanes": null, "oneway": null, "bridge": null, "layer": null, "source": null, "adm0_name": "Nepal", "adm1_name": "Bagmati", "adm2_name": "Rasuwa", "adm3_name": "Gosaikunda", "adm4_name": null, "source_feature_count": 1, "source_fids": "89", "source_ids": "way/1552948004", "source_highways": "service", "source_names": "", "source_adm1": "Bagmati", "source_adm2": "Rasuwa", "source_adm3": "Gosaikunda", "source_adm4": "", "attribute_confidence": "high", "start_degree": 3, "end_degree": 3, "topology_role": "intersection_to_intersection", "dangle_flag": false, "short_dangle_flag": false, "component_id": 128, "component_length_km": 44.04966229965257, "component_segment_count": 97}, "geometry": {"type": "LineString", "coordinates": [[85.3772223, 28.271054600000003], [85.3772548, 28.271258299999996]]}}, {"type": "Feature", "properties": {"fid": 569, "segment_id": 1014, "length_m": 185.5537652359255, "length_km": 0.1855537652359255, "highway": "service", "name": null, "name_en": null, "name_ne": null, "surface": null, "smoothness": null, "lanes": null, "oneway": null, "bridge": null, "layer": null, "source": null, "adm0_name": "Nepal", "adm1_name": "Bagmati", "adm2_name": "Rasuwa", "adm3_name": "Gosaikunda", "adm4_name": null, "source_feature_count": 1, "source_fids": "903", "source_ids": "way/341571502", "source_highways": "service", "source_names": "", "source_adm1": "Bagmati", "source_adm2": "Rasuwa", "source_adm3": "Gosaikunda", "source_adm4": "", "attribute_confidence": "high", "start_degree": 3, "end_degree": 3, "topology_role": "intersection_to_intersection", "dangle_flag": false, "short_dangle_flag": false, "component_id": 128, "component_length_km": 44.04966229965257, "component_segment_count": 97}, "geometry": {"type": "LineString", "coordinates": [[85.3782732, 28.2703663], [85.3782529, 28.270422000000003], [85.3782114, 28.270468700000002], [85.3781655, 28.270506700000002], [85.3781366, 28.2705565], [85.37814370000001, 28.270705499999995], [85.378159, 28.270937999999997], [85.3781455, 28.271114699999995], [85.3781129, 28.2712348], [85.37790020000001, 28.2712158], [85.3778582, 28.2712185], [85.3774343, 28.271244899999992], [85.3772548, 28.271258299999996]]}}, {"type": "Feature", "properties": {"fid": 570, "segment_id": 1015, "length_m": 117.48227265951371, "length_km": 0.1174822726595137, "highway": "service", "name": null, "name_en": null, "name_ne": null, "surface": null, "smoothness": null, "lanes": null, "oneway": null, "bridge": null, "layer": null, "source": null, "adm0_name": "Nepal", "adm1_name": "Bagmati", "adm2_name": "Rasuwa", "adm3_name": "Gosaikunda", "adm4_name": null, "source_feature_count": 1, "source_fids": "1285", "source_ids": "way/1552952268", "source_highways": "service", "source_names": "", "source_adm1": "Bagmati", "source_adm2": "Rasuwa", "source_adm3": "Gosaikunda", "source_adm4": "", "attribute_confidence": "high", "start_degree": 3, "end_degree": 1, "topology_role": "dead_end_link", "dangle_flag": true, "short_dangle_flag": false, "component_id": 128, "component_length_km": 44.04966229965257, "component_segment_count": 97}, "geometry": {"type": "LineString", "coordinates": [[85.3774898, 28.272839600000005], [85.3773815, 28.273068499999994], [85.3774327, 28.27329429999999], [85.377412, 28.2735014], [85.377322, 28.273866599999998]]}}, {"type": "Feature", "properties": {"fid": 571, "segment_id": 1016, "length_m": 97.81225419021209, "length_km": 0.09781225419021208, "highway": "primary", "name": "Pasang Lhamu Highway", "name_en": "Pasang Lhamu Highway", "name_ne": null, "surface": null, "smoothness": null, "lanes": null, "oneway": "no", "bridge": null, "layer": null, "source": null, "adm0_name": "Nepal", "adm1_name": "Bagmati", "adm2_name": "Rasuwa", "adm3_name": "Gosaikunda", "adm4_name": null, "source_feature_count": 1, "source_fids": "1277", "source_ids": "way/1553115859", "source_highways": "primary", "source_names": "Pasang Lhamu Highway", "source_adm1": "Bagmati", "source_adm2": "Rasuwa", "source_adm3": "Gosaikunda", "source_adm4": "", "attribute_confidence": "high", "start_degree": 3, "end_degree": 3, "topology_role": "intersection_to_intersection", "dangle_flag": false, "short_dangle_flag": false, "component_id": 128, "component_length_km": 44.04966229965257, "component_segment_count": 97}, "geometry": {"type": "LineString", "coordinates": [[85.3774804, 28.269148400000002], [85.3774924, 28.269156999999996], [85.3776643, 28.269230299999993], [85.3776972, 28.269268899999997], [85.3777995, 28.2693892], [85.3779241, 28.2695647], [85.3780651, 28.269810199999995], [85.3780713, 28.269827799999998]]}}, {"type": "Feature", "properties": {"fid": 572, "segment_id": 1017, "length_m": 109.36076550137815, "length_km": 0.10936076550137816, "highway": "service", "name": null, "name_en": null, "name_ne": null, "surface": null, "smoothness": null, "lanes": null, "oneway": null, "bridge": null, "layer": null, "source": null, "adm0_name": "Nepal", "adm1_name": "Bagmati", "adm2_name": "Rasuwa", "adm3_name": "Gosaikunda", "adm4_name": null, "source_feature_count": 1, "source_fids": "1283", "source_ids": "way/1552947997", "source_highways": "service", "source_names": "", "source_adm1": "Bagmati", "source_adm2": "Rasuwa", "source_adm3": "Gosaikunda", "source_adm4": "", "attribute_confidence": "high", "start_degree": 3, "end_degree": 1, "topology_role": "dead_end_link", "dangle_flag": true, "short_dangle_flag": false, "component_id": 128, "component_length_km": 44.04966229965257, "component_segment_count": 97}, "geometry": {"type": "LineString", "coordinates": [[85.3774804, 28.269148400000002], [85.3775921, 28.268992200000003], [85.3775989, 28.2689827], [85.37768600000001, 28.268821], [85.3777375, 28.268771199999996], [85.37774, 28.268677299999997], [85.3777468, 28.268565100000004], [85.37779170000002, 28.268440199999997], [85.3777954, 28.268380199999996], [85.3778002, 28.2683016], [85.3777906, 28.2682342]]}}, {"type": "Feature", "properties": {"fid": 573, "segment_id": 1018, "length_m": 267.1280893079607, "length_km": 0.26712808930796067, "highway": "UNCLASSIFIED_UNKNOWN", "name": null, "name_en": null, "name_ne": null, "surface": null, "smoothness": null, "lanes": null, "oneway": null, "bridge": null, "layer": null, "source": null, "adm0_name": null, "adm1_name": null, "adm2_name": null, "adm3_name": null, "adm4_name": null, "source_feature_count": 1, "source_fids": "1398", "source_ids": "", "source_highways": "UNCLASSIFIED_UNKNOWN", "source_names": "", "source_adm1": "", "source_adm2": "", "source_adm3": "", "source_adm4": "", "attribute_confidence": "high", "start_degree": 1, "end_degree": 3, "topology_role": "dead_end_link", "dangle_flag": true, "short_dangle_flag": false, "component_id": 128, "component_length_km": 44.04966229965257, "component_segment_count": 97}, "geometry": {"type": "LineString", "coordinates": [[85.3783033, 28.271094099999996], [85.3781949, 28.27117319999999], [85.3781818, 28.271248099999998], [85.3782849, 28.271513199999998], [85.3783274, 28.271707699999997], [85.3783258, 28.2719065], [85.3783061, 28.2720736], [85.3783208, 28.272219099999997], [85.3783912, 28.272428], [85.3783045, 28.272628200000003], [85.3781965, 28.272719000000002], [85.37798010499863, 28.27281303103737], [85.37760852001207, 28.272865542678794], [85.3774898, 28.272839600000005]]}}, {"type": "Feature", "properties": {"fid": 574, "segment_id": 1019, "length_m": 156.33138874347574, "length_km": 0.15633138874347574, "highway": "service", "name": null, "name_en": null, "name_ne": null, "surface": null, "smoothness": null, "lanes": null, "oneway": null, "bridge": null, "layer": null, "source": null, "adm0_name": "Nepal", "adm1_name": "Bagmati", "adm2_name": "Rasuwa", "adm3_name": "Gosaikunda", "adm4_name": null, "source_feature_count": 1, "source_fids": "515", "source_ids": "way/1552947999", "source_highways": "service", "source_names": "", "source_adm1": "Bagmati", "source_adm2": "Rasuwa", "source_adm3": "Gosaikunda", "source_adm4": "", "attribute_confidence": "high", "start_degree": 3, "end_degree": 1, "topology_role": "dead_end_link", "dangle_flag": true, "short_dangle_flag": false, "component_id": 128, "component_length_km": 44.04966229965257, "component_segment_count": 97}, "geometry": {"type": "LineString", "coordinates": [[85.3780713, 28.269827799999998], [85.3781945, 28.2699708], [85.378269, 28.2700178], [85.3783368, 28.2701806], [85.3783704, 28.2702359], [85.3784719, 28.2702732], [85.3784724, 28.270392999999995], [85.3785212, 28.270442800000005], [85.378565, 28.270502099999998], [85.3786133, 28.2706198], [85.3786497, 28.270643399999997], [85.37869, 28.270630199999992], [85.3787544, 28.270571199999996], [85.3788611, 28.270543499999995], [85.37894700000001, 28.270592], [85.37894340000001, 28.2706332], [85.3789115, 28.2706676]]}}, {"type": "Feature", "properties": {"fid": 575, "segment_id": 1020, "length_m": 62.90227612918615, "length_km": 0.06290227612918615, "highway": "primary", "name": "Pasang Lhamu Highway", "name_en": "Pasang Lhamu Highway", "name_ne": null, "surface": null, "smoothness": null, "lanes": null, "oneway": "no", "bridge": null, "layer": null, "source": null, "adm0_name": "Nepal", "adm1_name": "Bagmati", "adm2_name": "Rasuwa", "adm3_name": "Gosaikunda", "adm4_name": null, "source_feature_count": 1, "source_fids": "1277", "source_ids": "way/1553115859", "source_highways": "primary", "source_names": "Pasang Lhamu Highway", "source_adm1": "Bagmati", "source_adm2": "Rasuwa", "source_adm3": "Gosaikunda", "source_adm4": "", "attribute_confidence": "high", "start_degree": 3, "end_degree": 3, "topology_role": "intersection_to_intersection", "dangle_flag": false, "short_dangle_flag": false, "component_id": 128, "component_length_km": 44.04966229965257, "component_segment_count": 97}, "geometry": {"type": "LineString", "coordinates": [[85.3780713, 28.269827799999998], [85.378143, 28.2699944], [85.3782732, 28.2703663]]}}, {"type": "Feature", "properties": {"fid": 576, "segment_id": 1021, "length_m": 1111.6026173454566, "length_km": 1.1116026173454565, "highway": "primary", "name": "Pasang Lhamu Highway", "name_en": "Pasang Lhamu Highway", "name_ne": null, "surface": null, "smoothness": null, "lanes": null, "oneway": "no", "bridge": null, "layer": null, "source": null, "adm0_name": "Nepal", "adm1_name": "Bagmati", "adm2_name": "Rasuwa", "adm3_name": "Gosaikunda", "adm4_name": null, "source_feature_count": 1, "source_fids": "1277", "source_ids": "way/1553115859", "source_highways": "primary", "source_names": "Pasang Lhamu Highway", "source_adm1": "Bagmati", "source_adm2": "Rasuwa", "source_adm3": "Gosaikunda", "source_adm4": "", "attribute_confidence": "high", "start_degree": 3, "end_degree": 3, "topology_role": "intersection_to_intersection", "dangle_flag": false, "short_dangle_flag": false, "component_id": 128, "component_length_km": 44.04966229965257, "component_segment_count": 97}, "geometry": {"type": "LineString", "coordinates": [[85.3782732, 28.2703663], [85.3783273, 28.270937599999996], [85.3783521, 28.271058199999995], [85.3783877, 28.2712933], [85.37846360000002, 28.2716162], [85.3785652, 28.272091199999995], [85.3785851, 28.272227000000004], [85.3785967, 28.272357599999996], [85.37860020000001, 28.2724953], [85.3785921, 28.272633099999997], [85.3785699, 28.272797599999993], [85.3785372, 28.272987899999997], [85.378494, 28.2731513], [85.3783516, 28.2735297], [85.3783063, 28.2736643], [85.3782582, 28.2738073], [85.3781951, 28.274039699999992], [85.3781706, 28.274158000000003], [85.3781484, 28.2743173], [85.37814490000001, 28.274467400000002], [85.37814490000001, 28.274617599999996], [85.3781262, 28.274750199999996], [85.3780643, 28.2749661], [85.3779745, 28.27528999999999], [85.3779301, 28.275389699999998], [85.3778507, 28.2756026], [85.37779, 28.275888399999996], [85.3776791, 28.2763912], [85.377673, 28.276441899999995], [85.37768242104376, 28.276581371568085], [85.37782669462736, 28.276826009383793], [85.37796155906423, 28.277089465493017], [85.37800546841576, 28.27721805716537], [85.37804624138505, 28.277324694161962], [85.37799919565126, 28.277415649247292], [85.3781309237059, 28.277585013888928], [85.37826265176051, 28.277999016346286], [85.37822815155573, 28.2782499269265], [85.37802742309157, 28.278808202967486], [85.37790196780146, 28.279131250339503], [85.37825010623149, 28.27935706986171], [85.37836928875711, 28.279441752182525], [85.37814974199938, 28.27984320911087]]}}, {"type": "Feature", "properties": {"fid": 577, "segment_id": 1022, "length_m": 376.780919147724, "length_km": 0.376780919147724, "highway": "primary", "name": "Pasang Lhamu Highway", "name_en": "Pasang Lhamu Highway", "name_ne": null, "surface": null, "smoothness": null, "lanes": null, "oneway": "no", "bridge": null, "layer": null, "source": null, "adm0_name": "Nepal", "adm1_name": "Bagmati", "adm2_name": "Rasuwa", "adm3_name": "Gosaikunda", "adm4_name": null, "source_feature_count": 1, "source_fids": "1432", "source_ids": "way/1553115859", "source_highways": "primary", "source_names": "Pasang Lhamu Highway", "source_adm1": "Bagmati", "source_adm2": "Rasuwa", "source_adm3": "Gosaikunda", "source_adm4": "", "attribute_confidence": "high", "start_degree": 3, "end_degree": 1, "topology_role": "dead_end_link", "dangle_flag": true, "short_dangle_flag": false, "component_id": 128, "component_length_km": 44.04966229965257, "component_segment_count": 97}, "geometry": {"type": "LineString", "coordinates": [[85.37814974199938, 28.27984320911087], [85.37811210541234, 28.279981209929982], [85.3781371964704, 28.280062755868546], [85.37894638309156, 28.280288575390745], [85.3792349302588, 28.28041403068086], [85.37984338841582, 28.280809214844698], [85.38033266404724, 28.281104034776448], [85.38075921203362, 28.28119185347952], [85.38094739496877, 28.281242035595564], [85.38119830554898, 28.281555673820836]]}}]}